context_type,period,feature,feature_family,bucket,lower,upper,observations,evaluable_observations,unique_dates,unique_months,unique_stocks,path_success_rate,downside_first_rate,timeout_rate,plus10_before_minus5_rate,plus15_before_minus5_rate,day1_return,day3_return,day5_return,day10_return,mfe5_mean,mfe10_mean,mae5_mean,mae10_mean,mfe_abs_mae,gross_mean,net_mean,median_net,gross_profit_factor,net_profit_factor,top1_positive_winners_removed,top1_removed_net_mean,top1_removed_net_pf,top1_removed_gross_mean,top1_removed_gross_pf,top5_positive_winners_removed,top5_removed_net_mean,top5_removed_net_pf,top5_removed_gross_mean,top5_removed_gross_pf,removed_best_signal_date,remove_best_signal_date_net_mean,remove_best_signal_date_net_pf,removed_best_calendar_month,remove_best_calendar_month_net_mean,remove_best_calendar_month_net_pf
DYNAMIC_MARKET_PEERS,HISTORICAL_DISCOVERY,peer_return_1d,RETURN_RS,1,,-0.016561060204576216,4410,4387,402,36,556,0.37975837702302256,0.5381809892865284,0.08206063369044905,0.326191018919535,0.2229313881923866,-0.002555563672345276,-0.0010077415605391573,0.009199214984122532,0.022460938113558558,0.05764686905245481,0.10733070959578364,-0.05301066934307429,-0.08260985422064607,1.299248262914369,0.002267858094156989,-0.0035322731262402937,-0.05769022534680298,1.0533028275056644,0.9225765124990969,19,-0.00432103032015988,0.9056980307776376,0.001474544198388436,1.0345069966080696,93,-0.007276127508044384,0.8438963134118146,-0.001497777924969393,0.965543100018223,20210524,-0.0036154746209753276,0.9207889567102946,202004,-0.004438238125132972,0.9036545377128766
DYNAMIC_MARKET_PEERS,HISTORICAL_DISCOVERY,peer_return_1d,RETURN_RS,2,-0.016561060204576216,-0.002987012519971854,4410,4385,590,36,573,0.322690992018244,0.5815279361459521,0.09578107183580388,0.26727480045610036,0.1790193842645382,-0.004760871530021512,-0.004530423831761942,0.0007788308540414816,0.005317095971371418,0.04802800729333258,0.08854972246680841,-0.05054568095585801,-0.08100458592252216,1.0931445603771481,-0.006063240050908209,-0.011814769567171838,-0.059721527567922955,0.8636280696417704,0.7528894122672734,17,-0.012549446884664828,0.7385409283997252,-0.006802151264775612,0.8476019034662902,82,-0.01529859559417976,0.6860074014931754,-0.009567313027837263,0.7888398522343507,20220714,-0.011857416690098342,0.7520539878183845,202004,-0.012623253849790883,0.7380708779200581
DYNAMIC_MARKET_PEERS,HISTORICAL_DISCOVERY,peer_return_1d,RETURN_RS,3,-0.002987012519971854,0.006049663584463482,4410,4384,636,36,587,0.3403284671532847,0.5533759124087592,0.1062956204379562,0.2908302919708029,0.20027372262773724,-0.0014490599497572398,0.0028834919003137144,0.00546773148894412,0.01170434962217383,0.05498174578972792,0.09468847193683043,-0.04778365802549109,-0.07607827732122008,1.2446190328026725,-0.0017771442590855013,-0.007553622212602779,-0.05827876180496781,0.9578170347671767,0.8335813716955859,18,-0.008319953849733223,0.8174504439816581,-0.0025478898059347805,0.9397706398879154,86,-0.011082349026490438,0.7606274384801706,-0.0053264140596601455,0.876050376498282,20210618,-0.007591115100361403,0.8327934910454293,202103,-0.009614882612157715,0.7922265368773688
DYNAMIC_MARKET_PEERS,HISTORICAL_DISCOVERY,peer_return_1d,RETURN_RS,4,0.006049663584463482,0.017901246737426303,4410,4391,606,36,599,0.34775677522204507,0.5499886130721932,0.10225461170576179,0.29332726030516965,0.19653837394670917,-0.0023661240821277224,0.003192228402304418,0.005212431206462667,0.013910062752974331,0.05334030620050841,0.09575990545467317,-0.048009410783502425,-0.07611845793881666,1.2580379062808147,-0.0005420478199298995,-0.006325514785686986,-0.058416016063055964,0.9870585840056553,0.859726417305124,18,-0.007084466052072003,0.8435400533173247,-0.0013053917364995228,0.9689614735563868,88,-0.009956953884376262,0.7836213440582656,-0.004194590721165459,0.9018609846487621,20200210,-0.006363705598322265,0.8589116426600901,202103,-0.008504011017455345,0.8148614043442857
DYNAMIC_MARKET_PEERS,HISTORICAL_DISCOVERY,peer_return_1d,RETURN_RS,5,0.017901246737426303,,4410,4390,529,36,607,0.36560364464692485,0.5596810933940775,0.07471526195899772,0.32164009111617314,0.22938496583143508,-0.006804540095849906,0.003120066102137516,0.005432844799092312,0.020024384068038487,0.05933432638008611,0.1073323231450623,-0.05632930139435238,-0.083870035530201,1.2797457693506364,-0.0004829039099024566,-0.006266767557664283,-0.05867548335310126,0.9889098926930049,0.86583864025581,18,-0.007024603849606001,0.8502312051376487,-0.0012451344687317836,0.9715221685403186,90,-0.009967363555146127,0.7909895023155681,-0.0042050314482490496,0.9054093499457999,20220531,-0.006309168495621876,0.8649616721861675,202211,-0.007386983822682356,0.8439038566632432
DYNAMIC_MARKET_PEERS,RETROSPECTIVE_CONFIRMATION_NOT_BLIND_OOS,peer_return_1d,RETURN_RS,1,,-0.016561060204576216,2202,2197,252,24,436,0.3668639053254438,0.519344560764679,0.1137915339098771,0.3054164770141102,0.20619025944469732,-0.003913980514873785,0.00659222454489403,0.009280373222379143,0.018855068467835367,0.05527557807520133,0.09578759862061417,-0.046120421776593735,-0.07137244565375708,1.342080935341633,0.0035329158206367714,-0.0022747183391540002,-0.056323920531713444,1.0896118868199356,0.9464802558340715,10,-0.003097265438728914,0.927458997637311,0.002705606159201367,1.0683149314944922,47,-0.006013341313122616,0.8615443580504665,-0.00022752227522102668,0.9943523905383169,20240130,-0.0023543067210416058,0.9446329071008361,202301,-0.0025883567121548433,0.9393281338647421
DYNAMIC_MARKET_PEERS,RETROSPECTIVE_CONFIRMATION_NOT_BLIND_OOS,peer_return_1d,RETURN_RS,2,-0.016561060204576216,-0.002987012519971854,3651,3635,417,24,510,0.35433287482806053,0.5372764786795048,0.10839064649243467,0.2940852819807428,0.1903713892709766,-0.0018848919733836633,0.0030050578538971797,0.007565381109392538,0.01421824146263016,0.05097040929050664,0.09001123556509334,-0.042790484553174996,-0.06938782440731267,1.2972194521724651,0.0020252483169696414,-0.0037730638553383987,-0.05694895387211486,1.0510460538870565,0.9119142647472107,15,-0.004522381518793757,0.8948564148184751,0.001271585862492194,1.0319178581859871,75,-0.007393667347864447,0.8309493214221527,-0.001616508554588249,0.9600968220725232,20230925,-0.0038197469386178173,0.9108489366152669,202402,-0.004563599187896491,0.8940601765300578
DYNAMIC_MARKET_PEERS,RETROSPECTIVE_CONFIRMATION_NOT_BLIND_OOS,peer_return_1d,RETURN_RS,3,-0.002987012519971854,0.006049663584463482,3184,3174,439,24,508,0.3449905482041588,0.5324511657214871,0.12255828607435412,0.28796471329552614,0.1890359168241966,-0.0032766077877039424,-0.0005691245818913656,0.0031033039075320434,0.009733104145989272,0.0480159607239813,0.08570652651080385,-0.04598438767925441,-0.07140256623257846,1.2003283779974143,0.0006669032147067748,-0.00512346301599111,-0.057152032822692045,1.016705049693894,0.8811889755820531,13,-0.005874237555822306,0.864336750969973,-8.820578158402508e-05,0.9977996103827608,65,-0.008766457965169044,0.8008725697149229,-0.002997330779153734,0.9264583390796195,20240726,-0.005211513838230563,0.8792232645987899,202304,-0.00662415153908874,0.8484843790222968
DYNAMIC_MARKET_PEERS,RETROSPECTIVE_CONFIRMATION_NOT_BLIND_OOS,peer_return_1d,RETURN_RS,4,0.006049663584463482,0.017901246737426303,2912,2904,414,24,527,0.33953168044077137,0.5392561983471075,0.12121212121212122,0.2868457300275482,0.1856060606060606,-0.0033675048241062957,-0.000896009933071042,0.0021087717857528757,0.010541030448600722,0.046851162933785814,0.08398318924696904,-0.04533939391124849,-0.06982814797671674,1.2027125404352998,-6.218319742795769e-05,-0.005848275979609995,-0.057029132679353056,0.9984513498562027,0.8651656503742915,12,-0.00660336844383922,0.8483857951768671,-0.000821667841956425,0.979621217489031,58,-0.00937898445955859,0.7880825175827791,-0.0036135135079262285,0.9118041329829795,20230612,-0.005907691689300133,0.863842699617476,202305,-0.007588529704399401,0.8279672623262093
DYNAMIC_MARKET_PEERS,RETROSPECTIVE_CONFIRMATION_NOT_BLIND_OOS,peer_return_1d,RETURN_RS,5,0.017901246737426303,,2481,2468,355,24,522,0.3488654781199352,0.5717179902755267,0.07941653160453808,0.2953808752025932,0.21231766612641814,-0.005335699077389869,-0.005150918774661784,-0.0011659414019709472,0.006218247858076915,0.04880991638114969,0.08677665394782709,-0.05315154717781062,-0.07940055429900149,1.0928973319386306,-0.0028504611863807454,-0.008620895763989224,-0.05907652544110764,0.9349101245294792,0.8168530380385858,10,-0.009384494102525988,0.8014385599386659,-0.0036184781891228034,0.917707360702712,48,-0.012176646112475577,0.7463439530591658,-0.006426953389797346,0.8560957336229794,20240906,-0.008691507182957017,0.8154277474264331,202401,-0.009521184917249377,0.7992771672417769
DYNAMIC_MARKET_PEERS,STRESS_PREVALENCE_SEEN_NOT_BLIND,peer_return_1d,RETURN_RS,1,,-0.016561060204576216,1311,1311,129,12,247,0.37299771167048057,0.5507246376811594,0.07627765064836003,0.3173150266971777,0.2120518688024409,-0.001458357950110262,0.003834811341932513,0.008312353481476634,0.011584487650533866,0.058514279521123556,0.09904963218497075,-0.05266654257296695,-0.08200473055842404,1.207852663016838,-0.0002055647259051775,-0.005991630760866195,-0.058735810666979395,0.9951849547992634,0.8693700380425778,6,-0.006867498894784547,0.8509595418906488,-0.0010864975844110012,0.9746668986877577,27,-0.009750700095485435,0.7917927300747513,-0.00398651053250318,0.9085450908259626,20250808,-0.006130084875984565,0.8664533955049558,202512,-0.0089672768533907,0.8107968118586907
DYNAMIC_MARKET_PEERS,STRESS_PREVALENCE_SEEN_NOT_BLIND,peer_return_1d,RETURN_RS,2,-0.016561060204576216,-0.002987012519971854,1493,1490,194,12,289,0.33288590604026846,0.5704697986577181,0.09664429530201342,0.2785234899328859,0.187248322147651,-0.0029490128608407632,-0.0027809286300819218,0.0017637560076743256,0.00977587997274817,0.04566543827511461,0.08658488030450143,-0.04791338712789872,-0.0760474251557318,1.1385642594366707,-0.002937996594457644,-0.008707358550633443,-0.05877878569037062,0.9299545305364877,0.8077925627520429,6,-0.009455050800355073,0.7921283520007749,-0.0036900092701644925,0.9123798782944303,29,-0.012206675125474117,0.7357925291555188,-0.006457724932175821,0.8490363971217392,20251015,-0.008820110178250974,0.8054343364050046,202508,-0.011561900178375464,0.7506721317255698
DYNAMIC_MARKET_PEERS,STRESS_PREVALENCE_SEEN_NOT_BLIND,peer_return_1d,RETURN_RS,3,-0.002987012519971854,0.006049663584463482,1377,1375,200,12,278,0.3250909090909091,0.584,0.09090909090909091,0.26836363636363636,0.17745454545454545,-0.005727101097305089,-0.004823641735485337,-0.0007478515059994403,0.008189771775688954,0.044020214904212984,0.08620197763271235,-0.050518137001248804,-0.08008198941080619,1.0764215308202663,-0.005263459563977365,-0.011018877103697108,-0.05921689905637954,0.8771028641152936,0.7616668016439733,6,-0.011851803589867264,0.7447696021435757,-0.00610120474167177,0.8581638873181248,26,-0.014562069418168174,0.6909850076924587,-0.008827275140722178,0.797788250836431,20250825,-0.011111800653459233,0.7598317033602461,202512,-0.01583641790536698,0.6713899434492564
DYNAMIC_MARKET_PEERS,STRESS_PREVALENCE_SEEN_NOT_BLIND,peer_return_1d,RETURN_RS,4,0.006049663584463482,0.017901246737426303,1374,1372,197,12,288,0.3010204081632653,0.5991253644314869,0.09985422740524781,0.2478134110787172,0.16034985422740525,-0.006433872510516734,-0.006018745256789719,-0.0057076932409445376,0.0021163672505908715,0.04257349391139136,0.07812420805262958,-0.051539945379305285,-0.07932677922300566,0.9848402874520422,-0.008329009235879734,-0.014067365529703793,-0.05991996911831661,0.8097761261567951,0.7023366682009899,5,-0.014767818537722723,0.6886539812975917,-0.009033499814554974,0.7944383376095601,25,-0.01748331797427502,0.6367965987937729,-0.011764846221106991,0.7362020494183551,20251017,-0.014206680320416488,0.6996078926342879,202507,-0.01696442728468256,0.6510679222761231
DYNAMIC_MARKET_PEERS,STRESS_PREVALENCE_SEEN_NOT_BLIND,peer_return_1d,RETURN_RS,5,0.017901246737426303,,1285,1283,172,12,277,0.36788776305533905,0.5300077942322681,0.10210444271239283,0.3078721745908028,0.21434138737334374,-0.0022905949348071917,0.005346220328892673,0.004186435682387806,0.026765617642210696,0.056960182358016,0.09933233560517132,-0.04829437922356669,-0.07178580300102108,1.38373231826575,0.0031664341562568756,-0.0026388441427390107,-0.056944888300601994,1.0789597102551114,0.9388984981929556,6,-0.0034893783597184378,0.919582522038114,0.002311003699420878,1.0573587879905766,28,-0.006524739390616771,0.8522190739086901,-0.0007419775971455833,0.9819014848163476,20251002,-0.0027573112795450687,0.9362051955230559,202512,-0.0062414627717934145,0.8604197674419191
DYNAMIC_MARKET_PEERS,HISTORICAL_DISCOVERY,peer_return_3d,RETURN_RS,1,,-0.02717999728650014,4410,4387,418,36,519,0.36699338956006383,0.5493503533166173,0.0836562571233189,0.311374515614315,0.20811488488716662,-0.004256239051148161,0.0001874365597498079,0.006693504290001685,0.015731339393105337,0.05590424326447422,0.10182980496443554,-0.05336098931741334,-0.08628830760168528,1.1801112780481364,-0.0005963168761967573,-0.006379780582862606,-0.058249183035299745,0.9862892750460419,0.8631543473655086,19,-0.007177387260271584,0.8467125366480005,-0.0013985353237837988,0.9679836548094953,91,-0.01006929190343183,0.788494905834178,-0.004307301133926501,0.9030193273483148,20201210,-0.0064202122483458055,0.862318483337045,202103,-0.007175474589987341,0.8471185841899135
DYNAMIC_MARKET_PEERS,HISTORICAL_DISCOVERY,peer_return_3d,RETURN_RS,2,-0.02717999728650014,-0.004412085037927502,4410,4394,579,36,580,0.33887118798361404,0.5593991807009558,0.10172963131543013,0.28060992262175694,0.18775603095129723,-0.0033064732185751912,0.00036577237032935534,0.00561822369972321,0.013970919913031956,0.05158525062872132,0.09618226619834777,-0.047827193595923995,-0.07773521273157155,1.2373062711036242,-0.0019924262902011377,-0.007767346245692381,-0.058560529336323386,0.9528890786453471,0.8294554909028378,18,-0.008529055008798218,0.8134981035527398,-0.0027585420697454188,0.9350414672652405,87,-0.011358054495617682,0.7555534887457512,-0.005604016521593519,0.8701166264284037,20200511,-0.007883404885036815,0.827025416809577,202004,-0.009018386047917902,0.8045998955414123
DYNAMIC_MARKET_PEERS,HISTORICAL_DISCOVERY,peer_return_3d,RETURN_RS,3,-0.004412085037927502,0.01302484522349869,4410,4373,634,36,589,0.3393551337754402,0.5620855248113423,0.09855934141321747,0.28630230962725817,0.19871941458952663,-0.004113861591134849,0.0007121594135834482,0.0039414799836144515,0.011606089673922942,0.052222277233950794,0.09311909187762754,-0.0495782570600335,-0.07770084967014362,1.198430805749713,-0.00217315691387418,-0.007947352136133993,-0.059046672960682646,0.9493442755060454,0.827831650401029,18,-0.008714270720516051,0.8119944847745841,-0.0029444979436423963,0.9316470311344645,86,-0.011527769718403635,0.7551781595594732,-0.0057743924519506684,0.8680474618479906,20211129,-0.007988625859926803,0.8269770877127314,202004,-0.008947941892548963,0.808324888809354
DYNAMIC_MARKET_PEERS,HISTORICAL_DISCOVERY,peer_return_3d,RETURN_RS,4,0.01302484522349869,0.03512389406261891,4410,4390,604,36,588,0.34191343963553533,0.5567198177676538,0.10136674259681093,0.29749430523917997,0.20455580865603645,-0.0025838400183703586,0.00262484870513934,0.005976661874981557,0.014169927671303845,0.05463513391132192,0.09634513303290902,-0.04840920178999122,-0.07570228073582817,1.2726846813125283,-0.0012526826937829907,-0.007032130189498577,-0.058205884306276046,0.9702721203822813,0.8450791594851187,18,-0.007793486593637999,0.829010135638346,-0.0020184319711600827,0.9522962406181382,87,-0.010631802968250195,0.7704186065718742,-0.004873286225094588,0.8866421496268534,20220120,-0.007073253520406847,0.8442086907440802,202103,-0.009014082761602765,0.8046599678283369
DYNAMIC_MARKET_PEERS,HISTORICAL_DISCOVERY,peer_return_3d,RETURN_RS,5,0.03512389406261891,,4410,4393,519,36,591,0.3689961302071477,0.5552014568631914,0.07580241292966082,0.3234691554746187,0.229000682904621,-0.003680446555059813,-0.00022725336865363034,0.0038598048069895478,0.017935028694001803,0.05898038122306861,0.10617302654066951,-0.056501176252504656,-0.08225202687695118,1.290825655877199,-0.0005818436769138387,-0.006365293033282437,-0.05875631308280221,0.9866981111267944,0.8643124332070744,18,-0.007126431613776726,0.8487098585434376,-0.0013473897708343365,0.969322702622234,90,-0.01008111144790607,0.7895057622077846,-0.004319270673347519,0.9032774896647883,20210326,-0.006403272128030626,0.8635339126203665,202211,-0.00804462840855533,0.8317786837124662
DYNAMIC_MARKET_PEERS,RETROSPECTIVE_CONFIRMATION_NOT_BLIND_OOS,peer_return_3d,RETURN_RS,1,,-0.02717999728650014,2243,2237,260,24,408,0.4005364327223961,0.49843540455967816,0.10102816271792579,0.3294590970049173,0.21904336164506036,0.0021124535051493813,0.010626904442830246,0.017166644515363927,0.025251611015767565,0.06249572089540186,0.10300660713261647,-0.041384729238874124,-0.06712472267892233,1.5345554219319155,0.007888946283718383,0.0020561803415302844,-0.05169835574782198,1.2064630515599908,1.0499590106680374,11,0.001190586012291852,1.028785420537947,0.007018339668851481,1.1827750460708297,51,-0.0018413430455145384,0.9562808704818021,0.003968725332970544,1.101498251305208,20240222,0.001987975479789623,1.048280245006451,202301,0.0017249332816226324,1.0417902822943523
DYNAMIC_MARKET_PEERS,RETROSPECTIVE_CONFIRMATION_NOT_BLIND_OOS,peer_return_3d,RETURN_RS,2,-0.02717999728650014,-0.004412085037927502,3069,3059,404,24,491,0.36678653154625696,0.5165086629617522,0.11670480549199085,0.30892448512585813,0.20889179470415167,-0.0032625226237639926,0.003799579903349308,0.008825894192823118,0.012430907985504412,0.051941779087859186,0.0899583768006239,-0.04302340066513589,-0.06990752891861082,1.2868195771210433,0.004669098765061892,-0.0011446588823547888,-0.05596860943897789,1.1204536188353014,0.9726407227862355,14,-0.001968088248040133,0.9531746615349088,0.0038408942573142646,1.0986340719050087,66,-0.004880364024320284,0.8858678511551877,0.0009115810486779457,1.0230096132632616,20230406,-0.0012502688976571588,0.9701360034661886,202301,-0.002165626501878141,0.9489651836012482
DYNAMIC_MARKET_PEERS,RETROSPECTIVE_CONFIRMATION_NOT_BLIND_OOS,peer_return_3d,RETURN_RS,3,-0.004412085037927502,0.01302484522349869,3297,3282,446,24,503,0.3324192565508836,0.5435709932967703,0.12400975015234612,0.27787934186471663,0.18616697135892749,-0.0035103017336319446,-0.0001821382628235072,0.002335558587402273,0.009829735335943215,0.04743286582949576,0.084962040237002,-0.045593676523766405,-0.0707568857376851,1.2007600299422343,-0.0003656094422575052,-0.00615018640109343,-0.05766686228773541,0.9909271229692176,0.8586943773159468,14,-0.006936097940312572,0.8413172009261866,-0.0011560687459078053,0.9714336500094117,66,-0.009761555813003754,0.7802303737301048,-0.003998040863697945,0.9027807394655231,20241004,-0.0062007966150969115,0.8575749747916779,202302,-0.007649639197039251,0.8276967756782474
DYNAMIC_MARKET_PEERS,RETROSPECTIVE_CONFIRMATION_NOT_BLIND_OOS,peer_return_3d,RETURN_RS,4,0.01302484522349869,0.03512389406261891,3068,3055,435,24,515,0.3250409165302782,0.5597381342062193,0.11522094926350246,0.26873977086743045,0.17250409165302782,-0.004398179653317353,-0.005043684206879066,-0.003757002197736344,0.005956294074483272,0.04238334897554838,0.08097214714575976,-0.04889022697724218,-0.07471446453086582,1.0837546337805686,-0.0034098541188919136,-0.009176336560279162,-0.05781458628072411,0.9173268527116668,0.7940545106053415,12,-0.00990374695387709,0.7786022393502218,-0.004141504600698418,0.8999821400772594,59,-0.01264205996276406,0.7217524230567965,-0.006895885210809296,0.8360357035525583,20230426,-0.00923857975322288,0.7927254499195661,202305,-0.011045187338497452,0.757439600168941
DYNAMIC_MARKET_PEERS,RETROSPECTIVE_CONFIRMATION_NOT_BLIND_OOS,peer_return_3d,RETURN_RS,5,0.03512389406261891,,2753,2745,385,24,505,0.34025500910746814,0.5726775956284152,0.08706739526411658,0.29180327868852457,0.1970856102003643,-0.006771053777436457,-0.004044971334328907,-0.00021948957960186998,0.009102689506846316,0.04801113525793678,0.0859369376078041,-0.05190664157833699,-0.07647407506402684,1.123739483424345,-0.0037480820240488022,-0.009513232441232597,-0.0593069753600929,0.9142082517197087,0.7976617803014961,11,-0.010268777721975993,0.7824672095246731,-0.00450799811596415,0.8972276425277834,53,-0.013048054843005518,0.7278374931652882,-0.007303490964960142,0.8360544494039214,20230214,-0.009578399367566935,0.7963499526741632,202402,-0.012016211393608058,0.7492358008046096
DYNAMIC_MARKET_PEERS,STRESS_PREVALENCE_SEEN_NOT_BLIND,peer_return_3d,RETURN_RS,1,,-0.02717999728650014,1252,1252,132,12,235,0.38338658146964855,0.542332268370607,0.0742811501597444,0.33386581469648563,0.22284345047923323,-0.0005856281953702439,0.006609153345714036,0.014647181893363493,0.016839542119085935,0.06354019057033464,0.1032982534132365,-0.051615368023398264,-0.0785892341410976,1.3144071772957706,0.0009507263013155063,-0.004841806585888226,-0.05807252265751996,1.0221727842428252,0.8947846334023986,6,-0.005754224779697069,0.8755564842347804,3.301312200669167e-05,1.000766240375976,26,-0.008616478922410744,0.8166471321652149,-0.0028459215063507256,0.935005922889324,20250411,-0.0052016276487593235,0.8872363549141614,202512,-0.006617586088747701,0.8591909270639463
DYNAMIC_MARKET_PEERS,STRESS_PREVALENCE_SEEN_NOT_BLIND,peer_return_3d,RETURN_RS,2,-0.02717999728650014,-0.004412085037927502,1561,1558,200,12,269,0.32798459563543003,0.5866495507060334,0.08536585365853659,0.2740693196405648,0.18292682926829268,-0.005143242135552078,-0.003450624557294349,7.266369151276923e-05,0.0032779569721473733,0.046417006164054156,0.08498612985502901,-0.050583230982978886,-0.08230365338474023,1.0325924349645714,-0.004238136291721311,-0.009999976358078618,-0.059266769148445926,0.9005675934410119,0.7825863756434696,6,-0.010725369964495036,0.7677133086114869,-0.0049677026852384225,0.883899820513997,30,-0.013569061247204372,0.7106699871311568,-0.007827996921031453,0.8198809784910844,20251113,-0.010113782595542853,0.7802532018826788,202512,-0.01416318302399117,0.7025974555309606
DYNAMIC_MARKET_PEERS,STRESS_PREVALENCE_SEEN_NOT_BLIND,peer_return_3d,RETURN_RS,3,-0.004412085037927502,0.01302484522349869,1347,1344,207,12,287,0.32663690476190477,0.5617559523809523,0.11160714285714286,0.2663690476190476,0.18154761904761904,-0.005236798893634096,-0.004008229407036697,-0.002135169431576425,0.006862580679981792,0.04391367257761604,0.08369693169478254,-0.04930189901115615,-0.07790286179560758,1.0743755719061612,-0.003994831954698523,-0.009757974351938627,-0.05807539274235212,0.904509520473128,0.7841125363258035,6,-0.010604429237737484,0.7664327781946197,-0.004846180689894304,0.8846764489882565,26,-0.013287786670224561,0.7117053782929421,-0.007545229964366078,0.8231316267366436,20250722,-0.00997050367803144,0.7797387512981208,202508,-0.012779436421362035,0.7251414793360978
DYNAMIC_MARKET_PEERS,STRESS_PREVALENCE_SEEN_NOT_BLIND,peer_return_3d,RETURN_RS,4,0.01302484522349869,0.03512389406261891,1288,1286,190,12,283,0.31493001555209954,0.5863141524105754,0.09875583203732503,0.2643856920684292,0.17107309486780714,-0.0065106437400205205,-0.0058622720897555155,-0.005372050011391163,0.009324799935803015,0.04036017068427496,0.08074337742574844,-0.05084907883637085,-0.07631956423660528,1.057964340250011,-0.00501654589190976,-0.01077406434667358,-0.059426460996979444,0.8824014724594007,0.7659444808228965,5,-0.011509375656211428,0.750942715863632,-0.005756087751193751,0.8655896655831403,24,-0.01422186866708344,0.6968103500172662,-0.008484406940090576,0.8048192550602216,20250912,-0.010913190204550359,0.7631064669192341,202507,-0.01398027745972651,0.7062632415721625
DYNAMIC_MARKET_PEERS,STRESS_PREVALENCE_SEEN_NOT_BLIND,peer_return_3d,RETURN_RS,5,0.03512389406261891,,1392,1391,171,12,268,0.3465132997843278,0.5571531272465852,0.09633357296908698,0.2818116462976276,0.19266714593817397,-0.0012864726954163004,0.002070585273707021,0.000980647137058804,0.02218047384366972,0.05318410995343003,0.09630524483682124,-0.0485182845602777,-0.07361459960360617,1.3082356673186812,-0.0014494562571217213,-0.007227851500477648,-0.05847111141489628,0.9650597840061923,0.8384434960403534,6,-0.008026729760590576,0.8213609047815271,-0.0022529298162180054,0.9459257159435606,28,-0.01087116485958674,0.7618996504269306,-0.005113910483432694,0.8792068464732249,20250410,-0.0074925632478348245,0.8327674704923047,202512,-0.011038905688320139,0.7621984838612613
DYNAMIC_MARKET_PEERS,HISTORICAL_DISCOVERY,peer_return_5d,RETURN_RS,1,,-0.03450820977625868,4410,4390,428,35,501,0.3706150341685649,0.54624145785877,0.08314350797266515,0.3132118451025057,0.214123006833713,-0.002732071646189944,0.0024930567121437476,0.008310772772128697,0.019185890761560465,0.05735668737630832,0.10343189513850286,-0.05185473310273064,-0.08367260476747308,1.2361500568309187,-0.00019603011312097125,-0.005981868383467808,-0.0582144591751094,0.9954563904413068,0.8707148026408656,19,-0.006778207169438058,0.85413769431805,-0.0009969763143558802,0.9769919749819543,91,-0.009661034884063283,0.7955257967175932,-0.0038966320904363716,0.9115555589398351,20200617,-0.0060235155047467515,0.8698443448099951,202103,-0.006660697916464408,0.8568298904761618
DYNAMIC_MARKET_PEERS,HISTORICAL_DISCOVERY,peer_return_5d,RETURN_RS,2,-0.03450820977625868,-0.005045392547373037,4410,4379,587,36,561,0.3455126741265129,0.5574332039278374,0.09705412194564969,0.2913907284768212,0.19456496917104363,-0.002943304002968967,-0.0001574316643104727,0.003899787786714101,0.01242677630060784,0.05257922746463835,0.09670932135366672,-0.04980083563596758,-0.08014170529319167,1.206729018304063,-0.0010205986197974063,-0.006801220812412279,-0.05845209199953364,0.9759163949488732,0.8508406538531953,18,-0.00756102429842757,0.8348588247436406,-0.0017847874058495113,0.9580565495926873,88,-0.01043268435737001,0.7757960637414714,-0.004673137927601736,0.8919415612101743,20211103,-0.006841287696117459,0.849996199672812,202004,-0.007282513763016288,0.8411866289569402
DYNAMIC_MARKET_PEERS,HISTORICAL_DISCOVERY,peer_return_5d,RETURN_RS,3,-0.005045392547373037,0.018478142285275244,4410,4386,629,36,585,0.33606931144550845,0.5656634746922025,0.09826721386228911,0.27884176926584586,0.1883264933880529,-0.0027670086436865945,0.00028998299589208244,0.0034118482016353502,0.007602997718600917,0.051895811286770996,0.09246420143141262,-0.04912654984731679,-0.0789669990556574,1.1709220628511177,-0.0033593724345875467,-0.009126557099010427,-0.05885742502497622,0.9220417988734275,0.8032234653966962,17,-0.009853466464394776,0.7883741122347099,-0.004090477968092858,0.9054435562300208,85,-0.012676620589196465,0.731977878740564,-0.0069300675992736305,0.8422962787838878,20211004,-0.009163487254815729,0.8024722652471287,202004,-0.010308262711456294,0.780649278909286
DYNAMIC_MARKET_PEERS,HISTORICAL_DISCOVERY,peer_return_5d,RETURN_RS,4,0.018478142285275244,0.04987105279077218,4410,4391,628,36,592,0.343202004099294,0.5554543384194944,0.10134365748121157,0.29537690731040767,0.2024595764062856,-0.003317443139021972,0.00046309665339239366,0.0026660237324263587,0.015102275902843566,0.05198067776074762,0.09404266171543142,-0.05016861632762108,-0.0758440249627839,1.239948193171149,-0.0013389832014747158,-0.007117956561296064,-0.058298377462528334,0.9684990497788796,0.8444103887636883,18,-0.007878702920844166,0.8284874011676963,-0.002104120736251228,0.9507013277665552,87,-0.010688619991947689,0.7709893259846476,-0.004930442498795629,0.8863045068684391,20220705,-0.007158239765270645,0.8435654826882922,202103,-0.008991408053087093,0.806540935927292
DYNAMIC_MARKET_PEERS,HISTORICAL_DISCOVERY,peer_return_5d,RETURN_RS,5,0.04987105279077218,,4410,4391,525,36,559,0.3607378729218857,0.5579594625370076,0.08130266454110681,0.3204281484855386,0.2286495103621043,-0.006175455405245472,0.0005711852270991024,0.007799658110753468,0.019094931984165897,0.05951539475989413,0.10701202630531687,-0.054725472684813974,-0.08105754461890194,1.3201982222437387,-0.0006799905373059031,-0.006462855090212988,-0.05893208226529748,0.984347931670141,0.8614078941322528,18,-0.007225760902916911,0.8456830245936099,-0.0014473108357399346,0.966822266079161,89,-0.010161861416774436,0.7865017535525416,-0.004400518540752028,0.900761614509027,20210909,-0.006503344348386365,0.8605713864366004,202003,-0.00793676469160472,0.832038214340902
DYNAMIC_MARKET_PEERS,RETROSPECTIVE_CONFIRMATION_NOT_BLIND_OOS,peer_return_5d,RETURN_RS,1,,-0.03450820977625868,2064,2061,256,24,385,0.40465793304221254,0.4949053857350801,0.10043668122270742,0.3284813197476953,0.21542940320232898,0.0005921547441433287,0.012966968260468375,0.018191814862133837,0.0262630887506049,0.06348215834500191,0.1030134984963204,-0.04042392104865839,-0.06593805541412828,1.5622768649960537,0.009035422979536075,0.00319633617333298,-0.04626693785483119,1.2380355753629058,1.0781799344706775,10,0.0023478107416746723,1.057147022320241,0.00818197072917284,1.2145057660628666,47,-0.0006544552160153224,0.9843575685616424,0.00516217282044676,1.1328946185846105,20230719,0.003113372886106246,1.0761137675824513,202302,0.0029553467552634154,1.0721023780186443
DYNAMIC_MARKET_PEERS,RETROSPECTIVE_CONFIRMATION_NOT_BLIND_OOS,peer_return_5d,RETURN_RS,2,-0.03450820977625868,-0.005045392547373037,2981,2969,418,24,469,0.36039070394072076,0.515998652745032,0.12361064331424722,0.3011114853486022,0.20478275513640956,-0.001843142315457413,0.003070349666760819,0.007135776726914299,0.013269018558299287,0.05149100815462398,0.0900267424610604,-0.04337033333927345,-0.06916856551373418,1.3015557253848875,0.003719875293039293,-0.002088612026366527,-0.056024780149847304,1.0957321077553854,0.9502217238753482,13,-0.0028813778142496044,0.9316282780000942,0.0029225139722170515,1.0748824540434847,63,-0.005811807771115516,0.8644252751309554,-2.5059749962049966e-05,0.9993687645421265,20240701,-0.00214479041946842,0.9489000308289322,202302,-0.004016017641553104,0.906353856508757
DYNAMIC_MARKET_PEERS,RETROSPECTIVE_CONFIRMATION_NOT_BLIND_OOS,peer_return_5d,RETURN_RS,3,-0.005045392547373037,0.018478142285275244,3440,3422,455,24,523,0.3451198129748685,0.5353594389246055,0.11952074810052601,0.287843366452367,0.18936294564582115,-0.0029103011151644263,-0.0004991039505821459,0.004123221228378885,0.00928774824506485,0.048125935251138285,0.08556754334158173,-0.045140345222532983,-0.0709715630630165,1.2056595578373452,0.0007519782008709154,-0.005039074558731381,-0.05675704221971133,1.0189087486184907,0.8826585573210608,14,-0.005787154618956975,0.8657898672652068,-4.1978196622084706e-07,0.999989487623772,70,-0.008659946682556336,0.8024669078855302,-0.0028900207779971017,0.928815980546021,20240812,-0.005125177353734182,0.880723293568846,202302,-0.0061918550257531865,0.8584915170915733
DYNAMIC_MARKET_PEERS,RETROSPECTIVE_CONFIRMATION_NOT_BLIND_OOS,peer_return_5d,RETURN_RS,4,0.018478142285275244,0.04987105279077218,3170,3161,443,24,518,0.32331540651692503,0.5627965833596963,0.11388801012337868,0.2755457133818412,0.18095539386270168,-0.005160958187453319,-0.004206522822380592,-0.002884628062019338,0.008352333564607907,0.043032820149910875,0.08128299940740608,-0.04890167985963331,-0.07368728732792709,1.1030803596511314,-0.003875244671223914,-0.009639183254742625,-0.05824748217323451,0.9073691083820417,0.7865859773883965,13,-0.01040421710503626,0.7705952802303743,-0.004644728671299717,0.8894325500143299,61,-0.013150375760042798,0.714465838158232,-0.007406953838784144,0.8263664867631288,20240416,-0.009696593645093418,0.7853828132555561,202306,-0.011325813839731292,0.7532598159802922
DYNAMIC_MARKET_PEERS,RETROSPECTIVE_CONFIRMATION_NOT_BLIND_OOS,peer_return_5d,RETURN_RS,5,0.04987105279077218,,2775,2765,395,24,492,0.3359855334538879,0.5779385171790236,0.08607594936708861,0.2853526220614828,0.1938517179023508,-0.006608894072787068,-0.0045390294992330524,-0.0009712291074351497,0.006600437949153859,0.04745459907599495,0.08621076343610214,-0.05227462947111272,-0.07860877125294606,1.096706665960908,-0.0036040185255748754,-0.00936986164451423,-0.05936816898486331,0.917166878772338,0.7999683751636252,11,-0.01012165175585102,0.7847784891580496,-0.0043601598514997515,0.9001867438722547,53,-0.012856987906306155,0.7307849904201807,-0.0071114757035963625,0.8396860585460612,20231109,-0.009431320435813554,0.7987291465289387,202402,-0.012124453794054526,0.7469310934176103
DYNAMIC_MARKET_PEERS,STRESS_PREVALENCE_SEEN_NOT_BLIND,peer_return_5d,RETURN_RS,1,,-0.03450820977625868,1224,1223,135,12,221,0.3720359771054783,0.5437448896156991,0.08421913327882256,0.3172526573998365,0.20850367947669665,0.0007360361012537143,0.006769094050486201,0.008600096399582433,0.020584436283598205,0.06281991276954314,0.10160974427601362,-0.05326492346698146,-0.08034707005951484,1.2646353401654726,0.0008037382846530973,-0.004987984528184821,-0.05819831268478859,1.0186530032239616,0.8920430598084842,6,-0.005923334919528878,0.8724278485493131,-0.00013703293212769636,0.9968353682470418,26,-0.008901047332112895,0.8114466412474819,-0.0031320517732613194,0.9288572357976917,20251113,-0.005128888226958896,0.8890841906130128,202512,-0.006966870192991639,0.8524407931131616
DYNAMIC_MARKET_PEERS,STRESS_PREVALENCE_SEEN_NOT_BLIND,peer_return_5d,RETURN_RS,2,-0.03450820977625868,-0.005045392547373037,1462,1461,196,12,271,0.34496919917864477,0.5633127994524298,0.0917180013689254,0.2950034223134839,0.19849418206707733,-0.0033330447582518336,0.0009011860125032355,0.0026285625525887296,0.005327300531417948,0.04966175913870046,0.0864079429124695,-0.04760092233665654,-0.07644535417995561,1.1303230109845726,-0.0016671682288266487,-0.007444244738854163,-0.05835576452212766,0.9598429195913756,0.8338349060400768,6,-0.008203319769337344,0.8176433635530047,-0.0024306229949762038,0.9416940219911596,29,-0.011013843144613962,0.7590367323371248,-0.005257597601290952,0.875873974227796,20251125,-0.007534960228930088,0.8319251396758026,202504,-0.009790732987002398,0.7848985255864726
DYNAMIC_MARKET_PEERS,STRESS_PREVALENCE_SEEN_NOT_BLIND,peer_return_5d,RETURN_RS,3,-0.005045392547373037,0.018478142285275244,1445,1440,209,12,275,0.32708333333333334,0.5743055555555555,0.09861111111111111,0.26944444444444443,0.1763888888888889,-0.006065840438631362,-0.003723120978097298,-0.002763712425161342,0.004276117070258268,0.04298356825272711,0.0816139203828348,-0.04924126426328242,-0.08034458494360293,1.0157986433077333,-0.003670317341218479,-0.009435233795574495,-0.05913129587925,0.9119717196099583,0.7906130245644586,6,-0.010223023427941296,0.7740756648514945,-0.004462644802248628,0.8934146335003531,27,-0.012882063833310779,0.7194811084091262,-0.007137132872190189,0.8320337391606953,20250210,-0.0095445278126589,0.788334660610207,202508,-0.012670148785980068,0.7263064568069666
DYNAMIC_MARKET_PEERS,STRESS_PREVALENCE_SEEN_NOT_BLIND,peer_return_5d,RETURN_RS,4,0.018478142285275244,0.04987105279077218,1283,1281,191,12,278,0.3411397345823575,0.5542544886807181,0.10460577673692428,0.2786885245901639,0.1756440281030445,-0.004318616556349829,-0.0032678887578741203,0.00031870064454355085,0.011832517204297994,0.0436497751769661,0.0850214533191984,-0.04710822913050524,-0.07339159910258138,1.1584630170050072,-0.0002760187230479137,-0.006060567025913655,-0.0579772472477377,0.993164728170674,0.8611326820785534,6,-0.006926507194139568,0.842034541024712,-0.0011469657671067445,0.9717298079294929,26,-0.009728465963555007,0.7816135197022811,-0.003965302724212863,0.9037970936290509,20250205,-0.006476846747884219,0.8520577642367648,202507,-0.009216978899661873,0.7962905122517722
DYNAMIC_MARKET_PEERS,STRESS_PREVALENCE_SEEN_NOT_BLIND,peer_return_5d,RETURN_RS,5,0.04987105279077218,,1426,1426,166,12,261,0.3155680224403927,0.5974754558204769,0.08695652173913043,0.2601683029453015,0.19074333800841514,-0.0054070424611097085,-0.005045544366691485,-0.0005254695095514523,0.01681990826961018,0.04879101183924041,0.09472356930222162,-0.0537396249126307,-0.07868664594626218,1.2038074334355489,-0.008525690754037793,-0.014263212524650808,-0.06000018806069259,0.8093129485512689,0.7039280043840653,6,-0.015063667637178748,0.6886280249624808,-0.009330793969662637,0.7921839688167168,26,-0.017669382323646194,0.6399109991544022,-0.011951721559303229,0.7375596522327426,20250822,-0.01445417734575953,0.7003848149463962,202512,-0.019740197559564517,0.6102240409946548
DYNAMIC_MARKET_PEERS,HISTORICAL_DISCOVERY,peer_return_20d,RETURN_RS,1,,-0.05001819736830895,4410,4381,410,34,421,0.39191965304724946,0.5060488472951381,0.10203149965761242,0.34147454918968273,0.23556265692764208,-0.0010852822305322002,0.006892463844680837,0.01688143423219724,0.04150243796725838,0.059293202156826146,0.10833782108825829,-0.04385317706369581,-0.06603749291630395,1.6405501829932558,0.0066814063376312354,0.0008557305702130959,-0.055738087625350714,1.1713968852034764,1.0204005435217336,20,4.286341285056692e-05,1.001017195129409,0.005863839563441203,1.149737284670469,98,-0.002924440551811487,0.9318411412710054,0.002879189369790168,1.072207131398556,20220804,0.0008183216196896379,1.0195042643160226,202012,0.000787280858348128,1.0187558559065977
DYNAMIC_MARKET_PEERS,HISTORICAL_DISCOVERY,peer_return_20d,RETURN_RS,2,-0.05001819736830895,0.014715297414888293,4410,4385,601,36,523,0.32314709236031924,0.569897377423033,0.10695553021664767,0.26978335233751427,0.1790193842645382,-0.00304396909947799,-0.0013896998454953394,0.00047466401407383305,0.006164448638341736,0.04813245979756974,0.08716971380846544,-0.049208247438924956,-0.07824023108584635,1.1141290433155997,-0.005159178417645696,-0.010916182346721145,-0.05940172416315357,0.8805307874652536,0.7653651502379287,17,-0.011645879865240372,0.7506513200294814,-0.0058931135186168606,0.8640643735647988,83,-0.01438407435211744,0.6966776141835551,-0.008647262499621961,0.8035487008923884,20211124,-0.01095703476311237,0.7645407680859216,202105,-0.011845187843405018,0.7472950588699192
DYNAMIC_MARKET_PEERS,HISTORICAL_DISCOVERY,peer_return_20d,RETURN_RS,3,0.014715297414888293,0.0735490647165041,4410,4396,643,36,553,0.31710646041856233,0.5791628753412192,0.10373066424021839,0.26637852593266603,0.17629663330300274,-0.003893912654092461,-0.0017009718665907069,0.0006006244172182643,0.0026946699863990738,0.04738122439235888,0.084415777021217,-0.04867342052506772,-0.07868325106562014,1.0728557333099524,-0.005896835502039166,-0.01164928531839927,-0.05968892625384303,0.8664538444691866,0.7548251754975525,17,-0.012384901508511336,0.7403511463993728,-0.00663670529028423,0.8502791887653834,82,-0.015131015639627397,0.6874876907775737,-0.009398808818016184,0.7911148097355367,20211103,-0.011761444405750355,0.7526335648452079,202103,-0.01292760008602447,0.730832072424649
DYNAMIC_MARKET_PEERS,HISTORICAL_DISCOVERY,peer_return_20d,RETURN_RS,4,0.0735490647165041,0.15540886541943166,4410,4387,635,36,560,0.34761796216093,0.5618873945748804,0.09049464326418966,0.2897196261682243,0.19056302712559836,-0.00441380960541071,6.09404666460889e-05,0.0032249777223979474,0.01125796496165023,0.05154153204445544,0.09381491846128283,-0.04977050279128987,-0.07749431703259574,1.210603848819292,-0.0012791319478896385,-0.0070581015160256135,-0.05845028838055475,0.9700189428432786,0.8462489855633247,18,-0.007820877764860148,0.8303319775777357,-0.002046286893999548,0.9522346978560472,87,-0.010684955783498441,0.7718588429038236,-0.004927017416651027,0.8868077963590377,20210607,-0.007098454552377224,0.845405197611721,202103,-0.01034418550912014,0.7808851793908906
DYNAMIC_MARKET_PEERS,HISTORICAL_DISCOVERY,peer_return_20d,RETURN_RS,5,0.15540886541943166,,4410,4388,519,35,463,0.3764813126709207,0.5656335460346399,0.05788514129443938,0.3320419325432999,0.2468094804010939,-0.005496465691741777,-0.0001876483402864648,0.004934674360578888,0.011864597112260023,0.06700311281274521,0.11996587696679979,-0.06416787692468089,-0.09920567502624465,1.209264257665331,-0.0009214899314518337,-0.006702989509174295,-0.059726360960585846,0.9797784859573969,0.8624404018806531,18,-0.007463231360022729,0.8474669052755148,-0.0016861301521965224,0.9631507215913644,90,-0.01042650558949941,0.7904146456114131,-0.004666652243284768,0.8996936780417483,20210909,-0.0067435611931952865,0.8616393234430804,202103,-0.009074351625107127,0.8174898970452785
DYNAMIC_MARKET_PEERS,RETROSPECTIVE_CONFIRMATION_NOT_BLIND_OOS,peer_return_20d,RETURN_RS,1,,-0.05001819736830895,1380,1379,281,23,275,0.36765772298767224,0.5032632342277013,0.12907904278462654,0.30891950688905,0.2095721537345903,-0.0005325479648058376,0.011146002240794563,0.017995042980896294,0.026566008005338426,0.058526661937244005,0.09678863844285693,-0.038019865637217154,-0.06263143188714256,1.5453684440308384,0.005438397901309265,-0.00038017677313222916,-0.055480694770073065,1.1420009148937573,0.9907944039044485,7,-0.0012741928422745927,0.9693033245832332,0.004539188056813057,1.117920193676192,31,-0.004206770819244294,0.9004271782740804,0.0015894919580898743,1.0405699174343443,20240522,-0.00049225618725121,0.9880891578074102,202306,-0.0006953797093254542,0.9832109245103959
DYNAMIC_MARKET_PEERS,RETROSPECTIVE_CONFIRMATION_NOT_BLIND_OOS,peer_return_20d,RETURN_RS,2,-0.05001819736830895,0.014715297414888293,3394,3385,430,24,454,0.35096011816838996,0.5172821270310192,0.13175775480059085,0.29335302806499264,0.1896602658788774,-0.0029633153788451343,0.003239412791884273,0.008402832845244904,0.012807599261498399,0.050195715900366096,0.08530978551843715,-0.04179806539221081,-0.0670835280770206,1.27169497436823,0.00311256100653539,-0.0026920620568224277,-0.056087652246449744,1.0808644522365412,0.9353702763805316,14,-0.0034430966057190327,0.9176816760181585,0.0023571853021212594,1.0609864818252737,70,-0.0063385200623659625,0.8509747150928278,-0.0005551784843050967,0.9858747135660647,20230613,-0.0027375515526391137,0.9342976021719546,202304,-0.003561870193612313,0.9151810469826606
DYNAMIC_MARKET_PEERS,RETROSPECTIVE_CONFIRMATION_NOT_BLIND_OOS,peer_return_20d,RETURN_RS,3,0.014715297414888293,0.0735490647165041,3839,3820,476,24,499,0.35157068062827224,0.5337696335078534,0.11465968586387434,0.2916230366492147,0.1931937172774869,-0.002543030342151328,0.001430787403734005,0.004395504541067737,0.014652127134957782,0.04826996677631123,0.08722532827875924,-0.043604431684302766,-0.0676911684188684,1.2885776729249934,0.0012336564620977612,-0.00455990007211742,-0.0567941369092782,1.0311616099998222,0.8933229288987605,16,-0.005325162037078082,0.8759417271740605,0.00046397160529265154,1.011670627246138,79,-0.008228506921192563,0.8114783891772921,-0.0024563452556436998,0.9392369724158327,20240814,-0.004628652094635171,0.8917711963149408,202302,-0.005492429044994433,0.8731917220478959
DYNAMIC_MARKET_PEERS,RETROSPECTIVE_CONFIRMATION_NOT_BLIND_OOS,peer_return_20d,RETURN_RS,4,0.0735490647165041,0.15540886541943166,3432,3415,457,24,486,0.34524158125915083,0.5411420204978038,0.11361639824304538,0.28726207906295753,0.18945827232796486,-0.0044306641598311144,-0.00212463118020149,0.0012475341855722594,0.012074561365512828,0.04742561318253795,0.08799106435511693,-0.04795497036346986,-0.07304141680308017,1.204673570234009,0.0004338520924657005,-0.005355382268428116,-0.05712401803025576,1.0107428184435525,0.8771388570696236,14,-0.006100810410466411,0.8606113128373029,-0.0003159158229470799,0.9922095267239431,69,-0.008916412260196576,0.7995761299866401,-0.003148028203677953,0.9236251477774621,20240930,-0.005407826370901691,0.8759720336419978,202302,-0.007828058242226038,0.8261855205535212
DYNAMIC_MARKET_PEERS,RETROSPECTIVE_CONFIRMATION_NOT_BLIND_OOS,peer_return_20d,RETURN_RS,5,0.15540886541943166,,2385,2379,366,24,384,0.3442622950819672,0.6006725514922236,0.055065153425809164,0.29508196721311475,0.2068095838587642,-0.005543501366583925,-0.006834855390011821,-0.005600905108003531,-0.0030413818503419875,0.04988175102582696,0.08902281585545872,-0.059443902458756234,-0.08950822653330417,0.9945769154786589,-0.005970960913714639,-0.011723386529500293,-0.061031080199607624,0.8708422661719661,0.7636244840474118,9,-0.012450352096396047,0.7499165551724105,-0.0067021323524990625,0.8555747619529805,45,-0.01523566105279668,0.6986181339210072,-0.009503679562625088,0.798314636367668,20240123,-0.011798951060653349,0.7622008961820631,202401,-0.011820319208957677,0.7617054289865502
DYNAMIC_MARKET_PEERS,STRESS_PREVALENCE_SEEN_NOT_BLIND,peer_return_20d,RETURN_RS,1,,-0.05001819736830895,1120,1120,142,11,165,0.37857142857142856,0.5473214285714286,0.07410714285714286,0.32857142857142857,0.21696428571428572,-0.0023229817241544708,0.0036024051747893756,0.008517673061152321,0.018546489442378043,0.061003917398051846,0.10407160475335489,-0.05529597884387547,-0.08531483017194078,1.219853623849597,0.0017918961950866333,-0.004005589837862958,-0.05840663915262031,1.0421006664648245,0.9123364724707834,5,-0.004857352749569237,0.8941699614310569,0.0009352053075184487,1.0218745904787399,24,-0.00792285317263552,0.8303215825718688,-0.0021482887317900326,0.9506074662165674,20251113,-0.004158585302752682,0.9090693817251668,202502,-0.006559668917089051,0.8608996667193646
DYNAMIC_MARKET_PEERS,STRESS_PREVALENCE_SEEN_NOT_BLIND,peer_return_20d,RETURN_RS,2,-0.05001819736830895,0.014715297414888293,1405,1405,200,12,237,0.33523131672597867,0.5380782918149466,0.12669039145907474,0.2775800711743772,0.1786476868327402,-0.003109687168690192,-0.0011417588519780555,0.003409143577137424,0.0038003586275336134,0.047652173032608415,0.08470287829630085,-0.04700952266026881,-0.07654623156575296,1.1065584361725418,-0.0005753097233357093,-0.00635862688041856,-0.05683232942500734,0.9856510401543656,0.8532873177105403,6,-0.007153202830783593,0.8356588788118924,-0.0013744578165892684,0.9658656598554679,28,-0.010003680706257996,0.7737848155077416,-0.004241467428663206,0.8963206040100204,20250721,-0.006461845044952518,0.8510118805264013,202512,-0.010430115111224568,0.7694737776350871
DYNAMIC_MARKET_PEERS,STRESS_PREVALENCE_SEEN_NOT_BLIND,peer_return_20d,RETURN_RS,3,0.014715297414888293,0.0735490647165041,1496,1494,214,12,261,0.3473895582329317,0.5508701472556894,0.10174029451137885,0.285140562248996,0.178714859437751,-0.003472983394344582,-0.001829189773411751,0.0008218617099011836,0.015157341634724278,0.046363930346702456,0.08599672151778154,-0.04675687683287183,-0.07210543262438693,1.1926524588758436,8.10358994828484e-05,-0.005705784822332388,-0.05794173178131952,1.002015780163871,0.8686036164480405,6,-0.006451607189641362,0.8520250255243905,-0.0006690968019780997,0.9834229595183682,30,-0.009284707835161556,0.7904793926968472,-0.003518683633089203,0.9142298024553339,20250204,-0.005898182262821508,0.8643547978164439,202508,-0.007431210058760722,0.8317052889034378
DYNAMIC_MARKET_PEERS,STRESS_PREVALENCE_SEEN_NOT_BLIND,peer_return_20d,RETURN_RS,4,0.0735490647165041,0.15540886541943166,1569,1563,204,12,259,0.3288547664747281,0.5796545105566219,0.09149072296865003,0.2693538067818298,0.19001919385796545,-0.004444658744706725,-0.0005138373642300801,-0.0001505886207364396,0.010339607502928389,0.045645707023044636,0.08503889198915461,-0.04860378248926759,-0.07503445382336975,1.1333312585886903,-0.004848702866096424,-0.010607172359186241,-0.05926455626930303,0.887131869406044,0.7711595423712214,6,-0.011327230054330612,0.7565630280556285,-0.005572922409510017,0.8707714735669554,29,-0.013964483576372665,0.7043183024585068,-0.008225574532929145,0.8120776716819724,20250203,-0.010712703716455241,0.7690306634183612,202508,-0.015142277027910218,0.6865258102275295
DYNAMIC_MARKET_PEERS,STRESS_PREVALENCE_SEEN_NOT_BLIND,peer_return_20d,RETURN_RS,5,0.15540886541943166,,1250,1249,164,11,206,0.311449159327462,0.6236989591673339,0.06485188150520416,0.2642113690952762,0.19055244195356286,-0.005476635722688734,-0.004837274998521401,-0.0042311401408494445,0.010681150510072623,0.04874669653766608,0.09212203944447671,-0.055061132468242464,-0.08307821794959895,1.1088591175651406,-0.01040063367682218,-0.01612684261012283,-0.06245177230279571,0.7747549668138152,0.6754298599005157,5,-0.016896716797813224,0.66129665750493,-0.011174965828399976,0.7589541999659929,22,-0.019445706788486068,0.6155276848736101,-0.013738858277052058,0.7077004202558749,20250722,-0.016275398873014647,0.6727022623281499,202507,-0.017751044821069022,0.6478255197552235
DYNAMIC_MARKET_PEERS,HISTORICAL_DISCOVERY,peer_rs_3d_vs_0050,RETURN_RS,1,,-0.02374229446695363,4410,4384,492,36,530,0.3921076642335766,0.5218978102189781,0.08599452554744526,0.333485401459854,0.22354014598540145,-0.0012815410559711218,0.004281396673114526,0.011269477278992664,0.020825661964425382,0.05998778940120917,0.1062122572424026,-0.04859047927919437,-0.0792024474108962,1.3410224142617915,0.0050279362766708635,-0.000788034286579404,-0.0566648784878558,1.1233913449411101,0.9819838676304323,20,-0.0016064682984264062,0.9634402845728366,0.004204780885063786,1.102719405877218,97,-0.004643174349499847,0.896195930434676,0.001150393676666979,1.0276073268512251,20201210,-0.0008272178454461687,0.9810923623652892,202004,-0.0014162111194150455,0.9678273661863145
DYNAMIC_MARKET_PEERS,HISTORICAL_DISCOVERY,peer_rs_3d_vs_0050,RETURN_RS,2,-0.02374229446695363,-0.005437910987084647,4410,4385,637,36,580,0.3573546180159635,0.5309007981755987,0.11174458380843785,0.304903078677309,0.20456100342075256,-0.001973017176700849,0.0055170165757444534,0.010371856938660984,0.01582721959078736,0.05645545674568282,0.09952326161368794,-0.04552298010011249,-0.07559547693924396,1.3165240255534696,0.0021848793525859585,-0.0036143238663052966,-0.05698522508757592,1.0538175000806236,0.9173274727968346,19,-0.004400582867260353,0.8997790568443531,0.0013940616019537787,1.034189453462457,92,-0.007333079576592838,0.8357853735040168,-0.0015555147018671135,0.9624887556997993,20200617,-0.003655478444493281,0.9164051884073239,202102,-0.004438612008246786,0.899361182037336
DYNAMIC_MARKET_PEERS,HISTORICAL_DISCOVERY,peer_rs_3d_vs_0050,RETURN_RS,3,-0.005437910987084647,0.008794735579897505,4410,4379,676,36,584,0.3292989266955926,0.5617720940854076,0.10892897921899977,0.2710664535282028,0.18406028773692623,-0.003304403385018224,0.0002507728581488629,0.003900063541805491,0.007922785197804405,0.05152718885504355,0.09081344301281785,-0.04885743621503447,-0.07900778451746453,1.1494239911605635,-0.0035405357576705266,-0.009306786924904066,-0.05880484051398945,0.9172576712315114,0.7980443646707072,17,-0.010030992800958783,0.7831742586880622,-0.004268926207459627,0.9006224882129252,85,-0.012814492037558372,0.7273253931801366,-0.007068690490608565,0.8380112642491729,20200326,-0.009343444292230487,0.7972952070380293,202102,-0.00992008375735578,0.78592722315836
DYNAMIC_MARKET_PEERS,HISTORICAL_DISCOVERY,peer_rs_3d_vs_0050,RETURN_RS,4,0.008794735579897505,0.028408532660988008,4410,4396,659,36,603,0.33098271155596,0.5814376706096451,0.0875796178343949,0.28480436760691535,0.19745222929936307,-0.004718828452631676,-0.0021650473628672096,0.002717959961065818,0.014258371873742612,0.05138878330794618,0.0951884301277079,-0.05228457777495298,-0.07901115589207951,1.2047467101699507,-0.00466440147264033,-0.010424091252588485,-0.05999264396525471,0.8944034129930326,0.780665204704965,17,-0.011157393583339005,0.7661435547371541,-0.00540191974152212,0.8781797892136818,82,-0.013889923939410362,0.7131917406803429,-0.00815033607115634,0.8189277360536406,20211203,-0.010466615766576865,0.7798205380386971,202103,-0.012684487590686444,0.7380082315628538
DYNAMIC_MARKET_PEERS,HISTORICAL_DISCOVERY,peer_rs_3d_vs_0050,RETURN_RS,5,0.028408532660988008,,4410,4393,562,36,586,0.34646027771454585,0.5866150694286365,0.06692465285681766,0.30503073070794445,0.2185294787161393,-0.006651042923944557,-0.004205286586097611,-0.0021470232033012856,0.01458544561653834,0.05398321862255249,0.10192825329427901,-0.060403023917940536,-0.08685396921645268,1.1735589543439175,-0.005587013061513534,-0.011341473704158049,-0.06072729201499084,0.8791928504117652,0.7711061165845751,17,-0.012078577011883647,0.7571732205229367,-0.006328391475121449,0.8636916698117739,84,-0.014904968713281596,0.7049395116668992,-0.009171245417130939,0.8054834507116365,20211006,-0.011382146781676053,0.7703375426854093,202211,-0.012654144941157951,0.7485941510024678
DYNAMIC_MARKET_PEERS,RETROSPECTIVE_CONFIRMATION_NOT_BLIND_OOS,peer_rs_3d_vs_0050,RETURN_RS,1,,-0.02374229446695363,2913,2903,321,24,451,0.41129865656217707,0.48432655873234587,0.10437478470547709,0.3403375818119187,0.2287289011367551,0.002383387447855082,0.009959064074751023,0.01660430248023858,0.028110653795630474,0.06026039497794198,0.10273039602226625,-0.03915217804828766,-0.06277498749876656,1.6364861247369384,0.011835146639166455,0.005980020573713189,-0.03489878696500348,1.3283487687592805,1.1537182991510222,14,0.005148323854704387,1.131701055837078,0.010998630928906943,1.3036692969038974,68,0.0020707225711933917,1.0519817429273326,0.007903035243976056,1.2141221990357836,20230406,0.005921892063180991,1.1521716507878859,202302,0.005090026993402707,1.1292237605064153
DYNAMIC_MARKET_PEERS,RETROSPECTIVE_CONFIRMATION_NOT_BLIND_OOS,peer_rs_3d_vs_0050,RETURN_RS,2,-0.02374229446695363,-0.005437910987084647,3056,3044,420,24,475,0.3432982917214192,0.5210249671484888,0.13567674113009198,0.2828515111695138,0.18988173455978974,-0.002485768979230719,0.0010314757865048118,0.005013795629717081,0.011771503435200116,0.04907778536416555,0.08478298856227989,-0.043998495304431375,-0.06899109585357421,1.228897548492666,0.0018610010334805917,-0.0039365917865071265,-0.05636433282504705,1.047394110817746,0.907160736267605,13,-0.004715317508966937,0.8892704498848919,0.0010777664084597142,1.0273302558383253,64,-0.007650705657131038,0.8233618874767353,-0.0018747753878158037,0.9532589327208845,20240607,-0.003994588893577602,0.9058239003359312,202304,-0.004839487850946961,0.8867809170601851
DYNAMIC_MARKET_PEERS,RETROSPECTIVE_CONFIRMATION_NOT_BLIND_OOS,peer_rs_3d_vs_0050,RETURN_RS,3,-0.005437910987084647,0.008794735579897505,2719,2711,450,24,504,0.3279232755440797,0.5555145702692733,0.11656215418664699,0.28107709332349684,0.1884913316119513,-0.0048289891046239455,-0.0006062159258799854,0.001597806529004197,0.00992484815414233,0.046440909765399246,0.08597569737967414,-0.04694496325254491,-0.0731379304534743,1.1755281677592233,-0.002616335930653147,-0.008387796625720666,-0.057807534977835,0.9366299055622228,0.8118934589406465,11,-0.009137278362326902,0.7959168692258844,-0.0033701735196032534,0.9187024688109369,53,-0.011917357811568026,0.7379637088712283,-0.006166513471901901,0.8535612569445836,20230421,-0.00844865047991221,0.8105986270519095,202302,-0.009978797226607465,0.780427782821248
DYNAMIC_MARKET_PEERS,RETROSPECTIVE_CONFIRMATION_NOT_BLIND_OOS,peer_rs_3d_vs_0050,RETURN_RS,4,0.008794735579897505,0.028408532660988008,2889,2881,435,24,510,0.3172509545296772,0.5716765012148559,0.11107254425546685,0.26553280111072547,0.17077403679278028,-0.00528359314184226,-0.00500925079303154,-0.0034654432269498213,0.0017184056010798394,0.042623918861960236,0.07981482264547632,-0.04945938523063625,-0.07676654645644974,1.039708392909871,-0.005599679443009725,-0.011353529568669364,-0.05866908319172126,0.8684770040187283,0.7529300993651576,11,-0.012073151153349978,0.7382731841455606,-0.006323478963432793,0.8520437745243208,54,-0.01473350958207753,0.6853862456300195,-0.008999393968591982,0.792587779219681,20240424,-0.011414604362010378,0.7516872395983192,202304,-0.012768396316193373,0.7248578267920809
DYNAMIC_MARKET_PEERS,RETROSPECTIVE_CONFIRMATION_NOT_BLIND_OOS,peer_rs_3d_vs_0050,RETURN_RS,5,0.028408532660988008,,2853,2839,398,24,502,0.3501232828460726,0.5692145121521662,0.08066220500176119,0.2958788305741458,0.1983092638252906,-0.006987376417352745,-0.002708788860062244,0.0011177742973576142,0.0072785767975624876,0.050232360353549416,0.08749147503916788,-0.052242890466024254,-0.07844918122254711,1.1152630744605134,-0.0023853217244871354,-0.008158667874618369,-0.058994585808917345,0.9451576606467718,0.8255817047654161,11,-0.008887406531734093,0.8107386898307162,-0.0031182728494908237,0.9285837348535477,55,-0.011696729598332302,0.7547883657218687,-0.005943972992452822,0.8659861530459896,20230214,-0.008221199051959735,0.8243068030771189,202402,-0.010405491664048777,0.7814977051783475
DYNAMIC_MARKET_PEERS,STRESS_PREVALENCE_SEEN_NOT_BLIND,peer_rs_3d_vs_0050,RETURN_RS,1,,-0.02374229446695363,1388,1387,174,12,240,0.37995674116798844,0.5457822638788753,0.07426099495313626,0.32083633741888967,0.20331651045421772,-0.0009549837054692787,0.003171454412440084,0.007535163788670106,0.00812531387247143,0.058516542626805376,0.09384962214175088,-0.05189982800563225,-0.07990188591996715,1.174560788662164,0.0014888076353653493,-0.0043063545559651065,-0.057484511853967385,1.0359067748344417,0.9034627516043157,6,-0.0050950369563901796,0.8862766385584456,0.0006955737978186899,1.016703144653388,29,-0.00799957287527863,0.8244199209817419,-0.0022258979591736204,0.9474386669637938,20250814,-0.004415872666395286,0.9010790124955544,202502,-0.005194996218631133,0.8844936338984936
DYNAMIC_MARKET_PEERS,STRESS_PREVALENCE_SEEN_NOT_BLIND,peer_rs_3d_vs_0050,RETURN_RS,2,-0.02374229446695363,-0.005437910987084647,1570,1568,215,12,279,0.32206632653061223,0.579719387755102,0.09821428571428571,0.2710459183673469,0.18176020408163265,-0.004028672250983457,-0.004232648476712518,-0.001106905214846412,0.00790346056664442,0.0454044602996046,0.08592408100744642,-0.04985532264295261,-0.07911429695306828,1.086075264732717,-0.0051596391772332625,-0.010915991481811016,-0.05921282811050174,0.8789194078216529,0.7629315693170515,6,-0.011646418930226903,0.7480363355825135,-0.005894296809219663,0.8622085796288274,29,-0.01437342270838825,0.6936179652057709,-0.008637183212304266,0.8010610148781069,20250912,-0.011030170584878532,0.7606046536474048,202508,-0.01309982864940506,0.7206046100597895
DYNAMIC_MARKET_PEERS,STRESS_PREVALENCE_SEEN_NOT_BLIND,peer_rs_3d_vs_0050,RETURN_RS,3,-0.005437910987084647,0.008794735579897505,1410,1407,209,12,267,0.3361762615493959,0.5557924662402275,0.10803127221037669,0.28216062544420756,0.1911869225302061,-0.005021633384809936,-0.0017582084387535606,9.131163499157285e-05,0.012221810987291028,0.04553551802372009,0.0852826938101461,-0.04855135094084913,-0.07562786474531417,1.1276623252202835,-0.0006659099700246415,-0.006448334852989051,-0.05820588430627599,0.9837568817224422,0.854255665497981,6,-0.007266242624879821,0.8364697755530659,-0.0014885592086488907,0.9638453600347615,28,-0.01010165724248218,0.7762274056340864,-0.004340476013382281,0.896232484447015,20250421,-0.006638986933440812,0.8501598702259003,202512,-0.01126217203794347,0.7569632578450345
DYNAMIC_MARKET_PEERS,STRESS_PREVALENCE_SEEN_NOT_BLIND,peer_rs_3d_vs_0050,RETURN_RS,4,0.008794735579897505,0.028408532660988008,1239,1236,203,12,277,0.33737864077669905,0.5631067961165048,0.09951456310679611,0.2758899676375405,0.18851132686084143,-0.004116515648167505,0.0007566062962047443,0.0017961064478007444,0.01865333441955609,0.04668554744759334,0.09124343069126233,-0.04687537918456808,-0.07263371282274696,1.2562132258601448,-0.0024447850900252916,-0.008217537138099263,-0.05816963120590127,0.9414866250402144,0.8177371791900631,5,-0.008971975901608385,0.8018089253740041,-0.003203558034343676,0.9236363571032932,24,-0.01178604095045908,0.7436646471261356,-0.0060340639112248596,0.8583852418975505,20250410,-0.008365796742314994,0.8145989423250086,202512,-0.013677338608781425,0.7101604830957272
DYNAMIC_MARKET_PEERS,STRESS_PREVALENCE_SEEN_NOT_BLIND,peer_rs_3d_vs_0050,RETURN_RS,5,0.028408532660988008,,1233,1233,182,12,258,0.32035685320356855,0.5944849959448499,0.0851581508515815,0.26520681265206814,0.1841038118410381,-0.004989322649827908,-0.002733618616008954,-0.0008326601290284593,0.011633542621474327,0.05080601598492415,0.09274537166850415,-0.053662440649494166,-0.08176019374638187,1.1343585113826666,-0.0075143593611321415,-0.013258020497940894,-0.06101987189916236,0.8322372438369983,0.7248078271670834,5,-0.014031477226797921,0.7099345002436325,-0.008292282273224906,0.8156203614011098,23,-0.016703426620166238,0.6597600872010967,-0.010979796355003504,0.7594417970096561,20250410,-0.013413543111989414,0.7218055049622316,202512,-0.016241840991403772,0.6729155645679336
DYNAMIC_MARKET_PEERS,HISTORICAL_DISCOVERY,peer_rs_5d_vs_0050,RETURN_RS,1,,-0.029936057403086417,4410,4379,492,36,516,0.3857044987440055,0.5256907969856132,0.08860470427038136,0.32975565197533685,0.2281342772322448,-0.001364773471173979,0.004692122191871677,0.012349112710539368,0.021762469147309192,0.06048770207460145,0.10615154236276594,-0.048478173995545305,-0.07916192061106568,1.3409419774477718,0.0035674512525548895,-0.0022400492977282045,-0.057200938220471995,1.0858845997993392,0.9497334903035584,19,-0.0030220027501923243,0.9324807586657835,0.0027809815145012637,1.0666602433903565,95,-0.006041443416708533,0.8673716447948376,-0.000256041325616882,0.9939696595300861,20211025,-0.002280241742205558,0.9488432603325444,202103,-0.0027900093228082957,0.9376668959293486
DYNAMIC_MARKET_PEERS,HISTORICAL_DISCOVERY,peer_rs_5d_vs_0050,RETURN_RS,2,-0.029936057403086417,-0.006434869498593728,4410,4383,641,36,555,0.3643623089208305,0.5366187542778919,0.09901893680127766,0.3052703627652293,0.20100387862194843,-0.0013335380639090308,0.003943689727320568,0.007485455879167667,0.015625693747871556,0.05511292900490285,0.09970313731738423,-0.046590677910568215,-0.07684821984798751,1.2974033427788665,0.0019277157099166942,-0.003870106701928167,-0.05732332799213122,1.0471202275599762,0.9121311045834594,19,-0.004662654495917175,0.8945956014338587,0.0011306035396917613,1.0275161713064103,91,-0.007563656842529101,0.8318362870991133,-0.0017872858170291841,0.9572194223722887,20211103,-0.003909468112870841,0.9112576743984678,202102,-0.004969296101854661,0.8882756954928334
DYNAMIC_MARKET_PEERS,HISTORICAL_DISCOVERY,peer_rs_5d_vs_0050,RETURN_RS,3,-0.006434869498593728,0.012965506329498977,4410,4390,673,36,575,0.34441913439635535,0.5485193621867882,0.1070615034168565,0.28792710706150343,0.19157175398633258,-0.002693890085305072,0.002202092228903511,0.0049235122372831225,0.01021055661674681,0.0528819808515118,0.09246454531335138,-0.04819349963430614,-0.07631509429700382,1.2116154237259666,-0.0006349168575403932,-0.006417874043897751,-0.05793877486724916,0.9847418160640015,0.8568025749960049,18,-0.007173481405071163,0.8405995184912539,-0.0013948949172994328,0.9666156355585447,88,-0.010012047873416764,0.7810863599401251,-0.004250014474786397,0.8999119373625551,20200330,-0.006456099068034257,0.8559825007045028,202102,-0.006699607227121512,0.8509365639259074
DYNAMIC_MARKET_PEERS,HISTORICAL_DISCOVERY,peer_rs_5d_vs_0050,RETURN_RS,4,0.012965506329498977,0.04055132194012559,4410,4395,667,36,580,0.32332195676905573,0.5808873720136519,0.09579067121729237,0.27599544937428894,0.18907849829351536,-0.004307891976600051,-0.002351464685176518,-0.0004621333707653177,0.009795571647705687,0.04998311837339611,0.09119217774431738,-0.05244616069784688,-0.08013845747203785,1.1379327806020778,-0.005508653524716433,-0.011263487896309026,-0.059756185003866785,0.8756326695667316,0.7636542977766745,17,-0.011996653357376194,0.7492437302638244,-0.006246053070975163,0.8595300582196154,82,-0.014707027002966907,0.6971550882695335,-0.008972236218220055,0.8012156763931728,20220106,-0.011303462246513737,0.7628694689122051,202103,-0.013791584039717072,0.7168269085594874
DYNAMIC_MARKET_PEERS,HISTORICAL_DISCOVERY,peer_rs_5d_vs_0050,RETURN_RS,5,0.04055132194012559,,4410,4390,577,36,566,0.33849658314350795,0.5908883826879271,0.07061503416856492,0.30045558086560364,0.2184510250569476,-0.00822809501112348,-0.0048054601095834665,0.0018250519677535744,0.016056595138287326,0.0548909478335259,0.1041890274402007,-0.05995806951814781,-0.08721178355269936,1.1946668580312032,-0.005923126306048354,-0.011675631351417028,-0.06065775774303059,0.8718032241023104,0.7642999647677023,17,-0.0124157987652604,0.7503285431256123,-0.006667584696600358,0.8562494193945965,83,-0.015222291836719089,0.6985122513140185,-0.00949042580603357,0.7984781417960379,20210909,-0.011717317525862763,0.7635123133564358,202004,-0.013703381970940298,0.7294301895775428
DYNAMIC_MARKET_PEERS,RETROSPECTIVE_CONFIRMATION_NOT_BLIND_OOS,peer_rs_5d_vs_0050,RETURN_RS,1,,-0.029936057403086417,2819,2811,335,24,431,0.3959445037353255,0.4891497687655639,0.11490572749911064,0.3287086446104589,0.22056207755247242,0.0007304768669696077,0.009941612664230508,0.01544236595633404,0.026573601348015022,0.05855233459710408,0.10039667695318163,-0.039159015343844764,-0.06284650977584426,1.597490096288055,0.010093969459175615,0.0042488055791274565,-0.03755414076391406,1.275161915568084,1.1073478093833038,13,0.003443981333601291,1.0866111851041231,0.009284492085813898,1.251925049582712,65,0.00033721014715302154,1.0083227461716693,0.0061595654376095915,1.1640272857728644,20230719,0.004188360062301377,1.1057829835076063,202302,0.003508083807592079,1.0878856052021488
DYNAMIC_MARKET_PEERS,RETROSPECTIVE_CONFIRMATION_NOT_BLIND_OOS,peer_rs_5d_vs_0050,RETURN_RS,2,-0.029936057403086417,-0.006434869498593728,3031,3019,435,24,493,0.3739648890361047,0.5048029148724743,0.121232196091421,0.30771778734680355,0.20337860218615436,-0.0016616536351301322,0.0031486653020353695,0.008068761477282792,0.016875871384919965,0.05175928217401834,0.09058353259627201,-0.04261808180009782,-0.0673331128771971,1.3453043937160503,0.005598769186403563,-0.00022024289569498763,-0.05565534149817328,1.1473175787804835,0.9946341153884647,14,-0.001045222968938863,0.9746528153221317,0.00476898959240959,1.1249021018346672,66,-0.003983623645927559,0.9050668139540887,0.0018133962121340997,1.0466718533201889,20240813,-0.0002772294646346753,0.9932479611943872,202302,-0.0013645717853383815,0.9672612865982021
DYNAMIC_MARKET_PEERS,RETROSPECTIVE_CONFIRMATION_NOT_BLIND_OOS,peer_rs_5d_vs_0050,RETURN_RS,3,-0.006434869498593728,0.012965506329498977,2906,2896,462,24,494,0.33183701657458564,0.5545580110497238,0.1136049723756906,0.27693370165745856,0.18819060773480664,-0.0038456389694212015,-0.0023286989433539255,0.0010678638311977938,0.0098259191390848,0.04636212848226828,0.08432294202479791,-0.04699626057951829,-0.07204695260978973,1.1703887391531411,-0.0024284793030161077,-0.008201133958281622,-0.057811060629279556,0.9411994308763806,0.8160472966223433,12,-0.008971111652312205,0.7996103765423976,-0.003202922308217354,0.922769254702929,57,-0.011749354981497498,0.7416472259449085,-0.005997412061441796,0.8576433213602087,20230817,-0.00825254775017478,0.814957995107586,202302,-0.0095720771062317,0.7890380510855785
DYNAMIC_MARKET_PEERS,RETROSPECTIVE_CONFIRMATION_NOT_BLIND_OOS,peer_rs_5d_vs_0050,RETURN_RS,4,0.012965506329498977,0.04055132194012559,2859,2853,444,24,506,0.31791097090781634,0.5653697861899755,0.1167192429022082,0.2688398177357168,0.1773571678934455,-0.00474440998038614,-0.0027937905443368126,6.539657450237695e-05,0.0066980174164971385,0.04586974314474357,0.0832942446665099,-0.04886368683428417,-0.07511325686488607,1.108915365184335,-0.0043991246754512105,-0.010160061768607842,-0.05832431171690218,0.8952939820644343,0.776059471658858,11,-0.010887211092192014,0.7609574044898145,-0.005130475499243345,0.8783575124589696,54,-0.013611615516176094,0.705661447187632,-0.007870828598552902,0.8162078515178363,20231113,-0.010222982809983622,0.7747515919466322,202306,-0.011314303433648067,0.7532871541409772
DYNAMIC_MARKET_PEERS,RETROSPECTIVE_CONFIRMATION_NOT_BLIND_OOS,peer_rs_5d_vs_0050,RETURN_RS,5,0.04055132194012559,,2815,2799,408,24,491,0.330832440157199,0.5869953554841014,0.08217220435869954,0.28367274026438016,0.18685244730260808,-0.007560684524441142,-0.005163085517480955,-0.0035947963182916104,-0.0011623439728704233,0.04632233162418499,0.08224230444781144,-0.05409746072828961,-0.08271416807030502,0.9942952503361637,-0.005597866124549337,-0.011352489503446724,-0.06021944481848911,0.8745588445776289,0.7634947999328675,11,-0.012098074505440301,0.7489526099161083,-0.006347768984045489,0.8583134839097001,52,-0.014771534693386493,0.69798329520156,-0.009036847261961124,0.8012577324184684,20231114,-0.011418737873328713,0.7621996441313426,202402,-0.013840022970580712,0.7170946862557889
DYNAMIC_MARKET_PEERS,STRESS_PREVALENCE_SEEN_NOT_BLIND,peer_rs_5d_vs_0050,RETURN_RS,1,,-0.029936057403086417,1478,1476,173,12,240,0.35501355013550134,0.5602981029810298,0.08468834688346884,0.2926829268292683,0.1856368563685637,-0.0005330670230077357,0.0007879955703466656,0.0024855299047735536,0.011874627224391063,0.05537604864283454,0.09165450932456727,-0.05351329173891089,-0.08036805476638885,1.1404345867395387,-0.0026004373900774245,-0.008371741003683623,-0.05810007092944931,0.9396581900191282,0.8192224863921453,6,-0.009151200321430497,0.8031943037692846,-0.003384424903968441,0.921785406879906,30,-0.01206230436103009,0.7448234022109829,-0.006312512432641588,0.8564986082867299,20251113,-0.008490770208007297,0.8167764156017806,202512,-0.009820362780236225,0.7914145711646836
DYNAMIC_MARKET_PEERS,STRESS_PREVALENCE_SEEN_NOT_BLIND,peer_rs_5d_vs_0050,RETURN_RS,2,-0.029936057403086417,-0.006434869498593728,1521,1520,215,12,264,0.3243421052631579,0.5756578947368421,0.1,0.2789473684210526,0.17828947368421053,-0.004066093520246021,-0.002633284740743547,-0.0031788343745491276,0.0030853477882379697,0.0446627713870866,0.0800853157662977,-0.049674727118694376,-0.07815179788288677,1.0247405425823775,-0.00435537290459017,-0.010116749475567418,-0.059353141267120685,0.897386391890811,0.7793237065802008,6,-0.010868280081479043,0.7638663967083181,-0.0051112444377134,0.8800532315896046,28,-0.013548275844588528,0.7099158828381783,-0.007806789772590333,0.8194583807407076,20250409,-0.010206353082439317,0.777515653958192,202502,-0.011164969162114962,0.7584780659339504
DYNAMIC_MARKET_PEERS,STRESS_PREVALENCE_SEEN_NOT_BLIND,peer_rs_5d_vs_0050,RETURN_RS,3,-0.006434869498593728,0.012965506329498977,1360,1356,211,12,270,0.3584070796460177,0.5376106194690266,0.10398230088495575,0.3030973451327434,0.20501474926253688,-0.0037401115639234916,0.0012020251042144687,0.006238667808137864,0.014730148855526828,0.04918352453763473,0.09108228806282391,-0.0449269978384875,-0.07263799167919704,1.2539207920985125,0.0027197209013737978,-0.0030827203293888735,-0.057241794974822444,1.0693648274151129,0.9273423932022568,6,-0.0038850108093295937,0.9088381199927577,0.0019127875508953135,1.0485686225552522,28,-0.006741323006090086,0.8443925146180825,-0.0009602171483831968,0.9760159337916862,20250808,-0.0035872397815944193,0.9157629733167348,202508,-0.00591247412782437,0.8634816020510091
DYNAMIC_MARKET_PEERS,STRESS_PREVALENCE_SEEN_NOT_BLIND,peer_rs_5d_vs_0050,RETURN_RS,4,0.012965506329498977,0.04055132194012559,1198,1197,207,12,258,0.34001670843776105,0.5722639933166249,0.08771929824561403,0.2723475355054302,0.1821219715956558,-0.003624625515855061,-0.0003520518977010479,0.0013168013010789086,0.013905739619651027,0.046970416430333735,0.09067542201622701,-0.047863834044389396,-0.07714731656091284,1.1753541932289098,-0.002158269920238441,-0.007932198012471347,-0.05923319989971957,0.9485652463938736,0.8245922473930105,5,-0.008717839032154617,0.8080243317156951,-0.0029484117606138217,0.9300285062138578,24,-0.011614281960395923,0.7483184011929175,-0.0058617256121439665,0.8631073115816659,20250410,-0.008085053591134223,0.821361456385166,202507,-0.010585742982604663,0.7737831221605547
DYNAMIC_MARKET_PEERS,STRESS_PREVALENCE_SEEN_NOT_BLIND,peer_rs_5d_vs_0050,RETURN_RS,5,0.04055132194012559,,1283,1282,185,12,250,0.3174726989079563,0.593603744149766,0.08892355694227769,0.2667706708268331,0.19890795631825273,-0.007464328962508767,-0.004302807926564137,0.0009085641992757785,0.015149979227335724,0.05010402382358228,0.09591673964772159,-0.05449960520087184,-0.08082113164640009,1.1867779836016918,-0.007718652789413416,-0.013460883007434997,-0.06001283119947434,0.827488192212351,0.7205509134777216,5,-0.014199647147443624,0.7063638174992771,-0.008461701274802093,0.811618659807669,24,-0.016958340032028923,0.6545341685559307,-0.011236494096097368,0.753565921465053,20250410,-0.013610615031648324,0.7176628674985974,202506,-0.013655651397176435,0.7169972597428228
DYNAMIC_MARKET_PEERS,HISTORICAL_DISCOVERY,peer_rs_20d_vs_0050,RETURN_RS,1,,-0.04264611769178067,4409,4379,508,33,450,0.39506736697876227,0.5071934231559717,0.09773920986526605,0.3409454213290706,0.2372687828271295,-0.0007258818493279225,0.008172108715025907,0.01771221493465285,0.04096141966152871,0.05984418595682514,0.10999701419021095,-0.041876257360598836,-0.06454245458706462,1.7042583039947814,0.007191339431850877,0.0013629891116018848,-0.055738087625350714,1.186208728366516,1.0327676316196577,20,0.0005569650555577182,1.0133288456252258,0.006380658105945226,1.1644627866425292,98,-0.002425882279612607,0.9429845349696263,0.003380401271080728,1.0855714291452643,20200826,0.0013242530488606664,1.0318291074008386,202102,-0.0008855079555418573,0.9791765312903046
DYNAMIC_MARKET_PEERS,HISTORICAL_DISCOVERY,peer_rs_20d_vs_0050,RETURN_RS,2,-0.04264611769178067,0.00614004243635147,4411,4392,652,36,514,0.3349271402550091,0.5491803278688525,0.11589253187613843,0.2809653916211293,0.17941712204007285,-0.0026263657615943517,-0.0011943991209841201,0.002556226053218567,0.010703660322455205,0.047722176355245144,0.08672943513877263,-0.04705753388643374,-0.07367097390528245,1.177253815733171,-0.0021378159884000592,-0.007912377551957764,-0.05804777572768362,0.9487819148637557,0.824119445779365,18,-0.00867117026496755,0.808042544460593,-0.002901018376458198,0.9307818569576963,87,-0.01145356566264269,0.7504472513873703,-0.00569969177499665,0.866150974988951,20210520,-0.007949089016872439,0.8233436351951251,202111,-0.008276852885771574,0.8166608384737246
DYNAMIC_MARKET_PEERS,HISTORICAL_DISCOVERY,peer_rs_20d_vs_0050,RETURN_RS,3,0.00614004243635147,0.05504124222685125,4410,4392,698,36,537,0.33105646630236796,0.5587431693989071,0.11020036429872496,0.27823315118397085,0.1826047358834244,-0.0028827548043732945,0.0014884721979196475,0.0034192783095483843,0.004295031650567176,0.050780186300450995,0.08607204948538756,-0.047444222055276514,-0.0764017517353201,1.1265716757852418,-0.0026691368498765926,-0.00844050919096399,-0.05859366294559188,0.9372523634377914,0.8157139744032459,18,-0.009211543615095056,0.7997038429619711,-0.003444618090459953,0.9193537724992409,86,-0.012034083532282086,0.7423984495658872,-0.006283595516413749,0.8551740298334699,20211111,-0.008479898687089196,0.8148961183455099,202105,-0.009235382698701314,0.7996677194830223
DYNAMIC_MARKET_PEERS,HISTORICAL_DISCOVERY,peer_rs_20d_vs_0050,RETURN_RS,4,0.05504124222685125,0.13250955030292486,4410,4387,679,36,554,0.3362206519261454,0.5803510371552314,0.08342831091862321,0.2831091862320492,0.1951219512195122,-0.004142761604889749,-0.0005204879789417146,0.0025549248238842985,0.008686364036631644,0.05258999952810503,0.09530085359129539,-0.05165621643361974,-0.08230540323356282,1.1578930403980239,-0.004406279176653624,-0.010167187411118883,-0.059867389348927005,0.900743344603927,0.7868895536748498,17,-0.010896822957906236,0.7724810330351136,-0.0051401154364056215,0.884661499249497,84,-0.013724543853089978,0.7178334419301038,-0.007984258352769539,0.8235888952004099,20200804,-0.01020780180402599,0.7860870230084818,202103,-0.01360482406790324,0.7229013304458445
DYNAMIC_MARKET_PEERS,HISTORICAL_DISCOVERY,peer_rs_20d_vs_0050,RETURN_RS,5,0.13250955030292486,,4410,4387,543,36,450,0.3590152723957146,0.5871894232961021,0.053795304308183266,0.31616138591292453,0.2338728060177798,-0.007557089325341808,-0.00426836776564068,-0.00012172810327248283,0.008843904904764714,0.06242128615751284,0.11562100983126455,-0.06763972315534073,-0.10274508517516903,1.125319129709645,-0.004553837815401203,-0.010314240052707268,-0.060753847975751785,0.9036615077276218,0.7958733302229564,18,-0.01109170202090594,0.7813874352266239,-0.005335788986176987,0.8875821325438811,86,-0.013954943910577163,0.7292350663649744,-0.008215706601041576,0.8296002255768898,20210909,-0.010355644345535273,0.7951006244029941,202004,-0.013020833860156957,0.75041367638966
DYNAMIC_MARKET_PEERS,RETROSPECTIVE_CONFIRMATION_NOT_BLIND_OOS,peer_rs_20d_vs_0050,RETURN_RS,1,,-0.04264611769178067,2572,2556,394,24,384,0.3611111111111111,0.5152582159624414,0.12363067292644757,0.30438184663536777,0.20735524256651017,-0.000808270622478532,0.007022154267337611,0.012310585967391992,0.017926853815643875,0.054404737536790176,0.09152542776181215,-0.04000572720209436,-0.06513427411102399,1.4051807441010762,0.0039886013634744194,-0.0018210840982655397,-0.05608862217501119,1.1032969892461166,0.9563217736628016,11,-0.002596725897971564,0.9379862436161123,0.0032084586101950637,1.082735216651118,55,-0.005567390753903776,0.869340937292525,0.00022040070909530539,1.0055851245159058,20230407,-0.0018818951695001296,0.9548808951470242,202304,-0.0020812899740043096,0.9501801574285904
DYNAMIC_MARKET_PEERS,RETROSPECTIVE_CONFIRMATION_NOT_BLIND_OOS,peer_rs_20d_vs_0050,RETURN_RS,2,-0.04264611769178067,0.00614004243635147,3288,3278,463,24,456,0.34777303233679074,0.5179987797437462,0.1342281879194631,0.2907260524710189,0.18334350213544845,-0.0024394092195862325,0.0028533823446743314,0.007082667238376848,0.017541169398111362,0.04927718904981436,0.08674756269804,-0.04172560842329774,-0.06572044708906766,1.3199478478969466,0.002463979057756907,-0.0033369819753458403,-0.05619396973574921,1.0642911823044217,0.9195095771171451,14,-0.00411044748465744,0.9012764751495548,0.0016860294779503992,1.043804705449927,69,-0.007019947569068622,0.8342379975078462,-0.0012405314823675483,0.9683128661511461,20240827,-0.0033712037399054543,0.91870892991411,202302,-0.004235808487089215,0.8991743924018734
DYNAMIC_MARKET_PEERS,RETROSPECTIVE_CONFIRMATION_NOT_BLIND_OOS,peer_rs_20d_vs_0050,RETURN_RS,3,0.00614004243635147,0.05504124222685125,3262,3251,477,24,485,0.3571208858812673,0.5226084281759459,0.12027068594278684,0.29560135342971394,0.19717010150722855,-0.0036783700576668013,0.001032616322208856,0.0045768223201370925,0.0137889178830018,0.048628355369021936,0.08743896370338096,-0.04440630675213747,-0.06837039390304399,1.2789009790901322,0.0028885184438667234,-0.0029149872548700456,-0.05619542812212683,1.0736750822331034,0.9311760588408025,14,-0.003694333676052951,0.9131510190340184,0.0021046741284500648,1.0534510297911912,68,-0.006609280202713093,0.8472164095615242,-0.000827276460033534,0.9793406896312934,20230724,-0.0029662505089907737,0.9299872565883189,202306,-0.004096910825042799,0.9044337161827227
DYNAMIC_MARKET_PEERS,RETROSPECTIVE_CONFIRMATION_NOT_BLIND_OOS,peer_rs_20d_vs_0050,RETURN_RS,4,0.05504124222685125,0.13250955030292486,3180,3173,466,24,480,0.34352347935707533,0.5512133627481879,0.10526315789473684,0.2833280806807438,0.18657421998109044,-0.004272468929009519,-0.0026686477842406886,0.0017119811617180827,0.008172785435868055,0.04712951344541418,0.08576444446794189,-0.04795862021426646,-0.07416636288964273,1.1563792685311634,-0.0007598947214407093,-0.006541837711608909,-0.057802237104101435,0.9815253137185989,0.852550420159978,13,-0.00729412547747217,0.8362678314616886,-0.0015165483396874031,0.9632804869624837,63,-0.010068549114255131,0.777566096618864,-0.004307231669007913,0.897361051792208,20240930,-0.006598656949089352,0.8513166181459954,202302,-0.008708241249925757,0.808735093476935
DYNAMIC_MARKET_PEERS,RETROSPECTIVE_CONFIRMATION_NOT_BLIND_OOS,peer_rs_20d_vs_0050,RETURN_RS,5,0.13250955030292486,,2128,2120,387,24,361,0.34056603773584904,0.6122641509433963,0.04716981132075472,0.294811320754717,0.20943396226415095,-0.00623634050128384,-0.006559343895113692,-0.006607947989845655,-0.0019445556741074289,0.050668551232169984,0.0910511872313643,-0.06136757288199706,-0.09192755168162148,0.9904667922268576,-0.0071822592763974725,-0.012927871044092949,-0.06151303238546564,0.8476409275496298,0.7442012427347479,8,-0.01365847750809743,0.7307648468579621,-0.007917102066008916,0.8326862866977954,39,-0.016356666472314197,0.6823108107942749,-0.010631017641738925,0.778630237429981,20230518,-0.013013236445552693,0.7426336072636129,202310,-0.013350325884902859,0.7365836728327609
DYNAMIC_MARKET_PEERS,STRESS_PREVALENCE_SEEN_NOT_BLIND,peer_rs_20d_vs_0050,RETURN_RS,1,,-0.04264611769178067,1564,1564,166,12,205,0.3663682864450128,0.530690537084399,0.10294117647058823,0.3101023017902813,0.18989769820971866,-0.0026582959755051955,0.003060951106271482,0.007720563935241335,0.015704050634231977,0.05188026711639043,0.0872268537446092,-0.04628037341094442,-0.0686241723790274,1.2710805933342966,0.0029161452318406745,-0.002886896904315336,-0.056796461832723986,1.0740359758134375,0.9321179024951992,7,-0.003702596876792887,0.9133273105891586,0.002095737880412511,1.0529690864554475,33,-0.006654040798667821,0.8468391105480403,-0.0008729569745980885,0.978304736121014,20251113,-0.0029957153510703264,0.9296041993763753,202512,-0.003532612997622845,0.9173823853478259
DYNAMIC_MARKET_PEERS,STRESS_PREVALENCE_SEEN_NOT_BLIND,peer_rs_20d_vs_0050,RETURN_RS,2,-0.04264611769178067,0.00614004243635147,1206,1204,207,12,242,0.3122923588039867,0.5722591362126246,0.11544850498338871,0.25083056478405313,0.17275747508305647,-0.0026443247828828306,-0.0036452138514598644,-0.0011286020333525185,0.010300355241645829,0.04485711803168726,0.08514459344974472,-0.04929115129093274,-0.07740508257394951,1.099987114778945,-0.004943280859037151,-0.010701180642755118,-0.058665360220227225,0.8817663877838953,0.7631787360522563,5,-0.011492544082847864,0.7467217633952241,-0.00573922426791378,0.8632990401901819,23,-0.014244787175392806,0.6907794309048669,-0.008507505912620741,0.8004042258006423,20250414,-0.0109889862266859,0.7572134581859152,202508,-0.012242776446903155,0.7327109220009541
DYNAMIC_MARKET_PEERS,STRESS_PREVALENCE_SEEN_NOT_BLIND,peer_rs_20d_vs_0050,RETURN_RS,3,0.00614004243635147,0.05504124222685125,1142,1139,212,12,231,0.3652326602282704,0.5417032484635645,0.09306409130816505,0.3090430201931519,0.21246707638279191,-0.004548194349274713,-0.0010636959339074131,0.004907297489414192,0.020690536242270834,0.05117180049971783,0.0985046905962567,-0.049856198371265335,-0.07749153706895641,1.2711670760718243,0.0022477314537126176,-0.0035520690433984334,-0.0575564033709195,1.0549030673162736,0.9195088801222682,5,-0.004356808134378745,0.9017066048398107,0.0014383762101960046,1.0349795330164935,24,-0.007316599450964939,0.8376968329267178,-0.001538655807260268,0.9632087275115264,20251013,-0.0037077806816118645,0.9160541663566749,202512,-0.008619116102105718,0.8137107973213125
DYNAMIC_MARKET_PEERS,STRESS_PREVALENCE_SEEN_NOT_BLIND,peer_rs_20d_vs_0050,RETURN_RS,4,0.05504124222685125,0.13250955030292486,1504,1501,215,12,239,0.3457694870086609,0.5729513657561626,0.08127914723517655,0.28847435043304465,0.20119920053297802,-0.003054588876776538,0.0030912092699521285,0.0036522839182990697,0.009360948827247443,0.05402798991576648,0.09564451966838004,-0.0498314197079356,-0.08206363234099391,1.1654921545631116,-0.00296972065890234,-0.008739395131316753,-0.05941866245287856,0.9310792895781426,0.8115256909929913,6,-0.009509044779210548,0.7957471254332105,-0.0037438274792252497,0.9134612787870554,30,-0.012409818545635274,0.7377181754199041,-0.006661501486113963,0.8484910617054087,20250414,-0.00886114606197454,0.8090273183883263,202507,-0.010068876383891343,0.7856146532941178
DYNAMIC_MARKET_PEERS,STRESS_PREVALENCE_SEEN_NOT_BLIND,peer_rs_20d_vs_0050,RETURN_RS,5,0.13250955030292486,,1424,1423,191,12,216,0.30428671820098385,0.6191145467322557,0.07659873506676036,0.2550948699929726,0.1735769501054111,-0.006212321586564889,-0.007711888042667315,-0.008257327652523998,0.0025847758897109604,0.043740593868053325,0.08245038815276852,-0.055700277596068964,-0.08426200220875568,0.9785002253863021,-0.011216436567889121,-0.01693818955913357,-0.061929686860724115,0.7568041719626224,0.6589309626440395,5,-0.017620214227999042,0.6464443176254717,-0.011902396721261125,0.7428378971933318,25,-0.020250230337846044,0.599403135780215,-0.01454779372944942,0.6901149521273083,20250808,-0.017073436710753356,0.6564492097040245,202512,-0.01937832450848552,0.6187345874670583
DYNAMIC_MARKET_PEERS,HISTORICAL_DISCOVERY,peer_breadth_up,BREADTH,1,,0.2,4367,4349,447,36,565,0.36928029432053344,0.5405840423085767,0.09013566337088987,0.30972637387905266,0.2044148080018395,-0.0017141122657487145,-0.0020700153275645433,0.006924363948653284,0.016991935260944557,0.05420364152176454,0.09990706108551368,-0.051044466996266025,-0.08077392821185791,1.2368726307760152,0.0007997178392631379,-0.004991778828494205,-0.05779682890378632,1.0188657090146878,0.8903090414429893,19,-0.0057928704215295945,0.8732617226982848,-6.007480745388426e-06,0.9998588999317315,91,-0.008693397322567393,0.8129656927579947,-0.0029234640525093664,0.9324772136728017,20200519,-0.005033351239680435,0.8894209480310588,202004,-0.005601002871897415,0.877739852658663
DYNAMIC_MARKET_PEERS,HISTORICAL_DISCOVERY,peer_breadth_up,BREADTH,2,0.2,0.4,3562,3534,584,36,541,0.3387096774193548,0.568760611205433,0.09252971137521222,0.29258630447085454,0.20203735144312393,-0.005288873604526723,-0.0023078580787662317,0.005533021336625831,0.015242371427187141,0.05244560088544461,0.09774896751515345,-0.05119666645060019,-0.08022937484449036,1.2183688045011138,-0.0029165384719999033,-0.008686274600102307,-0.05956146309900344,0.9333055528721779,0.8151819270391728,14,-0.009427883908791195,0.8001973575950883,-0.0036624177550143547,0.9165808104391554,69,-0.012262853984452694,0.7441772672143299,-0.006513892429327649,0.8539507795276804,20200401,-0.008739395339321285,0.814104292753471,202004,-0.009705616066012158,0.7956257895893971
DYNAMIC_MARKET_PEERS,HISTORICAL_DISCOVERY,peer_breadth_up,BREADTH,3,0.4,0.6,3797,3776,633,36,584,0.3310381355932203,0.5770656779661016,0.09189618644067797,0.2804555084745763,0.1986228813559322,-0.0033749644232126384,-0.0010614157586398794,0.001958425139867053,0.0067947974270599005,0.05296516407053656,0.09305211743437926,-0.05124857428486874,-0.08131190584736814,1.1443849023665593,-0.005111072379208139,-0.010868561130011741,-0.05949759650030256,0.8851727213981494,0.772859211732139,15,-0.011619231779161082,0.758135661386107,-0.005866079430017771,0.8687339768171743,72,-0.014396824465947164,0.7048595207613323,-0.00865986674918455,0.8091539204321615,20221102,-0.010914842557690794,0.7719523915489562,202103,-0.012470364724381521,0.7430084119013037
DYNAMIC_MARKET_PEERS,HISTORICAL_DISCOVERY,peer_breadth_up,BREADTH,4,0.6,0.8,3996,3976,635,36,596,0.3488430583501006,0.5550804828973843,0.0960764587525151,0.2977867203219316,0.19869215291750503,-0.0029707611694092246,0.0016771241266754756,0.0037063448990648827,0.011293577517231658,0.054075973035212985,0.0970158652762354,-0.050720786575517145,-0.07923360408758537,1.2244282762777445,-0.0014153709827243659,-0.0071937385834086685,-0.05866908319172126,0.9667779385766034,0.8430292346765197,16,-0.007943914847458914,0.8273575802688232,-0.002169859044706189,0.9492732986319214,79,-0.01082528698732735,0.7684805016674517,-0.005067978851469021,0.8834062922949444,20210616,-0.007239838187969595,0.8420630521500049,202211,-0.009163870193146783,0.8043223857893983
DYNAMIC_MARKET_PEERS,HISTORICAL_DISCOVERY,peer_breadth_up,BREADTH,5,0.8,,6328,6302,564,36,637,0.35940971120279275,0.5493494128847984,0.09124087591240876,0.3100602983179943,0.2170739447794351,-0.004443156861488752,0.004850309481500615,0.006772681928005795,0.019648479105464273,0.05762577889017649,0.10296647489892677,-0.0513610377543194,-0.07881376094473,1.3064530059812072,0.0004485407284217224,-0.005340660035317828,-0.05800363873083764,1.0106659135245406,0.8818870959970154,26,-0.006098719649844554,0.865678473096718,-0.00031392047464563695,0.9925660377280802,129,-0.00899705351316885,0.8050960701891018,-0.0032291548960687033,0.924785264928641,20211209,-0.005367666025637932,0.8813086741490278,202103,-0.006921161494211392,0.8489358279393013
DYNAMIC_MARKET_PEERS,RETROSPECTIVE_CONFIRMATION_NOT_BLIND_OOS,peer_breadth_up,BREADTH,1,,0.2,2334,2323,303,24,455,0.36676711149375807,0.5144210073181231,0.1188118811881188,0.3065002152389152,0.2053379250968575,-0.0023696659224664886,0.008350093854073167,0.011860199616890832,0.022096811431724147,0.056357915829668995,0.09707584359554476,-0.043382922267682866,-0.0683659019419622,1.4199453358774565,0.004221061900494886,-0.001590346009917892,-0.05591416179781694,1.1084108696923498,0.9621378849735224,10,-0.00236642799041173,0.9439038619102809,0.003440505668711349,1.0879832110781078,50,-0.005349508521842086,0.8753829814543751,0.0004399998752649194,1.011057422056784,20240429,-0.0016676342782654472,0.9603149377351022,202301,-0.002361028980321998,0.9442815085474269
DYNAMIC_MARKET_PEERS,RETROSPECTIVE_CONFIRMATION_NOT_BLIND_OOS,peer_breadth_up,BREADTH,2,0.2,0.4,2794,2788,405,24,484,0.35581061692969873,0.5308464849354376,0.1133428981348637,0.29734576757532283,0.1908177905308465,-0.002073870972912133,0.002434888990226987,0.0070899148674534755,0.013133688808621218,0.05035586735246556,0.08892953347898999,-0.042997221512546806,-0.06944831064460853,1.2805139916804273,0.002915389119583869,-0.0028881681521228057,-0.05676054321355711,1.0744210939511945,0.9317394616673598,12,-0.0036700041658018936,0.9136344617753087,0.0021290124831096057,1.054113350067638,58,-0.0065374610715420445,0.8487044244870601,-0.0007552024686750797,0.9811230076610302,20231117,-0.003017173591964236,0.9287416314834498,202402,-0.004005654577486959,0.9062218763287145
DYNAMIC_MARKET_PEERS,RETROSPECTIVE_CONFIRMATION_NOT_BLIND_OOS,peer_breadth_up,BREADTH,3,0.4,0.6,2867,2856,447,24,502,0.34978991596638653,0.5500700280112045,0.10014005602240897,0.28921568627450983,0.19047619047619047,-0.0041063201680816746,-0.0005442388552627194,0.002628072770891464,0.011159345914685424,0.04842854592892745,0.08763459812977716,-0.04742197303614775,-0.07313449970803573,1.1982661873620257,-0.0003170509098697325,-0.006101824727880838,-0.057975536423509395,0.9922520154830446,0.8618075490393141,12,-0.006872676610090972,0.8450035009431507,-0.001092371644576304,0.9734171495749446,57,-0.009663498951072224,0.785511658992766,-0.0038995218317149304,0.9066066848243425,20240628,-0.006162366144697193,0.86048529045353,202302,-0.007714560055030497,0.8289110526765276
DYNAMIC_MARKET_PEERS,RETROSPECTIVE_CONFIRMATION_NOT_BLIND_OOS,peer_breadth_up,BREADTH,4,0.6,0.8,2873,2865,427,24,514,0.34101221640488655,0.5396160558464224,0.1193717277486911,0.28865619546247817,0.19267015706806281,-0.003849342705331376,-0.0014291864099989524,0.002551671230169927,0.006739556966850381,0.048730394985592194,0.08521605551769991,-0.047127434407947026,-0.07386471385396035,1.1536774607450937,-0.0005654956833297199,-0.006348680268093663,-0.057000006520242,0.9862679706306342,0.8570006265010982,12,-0.007119585779129111,0.8403082238428478,-0.0013408724954486328,0.967575741190761,58,-0.009963678059912918,0.7801187729808432,-0.00420157370611176,0.9000379388576643,20231026,-0.006407789576250747,0.8557196098555386,202302,-0.007305928050433334,0.8377099999055785
DYNAMIC_MARKET_PEERS,RETROSPECTIVE_CONFIRMATION_NOT_BLIND_OOS,peer_breadth_up,BREADTH,5,0.8,,3562,3546,371,24,569,0.34292160180485054,0.5552735476593345,0.101804850535815,0.2882120699379583,0.1982515510434292,-0.004161191907393734,-0.003454921735156748,-0.0003239942126686263,0.00869458935127923,0.04692698462233037,0.08455993761466499,-0.049226172099889824,-0.0737374064106931,1.1467712485531965,-0.0015180944299597798,-0.007296083510510816,-0.05820070724390279,0.9635571933831094,0.8375295691982493,14,-0.00802894481607127,0.8219159711070146,-0.00225520722126252,0.9460760811066061,70,-0.010842521778639012,0.7633230982522041,-0.00508525266752991,0.8803351495271097,20240410,-0.007342119789496469,0.83655053253662,202305,-0.008902738085901031,0.8050570486509728
DYNAMIC_MARKET_PEERS,STRESS_PREVALENCE_SEEN_NOT_BLIND,peer_breadth_up,BREADTH,1,,0.2,1222,1222,144,12,249,0.3469721767594108,0.5671031096563012,0.08592471358428805,0.2945990180032733,0.20212765957446807,-0.0010971017399251564,0.00260501403078939,0.007208325184480364,0.010235182542383602,0.05654275421642704,0.09617102295744856,-0.05196307237335683,-0.08168635367262553,1.177320551519208,-0.0033852291204622726,-0.009152470376340255,-0.05927608741399705,0.9218249270940201,0.8034906671496858,5,-0.00994692813674281,0.7873069975345725,-0.0041843007429721345,0.9037673399503079,24,-0.012777216919093476,0.7310529844489915,-0.007031162951644845,0.84081835000114,20250813,-0.009301942368638605,0.8004448446890818,202512,-0.011601322609183883,0.7572627986562485
DYNAMIC_MARKET_PEERS,STRESS_PREVALENCE_SEEN_NOT_BLIND,peer_breadth_up,BREADTH,2,0.2,0.4,1238,1236,186,12,277,0.3511326860841424,0.5550161812297735,0.09385113268608414,0.29449838187702265,0.19579288025889968,-0.002344755158428276,-0.0019991688181810858,0.004042534733559565,0.008479678115024042,0.048702258210775055,0.08806744212738749,-0.048220461778167016,-0.07588318341081131,1.1605659932664376,-0.00048041624334500707,-0.00626433253370735,-0.05803347378627134,0.9882344223765936,0.8581329991385461,5,-0.007017880535460599,0.8417104890854475,-0.0012382862831234855,0.9697965735329229,24,-0.009753070399291974,0.7834131464582166,-0.00398942382953583,0.9041946201574989,20251219,-0.006377422005321731,0.8556887372551232,202508,-0.009304058521116154,0.7947021942757324
DYNAMIC_MARKET_PEERS,STRESS_PREVALENCE_SEEN_NOT_BLIND,peer_breadth_up,BREADTH,3,0.4,0.6,1260,1257,205,12,273,0.3420843277645187,0.5743834526650756,0.08353221957040573,0.2871917263325378,0.19252187748607796,-0.005240320792841604,-0.0019426002347722026,0.0009922844074008474,0.013387518815415847,0.046616624850337844,0.09098332392980076,-0.049995626971272404,-0.07916839083692191,1.1492380098670478,-0.002855343987241358,-0.008624937513214201,-0.05916084882809111,0.9335139665323445,0.813509836847815,5,-0.009374357254621523,0.7981119919174947,-0.003609106387367076,0.9162970578963773,25,-0.012295304607767007,0.7394358310116528,-0.006547090737801301,0.8505844567469543,20250411,-0.008729548445049126,0.8113980786467955,202512,-0.01482408194715041,0.6968354136211281
DYNAMIC_MARKET_PEERS,STRESS_PREVALENCE_SEEN_NOT_BLIND,peer_breadth_up,BREADTH,4,0.6,0.8,1358,1356,204,12,278,0.3281710914454277,0.5715339233038348,0.10029498525073746,0.27064896755162243,0.17404129793510326,-0.0048318407368423575,-0.004101852399266722,-0.003563263196703962,0.01066470729556941,0.04501165499918342,0.0861930020773201,-0.05072215966562393,-0.07791668778459751,1.1062200476950799,-0.0036953504038350227,-0.009460699274188874,-0.05920122378577514,0.9126282545579235,0.7925699702641669,6,-0.010290232209533982,0.7753804018796266,-0.004529680719277854,0.8933754880596506,26,-0.012973094949327246,0.7210130173386223,-0.007228207010703859,0.8323753363478557,20251017,-0.009598259356706655,0.7897091006488859,202512,-0.01325080092674593,0.71975306811496
DYNAMIC_MARKET_PEERS,STRESS_PREVALENCE_SEEN_NOT_BLIND,peer_breadth_up,BREADTH,5,0.8,,1762,1760,183,12,309,0.33181818181818185,0.56875,0.09943181818181818,0.27443181818181817,0.18693181818181817,-0.004868734006853608,8.206515680366561e-05,-0.0001041051208283441,0.01362526960389299,0.04991370918773346,0.0877312279561177,-0.04991511324270276,-0.07561766603785816,1.1601948665301949,-0.0033628555849317455,-0.009129955821562636,-0.05848696751041056,0.920189625755803,0.7990886001141649,7,-0.009879347160058541,0.7834623602333891,-0.0041165457090132345,0.9026909303601882,34,-0.01268274271350683,0.7262984798581757,-0.006936243127660965,0.8385628205838056,20251002,-0.009219987647068146,0.7972226634027099,202507,-0.011024877628815518,0.7624867932662098
DYNAMIC_MARKET_PEERS,HISTORICAL_DISCOVERY,peer_breadth_above_ma20,BREADTH,1,,0.2,3207,3193,357,32,405,0.3989978077043533,0.520513623551519,0.08048856874412778,0.34481678672095206,0.24553711243344817,-0.00199815581443577,0.00576371983463797,0.015361407445800458,0.03918569194930555,0.059684317233167763,0.11040202125661748,-0.04765488746337323,-0.07292054182544051,1.514004401131595,0.005349132312530483,-0.00046886061968969597,-0.05672674138222071,1.1325942618448932,0.9891805571447362,15,-0.0013110704406491742,0.9698878239758985,0.004502039411971033,1.1110722722308115,71,-0.004226743229964691,0.9046323708561869,0.0015693354844490677,1.038035678201403,20210526,-0.000525405309712373,0.987879527185822,202004,-0.0006263438698661898,0.9855691017126859
DYNAMIC_MARKET_PEERS,HISTORICAL_DISCOVERY,peer_breadth_above_ma20,BREADTH,2,0.2,0.5,4149,4117,567,36,507,0.3291231479232451,0.5681321350497935,0.10274471702696138,0.28030119018702937,0.1838717512752004,-0.003829576845827156,-0.0013224038178412014,0.00278662796998067,0.00934255690823044,0.050463141078002406,0.09025849967496297,-0.05052882507998661,-0.07991930377904823,1.129370445024138,-0.004471156401830123,-0.010232021650354433,-0.05941866245287856,0.8977478883978326,0.7824335575248871,16,-0.010963189145351902,0.7677924858237808,-0.005206547845087148,0.881392762862557,79,-0.013752028052532835,0.7131976818877078,-0.008011646879666282,0.8202952029787965,20211103,-0.01027547248069924,0.781562720205239,202211,-0.010629089496731072,0.7748113941788434
DYNAMIC_MARKET_PEERS,HISTORICAL_DISCOVERY,peer_breadth_above_ma20,BREADTH,3,0.5,0.8,5460,5421,659,36,593,0.31507102010699134,0.5928795425198303,0.09204943737317837,0.2623132263420033,0.17358420955543258,-0.0030434098156769947,-0.00420541596893424,-0.004430164136062279,-0.005724872341219513,0.0477908368490358,0.08346820573201916,-0.05356931679473898,-0.08623173570788499,0.9679522863226661,-0.008314738801186453,-0.014053473887571801,-0.06068978010665811,0.8192601283146358,0.7156084364121688,20,-0.014765031444678717,0.7023114270632551,-0.009030412336264414,0.8044275349433526,99,-0.017510762250478016,0.6521167390304373,-0.011792103926198387,0.7483527900052096,20211006,-0.014086932957063035,0.7149839316587454,202211,-0.014894734466707683,0.7010420409598749
DYNAMIC_MARKET_PEERS,HISTORICAL_DISCOVERY,peer_breadth_above_ma20,BREADTH,4,0.8,0.9,2244,2231,563,36,498,0.3370685791125056,0.5710443747198566,0.09188704616763783,0.27610936799641417,0.18960107575078441,-0.004690254413498352,-0.0013592708710097139,-0.0005255054930206636,0.005417068497516127,0.05137810760793074,0.09151741703211357,-0.05329906942374354,-0.0820759664141677,1.1150330727792213,-0.00415494482524223,-0.009917196060305016,-0.0590142809863597,0.9055120684361961,0.7902105567416927,9,-0.010676767468798915,0.7750536245493332,-0.004918884946103162,0.8885904988402756,43,-0.013450048821959739,0.7209600795933505,-0.007708328005310301,0.8280829244665047,20220705,-0.009997753237411484,0.788601239112869,202103,-0.013631160281223083,0.7203846138021441
DYNAMIC_MARKET_PEERS,HISTORICAL_DISCOVERY,peer_breadth_above_ma20,BREADTH,5,0.9,,6990,6975,579,35,608,0.3750537634408602,0.5333333333333333,0.09161290322580645,0.32759856630824374,0.23025089605734766,-0.004242749616888758,0.004149017237617878,0.011347303166037668,0.02545024138318703,0.061248332045305096,0.11256929931711718,-0.05050615215789475,-0.0775814377419302,1.450982381785343,0.0038340584431528863,-0.001974755568568801,-0.05723452177707074,1.0938154620502205,0.9550634542168882,30,-0.0027512383440200234,0.9376634744606698,0.0030530905672266164,1.0743846662611698,149,-0.005749004060999179,0.8719731600815006,3.786702164674011e-05,1.0009067736953328,20210120,-0.0019984172177269135,0.9545315413242412,202103,-0.0045001301265737885,0.8998757434929233
DYNAMIC_MARKET_PEERS,RETROSPECTIVE_CONFIRMATION_NOT_BLIND_OOS,peer_breadth_above_ma20,BREADTH,1,,0.2,761,761,183,22,216,0.45729303547963207,0.4375821287779238,0.10512483574244415,0.3823915900131406,0.266754270696452,0.0029131392445436426,0.02252064405048503,0.03551008765561144,0.05277158785980555,0.07664380750503876,0.12380052190918879,-0.03448998131933439,-0.05446392868717377,2.2730736634932427,0.020624201166681778,0.014718327667742422,0.002513863345734162,1.6193226230019149,1.4095891226079051,4,0.013864832315064544,1.3838095631873109,0.019765772810505556,1.5904251251826942,20,0.01052621793245708,1.2852304295363344,0.016407735914089405,1.4797577697646753,20240627,0.014529020345501258,1.4037896797657896,202406,0.014347224525863919,1.3980208504656861
DYNAMIC_MARKET_PEERS,RETROSPECTIVE_CONFIRMATION_NOT_BLIND_OOS,peer_breadth_above_ma20,BREADTH,2,0.2,0.5,2950,2939,397,24,418,0.3613473970738346,0.5062946580469547,0.13235794487921063,0.2977203130316434,0.19700578428036747,-0.0015868469924287879,0.005597639820250195,0.010466436301938893,0.01665501708184237,0.05321379994791899,0.08964382866018468,-0.04107810023756626,-0.06608877709020684,1.356415303884754,0.004073638613959221,-0.001736714306250741,-0.05553923853826741,1.1061946538304004,0.9580997827160342,13,-0.0025321082503759183,0.9391802126543671,0.003273641746246136,1.0849622570185464,63,-0.00544528840178532,0.8714423054878427,0.00034340143794233844,1.0087601503479833,20230529,-0.0017964553322019814,0.9566732092310336,202306,-0.0023099246272832476,0.9445744719910321
DYNAMIC_MARKET_PEERS,RETROSPECTIVE_CONFIRMATION_NOT_BLIND_OOS,peer_breadth_above_ma20,BREADTH,3,0.5,0.8,4808,4792,473,24,523,0.33931552587646074,0.5490400667779632,0.11164440734557596,0.2800500834724541,0.18301335559265441,-0.0037204887615152967,-0.0020541511582144083,0.0009890899140827002,0.010508491329709805,0.046161227395666776,0.08446017500828275,-0.04695430502967792,-0.07247137121577342,1.1654281351571827,-0.0007722731515761404,-0.006554492572263638,-0.05771990614152033,0.9810245800440562,0.8507521125910013,20,-0.007324385471536849,0.8339174765299353,-0.0015466367033832474,0.9621564040012615,96,-0.010148928735630936,0.7735352570880993,-0.004387697608088505,0.8943502612019605,20240226,-0.006581533697296042,0.8501676512560533,202302,-0.007314407443584419,0.835054905538435
DYNAMIC_MARKET_PEERS,RETROSPECTIVE_CONFIRMATION_NOT_BLIND_OOS,peer_breadth_above_ma20,BREADTH,4,0.8,0.9,1837,1830,428,24,443,0.3371584699453552,0.5513661202185792,0.11147540983606558,0.2901639344262295,0.19562841530054645,-0.00443816006134231,-0.0014024744853838845,0.002365964340972211,0.00844721496440467,0.04731803806786823,0.08604927269858466,-0.04749932820822762,-0.07255428882163116,1.1859984309146745,-0.0018279131742057373,-0.007603854127027331,-0.05744111429021542,0.9557444318018327,0.829575015433845,7,-0.008312384773090932,0.8144073795961418,-0.002540548760361178,0.9387261073009087,35,-0.011062849656271422,0.7567908778499404,-0.005307101105483657,0.8739673457089707,20240913,-0.007702971919785933,0.8274478332801797,202302,-0.00993652435799732,0.7833197841671453
DYNAMIC_MARKET_PEERS,RETROSPECTIVE_CONFIRMATION_NOT_BLIND_OOS,peer_breadth_above_ma20,BREADTH,5,0.9,,4074,4056,429,24,522,0.34097633136094674,0.5670611439842209,0.09196252465483234,0.2901873767258383,0.1950197238658777,-0.005029839882079461,-0.0031790019911481318,-0.0014467726378462904,0.0037069000085450036,0.047613729296354684,0.08575984635775494,-0.0509772756744402,-0.07856610817795427,1.0915628678399936,-0.0026126234326521577,-0.008384255833007571,-0.059066442333113874,0.9389362887934585,0.8179686498528013,16,-0.009123901279022949,0.802691559059313,-0.0033565502788477693,0.9218582823159919,79,-0.011899510153988978,0.7466806312014825,-0.006148386887429732,0.8590953874610996,20241218,-0.008429545395757167,0.8170304859387957,202305,-0.009717848152374213,0.7917036255494911
DYNAMIC_MARKET_PEERS,STRESS_PREVALENCE_SEEN_NOT_BLIND,peer_breadth_above_ma20,BREADTH,1,,0.2,734,734,107,11,130,0.41689373297002724,0.5095367847411444,0.07356948228882834,0.36103542234332425,0.2452316076294278,0.001420159949072894,0.008605065325805582,0.021954318229825253,0.03865407131917456,0.07244421528853212,0.1194893196877301,-0.052759333270258696,-0.07677312036616625,1.556395247683443,0.007861789956550248,0.0020288525955125766,-0.05660345647371317,1.1896654215104356,1.0457380915596386,4,0.0010127286449355614,1.0227063558089986,0.006839772866997279,1.164110059973989,17,-0.0020854457122364382,0.9540749614763686,0.0037234292819657176,1.0877471317961411,20251113,0.0018035217868110458,1.0406028811975594,202502,0.00022319328137678917,1.004942589756047
DYNAMIC_MARKET_PEERS,STRESS_PREVALENCE_SEEN_NOT_BLIND,peer_breadth_above_ma20,BREADTH,2,0.2,0.5,1332,1331,186,12,238,0.33658903080390684,0.5574755822689706,0.10593538692712247,0.2787377911344853,0.18482344102178813,-0.0027912091772250985,0.0011179500991093734,0.0024862301184823093,0.000981266692894444,0.05087284912416607,0.08592317005813294,-0.04867010147173102,-0.08008999096191531,1.072832810019812,-0.0017800090484052747,-0.007556196812264562,-0.05822028456146746,0.9566300062828775,0.8295881747342658,6,-0.008400469315954165,0.8114016714227285,-0.0026291368143222834,0.9362297442913939,26,-0.011155420696551918,0.7533308278379326,-0.005400104037001372,0.8709964289968843,20250410,-0.007897739670284423,0.8222869581245753,202512,-0.00997021307302407,0.7798740906811812
DYNAMIC_MARKET_PEERS,STRESS_PREVALENCE_SEEN_NOT_BLIND,peer_breadth_above_ma20,BREADTH,3,0.5,0.8,2029,2024,219,12,279,0.316699604743083,0.5869565217391305,0.09634387351778656,0.26679841897233203,0.166501976284585,-0.005045317942120279,-0.0046202587573491135,-0.004834603717588542,0.00521318873499319,0.04282436681115842,0.08167615917678248,-0.051563281821991575,-0.07875007353383191,1.0371566083896224,-0.006332016921136174,-0.012081896078093896,-0.05943673257496139,0.854162601451885,0.7422000995297849,8,-0.012835803849289803,0.7271959955982271,-0.007090290210365383,0.837343705960026,37,-0.015469459933027915,0.675951391862565,-0.009739296499456365,0.7797875907014153,20250310,-0.012361016581840467,0.7367655656498526,202512,-0.015982654796223385,0.6694423690133485
DYNAMIC_MARKET_PEERS,STRESS_PREVALENCE_SEEN_NOT_BLIND,peer_breadth_above_ma20,BREADTH,4,0.8,0.9,785,783,192,12,225,0.36270753512132825,0.5363984674329502,0.10089399744572158,0.3103448275862069,0.21966794380587484,-0.002074688689957391,0.0003257585207146398,0.005325295616580916,0.02442003585813463,0.0497650251000331,0.0951979778567073,-0.045277639542170525,-0.0695160222227181,1.3694393725767042,0.0020911023459934475,-0.0037077735822894265,-0.05753600373567994,1.0521579776883592,0.9140874336338646,4,-0.004637169363275747,0.8931013698125817,0.0011563548808950625,1.0286954003612225,17,-0.007449367799585346,0.831138784334241,-0.00167230677773188,0.959193587775079,20250926,-0.0038846039698517353,0.9101050640608553,202507,-0.009146805135600282,0.8016127870813131
DYNAMIC_MARKET_PEERS,STRESS_PREVALENCE_SEEN_NOT_BLIND,peer_breadth_above_ma20,BREADTH,5,0.9,,1960,1959,190,12,283,0.32567636549259826,0.588565594691169,0.08575803981623277,0.26339969372128635,0.18427769270035732,-0.005838642194218066,-0.002988742171560949,-0.001924794544638236,0.009651693502052944,0.046066318173564005,0.0868308299586766,-0.050664617797965515,-0.07917135501599146,1.096745533042071,-0.005856010977149355,-0.011608446247268055,-0.05981618414278837,0.8643278334568923,0.7507231847261833,8,-0.012379457160959414,0.7352522807036904,-0.006631475789127554,0.8469892654870061,36,-0.014993913004191547,0.6839413885542861,-0.00926121020271688,0.7893790981946924,20250306,-0.011696968817083821,0.74895049094798,202512,-0.016250037631048184,0.6659647547326808
DYNAMIC_MARKET_PEERS,HISTORICAL_DISCOVERY,peer_breadth_ma20_rising,BREADTH,1,,0.3,4190,4169,426,33,405,0.38426481170544496,0.5080355001199328,0.10769968817462221,0.3314943631566323,0.22811225713600383,-0.0011404885873963187,0.006574534198431626,0.015721924864030224,0.03803718089374442,0.05688456353302631,0.10469981237962893,-0.04256550667403359,-0.0650793725892283,1.6088018094531915,0.006234169638475608,0.00041126156488215364,-0.05585329665689467,1.1617628298047915,1.0098968206814132,19,-0.00040427330458145356,0.9903156864145044,0.005413914859013122,1.1398388176019432,92,-0.003349921219355607,0.9211646522206371,0.0024510439438053173,1.0621956532850596,20220808,0.0003698577768850623,1.0088983226242596,202208,0.00031302482237977573,1.0075262411754256
DYNAMIC_MARKET_PEERS,HISTORICAL_DISCOVERY,peer_breadth_ma20_rising,BREADTH,2,0.3,0.6,4225,4200,602,36,486,0.33666666666666667,0.565952380952381,0.09738095238095239,0.28714285714285714,0.1911904761904762,-0.0025691287689329338,4.63588724209707e-05,0.0033305075873835493,0.012151229078794153,0.05044069257522231,0.09248165133370664,-0.04885050589773403,-0.07745394677350527,1.1940211594916672,-0.003891683026848196,-0.009656110139651758,-0.05908604551440814,0.9103062103368661,0.7930883009582346,17,-0.010414492017149798,0.7777409254254424,-0.004654465869970708,0.8931601332138421,81,-0.013175644523145813,0.7231164166687396,-0.007431722365155496,0.8320202649100895,20211123,-0.009696001205687251,0.7922829810476821,202104,-0.009702807992962015,0.7921866624740528
DYNAMIC_MARKET_PEERS,HISTORICAL_DISCOVERY,peer_breadth_ma20_rising,BREADTH,3,0.6,0.8,3632,3617,642,36,516,0.31932540779651647,0.5803151783245784,0.10035941387890517,0.26596627038982584,0.1774951617362455,-0.003995553783255329,-0.0028332743974895953,-0.0004579060046964182,0.0022587242197044445,0.04886215661011134,0.08689234498163084,-0.05129771899434175,-0.08130847292969304,1.0686751558692553,-0.006052998495136536,-0.01180459315952781,-0.06012168705012549,0.8635951031597809,0.7526374206752027,14,-0.012540169567921542,0.7382406887225031,-0.00679282238506654,0.8475156025572517,68,-0.015286871288693242,0.6856893647147476,-0.009555525830774878,0.7887136323594198,20210629,-0.011851899423330769,0.7517147915632372,202103,-0.012738749444326035,0.735584167845775
DYNAMIC_MARKET_PEERS,HISTORICAL_DISCOVERY,peer_breadth_ma20_rising,BREADTH,4,0.8,1.0,4841,4813,639,36,546,0.33845834199044256,0.5686681903178891,0.0928734676916684,0.28568460419696656,0.1930189071265323,-0.0045329921485880555,-0.0008273713136926777,0.002231323778630748,0.006943884931315238,0.05235898513091597,0.09310174773614702,-0.05209331956107848,-0.08218232038684307,1.132868326154637,-0.0031624073084745817,-0.00893065793800029,-0.05931499790357721,0.9277311239704699,0.8100921883300534,19,-0.009669351940260095,0.795195775869415,-0.0039053647627890573,0.9111050138177974,94,-0.012527488617240984,0.7388094219713851,-0.006780127162780599,0.8480833236676429,20210913,-0.008965060196108031,0.8094002436995859,202103,-0.011903833095610885,0.7532204425405377
DYNAMIC_MARKET_PEERS,HISTORICAL_DISCOVERY,peer_breadth_ma20_rising,BREADTH,5,1.0,,5162,5138,536,35,512,0.370766835344492,0.5601401323472168,0.06909303230829117,0.32172051381860645,0.23082911638769948,-0.0052331049395290576,0.0005244597424308133,0.005033998914115521,0.013808234475517168,0.06257176086270312,0.11261784417636056,-0.058949476704999906,-0.09095145521946256,1.2382192665814724,-0.00028418009249240195,-0.006069246458322664,-0.05878892251925498,0.9935780734071655,0.8720200670946688,21,-0.006825112158171513,0.8566696325570798,-0.0010444021972841016,0.9764949716365457,105,-0.009773286226620156,0.7981259234570756,-0.004009726344075892,0.9112396001365956,20200214,-0.0061386874697055855,0.8706061774298203,202004,-0.008911084017852209,0.8182759865588116
DYNAMIC_MARKET_PEERS,RETROSPECTIVE_CONFIRMATION_NOT_BLIND_OOS,peer_breadth_ma20_rising,BREADTH,1,,0.3,1171,1170,271,24,254,0.352991452991453,0.5085470085470085,0.13846153846153847,0.29743589743589743,0.20341880341880342,-0.002375478928889692,0.004912400882826854,0.012821781397117102,0.021840617353881365,0.05217716590911547,0.09049233192715231,-0.039733429184134895,-0.06398042856058081,1.4143752075913076,0.004530684650875903,-0.0012821973874982363,-0.05567057183935134,1.1189027688690543,0.9688507303855216,6,-0.002195644244475933,0.9469333011105734,0.0036119467125943533,1.094305405345443,26,-0.005124113743818151,0.8782828136846391,0.0006663898525703192,1.0171000220731539,20240703,-0.001415550528334901,0.9656404865173082,202306,-0.0017124228704227282,0.958562323431314
DYNAMIC_MARKET_PEERS,RETROSPECTIVE_CONFIRMATION_NOT_BLIND_OOS,peer_breadth_ma20_rising,BREADTH,2,0.3,0.6,3267,3255,420,24,426,0.3367127496159754,0.5317972350230414,0.1314900153609831,0.28079877112135176,0.17880184331797236,-0.0028601165246151666,0.0022703784933115275,0.005410226912916594,0.00942973250712096,0.048359834124494315,0.08166614785048906,-0.04313773202806885,-0.06858274034160408,1.1907682230794188,-8.480784377891236e-05,-0.005870912153338351,-0.05688520707805945,0.9978669795762473,0.863392162263563,14,-0.006667272207437028,0.8455292483069187,-0.0008857737075753207,0.97781753446365,66,-0.00945411532235879,0.7844765863788192,-0.0036889255610314713,0.9091003082771169,20230201,-0.005914074570289516,0.8624301109174748,202304,-0.006498978588366207,0.8497359294217914
DYNAMIC_MARKET_PEERS,RETROSPECTIVE_CONFIRMATION_NOT_BLIND_OOS,peer_breadth_ma20_rising,BREADTH,3,0.6,0.8,3210,3195,461,24,466,0.3511737089201878,0.5392801251956182,0.10954616588419405,0.2892018779342723,0.19436619718309858,-0.002816047132972967,0.0016113017975420967,0.005938944518204645,0.013980372640341878,0.04986486129773316,0.08950849510337942,-0.044377978534753955,-0.06934026117088671,1.2908589265735355,0.001224328076436041,-0.00456934228029906,-0.05712187495477338,1.0306187958335309,0.8941947909627835,13,-0.0053070985483263475,0.8776117223280999,0.00048229458804824934,1.012012461242012,65,-0.008165506143472058,0.8147705901285669,-0.0023928545188138853,0.9413753762897088,20231123,-0.004616560190459791,0.8931348967494996,202402,-0.005358479100877674,0.8765068339607738
DYNAMIC_MARKET_PEERS,RETROSPECTIVE_CONFIRMATION_NOT_BLIND_OOS,peer_breadth_ma20_rising,BREADTH,4,0.8,1.0,4042,4026,471,24,512,0.37034277198211624,0.5350223546944859,0.09463487332339791,0.3147044212617983,0.21261798310978638,-0.003031702957039576,0.0024767265129033993,0.005881318313594511,0.012422043738323755,0.052593719376771056,0.09182880350943022,-0.04576566376051032,-0.07252723415696713,1.2661285733120562,0.0029452565926265197,-0.002858356989922558,-0.056989402260301636,1.0731002085635923,0.9341493016387428,17,-0.003623913352729889,0.9168649796057915,0.0021752593879495056,1.0537611829926479,84,-0.0065507817311634174,0.8522321701117951,-0.0007686959496834818,0.9813193096609599,20240116,-0.002902947340776772,0.9331386426806814,202305,-0.0038408675133718585,0.912458472866255
DYNAMIC_MARKET_PEERS,RETROSPECTIVE_CONFIRMATION_NOT_BLIND_OOS,peer_breadth_ma20_rising,BREADTH,5,1.0,,2740,2732,378,24,411,0.33455344070278187,0.5702781844802343,0.0951683748169839,0.2792825768667643,0.1870424597364568,-0.005675839544468976,-0.007310168518708227,-0.0052267684157716885,0.006966622820362939,0.04616402001555098,0.08797178979427414,-0.055902785221767164,-0.08154193242813962,1.0788533846901527,-0.003941931360127197,-0.009706257422720367,-0.05880394630613525,0.9089407774020783,0.7916850461847891,11,-0.010463736589992136,0.7763322923748268,-0.004703799102010479,0.8917790125804906,53,-0.013226183543468856,0.7216474492743018,-0.007482396959961325,0.8305086089628944,20240108,-0.009775534601919121,0.7902750188754927,202401,-0.010193408649129909,0.781991745775684
DYNAMIC_MARKET_PEERS,STRESS_PREVALENCE_SEEN_NOT_BLIND,peer_breadth_ma20_rising,BREADTH,1,,0.3,939,939,135,11,144,0.3780617678381257,0.5250266240681576,0.09691160809371673,0.32055378061767836,0.21725239616613418,-0.002340674997718564,0.005678579662594589,0.01302183565028437,0.024430042072777096,0.0624480115998955,0.10509876876853125,-0.051511447430940875,-0.07916027302117055,1.327670620090253,0.0037610458830737497,-0.0020475758612570876,-0.056875617459659224,1.0921734824657827,0.95329995973077,5,-0.003015722766206784,0.9315852171948787,0.0027873502043142036,1.0679469842184948,21,-0.006060625179600767,0.864863779375666,-0.0002753991193039368,0.9934016248977664,20251128,-0.0023420954082974633,0.946696486646748,202512,-0.0027998408338488906,0.9367454088408235
DYNAMIC_MARKET_PEERS,STRESS_PREVALENCE_SEEN_NOT_BLIND,peer_breadth_ma20_rising,BREADTH,2,0.3,0.6,1497,1497,195,12,226,0.33132932531730125,0.561122244488978,0.10754843019372078,0.2758851035404142,0.17167668670674682,-0.0033583234235980163,-0.0016673161659393465,-0.0008680485123286832,-1.3418772692307258e-05,0.046914318448882136,0.08406316628062721,-0.05018785459025521,-0.08172077907610201,1.0286632999710377,-0.003369427546484065,-0.009136978584931944,-0.05809357937375883,0.9200370352617988,0.7991090874369158,6,-0.009916802019894465,0.7828373309724009,-0.004153775309994859,0.9018180599480092,29,-0.012753425911800825,0.7250277905110153,-0.00700688662621859,0.8369344906001126,20250411,-0.009399679762092713,0.7937473488832255,202512,-0.012659116690237938,0.7312065301660537
DYNAMIC_MARKET_PEERS,STRESS_PREVALENCE_SEEN_NOT_BLIND,peer_breadth_ma20_rising,BREADTH,3,0.6,0.8,1349,1349,207,12,255,0.34321719792438843,0.5448480355819125,0.11193476649369903,0.2883617494440326,0.18532246108228317,-0.004557558074354022,-0.0013032413163120648,0.0034599617100135615,0.014289247783575681,0.04688885174144615,0.08667278925213115,-0.04622948283799928,-0.07287138927228463,1.1893939462067542,0.0001869367273154442,-0.00560054122953882,-0.05773648793228819,1.0046243268335915,0.8715920004871605,6,-0.006414894778635119,0.8535748486708954,-0.0006321146707844757,0.9844326812165664,28,-0.009280666572649709,0.7916314741053337,-0.0035146157661291332,0.9148621641085989,20250422,-0.005726658491876733,0.8687977421912192,202512,-0.011908739030707964,0.7410641003796788
DYNAMIC_MARKET_PEERS,STRESS_PREVALENCE_SEEN_NOT_BLIND,peer_breadth_ma20_rising,BREADTH,4,0.8,1.0,1683,1680,206,12,252,0.3482142857142857,0.5666666666666667,0.08511904761904762,0.2851190476190476,0.19226190476190477,-0.0029075517320912604,-0.0019284382114066578,-0.0018051629588911181,0.015180926666962661,0.04655279911555149,0.0895661219873539,-0.049488595455314754,-0.07417570022657825,1.2074860326732857,-0.002408216334490726,-0.008180887093995726,-0.05918644874212284,0.9427212627287304,0.8195630586971879,7,-0.00896405491946823,0.803113370006758,-0.003195904863060043,0.9243030398728999,33,-0.011727203720293549,0.7464265119654218,-0.005975163015310616,0.8606740499513506,20250203,-0.008277619491130322,0.8175382101699294,202507,-0.012045554837944788,0.7453685971149361
DYNAMIC_MARKET_PEERS,STRESS_PREVALENCE_SEEN_NOT_BLIND,peer_breadth_ma20_rising,BREADTH,5,1.0,,1372,1366,174,12,217,0.30600292825768666,0.6273792093704246,0.06661786237188873,0.25841874084919475,0.191800878477306,-0.005628601822567729,-0.003649733863897527,-0.001848764077381526,0.007729377964440564,0.048639154804944566,0.08792099362166661,-0.053857127336774106,-0.08219834837152219,1.06961995421464,-0.01020731777550922,-0.01593430425731074,-0.06167116473133903,0.7762576768415858,0.6760363878027781,5,-0.016637287944101915,0.6629820084453083,-0.010914373335432964,0.7616348617444924,24,-0.019226339045964217,0.6159731939855557,-0.01351856540346303,0.7088820860135346,20250117,-0.016035237428670367,0.674222959266472,202510,-0.01914101496498906,0.6205931884565498
DYNAMIC_MARKET_PEERS,HISTORICAL_DISCOVERY,peer_breadth_20d_close_high,BREADTH,1,,0.0,0,0,0,0,0,,,,,,,,,,,,,,,,,,,,,,,,,,,,,,,,,,,
DYNAMIC_MARKET_PEERS,HISTORICAL_DISCOVERY,peer_breadth_20d_close_high,BREADTH,2,0.0,0.0,0,0,0,0,0,,,,,,,,,,,,,,,,,,,,,,,,,,,,,,,,,,,
DYNAMIC_MARKET_PEERS,HISTORICAL_DISCOVERY,peer_breadth_20d_close_high,BREADTH,3,0.0,0.1,9690,9631,692,36,594,0.365071124493822,0.542726611982141,0.09220226352403696,0.30993666285951615,0.20953172048593086,-0.002030786954654651,0.0018814871622913458,0.008685927594680022,0.019733029835185337,0.0555338288048743,0.10010474884240181,-0.048693700501700424,-0.07736388641941765,1.2939467427954396,0.0010271112822877076,-0.004765615004060425,-0.05787391010891695,1.0245658175247438,0.8939545423760226,40,-0.0055254362519186525,0.8775574975510635,0.00026290501783144554,1.0062618852542482,200,-0.008444603836678742,0.815991129974467,-0.002673267002913256,0.9373901848466144,20210330,-0.0047842963065509465,0.8935498961508811,202102,-0.005796376192629977,0.8722235001129831
DYNAMIC_MARKET_PEERS,HISTORICAL_DISCOVERY,peer_breadth_20d_close_high,BREADTH,4,0.1,0.3,7044,7007,710,36,635,0.3281004709576138,0.5702868560011417,0.10161267304124447,0.2781504210075639,0.19009561866704724,-0.004235199649940327,-0.0006056676550948321,0.0011636583029908361,0.007189283991339625,0.050906445475290725,0.09218837903518932,-0.051131722650086586,-0.08119575567945427,1.1353842114498187,-0.0043085875841395805,-0.010070225648935635,-0.059159321573284254,0.9014359259868857,0.785948224430453,27,-0.01079998814834978,0.7713210357121635,-0.005042566550070161,0.8850897778457453,133,-0.01359203353164577,0.7165728301830776,-0.007850870608269613,0.8238109351131085,20220121,-0.010097425501715033,0.7854006976891824,202103,-0.01185095779658704,0.7519514655440244
DYNAMIC_MARKET_PEERS,HISTORICAL_DISCOVERY,peer_breadth_20d_close_high,BREADTH,5,0.3,,5316,5299,573,36,619,0.35667107001321,0.5635025476505001,0.07982638233628987,0.31024721645593506,0.21909794300811475,-0.00556093358510132,0.0004136314898542855,0.004278678237407286,0.015422811552985027,0.058065070527732354,0.1048995003665356,-0.0555822079474976,-0.08294717156973803,1.2646543381933293,-0.0016288224750759517,-0.007406239349465009,-0.05918144662896488,0.9628614001497606,0.8426368313247382,22,-0.008177194560129447,0.8269773917551585,-0.00240424078226839,0.945408766473868,106,-0.01103912995585015,0.7701393672243761,-0.005282876096200679,0.8819552705113266,20220614,-0.007441365529003477,0.8419203297148821,202103,-0.009497782280628453,0.8016987822782974
DYNAMIC_MARKET_PEERS,RETROSPECTIVE_CONFIRMATION_NOT_BLIND_OOS,peer_breadth_20d_close_high,BREADTH,1,,0.0,0,0,0,0,0,,,,,,,,,,,,,,,,,,,,,,,,,,,,,,,,,,,
DYNAMIC_MARKET_PEERS,RETROSPECTIVE_CONFIRMATION_NOT_BLIND_OOS,peer_breadth_20d_close_high,BREADTH,2,0.0,0.0,0,0,0,0,0,,,,,,,,,,,,,,,,,,,,,,,,,,,,,,,,,,,
DYNAMIC_MARKET_PEERS,RETROSPECTIVE_CONFIRMATION_NOT_BLIND_OOS,peer_breadth_20d_close_high,BREADTH,3,0.0,0.1,5199,5187,466,24,504,0.3749759012916908,0.5081935608251398,0.11683053788316947,0.30981299402352036,0.20339309812994025,-0.0005116743588206641,0.00661139272057436,0.011801193776365147,0.020193229952522276,0.055804724205269295,0.09417789161752335,-0.04150050853714079,-0.0665230633597969,1.415717900845192,0.0059736172939645425,0.00015223336644003537,-0.05563562096689081,1.1570916928528798,1.00370914055001,23,-0.0006353282225641666,0.9845889733104365,0.005181501574347271,1.135656761231747,114,-0.003619171175612167,0.9137575317108831,0.0021802007093035215,1.0560739196603528,20240221,0.00012245897040702162,1.0029831171379986,202402,-0.00019557736469914163,0.9952516153168859
DYNAMIC_MARKET_PEERS,RETROSPECTIVE_CONFIRMATION_NOT_BLIND_OOS,peer_breadth_20d_close_high,BREADTH,4,0.1,0.3,5319,5297,476,24,544,0.33603926750991125,0.5506890692845007,0.11327166320558807,0.28053615253917313,0.18784217481593354,-0.003764645084974005,-0.0007805493642292397,0.0014744367785519718,0.008712950632599746,0.047454289720315276,0.08538698037596824,-0.047271251213768455,-0.07310329489007984,1.1680318993057495,-0.0012955157395299227,-0.007074563523609315,-0.05789085506391817,0.9684233452081469,0.8402324937224362,21,-0.007810852869256388,0.8243039178793521,-0.002036079615278863,0.9505697285547586,105,-0.010640253067522783,0.7644704109997531,-0.004882030199503803,0.8833650794165032,20240726,-0.007209926494303922,0.8373292362531933,202304,-0.008048615724500979,0.819726528429198
DYNAMIC_MARKET_PEERS,RETROSPECTIVE_CONFIRMATION_NOT_BLIND_OOS,peer_breadth_20d_close_high,BREADTH,5,0.3,,3912,3894,433,24,563,0.3366718027734977,0.5670261941448382,0.0963020030816641,0.2883923985618901,0.19465844889573702,-0.006729047265149571,-0.005617129748247374,-0.0020640798519563986,0.004895678112922777,0.04489335280618264,0.08395611588051693,-0.05136340199782808,-0.07758602390816427,1.0821036012863954,-0.003620436505192504,-0.009386222546356173,-0.058803049405964244,0.9159166679131966,0.7976615778887646,15,-0.010109825636842623,0.7829024063452559,-0.004348231308723486,0.8994029026512026,74,-0.01285559433623578,0.7281388891066949,-0.007110033219161653,0.8380100676562803,20240822,-0.009426727146167367,0.7968406076776274,202305,-0.011499654176694307,0.7572045494398407
DYNAMIC_MARKET_PEERS,STRESS_PREVALENCE_SEEN_NOT_BLIND,peer_breadth_20d_close_high,BREADTH,1,,0.0,0,0,0,0,0,,,,,,,,,,,,,,,,,,,,,,,,,,,,,,,,,,,
DYNAMIC_MARKET_PEERS,STRESS_PREVALENCE_SEEN_NOT_BLIND,peer_breadth_20d_close_high,BREADTH,2,0.0,0.0,0,0,0,0,0,,,,,,,,,,,,,,,,,,,,,,,,,,,,,,,,,,,
DYNAMIC_MARKET_PEERS,STRESS_PREVALENCE_SEEN_NOT_BLIND,peer_breadth_20d_close_high,BREADTH,3,0.0,0.1,2761,2760,222,12,281,0.34456521739130436,0.5692028985507246,0.08623188405797101,0.29347826086956524,0.19311594202898552,-0.0025596804367138504,0.0003871913049117589,0.0031595353668459605,0.0108193034379666,0.052790750067948276,0.0921443067473039,-0.05227212404431177,-0.08115202353965337,1.135452977365122,-0.0036208569983949735,-0.0093865095867597,-0.0593422734716602,0.9168096388629389,0.7994963386897058,11,-0.01015210588455395,0.784006851106639,-0.004390875299008637,0.8995202843200922,54,-0.013007204280425387,0.7275913771812497,-0.007262647320447117,0.8364030127315271,20250813,-0.009452743491002795,0.7981546862062513,202512,-0.011605335579400978,0.7573620032600774
DYNAMIC_MARKET_PEERS,STRESS_PREVALENCE_SEEN_NOT_BLIND,peer_breadth_20d_close_high,BREADTH,4,0.1,0.3,2411,2403,221,12,317,0.3349979192675822,0.5642946317103621,0.10070744902205576,0.2754889721181856,0.1880982105701207,-0.005401953957072805,-0.0021709863646730914,0.0014482696370621355,0.01182057758232712,0.04619177127357631,0.08805681152005289,-0.048494715060782914,-0.07536817223058238,1.1683554067179807,-0.002242463188168551,-0.008015864942509986,-0.05810429046355847,0.9457710725531784,0.8205469166048011,10,-0.008794810418140816,0.8039278353024705,-0.0030259055264769043,0.9271297960883598,47,-0.011600656778193223,0.7453728983121534,-0.005848088048995639,0.8613432199765123,20250410,-0.008092009380066538,0.8189176410503435,202512,-0.012254727851776077,0.7357576506071223
DYNAMIC_MARKET_PEERS,STRESS_PREVALENCE_SEEN_NOT_BLIND,peer_breadth_20d_close_high,BREADTH,5,0.3,,1668,1668,195,12,296,0.3363309352517986,0.5695443645083933,0.09412470023980815,0.2775779376498801,0.18645083932853718,-0.0035378857707746973,-0.0017979250320348233,-0.0012968055464784945,0.011985658599798625,0.04800417867459771,0.08759247842780578,-0.049022693921658846,-0.07600708884216659,1.1524251193161335,-0.0023183623946539085,-0.008091799047423517,-0.05907394057053077,0.944264559738989,0.8198116692760116,7,-0.008871010637440283,0.8032891752674756,-0.003102067137899856,0.9257365892476339,32,-0.011551454158825762,0.747706834955215,-0.00579814179737526,0.8632818423138607,20250912,-0.008197434597556938,0.8175688117191054,202507,-0.011708194477329605,0.7484850954509418
DYNAMIC_MARKET_PEERS,HISTORICAL_DISCOVERY,peer_turnover_market_share,ACTIVITY_VOLUME,1,,0.007867508116353278,4410,4372,711,36,464,0.3572735590118939,0.5494053064958829,0.09332113449222323,0.2966605672461116,0.20448307410795974,-0.0019326234225336796,0.002827105709983046,0.006289544439790843,0.013718209175597063,0.05527499291816,0.0979096034880924,-0.04851638197400796,-0.07724460267346678,1.2675267928036604,-0.00026086784742174765,-0.006045909802766148,-0.05828274459400978,0.9938022182981747,0.8664724130257715,18,-0.006802453990962447,0.8503822148229612,-0.0010217827606231107,0.9758241048566398,89,-0.009670308068270966,0.7907730771613334,-0.0039063638355458456,0.9090806478100463,20200511,-0.006086110299922745,0.865615305261278,202103,-0.00831267719063751,0.8198332490499844
DYNAMIC_MARKET_PEERS,HISTORICAL_DISCOVERY,peer_turnover_market_share,ACTIVITY_VOLUME,2,0.007867508116353278,0.012445055847932741,4410,4390,725,36,548,0.3553530751708428,0.5485193621867882,0.09612756264236902,0.2997722095671982,0.1908883826879271,-0.003088619046451968,0.0011556111164335338,0.007303952602742607,0.015965978460949656,0.05459237813760399,0.09784220814911261,-0.04872550500634434,-0.07643199529534003,1.2801210771881804,-0.00044222982540509224,-0.006226482298067221,-0.05822097358583843,0.9895084978787159,0.8626672477709326,18,-0.006982720140787357,0.8466189751285952,-0.0012028277162374524,0.971581005814706,89,-0.009862489191307276,0.7868806767081886,-0.00409941618440245,0.9047167467084765,20211111,-0.0063362017150244195,0.8603427536246316,202211,-0.00844033672153432,0.8186678099592904
DYNAMIC_MARKET_PEERS,HISTORICAL_DISCOVERY,peer_turnover_market_share,ACTIVITY_VOLUME,3,0.012445055847932741,0.01894747157817338,4410,4386,729,36,560,0.34655722754217966,0.5556315549475604,0.09781121751025992,0.291609667122663,0.19904240766073872,-0.002933795312455331,-0.0007240898637426926,0.003498147187022383,0.01306249767480298,0.05159028604937805,0.09404174554739503,-0.04960531484755073,-0.07858439595352035,1.1966974410927216,-0.0018898097217543279,-0.007665435005399908,-0.05834003811951492,0.9557026040335252,0.8329319570526824,18,-0.00843073260241001,0.8170064017054852,-0.0026595268005252352,0.9379161713557995,88,-0.011298649503298452,0.7586868993384313,-0.005544160782709055,0.8726515338805425,20210426,-0.007702943731556418,0.8321527325170711,202103,-0.009611852171728604,0.793889784940703
DYNAMIC_MARKET_PEERS,HISTORICAL_DISCOVERY,peer_turnover_market_share,ACTIVITY_VOLUME,4,0.01894747157817338,0.031202778857615195,4410,4390,728,36,560,0.3400911161731207,0.564009111617312,0.0958997722095672,0.29248291571753987,0.1927107061503417,-0.004610271230131941,-0.0016720168707226126,0.0002632792139231467,0.005995928717395107,0.05118653445335227,0.09084244929718138,-0.05381723009083105,-0.0830596189778153,1.0937017339490183,-0.0028295243819458737,-0.008599891355148144,-0.0588057374141604,0.9351639541429965,0.8166368987897484,18,-0.009370032297061211,0.8010354510473648,-0.003604126331803359,0.9177532551236629,86,-0.012194333972800361,0.7450912118272952,-0.006444838046898054,0.8552152465328714,20220221,-0.008635009696302988,0.8159300598894313,202004,-0.010677565696601539,0.7782431630736625
DYNAMIC_MARKET_PEERS,HISTORICAL_DISCOVERY,peer_turnover_market_share,ACTIVITY_VOLUME,5,0.031202778857615195,,4410,4399,703,36,454,0.3568992952943851,0.5651284382814276,0.07797226642418731,0.3187087974539668,0.24096385542168675,-0.005361844968609462,0.0020803128222720967,0.008733741496984063,0.024657582145697812,0.0606792197014082,0.11299880241713357,-0.05499749717356287,-0.08434065971804959,1.3397903549117118,-0.0011677822457302777,-0.006948005367133431,-0.059244345506565925,0.9734680427921576,0.8528643109409313,18,-0.0077080765475379155,0.8374364433925146,-0.0019322421958986422,0.9562791825804008,88,-0.010593141153010962,0.7801600065929258,-0.004834103404519645,0.8923665113862052,20210311,-0.006990288739947436,0.8520025405509106,202103,-0.007684083401622073,0.8382657026943167
DYNAMIC_MARKET_PEERS,RETROSPECTIVE_CONFIRMATION_NOT_BLIND_OOS,peer_turnover_market_share,ACTIVITY_VOLUME,1,,0.007867508116353278,3802,3789,476,24,443,0.3465294272895223,0.5452626022697281,0.10820797044074953,0.2905779889152811,0.19319081551860648,-0.002720802745594289,0.0011738009952507688,0.004461717846284027,0.011814894657685735,0.05087589609586232,0.09126267052160282,-0.04616719128378707,-0.07377594304435263,1.2370247909503171,-0.00041802761235645993,-0.006202143135089502,-0.0574231671938795,0.9898091042571695,0.8598085880975675,16,-0.006977501479738083,0.8429486181315247,-0.0011978878025696524,0.9709205805622791,76,-0.009774689239470256,0.7834875233667753,-0.004011454297589107,0.9041682141004966,20240806,-0.006808110522521581,0.8468631823732498,202302,-0.00696171301990201,0.8441092727462272
DYNAMIC_MARKET_PEERS,RETROSPECTIVE_CONFIRMATION_NOT_BLIND_OOS,peer_turnover_market_share,ACTIVITY_VOLUME,2,0.007867508116353278,0.012445055847932741,3046,3036,480,24,472,0.37220026350461133,0.5210803689064558,0.1067193675889328,0.3115942028985507,0.21146245059288538,-0.0012759941340238787,0.0037384504111610552,0.00677325087518118,0.01576584762813623,0.05435297770480386,0.09266880793807639,-0.04559893415523347,-0.07173700724968306,1.2917852513074528,0.004261530189259453,-0.0015497021568345868,-0.05618502514310238,1.1073471739657987,0.9637492056401135,14,-0.0023812281305301843,0.9445549234534456,0.00342519748430318,1.0858822384417888,66,-0.005378362286722401,0.8769238151946143,0.00041056233992649576,1.0101171651234666,20240812,-0.0016373274362752053,0.9617246968896197,202302,-0.0030496109411638542,0.930023036833503
DYNAMIC_MARKET_PEERS,RETROSPECTIVE_CONFIRMATION_NOT_BLIND_OOS,peer_turnover_market_share,ACTIVITY_VOLUME,3,0.012445055847932741,0.01894747157817338,2843,2837,477,24,474,0.3591822347550229,0.5252026788861474,0.11561508635882975,0.3020796616143814,0.20585125132181883,-0.003482858791735119,0.000818314763028538,0.007006666569049864,0.01372866789884477,0.049595837283712925,0.08906535589237488,-0.04409400405758313,-0.0680467848969895,1.308884115938816,0.002805733775778915,-0.002997209922917076,-0.056638418506936725,1.0715106482225643,0.9292906851054783,12,-0.0037610916276509753,0.9116447219755405,0.0020374225999546386,1.0517088036728026,59,-0.006624373015394317,0.8469697976176039,-0.0008426004368647088,0.9789709893915517,20240829,-0.003139706816699687,0.9260072661686403,202402,-0.004110317149258059,0.9038037832276996
DYNAMIC_MARKET_PEERS,RETROSPECTIVE_CONFIRMATION_NOT_BLIND_OOS,peer_turnover_market_share,ACTIVITY_VOLUME,4,0.01894747157817338,0.031202778857615195,2524,2515,476,24,450,0.341948310139165,0.5399602385685884,0.11809145129224652,0.28469184890656063,0.17654075546719683,-0.006452462139015244,-0.002815593890440328,0.0015777668469070636,0.007790808468126099,0.04535276575442084,0.0809690742963997,-0.04843881238934196,-0.07193109239778354,1.1256477775790688,0.0006248620655796891,-0.005165258159809871,-0.05727201526433707,1.0155742240485854,0.8807400186392427,11,-0.005966423296337619,0.8628445398305795,-0.00018094323421428355,0.9955098490450452,51,-0.008767509041062055,0.8016730919638277,-0.002998398075623748,0.9267826067701048,20240612,-0.005234794050424407,0.8791825712512359,202401,-0.006803077862615694,0.8452208413453978
DYNAMIC_MARKET_PEERS,RETROSPECTIVE_CONFIRMATION_NOT_BLIND_OOS,peer_turnover_market_share,ACTIVITY_VOLUME,5,0.031202778857615195,,2215,2201,444,24,334,0.3243980009086779,0.574738755111313,0.10086324398000909,0.2707860063607451,0.18446160835983644,-0.0038648057696835025,-0.0012504256919232232,-0.00014978576215736482,0.008534616289406001,0.046837431196387176,0.08372025355832108,-0.047880003771425234,-0.07411050951391926,1.1296677638223083,-0.004934424156250026,-0.010693209540256028,-0.05883614730994944,0.8845446779316204,0.7680836507792151,9,-0.01146867074622978,0.7522823903298346,-0.0057143893293203464,0.8668418317157818,41,-0.01407744204174665,0.7003731384866079,-0.008338449111822452,0.8085318812170965,20230112,-0.010776274095378362,0.7663883181390081,202305,-0.012534443764742555,0.7327480601185485
DYNAMIC_MARKET_PEERS,STRESS_PREVALENCE_SEEN_NOT_BLIND,peer_turnover_market_share,ACTIVITY_VOLUME,1,,0.007867508116353278,1766,1765,226,12,242,0.3240793201133145,0.5756373937677054,0.10028328611898017,0.27138810198300284,0.18243626062322946,-0.002930884014063415,-0.00010019821295616403,0.00437002489222515,0.017516488654601554,0.04927802917848018,0.090892684009516,-0.04800537540702871,-0.0730050659139011,1.245018860974809,-0.004904206434378182,-0.010662073832141206,-0.059041313433294405,0.8850616984450381,0.7685219853265591,7,-0.011440969419612887,0.7525969501351241,-0.005687625402064881,0.8672296259807282,33,-0.01420801269764034,0.6973054665591505,-0.008470795943607008,0.8051845345628251,20250821,-0.010731339878545663,0.7671501919529528,202507,-0.01276643244502724,0.7298551519259747
DYNAMIC_MARKET_PEERS,STRESS_PREVALENCE_SEEN_NOT_BLIND,peer_turnover_market_share,ACTIVITY_VOLUME,2,0.007867508116353278,0.012445055847932741,1269,1268,222,12,251,0.3359621451104101,0.5851735015772871,0.07886435331230283,0.28154574132492116,0.1861198738170347,-0.0056979854563912686,-0.004858338209648737,-0.002269233047683492,0.004130527902867501,0.046719499190649175,0.08568138139796823,-0.05444548941402177,-0.08314033255814515,1.0305633711297217,-0.00600413120623418,-0.011755950268400631,-0.05989077569779202,0.8642934383400496,0.7531720668767826,5,-0.012501711529532273,0.7385491025387124,-0.0067541958622743805,0.8479422988698054,24,-0.015249473633660126,0.6858822003918306,-0.009517958828397345,0.7889450115058968,20250812,-0.01212511514706167,0.7460233970982855,202508,-0.013935500763537705,0.7134581681056907
DYNAMIC_MARKET_PEERS,STRESS_PREVALENCE_SEEN_NOT_BLIND,peer_turnover_market_share,ACTIVITY_VOLUME,3,0.012445055847932741,0.01894747157817338,1187,1185,228,12,259,0.3358649789029536,0.569620253164557,0.09451476793248945,0.2767932489451477,0.1780590717299578,-0.004564987522772153,-0.0021213659771877444,-0.0033581191786488636,0.0024608427960114273,0.04608683866602857,0.08273104849825964,-0.05079513905601541,-0.0809468887603857,1.0220411156648073,-0.004063668774198449,-0.009826958486498649,-0.05864883692597321,0.9034572730287976,0.7836784369015547,5,-0.010619050460156432,0.767228378203504,-0.004860344698687285,0.8850174362509418,23,-0.013323026641353628,0.7124115997166462,-0.007580030966674372,0.8234124758225463,20250407,-0.009965136284119398,0.7808218355280522,202512,-0.013022041784548596,0.7223399325414118
DYNAMIC_MARKET_PEERS,STRESS_PREVALENCE_SEEN_NOT_BLIND,peer_turnover_market_share,ACTIVITY_VOLUME,4,0.01894747157817338,0.031202778857615195,1218,1213,228,12,226,0.32893652102225884,0.5704863973619126,0.10057708161582853,0.2662819455894477,0.17394888705688377,-0.004545765282072053,-0.000850235661117825,-0.0019219706737280589,0.0016209881010698637,0.04760001556777226,0.08444120128180489,-0.050749953980346166,-0.08067114709547707,1.0467336132194307,-0.003773873289625181,-0.009538273542250258,-0.0585520075504282,0.9108996618292545,0.7913197471764425,5,-0.010304554183692345,0.775484193597225,-0.004544607535021665,0.8931450720919477,23,-0.012992665668398781,0.7211337190777372,-0.007248414165698554,0.8321114033299499,20251218,-0.009818241461273901,0.7855487253623674,202512,-0.013600687263178035,0.7127512530737053
DYNAMIC_MARKET_PEERS,STRESS_PREVALENCE_SEEN_NOT_BLIND,peer_turnover_market_share,ACTIVITY_VOLUME,5,0.031202778857615195,,1400,1400,207,12,194,0.37285714285714283,0.5371428571428571,0.09,0.32,0.2257142857142857,-0.0018751624890456545,0.001953718606727542,0.00822318080174668,0.026586953448217838,0.055860355293184116,0.10177857872009957,-0.047896724274832395,-0.07415505671330885,1.37251029439012,0.004580775494929328,-0.0012328813286421373,-0.05774282877245815,1.1140852204298557,0.9714644750021444,7,-0.0021326816896301837,0.9508850492729356,0.00367580883563716,1.0910890927589012,31,-0.0051211831217856186,0.884092828018878,0.0006698335007022999,1.01631295564105,20250722,-0.0014145379304688738,0.967306732732783,202512,-0.00912962342832221,0.8043922641279531
DYNAMIC_MARKET_PEERS,HISTORICAL_DISCOVERY,peer_turnover_share_vs_20d,ACTIVITY_VOLUME,1,,-0.3090190764250072,4410,4373,708,36,516,0.3453007088954951,0.5643722844729019,0.09032700663160302,0.28813171735650583,0.1978047107249028,-0.0028308051515740494,0.0025223426810358066,0.006943515914567226,0.014910820166826558,0.05502429018498403,0.09871588859867275,-0.04901474797075505,-0.07846084320421431,1.2581548268827487,-0.003065949688404213,-0.008834984631510856,-0.058975161078576484,0.9291948013501427,0.8103131755403804,17,-0.009561029950738622,0.7955230116024331,-0.0037961901447169087,0.912671405042169,85,-0.012345775335058071,0.7400887747404831,-0.006597208093921917,0.8506051577111489,20221108,-0.00887702705679656,0.809454109308136,202103,-0.01069985782821184,0.7739008163828637
DYNAMIC_MARKET_PEERS,HISTORICAL_DISCOVERY,peer_turnover_share_vs_20d,ACTIVITY_VOLUME,2,-0.3090190764250072,-0.1165207094277572,4410,4395,728,36,559,0.357679180887372,0.544254835039818,0.09806598407281002,0.3046643913538111,0.1993174061433447,-0.0017200086487969013,0.0013791980680912435,0.006336334647949128,0.012137330585259775,0.05434103803465155,0.09560668846879611,-0.04892879449779961,-0.07825139831270347,1.2217888821198886,0.0003811305490158587,-0.00540768177695912,-0.05793130525902571,1.0090721478534184,0.8802447283899867,19,-0.006201059045240393,0.8632687407108709,-0.0004168373858242879,0.9901208073036002,91,-0.009113822923760128,0.8023496978478377,-0.003346537457612874,0.9219908703115537,20210316,-0.005482945562054801,0.8786332364407343,202103,-0.00701359632161005,0.8469425203817286
DYNAMIC_MARKET_PEERS,HISTORICAL_DISCOVERY,peer_turnover_share_vs_20d,ACTIVITY_VOLUME,3,-0.1165207094277572,0.1204452167756724,4410,4392,726,36,589,0.35564663023679416,0.5421220400728597,0.10223132969034608,0.3044171220400729,0.20765027322404372,-0.0030030651304104178,0.0013510750285877986,0.006622337875274688,0.019197997022575575,0.05440791273364488,0.09920829763175062,-0.04930571786611605,-0.07705000503228442,1.2875832725796936,0.000994864192848401,-0.004797556528209917,-0.05778350941629723,1.0240238369039838,0.8923464868598021,19,-0.005588182556011946,0.8751479039894253,0.00019967023474228157,1.0048007494983258,91,-0.008499465931138732,0.8132301134445085,-0.0027285685827724364,0.9354761079143132,20210322,-0.004867983629739254,0.8908158985487292,202004,-0.006415025849654501,0.8589068301017547
DYNAMIC_MARKET_PEERS,HISTORICAL_DISCOVERY,peer_turnover_share_vs_20d,ACTIVITY_VOLUME,4,0.1204452167756724,0.5300196641270087,4410,4392,725,36,589,0.3510928961748634,0.5525956284153005,0.09631147540983606,0.2966757741347905,0.2028688524590164,-0.0041219385427422464,0.000387740723366923,0.0047689247378991965,0.017416578075106534,0.05435816789470732,0.10068489950003973,-0.05143079670616094,-0.08047997475809855,1.2510553066482912,-0.0007190377503113358,-0.006501785689418598,-0.05823143407733607,0.9829690958215489,0.8568443603830052,18,-0.007267283409084536,0.840645491251973,-0.0014889481210909735,0.964877774508537,89,-0.01018336700992402,0.7803272321186188,-0.004421996774915774,0.8973843856273478,20200630,-0.0067185172480994275,0.8523081555669711,202211,-0.008024754737593842,0.8265108684504154
DYNAMIC_MARKET_PEERS,HISTORICAL_DISCOVERY,peer_turnover_share_vs_20d,ACTIVITY_VOLUME,5,0.5300196641270087,,4410,4385,702,36,599,0.34640820980615733,0.5794754846066135,0.07411630558722919,0.30535917901938425,0.22052451539338655,-0.006264623740725317,-0.0019749454892815073,0.0014225831480599077,0.009758221972288547,0.05520726753263598,0.09945914754340653,-0.05700360623932534,-0.08544389467358404,1.1640287222786845,-0.00419803768504822,-0.009960435875907926,-0.0602637200874284,0.9079945132172775,0.7963916423854448,17,-0.01068916464998526,0.7823422899998411,-0.00493098439849881,0.8923499948293451,84,-0.01349346154502586,0.729454398633695,-0.007751639196735265,0.833367085843541,20210513,-0.00999875777150237,0.7956548888149589,202004,-0.010924214767113671,0.7787303044754837
DYNAMIC_MARKET_PEERS,RETROSPECTIVE_CONFIRMATION_NOT_BLIND_OOS,peer_turnover_share_vs_20d,ACTIVITY_VOLUME,1,,-0.3090190764250072,2915,2907,471,24,431,0.35569315445476435,0.5352597179222566,0.10904712762297901,0.2899896800825593,0.1867905056759546,-0.00240334707163767,0.0010267428742683656,0.0043122795005821205,0.014777362536936423,0.05079450507162941,0.09036167607152099,-0.046037438536307214,-0.07134956889808364,1.2664642192946451,0.002289628340775904,-0.0035099688282712676,-0.05675704221971157,1.0575236128287624,0.9182991420355597,12,-0.004259133364833449,0.9012702282108886,0.0015361244420203633,1.0384336028608334,60,-0.007143477790143171,0.8371546012906279,-0.0013650596467544122,0.9664126897243865,20240701,-0.0035678349079437794,0.9169807728290674,202302,-0.004888270874684687,0.8880291775156213
DYNAMIC_MARKET_PEERS,RETROSPECTIVE_CONFIRMATION_NOT_BLIND_OOS,peer_turnover_share_vs_20d,ACTIVITY_VOLUME,2,-0.3090190764250072,-0.1165207094277572,2507,2497,472,24,459,0.36363636363636365,0.513015618742491,0.12334801762114538,0.30436523828594314,0.2014417300760913,-0.0009668808192549303,0.0022632922256973554,0.005007285566140451,0.014164270804596283,0.05024944329827425,0.08913662596066109,-0.04315517830913812,-0.06845972712666037,1.3020301088221615,0.003104594407078351,-0.002700444352696034,-0.05616398410112386,1.0798695217907976,0.9356264956162061,11,-0.0034859230916117136,0.917268232482074,0.002314536066076149,1.0592819864638978,53,-0.006381499843031133,0.8511059504516271,-0.0005980279640288725,0.984941546754871,20240221,-0.0027634502403347935,0.9341509358260339,202302,-0.0041840651591034525,0.9020488274124815
DYNAMIC_MARKET_PEERS,RETROSPECTIVE_CONFIRMATION_NOT_BLIND_OOS,peer_turnover_share_vs_20d,ACTIVITY_VOLUME,3,-0.1165207094277572,0.1204452167756724,2627,2620,478,24,484,0.33625954198473285,0.5343511450381679,0.12938931297709924,0.27977099236641223,0.19045801526717557,-0.003479569631684857,0.0009705555790129701,0.005357192842684252,0.008505879408364225,0.04861638163328914,0.08468951010699399,-0.044580890144437904,-0.07100376520208283,1.192746748935924,0.00020765513574505173,-0.005580102361819458,-0.05700389695617425,1.0052296014227422,0.8699596877826855,11,-0.00634737240437778,0.8527000481194417,-0.0005640632473959633,0.9858542328602965,53,-0.009173274772289727,0.790547852499484,-0.0034065178462800074,0.9159454631734695,20240109,-0.005734235510870436,0.8665207385508422,202304,-0.006633054989172438,0.8466765137004717
DYNAMIC_MARKET_PEERS,RETROSPECTIVE_CONFIRMATION_NOT_BLIND_OOS,peer_turnover_share_vs_20d,ACTIVITY_VOLUME,4,0.1204452167756724,0.5300196641270087,2884,2873,479,24,508,0.35259310824921686,0.537069265576053,0.11033762617473025,0.29794639749390883,0.19944309084580578,-0.003383562404011144,0.002585323869749924,0.006130589547126909,0.012926867255182628,0.05075430253799276,0.08776799201453639,-0.04488619805179213,-0.07050041412243341,1.2449287441363894,0.0015095976939459128,-0.004285981674744351,-0.05712187495477338,1.0376013246813418,0.9010420415228596,12,-0.0050486181721928714,0.8839205944756219,0.0007425267533558601,1.0184177366697302,59,-0.00789991856037111,0.8213465124516763,-0.0021254060206392406,0.9481471901793944,20241121,-0.0043411923843740055,0.8998021830819538,202402,-0.00533672400991619,0.8777725248755285
DYNAMIC_MARKET_PEERS,RETROSPECTIVE_CONFIRMATION_NOT_BLIND_OOS,peer_turnover_share_vs_20d,ACTIVITY_VOLUME,5,0.5300196641270087,,3497,3481,470,24,544,0.3447285262855501,0.5690893421430624,0.08618213157138753,0.2941683424303361,0.1982189026141913,-0.00590635202531856,-0.002964967681197444,0.0012345128431210373,0.009252594963611074,0.04863966552675347,0.08860131261377788,-0.05122629979799893,-0.07683670489893785,1.1531118198042698,-0.0026614266507280584,-0.008432719516337532,-0.058975161078576484,0.9382727117438411,0.8183347685650255,14,-0.009191178411804024,0.8027917061293534,-0.003424256228123767,0.9208995836153274,67,-0.011960186692129275,0.7473021112812787,-0.006209441639106136,0.8587544610724973,20230630,-0.00856470140143718,0.8156505094028514,202302,-0.009873680236646476,0.7910567112955978
DYNAMIC_MARKET_PEERS,STRESS_PREVALENCE_SEEN_NOT_BLIND,peer_turnover_share_vs_20d,ACTIVITY_VOLUME,1,,-0.3090190764250072,1582,1582,225,12,234,0.3501896333754741,0.5556257901390644,0.09418457648546144,0.2945638432364096,0.18710493046776233,-0.002273156958376958,0.0016550018114612904,0.006276605612905894,0.015969474654519474,0.05274238318741539,0.09509008841865997,-0.04931279319964889,-0.07637487885830917,1.2450440490396233,-0.0016850821967320804,-0.007461838642873183,-0.05843783146491787,0.9597871163412469,0.8347542584043095,7,-0.00830903757429146,0.8168068523401654,-0.002537200378827179,0.939720037463664,32,-0.011136303235141557,0.7583700911791882,-0.005380966602757574,0.8741858051172433,20251118,-0.007550925755137374,0.8328870853760084,202511,-0.009911707647506568,0.7854022571604832
DYNAMIC_MARKET_PEERS,STRESS_PREVALENCE_SEEN_NOT_BLIND,peer_turnover_share_vs_20d,ACTIVITY_VOLUME,2,-0.3090190764250072,-0.1165207094277572,1255,1255,225,12,255,0.3290836653386454,0.5856573705179283,0.08525896414342629,0.2796812749003984,0.19362549800796813,-0.004146487471620543,-0.003338356320347511,-0.0018359399718182487,0.0092556895693486,0.046374219161063754,0.0869297363662499,-0.051076703592166546,-0.07927190743208537,1.0966020521295672,-0.0049467510383537925,-0.010704511371198665,-0.06012094523550397,0.8870985980829129,0.7730001078953119,5,-0.011463794228057302,0.757867284793584,-0.005710437592847722,0.8701879650825992,24,-0.014267740624567623,0.7032243016063608,-0.008530722134604837,0.8090237310534941,20250811,-0.011028815636222017,0.7666819796639445,202507,-0.013340833674850911,0.7251608355941297
DYNAMIC_MARKET_PEERS,STRESS_PREVALENCE_SEEN_NOT_BLIND,peer_turnover_share_vs_20d,ACTIVITY_VOLUME,3,-0.1165207094277572,0.1204452167756724,1159,1157,227,12,263,0.33016421780466726,0.5687121866897148,0.10112359550561797,0.28262748487467587,0.1979256698357822,-0.004797186543158435,-0.002906980896551551,-0.0005413605840232605,0.01108519328931687,0.04636318507845369,0.08550327077408686,-0.05032966575074402,-0.07663802186348671,1.1156769015566657,-0.003166795136190408,-0.00893560309212538,-0.05847566408992695,0.9245849476994517,0.8028836454625624,5,-0.00974260061160131,0.7860103302154184,-0.003978442419534646,0.9056655624702362,22,-0.012423922426158024,0.7311438207013087,-0.006675441054018718,0.844051739368592,20250407,-0.009076356688136273,0.7999517213172213,202508,-0.011645589396679035,0.7483793862340016
DYNAMIC_MARKET_PEERS,STRESS_PREVALENCE_SEEN_NOT_BLIND,peer_turnover_share_vs_20d,ACTIVITY_VOLUME,4,0.1204452167756724,0.5300196641270087,1291,1287,226,12,275,0.3442113442113442,0.5664335664335665,0.08935508935508936,0.289044289044289,0.1864801864801865,-0.005292389578121769,-0.0009100303495399601,0.00038319246432108784,0.014430301600932487,0.04895264629796909,0.09152390130649603,-0.05093471695558654,-0.07762828558976745,1.1790019657288455,-0.0020955601327827074,-0.007869560714376932,-0.05840107415219784,0.9500058515906499,0.8259928334136415,5,-0.00859736943285536,0.8106384881890017,-0.0028275369622127065,0.9328050219153966,25,-0.011445449318094197,0.7518408461935565,-0.005692188001438413,0.8668383735484754,20250820,-0.00796870366074965,0.8239375490687812,202512,-0.013045186561913042,0.7234978462110567
DYNAMIC_MARKET_PEERS,STRESS_PREVALENCE_SEEN_NOT_BLIND,peer_turnover_share_vs_20d,ACTIVITY_VOLUME,5,0.5300196641270087,,1553,1550,224,12,295,0.3387096774193548,0.5651612903225807,0.09612903225806452,0.2703225806451613,0.18580645161290324,-0.003087213243429174,-0.0006717167178804063,0.001642024501920957,0.006439508293201259,0.05063865188147533,0.08759688673405373,-0.0494678775930481,-0.07934195483681908,1.104042456657545,-0.0025898660510929455,-0.008361679230025038,-0.05902805536717079,0.9383072296963734,0.8153232791145771,6,-0.009083822165891276,0.8001505889572635,-0.003316161887916728,0.9213120390784918,30,-0.011866925386739424,0.7429789147777748,-0.0061154866983091655,0.8571435395298451,20250410,-0.008770392103207545,0.8067962939043752,202512,-0.012408201941167723,0.7362292781512626
DYNAMIC_MARKET_PEERS,HISTORICAL_DISCOVERY,peer_turnover_share_change_5d,ACTIVITY_VOLUME,1,,-0.34023778147278544,4410,4391,714,36,552,0.3650649054884992,0.5420177636073787,0.09291733090412206,0.30243680255067185,0.20815304030972442,-0.0024229547640490768,0.0037342157764910988,0.009140780578478206,0.018931060725502664,0.05592904467631296,0.10277160561381904,-0.04752360093287157,-0.07749239490252599,1.326215375626093,0.0010153114949713622,-0.004777284408964225,-0.05769022534680298,1.0243415055239027,0.8934649089604657,19,-0.005569358509546866,0.8763387946194351,0.0002186561021950707,1.0052194705433075,91,-0.008489449155098467,0.8146058123815355,-0.002718439404961451,0.9361776475334899,20201008,-0.00481479702038243,0.892652817440794,202103,-0.007379234787597022,0.839082570831894
DYNAMIC_MARKET_PEERS,HISTORICAL_DISCOVERY,peer_turnover_share_change_5d,ACTIVITY_VOLUME,2,-0.34023778147278544,-0.11296601051487003,4410,4384,723,36,570,0.36405109489051096,0.5458485401459854,0.09010036496350365,0.31318430656934304,0.2155565693430657,-0.0017483502690104334,0.004469362265499636,0.009884249019059725,0.01855631870211705,0.0582903968372865,0.10248535436500736,-0.0477252738035524,-0.076935420629171,1.3320958477498568,0.001780159060760736,-0.004016907369057795,-0.05801059088238851,1.0429027181594763,0.9100204161144829,19,-0.00480617487115602,0.8928072446344991,0.0009863285555352216,1.0236679862623435,91,-0.007691207784338659,0.8312914662950103,-0.0019154837517456147,0.9547941317837746,20210930,-0.004055332111381737,0.909180414543974,202102,-0.004773611633740746,0.8937980435721264
DYNAMIC_MARKET_PEERS,HISTORICAL_DISCOVERY,peer_turnover_share_change_5d,ACTIVITY_VOLUME,3,-0.11296601051487003,0.16035153361016738,4410,4387,730,36,581,0.3483018007750171,0.5577843628903578,0.09391383633462502,0.29678595851379075,0.1978573056758605,-0.004372468786643619,-0.0005290657995510393,0.004786223017782685,0.015246461550245888,0.05392750345631325,0.09835361006310044,-0.052261323488605245,-0.0818769110008496,1.201237428975305,-0.0019609709197906597,-0.007736308330561327,-0.05876440922702705,0.954432414525605,0.8328251472697739,18,-0.008502881707383218,0.8170140578044278,-0.0027319729164798174,0.9367769179322836,87,-0.011327334912272953,0.7600803928625153,-0.005572879942541391,0.8730696809186369,20211108,-0.007808588240648305,0.8313401674745866,202102,-0.00821412450622822,0.8233343115826531
DYNAMIC_MARKET_PEERS,HISTORICAL_DISCOVERY,peer_turnover_share_change_5d,ACTIVITY_VOLUME,4,0.16035153361016738,0.6484554906887235,4410,4392,729,36,594,0.3372040072859745,0.557832422586521,0.10496357012750455,0.2896174863387978,0.1935336976320583,-0.003912964164452738,-0.002773975878804344,0.0012922346152518772,0.014025561964738455,0.05132731816325445,0.09537313574719336,-0.053113817875586854,-0.0809287646769551,1.1784825349539947,-0.0032684200398746237,-0.00903637841008248,-0.05854048096808871,0.9245645080627944,0.8059503586607258,18,-0.009808256374329223,0.7902380597250064,-0.004044745824752851,0.907029419036367,87,-0.01265521197312265,0.7336217978868781,-0.0069083111272492245,0.8437138203883476,20210713,-0.009074040796698726,0.8051859530233649,202211,-0.010703543062918638,0.7743333412345857
DYNAMIC_MARKET_PEERS,HISTORICAL_DISCOVERY,peer_turnover_share_change_5d,ACTIVITY_VOLUME,5,0.6484554906887235,,4410,4383,696,36,602,0.34154688569472963,0.5792835957107004,0.07916951859456993,0.297284964636094,0.21309605293178188,-0.005482596178256785,-0.0012360915032323528,0.0009897942835014367,0.006658890687527044,0.05386618832930557,0.0946870287720852,-0.055060251825170416,-0.08245041734478618,1.1484117585012177,-0.004160179008515614,-0.009922709370305028,-0.06021494039848517,0.9075530392346954,0.794562815980216,17,-0.010651768326944533,0.7803239277424656,-0.004893452260645587,0.891680103511878,84,-0.013463880275909957,0.7265896205001745,-0.007721972942621468,0.8316919571760247,20220527,-0.009961087580614838,0.7938152961824357,202004,-0.011043355880545155,0.7737058548191655
DYNAMIC_MARKET_PEERS,RETROSPECTIVE_CONFIRMATION_NOT_BLIND_OOS,peer_turnover_share_change_5d,ACTIVITY_VOLUME,1,,-0.34023778147278544,3107,3098,470,24,484,0.3576500968366688,0.5284054228534538,0.11394448030987735,0.2918011620400258,0.18915429309231763,-0.0014250834804140533,0.0035005537881554255,0.004614357075344871,0.009023988427966572,0.05046828029910655,0.08859668763979131,-0.043632889291771344,-0.07182008314095381,1.2335921063459618,0.0029183470070028557,-0.0028852142356094665,-0.056597645530877615,1.0742282069467262,0.9320480756410677,13,-0.0036427990137604394,0.9145656225449245,0.0021563724801325094,1.054617217992998,65,-0.006579992285289683,0.8482809637908659,-0.0007979964991306065,0.9801288033027391,20230220,-0.002942436907810942,0.9307227491325321,202302,-0.004526012501275675,0.8953961099864229
DYNAMIC_MARKET_PEERS,RETROSPECTIVE_CONFIRMATION_NOT_BLIND_OOS,peer_turnover_share_change_5d,ACTIVITY_VOLUME,2,-0.34023778147278544,-0.11296601051487003,2495,2488,479,24,454,0.3512861736334405,0.537379421221865,0.11133440514469453,0.2970257234726688,0.1985530546623794,-0.00209253796845112,0.002767035034356296,0.005867670560110324,0.01201544094740613,0.051055812883920124,0.08827743983397118,-0.04402936656406177,-0.0704346260937291,1.253324461700105,0.0010973838604958846,-0.004695616417543828,-0.05742593126423706,1.0273498567976584,0.8915174346058206,11,-0.00550633252876963,0.8733499399621465,0.0002819897952642401,1.0069968974849215,51,-0.008320839103291578,0.8117046427267579,-0.002548974016952968,0.9377746927404231,20240911,-0.0049683089455330445,0.8854481066303372,202302,-0.0056745906908302075,0.8707571467590415
DYNAMIC_MARKET_PEERS,RETROSPECTIVE_CONFIRMATION_NOT_BLIND_OOS,peer_turnover_share_change_5d,ACTIVITY_VOLUME,3,-0.11296601051487003,0.16035153361016738,2611,2596,476,24,487,0.35670261941448383,0.524653312788906,0.11864406779661017,0.29622496147919875,0.20261941448382126,-0.002888400925602632,0.0012629616201364111,0.005911620157616335,0.016000737577806085,0.0507708344678249,0.09011688356078172,-0.045694477157149374,-0.07011778124825219,1.2852215508891056,0.002453897075617237,-0.0033470453936592375,-0.056510026442965225,1.0618238278113072,0.9218223144008545,11,-0.004113885624147969,0.9043182126855608,0.001682575960209318,1.0422114321073956,55,-0.0070499934151891375,0.8388204662583161,-0.0012706673632313815,0.968664877271791,20240813,-0.003450895375911302,0.9194587653076735,202306,-0.004507528420719624,0.895881410530809
DYNAMIC_MARKET_PEERS,RETROSPECTIVE_CONFIRMATION_NOT_BLIND_OOS,peer_turnover_share_change_5d,ACTIVITY_VOLUME,4,0.16035153361016738,0.6484554906887235,2811,2808,480,24,491,0.33974358974358976,0.5430911680911681,0.11716524216524217,0.28703703703703703,0.1883903133903134,-0.0034937687541667095,-0.0014722909819953503,0.002604853365097634,0.009619413477434441,0.04783281674113008,0.08552729963307168,-0.046556638776752576,-0.07219698628852794,1.184638085740456,-0.0009154289973565019,-0.006696930613271421,-0.0574328616362982,0.9775183386042776,0.847632086482803,12,-0.0074871823213117986,0.8303803379170734,-0.001710256360023325,0.9581779790649795,56,-0.010251272523395109,0.7714154745755426,-0.004490527882104514,0.8919182268998601,20230316,-0.00680872422190967,0.8451989049566029,202402,-0.007753773522148511,0.8251916497367355
DYNAMIC_MARKET_PEERS,RETROSPECTIVE_CONFIRMATION_NOT_BLIND_OOS,peer_turnover_share_change_5d,ACTIVITY_VOLUME,5,0.6484554906887235,,3406,3388,473,24,547,0.346517119244392,0.5608028335301063,0.09268004722550177,0.29456906729634,0.198642266824085,-0.006454650357853848,-0.0025348091115683295,0.002783447473181392,0.012856727512611512,0.04903954026538517,0.08840312231460509,-0.05064769286264728,-0.07435312717470159,1.1889630695275446,-0.0016370413152448152,-0.007414191486296433,-0.05811043247409126,0.9612756858565603,0.8371903013495968,14,-0.00818152798427575,0.8210826031169647,-0.0024088170201548775,0.9432547410549929,67,-0.01099188181337693,0.7634004043065118,-0.005235599778894898,0.8786007484992835,20240712,-0.007465723182285009,0.8361070954470481,202402,-0.00860988601726739,0.812553909866315
DYNAMIC_MARKET_PEERS,STRESS_PREVALENCE_SEEN_NOT_BLIND,peer_turnover_share_change_5d,ACTIVITY_VOLUME,1,,-0.34023778147278544,1635,1634,220,12,265,0.33965728274173806,0.5667074663402693,0.09363525091799266,0.29314565483476135,0.19155446756425948,-0.003990899239297798,-0.0008017092157528855,0.0029664008950577537,0.013553400851997358,0.04945273079026171,0.09253285559118284,-0.050899554842150606,-0.07923227659348679,1.1678681917211173,-0.0033836821298816886,-0.00915039551533159,-0.05888256178540016,0.9208064554085671,0.8010973323221838,7,-0.00997299248512439,0.784145188315653,-0.004211072898961611,0.9018639701286669,32,-0.012741449499812145,0.7284623604714406,-0.0069956806695096315,0.8394757458533911,20251229,-0.00923520708004783,0.7993766342216186,202512,-0.012475890159288145,0.7371018668065429
DYNAMIC_MARKET_PEERS,STRESS_PREVALENCE_SEEN_NOT_BLIND,peer_turnover_share_change_5d,ACTIVITY_VOLUME,2,-0.34023778147278544,-0.11296601051487003,1141,1140,227,12,247,0.3368421052631579,0.5771929824561404,0.08596491228070176,0.28596491228070176,0.1956140350877193,-0.003247262942065064,-0.00021262240956811172,0.0024264902499550782,0.008801576727464993,0.051117398127161165,0.0907511290202856,-0.050315131095754674,-0.08087675908636076,1.1220915630828001,-0.0033733259824643346,-0.009140390753436799,-0.05912706625473717,0.9217881664372134,0.803415792190553,5,-0.009968155157922372,0.7865531922781623,-0.0042058446362819865,0.9029136012431723,22,-0.012680705514154539,0.7325366784806494,-0.006934216605429075,0.8423302017585402,20250812,-0.009300613073869968,0.800145323810368,202507,-0.012359751146469746,0.7431260818972165
DYNAMIC_MARKET_PEERS,STRESS_PREVALENCE_SEEN_NOT_BLIND,peer_turnover_share_change_5d,ACTIVITY_VOLUME,3,-0.11296601051487003,0.16035153361016738,1111,1107,225,12,264,0.35501355013550134,0.5510388437217706,0.0939476061427281,0.2981029810298103,0.1978319783197832,-0.003209841654492161,0.001170720590309274,-0.00022971047823061675,0.01137323114458417,0.04923867922861266,0.08785859758369317,-0.049225104703748475,-0.07755691939123008,1.1328273257025212,0.00032280607346719215,-0.005465992518993543,-0.0581953548817237,1.0079070296275734,0.8758753179401911,5,-0.0062953840717876845,0.8576867552678115,-0.0005113899695132436,0.9875302470892037,23,-0.009195999265983808,0.7955111157168462,-0.003428986122570156,0.9177531909142966,20250808,-0.00586090320490784,0.8672681591838273,202512,-0.010767026151233617,0.7679205052204671
DYNAMIC_MARKET_PEERS,STRESS_PREVALENCE_SEEN_NOT_BLIND,peer_turnover_share_change_5d,ACTIVITY_VOLUME,4,0.16035153361016738,0.6484554906887235,1199,1197,226,12,257,0.3358395989974937,0.5714285714285714,0.09273182957393483,0.27903091060985796,0.19047619047619047,-0.005813878818782256,-0.0034122880908224362,-0.0005105726626131458,0.013455140767251607,0.04736100758669756,0.09014755649565978,-0.052140021228386846,-0.07699016510573513,1.1708970408344344,-0.002877775162106316,-0.008647604664074007,-0.05904164793413981,0.9323960975562592,0.8114136113510738,5,-0.00943593419233791,0.795081331486463,-0.003670642558566023,0.9141304657924765,24,-0.012366301519318227,0.735723704735885,-0.006618011831078679,0.8476486498278177,20251216,-0.008986799295862196,0.8045076641039991,202507,-0.011528745120809729,0.7572248080392375
DYNAMIC_MARKET_PEERS,STRESS_PREVALENCE_SEEN_NOT_BLIND,peer_turnover_share_change_5d,ACTIVITY_VOLUME,5,0.6484554906887235,,1754,1753,223,12,306,0.33257273245864233,0.5698802053622362,0.0975470621791215,0.26583000570450654,0.17855105533371363,-0.0029727838341451324,-0.0016008372102094214,0.001876545880151227,0.009915675485827356,0.04934074536427125,0.08682372672746973,-0.04856862392243341,-0.07540863908636697,1.151376391079394,-0.0038718505790489312,-0.009636156585863366,-0.05906575810854559,0.9079644176326952,0.7878902135683777,7,-0.010386218015435544,0.7722928771285175,-0.004626227742468471,0.8904716594436968,33,-0.013081335121400724,0.7174759257180916,-0.007337072213222094,0.8288777427889915,20250410,-0.010075326400824916,0.7788558299155145,202512,-0.013386586929361495,0.7155118738140291
DYNAMIC_MARKET_PEERS,HISTORICAL_DISCOVERY,peer_turnover_share_change_20d,ACTIVITY_VOLUME,1,,-0.31095852808440255,4410,4379,699,36,494,0.34071705868919844,0.5583466544873259,0.10093628682347568,0.2872802009591231,0.1982187714089975,-0.0027390944943670964,0.0015493686329388163,0.006437684118587639,0.018581208379511684,0.051903990288498875,0.0963030967424118,-0.04755753724500109,-0.07524293453699371,1.2798955454756182,-0.0025396212124761497,-0.008311723185563048,-0.058660649228427134,0.940082735322271,0.8178749416719739,18,-0.009072578229999597,0.8020203755868293,-0.003304884280795249,0.9223483958590291,87,-0.011842177777908677,0.7456715306574997,-0.006090721278775276,0.8591565914075576,20200826,-0.008352669095791057,0.817019537328962,202105,-0.009454176401236889,0.7949772831069306
DYNAMIC_MARKET_PEERS,HISTORICAL_DISCOVERY,peer_turnover_share_change_20d,ACTIVITY_VOLUME,2,-0.31095852808440255,0.03051338061640025,4410,4396,727,36,539,0.3489535941765241,0.5457233848953594,0.10532302092811648,0.2943585077343039,0.1926751592356688,-0.0031544371492271046,0.0009313120317784517,0.005468807745135699,0.015794607327136397,0.052761713262898004,0.09473814416554761,-0.049076303972214845,-0.07688485127606298,1.2322081995760197,-0.001017317181469764,-0.00679835279951771,-0.05807352130928867,0.9758672547533528,0.8500649548004637,18,-0.0075577569965687985,0.833999095690819,-0.0017811053330924736,0.9579217154155387,89,-0.010428482686406434,0.7746602703710583,-0.004668585085166263,0.8914942344893474,20210423,-0.006838745827625884,0.8492084119708042,202103,-0.0075669598579667895,0.8342792872579152
DYNAMIC_MARKET_PEERS,HISTORICAL_DISCOVERY,peer_turnover_share_change_20d,ACTIVITY_VOLUME,3,0.03051338061640025,0.47738816426681047,4410,4393,730,36,584,0.3596631003869793,0.5417709993170954,0.09856590029592534,0.3068518096972456,0.20373321192806737,-0.002882555525673428,0.001712422424861977,0.007785267749918482,0.018211085941447512,0.05453936290001424,0.09855293151609902,-0.04820050972519808,-0.07540950815937013,1.3069032529401687,0.0013475499917100437,-0.004446716678435888,-0.05769022534680298,1.0325543014494107,0.9001307616276978,19,-0.005241399958380576,0.8827920271223862,0.0005482658231749163,1.0131877967400125,91,-0.008159669138373741,0.8205373689854385,-0.002386963592867398,0.9435299083294907,20210524,-0.00448871770453132,0.8992104049859433,202103,-0.006246648622993726,0.861658771915871
DYNAMIC_MARKET_PEERS,HISTORICAL_DISCOVERY,peer_turnover_share_change_20d,ACTIVITY_VOLUME,4,0.47738816426681047,1.3666416511726662,4410,4387,728,36,585,0.36790517437884657,0.5431958057898336,0.08889901983131981,0.314337816275359,0.21905630271255982,-0.0027962118608010353,0.002545190677369074,0.007150901750392094,0.019107380341947623,0.05807802259888021,0.10347809153603237,-0.05043037190135735,-0.07860857888673824,1.3163714826231234,0.0020609642396704955,-0.0037378238482930937,-0.05793860661655499,1.0493040929229036,0.9168237281663378,19,-0.004526785736758194,0.8997035517547083,0.0012674591595850304,1.0301898869333184,91,-0.007431758308436167,0.8380545184224112,-0.0016544103310097626,0.961242800485877,20220124,-0.0037787398403362,0.9159324085163288,202103,-0.0055739988219722265,0.8778567547473144
DYNAMIC_MARKET_PEERS,HISTORICAL_DISCOVERY,peer_turnover_share_change_20d,ACTIVITY_VOLUME,5,1.3666416511726662,,4410,4382,684,36,569,0.3388863532633501,0.5937927886809676,0.06732085805568233,0.2964399817434961,0.21451392058420812,-0.006369350027021755,-0.0030804731364348775,-0.0007582260232388227,0.0017170283624778483,0.056053584220327274,0.10060559158773397,-0.0604295667373476,-0.09355611383662417,1.0753502626607623,-0.006457645904067354,-0.012206872937453652,-0.061018153756651025,0.8621236910504135,0.7567956600363374,17,-0.012948708300586347,0.7430165122848316,-0.007203763977553826,0.8467901204386082,82,-0.015736189075730017,0.6923460154827342,-0.010007488937508002,0.7903298421483456,20210201,-0.012249703218499013,0.7559980239491407,202004,-0.013219616662108706,0.7390516451904046
DYNAMIC_MARKET_PEERS,RETROSPECTIVE_CONFIRMATION_NOT_BLIND_OOS,peer_turnover_share_change_20d,ACTIVITY_VOLUME,1,,-0.31095852808440255,2691,2678,472,24,425,0.35997012696041825,0.5156833457804332,0.12434652725914862,0.3032113517550411,0.20164301717699776,-0.0017533200719093683,0.003389459189138833,0.008652027360887117,0.01962783964234849,0.051420471704530075,0.09131271804512008,-0.042507525414196015,-0.066614751477029,1.370758218269534,0.004291149248196469,-0.0015204716476069516,-0.055900957860777284,1.111484707714541,0.9634272175796214,12,-0.0023245723284764878,0.9443362690625782,0.003482393025567186,1.0900676925303119,57,-0.005257070329016656,0.8762401109431011,0.0005327532127016314,1.0135464096715734,20231129,-0.0015784518436431803,0.9620467639737141,202302,-0.0025714113513140807,0.9390420982971173
DYNAMIC_MARKET_PEERS,RETROSPECTIVE_CONFIRMATION_NOT_BLIND_OOS,peer_turnover_share_change_20d,ACTIVITY_VOLUME,2,-0.31095852808440255,0.03051338061640025,2576,2565,478,24,434,0.3571150097465887,0.5267056530214425,0.11617933723196881,0.2908382066276803,0.18947368421052632,-0.0027227170219837073,0.0009426882230799673,0.004887214971094114,0.014762010067355263,0.04849366429791633,0.0870402992379922,-0.043911817659188,-0.06838933221420253,1.272717489993511,0.0029447240628876683,-0.002858647387050108,-0.056345556174316,1.0759287002611027,0.931805873484454,11,-0.00363383895738142,0.9136851376304531,0.002165030356508483,1.0555851617928071,54,-0.006521793978583914,0.8476954769073408,-0.0007398340465217995,0.9813252405188937,20240205,-0.0030430474178898504,0.9274918444008451,202302,-0.003959252590984429,0.9070865567151711
DYNAMIC_MARKET_PEERS,RETROSPECTIVE_CONFIRMATION_NOT_BLIND_OOS,peer_turnover_share_change_20d,ACTIVITY_VOLUME,3,0.03051338061640025,0.47738816426681047,2729,2720,475,24,478,0.35698529411764707,0.5205882352941177,0.12242647058823529,0.2977941176470588,0.2,-0.002754751771041161,0.0032175480899738957,0.007762251812580394,0.014501672610508755,0.05159331429189945,0.08947012688496425,-0.04307571306952565,-0.06860403780861661,1.3041524922273142,0.002742578888169301,-0.003059833233456786,-0.05626287494404031,1.0701386903480137,0.9275455148794166,12,-0.0038561966226190307,0.909091091543658,0.0019415836396154212,1.0494349823668436,57,-0.006733994625341368,0.8438857506554,-0.0009530424226475426,0.9761376605760579,20241219,-0.003117899264642571,0.9261976993351839,202301,-0.0039989150764005105,0.9068158034099233
DYNAMIC_MARKET_PEERS,RETROSPECTIVE_CONFIRMATION_NOT_BLIND_OOS,peer_turnover_share_change_20d,ACTIVITY_VOLUME,4,0.47738816426681047,1.3666416511726662,3023,3015,477,24,504,0.32736318407960197,0.5532338308457712,0.11940298507462686,0.27064676616915423,0.17313432835820897,-0.004577456263268581,-0.002820351557625822,-5.1485723919925625e-05,0.006921566420989472,0.04587698496871443,0.08263994914480538,-0.04877000406522979,-0.07425442149950663,1.1129296744350028,-0.0036927232265127714,-0.009458336728663787,-0.05859557286748998,0.912179257073371,0.791381212888079,12,-0.010198918667947343,0.7759418277233355,-0.004437594105005064,0.8948846984913816,59,-0.012963699098785461,0.7196602381722155,-0.00721852493833753,0.8316876734763168,20230616,-0.00950518561568933,0.7904174218985125,202302,-0.010562255377612467,0.7705389251489037
DYNAMIC_MARKET_PEERS,RETROSPECTIVE_CONFIRMATION_NOT_BLIND_OOS,peer_turnover_share_change_20d,ACTIVITY_VOLUME,5,1.3666416511726662,,3411,3400,471,24,528,0.3523529411764706,0.5720588235294117,0.07558823529411765,0.3035294117647059,0.21058823529411766,-0.004654462999957144,-0.0010169755998762954,0.0012710075425192405,0.005652226821027245,0.05143999888970283,0.09041431054157584,-0.05146811049417989,-0.07944419250972005,1.138085839698271,-0.0015724537281108944,-0.007350115840101854,-0.05897826248715762,0.9635166947983744,0.8414913982608507,14,-0.008121797767319834,0.8255709324170744,-0.0023485824659010696,0.9457337073333053,67,-0.010928801048074595,0.7689597915269222,-0.005171989401487481,0.8823666880606416,20230518,-0.007475495818975479,0.8389297681134334,202402,-0.009375463976782955,0.8011452070780456
DYNAMIC_MARKET_PEERS,STRESS_PREVALENCE_SEEN_NOT_BLIND,peer_turnover_share_change_20d,ACTIVITY_VOLUME,1,,-0.31095852808440255,1484,1484,225,12,238,0.3504043126684636,0.5464959568733153,0.10309973045822103,0.28975741239892183,0.18598382749326145,-0.003667555388366581,0.0005497592950739561,0.004312223906666116,0.00993235596672741,0.04960457174394839,0.08793066124357664,-0.048144067618107196,-0.0754204616057672,1.1658727535135216,7.827717260675344e-05,-0.005708397614455007,-0.05785710028422614,1.0019326461147626,0.8695055414176677,6,-0.006472678638176229,0.8526322569646699,-0.0006904720509087394,0.9830213230769146,30,-0.009321288800267525,0.7912221969049955,-0.003555732149958466,0.913984493368782,20250814,-0.005879878757166072,0.86576661946282,202512,-0.009429691726820092,0.7915537297783013
DYNAMIC_MARKET_PEERS,STRESS_PREVALENCE_SEEN_NOT_BLIND,peer_turnover_share_change_20d,ACTIVITY_VOLUME,2,-0.31095852808440255,0.03051338061640025,1206,1206,226,12,245,0.3540630182421227,0.5572139303482587,0.08872305140961857,0.29519071310116085,0.1932006633499171,-0.0029218502572196364,-0.0005229753554337383,0.003771303264194584,0.009904009920044766,0.05001465875984432,0.08991266228604565,-0.04824968177166209,-0.07760409910754283,1.1586071266859983,0.0006233586439182939,-0.005166914436658381,-0.05857117953782301,1.0153881081207292,0.8818277444678103,5,-0.005932946899987204,0.86487042334859,-0.00014709170402421798,0.9963839775191493,25,-0.00891542590839384,0.8003225875723418,-0.0031470045649640383,0.9239240812852662,20251219,-0.005298070030838923,0.8789285653005324,202507,-0.007055456445261093,0.8426672513687216
DYNAMIC_MARKET_PEERS,STRESS_PREVALENCE_SEEN_NOT_BLIND,peer_turnover_share_change_20d,ACTIVITY_VOLUME,3,0.03051338061640025,0.47738816426681047,1203,1201,226,12,259,0.31973355537052456,0.5878434637801832,0.09242298084929226,0.27893422148209823,0.17735220649458786,-0.00419287384859413,-0.002673063260674625,-0.003290533967362208,0.00022567147833469465,0.04590054036737003,0.08068680545797445,-0.05136200664823945,-0.08038293800964864,1.0037802480955516,-0.006602854303931977,-0.012351325592143265,-0.05964112087886585,0.8498027339260086,0.7392598608220637,5,-0.013150907885958543,0.7235362269319102,-0.007407019679857408,0.8322115801872838,22,-0.015807147605097,0.6724190567263504,-0.01007867489656405,0.7749367699412406,20250808,-0.012662129054851938,0.7333664045447497,202512,-0.016316790049258966,0.668760517518375
DYNAMIC_MARKET_PEERS,STRESS_PREVALENCE_SEEN_NOT_BLIND,peer_turnover_share_change_20d,ACTIVITY_VOLUME,4,0.47738816426681047,1.3666416511726662,1288,1287,228,12,270,0.337995337995338,0.5672105672105672,0.0947940947940948,0.2742812742812743,0.19735819735819735,-0.0030536585999501697,-0.0012786278259120474,0.0012775575609073957,0.015483415955366814,0.04994026074057004,0.0928550382450946,-0.049772337836062754,-0.07699449038689757,1.205995880724682,-0.003760917229298406,-0.009525749539667101,-0.058815630347402156,0.9118877190031198,0.7929295335544796,5,-0.010260566517463418,0.777822629867201,-0.0044999705094356055,0.8949824663700723,25,-0.013105888621127633,0.7206386735045818,-0.007361869884782967,0.8308735184741788,20250820,-0.01020948297106121,0.7792736533170223,202507,-0.013143417855821085,0.7253087681630092
DYNAMIC_MARKET_PEERS,STRESS_PREVALENCE_SEEN_NOT_BLIND,peer_turnover_share_change_20d,ACTIVITY_VOLUME,5,1.3666416511726662,,1659,1653,227,12,284,0.3333333333333333,0.5795523290986085,0.08711433756805807,0.278886872353297,0.19358741681790684,-0.0048485802256431135,-0.0014981020649756215,0.0008455055043146014,0.01898134541158467,0.050478971022657804,0.09479128804835027,-0.05275017227661519,-0.07908215414645267,1.1986432219942538,-0.004444548207263405,-0.010205606874309638,-0.05944542034439312,0.8982270492376516,0.782906657039983,7,-0.010999643284422291,0.7670067980133844,-0.00524316830404062,0.8804483646205433,32,-0.01377170013925376,0.7127200011099802,-0.008031355742458156,0.8196551397184718,20250411,-0.01031619066343568,0.7806870782211119,202512,-0.013905594654764748,0.7145210177159242
DYNAMIC_MARKET_PEERS,HISTORICAL_DISCOVERY,peer_median_volume_ratio5,ACTIVITY_VOLUME,1,,0.6292264263987052,4410,4383,612,36,562,0.3550079853981291,0.5509924709103354,0.09399954369153547,0.30139174081679215,0.20670773442847365,-0.0036698469090672664,0.0022915901033179684,0.007606114887181807,0.01785813260562851,0.05557594400825581,0.10289717066278697,-0.04923524719178192,-0.07910122567257459,1.3008290299914118,3.924353741320779e-05,-0.005747440967815197,-0.058113395886601735,1.0009330069662563,0.8729601957403337,18,-0.006503650813252266,0.8568355169012455,-0.000721325690956111,0.9829210598577212,89,-0.009408324671527673,0.7962638185360592,-0.003642898735564607,0.9151494997617211,20220816,-0.005789468990088487,0.8720604168805642,202103,-0.008063688964027718,0.8252606159550151
DYNAMIC_MARKET_PEERS,HISTORICAL_DISCOVERY,peer_median_volume_ratio5,ACTIVITY_VOLUME,2,0.6292264263987052,0.7635859717555803,4410,4392,677,36,578,0.35837887067395263,0.5478142076502732,0.09380692167577413,0.30487249544626593,0.20742258652094717,-0.001709979357171246,0.0018792743697918042,0.006700977155232924,0.017112835432129842,0.05602559376311936,0.10084763611003406,-0.04947224408725668,-0.07901307547494606,1.2763411056187963,0.0002281884741806171,-0.005559786211742605,-0.058077380666961,1.0054297965868197,0.8769845386255811,18,-0.006313658678850877,0.8608769292885918,-0.0005300318572349511,0.9874394609964707,90,-0.009209894117248848,0.80039826152246,-0.003443149657386084,0.9197483758997821,20200824,-0.005594762807179238,0.8762388339814722,202004,-0.006697990857848096,0.8538294814078365
DYNAMIC_MARKET_PEERS,HISTORICAL_DISCOVERY,peer_median_volume_ratio5,ACTIVITY_VOLUME,3,0.7635859717555803,0.907902077637285,4410,4382,718,36,591,0.34847101780009127,0.5529438612505705,0.0985851209493382,0.2948425376540392,0.20173436786855317,-0.002887209800824947,0.001323644233974877,0.005172700830307834,0.01573413482042353,0.0532826883520219,0.09734916835316218,-0.049323655473099304,-0.07875601871211332,1.2360854439457474,-0.0010155588851413033,-0.006796301467965825,-0.05852113897939303,0.9760580786044736,0.8510709800426478,18,-0.00755673447579884,0.8350876319810324,-0.001780388989014794,0.9581995305899056,88,-0.010420993630342807,0.7762281285368768,-0.0046613315837084005,0.8923154109815652,20200925,-0.006836149934613497,0.8502319566376823,202103,-0.007957822940601865,0.827570263992565
DYNAMIC_MARKET_PEERS,HISTORICAL_DISCOVERY,peer_median_volume_ratio5,ACTIVITY_VOLUME,4,0.907902077637285,1.1364784128309935,4410,4387,695,36,582,0.3524048324595396,0.5566446318668794,0.09095053567358104,0.30271255983587875,0.20743104627307957,-0.004411308464702669,0.0006705880912474059,0.006037042533574038,0.0138710859596274,0.05462477822900375,0.09717104595123519,-0.051117768338450546,-0.07950969014403256,1.2221283440447186,-0.001105785338273838,-0.006886442324052418,-0.058660649228427134,0.9740999412368654,0.8499779997743745,18,-0.007648513810520238,0.834059840735537,-0.0018722634563635625,0.9563271742270336,88,-0.010511589908627073,0.7755972074776908,-0.004752042066193933,0.8909288205792082,20200331,-0.006926369719997059,0.8491425717196016,202103,-0.008002783812589532,0.8273267769209508
DYNAMIC_MARKET_PEERS,HISTORICAL_DISCOVERY,peer_median_volume_ratio5,ACTIVITY_VOLUME,5,1.1364784128309935,,4410,4393,644,36,611,0.341907580241293,0.5743227862508536,0.08376963350785341,0.29547006601411335,0.2048713862963806,-0.005258959311144832,-0.0024974661003943134,0.000582987599349469,0.008859185152034828,0.05382589677818245,0.09541104241318586,-0.056523796402938344,-0.08329691054681995,1.145433147362131,-0.0047353160999698265,-0.010494773782577117,-0.059892435882981224,0.895612116099054,0.784277740798419,17,-0.011228241896293137,0.7700942948124818,-0.005473028576867982,0.8798164731059608,85,-0.014072427067568227,0.7163352466261982,-0.008333795359185086,0.8198399714171761,20211014,-0.010536641511779576,0.7834664427232025,202211,-0.012342353411584583,0.7514346413085986
DYNAMIC_MARKET_PEERS,RETROSPECTIVE_CONFIRMATION_NOT_BLIND_OOS,peer_median_volume_ratio5,ACTIVITY_VOLUME,1,,0.6292264263987052,3066,3057,436,24,485,0.3689892051030422,0.5237160614982008,0.10729473339875695,0.3035655871769709,0.19856068040562644,-0.0005124007295352068,0.006035386417479138,0.010921962409326485,0.013768859097972704,0.05425602121254644,0.09349199596116158,-0.04079198696279531,-0.06960353538046649,1.3432075748755592,0.004334059819793373,-0.0014773745238819917,-0.05625167407545933,1.112265390157299,0.964565389368887,13,-0.0022434937915364883,0.9464189597899066,0.0035635013442568897,1.0919130388475176,65,-0.005176336652537916,0.8784861661415039,0.000613517431893904,1.015554069890195,20240620,-0.0015316695324630253,0.9632751488691734,202302,-0.0034432483255715267,0.9193112124863058
DYNAMIC_MARKET_PEERS,RETROSPECTIVE_CONFIRMATION_NOT_BLIND_OOS,peer_median_volume_ratio5,ACTIVITY_VOLUME,2,0.6292264263987052,0.7635859717555803,2814,2805,469,24,483,0.34866310160427805,0.5329768270944741,0.11836007130124777,0.29376114081996435,0.19928698752228163,-0.0027954877247230022,0.001974763995719873,0.004996372092320298,0.011362368838362419,0.0504372656079102,0.08836628481765704,-0.04544913958386273,-0.07131160124108214,1.2391572097633647,0.0012228052780997188,-0.0045710181938964254,-0.05705990183130109,1.0305745411742637,0.8941182958861758,12,-0.005345166439453422,0.8767158413731128,0.0004441697539965226,1.011058333810009,58,-0.00819962806794096,0.8139935861510537,-0.0024269954751153177,0.9405711393469411,20240117,-0.004681314953040982,0.8916407312440926,202302,-0.005799682968473574,0.86780528882034
DYNAMIC_MARKET_PEERS,RETROSPECTIVE_CONFIRMATION_NOT_BLIND_OOS,peer_median_volume_ratio5,ACTIVITY_VOLUME,3,0.7635859717555803,0.907902077637285,2775,2762,479,24,483,0.35083272990586534,0.5333091962346126,0.11585807385952208,0.2965242577842143,0.2002172338884866,-0.002525674136119942,-0.00018769501898177013,0.004480719390749952,0.011404122871117977,0.050025983874967025,0.08814678503091887,-0.046298269164565385,-0.07174674573634297,1.2285823437183232,0.0016439681493231485,-0.004152413360259884,-0.057217475069200094,1.0409795919412714,0.9040499165179875,12,-0.004945491135508842,0.8862207086390631,0.0008462855977713992,1.021003912482508,57,-0.007817200633308258,0.8230951942632934,-0.002042198433480258,0.9501441914055848,20240513,-0.004276756934661722,0.901248260751396,202402,-0.004991955570243497,0.8854026362272491
DYNAMIC_MARKET_PEERS,RETROSPECTIVE_CONFIRMATION_NOT_BLIND_OOS,peer_median_volume_ratio5,ACTIVITY_VOLUME,4,0.907902077637285,1.1364784128309935,2782,2774,464,24,499,0.3410237923576063,0.5475847152126893,0.11139149242970439,0.2815428983417448,0.1795241528478731,-0.004238900411370293,-0.0014305103111461185,0.0013782161628851874,0.010298299640034347,0.04826091375667419,0.08515544883128606,-0.04824117794586542,-0.07207567513787594,1.1814727877108246,-0.0008520204812176447,-0.006633851054863833,-0.05748836399497257,0.9790944001373926,0.849199338340212,11,-0.007364811553638861,0.8332470223458021,-0.0015872275895988093,0.9612094237663891,55,-0.010179563141240524,0.7731862275121218,-0.004418467202938889,0.89373579791188,20240314,-0.0066995894380989275,0.8477598746886564,202402,-0.0073922229101710864,0.8330179543348881
DYNAMIC_MARKET_PEERS,RETROSPECTIVE_CONFIRMATION_NOT_BLIND_OOS,peer_median_volume_ratio5,ACTIVITY_VOLUME,5,1.1364784128309935,,2993,2980,435,24,539,0.34060402684563756,0.5614093959731543,0.09798657718120805,0.28993288590604027,0.19832214765100672,-0.006931515490490233,-0.003764133966798436,-0.0008781290627136789,0.012057059198235886,0.04572297443889305,0.08535757658729735,-0.0509346493653231,-0.07499791143719543,1.1381327153193763,-0.0029635901367202613,-0.00873321162004303,-0.05856882053173459,0.9310972227623882,0.8113699820039174,12,-0.009491299533668555,0.7958214411275503,-0.0037260502184599613,0.9137190490826064,58,-0.012279692444333426,0.7399311966275836,-0.006530724001530919,0.8511174275129589,20230503,-0.008792239201184377,0.8101587624480082,202402,-0.01057915764639454,0.7744441680404425
DYNAMIC_MARKET_PEERS,STRESS_PREVALENCE_SEEN_NOT_BLIND,peer_median_volume_ratio5,ACTIVITY_VOLUME,1,,0.6292264263987052,1521,1521,204,12,267,0.3339907955292571,0.5871137409598948,0.07889546351084813,0.28402366863905326,0.18671926364234057,-0.004862322044897493,-0.002044689330325389,0.002985368273698691,0.0076039747064722855,0.0482070142384049,0.09111242329405478,-0.051473558118376866,-0.0828708731660457,1.0994505042983649,-0.006243022444940209,-0.01199341429142144,-0.06001644754408247,0.8597702948010297,0.7495451559598141,6,-0.012768582274296279,0.7344094013263942,-0.007022699887513547,0.8428795722063611,29,-0.015569651442927462,0.6810628573065917,-0.00984010209538408,0.7831874894823911,20250422,-0.012555600996041465,0.7388394800918211,202512,-0.015086542691776837,0.6944451568159633
DYNAMIC_MARKET_PEERS,STRESS_PREVALENCE_SEEN_NOT_BLIND,peer_median_volume_ratio5,ACTIVITY_VOLUME,2,0.6292264263987052,0.7635859717555803,1278,1276,217,12,269,0.3393416927899687,0.5736677115987461,0.08699059561128526,0.28448275862068967,0.19122257053291536,-0.0035671183534779507,-0.003333038944092224,0.001305752437463973,0.008112183345879575,0.04943970608993917,0.08939229896807027,-0.05086157102070161,-0.07965277709294596,1.1222747307825736,-0.003448362587454538,-0.00921450393195463,-0.058830212493161976,0.918824169313328,0.7987781064016366,5,-0.009952068378521374,0.7835231302628515,-0.004190162598283677,0.9017484141181471,25,-0.01281773523162819,0.7255765602995276,-0.007072552250274156,0.8367712642861688,20250813,-0.009357693999524748,0.7958113387224467,202512,-0.012959337197310449,0.7253315852683191
DYNAMIC_MARKET_PEERS,STRESS_PREVALENCE_SEEN_NOT_BLIND,peer_median_volume_ratio5,ACTIVITY_VOLUME,3,0.7635859717555803,0.907902077637285,1205,1202,225,12,273,0.32362728785357736,0.56738768718802,0.10898502495840266,0.2687188019966722,0.19800332778702162,-0.003565025728732342,-0.0005761888966280012,0.00012568946615599207,0.012683636122339062,0.048126161953241195,0.08789320519308583,-0.048638311225929445,-0.07536982506184753,1.1661590712325758,-0.0036028088060893774,-0.009368635455717797,-0.05896391104820283,0.9146121600391234,0.7942744713421777,5,-0.010156134165493835,0.7779095118026507,-0.004394843925974068,0.8962739234008256,23,-0.012904629148481532,0.7220499782110388,-0.00715932140321862,0.8335683154672672,20250411,-0.009520048818097171,0.7911235095789477,202512,-0.011810056815424108,0.7471134127103987
DYNAMIC_MARKET_PEERS,STRESS_PREVALENCE_SEEN_NOT_BLIND,peer_median_volume_ratio5,ACTIVITY_VOLUME,4,0.907902077637285,1.1364784128309935,1319,1316,217,12,273,0.3404255319148936,0.5638297872340425,0.09574468085106383,0.2925531914893617,0.189209726443769,-0.00301962331925799,-0.0010707065640697567,0.00014336662072585645,0.012770017766274748,0.047700070882780686,0.08775262962894004,-0.04864956256042597,-0.0752537178182284,1.1660902899296237,-0.0017078758079046234,-0.007484859189023228,-0.05897076263020183,0.9587420186047951,0.832616618469141,6,-0.00833045894996967,0.8145558925958162,-0.002558376592264826,0.9384778409476705,26,-0.01107548977633063,0.7572129800614761,-0.005319439676877041,0.8740345628370548,20250821,-0.007574914480904965,0.8307314396262431,202512,-0.013107762194212355,0.7208966858274253
DYNAMIC_MARKET_PEERS,STRESS_PREVALENCE_SEEN_NOT_BLIND,peer_median_volume_ratio5,ACTIVITY_VOLUME,5,1.1364784128309935,,1517,1516,212,12,290,0.3555408970976253,0.5461741424802111,0.09828496042216359,0.2849604221635884,0.1853562005277045,-0.003786666732468095,0.0015286199669935256,0.002302640787028077,0.016022650716509355,0.05260118272444495,0.0911915542054991,-0.05072361159045818,-0.0755654109491971,1.206789628482369,0.0008078203940937266,-0.004983605582095786,-0.05763158489502308,1.0198269871398038,0.8865579940445263,7,-0.005831128470067964,0.867878686674407,-4.457359094820963e-05,0.9989110459022155,31,-0.008632447259897745,0.8075174250533996,-0.0028622413855282553,0.9311862189796164,20250912,-0.005097787937612013,0.8840354009746026,202507,-0.006535878494011432,0.8537462020161165
DYNAMIC_MARKET_PEERS,HISTORICAL_DISCOVERY,peer_median_volume_ratio20,ACTIVITY_VOLUME,1,,0.5473224147303526,4410,4368,607,36,524,0.32944139194139194,0.5771520146520146,0.09340659340659341,0.2777014652014652,0.1955128205128205,-0.002773713464090309,0.0002624166398348068,0.0025873319990422096,0.009521147041591668,0.05258567097457208,0.09332030106312059,-0.05106258710515167,-0.0806309550867245,1.1573756129112913,-0.005510229584758712,-0.01126501828612074,-0.059616303830879215,0.8760216033405588,0.7642538072294978,17,-0.012001923883368142,0.7498099070706978,-0.006251395635502643,0.859893023803205,82,-0.014731086608296891,0.6975057619434787,-0.008996431160004233,0.8013831364299433,20220323,-0.011306288444347778,0.7634443039944907,202103,-0.012848557304800263,0.7347282061799965
DYNAMIC_MARKET_PEERS,HISTORICAL_DISCOVERY,peer_median_volume_ratio20,ACTIVITY_VOLUME,2,0.5473224147303526,0.695253250363225,4410,4390,700,36,551,0.3574031890660592,0.5539863325740318,0.08861047835990889,0.3052391799544419,0.20751708428246013,-0.002842587617477882,0.0017384508253392983,0.008112234213045749,0.01837814609334803,0.05587170052129572,0.10113716932726545,-0.049081595682873784,-0.0772697726085635,1.3088840035755045,-0.0003574683422474983,-0.006142023152519665,-0.05829224019217231,0.9915553296452971,0.8651086438285693,18,-0.00689840155338683,0.8491182280603309,-0.0011182002510508788,0.9736924543100407,89,-0.009799699141835908,0.7891418766997523,-0.004036399766583191,0.9065790650043623,20210422,-0.00618387307773257,0.8642204704353766,202103,-0.007469477061628828,0.8379141135115509
DYNAMIC_MARKET_PEERS,HISTORICAL_DISCOVERY,peer_median_volume_ratio20,ACTIVITY_VOLUME,3,0.695253250363225,0.8629818752487225,4410,4386,712,36,579,0.34997720018239853,0.5510715914272686,0.09895120839033288,0.292749658002736,0.18901048791609668,-0.0033334287195537315,0.0002175845794386925,0.004569614775373561,0.010585548417030894,0.052580727631758147,0.09466425325054274,-0.05007377906287761,-0.08010087115493138,1.1818130300660878,-0.0005034866111076057,-0.006287005531154656,-0.05810713103144771,0.9880294571343899,0.8610444041731476,18,-0.0070449318206852575,0.8449317109367317,-0.0012657886280593568,0.9700290083966138,89,-0.009936185360871376,0.7848464038568798,-0.004173864905518581,0.9027787871590944,20220503,-0.006323587328647245,0.860267738089927,202103,-0.008033475374099337,0.8250152918366632
DYNAMIC_MARKET_PEERS,HISTORICAL_DISCOVERY,peer_median_volume_ratio20,ACTIVITY_VOLUME,4,0.8629818752487225,1.1513880140174795,4410,4400,700,36,587,0.36204545454545456,0.5327272727272727,0.10522727272727272,0.3118181818181818,0.21522727272727274,-0.00312882864822282,0.0025347658923652798,0.007285616172944256,0.01985341615369199,0.05559470798386401,0.10219575240688135,-0.048881252766951426,-0.07755521950211368,1.3177159843393407,0.0023318198787200474,-0.0034685022021952653,-0.05731654691257426,1.0567816655001216,0.9215010961855493,19,-0.004256447622346024,0.904084347004677,0.001539322634727924,1.0373218668157511,92,-0.0071733036295055265,0.8410487858478904,-0.001394540256374926,0.9667518718061343,20210204,-0.003508923688508474,0.9206043284539837,202006,-0.004573458773173284,0.8975796159243017
DYNAMIC_MARKET_PEERS,HISTORICAL_DISCOVERY,peer_median_volume_ratio20,ACTIVITY_VOLUME,5,1.1513880140174795,,4410,4393,653,36,590,0.3571591167766902,0.5679490097882995,0.07489187343501025,0.3116321420441612,0.22080582745276575,-0.00585479984221381,-0.0010964734879005164,0.003520924753155228,0.015046192494523526,0.056687415152344274,0.10231306321544534,-0.05658284484118767,-0.08413193991216787,1.21610250901451,-0.002582071722999832,-0.00835421672578484,-0.05964336131285862,0.9421995588461136,0.8255567189819382,18,-0.009122033611821246,0.8103044988676001,-0.0033543370462157554,0.9252198375483089,88,-0.012010513765798767,0.7542338609766851,-0.006259683027341276,0.8626821021514736,20221027,-0.008396670372949984,0.8247101612245044,202004,-0.009693849608580739,0.8005788368315387
DYNAMIC_MARKET_PEERS,RETROSPECTIVE_CONFIRMATION_NOT_BLIND_OOS,peer_median_volume_ratio20,ACTIVITY_VOLUME,1,,0.5473224147303526,3031,3024,420,24,445,0.35615079365079366,0.5333994708994709,0.11044973544973545,0.2906746031746032,0.19146825396825398,-0.0013719576453477735,0.002707120054789268,0.006912297460083348,0.012193022256765053,0.05216093638699707,0.09013707779151492,-0.04449871082078504,-0.0707293695475696,1.274393909744841,0.001650853257673726,-0.004145351226460697,-0.05670380194430645,1.041236486180417,0.9040992604124959,13,-0.00492950279138364,0.8864485436115054,0.0008621639285447293,1.0214433185717586,62,-0.007791682931800377,0.8234388446674242,-0.0020167130151451398,0.9506575682921653,20230529,-0.00429217020415131,0.9008011820722686,202304,-0.0059573622532284026,0.8642515111584709
DYNAMIC_MARKET_PEERS,RETROSPECTIVE_CONFIRMATION_NOT_BLIND_OOS,peer_median_volume_ratio20,ACTIVITY_VOLUME,2,0.5473224147303526,0.695253250363225,2765,2755,471,24,463,0.3528130671506352,0.5277676950998185,0.11941923774954628,0.2911070780399274,0.19128856624319418,-0.0028875536197043405,0.0017108348603807264,0.004858189915786067,0.01378962471808909,0.049650468394408676,0.08845416019164483,-0.044331386326744236,-0.07025490794612343,1.2590459909146547,0.002713754482790035,-0.003088320816298125,-0.056800123007780784,1.0694019945271716,0.926829058874595,12,-0.003877562674362836,0.9085298770499844,0.0019199320622433121,1.0488867834626043,58,-0.006755662464545242,0.8433091926957007,-0.0009750286721419291,0.97558941833569,20240215,-0.0031509885438470546,0.9253713837362082,202304,-0.0039550719322192195,0.9071423895979053
DYNAMIC_MARKET_PEERS,RETROSPECTIVE_CONFIRMATION_NOT_BLIND_OOS,peer_median_volume_ratio20,ACTIVITY_VOLUME,3,0.695253250363225,0.8629818752487225,2676,2669,475,24,481,0.34357437242412886,0.5384038965904834,0.11802173098538779,0.28662420382165604,0.19895091794679656,-0.003047912515167507,0.00032122838267301156,0.005011365789903882,0.01377310435650132,0.049151185444270405,0.08788725198675099,-0.04510276118074986,-0.07029602699213225,1.2502449391142347,0.0003151259575844688,-0.005473551810136512,-0.05720093822047212,1.0078411002442038,0.8738467209022626,11,-0.006223263641849604,0.8571586608990137,-0.0004389533709261819,0.9891227873508284,54,-0.009044306917841522,0.7957661513478145,-0.0032765143079535436,0.9201218466927285,20230516,-0.005538572880164669,0.8723959564608976,202302,-0.0065756012692889405,0.8506101007452435
DYNAMIC_MARKET_PEERS,RETROSPECTIVE_CONFIRMATION_NOT_BLIND_OOS,peer_median_volume_ratio20,ACTIVITY_VOLUME,4,0.8629818752487225,1.1513880140174795,2765,2754,473,24,495,0.3449527959331881,0.5428467683369644,0.11220043572984749,0.29557007988380535,0.1888162672476398,-0.003761848272847774,0.00037981902967880877,0.0022691444889247872,0.010405621844755939,0.04921140173394407,0.0866430184358806,-0.04751140119367557,-0.07270111996148318,1.1917700646397715,-0.00022134039455741416,-0.006006848851294781,-0.05727052753040948,0.9945587848333628,0.8631001071490175,12,-0.0068059438763580565,0.8455640933102385,-0.001025065162425614,0.9749106038631634,56,-0.009641011068350365,0.7847431428739304,-0.00387671364196662,0.906636536985471,20230410,-0.006172183474842242,0.8594852593654173,202302,-0.007222048169209765,0.8385124959835145
DYNAMIC_MARKET_PEERS,RETROSPECTIVE_CONFIRMATION_NOT_BLIND_OOS,peer_median_volume_ratio20,ACTIVITY_VOLUME,5,1.1513880140174795,,3193,3176,447,24,531,0.3526448362720403,0.5547858942065491,0.09256926952141058,0.30100755667506296,0.20497481108312343,-0.005730249111014026,-0.002052090814703938,0.002227234520605363,0.009344754516871027,0.04861611037204104,0.08761618111327274,-0.049667916722287486,-0.07529168591280376,1.1636899884901253,-0.0008423322749336465,-0.006624257441091422,-0.05859033492752514,0.9800580198417355,0.8543472469885794,13,-0.007386848704964163,0.8382443729118514,-0.0016093315788337933,0.9620554794452243,63,-0.010198716491764709,0.7802010357190412,-0.004437612418491255,0.8970247551062466,20240913,-0.006681046998971596,0.8531448239588793,202402,-0.00932724765716909,0.7995597835226991
DYNAMIC_MARKET_PEERS,STRESS_PREVALENCE_SEEN_NOT_BLIND,peer_median_volume_ratio20,ACTIVITY_VOLUME,1,,0.5473224147303526,1491,1491,208,12,245,0.33266264252179745,0.579476861167002,0.08786049631120053,0.2823608316566063,0.1857813547954393,-0.0037036500926129466,-0.000273165847087741,0.005594244765265577,0.008931897051785499,0.05068388683974934,0.0908002743879184,-0.04958116349806818,-0.07984488658653302,1.137208383275895,-0.005378942313336852,-0.011134630224121813,-0.05962289555075809,0.877686870379265,0.7646858575968271,6,-0.011922556178978836,0.7490481405854537,-0.006171468456293211,0.8602301446694962,29,-0.014729038592895434,0.6947776305388818,-0.008994338893983296,0.7994534624767548,20251120,-0.011244692797826195,0.7625192289677367,202511,-0.014636085226368023,0.6997013223011238
DYNAMIC_MARKET_PEERS,STRESS_PREVALENCE_SEEN_NOT_BLIND,peer_median_volume_ratio20,ACTIVITY_VOLUME,2,0.5473224147303526,0.695253250363225,1342,1341,221,12,269,0.3348247576435496,0.5734526472781506,0.09172259507829977,0.2759134973900075,0.18269947800149142,-0.0028837405385559907,-0.00044024313607394486,-0.0003729150778117336,0.008282058134777915,0.048438113510239175,0.08756400824595753,-0.05040792322777378,-0.07957143882848548,1.1004452041479338,-0.003834110704098837,-0.00959825439863748,-0.05872831744847388,0.9092840744976491,0.7896722571370856,6,-0.010443141856703869,0.7721820341168932,-0.0046838535037601004,0.8896748114188504,26,-0.013184693820955181,0.7166838519454418,-0.007441356235390007,0.8273494532179387,20251212,-0.009703756883159116,0.7875189360252157,202512,-0.012684318166261569,0.7294426861165568
DYNAMIC_MARKET_PEERS,STRESS_PREVALENCE_SEEN_NOT_BLIND,peer_median_volume_ratio20,ACTIVITY_VOLUME,3,0.695253250363225,0.8629818752487225,1297,1291,226,12,271,0.3222308288148722,0.5817195972114639,0.09604957397366383,0.27807900852052675,0.18512780790085206,-0.006525959107911508,-0.005244110645913311,-0.003850927672805896,0.007519124428290861,0.04384868433595791,0.08433619723527194,-0.051935491916389055,-0.07801222472967555,1.0810638656634899,-0.005451112041733147,-0.011205874016624897,-0.05928896524855964,0.8738693725323408,0.759564267631401,5,-0.011946420083478067,0.7446676844387791,-0.006195926148724233,0.857190727554513,24,-0.014696831675069404,0.6905237198627109,-0.008962368514252873,0.7964792860249196,20250411,-0.01134826524668578,0.7566976960760302,202507,-0.014171090528542821,0.7058922927779481
DYNAMIC_MARKET_PEERS,STRESS_PREVALENCE_SEEN_NOT_BLIND,peer_median_volume_ratio20,ACTIVITY_VOLUME,4,0.8629818752487225,1.1513880140174795,1259,1258,225,12,277,0.3322734499205087,0.5675675675675675,0.10015898251192369,0.2774244833068362,0.18282988871224165,-0.003946108544437316,-0.0039248125196371265,-0.0014888979858119847,0.011897962508289775,0.044797744323702725,0.08467836460753171,-0.050060753191194456,-0.07508400419902429,1.1277816828079088,-0.002449338584178245,-0.0082214516680843,-0.05896431657294929,0.9409281683635193,0.8165213161908701,5,-0.008963986375052491,0.8007452305501527,-0.0031961426079203607,0.923223520897253,24,-0.011719781586274843,0.7434387016495736,-0.005968013029384993,0.8588126150181502,20250410,-0.008367119548542861,0.8134188700874615,202512,-0.012802293387690147,0.725394628573837
DYNAMIC_MARKET_PEERS,STRESS_PREVALENCE_SEEN_NOT_BLIND,peer_median_volume_ratio20,ACTIVITY_VOLUME,5,1.1513880140174795,,1451,1450,212,12,276,0.37103448275862067,0.5372413793103449,0.09172413793103448,0.3006896551724138,0.2103448275862069,-0.002185069463671024,0.003833135262671381,0.006235227148212054,0.020110123467781082,0.05743646017581612,0.09918144913489621,-0.048983468077271455,-0.07651423603473322,1.2962483097900022,0.002779976687678369,-0.0030232057660409778,-0.057607547858820926,1.0686981793436292,0.9306011484092312,7,-0.0038969368552824006,0.9109761701030603,0.0019012160786263115,1.0467556265060483,31,-0.006777537371723342,0.8477452358715308,-0.0009961969137466554,0.9759085101287508,20250410,-0.0033221759998003767,0.9238959547523762,202512,-0.0068414757232945714,0.8487517855191118
