time_slice_type,time_slice,momentum_strength_quintile,bias20_quintile,signals,evaluable_signals,outcome_observation_rate,primary_success_rate,gross_average_return,net_average_return,gross_median_return,net_median_return,gross_win_rate,net_win_rate,gross_profit_factor,net_profit_factor,average_day1_close_return,average_day3_close_return,average_day5_close_return,average_day10_close_return,average_mfe_5d,average_mfe_10d,average_mae_5d,average_mae_10d,average_trade_mfe_abs_mae,aggregate_mfe_abs_mae,top1_removed_winners,top1_removed_gross_average_return,top1_removed_gross_profit_factor,top1_removed_net_profit_factor
PERIOD,HISTORICAL_DISCOVERY,1,1,25206,25131,0.9970245179719115,0.2229915244120807,-0.0023748224480565675,-0.008147609819362595,-0.014634146341463428,-0.02033309166276563,0.442958895388166,0.4250129322350881,0.9268084509035923,0.7706427259762729,-0.0024734775307101347,-0.0021393339259659313,-0.0011258939606835195,0.004451305958034687,0.029584664458234298,0.052164385559642146,-0.034546431117006116,-0.05419801415764275,4.824258646945017,0.9624778023769376,112,-0.003180002073199626,0.9024297598977835,0.7492302273662557
PERIOD,HISTORICAL_DISCOVERY,1,2,21288,21247,0.9980740323186772,0.13060667388337177,-0.003734468507056254,-0.009499925424103809,-0.008163265306122436,-0.013916127581652761,0.435214383207041,0.39850331811549866,0.8552720541392549,0.6725511350658776,-0.0021816002252807555,-0.0024580691858994215,-0.0029594346319450743,-0.005455993960065982,0.01919125095800617,0.03540761513363908,-0.024038534217983073,-0.04157485814818267,4.37139732500666,0.8516593131223187,93,-0.004499512365900952,0.826386325622107,0.6478822745942272
PERIOD,HISTORICAL_DISCOVERY,1,3,14068,14027,0.9970855843048052,0.11705995579952948,0.0025068942556345534,-0.0032949755929956863,0.0,-0.0057982225230436115,0.49083909602908676,0.4416482498039495,1.1298613457538567,0.8519154464222092,-0.0008346159489883992,4.3917050756752154e-05,0.001239628211132682,0.002207920189527894,0.018696024252616256,0.03398255400422606,-0.01765980406873262,-0.030173292911637613,4.692986713222379,1.1262461178414918,69,0.0017114296125493058,1.0882188360015068,0.8172759141307362
PERIOD,HISTORICAL_DISCOVERY,1,4,4804,4797,0.9985428809325562,0.13883677298311445,0.006217021776300379,0.0003941313259924006,0.0036014405762303525,-0.002205878894484185,0.5222013758599124,0.4796747967479675,1.3327154957219465,1.0183809239617156,-0.001465657343130911,0.0005084904177952949,0.0017544740817999813,0.007304015423067629,0.02105953262836642,0.03948883132495311,-0.01960232435309367,-0.031122538606018987,5.044984384431436,1.2688178115816076,26,0.005318810725537792,1.2831032619094414,0.9768604910123103
PERIOD,HISTORICAL_DISCOVERY,1,5,565,565,1.0,0.184070796460177,0.010802293691585162,0.004953976241580343,0.011744966442952975,0.005881295649329461,0.5823008849557522,0.5539823008849557,1.5841379693080129,1.2373803292407202,-0.0033816870154483036,-0.0016094731935802566,0.0014468132417309657,0.015326782708015336,0.022937923388643446,0.045364796659652804,-0.0242155823076245,-0.03402988689138675,4.455869587006173,1.3330869069428206,4,0.009726538281869904,1.5222424495359377,1.184815974424364
PERIOD,HISTORICAL_DISCOVERY,2,1,18387,18318,0.9962473486702561,0.245878371001201,-0.0019931196840795697,-0.0077684316644959835,-0.016192466738583267,-0.02188574219452436,0.4434981984932853,0.42684790916038867,0.9407316708623091,0.7882912094872808,-0.002591347143401264,-0.0018215244231703104,-0.0008325539582136509,0.006549518145544008,0.031178688284716125,0.056247223454418536,-0.03607611710713508,-0.056384058957478625,4.775392967831107,0.9975731526677907,82,-0.0027964275615609867,0.9172163809610767,0.7675710948462506
PERIOD,HISTORICAL_DISCOVERY,2,2,17544,17509,0.9980050159598723,0.14900908104403449,-0.004129579848034843,-0.009892900737648019,-0.00916030534351131,-0.014901211210689201,0.43417670912102346,0.4014506825061397,0.8505107161153196,0.6789941925679873,-0.0025144116368729045,-0.0036527115552653774,-0.004146024919181641,-0.005899561802599079,0.020281199419086286,0.0381218451456552,-0.02706915227376326,-0.04589314720478983,4.390187295713517,0.8306653055529922,77,-0.004926488635973342,0.8224471885896071,0.6548107380175664
PERIOD,HISTORICAL_DISCOVERY,2,3,17298,17239,0.9965892010637067,0.13254829166424967,0.0007307421420006822,-0.005060943172249665,-0.0033783783783783994,-0.00913450619477411,0.4626718487151227,0.4198039329427461,1.0333199946185954,0.7976892050740001,-0.0011152879655680554,-0.000863905226950394,8.520736320790855e-05,2.2760562976688002e-05,0.01977484922642788,0.03632645096521855,-0.02030090293065628,-0.03479118008633382,4.638970465039477,1.0441281633757455,80,-7.147710551624023e-05,0.9967559493179933,0.7668924877298274
PERIOD,HISTORICAL_DISCOVERY,2,4,10906,10864,0.9961489088575096,0.1568483063328424,0.0023951517933048067,-0.003405646341725061,-0.002267585355820667,-0.00805063580333731,0.47560751104565535,0.43565905743740796,1.1054463103420733,0.8675478589109514,-0.0017731255245092353,-0.0003693367096417615,0.0009898508118981394,0.0028694591750509754,0.022029407682946405,0.0407505574736498,-0.021738448946253663,-0.03610157244121625,4.71524639555994,1.128775139642558,52,0.001575959770157736,1.0690493751601786,0.836658007924696
PERIOD,HISTORICAL_DISCOVERY,2,5,1810,1803,0.9961325966850829,0.22074320576816417,0.00985030387636858,0.004006816530145133,0.005347593582887722,-0.00046250990696220716,0.5230171935662784,0.49750415973377704,1.4302284539023886,1.1566520196093482,-0.004088755162504932,-0.00137439085272566,0.0029622994484011607,0.01684549542128992,0.026178541434823704,0.05294283573742624,-0.026530720208402653,-0.03881898462220285,4.745555904686367,1.363838757058708,10,0.00890863962646935,1.3869416287179075,1.1193834031740055
PERIOD,HISTORICAL_DISCOVERY,3,1,11762,11707,0.9953239245026356,0.2658238660630392,0.0009389935313768872,-0.004853314152290722,-0.011666666666666714,-0.017401611205815223,0.4629708721277868,0.44708294182967456,1.0280938839474174,0.8665717147727888,-0.0022708856357423913,-0.00013034048860289718,0.0023631558413468763,0.010043346069407785,0.03473748952075146,0.06098654381406568,-0.036644199535945866,-0.05749444041936172,5.249855884098183,1.0607381056191298,55,8.621484966359832e-05,1.0025673561333526,0.8439984724695543
PERIOD,HISTORICAL_DISCOVERY,3,2,13806,13751,0.9960162248297841,0.16049741836957312,-0.005062045821163411,-0.010819656162581744,-0.013035381750465591,-0.01874997912624103,0.42796887499090974,0.4002617991418806,0.8303123568829665,0.6724779017736218,-0.002491321329132414,-0.0026758135794656777,-0.003880172405298732,-0.007670203064437609,0.02269763984912476,0.040274096691170755,-0.028650016601128387,-0.049778048209834246,4.323112047597204,0.8090734397901549,59,-0.005848902120397635,0.8047769436980746,0.6503037038191356
PERIOD,HISTORICAL_DISCOVERY,3,3,16914,16834,0.9952701903748374,0.1477367232980872,-0.0029670294503250593,-0.008736786626532706,-0.009345794392523366,-0.01508701431506461,0.42895330877985033,0.39449922775335633,0.8867723756987242,0.7032382418759442,-0.0019161566212672137,-0.0027259885044964194,-0.0035009002385590843,-0.004829605954779214,0.0205749251902804,0.03767646044694217,-0.025276961695069503,-0.042696130318515046,4.374961588810223,0.8824326740122369,73,-0.003746240585689752,0.8576561179306145,0.6783251029439465
PERIOD,HISTORICAL_DISCOVERY,3,4,17725,17628,0.9945275035260931,0.180167914681189,0.0011018462355328173,-0.004691368336684524,-0.007357452183327284,-0.013106073836570831,0.44798048559110504,0.41870887224869524,1.0432401056827303,0.8359572301689511,-0.0019082504434617502,-0.0004960371290853605,0.0009194106312914328,0.0021321172694203044,0.024509493442722692,0.045028740222528625,-0.024351950771448912,-0.04046069463555277,5.053311932106664,1.1129008196256205,79,0.0003124963324462887,1.012208435451461,0.8093739669518892
PERIOD,HISTORICAL_DISCOVERY,3,5,5768,5746,0.9961858529819695,0.21893491124260356,0.001963684961893349,-0.0038342661378933246,-0.009108160704594914,-0.014851749308380565,0.45231465367211976,0.4326487991646363,1.0694494714553044,0.8776253632940477,-0.005191451365881942,-0.0032639362486671093,-0.00035633246568029506,0.009681993115004017,0.025963023801789806,0.052921145078696157,-0.030638740731286817,-0.04543266337309549,4.730924836586517,1.1648259456881243,26,0.0011619486427802603,1.040908586220728,0.8528535087011793
PERIOD,HISTORICAL_DISCOVERY,4,1,7168,7143,0.9965122767857143,0.2987540249195016,0.0017053933127648554,-0.004091289850699272,-0.014662756598240456,-0.020358291349843946,0.46745065098698024,0.4541509169816604,1.0483302219143456,0.8928781516838726,-0.0020606465849739757,4.863556815812966e-05,0.0025072202739151676,0.013038250443148481,0.037904058553686504,0.06686136866790993,-0.03975328175308317,-0.06166411626865491,5.468414518110444,1.0842832544070187,34,0.0008620522569365692,1.024313959608878,0.8715392982401026
PERIOD,HISTORICAL_DISCOVERY,4,2,9489,9436,0.9944145853093055,0.19913098770665535,-0.004459908745982439,-0.010220658603041461,-0.017336031496378523,-0.023032949135193465,0.42666384061042817,0.40451462484103434,0.8619288392141307,0.7119502815365355,-0.0032436049360022455,-0.0028045440613417892,-0.004248612373348288,-0.008301003142371753,0.026327819086370503,0.046880776867434575,-0.033032398916004964,-0.05693566273515069,4.512239230252462,0.8233991599520194,41,-0.00524741140404677,0.8382549604908729,0.6912319266708589
PERIOD,HISTORICAL_DISCOVERY,4,3,12492,12423,0.99447646493756,0.17918377203574015,-0.005738139248317266,-0.011491568431158823,-0.017770597738287597,-0.023458340479072897,0.40899943652901877,0.3831602672462368,0.8164361256735979,0.6675149474274868,-0.0031389498557549364,-0.0035813998123868595,-0.00441553321488249,-0.007395617854216961,0.02455200129868051,0.0442172589640869,-0.031045776475359922,-0.05250960896847311,4.513488722685882,0.8420793799975743,51,-0.006495128567590868,0.7930729289825366,0.6471937333731445
PERIOD,HISTORICAL_DISCOVERY,4,4,20281,20145,0.9932942162615256,0.20496401092082403,-0.0024020360747420526,-0.008174771587358283,-0.018121911037891292,-0.02380932748302057,0.41469347232563913,0.39205758252668155,0.9210326452442074,0.7573058859989203,-0.0027876962598090186,-0.002595578307588948,-0.00228673606606492,-0.0021770489620582534,0.02643204212383766,0.048850156445979995,-0.030258283971127585,-0.04926423766157988,4.75205226739874,0.9915946894693792,84,-0.003161320544605682,0.8965043957057113,0.7359997263930621
PERIOD,HISTORICAL_DISCOVERY,4,5,16495,16419,0.9953925431949076,0.2535477191059139,0.0021817095436494384,-0.003617415726524402,-0.015082956259426794,-0.02077614740440296,0.4405262196236068,0.4228637554053231,1.0706626817538967,0.8935278682211065,-0.004466723162999564,-0.002011158249880626,0.0011913907654701149,0.006887682428731521,0.03131766068103265,0.05912566102068955,-0.03336258562064803,-0.05104562350492548,4.944817931049839,1.1582905048654055,73,0.001380003646442888,1.0444977661974695,0.8706451487103674
PERIOD,HISTORICAL_DISCOVERY,5,1,3427,3425,0.9994163991829589,0.3672992700729927,0.007094869128522825,0.0012671493578610307,-0.013445378151260456,-0.019147360539072667,0.472992700729927,0.4645255474452555,1.1955705836560855,1.0323752169703093,-0.0016115518924583524,0.0032187090342790034,0.01164523074524165,0.035188120119444354,0.04942832240024805,0.0908947817457213,-0.04302186397075245,-0.06320942434930915,6.0118158889807205,1.4379941390292812,17,0.0062099533602295795,1.170328174413286,1.0098471102820896
PERIOD,HISTORICAL_DISCOVERY,5,2,3823,3815,0.9979074025634319,0.2930537352555701,7.377016221401595e-05,-0.005713206497616753,-0.02774566473988449,-0.03337993293434445,0.4387942332896461,0.4235910878112713,1.0020691788524259,0.8524757344742795,-0.003654494423965012,-0.0022519122997075487,0.00038250723416760683,0.0023527818671777567,0.0370116416667599,0.06489364706500539,-0.04052645088304492,-0.06363193474971242,5.029853330573998,1.0198282877969331,17,-0.000738977870121559,0.9793647780826511,0.8323607493692671
PERIOD,HISTORICAL_DISCOVERY,5,3,5178,5162,0.9969100038624952,0.24292909724912826,-0.00702461338602052,-0.012770405162312511,-0.050000000000000044,-0.05548368944949367,0.38434715226656335,0.3676869430453313,0.8130048131504283,0.6881178968557059,-0.0045715846609673426,-0.005196336605833739,-0.005340665975158114,-0.004656573752519749,0.031708868038189175,0.058069287712399546,-0.04075740032287686,-0.06492723610521807,4.89989585139092,0.8943748601633859,20,-0.007763445265242936,0.7941378193836784,0.6714557853595031
PERIOD,HISTORICAL_DISCOVERY,5,4,12234,12186,0.996076508092202,0.24405054981125882,-0.0064847379844486,-0.012233728112848726,-0.045160072851672006,-0.05068725615950147,0.38987362547185295,0.37584112916461515,0.8265707704284784,0.6996843948150877,-0.002685635148610358,-0.003430023152733738,-0.0038347730022687512,-0.00652626350657671,0.03383356014452711,0.05855842705987453,-0.0389920563606252,-0.06357464568940004,4.631188288189363,0.9210971830809295,48,-0.00723206331285816,0.8073459955486458,0.6826995932904741
PERIOD,HISTORICAL_DISCOVERY,5,5,41312,41114,0.995207203718048,0.28900131342121904,-0.004079125427615275,-0.009841988420912976,-0.051162790697674376,-0.05664608929395742,0.39373449433283064,0.38373789949895415,0.8967533608916766,0.7701126806385677,-0.004948607036702236,-0.0029788421824029506,-0.0011202659957988148,0.002430414233943609,0.041249586079245275,0.07581324102521085,-0.0453611186921423,-0.0707540395954384,5.083314443537057,1.0715040647671885,162,-0.004821475048153361,0.8784446236074369,0.7538464862797662
PERIOD,RETROSPECTIVE_CONFIRMATION_NOT_BLIND_OOS,1,1,18570,18548,0.9988152934841141,0.1798576665947811,0.00019214749761212248,-0.005595810982771394,-0.006824024758190439,-0.012575440439052149,0.45341815829199916,0.422687082165193,1.0072931265223208,0.8098575169625924,-0.002201018413781868,-0.0004487054526633491,0.0014786951828997382,0.0028113069854163496,0.024998459870109638,0.044081608464708315,-0.025109919487970273,-0.04063833971152571,4.573698284623807,1.0847295627140505,85,-0.0006029283226403543,0.9772202012585326,0.7839921957743484
PERIOD,RETROSPECTIVE_CONFIRMATION_NOT_BLIND_OOS,1,2,19698,19690,0.9995938673977054,0.12620619603859828,-0.00023051720701677356,-0.006016318940157526,-0.004201680672268893,-0.009966694715556263,0.4547993905535805,0.41518537328593197,0.9897002538838181,0.7640648250376773,-0.0023183889467714505,-0.0013587747128146848,-0.0008029302788992435,0.0004537505808296311,0.018657599252895875,0.03521133979393831,-0.020942839978715946,-0.0343488759420982,4.433016065538532,1.0251089396140347,90,-0.0010315954667480059,0.9541179355156255,0.7340531102338216
PERIOD,RETROSPECTIVE_CONFIRMATION_NOT_BLIND_OOS,1,3,10997,10990,0.9993634627625716,0.10982711555959963,-0.00012339422786530597,-0.005910391012731578,-0.003754716892466592,-0.00951241065857475,0.4531392174704277,0.40709736123748863,0.9939499635867832,0.7490650547975676,-0.0015298535554331518,-0.0014244967575075,-0.0015465843743021697,-0.0003196258429127509,0.016655410328414444,0.03131901388137589,-0.01892110995941591,-0.031471161434167325,4.2141614178146805,0.9951654929192968,50,-0.0009120238053077971,0.9554867865395628,0.7170688640413478
PERIOD,RETROSPECTIVE_CONFIRMATION_NOT_BLIND_OOS,1,4,2361,2354,0.9970351545955104,0.14528462192013594,-0.0001335622916736751,-0.005920158742770997,-0.00676620960417218,-0.01251529634370576,0.43542905692438405,0.39847068819031434,0.994268948485367,0.7768455103389506,-0.0022368406804575804,-0.0026131412663694866,-0.0015877782610833069,0.0015127206420385514,0.01959662558441187,0.037533494883025834,-0.02225034592945348,-0.03541968294469505,4.795858769532239,1.0596790191948169,11,-0.000979538187355304,0.9581652043579906,0.7463334532057607
PERIOD,RETROSPECTIVE_CONFIRMATION_NOT_BLIND_OOS,1,5,101,101,1.0,0.18811881188118812,-0.00394140624252992,-0.00970444805710218,-0.032154340836012874,-0.03777553874689699,0.39603960396039606,0.33663366336633666,0.8780386831728256,0.7285604600027628,-0.009224655751640068,-0.010254223662518689,-0.008857610679915308,0.0011810832452594775,0.01819120221317405,0.044626336337931984,-0.036511177703811466,-0.05047234585913482,2.7125362559329256,0.8841740081287546,1,-0.005725786747908239,0.8245777407291615,0.6821144974810298
PERIOD,RETROSPECTIVE_CONFIRMATION_NOT_BLIND_OOS,2,1,12152,12138,0.9988479262672811,0.18891085846103148,-0.0011974436030324383,-0.006977814980562798,-0.008849568351045889,-0.014593865164742693,0.44521337946943484,0.4161311583456912,0.9575061196736189,0.7770377479692628,-0.0021597427494196835,-0.0004037108106452269,0.0008285775471137695,0.004650021022643849,0.026224880866214016,0.04663462363558483,-0.027226857907046268,-0.04342456962617217,4.749160986361174,1.0739225290439711,55,-0.001998340625765697,0.9294058875946123,0.7527206706812875
PERIOD,RETROSPECTIVE_CONFIRMATION_NOT_BLIND_OOS,2,2,16184,16161,0.9985788433020267,0.13569704844997216,0.0007421813335695937,-0.005049250303787739,-0.0029325513196480912,-0.008714023290140132,0.4690922591423798,0.43215147577501395,1.0327954952377825,0.8032184519211769,-0.0020903570813851054,-0.0010852115681598258,0.00025222238235969965,0.0017574622046295446,0.020170858263990395,0.03757839215626104,-0.021381868155407237,-0.03515459464836173,4.584370399613487,1.068946819957495,76,-7.386930796590418e-05,0.996751214549286,0.7726731109866476
PERIOD,RETROSPECTIVE_CONFIRMATION_NOT_BLIND_OOS,2,3,15733,15707,0.998347422614886,0.1143439230916152,0.0007193785134712515,-0.005072569417760559,-0.001980198019801982,-0.0077711237780828816,0.4702362004201948,0.4222957916852359,1.0354185376640983,0.7829346323172957,-0.0016376759803586034,-0.0008229533254327463,-0.00025412959169880163,0.000734948010869713,0.01778416207936604,0.03305734759492499,-0.018668491738864045,-0.031322330418511485,4.469262478904592,1.0553923400089067,74,-7.55041722410572e-05,0.9963000726278379,0.7502994580215279
PERIOD,RETROSPECTIVE_CONFIRMATION_NOT_BLIND_OOS,2,4,7080,7065,0.9978813559322034,0.13715498938428874,0.0006771005321282607,-0.005114090138666565,-0.004366812227074246,-0.010129472873677652,0.4610049539985846,0.42165605095541403,1.0299955187451608,0.8006164201188987,-0.0019132171339104624,-0.0013722474682124368,-0.0008163485523287503,0.0029252256024259733,0.020440893749832642,0.038627558060629515,-0.022032251351610976,-0.035382091007033496,4.235663327271457,1.0917262649330381,33,-0.00013680486546759714,0.9939678593240421,0.7701465929266746
PERIOD,RETROSPECTIVE_CONFIRMATION_NOT_BLIND_OOS,2,5,587,585,0.9965928449744463,0.18632478632478633,-0.00712024288704475,-0.012864969449201428,-0.034028540065861645,-0.039653693060816564,0.3641025641025641,0.3452991452991453,0.7870095200123597,0.6519146081710907,-0.0065684610658854285,-0.007293259698753222,-0.00619305769329352,-0.007086423719404005,0.02411573017154085,0.0450659626897474,-0.03504772929816975,-0.05324069201594794,3.9321777014911166,0.8464571173539246,3,-0.008105631601141536,0.7587766394278633,0.6273268511825887
PERIOD,RETROSPECTIVE_CONFIRMATION_NOT_BLIND_OOS,3,1,6938,6932,0.9991351974632459,0.2208597807270629,-1.541853679123114e-05,-0.005802311970148614,-0.008364702425099013,-0.014113636803398541,0.45268320830929026,0.4281592613964224,0.9994794560001257,0.8224212344680395,-0.0017693491805060102,0.0013732302206471564,0.0034114168778118822,0.008845116147841569,0.030632284654814716,0.05302475008928782,-0.028603785056036113,-0.045787823851417296,4.705647779154081,1.158053509189573,32,-0.000824826007618128,0.9722816632689198,0.7987264607001008
PERIOD,RETROSPECTIVE_CONFIRMATION_NOT_BLIND_OOS,3,2,11441,11427,0.9987763307403199,0.17213616872319945,3.2571345528631976e-05,-0.005754755026163875,-0.007692307692307665,-0.013438495867433412,0.4470114640763105,0.41673230069134504,1.0012504571542449,0.8027003981387774,-0.002283522849500001,-0.0014969879249931586,-0.0003801429859663106,0.0005061412272109656,0.02272612074250915,0.04207588670428507,-0.024734925815359646,-0.04054690815701412,4.586309656540736,1.0377088813122353,52,-0.0007704996471216113,0.9705541064318891,0.7763491119781117
PERIOD,RETROSPECTIVE_CONFIRMATION_NOT_BLIND_OOS,3,3,15686,15664,0.9985974754558204,0.13981103166496425,0.0007912631066361405,-0.005000713475655457,-0.003474233938457527,-0.009230904797788174,0.4652068437180797,0.42485955056179775,1.0346899757237422,0.8066693724950753,-0.0017378273228701054,-0.0009785301010292807,-0.0003200627008710908,0.0010516843989233596,0.02070019562339061,0.03777423266116747,-0.02171228974849622,-0.03526439983872446,4.56258921879219,1.0711718569980289,73,-2.0140642413982745e-05,0.9991211238179531,0.7765277179522126
PERIOD,RETROSPECTIVE_CONFIRMATION_NOT_BLIND_OOS,3,4,14974,14930,0.9970615733938827,0.1562625586068319,5.292675034985134e-06,-0.005781644813568441,-0.006264356088551193,-0.012013652582546228,0.4483590087073007,0.4149363697253851,1.0002171080369229,0.7898288677267373,-0.0026333260262869913,-0.001818956927479198,-0.0011456685324328297,0.0017089864872850934,0.021106702754695776,0.04053461079063023,-0.023789637166481147,-0.038028923939959096,4.514528622595163,1.0658889758392103,67,-0.0007836701874618442,0.9679977387259644,0.7623862170729302
PERIOD,RETROSPECTIVE_CONFIRMATION_NOT_BLIND_OOS,3,5,2711,2700,0.9959424566580598,0.21407407407407408,-0.004809242258308194,-0.010568070944910598,-0.026601655140388425,-0.03224438137678261,0.3907407407407407,0.3685185185185185,0.8533373204941809,0.7079201448245267,-0.0050629101101982,-0.004441819328166783,-0.004355886215403464,-0.0002431289718205748,0.02509647329731469,0.04880238240156543,-0.03350530484767447,-0.050373857494155974,4.0481208690575015,0.9688037571319041,11,-0.005577586847276561,0.8305988555465584,0.6880828705086204
PERIOD,RETROSPECTIVE_CONFIRMATION_NOT_BLIND_OOS,4,1,3886,3870,0.9958826556870818,0.27364341085271315,0.002515252681186381,-0.0032859570150190203,-0.011166949321628095,-0.016911550469346726,0.45478036175710596,0.4343669250645995,1.080069551135035,0.9045807433098144,-0.0013658627997632834,0.0032277542072000694,0.005241407846787441,0.013711764775183303,0.03641256492393903,0.06345823103681518,-0.031792069587854854,-0.04976979098797104,5.762602688172002,1.275035112205967,18,0.0017006734488369162,1.053886753329889,0.8816168030174215
PERIOD,RETROSPECTIVE_CONFIRMATION_NOT_BLIND_OOS,4,2,6935,6917,0.9974044700793079,0.2219170160474194,0.0019063631117418964,-0.003891568243049345,-0.008888888888888835,-0.014635602418332845,0.4503397426630042,0.42532889981205724,1.0670469358557284,0.876490816081108,-0.0014695730061351834,0.0007634515122238614,0.0030224361746414513,0.005161451683789231,0.030233102631972743,0.0528369858937553,-0.02731314130126743,-0.04454545778353393,5.207582898975415,1.1861363318009566,32,0.001078285063438155,1.0377479235841445,0.8510542400725467
PERIOD,RETROSPECTIVE_CONFIRMATION_NOT_BLIND_OOS,4,3,10757,10736,0.9980477828390816,0.19299552906110284,-0.0008706165237278916,-0.00665225036137956,-0.013127911263027314,-0.01885079029006687,0.4247391952309985,0.4018256333830104,0.969259808387348,0.7890731690198676,-0.0030443379144963543,-0.0022889407502748866,-0.0005452301631755968,0.0006456002081015983,0.025952066943177598,0.047034885678962746,-0.028193508714466586,-0.04472749950491909,4.738702801460502,1.0515876407039007,46,-0.0016491266070959017,0.9420212476108589,0.7655400981780958
PERIOD,RETROSPECTIVE_CONFIRMATION_NOT_BLIND_OOS,4,4,18506,18439,0.9963795525775424,0.2044037095287163,-0.00023627275362547975,-0.006021643245612212,-0.014234875444839923,-0.01994810681216427,0.42746352839091056,0.402028309561256,0.9917711628352633,0.8113389717817924,-0.0031452502266240572,-0.002287967644420081,-0.0009678167518254627,0.0014607960464372808,0.02594568707844049,0.04822046205612235,-0.028552663498144275,-0.04521184580414749,4.597478630296912,1.0665448666928539,79,-0.001012888264177591,0.9648745677436488,0.7880598734260912
PERIOD,RETROSPECTIVE_CONFIRMATION_NOT_BLIND_OOS,4,5,11641,11581,0.9948458036251181,0.22847767895691218,-0.0034844056623677573,-0.009250919693419762,-0.025504782146652416,-0.031145064481973014,0.4036784388222088,0.3853725930403247,0.8952138999489804,0.746911305981638,-0.004288339347207402,-0.004307127469610825,-0.004396347017177915,-0.0015661230669040214,0.02815891379704889,0.0525688654483754,-0.0349898802057944,-0.053982805943024306,4.426838159684611,0.9738075768765848,47,-0.004236787383284594,0.873104704392176,0.7275567780145724
PERIOD,RETROSPECTIVE_CONFIRMATION_NOT_BLIND_OOS,5,1,1541,1532,0.9941596365996106,0.38903394255874674,0.012414401383478756,0.006555532194288518,-0.0018187830687830808,-0.007610744307454632,0.4915143603133159,0.48237597911227154,1.3855949384008714,1.187454209348936,0.0004559064002544991,0.014407523410029831,0.02319174350677603,0.04004177929219197,0.0567444631776605,0.0956409683203483,-0.030599770040633946,-0.047492303839737966,6.687263559548302,2.0138203579907863,8,0.01152126859817972,1.3559852836793154,1.1612157343699492
PERIOD,RETROSPECTIVE_CONFIRMATION_NOT_BLIND_OOS,5,2,2073,2064,0.9956584659913169,0.27325581395348836,0.0010821837620072214,-0.0047104973439685525,-0.01891263524993303,-0.024606676927477162,0.4278100775193798,0.41424418604651164,1.0327576470943642,0.8698277688537881,-0.0024033593299258985,0.002210385311734477,0.00623729519917557,0.010568329423141327,0.03882267978273736,0.06555882841218923,-0.03358963395671979,-0.05155660930552687,5.1133203024135865,1.2715892161116444,9,0.0002936174143487603,1.0088490292336816,0.8488240412957436
PERIOD,RETROSPECTIVE_CONFIRMATION_NOT_BLIND_OOS,5,3,3822,3802,0.9947671376242805,0.24408206207259336,-0.0025726886916777967,-0.008344164715780636,-0.027861332862876564,-0.033498375548482645,0.39952656496580746,0.380326144134666,0.9233360591486409,0.7737613975891158,-0.0035247875513758605,-0.0024284205592210186,-0.0004055236961828501,0.0012056681749060812,0.03231306499156681,0.05700612698208349,-0.03487734864734872,-0.05411667682033027,4.339920690307644,1.0533929711047543,16,-0.003352672556183444,0.9005136404908043,0.7537761340975776
PERIOD,RETROSPECTIVE_CONFIRMATION_NOT_BLIND_OOS,5,4,10216,10200,0.9984338292873923,0.265,-0.0005670114955615017,-0.006349866349888957,-0.029297709923664095,-0.03492741932101796,0.41147058823529414,0.39647058823529413,0.9831388033812328,0.8278028121088683,-0.0027374764492930238,-0.0010158018014851966,0.0008428888219078936,0.005271741510146333,0.03439385435936271,0.06204415063714963,-0.03426171060333095,-0.053620945826407286,4.965171853341024,1.1570879565983725,42,-0.0013184516983729335,0.9609546976995883,0.8083353971811942
PERIOD,RETROSPECTIVE_CONFIRMATION_NOT_BLIND_OOS,5,5,34105,33988,0.9965694179739041,0.2913675414852301,-0.0027385913557154986,-0.008509048434088291,-0.050724637681159424,-0.056201681835761484,0.3914911145110039,0.38157585030010593,0.9281717263737616,0.7947179462048586,-0.004452798531729552,-0.002870396020423866,-0.0010426993608432817,0.00361276488579869,0.03880971921963344,0.0713568580682643,-0.04218442037248985,-0.06528560666340699,4.918226071543357,1.0929952514060084,134,-0.003477912147938556,0.9091403241213337,0.7778636271532408
PERIOD,STRESS_PREVALENCE_SEEN_NOT_BLIND,1,1,9991,9973,0.9981983785406866,0.21086934723754136,-0.0009416001593178851,-0.006723248240321097,-0.012953367875647714,-0.018670229505820927,0.4348741602326281,0.41181189210869346,0.9685089756033426,0.7965854619097072,-0.0018144144683689939,-0.001374860369790531,-0.0014144464749734594,0.0001553782254633923,0.029163714866433044,0.05097757357717364,-0.03337529567987846,-0.053948325268288,4.740814117717368,0.9449333843758699,44,-0.0017417718429664133,0.9420049105925036,0.7735195342423937
PERIOD,STRESS_PREVALENCE_SEEN_NOT_BLIND,1,2,7883,7861,0.9972091843206901,0.13904083449942756,-0.0027280410250566517,-0.008499364350508281,-0.009852216748768461,-0.015591871301178856,0.42602722299961837,0.3939702327948098,0.8926641166492119,0.703516513331686,-0.003203269817055705,-0.0033885610813809467,-0.0038686146922063368,-0.004720737951955181,0.0186239115154865,0.03612728431584861,-0.02490479734652201,-0.043258825346277265,4.1607780944868855,0.8351425177789212,34,-0.003497843793786805,0.8629711584563077,0.6782166967656011
PERIOD,STRESS_PREVALENCE_SEEN_NOT_BLIND,1,3,3865,3850,0.9961190168175937,0.11948051948051948,-0.0014804779535249964,-0.007259665386014857,-0.00588668457073549,-0.011641020487116346,0.427012987012987,0.38441558441558443,0.9322845315232126,0.7114008512476876,-0.0017824493375192291,-0.0017144048864435875,-0.0012308029646948954,-0.00021460886832064445,0.01800108416065355,0.03351402865506549,-0.020481945428538186,-0.03440033854989471,4.141474967209684,0.9742354310396188,17,-0.002252012968967089,0.8974501758793535,0.682316538220585
PERIOD,STRESS_PREVALENCE_SEEN_NOT_BLIND,1,4,1328,1324,0.9969879518072289,0.11706948640483383,-0.003907765572254486,-0.00967290743891964,-0.013473537005163572,-0.01918283405375098,0.3995468277945619,0.3693353474320242,0.8356541443648051,0.6441894362353382,-0.0016715220715269974,-0.0008714477095884218,-0.0007684500518195417,-0.0005064266964184302,0.01914470346277234,0.034173301451701436,-0.02062802895454252,-0.03399092514082296,3.696625987839548,1.0053654412206463,6,-0.004682309379528052,0.8039721460177062,0.6176054749058127
PERIOD,STRESS_PREVALENCE_SEEN_NOT_BLIND,1,5,98,97,0.9897959183673469,0.1958762886597938,-0.006025236850331929,-0.011776333718693428,-0.02527075812274371,-0.030912564144982373,0.32989690721649484,0.30927835051546393,0.8123184391143952,0.6711144556551332,-0.01090689519109762,-0.007239127335032567,-0.002078021950902427,0.013129127324549196,0.023657063026599028,0.04900456903817943,-0.03336281444131117,-0.043692275893287225,4.227686617341235,1.1215842625791983,1,-0.007869797979803585,0.7573889564401335,0.6238162467896056
PERIOD,STRESS_PREVALENCE_SEEN_NOT_BLIND,2,1,6425,6403,0.9965758754863813,0.2192722161486803,-7.805791675938573e-05,-0.005864561439653077,-0.00877192982456143,-0.014514625821525082,0.4610338903638919,0.4405747305950336,0.9974225618502754,0.823766950514972,-0.001075846655307719,-0.000791241290173904,-0.0005170551265673141,0.006220535297009864,0.031743203038146456,0.054272680092021255,-0.03494926143966904,-0.053181979995041755,4.759924482204814,1.0205088283114165,30,-0.0009086665907877597,0.9701368047956626,0.7998934946093565
PERIOD,STRESS_PREVALENCE_SEEN_NOT_BLIND,2,2,7283,7258,0.9965673486200741,0.14273904656930284,-0.0029085392283780312,-0.008679185767623263,-0.00968995887401175,-0.015420439652245998,0.4273904656930284,0.3943235050978231,0.8888024722371403,0.704776597255801,-0.0023840674401842555,-0.0019816869039685704,-0.0030562843849008545,-0.006280604970079743,0.021064943334227405,0.037989979667096975,-0.025383880130455727,-0.045694520800073746,4.230032577245815,0.831390263032054,32,-0.003699036066929249,0.8592041787530135,0.6794627513351646
PERIOD,STRESS_PREVALENCE_SEEN_NOT_BLIND,2,3,6034,6007,0.9955253563142195,0.12884967537872483,-0.0006271039043711519,-0.006410640987247476,-0.004950495049504955,-0.010701410136292298,0.4498085566838688,0.40918927917429665,0.9725967336604994,0.7537413144573213,-0.0016842646541361864,-0.0023008359268651864,-0.00259293921349389,-0.0004953139448226213,0.018474965538906336,0.03526723679679032,-0.021912781452195475,-0.03682385135910932,3.9404661483961085,0.9577280891360667,28,-0.001451924512676355,0.936849355683024,0.7235348969738566
PERIOD,STRESS_PREVALENCE_SEEN_NOT_BLIND,2,4,2995,2986,0.9969949916527546,0.14266577361018085,-0.0011290928170569127,-0.006909999277107661,-0.008565349767066521,-0.014311270145962871,0.4333556597454789,0.40354989953114534,0.9526740982131303,0.7446689209406153,-0.002586207170549133,-0.0014563897526406525,-0.00029663126587878335,0.0012628985033161532,0.020649158489572536,0.03781620582075886,-0.022611628898483754,-0.03644397711914163,4.271533299929289,1.0376530996364963,13,-0.0018833281761331578,0.921404014613547,0.7181926174597466
PERIOD,STRESS_PREVALENCE_SEEN_NOT_BLIND,2,5,445,445,1.0,0.14382022471910114,-0.00895735703002904,-0.014692335385037265,-0.024752475247524774,-0.030393007398502585,0.36404494382022473,0.3438202247191011,0.7071500351375968,0.5696186714283568,-0.006244632746918678,-0.007277049367807725,-0.0029898737877590916,0.0011921551997453419,0.020460847482622224,0.04036110834623893,-0.030509072887309127,-0.04471218916395211,3.4940644931920044,0.9026869205227575,2,-0.009740312274730021,0.6829834852623261,0.5488535041270779
PERIOD,STRESS_PREVALENCE_SEEN_NOT_BLIND,3,1,3906,3878,0.992831541218638,0.25683341928829295,0.0025434849050310297,-0.0032583252951552846,-0.00803329461866048,-0.0137733621035564,0.4708612686952037,0.4492006188757091,1.0818365739767049,0.9042176424990633,-0.0010671700856905492,0.001230756503051173,0.003440553313082297,0.010980695761355052,0.0379765402586741,0.06136911163636826,-0.038037153490221555,-0.05560302950880704,4.96835630738671,1.1037008626777776,19,0.0016796770138207142,1.0537787901744757,0.8795645826786148
PERIOD,STRESS_PREVALENCE_SEEN_NOT_BLIND,3,2,5247,5226,0.9959977129788451,0.18503635667814772,-0.001523313863855138,-0.0073014352772107225,-0.011093530239099925,-0.01683013409526708,0.43742824339839265,0.4085342518178339,0.9469079285046146,0.7707425123098142,-0.0024497924460367146,-0.002219197729801655,-0.0021250176652541763,-0.0028301063931800135,0.025038054462508497,0.045117495898019194,-0.029086987914621925,-0.04974800531964072,4.8384012103378575,0.9069207018076485,23,-0.0023123142467588427,0.9197635784568148,0.7472287511390016
PERIOD,STRESS_PREVALENCE_SEEN_NOT_BLIND,3,3,6697,6660,0.994475138121547,0.15735735735735737,-0.0009384137498953479,-0.006720216747604433,-0.007322452422825587,-0.013069904540749244,0.4397897897897898,0.404954954954955,0.9629109245468284,0.7639768741843458,-0.002162107795396762,-0.002313795697606603,-0.001558830217450731,-0.0004587139345667055,0.02139482791260015,0.04057346147983886,-0.024668121027745505,-0.04200703749136898,4.3675980711766975,0.9658729561249191,30,-0.0017440716350448171,0.9313792811789143,0.7370343845639736
PERIOD,STRESS_PREVALENCE_SEEN_NOT_BLIND,3,4,5796,5761,0.9939613526570048,0.18173928137476134,0.0016561310243953557,-0.00414053106728057,-0.007675438596491224,-0.013420763088380885,0.44801249783023783,0.4185037319909738,1.0650878260704273,0.8550411630432605,-0.0019781903552962173,-0.0010453569378221358,0.00032049044363202325,0.004545906146009848,0.02432192750862774,0.0454904985058311,-0.024750874065214163,-0.03992740806158285,4.625538507078522,1.1393301171883712,26,0.0008520574530302172,1.0333356939360725,0.8278334820840434
PERIOD,STRESS_PREVALENCE_SEEN_NOT_BLIND,3,5,1529,1527,0.9986919555264879,0.18925998690242304,-0.005510691849595874,-0.011265901145126394,-0.021126760563380254,-0.02680615979982914,0.38244924688932547,0.3608382449246889,0.820642115016429,0.6703248735489297,-0.00460068561116075,-0.0029532731676045368,-0.0020033402872270474,-0.0005221121040263162,0.0247269351050367,0.04544853972910034,-0.030189548101551524,-0.04573474617279818,3.643160660332329,0.9937420349373652,6,-0.006235383574174965,0.7978528144902466,0.6506193945627893
PERIOD,STRESS_PREVALENCE_SEEN_NOT_BLIND,4,1,2404,2398,0.997504159733777,0.2902418682235196,0.004440529097251509,-0.001372485159936501,-0.005239777834517956,-0.01099165073103521,0.4791492910758966,0.4628857381150959,1.1392207125871001,0.9605235804687845,7.501958853239713e-05,0.004221912521543221,0.008783044530418989,0.015741395233853737,0.0445267186416051,0.07028559410973972,-0.03846290346680828,-0.05562192100184434,5.429373385361505,1.2636311879161664,12,0.0035638121027469884,1.1111745015771628,0.9357756297981763
PERIOD,STRESS_PREVALENCE_SEEN_NOT_BLIND,4,2,3355,3345,0.9970193740685543,0.22361733931240657,-0.0012089455642592046,-0.00698882989305153,-0.014227642276422814,-0.019956808323777022,0.4337817638266069,0.41375186846038864,0.9612223076732702,0.7963625475681558,-0.002587961785648715,-0.0028827537270375526,-0.0037794366152392542,-0.003251906509183095,0.028507436792719505,0.051192816060168254,-0.03388683888684105,-0.05615249893123254,5.054148777337268,0.9116747613113677,15,-0.002005246244202611,0.9359688889914107,0.7743108493407745
PERIOD,STRESS_PREVALENCE_SEEN_NOT_BLIND,4,3,4796,4786,0.9979149291075896,0.20768909318846637,-0.0010123421156167094,-0.0067932713548312425,-0.013943797068011299,-0.01966184896605458,0.431884663602173,0.40869201838696195,0.9662803498208435,0.7953434990113293,-0.0024495267507598706,-0.0018005727968895854,-0.0009599796161468369,2.0740212403925514e-05,0.02744703934404011,0.050368729049814306,-0.03051675825385775,-0.0507778882377065,4.831525874753766,0.9919421779421626,21,-0.001802619894412617,0.9402207962341985,0.7726748663089856
PERIOD,STRESS_PREVALENCE_SEEN_NOT_BLIND,4,4,7668,7639,0.9962180490349505,0.20761879827202515,-0.0016930300166171633,-0.007469863237254236,-0.016728624535315983,-0.022431412421963927,0.41877209058777326,0.39547061133656236,0.9436425719647678,0.775604302924204,-0.0025318776832553686,-0.002027535222258963,-0.0009111742238281702,0.0028977074138029765,0.02654258364877648,0.050060438419788376,-0.0289938816219892,-0.04749928600524615,4.744427842052643,1.053919808694795,32,-0.002455132717906692,0.9186161207268668,0.7538788113361448
PERIOD,STRESS_PREVALENCE_SEEN_NOT_BLIND,4,5,4959,4930,0.9941520467836257,0.23204868154158215,-0.0022485090918940645,-0.008022188154236344,-0.0228223692206192,-0.028494086874288956,0.3975659229208925,0.3754563894523327,0.9295536200309233,0.7725701301676738,-0.004257689731676134,-0.0027782002238818074,-0.0008902068602682296,0.004478270891884573,0.030226177306494215,0.05575032776409744,-0.03342170584086768,-0.05021950214620457,4.7693830807642215,1.110133023656645,20,-0.00299758144740229,0.9064659805086177,0.7524642351435907
PERIOD,STRESS_PREVALENCE_SEEN_NOT_BLIND,5,1,1031,1029,0.9980601357904947,0.32653061224489793,0.0017073836434483495,-0.004090425325234855,-0.013924050632911356,-0.01962332847868378,0.4616132167152575,0.4480077745383868,1.046087983632165,0.8976724132385767,-0.000435229519046684,0.003441328494383428,0.009365124834869957,0.026051526667806215,0.05151953231405828,0.0867782425180622,-0.048014098621221864,-0.06311881344396468,5.2180418085463405,1.3748395729127856,5,0.0008313781863076609,1.0223326262884518,0.8764874956470673
PERIOD,STRESS_PREVALENCE_SEEN_NOT_BLIND,5,2,1208,1203,0.9958609271523179,0.25270157938487114,0.0012487504858510953,-0.004545342955217231,-0.012396694214875992,-0.018106369942858108,0.44222776392352453,0.41562759767248547,1.0389516190861459,0.8707223444648623,-0.0018923896943950694,-0.0012086175585734448,-0.00197630800037125,0.0016595784727568316,0.036120552865194944,0.0607528022961829,-0.03900413346309708,-0.06047581186973805,5.077555464133723,1.004580185331641,6,0.0003313361046634307,1.0102836462678577,0.8455528529375784
PERIOD,STRESS_PREVALENCE_SEEN_NOT_BLIND,5,3,1864,1857,0.996244635193133,0.23317178244480344,-0.005866680958910004,-0.011619597452894608,-0.03442028985507262,-0.04003646165029103,0.3925686591276252,0.3753365643511039,0.8346499437853497,0.7008161782289818,-0.0037302654821094305,-0.006164770017472519,-0.008332953881110192,-0.006684201283840311,0.030558063410623736,0.055636663397240854,-0.04243073115959585,-0.0662571555165707,4.650529683862951,0.8397079977773314,8,-0.006680923587709027,0.8125120382199891,0.6813514742295841
PERIOD,STRESS_PREVALENCE_SEEN_NOT_BLIND,5,4,4524,4509,0.996684350132626,0.2410734087380794,-0.005201721594194918,-0.010957915920481768,-0.039906103286385,-0.04545771155274519,0.3925482368596141,0.3794632956309603,0.8544148196643732,0.7195262508105201,-0.002287603582365972,-0.0030861503232042053,-0.003928394705743974,-0.0024083006907124017,0.03242137766126058,0.058931538253841426,-0.0372939433316001,-0.06136964484126923,4.626873739865204,0.9602717826747427,18,-0.005948032978442753,0.834191705551428,0.701729827986402
PERIOD,STRESS_PREVALENCE_SEEN_NOT_BLIND,5,5,14551,14510,0.997182324238884,0.29421088904203996,-0.0023401118650301237,-0.008112892207859148,-0.05067567567567566,-0.056155280466713364,0.38986905582356995,0.3800827015851137,0.9380630687465569,0.8026800518600565,-0.0038182286103567993,-0.0017704305173768006,0.00038542244767775984,0.00814277288121195,0.03937019563514163,0.07296654808558432,-0.04101235309782135,-0.06456287951989567,5.057457053870533,1.1301625427518143,57,-0.003075425274500618,0.9189209157936145,0.785743988428822
YEAR,2020,1,1,5800,5785,0.9974137931034482,0.2627484874675886,0.0069545891818602185,0.001127615251101755,0.0014903129657228842,-0.004310195161389217,0.5016421780466724,0.481590319792567,1.2467320568887337,1.036427911567601,-0.0010332603893837009,0.002361694793282168,0.0070664458430477195,0.017643987073444313,0.03653044434756566,0.06440009248034786,-0.032098742784361006,-0.051567861889688774,5.982164250377432,1.24884162578059,30,0.006066381917556469,1.2141045081093151,1.0078588414446166
YEAR,2020,1,2,7111,7088,0.996765574462101,0.14164785553047404,-0.0004381486922408838,-0.0062229280442290995,-0.004449393714427152,-0.010208118264983282,0.45696952595936796,0.41915914221218964,0.9817622335603479,0.7705194327021635,-0.0016374432134077042,-0.0004096566256675182,0.00019564884366380034,-0.0021788436330378064,0.020737273981486913,0.03820580084903736,-0.02188914559625509,-0.04009314011988129,4.80112104129975,0.952926129876566,33,-0.0012297245467116167,0.9490515141977071,0.7427015625780039
YEAR,2020,1,3,4432,4413,0.9957129963898917,0.1289372309086789,0.004713284167912485,-0.0011017444885030394,0.0022675736961450532,-0.0035365010412028485,0.510310446408339,0.45977792884658963,1.253361257990003,0.9486245116253762,-0.0007999708384328854,0.000425436960412878,0.0019008408890248667,0.0063314702367281124,0.019469501869806352,0.03546282554256484,-0.017834898246424927,-0.029359766693249894,4.829021940701949,1.2078715036491792,23,0.003884593975693011,1.2077269322006603,0.9106736146863672
YEAR,2020,1,4,1611,1609,0.9987585350713842,0.1485394655065258,0.00999776974611644,0.0041525984618863586,0.007838745800671898,0.002017346923669134,0.5637041640770665,0.5139838408949658,1.5992447763698603,1.2160647657788248,-0.0012482817578555589,0.0015677154136449554,0.0029687873810283183,0.01378814404736935,0.022357598133545712,0.042896867316653084,-0.019204362547869704,-0.02867717564519941,5.626251511064608,1.4958539797427388,10,0.009076505076425769,1.5406450125752982,1.1673619655808218
YEAR,2020,1,5,356,356,1.0,0.21067415730337077,0.021741332867029128,0.015830224550665295,0.02088134537527253,0.014965646672330024,0.6966292134831461,0.6685393258426966,2.684264251540283,2.080428631910657,-0.0013952545557456978,0.0031695673453015064,0.00876693877941281,0.029267164043356064,0.027822781001543766,0.05288753279012672,-0.020327373042638184,-0.026765600797399904,5.5375640106959185,1.975951639959615,3,0.020555813415749087,2.5790047626706953,1.9915640875644307
YEAR,2020,2,1,4242,4218,0.9943422913719944,0.2930298719772404,0.006822529924561868,0.0009957630772327048,0.0,-0.005801713708814709,0.49359886201991465,0.4746325272641062,1.2256146124806822,1.030134733970155,-0.0016730590477774404,0.0016076876118702164,0.005697179134049357,0.022003909294016348,0.038077358987139966,0.0694228527550512,-0.035804561882559274,-0.05533011256586102,5.726041716903043,1.2547029011085995,21,0.005957728179051521,1.1960355581886364,1.0040940876857158
YEAR,2020,2,2,5302,5286,0.996982270841192,0.1604237608777904,-0.0021083227657487384,-0.007883879951626338,-0.007975533292441828,-0.01372077886651838,0.44021944759742715,0.405788876276958,0.9204363633785888,0.7342443104589967,-0.0019205643375420796,-0.0017772691750527283,-0.0019531439286717594,-0.00490328908699109,0.02023617868438999,0.0398839023896076,-0.024299034341004007,-0.0454820223691744,4.469969495818128,0.8769157639005748,24,-0.0029185528665777016,0.8903600632330867,0.7084210952158538
YEAR,2020,2,3,5644,5611,0.994153082919915,0.1320620210301194,0.0014446809967365896,-0.004351569342835246,-0.0025000000000000577,-0.008290961657171737,0.4669399394047407,0.4218499376225272,1.0670290354059075,0.8232633253954852,-0.0013433530681685596,-0.0015860039845817517,-0.00018038750944990802,0.003399813909303249,0.018896650661170664,0.03690780533851165,-0.02050707789281927,-0.03397472808919911,4.785227570061791,1.0863311471282973,27,0.0006416520350498658,1.0296275490927296,0.7918441604517922
YEAR,2020,2,4,3317,3298,0.9942719324690986,0.17343844754396603,0.004914510566657081,-0.0009011300073382348,0.0,-0.005797043326111223,0.49363250454821106,0.4581564584596725,1.2216241498609548,0.9640402401854893,-0.0015838636804666047,0.00018637292261550344,0.0022093674772136617,0.008239626858782564,0.023018222703075977,0.04323076465543182,-0.02152395613430538,-0.03420680713280838,5.395991857887759,1.263805899439483,17,0.004032799179259354,1.1809251680235349,0.9294239907145437
YEAR,2020,2,5,823,820,0.9963547995139733,0.2451219512195122,0.018063318060889712,0.012172278496990261,0.015384615384615441,0.00951600828587892,0.5963414634146341,0.5695121951219512,1.9490771509106184,1.570900847297156,-0.0024636723589291044,0.0020486713285557674,0.007930434169610624,0.030806794770008614,0.02870452016174499,0.058698608491540814,-0.023142435181754715,-0.032301272939372495,5.090404313239616,1.8172227639980163,5,0.017086481027645133,1.8922783875793323,1.5221485255203313
YEAR,2020,3,1,2679,2665,0.9947741694662188,0.3181988742964353,0.009347351247357928,0.0035062642211414574,0.004561003420752385,-0.0012537830361509215,0.5121951219512195,0.4960600375234522,1.301416865747213,1.1040714399203073,-0.001557835714743845,0.0021448762817485056,0.00943241192563902,0.025091003621195904,0.04252435222577835,0.07318489284523672,-0.03808436771242826,-0.0569138123186191,6.466642547722339,1.2858898369964686,14,0.008432785827231691,1.2704970740771007,1.0766776247099763
YEAR,2020,3,2,3751,3725,0.9930685150626499,0.17825503355704697,-0.0007485373151338498,-0.006531445135238083,-0.0068259385665528916,-0.012575133448353263,0.45503355704697984,0.4276510067114094,0.9730187131773387,0.7879592158565635,-0.0016445984558884877,0.0008531849632436177,0.0010292275496370745,-0.005408851729660728,0.025257445900699286,0.04461272729813507,-0.02489727799967164,-0.04906650941708335,4.721446800907004,0.9092296930867958,17,-0.0015696553766747978,0.9436794400523653,0.7625452077997604
YEAR,2020,3,3,5278,5257,0.9960212201591512,0.16378162450066577,-0.0011976121629754483,-0.006977856873008331,-0.008219178082191747,-0.013966868333136843,0.4397945596347727,0.40308160547840977,0.9541775444492705,0.7620015121519348,-0.0021778914387602477,-0.0025916256181370773,-0.002180382244829342,-0.0014133680559948272,0.02091512509287839,0.04002338575543259,-0.025117003739917838,-0.04255783502162321,4.793171572831187,0.9404469408534788,24,-0.0020111760956056665,0.9234006619293876,0.7356257965413183
YEAR,2020,3,4,5486,5455,0.9943492526430915,0.18900091659028415,0.004400001748831433,-0.00141238398964068,-0.0027173913043476716,-0.008508440160352012,0.4766269477543538,0.4461961503208066,1.186442590986202,0.9468318534364816,-0.002296527655494342,-0.00020160182148060558,0.002419768015336502,0.008888540140264625,0.024485142514129372,0.04559344368577058,-0.023285699816481896,-0.03615944920984805,5.416325949587219,1.2608998389652786,26,0.003606264155079055,1.1520809800153577,0.9175208029318684
YEAR,2020,3,5,2125,2113,0.9943529411764706,0.24798864174159962,0.008968324314404556,0.003129920581532143,0.0017361111111111605,-0.004066019709573273,0.5035494557501183,0.48225272124940843,1.3551588755052395,1.1116517169739586,-0.004461217726374601,-0.001348694733784671,0.0026972311428768315,0.020100151742526964,0.026897361905888404,0.05666004008050853,-0.028190177038464898,-0.040151859257941375,5.647453384461651,1.4111436214327264,11,0.008078259062841863,1.3182455637994968,1.0796679526604818
YEAR,2020,4,1,1699,1693,0.9964685108887581,0.34435912581216777,0.008959942964317734,0.0031210611002636325,0.011650485436893288,0.005787336402820482,0.5268753691671589,0.5138806851742469,1.2698552670752028,1.0872441636796004,-0.0003446936058399345,0.00018126706145277224,0.004661047410432622,0.025907965829925498,0.04238801674487309,0.0766884565087875,-0.04359408102808251,-0.06417294980321643,6.628910492819582,1.19502776082367,9,0.008049761242195894,1.2411536181975946,1.0616198232387635
YEAR,2020,4,2,2205,2185,0.9909297052154195,0.2416475972540046,0.0025938712805286712,-0.0032079953245414835,-0.006702412868632712,-0.012450986663703454,0.46864988558352405,0.4462242562929062,1.0866933514680626,0.9024172460795769,-0.0026408986861042112,0.0015228722562595086,0.0010581385437320406,-0.006531866653030523,0.030811660858052717,0.055521393431180247,-0.030330987601964197,-0.06011827706469924,5.188267994426988,0.9235360050559694,11,0.001707795212268658,1.0567912283326084,0.8762459342296948
YEAR,2020,4,3,3518,3496,0.9937464468447982,0.19107551487414187,-0.0052817460218007,-0.01103770376767181,-0.017817460317460287,-0.02350791488125194,0.4061784897025172,0.386441647597254,0.8345114040171406,0.6866156935596178,-0.002597021646625809,-0.0018689417084251075,-0.0018729810892418265,-0.005380834714027329,0.026519805812508138,0.04875285449593708,-0.03005732210878267,-0.05472416058957298,4.613799814818841,0.8908835507150079,15,-0.006047373667669368,0.8113355988724874,0.6664408650509627
YEAR,2020,4,4,6402,6353,0.9923461418306779,0.22304423107193452,0.0015066516619036548,-0.004288766530207577,-0.011804384485666009,-0.01754140548760976,0.4424681252951362,0.4216905399024083,1.0523484205875533,0.8655164779057913,-0.0028809793718825106,-0.0013413592439533576,0.0001656556579554502,0.004727253029254221,0.027545302512083446,0.051227468470204644,-0.028811117033764065,-0.04543735247335188,4.975953010151475,1.1274307520502775,29,0.0007105511397323375,1.02457531393533,0.8414245686265055
YEAR,2020,4,5,5488,5469,0.9965379008746356,0.27043335161821175,0.007752692944228553,0.001921127898069267,-0.0033333333333332993,-0.00910283237738692,0.4829036386908027,0.4620588773084659,1.2824720047903704,1.0633384148565121,-0.004134028381362251,-0.0004002253759223792,0.005470109575616036,0.017010336056328935,0.03196331117577422,0.060814863267675635,-0.029785282915901705,-0.043585479209716886,5.501302619888757,1.3953010124096021,27,0.0069029767997039635,1.250270612570291,1.035310878205435
YEAR,2020,5,1,851,851,1.0,0.391304347826087,0.010199844756401084,0.004353876079486433,0.007874015748031704,0.0020532573889534625,0.5146886016451234,0.5076380728554641,1.284387960444388,1.113119740058285,-0.002453536126758841,-5.017401831999029e-05,0.011473983530281763,0.05191717432421449,0.04829701935014622,0.09561083834936843,-0.04599094521831261,-0.06215409305299387,7.044369736144671,1.5382870805925628,5,0.009215742086040668,1.2554399142678703,1.087184004795038
YEAR,2020,5,2,821,820,0.9987819732034104,0.32682926829268294,0.009411687157986138,0.003570182088982286,0.005140186915887912,-0.0006690896194781511,0.5134146341463415,0.4975609756097561,1.296806807219153,1.103836144699826,-0.0036491803208404615,0.00017227268703272407,0.007203901947798683,0.012956243435339802,0.040920564300067165,0.07068662186141102,-0.03666515598857569,-0.05956270401918922,4.992155352323844,1.1867597857652337,5,0.008379773036103303,1.2626530127277173,1.0735444559562148
YEAR,2020,5,3,1190,1186,0.9966386554621849,0.2934232715008432,0.0024877144651298086,-0.0033135857930152598,-0.021894208537754367,-0.027572727917579504,0.4451939291736931,0.42327150084317033,1.0715457715401726,0.9124004373388538,-0.002020404983660854,0.001794852650035582,0.006545940616437292,0.00999897692401634,0.03903558269593771,0.07105416687561238,-0.03389713501510423,-0.05823423129588223,6.76514606988927,1.220144325673217,6,0.001563893977903166,1.0447494874702379,0.8886837858070658
YEAR,2020,5,4,3306,3287,0.9942528735632183,0.27289321569820507,-0.00014595150224855808,-0.005931867765563446,-0.024853801169590684,-0.03052461386225366,0.4317006388804381,0.4161849710982659,0.9958328583143835,0.8445019875082354,-0.0019236707518946016,0.0016112071823801762,0.004500541064090623,0.006621411015013314,0.03779969587339648,0.06786389826717841,-0.03378833349376112,-0.05723010436976223,5.284088463771504,1.1858076970943738,15,-0.0009823622702971422,0.9720800290166339,0.8235119314198653
YEAR,2020,5,5,13162,13093,0.9947576356176873,0.31176964790345985,0.0023327748491167493,-0.003467217679220297,-0.028901734104046284,-0.03453323051814639,0.4343542350874513,0.42236309478347206,1.0649164822359392,0.9111588157286729,-0.004057012469329846,0.0008697267296428182,0.0054255081199932045,0.016724748177604755,0.04359703210991521,0.08193654300510796,-0.04020114476375475,-0.06183198570255076,6.003037912837894,1.3251481749150396,57,0.0015398659663777858,1.0426648534135545,0.8914335362972758
YEAR,2021,1,1,9344,9342,0.9997859589041096,0.26043673731535005,0.0016678121753678178,-0.004128414604043673,-0.010053058589034602,-0.015796207196627294,0.45943052879469065,0.4421965317919075,1.0529505313746184,0.8802756809136683,-0.0017104869604602675,-0.0007433306502471347,0.0007380708596287289,0.009519626695007576,0.03218704432528736,0.056862277124382236,-0.034453117819439064,-0.05290198025185641,5.3775538038849575,1.0748610326810375,43,0.0008460457660704366,1.0267370460459824,0.857241967981339
YEAR,2021,1,2,8340,8336,0.9995203836930455,0.13759596928982726,-0.0021276857430745848,-0.00790248467739597,-0.006956542779713526,-0.012704721575411242,0.44145873320537427,0.40355086372360843,0.914364634977936,0.7180815371846458,-0.0027698222109355064,-0.0024299561978454146,-0.0027636209508778743,-0.005050130055813045,0.019005357257089833,0.03563718958683636,-0.02347855361761747,-0.040300559467558936,4.453970162065315,0.8842852322068508,37,-0.0029069849121892842,0.8835186203192845,0.6918160702657136
YEAR,2021,1,3,6136,6118,0.9970664928292047,0.12553121935272965,0.006102546375821647,0.000280071671733984,0.0030627943190558726,-0.0027440405896955672,0.5186335403726708,0.46829029094475316,1.355052959533444,1.0140147382467597,-0.0013376901401275466,0.0006225058804981327,0.0027664527292206756,0.005505458087494827,0.01873437677169527,0.035866323128952486,-0.016128981918089542,-0.027358823958704093,5.120764410096587,1.3109599733924882,32,0.0052685645093288784,1.3049276634527518,0.9726687734318107
YEAR,2021,1,4,1814,1812,0.9988974641675854,0.16556291390728478,0.009487452745688695,0.003645687516687256,0.005159105695865529,-0.0006500133822215207,0.5298013245033113,0.4955849889624724,1.510390674317311,1.1713133954651407,-0.0025246347545515094,0.0011434619107094544,0.0032242377043740955,0.010333702562773392,0.0226417479720999,0.043256647215683515,-0.02001789017543702,-0.030744067473898892,5.552325712637699,1.4069916822947242,10,0.008557379492700301,1.4578154976280788,1.127155339561417
YEAR,2021,1,5,124,124,1.0,0.16129032258064516,-0.011984452374821167,-0.01770091975357852,-0.023629928599633643,-0.029293172376562218,0.3225806451612903,0.29838709677419356,0.6192731822744356,0.49825961535578894,-0.010311895123594176,-0.016161279314554813,-0.01757770051004902,-0.014205512617537028,0.009228044806018942,0.029278045491219696,-0.03609081361186192,-0.0532201514792374,2.3405503526552183,0.5501308184483812,1,-0.01340705438367058,0.5775142431831113,0.46253631286233005
YEAR,2021,2,1,6618,6605,0.9980356603203385,0.2803936411809235,0.0004988577695457383,-0.005290752006811565,-0.014950166112956853,-0.020649674726941458,0.4549583648750946,0.4416351249053747,1.0146653208998837,0.8570148512603546,-0.002154044276531176,-0.0016247171220029242,2.809744105541393e-05,0.01157948207961803,0.033170045779620495,0.06174227212179988,-0.03727640960285099,-0.05724767254442924,5.355808449446171,1.0785114813861199,31,-0.00032281559848925756,0.9905544724436501,0.8357124346987753
YEAR,2021,2,2,6413,6402,0.9982847341337907,0.1640112464854733,-0.0008491297025739077,-0.006630983848629562,-0.005937656080148068,-0.011687937763722796,0.45438925335832553,0.42424242424242425,0.9678050158433487,0.774850023344197,-0.0029822183266996795,-0.0026823599986363134,-0.002107063327713378,-0.00415048916100366,0.02243736477213789,0.04164836028653929,-0.026485692701594888,-0.04499812331817632,5.017045308454647,0.925557716975189,30,-0.0016920972156225613,0.9361443116166351,0.7475818723091721
YEAR,2021,2,3,7196,7175,0.9970817120622568,0.14815331010452962,0.0049596427222594035,-0.0008563360855355413,0.0,-0.005796251266126615,0.49770034843205574,0.4515679442508711,1.2502613107081222,0.9623065061197955,-0.0013824689540322095,0.0006625640618111421,0.0023321155867930526,0.0027125173738214905,0.02127309537275797,0.038919831969244915,-0.018806220538106825,-0.03241660203276342,5.097360565031045,1.2006141769550271,36,0.004109408078585218,1.2063184513880731,0.9254733801133795
YEAR,2021,2,4,4922,4906,0.9967492889069484,0.1651039543416225,0.005760681905105126,-5.9617044566455644e-05,0.0010802361120831883,-0.004720918889031585,0.5006114961271912,0.45964125560538116,1.2746162957418876,0.997499833211768,-0.0023352837383262787,9.775022067852015e-05,0.002267509853606899,0.006264776603234301,0.022684769866673594,0.0430033057131771,-0.021322273739455673,-0.03438131644081513,4.957084047261629,1.2507754258684096,25,0.004910646139092785,1.2329015150226728,0.962251616435631
YEAR,2021,2,5,602,602,1.0,0.20764119601328904,-0.0008271838968384118,-0.006609303396007185,-0.016091977642610555,-0.02178712011664292,0.42358803986710963,0.4019933554817276,0.9720252877455996,0.7983230313554296,-0.00736587830521377,-0.007406101060589456,-0.004286944648737649,-0.0019157549684553992,0.02347080761291861,0.04701518158972346,-0.033432948823417026,-0.04966510107745258,4.259950917425132,0.9466442344777155,3,-0.0017380685647809244,0.9415128050762671,0.7718312867506335
YEAR,2021,3,1,4340,4332,0.9981566820276497,0.29085872576177285,0.004695958614429105,-0.001118075532889561,-0.004107884692435837,-0.009863859902592993,0.4856879039704525,0.47483841181902126,1.143860982843737,0.9684643446635369,-0.0016675000995880762,0.0011220063293848068,0.0036741462384414806,0.018396520041342616,0.03674800020762603,0.06781753266142385,-0.03701286117630689,-0.057277935399423614,5.90257188102217,1.1840079812322686,22,0.0037772458765230176,1.1151284983787852,0.9429920961256019
YEAR,2021,3,2,4642,4628,0.996984058595433,0.1834485738980121,-0.0029574693115050066,-0.008727107474673106,-0.012800032768083891,-0.01853384447688805,0.43755401901469315,0.4081676750216076,0.9015414153669653,0.7370397818731145,-0.003023473523206983,-0.0026069762364500535,-0.002672168412321783,-0.004381947530432995,0.02472625731561978,0.04513229867022073,-0.029231757738996954,-0.05031405373063939,5.068403456484085,0.8970117755138628,21,-0.00378733156106396,0.8744861848981683,0.7134854186881556
YEAR,2021,3,3,6471,6444,0.9958275382475661,0.1654252017380509,0.0015679314141814704,-0.00422787656071326,-0.004716981132075471,-0.010473852709721967,0.4577901924270639,0.42520173805090006,1.065077047413299,0.8444101656876243,-0.0017262881443821474,-0.0008955133885919258,-0.0006928009369455878,2.4363607166566458e-05,0.02307715157427818,0.0423100919765993,-0.0237639363859017,-0.039959943114190155,4.772453157622277,1.0588126178181316,30,0.0007399189004407696,1.0305673875993684,0.8149799410512859
YEAR,2021,3,4,7770,7738,0.9958815958815959,0.2080640992504523,0.005334133892411464,-0.00048348192325840415,-0.0034843628593629328,-0.009242928437193206,0.4733781338847247,0.4443008529335746,1.2202572283372377,0.9822208750058883,-0.002023204569887478,0.0008618525243632279,0.003028620798975195,0.006199826956587676,0.02711502961114821,0.05070568247641289,-0.02419063075565288,-0.04013353281629435,5.540096651106063,1.2634243466308106,37,0.004500726343184115,1.1849555051696847,0.951981537005972
YEAR,2021,3,5,2544,2541,0.9988207547169812,0.21645021645021645,-0.0008828237534798147,-0.006664305548346223,-0.015332197614991494,-0.02102859751164617,0.42699724517906334,0.4100747737111374,0.9707836774103391,0.8004895048832772,-0.0070131726546663045,-0.004847000043626519,-0.002035725560137415,0.007000426087564415,0.02598147793100667,0.054049055524850224,-0.03324442414852597,-0.048899103810755754,4.369835403995859,1.105317916132477,11,-0.001659607048961672,0.9453144394570543,0.7783321748814345
YEAR,2021,4,1,2739,2734,0.9981745162468054,0.32991953182150696,0.007073981642789976,0.0012464061226480268,-0.0005720823798627261,-0.0063721727240621025,0.4948792977322604,0.4842721287490856,1.2115133336463566,1.0344317978602078,-0.0005241272060359253,0.0029207168674586707,0.00716086330580878,0.02176503461061292,0.042179435036368895,0.07359119616600505,-0.03776724701839293,-0.05845134258996984,5.925818640486149,1.259016352836234,14,0.006194378944221094,1.184264632582431,1.0102203804713474
YEAR,2021,4,2,3376,3363,0.996149289099526,0.20844484091584894,-0.002619404035472276,-0.008390553179225409,-0.012232415902140636,-0.017958802778249797,0.44930121914956883,0.4264049955396967,0.9178016669703003,0.7597194418819373,-0.00395876978561694,-0.003640142878285397,-0.004221696317980217,-0.005667335530462534,0.027513738663630896,0.05012558177721595,-0.034348554004858776,-0.05708528792634691,5.150578766765713,0.8780823150421774,16,-0.003457832484274498,0.8920075701702461,0.7371053966669158
YEAR,2021,4,3,4373,4353,0.9954264806768809,0.21961865380197565,-0.00021046703315868737,-0.0059958612226965,-0.0119760479041916,-0.017710987740125667,0.4357914082242132,0.40707558005972894,0.9929690272116939,0.8188198454957922,-0.0037990363306561743,-0.0018351182686964953,-0.0010461759305876366,-0.0011153440438808348,0.028614237254241472,0.05270410665262562,-0.030971952438990393,-0.051821609896874295,5.570008491741759,1.0170295125432711,19,-0.0010090417598488954,0.9664385498415923,0.7957238244901078
YEAR,2021,4,4,7691,7638,0.9931088285008451,0.24299554857292485,0.00202824315436901,-0.003770275998665214,-0.015919147224456975,-0.021611962728326908,0.42969363707776903,0.40926944226237233,1.0679520142869035,0.8858358167995429,-0.003137118886872982,-0.0011333784533636487,0.000998646474251496,0.003494033951046816,0.030668138437937042,0.057888567768911214,-0.03085306359789786,-0.04991580058772981,5.5795367693368485,1.1597243174967977,33,0.001245257071411601,1.04153946483526,0.8628587790185146
YEAR,2021,4,5,7573,7545,0.9963026541661165,0.2730284956925116,0.0024392850904799467,-0.003361062937609034,-0.0216284987277352,-0.02730860921415881,0.43353214049039096,0.41842279655400927,1.0748859956201784,0.9058475563676143,-0.00557601794476636,-0.00203985475473459,0.0010413980201663569,0.0075535538954743745,0.03396516295029609,0.06543454387432605,-0.0365442981841227,-0.0555692275083077,5.107289365032054,1.1775320048230555,33,0.0016436793239919915,1.0502402132563966,0.884197392701246
YEAR,2021,5,1,1427,1425,0.9985984583041345,0.4287719298245614,0.015546106718611485,0.009669269863074564,0.007451564828613977,0.0016239562619217761,0.5080701754385964,0.5024561403508772,1.449183544980324,1.259450383156112,-0.0001137325341380225,0.008473202115984797,0.021021304726739302,0.056670571819255645,0.059273052904884826,0.10983280712984789,-0.0432805733006087,-0.060750283760953865,6.864529910740526,1.8079389976519076,8,0.01457036204791227,1.4186272771209065,1.2321089176131836
YEAR,2021,5,2,1320,1314,0.9954545454545455,0.30441400304414,0.0016336484340331422,-0.00416220525902634,-0.02004014204106841,-0.025726078138572497,0.4467275494672755,0.4315068493150685,1.0463222934998109,0.8913331631754798,-0.004361100345616567,-0.0026010832206506554,0.0008086387222750452,0.009183838047198885,0.03840206597485493,0.07188322142705923,-0.04313509612864433,-0.06510489364736755,5.946830207710765,1.1041139521155758,6,0.0008013585143993203,1.0226188587005172,0.8703241762062103
YEAR,2021,5,3,1642,1631,0.9933008526187577,0.2654812998160638,-0.00495233012693714,-0.010710135958007353,-0.050000000000000044,-0.05550115160983778,0.38626609442060084,0.37093807480073576,0.8690992928905851,0.7400698758514556,-0.007385392117921651,-0.009535695511573173,-0.009003230087651371,-0.0036950119076937433,0.03145810769213728,0.06377122356113926,-0.04698176923680748,-0.07242937336124486,4.990857105340708,0.8804607937594231,7,-0.0057628542518145046,0.8483291554822515,0.721711732159613
YEAR,2021,5,4,3998,3984,0.9964982491245623,0.267570281124498,-0.004087566691754083,-0.009850403771407628,-0.04227568361423878,-0.04780565078329744,0.38930722891566266,0.37600401606425704,0.8902273673537282,0.75727990107462,-0.0034119807923440183,-0.005098720203330879,-0.003449229867676045,-0.006552750126742557,0.036947651119295724,0.06482551062514516,-0.04200165660263961,-0.06812347778928073,5.16963759162767,0.9515883910927622,16,-0.004839174990276505,0.8705646539800025,0.7399153229766459
YEAR,2021,5,5,17385,17300,0.9951107276387691,0.3130635838150289,-0.0029542392395434194,-0.008723731741309384,-0.05200945626477532,-0.057485105449251665,0.3923121387283237,0.38497109826589593,0.9277195808671898,0.8025001915492755,-0.005659427912876924,-0.0021302091195441724,7.550357644977981e-05,0.0037725662593126093,0.04673103380981145,0.085623659306714,-0.04924007123942101,-0.07677016971785423,5.277885309189923,1.1153246061770883,68,-0.003690672184508103,0.9100564438699397,0.7867651560680176
YEAR,2022,1,1,10062,10004,0.9942357384217849,0.16503398640543782,-0.011544848330813384,-0.017264412971516298,-0.03539142273655549,-0.041004159598495654,0.3936425429828069,0.37624950019992004,0.6774852229421194,0.5588818645595689,-0.004018810804385433,-0.006045762728706359,-0.007603887274952036,-0.007910540561102198,0.02313796619975854,0.040701843822928366,-0.03604899107604484,-0.05692921963724789,3.64368806723231,0.7149552388436007,40,-0.012286720500547433,0.6581328267012716,0.5418753715912012
YEAR,2022,1,2,5837,5823,0.9976015076237793,0.10716125708397733,-0.010047100478198715,-0.01577566361629142,-0.016528925619834656,-0.022228691631599774,0.3997939206594539,0.3661342950369226,0.6575594737292859,0.5178898009422033,-0.0020018932748665664,-0.004991728484429721,-0.0070802545736404,-0.010026099236354525,0.017575485665271683,0.031672895402813823,-0.02745650860154063,-0.045202708257452706,3.7310825312774054,0.7006857912676464,24,-0.01077519090346197,0.6342572700562352,0.49784711663957537
YEAR,2022,1,3,3500,3496,0.9988571428571429,0.08724256292906178,-0.006570622436066574,-0.012319823427590125,-0.00939228051073443,-0.015134625924241987,0.41762013729977115,0.3721395881006865,0.7250087363759561,0.5476329904410517,2.031370378827378e-06,-0.0014502058959452637,-0.002266963307517364,-0.008767927412890938,0.017652546725046084,0.02881741161184471,-0.020117721491924322,-0.03612552753858048,3.781992343068561,0.7977021672851414,15,-0.007273821373279893,0.696884869553952,0.5240142591852676
YEAR,2022,1,4,1379,1376,0.9978245105148659,0.09229651162790697,-0.002510626770186306,-0.008282608092025369,-0.004428336122150156,-0.010187671440030542,0.4636627906976744,0.4186046511627907,0.8813181631454097,0.6585175096520723,-0.0003253159530247466,-0.0015662634800844724,-0.0016009341904112745,-0.004267754964758177,0.017458107046477937,0.030542020057039758,-0.01952043138399427,-0.03448037196020526,3.7057998857890535,0.8857798892740815,7,-0.0033529043860548316,0.8423084989445694,0.6259069238616691
YEAR,2022,1,5,85,85,1.0,0.10588235294117647,-0.0017711349463403424,-0.007548815460002543,-0.001779359430605032,-0.007572733036480061,0.4823529411764706,0.4470588235294118,0.9227849121782863,0.7084138554444235,-0.0015913829006722943,-0.0003967022858280603,-0.001458186595845725,2.359288433526357e-05,0.022479283789266103,0.03732553880597033,-0.023176450738326696,-0.03645921678039657,3.110627797151472,1.0237613997797004,1,-0.0028953638464645453,0.8752576202257335,0.6691869292672321
YEAR,2022,2,1,7527,7495,0.9957486382356848,0.18892595063375583,-0.009150414031036839,-0.01488416849699994,-0.03063063063063065,-0.03625293507890355,0.4052034689793195,0.3869246164109406,0.7400050929900934,0.6131636409078511,-0.0034935118696211714,-0.003924837110029752,-0.0052657783311739655,-0.00658050635729992,0.02554139551931691,0.04398977170817137,-0.03517117888205933,-0.056216130757082934,3.737050970422907,0.7825115516800113,31,-0.009916327200879857,0.7194082242490414,0.59505504920753
YEAR,2022,2,2,5829,5821,0.998627551895694,0.1221439615186394,-0.0095729412581371,-0.015304767392588207,-0.014767932489451407,-0.020463221329225022,0.4064593712420546,0.37244459714825634,0.6811343857359051,0.5413416614023688,-0.0025391803013621204,-0.006422987983257703,-0.00837983371911551,-0.008727917862760167,0.01795070792507636,0.03264323588204544,-0.030226367799203444,-0.047250843271301246,3.633171635598987,0.6908498054652068,24,-0.01032034408126902,0.657656432152072,0.5210561461452717
YEAR,2022,2,3,4458,4453,0.9988784208165097,0.10801706714574444,-0.006982770675713105,-0.012729560375038383,-0.012280701754386003,-0.018004626503705535,0.4008533572872221,0.36604536267684706,0.7294781813216343,0.5642588927370776,-0.0003974130760729432,-0.0024135843236929217,-0.0032005132012970085,-0.008566426826210333,0.01846733879519946,0.031415270167455975,-0.022449454121728774,-0.039646044153320244,3.7276640264927985,0.7923935625447522,18,-0.0077256235348950675,0.701908913837534,0.5408408859629337
YEAR,2022,2,4,2667,2660,0.9973753280839895,0.12105263157894737,-0.00693572638827721,-0.012682155590848322,-0.012219313554391986,-0.017944265926707975,0.40714285714285714,0.36353383458646615,0.7391338791603946,0.5767714729066522,-0.0009709591202483996,-0.0019198099605198672,-0.0028786308500694416,-0.010050931924052096,0.019594701363490414,0.03352059275611669,-0.022771965058417724,-0.04162356940553847,3.4278111372187445,0.8053272036697653,11,-0.007668704604308516,0.712757922601667,0.5543033301873325
YEAR,2022,2,5,385,381,0.9896103896103896,0.1889763779527559,0.00904499156183651,0.003206883151485528,0.004618937644341958,-0.0011886328974002886,0.5223097112860893,0.49343832020997375,1.437692284527036,1.1372085887393102,-0.0024082821100678106,0.0007888074582539577,0.0037239122439019575,0.016441315024117623,0.02502041336320013,0.049921088069560436,-0.022917208648330894,-0.035709172217637364,4.763978770312895,1.3979906273185343,2,0.008158119123562107,1.3927037078950144,1.0989592535758557
YEAR,2022,3,1,4743,4710,0.9930423782416192,0.21316348195329088,-0.007274052339721135,-0.013018777010983407,-0.02945719802617458,-0.03509248839995177,0.4142250530785563,0.39384288747346075,0.7951351000749957,0.6639263513444209,-0.0032293026595389134,-0.0025695377515560225,-0.0028425294802778265,-0.006153672406587347,0.028482389434883668,0.047801736201575996,-0.03549025252610095,-0.058022099365189955,3.9635481831746087,0.823853957794819,20,-0.00804424328439535,0.7744056251296074,0.6456703716310531
YEAR,2022,3,2,5413,5398,0.9972288934047663,0.12856613560577992,-0.009843038646591203,-0.015572879838850053,-0.01835303700768337,-0.02404022934131704,0.40107447202667657,0.37458317895516857,0.6834646578414377,0.5478781096034466,-0.002619376599354074,-0.005170089013898511,-0.008303691729424923,-0.012049895604900234,0.019191949004913195,0.033114934451455046,-0.030740911989118498,-0.04980951328073289,3.40718847689455,0.6648315205333362,22,-0.010593914344181665,0.6607062543926453,0.5281355018249211
YEAR,2022,3,3,5165,5133,0.9938044530493708,0.10909799337619326,-0.010472409245859245,-0.016198721202495714,-0.016897081413210335,-0.02258860943660468,0.3816481589713618,0.3471654003506721,0.6379294899721433,0.5002103136952046,-0.0018864610298950123,-0.005161587051248731,-0.008378623790601678,-0.014422074782187778,0.01708519643391193,0.029455749766278867,-0.027340245167212424,-0.04627279283954172,3.4513428050465103,0.6365673640755026,20,-0.01116606690595978,0.6154513398041451,0.4809630305237406
YEAR,2022,3,4,4469,4435,0.9923920340120832,0.12063134160090191,-0.010339163959274608,-0.016066223957928154,-0.021798365122615904,-0.02747571349671426,0.3684329199549042,0.3402480270574972,0.6553969349843942,0.5211399166653828,-0.0012301067632091974,-0.00322737754427569,-0.004606072527108301,-0.01327537412173119,0.019993415752576106,0.03442927313063656,-0.025944891750383472,-0.046321996090939656,3.761144362533786,0.7432597045914165,17,-0.011055944984604675,0.6329191998041549,0.5018166223235869
YEAR,2022,3,5,1099,1092,0.9936305732484076,0.1684981684981685,-0.004966557076653326,-0.010724555877989655,-0.014620443957248541,-0.020321043087501607,0.41208791208791207,0.3891941391941392,0.8322501497965785,0.6739962174890963,-0.002365434777491784,-0.0032862258255487316,-0.0023571035754473917,-0.0042371528220215785,0.024112155343639266,0.04306189088226114,-0.029313441756678788,-0.04758478236872356,3.8095258435345647,0.9049508842676726,5,-0.005784825778072673,0.8055070338214175,0.6508726352472258
YEAR,2022,4,1,2730,2716,0.9948717948717949,0.23895434462444773,-0.008220848607105435,-0.013960130407073246,-0.05017282160991027,-0.05566069070351945,0.4027982326951399,0.3865979381443299,0.7861318815688113,0.6652850699044783,-0.00467697662020614,-0.002925155076332116,-0.0035198376757612617,-0.0037686185051804197,0.030805302838910177,0.05396129204994315,-0.039358342795818534,-0.06333431805934425,4.285997176472047,0.8520071535211198,11,-0.008968016395336629,0.7676389685810767,0.6489027882700883
YEAR,2022,4,2,3908,3888,0.9948822927328557,0.16718106995884774,-0.01001601129211733,-0.015744659066985866,-0.027463080168776355,-0.033110153246075,0.38348765432098764,0.36213991769547327,0.7055484448085292,0.5794049331751643,-0.0029637216455631983,-0.004513722516222829,-0.007254211511214375,-0.01157327356625583,0.02278218076089408,0.039218218713273294,-0.0334121196354915,-0.05501765814974523,3.583396347079103,0.7128296629153217,15,-0.010735439346448744,0.6856162352876956,0.5619940901001549
YEAR,2022,4,3,4601,4574,0.9941317104977179,0.13161346742457367,-0.011347563794116831,-0.017068639778335712,-0.022476226863644144,-0.02815602671083902,0.3856580673371229,0.3578924355050284,0.6456015846253103,0.5186209718730972,-0.0029249631032123784,-0.006552173116089183,-0.009565418324146866,-0.014912389553931897,0.01918200617517849,0.03267381996811897,-0.03187152909798141,-0.05147174003347187,3.432977226595939,0.6347914398633369,18,-0.01207640408572462,0.624323239780069,0.5001599345607968
YEAR,2022,4,4,6188,6154,0.9945054945054945,0.13909652258693533,-0.011935732198053802,-0.01765305033849837,-0.027347088675213738,-0.032979478662898395,0.3674033149171271,0.340103997400065,0.6362747218918466,0.5143772892101998,-0.002257712893459093,-0.005705155200317212,-0.008896062758563812,-0.016343243606371655,0.0200251771752487,0.03517800029153606,-0.031014040351335426,-0.05240618825808287,3.4942458633153666,0.6712566103509805,23,-0.012628100734616756,0.616613972946346,0.4973266696892111
YEAR,2022,4,5,3434,3405,0.9915550378567268,0.18325991189427313,-0.007336973486777391,-0.013081285587102729,-0.024752475247524774,-0.030425108883182523,0.38795888399412626,0.3697503671071953,0.7750737463234866,0.6367379846658099,-0.0025430458156703423,-0.004534998707605879,-0.005348585125681481,-0.01084647114128465,0.024414146091507154,0.04243292439236227,-0.03205810609079232,-0.05300419529493342,3.69814172630371,0.8005578455865806,14,-0.0080963358485712,0.7528148429592301,0.6173535053796264
YEAR,2022,5,1,1149,1149,1.0,0.2732811140121845,-0.005686112442583132,-0.011439400824934881,-0.05063291139240511,-0.05612024293049493,0.39860748476936464,0.3855526544821584,0.8528880726186424,0.7272558990672707,-0.0028455501537436034,-0.0008768811864947199,0.00014377378814565836,-0.003844881447562165,0.03805669309348495,0.06391475533833745,-0.04050197803801192,-0.06704089717051939,4.215565349551472,0.953369630119499,5,-0.006498580502951745,0.832599426760562,0.709267412438113
YEAR,2022,5,2,1682,1681,0.9994054696789536,0.2676977989292088,-0.005700633160631594,-0.011454071618686959,-0.05042016806722682,-0.05589576824351311,0.396192742415229,0.3813206424747174,0.8494911828717615,0.7218433592514956,-0.0031047486675771408,-0.0031615024835313305,-0.003278099809586499,-0.008159321824934467,0.03401798663990159,0.05660421217815746,-0.040370889884084264,-0.06446554641390648,4.334260539723325,0.8780537097246542,7,-0.006479669964999661,0.8296353544095437,0.7042703178607103
YEAR,2022,5,3,2346,2345,0.9995737425404945,0.20170575692963752,-0.013276858514817655,-0.018986220447689165,-0.051001821493624755,-0.056477968108590994,0.3522388059701492,0.3373134328358209,0.6577559567892513,0.5516290453158453,-0.0039047953795144728,-0.005714057749629046,-0.008805004290789523,-0.012737507855412297,0.028177740763272705,0.04753627105702008,-0.03989783911025321,-0.06309436524777357,3.898695256350825,0.7534154733206943,9,-0.014020027269927793,0.6399859744587332,0.5359682956977605
YEAR,2022,5,4,4930,4915,0.9969574036511156,0.2056968463886063,-0.012667021117121332,-0.018380092128683526,-0.050980392156862786,-0.05646095103390804,0.36236012207527973,0.34872838250254323,0.6760309950718808,0.5684550483927495,-0.0026064522243722677,-0.0054488298794764505,-0.009721686773243442,-0.015297552104282856,0.02865691180591637,0.047255243991218145,-0.04003262394947502,-0.06413048703868279,3.7594729833761082,0.7368608313034378,18,-0.013383342163969133,0.6589640747118074,0.5533753346645304
YEAR,2022,5,5,10765,10721,0.9959126799814213,0.2223673164816715,-0.013724824651278696,-0.01943164553108222,-0.052581261950286784,-0.05805124020555917,0.3464229083107919,0.33457699841432703,0.6706521607213225,0.570499517704308,-0.0048904451593386085,-0.009048300698667489,-0.011043839738730035,-0.017192283682597682,0.029537604303444837,0.05250453576517935,-0.04540343373518462,-0.07194211911244094,3.6536233409227448,0.7298163636675493,38,-0.014424317061264432,0.6550936371000733,0.5567043509182902
YEAR,2023,1,1,7470,7465,0.999330655957162,0.16008037508372405,0.003174704405542086,-0.0026305355900587087,-0.0033840947546531774,-0.00913914128818283,0.47180174146014736,0.43978566644340256,1.1396283052747773,0.8977918195313244,-0.001978964794568533,0.0003989910337119476,0.00302813001456556,0.0050688846730447615,0.023504030363075214,0.0417728761902896,-0.02140292657254575,-0.034745457272093536,4.59038998717931,1.202254322433116,36,0.0023749756807653474,1.1039512905327402,0.8675409582753277
YEAR,2023,1,2,8883,8877,0.9993245525160419,0.13112538019601216,0.004033309755817069,-0.0017770506765321795,0.0,-0.005797968870524252,0.49262138109721754,0.45285569449138224,1.2031166599936922,0.9219522393265732,-0.002169180753187335,-7.501860608910906e-05,0.001579726179288951,0.006033569808712944,0.019478773527013125,0.03701800463785579,-0.019275197980559305,-0.030753524512714025,4.908839511628517,1.203699583199055,44,0.0031880147262056077,1.1597519981805338,0.8856118358862052
YEAR,2023,1,3,5972,5966,0.9989953114534494,0.11180020113979215,0.004185256769372588,-0.0016268550656885065,0.0,-0.005798057645435164,0.4886020784445189,0.4384847468990949,1.2444448528177243,0.9190696506882383,-0.000727261808920479,0.00023901634838559985,0.0009498476789258828,0.004079477953289827,0.01699971713927678,0.03191191923677611,-0.015901589882597527,-0.026573858581625812,4.522942287083636,1.2008763852924709,30,0.003335327068993464,1.1938241378232013,0.8776508562110105
YEAR,2023,1,4,1442,1435,0.9951456310679612,0.154006968641115,0.007572337803306352,0.0017410905676075732,0.0017331022530329143,-0.004069744485191852,0.5073170731707317,0.46132404181184666,1.4267660948006868,1.0844947571839263,-0.0012780094149466975,0.0014899424097336476,0.002442158941469353,0.00939216216703731,0.020491578193042453,0.03923074283016736,-0.017467513309287915,-0.027312872488534354,5.413419197628181,1.436346281286818,8,0.006633973618799267,1.3717968802828617,1.0390017316486095
YEAR,2023,1,5,51,51,1.0,0.23529411764705882,0.015316316821603,0.009439517499930763,0.0042194092827005925,-0.001588065809447003,0.5294117647058824,0.45098039215686275,1.6879123283264454,1.3772540719548114,-0.0060323619108099595,0.0003564717973207223,-0.0005634038535076115,0.016354212485743282,0.021234757470458054,0.05125626742976309,-0.02764431166785488,-0.036802542271927016,4.131632583023166,1.3927371389465497,1,0.012132710272129019,1.5342400058544385,1.245828149354834
YEAR,2023,2,1,4725,4720,0.9989417989417989,0.1739406779661017,0.002756482611240416,-0.0030467273453494916,-0.004314999627616001,-0.010076369522536963,0.4639830508474576,0.4302966101694915,1.1150816091924107,0.8871515002649105,-0.0019231519660942034,-6.816823179180929e-05,0.002380206126388404,0.008231046766566706,0.024161658292234336,0.04470768969010214,-0.023192863721347913,-0.036382044977217344,4.722971276155118,1.2288393826707202,22,0.0019616878965362777,1.081517639472296,0.8585464340458002
YEAR,2023,2,2,7160,7150,0.9986033519553073,0.14013986013986013,0.005349180106012588,-0.00046876621011798726,0.002237147661755312,-0.0035694216545218635,0.50993006993007,0.47104895104895106,1.2687788775469657,0.979360835664632,-0.0018940012424223638,0.00040832041011767045,0.002996524107157677,0.007371321960208031,0.02106956117281207,0.039573193810127756,-0.019392021983384584,-0.030942825405820013,5.132388478667082,1.278913392397724,37,0.004462500269062183,1.2230657728529262,0.9408549208709883
YEAR,2023,2,3,7813,7796,0.9978241392550877,0.11185223191380195,0.005370387058452027,-0.0004484763800061578,0.0028250616485909763,-0.0029792896862802214,0.5156490507952797,0.4629297075423294,1.321047792515108,0.977058068081827,-0.0010087151352043972,0.0011244316439766753,0.0023375484890371446,0.0060831136786388025,0.018519001327525077,0.03446928001803053,-0.015916009037606153,-0.026422711677679962,4.862509247907348,1.3045322690005259,41,0.004524421977136688,1.2690525890055566,0.9343811257640124
YEAR,2023,2,4,3817,3807,0.9973801414723605,0.13580246913580246,0.0058196369170818545,-1.5414188518717518e-06,0.0015923566878981443,-0.004217900235009069,0.5053848174415551,0.45915418965064353,1.323474094452083,0.9999260888272394,-0.0011672706003422427,0.000604556023173164,0.0023208770817771986,0.009058035933484924,0.020851868073498044,0.03928930391501702,-0.018724380237739167,-0.029095395099061373,4.419596144369043,1.350361587503739,20,0.004956453362708069,1.2740482719829198,0.9589933301767765
YEAR,2023,2,5,306,304,0.9934640522875817,0.19407894736842105,-0.001148462445793695,-0.00692860128858332,-0.01785254642397499,-0.023542253685690184,0.3980263157894737,0.375,0.9600735690008118,0.7843537673831942,-0.005370040233494741,-0.01014311812505326,-0.005337069317258625,0.0011384338641384553,0.02075831652153466,0.044879096559603655,-0.031575014441405584,-0.04515134041038088,3.788866206848109,0.9939704148691313,2,-0.0023759924325407094,0.9179417776461782,0.7480352769759676
YEAR,2023,3,1,2674,2670,0.9985041136873598,0.19625468164794008,0.0005465219546048986,-0.005243363583342073,-0.00859106529209619,-0.014336116449935713,0.44831460674157303,0.42284644194756554,1.0204445850668808,0.8242146775022947,-0.0020668324660806023,0.0004074111888876286,0.002260306398433961,0.005939901751318208,0.02654678926301361,0.046488380128318595,-0.024826551640851662,-0.04033576063511303,4.410628971933627,1.1525351052348718,12,-0.00022522290888634088,0.9916126075092639,0.7993974517131321
YEAR,2023,3,2,4850,4845,0.9989690721649485,0.1760577915376677,0.0036557658908755023,-0.0021526693142858724,-0.0035842293906809264,-0.009338683176013829,0.472858617131063,0.44272445820433437,1.1530992150570025,0.9198564652403691,-0.001915927626414936,-0.00013695074044381831,0.0013828003119292903,0.003973970039624049,0.023519410652796828,0.0429864596603404,-0.02285063410926625,-0.03679044991745085,5.059401695237902,1.1684135354906489,23,0.002827903964761851,1.117867119205317,0.8897389744975499
YEAR,2023,3,3,7448,7438,0.998657357679914,0.13740252756117236,0.00366302738509654,-0.0021455563842461196,0.0,-0.0057995801398186735,0.4905888679752622,0.44904544232320515,1.178345258249071,0.908561816013858,-0.0016949223381221342,-0.000175142507191422,0.0013876939264979102,0.004530688606950039,0.02078720614894549,0.03751275601624012,-0.019921498627413083,-0.03154505832432349,4.9891055351951525,1.1891801127948813,37,0.002802868435954357,1.1357870472764187,0.8727519519508592
YEAR,2023,3,4,7593,7565,0.9963123929935467,0.1567746199603437,0.004456971512770169,-0.0013559888287148227,0.0,-0.005806357321730003,0.4832782551222736,0.4470588235294118,1.2131756329216592,0.9431755600809205,-0.0020947302866618557,-0.0004104853924865822,0.0011934312174268582,0.006801859336421476,0.021263303385364824,0.04090880616491544,-0.020929119972754307,-0.03280419866320165,4.9449991851045,1.2470600664543954,37,0.0036362711282426977,1.1730711337227449,0.9094276217550755
YEAR,2023,3,5,1260,1254,0.9952380952380953,0.22169059011164274,0.0009781914347052215,-0.0048140743214960076,-0.012981463649494429,-0.018714696359162383,0.4226475279106858,0.39473684210526316,1.0350224793807867,0.8456171162586094,-0.0045566440043764995,-0.001881064562106473,-0.0010902565217668586,0.0068176787154012085,0.025130549136002094,0.04769957916853411,-0.029282640111266717,-0.04171502097897185,4.399075646007069,1.1434629073440719,6,0.00010525759412347263,1.0037505375723945,0.8186563195718518
YEAR,2023,4,1,1432,1426,0.9958100558659218,0.2552594670406732,0.004697905205831159,-0.0011156754627984105,-0.008805226327884996,-0.014548526774815728,0.45722300140252453,0.43338008415147267,1.1707055044773493,0.9634910936253316,-0.002311025807028481,0.001468615796043863,0.0038105708656615625,0.00731801076723368,0.03155798940759379,0.05509184533613746,-0.028435279616377526,-0.04370305160597978,5.737958551155297,1.2605949312839146,7,0.003848025222721242,1.1391374552275246,0.9361559823113604
YEAR,2023,4,2,2843,2841,0.9992965177629265,0.21506511791622668,0.0050957819097726485,-0.0007203943137766374,-0.0033407572383072903,-0.00909784231429649,0.4783526927138332,0.44737768391411475,1.1960814207677275,0.9750942620551581,-0.0009816510009996633,0.0023087355600790917,0.004490876349578206,0.00861496425059155,0.030331334826211247,0.05226833190442277,-0.024669064125057878,-0.03918557444986289,5.578328902298416,1.3338666751280879,14,0.00422391678138488,1.1617318447988618,0.9453976165451516
YEAR,2023,4,3,5020,5016,0.999203187250996,0.19059011164274323,0.00231370157269043,-0.0034864281307396042,-0.007724004072801327,-0.013473771536765218,0.45055821371610844,0.42444178628389156,1.090006565983252,0.8789188325880227,-0.0026534066569303383,-0.0007440314072591038,0.0018678187893261633,0.0034554083589197534,0.026117676071058638,0.04644308171976689,-0.02539160069246962,-0.04009234516145969,4.945288647448149,1.1584027208368965,23,0.00150661600832659,1.05834094594087,0.8517338029247735
YEAR,2023,4,4,9097,9063,0.996262504122238,0.19574092463864062,0.001746785646337969,-0.004050139692610833,-0.008880994671403242,-0.01462438346247723,0.44764426790246054,0.4184045018205892,1.0659358382964437,0.8631730308047161,-0.0028378676835645227,-0.0012856225587047888,-0.00043576555515277007,0.00296191064679142,0.02523236362842402,0.04654231821088152,-0.02672412190935923,-0.041681262031494644,4.809367295543276,1.1166244960556575,41,0.0009372479934037815,1.0352182100672085,0.8367244752587073
YEAR,2023,4,5,5418,5396,0.9959394610557402,0.21052631578947367,-0.0013140225763325368,-0.007093233557846211,-0.01504249136111352,-0.020750636947540986,0.42031134173461826,0.393995552260934,0.9559270319992534,0.7854104001160958,-0.004265843477049585,-0.004349032282559357,-0.003658675727372976,0.0009917339318685503,0.025594588245931343,0.04799544171441061,-0.03194915255876392,-0.04700181752284378,4.361994935802715,1.0211401227427834,23,-0.002094574204584659,0.9300463916003457,0.7629480826041459
YEAR,2023,5,1,503,500,0.9940357852882704,0.31,0.003074423919593677,-0.0027297941531855443,-0.021327478028824454,-0.027009392763260316,0.428,0.416,1.0925240074107734,0.9249415429751598,-0.003901670279161947,0.0006853033125820929,0.007324467848415852,0.008858006070439248,0.040251639692137776,0.06752237333538,-0.03560126746188039,-0.05338554616899144,6.093655099992806,1.2648062665058921,3,0.0019938533904133755,1.059644484570499,0.896028905682142
YEAR,2023,5,2,818,817,0.9987775061124694,0.2558139534883721,0.0037388592707709016,-0.002069731159292202,-0.00916030534351131,-0.014905299034290479,0.4455324357405141,0.4283965728274174,1.1267486137760736,0.9364731580452889,-0.0021693679818665856,0.0012270136886674973,0.004510496176909492,0.012332757558435877,0.03539661783495123,0.06157209140183282,-0.03128527440478956,-0.046241757629733676,5.343948787730163,1.3315257584898041,4,0.002865209530960016,1.0966560350036083,0.9102542070421955
YEAR,2023,5,3,1601,1596,0.9968769519050593,0.2568922305764411,0.0034118587487498068,-0.0023942209065497106,-0.017115638121277144,-0.022809319221824623,0.43358395989974935,0.41102756892230574,1.1136608012407432,0.9278259858526154,-0.0029063036213402144,0.00017841449375502743,0.00284471582845789,0.0054184970068487685,0.033327291646181284,0.05693776352635862,-0.03083718956576464,-0.047359233846626374,4.949063501024279,1.2022526316779631,7,0.0026309720558335844,1.0872623522655536,0.9048421126455164
YEAR,2023,5,4,4883,4879,0.9991808314560721,0.27546628407460544,0.004648782516840363,-0.0011643392275697256,-0.014634146341463428,-0.02033309166276563,0.4451731912277106,0.4287763886042222,1.1547372408158603,0.9648420800027211,-0.003088223603115584,0.00023662094289509796,0.0030607759996945172,0.010376498003764122,0.03379349521557219,0.0614252716279526,-0.030915621714115216,-0.04729918034453484,5.336309466181174,1.2986540396793569,22,0.0038534624718782155,1.1276862224051114,0.9412319497549781
YEAR,2023,5,5,16036,16001,0.9978174108256423,0.2854821573651647,0.00018061779923505457,-0.005606638076269075,-0.036619718309859106,-0.04222864966966683,0.41059933754140365,0.39778763827260794,1.0051709615677697,0.8531015013622268,-0.0037335888039308775,-0.001727271700764685,0.0006581333525100387,0.006853453497139208,0.036374088589393935,0.06746813651379366,-0.03728919502805445,-0.057793812646446625,5.059989723224619,1.1673937645631665,66,-0.0005790525933566296,0.9834905077276971,0.8339997111412008
YEAR,2024,1,1,11100,11083,0.9984684684684685,0.19317874221781106,-0.0018167659119067054,-0.007593084357002215,-0.00952380952380949,-0.015269000739982334,0.44103582062618424,0.4111702607597221,0.9368687781310591,0.7620967245139812,-0.002350583537613641,-0.001019674889710321,0.0004350670119726103,0.0012907062962395845,0.02600503897955762,0.04563666453513471,-0.027606779734622264,-0.04460751479141031,4.562501318406786,1.0230712190207594,49,-0.0026047305082488614,0.9098877848876418,0.7387119615856391
YEAR,2024,1,2,10815,10813,0.9998150716597318,0.12216776102839175,-0.0037309326281835193,-0.009496572743561043,-0.008021390374331472,-0.013766111536775674,0.42374919078886525,0.3842596874132988,0.847422806237507,0.6576826350900723,-0.0024408823467942185,-0.0024126823202689465,-0.002758987005000843,-0.004127036923648327,0.017983451094999,0.03372814698718205,-0.022311901110468147,-0.03730050219185713,4.047558182777188,0.9042276914584025,46,-0.0044932669476023986,0.8170287111284331,0.6319350965011543
YEAR,2024,1,3,5025,5024,0.9998009950248756,0.10748407643312102,-0.005239917287085306,-0.01099708994984523,-0.009187424969987978,-0.01493423150930891,0.41102707006369427,0.3698248407643312,0.7842204462471426,0.6023070255657897,-0.002482931254416951,-0.003399918570755556,-0.004511097437510482,-0.005543561600903313,0.01624654599051542,0.030614938771838116,-0.022506790050637743,-0.03728670857156038,3.8508675385235818,0.8210684167276967,21,-0.005981768391839553,0.7547006910640628,0.577408104291737
YEAR,2024,1,4,919,919,1.0,0.13166485310119697,-0.012166170165771976,-0.017883045315560165,-0.026397515527950333,-0.032041791421914684,0.32317736670293795,0.3003264417845484,0.6196786024684234,0.5001786059614322,-0.003734036399726478,-0.009020023829163823,-0.00788044407790928,-0.010790868681544925,0.01819917510194736,0.03488327638014435,-0.029718642784663046,-0.048078304277220214,3.859010787503048,0.7255513043681171,3,-0.01280532411944594,0.601005038486557,0.48410697925282803
YEAR,2024,1,5,50,50,1.0,0.14,-0.023584283767945493,-0.02923129292527579,-0.052012796733869604,-0.05748692123833249,0.26,0.22,0.4459858732229705,0.3740157042618629,-0.012480795469286779,-0.021077133031554892,-0.01731770164285116,-0.014295508580034002,0.015086775850744367,0.03786380662426428,-0.04555538106048718,-0.0644155455180868,1.2343109152139249,0.5878054174614226,1,-0.027573248742801523,0.36523618501813176,0.3033045718843913
YEAR,2024,2,1,7427,7418,0.9987882051972533,0.19843623618225936,-0.0037132877296660147,-0.009479127145325107,-0.012225011956001897,-0.017946613012579986,0.4332704232946886,0.40711782151523324,0.8797068801308582,0.7214515563445527,-0.0023102831238192884,-0.0006172132334260471,-0.0001587083647460684,0.002371449775499621,0.02753768897475865,0.047860712638372424,-0.02979364849163729,-0.04790565837557454,4.7658206120936795,0.9990617864626815,33,-0.004517503789334997,0.8543050890351239,0.6992998105941931
YEAR,2024,2,2,9024,9011,0.9985593971631206,0.1321717900344024,-0.0029133553685686156,-0.008683748280675843,-0.007092198581560294,-0.012840277640789132,0.4366884918433026,0.4012873155032738,0.8825061973591012,0.6898362345488599,-0.002246160460431116,-0.002270291320094583,-0.0019253114465500258,-0.0026969931557506758,0.019457760295055207,0.035995567627890496,-0.022960760634595116,-0.03849652674071256,4.152078209188377,0.9350341621812563,40,-0.0036836709686151013,0.8520993115906985,0.6639801286829912
YEAR,2024,2,3,7920,7911,0.9988636363636364,0.1167993932499052,-0.0038640196178231644,-0.009629443305048299,-0.008000000000000007,-0.01374570176330634,0.4254835039817975,0.3822525597269625,0.8379309316697261,0.6451132467127371,-0.002257493797173442,-0.002742029702820668,-0.002808133171197908,-0.0045354728646109874,0.01706000498435304,0.03166594003955515,-0.021380962366977622,-0.0361507247685965,4.084010822108852,0.8759420521234692,34,-0.004619684915924559,0.8070687271797491,0.6190694762472853
YEAR,2024,2,4,3263,3258,0.998467667790377,0.1387354205033763,-0.00533199585139486,-0.01108814568695832,-0.013936463990846748,-0.019668406306569255,0.40914671577655004,0.3778391651319828,0.8090799411652168,0.6452009402600158,-0.002784861840262277,-0.0036821587302458872,-0.004482222704889017,-0.004241014093811421,0.019960666846765056,0.03785430254569606,-0.025897526161466712,-0.042728147275188755,4.021881763539613,0.8859336282918396,14,-0.006114917086543029,0.7819871486634886,0.6219251760085184
YEAR,2024,2,5,281,281,1.0,0.17793594306049823,-0.01358081674519536,-0.019287232512645927,-0.05179282868525892,-0.0572765371678101,0.3274021352313167,0.31316725978647686,0.6470418371145675,0.5427865408128864,-0.007864973283133717,-0.004210138838983783,-0.007119109174840169,-0.01598449028665279,0.027747949921013725,0.045268123912394015,-0.03880468771972244,-0.061992161368589864,4.088423446553168,0.7302233526468143,1,-0.01428545670441814,0.6300498719406954,0.5278647487421283
YEAR,2024,3,1,4264,4262,0.9995309568480301,0.23627404974190522,-0.000367455400242114,-0.006152474380466183,-0.008163401306144236,-0.013916326316721447,0.45541999061473487,0.4314875645236978,0.9883085421858935,0.821448652791043,-0.001582985883348769,0.0019782834385725294,0.004132548970711707,0.010665135490572061,0.033191710439917706,0.057119566559439845,-0.03097009505569413,-0.04920335852704668,4.889577521691905,1.160887554617673,20,-0.0011984561157084538,0.9620472379666425,0.7984221370232152
YEAR,2024,3,2,6591,6582,0.9986345015930814,0.1692494682467335,-0.0026344565445056397,-0.008406244736593673,-0.010251418734298856,-0.015996391188270145,0.42798541476754787,0.39759951382558495,0.9047014666770664,0.7276543261452622,-0.0025541091235576035,-0.0024981091889162144,-0.0016778428155476215,-0.0020465221875780645,0.02214218126889266,0.0414056153624303,-0.026121950020164035,-0.04331203124584487,4.239545978447029,0.9559841497021117,29,-0.003417333342812842,0.8769264262853631,0.7037486820448325
YEAR,2024,3,3,8238,8226,0.9985433357611071,0.14198881594942864,-0.0018054038886457036,-0.007582364149847368,-0.007130147432638512,-0.01288766469254437,0.44225626063700463,0.40299051787016776,0.9273848838510373,0.7295647419989715,-0.0017766222750407125,-0.001704958124730471,-0.0018642267896591576,-0.0020940526907073788,0.020621520168846823,0.03801066145827051,-0.023331534139283527,-0.03862745140499171,4.180673838605236,0.9840323416563411,37,-0.0025913960418295348,0.896240320923282,0.7030352348067956
YEAR,2024,3,4,7381,7365,0.9978322720498577,0.1557365919891378,-0.0045672735717357795,-0.010327481544786039,-0.013574660633484115,-0.0192910216940634,0.4124915139171758,0.3819416157501697,0.8365496276520759,0.6695702289772435,-0.003186547583688778,-0.003265676161996393,-0.0035482876237686806,-0.0035221856924456244,0.02094584956107577,0.040150253966941496,-0.026727833034850938,-0.04339552906129923,4.077230848020101,0.9252163721803333,31,-0.005339347029717978,0.8097234836994965,0.6465044641499658
YEAR,2024,3,5,1451,1446,0.9965541006202618,0.2074688796680498,-0.009828220025278335,-0.01555805141915811,-0.05035971223021585,-0.055844910060877544,0.3630705394190871,0.3457814661134163,0.73441948177196,0.6160187537880445,-0.005501954160475109,-0.0066625568638788366,-0.007187905327312387,-0.0063664020283739015,0.025066922051316085,0.04975875532979591,-0.037167283809953384,-0.05788297297827832,3.7464229029078733,0.8596440847720248,6,-0.010630179591310891,0.713940652026951,0.598014876448863
YEAR,2024,4,1,2454,2444,0.9959250203748982,0.2843698854337152,0.001241741019916556,-0.004552250588450523,-0.01307203502963633,-0.018804686527820254,0.4533551554828151,0.4349427168576105,1.0368636594498855,0.8759596851388599,-0.0008143888028892364,0.00425415820650807,0.006076257902059739,0.01744232664725211,0.039245062749760765,0.06833976377378997,-0.033750654898544986,-0.05330954972721798,5.776955301970635,1.281942243434446,12,0.000379119049401437,1.0111996743044904,0.8533149287545247
YEAR,2024,4,2,4092,4076,0.9960899315738025,0.2266928361138371,-0.00031668370013380727,-0.006101898256067934,-0.012519592476488983,-0.01824537878564422,0.4308145240431796,0.40996074582924436,0.9894920601473526,0.8168095799368547,-0.0018096579954850391,-0.00031362208442891324,0.0019989232852902924,0.002754329700892912,0.030164634117784424,0.053233341630677215,-0.029156081256520458,-0.048281333286713364,4.949333365214968,1.1025656916837174,18,-0.0011108490812422511,0.9633034872737642,0.794018589464569
YEAR,2024,4,3,5737,5720,0.9970367788042531,0.1951048951048951,-0.0036630185467408814,-0.009428432932863828,-0.019108328705851885,-0.024798580582105517,0.4020979020979021,0.381993006993007,0.8803547513585508,0.7222398237047201,-0.0033871545557465532,-0.0036437074049194967,-0.002661288475369449,-0.0018183854010773975,0.02580684047718961,0.04755385222779604,-0.03065056651837162,-0.04879217331379886,4.55821548718878,0.9746204974712078,23,-0.004411110398733633,0.8564991555276334,0.7015335307105526
YEAR,2024,4,4,9409,9376,0.9964927197364226,0.2127773037542662,-0.002153130505211309,-0.007927331886914635,-0.020302941080249937,-0.02599547159373263,0.40795648464163825,0.38619880546075086,0.9302273142412418,0.7679201185430845,-0.003442371385726932,-0.003256851338088776,-0.0014821064271075236,9.793313607760992e-06,0.026635197576253974,0.04984258424782645,-0.03032016268960747,-0.048624567725174886,4.392704173458042,1.0250494056736046,39,-0.002916084387575183,0.9058966824543218,0.746770773007248
YEAR,2024,4,5,6223,6185,0.993893620440302,0.24413904607922393,-0.005377920154242623,-0.01113335694282233,-0.044280442804428,-0.049806343124491725,0.3891673403395311,0.3778496362166532,0.8516511570609294,0.7188770878714327,-0.004307965493589226,-0.004270568315096635,-0.00503991601956877,-0.003797682705606819,0.030396116816261542,0.05655887263810442,-0.037642712280713794,-0.0600732527522877,4.483437880661472,0.9414984214576354,25,-0.006134518531371236,0.8314645347403562,0.7010962118114051
YEAR,2024,5,1,1038,1032,0.9942196531791907,0.4273255813953488,0.01693958426326804,0.011054236820002696,0.012485232450958783,0.006623390703742214,0.5222868217054264,0.5145348837209303,1.5344562205607701,1.3223346980082666,0.0025671354115996766,0.02105588586034366,0.0308793770621831,0.055150196550793104,0.06473517223072382,0.10926431860376318,-0.028176563925688965,-0.04463705077323919,6.9758720117779465,2.4478391092376857,6,0.015975199593806437,1.5010987796602033,1.292664194782613
YEAR,2024,5,2,1255,1247,0.9936254980079682,0.2846832397754611,-0.0006583967437344985,-0.006440654499446159,-0.02780638516992784,-0.033443247038632995,0.4161988773055333,0.404971932638332,0.9813770012990809,0.8329244658792258,-0.002556664006240621,0.0028546632716749125,0.007368646282729207,0.009412324782775934,0.041067341058873094,0.06817082852242276,-0.03509938676660511,-0.05503875350690862,4.962503136954737,1.238596882719478,6,-0.0015342203910107067,0.9568128030467608,0.8112489867331701
YEAR,2024,5,3,2221,2206,0.9932462854570013,0.23481414324569355,-0.006902397537970841,-0.012648838478034741,-0.037833441769681175,-0.04337909285461835,0.37488667271078874,0.35811423390752495,0.8088994852577693,0.6803081242101784,-0.003972249179815067,-0.0043144172702589915,-0.002757011584363548,-0.0018422351867351378,0.03157929085704064,0.05705558667171942,-0.03780032865378942,-0.05900556122016319,3.8991633522101625,0.9669526988961604,9,-0.007679449399490979,0.7882533635900849,0.662165610941054
YEAR,2024,5,4,5333,5321,0.9977498593662104,0.25540311971433943,-0.005349544663482701,-0.011104646810290298,-0.04999999999999993,-0.055475915109870835,0.3805675624882541,0.36684833677880097,0.8550867488327997,0.7245974918139099,-0.0024158648417943822,-0.002164189429718885,-0.0011907649161903833,0.0005910222971485545,0.034944343414531655,0.06261162116634948,-0.037329849616765186,-0.05941758062927436,4.62689135238644,1.0537558160942935,21,-0.006091002561012099,0.8356526616161208,0.7074743401829574
YEAR,2024,5,5,18069,17987,0.995461840721678,0.296603102240507,-0.005335481648057958,-0.011090994736165642,-0.05230769230769228,-0.05777867238489458,0.3744926891643965,0.3671540557068994,0.8697759088003372,0.7500436439632685,-0.005092598101113362,-0.0038873044675727265,-0.002555737902365851,0.0007298906727526203,0.04097642437971919,0.07481621391376855,-0.04653914882839194,-0.07195020865736834,4.79218915069377,1.0398331750509344,68,-0.006055556841459449,0.8527596555636413,0.7349147128051168
YEAR,2025,1,1,9991,9973,0.9981983785406866,0.21086934723754136,-0.0009416001593178851,-0.006723248240321097,-0.012953367875647714,-0.018670229505820927,0.4348741602326281,0.41181189210869346,0.9685089756033426,0.7965854619097072,-0.0018144144683689939,-0.001374860369790531,-0.0014144464749734594,0.0001553782254633923,0.029163714866433044,0.05097757357717364,-0.03337529567987846,-0.053948325268288,4.740814117717368,0.9449333843758699,44,-0.0017417718429664133,0.9420049105925036,0.7735195342423937
YEAR,2025,1,2,7883,7861,0.9972091843206901,0.13904083449942756,-0.0027280410250566517,-0.008499364350508281,-0.009852216748768461,-0.015591871301178856,0.42602722299961837,0.3939702327948098,0.8926641166492119,0.703516513331686,-0.003203269817055705,-0.0033885610813809467,-0.0038686146922063368,-0.004720737951955181,0.0186239115154865,0.03612728431584861,-0.02490479734652201,-0.043258825346277265,4.1607780944868855,0.8351425177789212,34,-0.003497843793786805,0.8629711584563077,0.6782166967656011
YEAR,2025,1,3,3865,3850,0.9961190168175937,0.11948051948051948,-0.0014804779535249964,-0.007259665386014857,-0.00588668457073549,-0.011641020487116346,0.427012987012987,0.38441558441558443,0.9322845315232126,0.7114008512476876,-0.0017824493375192291,-0.0017144048864435875,-0.0012308029646948954,-0.00021460886832064445,0.01800108416065355,0.03351402865506549,-0.020481945428538186,-0.03440033854989471,4.141474967209684,0.9742354310396188,17,-0.002252012968967089,0.8974501758793535,0.682316538220585
YEAR,2025,1,4,1328,1324,0.9969879518072289,0.11706948640483383,-0.003907765572254486,-0.00967290743891964,-0.013473537005163572,-0.01918283405375098,0.3995468277945619,0.3693353474320242,0.8356541443648051,0.6441894362353382,-0.0016715220715269974,-0.0008714477095884218,-0.0007684500518195417,-0.0005064266964184302,0.01914470346277234,0.034173301451701436,-0.02062802895454252,-0.03399092514082296,3.696625987839548,1.0053654412206463,6,-0.004682309379528052,0.8039721460177062,0.6176054749058127
YEAR,2025,1,5,98,97,0.9897959183673469,0.1958762886597938,-0.006025236850331929,-0.011776333718693428,-0.02527075812274371,-0.030912564144982373,0.32989690721649484,0.30927835051546393,0.8123184391143952,0.6711144556551332,-0.01090689519109762,-0.007239127335032567,-0.002078021950902427,0.013129127324549196,0.023657063026599028,0.04900456903817943,-0.03336281444131117,-0.043692275893287225,4.227686617341235,1.1215842625791983,1,-0.007869797979803585,0.7573889564401335,0.6238162467896056
YEAR,2025,2,1,6425,6403,0.9965758754863813,0.2192722161486803,-7.805791675938573e-05,-0.005864561439653077,-0.00877192982456143,-0.014514625821525082,0.4610338903638919,0.4405747305950336,0.9974225618502754,0.823766950514972,-0.001075846655307719,-0.000791241290173904,-0.0005170551265673141,0.006220535297009864,0.031743203038146456,0.054272680092021255,-0.03494926143966904,-0.053181979995041755,4.759924482204814,1.0205088283114165,30,-0.0009086665907877597,0.9701368047956626,0.7998934946093565
YEAR,2025,2,2,7283,7258,0.9965673486200741,0.14273904656930284,-0.0029085392283780312,-0.008679185767623263,-0.00968995887401175,-0.015420439652245998,0.4273904656930284,0.3943235050978231,0.8888024722371403,0.704776597255801,-0.0023840674401842555,-0.0019816869039685704,-0.0030562843849008545,-0.006280604970079743,0.021064943334227405,0.037989979667096975,-0.025383880130455727,-0.045694520800073746,4.230032577245815,0.831390263032054,32,-0.003699036066929249,0.8592041787530135,0.6794627513351646
YEAR,2025,2,3,6034,6007,0.9955253563142195,0.12884967537872483,-0.0006271039043711519,-0.006410640987247476,-0.004950495049504955,-0.010701410136292298,0.4498085566838688,0.40918927917429665,0.9725967336604994,0.7537413144573213,-0.0016842646541361864,-0.0023008359268651864,-0.00259293921349389,-0.0004953139448226213,0.018474965538906336,0.03526723679679032,-0.021912781452195475,-0.03682385135910932,3.9404661483961085,0.9577280891360667,28,-0.001451924512676355,0.936849355683024,0.7235348969738566
YEAR,2025,2,4,2995,2986,0.9969949916527546,0.14266577361018085,-0.0011290928170569127,-0.006909999277107661,-0.008565349767066521,-0.014311270145962871,0.4333556597454789,0.40354989953114534,0.9526740982131303,0.7446689209406153,-0.002586207170549133,-0.0014563897526406525,-0.00029663126587878335,0.0012628985033161532,0.020649158489572536,0.03781620582075886,-0.022611628898483754,-0.03644397711914163,4.271533299929289,1.0376530996364963,13,-0.0018833281761331578,0.921404014613547,0.7181926174597466
YEAR,2025,2,5,445,445,1.0,0.14382022471910114,-0.00895735703002904,-0.014692335385037265,-0.024752475247524774,-0.030393007398502585,0.36404494382022473,0.3438202247191011,0.7071500351375968,0.5696186714283568,-0.006244632746918678,-0.007277049367807725,-0.0029898737877590916,0.0011921551997453419,0.020460847482622224,0.04036110834623893,-0.030509072887309127,-0.04471218916395211,3.4940644931920044,0.9026869205227575,2,-0.009740312274730021,0.6829834852623261,0.5488535041270779
YEAR,2025,3,1,3906,3878,0.992831541218638,0.25683341928829295,0.0025434849050310297,-0.0032583252951552846,-0.00803329461866048,-0.0137733621035564,0.4708612686952037,0.4492006188757091,1.0818365739767049,0.9042176424990633,-0.0010671700856905492,0.001230756503051173,0.003440553313082297,0.010980695761355052,0.0379765402586741,0.06136911163636826,-0.038037153490221555,-0.05560302950880704,4.96835630738671,1.1037008626777776,19,0.0016796770138207142,1.0537787901744757,0.8795645826786148
YEAR,2025,3,2,5247,5226,0.9959977129788451,0.18503635667814772,-0.001523313863855138,-0.0073014352772107225,-0.011093530239099925,-0.01683013409526708,0.43742824339839265,0.4085342518178339,0.9469079285046146,0.7707425123098142,-0.0024497924460367146,-0.002219197729801655,-0.0021250176652541763,-0.0028301063931800135,0.025038054462508497,0.045117495898019194,-0.029086987914621925,-0.04974800531964072,4.8384012103378575,0.9069207018076485,23,-0.0023123142467588427,0.9197635784568148,0.7472287511390016
YEAR,2025,3,3,6697,6660,0.994475138121547,0.15735735735735737,-0.0009384137498953479,-0.006720216747604433,-0.007322452422825587,-0.013069904540749244,0.4397897897897898,0.404954954954955,0.9629109245468284,0.7639768741843458,-0.002162107795396762,-0.002313795697606603,-0.001558830217450731,-0.0004587139345667055,0.02139482791260015,0.04057346147983886,-0.024668121027745505,-0.04200703749136898,4.3675980711766975,0.9658729561249191,30,-0.0017440716350448171,0.9313792811789143,0.7370343845639736
YEAR,2025,3,4,5796,5761,0.9939613526570048,0.18173928137476134,0.0016561310243953557,-0.00414053106728057,-0.007675438596491224,-0.013420763088380885,0.44801249783023783,0.4185037319909738,1.0650878260704273,0.8550411630432605,-0.0019781903552962173,-0.0010453569378221358,0.00032049044363202325,0.004545906146009848,0.02432192750862774,0.0454904985058311,-0.024750874065214163,-0.03992740806158285,4.625538507078522,1.1393301171883712,26,0.0008520574530302172,1.0333356939360725,0.8278334820840434
YEAR,2025,3,5,1529,1527,0.9986919555264879,0.18925998690242304,-0.005510691849595874,-0.011265901145126394,-0.021126760563380254,-0.02680615979982914,0.38244924688932547,0.3608382449246889,0.820642115016429,0.6703248735489297,-0.00460068561116075,-0.0029532731676045368,-0.0020033402872270474,-0.0005221121040263162,0.0247269351050367,0.04544853972910034,-0.030189548101551524,-0.04573474617279818,3.643160660332329,0.9937420349373652,6,-0.006235383574174965,0.7978528144902466,0.6506193945627893
YEAR,2025,4,1,2404,2398,0.997504159733777,0.2902418682235196,0.004440529097251509,-0.001372485159936501,-0.005239777834517956,-0.01099165073103521,0.4791492910758966,0.4628857381150959,1.1392207125871001,0.9605235804687845,7.501958853239713e-05,0.004221912521543221,0.008783044530418989,0.015741395233853737,0.0445267186416051,0.07028559410973972,-0.03846290346680828,-0.05562192100184434,5.429373385361505,1.2636311879161664,12,0.0035638121027469884,1.1111745015771628,0.9357756297981763
YEAR,2025,4,2,3355,3345,0.9970193740685543,0.22361733931240657,-0.0012089455642592046,-0.00698882989305153,-0.014227642276422814,-0.019956808323777022,0.4337817638266069,0.41375186846038864,0.9612223076732702,0.7963625475681558,-0.002587961785648715,-0.0028827537270375526,-0.0037794366152392542,-0.003251906509183095,0.028507436792719505,0.051192816060168254,-0.03388683888684105,-0.05615249893123254,5.054148777337268,0.9116747613113677,15,-0.002005246244202611,0.9359688889914107,0.7743108493407745
YEAR,2025,4,3,4796,4786,0.9979149291075896,0.20768909318846637,-0.0010123421156167094,-0.0067932713548312425,-0.013943797068011299,-0.01966184896605458,0.431884663602173,0.40869201838696195,0.9662803498208435,0.7953434990113293,-0.0024495267507598706,-0.0018005727968895854,-0.0009599796161468369,2.0740212403925514e-05,0.02744703934404011,0.050368729049814306,-0.03051675825385775,-0.0507778882377065,4.831525874753766,0.9919421779421626,21,-0.001802619894412617,0.9402207962341985,0.7726748663089856
YEAR,2025,4,4,7668,7639,0.9962180490349505,0.20761879827202515,-0.0016930300166171633,-0.007469863237254236,-0.016728624535315983,-0.022431412421963927,0.41877209058777326,0.39547061133656236,0.9436425719647678,0.775604302924204,-0.0025318776832553686,-0.002027535222258963,-0.0009111742238281702,0.0028977074138029765,0.02654258364877648,0.050060438419788376,-0.0289938816219892,-0.04749928600524615,4.744427842052643,1.053919808694795,32,-0.002455132717906692,0.9186161207268668,0.7538788113361448
YEAR,2025,4,5,4959,4930,0.9941520467836257,0.23204868154158215,-0.0022485090918940645,-0.008022188154236344,-0.0228223692206192,-0.028494086874288956,0.3975659229208925,0.3754563894523327,0.9295536200309233,0.7725701301676738,-0.004257689731676134,-0.0027782002238818074,-0.0008902068602682296,0.004478270891884573,0.030226177306494215,0.05575032776409744,-0.03342170584086768,-0.05021950214620457,4.7693830807642215,1.110133023656645,20,-0.00299758144740229,0.9064659805086177,0.7524642351435907
YEAR,2025,5,1,1031,1029,0.9980601357904947,0.32653061224489793,0.0017073836434483495,-0.004090425325234855,-0.013924050632911356,-0.01962332847868378,0.4616132167152575,0.4480077745383868,1.046087983632165,0.8976724132385767,-0.000435229519046684,0.003441328494383428,0.009365124834869957,0.026051526667806215,0.05151953231405828,0.0867782425180622,-0.048014098621221864,-0.06311881344396468,5.2180418085463405,1.3748395729127856,5,0.0008313781863076609,1.0223326262884518,0.8764874956470673
YEAR,2025,5,2,1208,1203,0.9958609271523179,0.25270157938487114,0.0012487504858510953,-0.004545342955217231,-0.012396694214875992,-0.018106369942858108,0.44222776392352453,0.41562759767248547,1.0389516190861459,0.8707223444648623,-0.0018923896943950694,-0.0012086175585734448,-0.00197630800037125,0.0016595784727568316,0.036120552865194944,0.0607528022961829,-0.03900413346309708,-0.06047581186973805,5.077555464133723,1.004580185331641,6,0.0003313361046634307,1.0102836462678577,0.8455528529375784
YEAR,2025,5,3,1864,1857,0.996244635193133,0.23317178244480344,-0.005866680958910004,-0.011619597452894608,-0.03442028985507262,-0.04003646165029103,0.3925686591276252,0.3753365643511039,0.8346499437853497,0.7008161782289818,-0.0037302654821094305,-0.006164770017472519,-0.008332953881110192,-0.006684201283840311,0.030558063410623736,0.055636663397240854,-0.04243073115959585,-0.0662571555165707,4.650529683862951,0.8397079977773314,8,-0.006680923587709027,0.8125120382199891,0.6813514742295841
YEAR,2025,5,4,4524,4509,0.996684350132626,0.2410734087380794,-0.005201721594194918,-0.010957915920481768,-0.039906103286385,-0.04545771155274519,0.3925482368596141,0.3794632956309603,0.8544148196643732,0.7195262508105201,-0.002287603582365972,-0.0030861503232042053,-0.003928394705743974,-0.0024083006907124017,0.03242137766126058,0.058931538253841426,-0.0372939433316001,-0.06136964484126923,4.626873739865204,0.9602717826747427,18,-0.005948032978442753,0.834191705551428,0.701729827986402
YEAR,2025,5,5,14551,14510,0.997182324238884,0.29421088904203996,-0.0023401118650301237,-0.008112892207859148,-0.05067567567567566,-0.056155280466713364,0.38986905582356995,0.3800827015851137,0.9380630687465569,0.8026800518600565,-0.0038182286103567993,-0.0017704305173768006,0.00038542244767775984,0.00814277288121195,0.03937019563514163,0.07296654808558432,-0.04101235309782135,-0.06456287951989567,5.057457053870533,1.1301625427518143,57,-0.003075425274500618,0.9189209157936145,0.785743988428822
