time_slice_type,time_slice,bias20_quintile,entry_gap_bucket_number,entry_gap_bucket,signals,evaluable_signals,outcome_observation_rate,primary_success_rate,gross_average_return,net_average_return,gross_median_return,net_median_return,gross_win_rate,net_win_rate,gross_profit_factor,net_profit_factor,average_day1_close_return,average_day3_close_return,average_day5_close_return,average_day10_close_return,average_mfe_5d,average_mfe_10d,average_mae_5d,average_mae_10d,average_trade_mfe_abs_mae,aggregate_mfe_abs_mae,top1_removed_winners,top1_removed_gross_average_return,top1_removed_gross_profit_factor,top1_removed_net_profit_factor
PERIOD,HISTORICAL_DISCOVERY,1,1,< -1%,11341,11303,0.996649325456309,0.3493762717862514,0.007821964136571637,0.0019900931250573664,0.0,-0.005800887920424374,0.4971246571706627,0.48880828098734846,1.230638944716334,1.0543038508767475,0.004382701498623662,0.0027224353881233525,0.009521623819182047,0.03023472024304508,0.047501883680037674,0.07989611475049167,-0.03959760241820899,-0.059139372147487025,5.829434950712948,1.350980097509991,57,0.006930874657774411,1.2033336320556534,1.0299774543594609
PERIOD,HISTORICAL_DISCOVERY,1,2,-1% to 0%,9200,9169,0.9966304347826087,0.20503871741738466,-0.005870250703181218,-0.011622806018718977,-0.019920318725099584,-0.025614200643919775,0.4220743810666376,0.40353364598102304,0.8271802145680477,0.6872012963590781,-0.0059556431578289765,-0.005715231933701912,-0.004125462125817288,0.00023834969632414882,0.025756045876575054,0.047498358295756354,-0.038504063953022714,-0.05725961490034933,4.305090939998104,0.8295263315762638,39,-0.0066353589304801374,0.805486370515192,0.6681469892996528
PERIOD,HISTORICAL_DISCOVERY,1,3,0% to 1%,25558,25491,0.9973785116206276,0.19395080616688243,-0.005941275188125327,-0.01169374737391804,-0.01757812500000011,-0.023267274015774872,0.42462045427798045,0.403122670746538,0.8197579233441414,0.6765217583903516,-0.004321118476582559,-0.003823164725812431,-0.0041262255812838915,-0.0033859317178860163,0.025880759063522003,0.046329106289092904,-0.03464870788458819,-0.05532429210241706,4.522842905868624,0.8374098344236895,109,-0.006713540998279526,0.7972003850078994,0.6567567459001131
PERIOD,HISTORICAL_DISCOVERY,1,4,1% to 2%,11747,11709,0.996765131522942,0.2436587240584166,-0.0023394084393862573,-0.008112673570669466,-0.017353579175705125,-0.023043163568459448,0.444786062003587,0.42881544111367326,0.9310880516554952,0.7807725686400948,-0.0028022225821152276,-0.0013610977744674228,-0.001428426712203762,0.0027629029692168103,0.0311220120483413,0.05499812021778697,-0.035620338868783775,-0.05720020350213532,4.913243847952946,0.9615021774482647,53,-0.0031590481140668153,0.9073651399236252,0.7598434830755864
PERIOD,HISTORICAL_DISCOVERY,1,5,2% to 3%,4597,4585,0.9973896019142919,0.31842966194111233,0.005697793711153174,-0.00012184115359597996,-0.007874015748031482,-0.013633255701630417,0.4820065430752454,0.4728462377317339,1.167000777848561,0.9967014273005461,-0.001896834973735846,0.0024236512072753915,0.004456882017422596,0.019164552946006448,0.0385596385434445,0.07106532155018017,-0.03691012733106174,-0.05766039573000874,5.713242497297135,1.2324806420500334,23,0.004805348453140487,1.1401369298967152,0.9728169789250725
PERIOD,HISTORICAL_DISCOVERY,1,6,>= 3%,3480,3467,0.996264367816092,0.44014998557830975,0.020020819812073425,0.014118597460480187,0.0331125827814569,0.027128148532770555,0.5491779636573406,0.5419671185462936,1.630700471336817,1.4130107187660375,7.908220578218085e-05,0.01344895310594811,0.02122572813394991,0.05342683536325549,0.05403372132300049,0.10233449537096616,-0.034373445736248384,-0.05395806202942381,7.360152874838785,1.8965561682916308,20,0.01909832386662853,1.5981691267698326,1.3839531357104267
PERIOD,HISTORICAL_DISCOVERY,2,1,< -1%,6745,6728,0.9974796145292809,0.20199167657550535,-0.005968522791818959,-0.011720328636183844,-0.02224696857213565,-0.02791291385597206,0.4289536266349584,0.40918549346016647,0.8242248453008555,0.6841290829761051,-0.00011961412462568196,-0.005285589816224451,-0.005936952767510928,-0.008310524813571555,0.026480182404874934,0.04642293206277461,-0.03546250626510878,-0.058527660457899935,4.397092807250625,0.7931793565568457,29,-0.006735881331136868,0.8024809197607969,0.6650176873338071
PERIOD,HISTORICAL_DISCOVERY,2,2,-1% to 0%,11905,11879,0.9978160436791265,0.1362909335802677,-0.005294116913409663,-0.011050678971359864,-0.009756097560975618,-0.015497526619240361,0.43118107584813536,0.3976765721020288,0.8098762636769795,0.6441916617796828,-0.0029884965570635977,-0.0048168782854310045,-0.005267787748804055,-0.006387557679695635,0.018994396024955833,0.03641511439773493,-0.028392454668025285,-0.0463427806610277,4.202866379532753,0.7857775014428188,52,-0.006071474243843845,0.7829140661605412,0.6209742170009862
PERIOD,HISTORICAL_DISCOVERY,2,3,0% to 1%,34859,34768,0.9973894833471987,0.14317763460653474,-0.0036929077488672447,-0.009458583877667168,-0.008645533141210526,-0.014390118680555706,0.43528531983433044,0.4009146341463415,0.8624652125898932,0.6852079532177304,-0.0027004384392437315,-0.002610232179042521,-0.002949457450328002,-0.005924118921916186,0.02029663994523201,0.03744648681833381,-0.02540896805647546,-0.044217308085801786,4.503930025984837,0.8468739604335594,152,-0.004477337268431524,0.8339797417930133,0.6607423310489663
PERIOD,HISTORICAL_DISCOVERY,2,4,1% to 2%,9253,9220,0.9964335891062358,0.20032537960954447,-0.0029092337580874147,-0.00867927728916822,-0.014590936739659444,-0.020289189522286352,0.4303687635574837,0.4058568329718004,0.9051286422944239,0.7435313860122376,-0.0033033118917372823,-0.0015288638906564465,-0.0018351264944776744,-0.00528711834507495,0.026748748336314784,0.047009932305805385,-0.03011462773278505,-0.05218172410397522,4.402409567371945,0.900888828666053,40,-0.0036985627939609463,0.8799115459203529,0.7215553815572635
PERIOD,HISTORICAL_DISCOVERY,2,5,2% to 3%,2219,2214,0.9977467327625056,0.23893405600722675,-0.0014943994382751035,-0.007272586748232625,-0.02364775126172597,-0.029320759623846386,0.4209575429087624,0.4042457091237579,0.9551350653597673,0.8007777401554684,-0.002373997265196129,0.0025760926526727976,-0.0012389468287850218,-0.0025228493146411722,0.03321103353894393,0.05603862139923405,-0.032951591462202244,-0.05789034097582193,4.473327114214548,0.9680133240645231,10,-0.002331383822712172,0.9303232161873244,0.778984715668882
PERIOD,HISTORICAL_DISCOVERY,2,6,>= 3%,950,949,0.9989473684210526,0.2697576396206533,-0.00156979493936082,-0.007347681000319012,-0.03125,-0.036881717667505344,0.4130663856691254,0.40042149631190727,0.9557839486507081,0.8102017505372733,-0.003453616082785361,0.004103894040667829,-0.002875921873383753,-0.0020555338400896563,0.03686472710665431,0.06235742348556694,-0.03695745471960577,-0.06372048612875782,4.623815861689618,0.9786087218412525,4,-0.002344385593804153,0.9342445625533662,0.7911918783390742
PERIOD,HISTORICAL_DISCOVERY,3,1,< -1%,5607,5590,0.996968075619761,0.17584973166368514,-0.005090660602481829,-0.010848129191504071,-0.014584515031196843,-0.02028671261756311,0.42432915921288017,0.39910554561717354,0.8349924036362377,0.6815306886024654,-0.0005306583733261089,-0.005521335840695439,-0.004231037830301502,-0.007371379246417611,0.023890935513441968,0.04290240509373333,-0.03131745767325068,-0.052579019782590664,4.04735101048002,0.8159605346606074,24,-0.0058829463607791175,0.8101301193241683,0.6598723834479557
PERIOD,HISTORICAL_DISCOVERY,3,2,-1% to 0%,12924,12882,0.9967502321262767,0.11877037727061016,-0.0034290085972281032,-0.009196412956607093,-0.005931785927915545,-0.01168153516875825,0.44449619624281944,0.40024840863219996,0.8574172216015592,0.6623193553527723,-0.0018689756580705168,-0.0030231230189860783,-0.0032446664144927632,-0.0043145650112218145,0.017927987805301773,0.033778524783816245,-0.0235111695601271,-0.038845277229054155,4.32524064045852,0.8695658055067694,58,-0.004208421158929531,0.8257960857008548,0.6355147387824785
PERIOD,HISTORICAL_DISCOVERY,3,3,0% to 1%,36733,36597,0.9962976070563254,0.13897313987485313,-0.0003712644564855263,-0.006156379521918301,-0.004629629629629539,-0.010380899687691052,0.4549826488509987,0.4139683580621362,0.9841200067921639,0.7676266534192712,-0.0017032382188463416,-0.0011823358402224008,-0.000923842670648371,-0.0011668505060322331,0.02046868860238351,0.03735867523000583,-0.021997389254606276,-0.03758496560811937,4.748526158265631,0.9939792314705574,167,-0.0011666840495911468,0.9503254565206165,0.7389737736824957
PERIOD,HISTORICAL_DISCOVERY,3,4,1% to 2%,8140,8099,0.994963144963145,0.2031114952463267,-0.0028545576202013965,-0.008624320803423161,-0.01909959072305578,-0.02478620551155977,0.4126435362390419,0.39128287442894183,0.9071240900796098,0.7463914102242628,-0.0033104574350951307,-0.0025090285009356805,-0.0025501221848290615,-0.003633513372540834,0.026481887294470974,0.048042688564837815,-0.03025116798204747,-0.05077613246476997,4.582014953518793,0.9461667565597144,34,-0.0036318708405089846,0.8823294899353232,0.7248256647432905
PERIOD,HISTORICAL_DISCOVERY,3,5,2% to 3%,1685,1681,0.997626112759644,0.2510410469958358,-7.098937878939375e-05,-0.005856723627874851,-0.02251184834123232,-0.028187927314399282,0.42891136228435456,0.4164187983343248,0.9978620389139712,0.8388505368558944,-0.0031938571615257234,0.0009077693745707637,-0.0003957705067265182,0.0011302355215654218,0.03493715368721522,0.06008792552985674,-0.03397794376894256,-0.057039168381989566,4.71835663705739,1.0534502383949524,8,-0.0009375092327165935,0.9718997488619165,0.8160251147164147
PERIOD,HISTORICAL_DISCOVERY,3,6,>= 3%,836,836,1.0,0.2727272727272727,-0.00033088551961359835,-0.006114942909104147,-0.04178058783321942,-0.04731419689081627,0.4007177033492823,0.388755980861244,0.9906575580398903,0.8419993978661905,-0.005057032668205911,0.0004681778533357342,-0.0022987949987060417,0.0013943160421262828,0.037558985466582095,0.06451531581200944,-0.040873241517384445,-0.06255568045479704,4.415327054252948,1.0313262575511177,4,-0.001199909749743453,0.9662830503234409,0.820537209262788
PERIOD,HISTORICAL_DISCOVERY,4,1,< -1%,6280,6256,0.9961783439490446,0.20891943734015345,-0.002882880225962333,-0.008652705422288187,-0.017734007361505766,-0.023420969044131792,0.4258312020460358,0.40441176470588236,0.9084682658386645,0.7505128413159002,0.001298209838694915,-0.0032022905870581534,-0.0021824024177514102,-0.004026750802381004,0.028898869887995872,0.050617161576141656,-0.031413317449272476,-0.05268818058463036,4.636571577861088,0.9606929109050913,27,-0.0036711019880609763,0.8839451934278855,0.7290911314879329
PERIOD,HISTORICAL_DISCOVERY,4,2,-1% to 0%,11556,11506,0.9956732433367947,0.16452285763949243,-0.0017379996489583932,-0.007514801598859225,-0.009490668460115814,-0.01523771447449013,0.4374239527203198,0.40761341908569443,0.93504149017025,0.7488947305121247,-0.0013695894788563338,-0.002286747280781529,-0.0012949564228541832,-0.0023428735776537513,0.0233627581053794,0.04227267477931761,-0.025992016715071266,-0.04273160237696586,4.726405224658938,0.9892602296164855,51,-0.0025309931331765198,0.9058223043647035,0.7237801520244644
PERIOD,HISTORICAL_DISCOVERY,4,3,0% to 1%,33532,33363,0.9949600381724919,0.1802295956598627,0.0004933790166479868,-0.005296335310445677,-0.007502679528403,-0.013249661460418014,0.44906033630069236,0.41845757276024337,1.0188223435982788,0.8193709037767111,-0.0023150142468596124,-0.001015186594326046,-0.00033385338299851865,0.0009041997072123849,0.02441650856360073,0.045078431527117116,-0.02558042659067682,-0.04215653423733687,4.955441457289846,1.0693106618615817,150,-0.00029547300749438286,0.988778424267918,0.7935555564244029
PERIOD,HISTORICAL_DISCOVERY,4,4,1% to 2%,10595,10550,0.9957527135441245,0.22729857819905214,-0.0018560744103993726,-0.007631828766577281,-0.01898509485094846,-0.024670324116689887,0.41962085308056873,0.3985781990521327,0.9410613988854285,0.7801720517524627,-0.00418214740252925,-0.002241427347456145,-0.0019688588581986675,-0.0011075412740339787,0.028701808444269016,0.052536399653012024,-0.03236999367265021,-0.05237088572249789,4.757048390053161,1.0031604187752554,45,-0.0026402399844089935,0.9165182697775449,0.7587483921374508
PERIOD,HISTORICAL_DISCOVERY,4,5,2% to 3%,2625,2618,0.9973333333333333,0.25439266615737205,-0.0029193639443854647,-0.008688791577383842,-0.03352913071583147,-0.03915134089422738,0.393048128342246,0.3792971734148205,0.9176406303026481,0.7759906801241137,-0.003918162272123753,-0.0002818870516672164,-0.00038997967683285017,0.0015053104905476268,0.03559767356729643,0.06235404007533603,-0.03674889363433794,-0.05896132735037198,4.572460170824566,1.0575413220398378,11,-0.003703944015348294,0.8959455694076587,0.7569050697822786
PERIOD,HISTORICAL_DISCOVERY,4,6,>= 3%,1331,1327,0.9969947407963937,0.2803315749811605,-0.002523065156440924,-0.00829495268847629,-0.050000000000000044,-0.05548189168117377,0.40617935192162774,0.3873398643556895,0.9324646032390407,0.7958419762374991,-0.007208593692165137,0.00014768511849400437,0.0030626499129415255,0.007638078677468423,0.04292590619940263,0.07466770424361607,-0.043291416329894326,-0.06575960811666393,4.3648917483755545,1.1354645561626269,6,-0.0033556698908562286,0.9105842310879934,0.7764841280254366
PERIOD,HISTORICAL_DISCOVERY,5,1,< -1%,8841,8798,0.9951362967990046,0.29154353262105026,0.0001421724427682557,-0.005644993937720103,-0.03703703703703709,-0.042586984725624714,0.42532393725846784,0.4122527847238009,1.0039161306583373,0.856910381217829,0.0009121183677541979,-0.0029765231596482543,-0.0005617236453287376,0.0038844910115942107,0.040958067084343276,0.07356487268945265,-0.04148912824677919,-0.06575450188374374,5.020513956365013,1.118780776706634,38,-0.0006484728362624997,0.9822150075530076,0.8376891170511129
PERIOD,HISTORICAL_DISCOVERY,5,2,-1% to 0%,9944,9906,0.9961786001609011,0.2529779931354735,-0.0010554335406407084,-0.0068358035975860515,-0.0245901639344262,-0.03025805358612181,0.42186553603876437,0.40672319806178076,0.9688173134364002,0.8154085400521045,-0.004314452562703908,-0.0032515156973054013,-0.0007365403035007644,0.003377436835385437,0.03279710830497293,0.06241653873663599,-0.03720617407001998,-0.057814522208058376,4.975004500916884,1.0795996637664191,42,-0.0018288718692432634,0.9461952450620341,0.7955146067782387
PERIOD,HISTORICAL_DISCOVERY,5,3,0% to 1%,24992,24878,0.9954385403329066,0.25287402524318675,-0.0007076800261908822,-0.0064901570164244285,-0.02060234880962225,-0.02628323197923113,0.4260390706648444,0.40971943082241336,0.9786597137200591,0.8213603487784303,-0.004712541854874531,-0.002894325382541869,-0.0006637074611485092,0.004562324825351316,0.032674967681167615,0.06229641945994998,-0.036537328794641805,-0.05671681510283201,4.996000496798301,1.0983765457739774,106,-0.0014801792760514966,0.9555549672743369,0.8010716120497398
PERIOD,HISTORICAL_DISCOVERY,5,4,1% to 2%,12064,12018,0.9961870026525199,0.2736728240971876,-0.00271012002216038,-0.008480832584864775,-0.045705013861726485,-0.051229238219187984,0.40647362289898487,0.3944915959394242,0.9255014883907199,0.7860076797762588,-0.00627039056742323,-0.0028226652552018707,-0.0005925743459357428,0.005492561617234195,0.03579553972734047,0.06858027692764031,-0.04032830223593044,-0.06239009216968813,4.967727553674035,1.099217432490982,49,-0.0034776988856385065,0.9047912825414829,0.7677019789801682
PERIOD,HISTORICAL_DISCOVERY,5,5,2% to 3%,5020,5008,0.9976095617529881,0.28594249201277955,-0.004417363030024246,-0.010177990284603818,-0.05175751803666906,-0.057230772180732026,0.38059105431309903,0.37240415335463256,0.8907012140022266,0.7675385516139904,-0.006669299421986225,-0.004110801667792336,-0.0013686875828713843,0.0036073800294592956,0.041470286969585095,0.07637095998064117,-0.04701289677424667,-0.07147596031872232,4.65713085953156,1.0684845595650803,20,-0.005171492400651606,0.8725528108647471,0.7514101584167596
PERIOD,HISTORICAL_DISCOVERY,5,6,>= 3%,5058,5039,0.9962435745353895,0.34173447112522326,-0.0030241346583734117,-0.008793409901300678,-0.05400000000000005,-0.059474941580921696,0.3931335582456837,0.3891645167692002,0.9326340723879388,0.817379957105649,-0.010954305277542448,0.0014440159502889607,0.004036453833545685,0.008427898115747401,0.056258078157284855,0.09742923609996103,-0.05708607348143902,-0.08481798922356937,5.50833201557279,1.1486859921089385,20,-0.003769936361681167,0.9163538367274784,0.8027662182915537
PERIOD,RETROSPECTIVE_CONFIRMATION_NOT_BLIND_OOS,1,1,< -1%,4270,4263,0.9983606557377049,0.25873797794980063,-0.0023095999899397507,-0.0080832794806533,-0.013026052104208374,-0.01876096076504704,0.45554773633591367,0.43842364532019706,0.934704149588929,0.7892475734820427,1.7260414992453352e-05,0.0023238092761372294,0.0075640336450002845,0.017288730173788534,0.03668543311600771,0.06341789736479495,-0.033837164171089076,-0.051984552715898455,5.154791897593309,1.2199373477613826,20,-0.003170009952277364,0.9107995308986788,0.7680380065309222
PERIOD,RETROSPECTIVE_CONFIRMATION_NOT_BLIND_OOS,1,2,-1% to 0%,6725,6713,0.9982156133828997,0.19037688067927902,0.0004101165027859459,-0.005379435721373982,-0.005484460694698434,-0.011236412883666114,0.4604498733800089,0.43095486369730374,1.015205847479311,0.8207053307677709,2.7634144482893532e-06,0.0026765537523668415,-0.00021738141284107643,0.0038659102404364726,0.027839396026423567,0.04681167544842331,-0.026018120478897185,-0.041254011442894575,4.6722253753832605,1.1347181476696362,31,-0.0003876663858223762,0.9856929085152463,0.7952204072666097
PERIOD,RETROSPECTIVE_CONFIRMATION_NOT_BLIND_OOS,1,3,0% to 1%,22068,22039,0.9986858800072503,0.18185943100866644,0.00011644500606485039,-0.005671270382886745,-0.007393715341959317,-0.013141580463409118,0.44661736013430736,0.4146739870230047,1.0044613492688839,0.8059691054140666,-0.0021364497963397597,0.0002575403861938954,0.001312727182404307,0.0031266398169829224,0.025235281883571197,0.044794475247757946,-0.024745335448949777,-0.040323690427941074,4.695967556768104,1.1108724120329765,99,-0.0006580395050276443,0.9749018296884115,0.7806150730334377
PERIOD,RETROSPECTIVE_CONFIRMATION_NOT_BLIND_OOS,1,4,1% to 2%,7090,7084,0.9991537376586742,0.21781479390175043,-0.00023872918688215105,-0.006024187993609007,-0.011444944740073681,-0.017184323054880806,0.4439582156973461,0.4212309429700734,0.9919517529939831,0.8161319417371836,-0.003304693794611401,-0.0008582849040645044,0.0036617175014911282,0.006870233301416133,0.02929400863674471,0.05186357204215116,-0.02861336751063352,-0.046366191711088134,5.019526676452724,1.1185644135994108,32,-0.0010513334675721884,0.9647166332698363,0.7924149878139196
PERIOD,RETROSPECTIVE_CONFIRMATION_NOT_BLIND_OOS,1,5,2% to 3%,1906,1902,0.9979013641133263,0.2844374342797056,0.006560787449725211,0.000736492173474536,-0.003636411721146704,-0.009394675210359464,0.48580441640378547,0.46740273396424814,1.2112265116564134,1.021721274310401,-0.0030710221543674902,-0.0007075998498676352,0.007020059550717172,0.015426353178015035,0.03651579413430359,0.06341356382303016,-0.032830652646531476,-0.05122529760860926,4.821518661851972,1.2379345125048618,10,0.00563758444541618,1.1805494369631506,0.9946788632032505
PERIOD,RETROSPECTIVE_CONFIRMATION_NOT_BLIND_OOS,1,6,>= 3%,1020,1019,0.9990196078431373,0.3356231599607458,0.011201483657006385,0.00535016170634772,0.0032467532467532756,-0.002560826688667741,0.5103042198233563,0.4955839057899902,1.3724567320069871,1.163221083943092,-0.007504804603122653,0.0046477372911156315,0.017602458599079242,0.0370339296148921,0.04491966313915809,0.08195560766987636,-0.034350406849526595,-0.04954375673941624,5.973733463641038,1.6542065653385094,6,0.010246624198853086,1.338700898426851,1.1334687190161694
PERIOD,RETROSPECTIVE_CONFIRMATION_NOT_BLIND_OOS,2,1,< -1%,3452,3445,0.9979721900347625,0.1811320754716981,-0.005830092584750283,-0.01158319937650052,-0.01382978723404249,-0.01952954008545219,0.4269956458635704,0.4075471698113208,0.8195198994881944,0.6734810038392811,-0.0012904763999983123,-0.00600865227838767,-0.0004387587630415899,0.003569021600469623,0.02531958939142519,0.046377806581614445,-0.031656618207489315,-0.04781216372658832,4.506078427731193,0.9700001624445155,15,-0.00659160423056573,0.7968345333000285,0.653654200980526
PERIOD,RETROSPECTIVE_CONFIRMATION_NOT_BLIND_OOS,2,2,-1% to 0%,10046,10034,0.9988054947242684,0.14102053019732907,0.00026593229582986703,-0.005522488992021054,-0.0031898007773549786,-0.008958288481553788,0.4705999601355392,0.434323300777357,1.0113398391811976,0.7913516052995077,-0.0016483303124228976,-0.00042819531021254194,-0.00014177102616871556,0.0012097533730067783,0.021150028424030794,0.03847570685435695,-0.022040247599937196,-0.03616484550699647,4.8639532143498565,1.063898001359177,48,-0.0005721607333215502,0.975718733977214,0.7610192431783355
PERIOD,RETROSPECTIVE_CONFIRMATION_NOT_BLIND_OOS,2,3,0% to 1%,34250,34214,0.9989489051094891,0.14318699947389957,0.0008768741865241343,-0.00491546715919382,-0.00423728813559332,-0.010004112944891844,0.4578827380604431,0.42023732974805633,1.0383615861990818,0.8105890477065048,-0.002091383619857047,-0.0006670501300785048,0.0003638598160955584,0.0011713063935096194,0.020800366056018208,0.038348826608058224,-0.02140513681953776,-0.03553150084686024,4.578576283989328,1.0792909304152554,157,7.345945674569434e-05,1.0031989652429485,0.7808203683510273
PERIOD,RETROSPECTIVE_CONFIRMATION_NOT_BLIND_OOS,2,4,1% to 2%,6910,6904,0.9991316931982633,0.19843568945538817,0.0010612449528012806,-0.004731581820859101,-0.009351259769361076,-0.015101404676772377,0.44380069524913096,0.41801853997682503,1.0389207150217885,0.8442900023249116,-0.0033491851303938175,-0.0006539444173468449,0.0007224002977722549,0.004071744883875256,0.025490336818741858,0.04760758398623117,-0.026449665710839388,-0.04263164191981588,4.537749691759407,1.1167194563083995,31,0.00025321370051538785,1.009244808804263,0.8186703902809195
PERIOD,RETROSPECTIVE_CONFIRMATION_NOT_BLIND_OOS,2,5,2% to 3%,1121,1120,0.9991079393398751,0.24910714285714286,0.0018841704561515396,-0.003913381936572732,-0.01598317381382197,-0.02168575677996892,0.43125,0.41160714285714284,1.0620344621619906,0.8832970404159447,-0.0024962780948543286,0.0009662321962119096,0.002637100693947297,0.0035177020333429,0.03175861476953883,0.05508839365830129,-0.029632890800578085,-0.049039277419903916,4.346942744371806,1.1233524749274175,5,0.001079486254764158,1.0353823596777036,0.8600670501513645
PERIOD,RETROSPECTIVE_CONFIRMATION_NOT_BLIND_OOS,2,6,>= 3%,543,542,0.998158379373849,0.2896678966789668,0.0022610096587759435,-0.0035385339252762154,-0.024841036348106638,-0.030512622669818988,0.4354243542435424,0.4261992619926199,1.0681301460110064,0.9024597200595537,-0.004045170787315232,-0.0005608960958433482,0.00045478482392321645,0.007518431722328751,0.03621606006674712,0.06258004845588276,-0.037740434593333205,-0.05499535731203433,5.949687332506482,1.137915117103689,3,0.0012871586119359135,1.038570782307148,0.8764595229653864
PERIOD,RETROSPECTIVE_CONFIRMATION_NOT_BLIND_OOS,3,1,< -1%,3015,3010,0.9983416252072969,0.17209302325581396,-0.004956140908576812,-0.01071459864920805,-0.014818047333218065,-0.020513651533126932,0.42225913621262456,0.3966777408637874,0.8387133406261603,0.6844236677301261,-0.0022460344254057246,-0.004810122330609724,-0.001936409831278526,0.0007184177444741665,0.023994122471891866,0.04391829680329519,-0.030384251681320237,-0.046358711611515446,4.604051286965465,0.9473580105359516,13,-0.005752853193687244,0.8135946640053424,0.6625574114026447
PERIOD,RETROSPECTIVE_CONFIRMATION_NOT_BLIND_OOS,3,2,-1% to 0%,11078,11053,0.997743274959379,0.12295304442232878,0.0018264621156842357,-0.003971569319155893,-0.0010183299389002753,-0.006813984392532803,0.4821315479960192,0.4412376730299466,1.0886608605999384,0.8315346838703463,-0.0013065610533708832,-0.0008474011256699542,-0.0002297249860088209,0.0020109414126950396,0.01892441977297067,0.035597481147165516,-0.019796570363110687,-0.03242223027180938,4.7063262860315875,1.097934375542233,54,0.0009938386877522654,1.0480076231654363,0.7974152795552724
PERIOD,RETROSPECTIVE_CONFIRMATION_NOT_BLIND_OOS,3,3,0% to 1%,34894,34852,0.9987963546741561,0.13367955927923791,8.93852205437773e-05,-0.005698600805490033,-0.004524886877828038,-0.010277591702041412,0.4521404797429129,0.40958911970618617,1.0039870639435924,0.7770260697417712,-0.0019572324555379803,-0.0012619620251899763,-0.0005157295036485243,0.0003220861550985744,0.019797738214328897,0.036256791710801324,-0.0210766546837609,-0.034658790339822096,4.3962695657941895,1.0461066689088443,158,-0.0006998552162728475,0.9689241971542791,0.7474732411110774
PERIOD,RETROSPECTIVE_CONFIRMATION_NOT_BLIND_OOS,3,4,1% to 2%,6361,6352,0.9985851281245087,0.19741813602015112,-0.0010170927192708356,-0.006798094948022405,-0.012915492875598511,-0.018650082570712115,0.42490554156171284,0.3992443324937028,0.9638301063355142,0.7831400785950325,-0.003204905123165448,-0.001555357570497838,-0.0010286417166131983,-0.00040922766857376364,0.02552238424393487,0.04631262459900728,-0.027829761867812157,-0.04472025080431314,4.542151088262297,1.0356074432959252,27,-0.0017889340904850596,0.9366522685237797,0.7596865284721112
PERIOD,RETROSPECTIVE_CONFIRMATION_NOT_BLIND_OOS,3,5,2% to 3%,1115,1112,0.9973094170403587,0.23111510791366907,-0.0003608709799775371,-0.006145161423530284,-0.02028405911589476,-0.025970099418195308,0.41276978417266186,0.38758992805755393,0.9886640654872312,0.8249447521269826,-0.0024787904775068837,-0.0009558847034887,-0.0014210746504538126,0.0012755722538311638,0.03204327535500469,0.055330221539969617,-0.032655361987017406,-0.052119022305889925,4.843141102299085,1.0616128064573613,5,-0.001189159939730203,0.9628132286600463,0.8023776988229109
PERIOD,RETROSPECTIVE_CONFIRMATION_NOT_BLIND_OOS,3,6,>= 3%,520,520,1.0,0.28076923076923077,0.0032421649827117705,-0.0025635453500619694,-0.022657318741450105,-0.028337774979513945,0.4153846153846154,0.40192307692307694,1.1018097893083603,0.9269327528139938,-0.006371591666115923,0.0020255823576082826,0.0020359339948361776,0.0030501871820497726,0.03647561881824944,0.06124498858044873,-0.03584697153061342,-0.054471782871055516,3.9537302561010588,1.1243433820667594,3,0.0022007209402715618,1.0687078886536954,0.8980116533869743
PERIOD,RETROSPECTIVE_CONFIRMATION_NOT_BLIND_OOS,4,1,< -1%,3613,3608,0.9986161084970938,0.20620842572062084,-0.0033185372939062135,-0.009086204774711478,-0.016988670244484194,-0.022677911450476644,0.42073170731707316,0.39966740576496673,0.8958781988809363,0.7410276513147009,-0.0002359172460357765,-0.0038158264398976322,-0.001868714429918568,0.001064538068252702,0.028968124284130772,0.053234423687535774,-0.03233275021534584,-0.050662713250842574,4.805793259552375,1.0507614036374262,16,-0.004126244761066026,0.8711098424841425,0.7193897504943472
PERIOD,RETROSPECTIVE_CONFIRMATION_NOT_BLIND_OOS,4,2,-1% to 0%,9589,9567,0.9977057044530191,0.1716316504651406,0.0009941689288208682,-0.004798614792881371,-0.005882352941176561,-0.011636904444040993,0.45521061983903,0.4234347235287969,1.0395209342545195,0.8300407887800845,-0.001022476548274764,-0.00014048421101605298,0.0006545669790871073,0.0032299714879099463,0.02470190812155107,0.04468163000324586,-0.023922266410930173,-0.03897439592167035,4.672545417938222,1.1464354724841854,44,0.00018436392998923837,1.0072952635221264,0.8024370347920213
PERIOD,RETROSPECTIVE_CONFIRMATION_NOT_BLIND_OOS,4,3,0% to 1%,29803,29710,0.9968795087742844,0.17936721642544598,0.0005283461294932595,-0.0052615588726638764,-0.008668015748189317,-0.014412907078339345,0.44214069336923595,0.4116459104678559,1.0204390711530842,0.818568397684708,-0.0028214784528908868,-0.0019298275373467613,-0.0008312649357331192,0.0025846441293835795,0.023270350348526418,0.04415954323238604,-0.025560249598427835,-0.04048278481834243,4.5853787541714155,1.09082276405989,132,-0.00026247793913864,0.9898911538810082,0.7923827186952468
PERIOD,RETROSPECTIVE_CONFIRMATION_NOT_BLIND_OOS,4,4,1% to 2%,7626,7612,0.998164175190139,0.22609038360483447,-0.0024296820056195646,-0.008201857528591303,-0.02353755906794852,-0.029213728938482952,0.40002627430373094,0.37953231739358906,0.9230324720109037,0.7650248415762981,-0.005014109829748615,-0.002518522381076713,-0.0016913084015463408,0.0010420005857645252,0.027949698434490054,0.052487266153093425,-0.031977944143123056,-0.05028040057021943,4.385214427880903,1.0438911694784925,31,-0.0031839441578474918,0.8995496948908318,0.744585163756598
PERIOD,RETROSPECTIVE_CONFIRMATION_NOT_BLIND_OOS,4,5,2% to 3%,1625,1625,1.0,0.24923076923076923,-0.0031625887066287985,-0.008930409794195251,-0.04347826086956519,-0.049006023953757846,0.38646153846153847,0.368,0.9097903496117195,0.7677859335546899,-0.004590827665033312,-0.0035253586788395394,-0.002248634310938649,0.003323457045750193,0.03180831879185176,0.06003244502462912,-0.03590072883749991,-0.05661627638493286,4.603603024696349,1.0603389847906952,7,-0.00397062165648649,0.8872299058901738,0.747986375687933
PERIOD,RETROSPECTIVE_CONFIRMATION_NOT_BLIND_OOS,4,6,>= 3%,869,866,0.996547756041427,0.31755196304849886,0.0055508425941324085,-0.0002679331070980337,-0.03248966942148762,-0.0381144499376246,0.43071593533487296,0.41454965357967666,1.1611364490010825,0.9928710468180271,-0.004536538014657706,0.0020716939867826568,0.006751916952924721,0.006450484311956451,0.04417367530012107,0.06907845571203795,-0.03752398052063363,-0.05609769381233603,5.718735370034443,1.231395642450589,4,0.00473139194754795,1.136714058763018,0.9713264548138048
PERIOD,RETROSPECTIVE_CONFIRMATION_NOT_BLIND_OOS,5,1,< -1%,5733,5715,0.9968602825745683,0.29816272965879265,-0.0010905920547018358,-0.006870579068580563,-0.050000000000000044,-0.05548189168117377,0.4068241469816273,0.3965004374453193,0.9708438219887807,0.8309582639658981,0.0007973655063520789,-0.0011300261470711353,5.777005205322705e-05,0.005671773055197552,0.04215419128392839,0.07508709847953372,-0.04023876766227349,-0.06428684930197198,5.262904096536237,1.1680009099035196,24,-0.001875943538055153,0.9500586385463766,0.8125373260701054
PERIOD,RETROSPECTIVE_CONFIRMATION_NOT_BLIND_OOS,5,2,-1% to 0%,7910,7882,0.9964601769911504,0.262750570921086,0.0005065365308442321,-0.005282593880844308,-0.023885690998930287,-0.029538927554211683,0.42552651611266173,0.4075107840649581,1.0152829168844786,0.8545418491765134,-0.0019054307421659275,-0.0006516747961278034,0.001033707256092511,0.0066411806950834,0.03561663309587438,0.06486958380722961,-0.03462384482563206,-0.05473004804313976,5.136851915792323,1.1852645142225635,34,-0.0002808658374147006,0.9915624383079278,0.8337059541753099
PERIOD,RETROSPECTIVE_CONFIRMATION_NOT_BLIND_OOS,5,3,0% to 1%,20432,20357,0.9963292873923257,0.25347546298570517,-0.003464278997351381,-0.0092307318238547,-0.036619718309859106,-0.04222864966966683,0.3939185538144127,0.3805570565407477,0.9011734980866516,0.759556706955473,-0.004676401479531475,-0.003974065039315282,-0.002444323045163539,0.0015023240706169977,0.031749628623014975,0.0597221999078373,-0.03746379815008515,-0.057746704718236404,4.645995394198165,1.034209660953641,81,-0.004205436073853526,0.8805076495226418,0.7413955728520973
PERIOD,RETROSPECTIVE_CONFIRMATION_NOT_BLIND_OOS,5,4,1% to 2%,8551,8520,0.9963746930183605,0.27030516431924884,-0.005505235158870326,-0.011259911664884482,-0.050847457627118675,-0.05633523631738352,0.37359154929577465,0.3613849765258216,0.8546524132146511,0.7274347395103554,-0.006226857119750648,-0.00481589948184536,-0.0043589839144144394,-0.0009834960827868324,0.03367763911977011,0.06429568778929284,-0.04165010030755218,-0.06441398963841377,4.403071230593786,0.9981634137275922,32,-0.006222245598040763,0.8363391222747362,0.7112668148517495
PERIOD,RETROSPECTIVE_CONFIRMATION_NOT_BLIND_OOS,5,5,2% to 3%,3257,3251,0.9981578139392079,0.2989849277145494,-0.003560070436899902,-0.009325533126474037,-0.05223880597014918,-0.05771506632021379,0.3703475853583513,0.3608120578283605,0.9134423756345419,0.7906938958233499,-0.007110919493128157,-0.003956404366999405,-0.0013077581329463228,0.0013863909405082387,0.04017891910749569,0.07417445055314371,-0.04642304136123187,-0.07059538454115903,4.590991204899433,1.0506983003952333,13,-0.004313251744834531,0.8955492844940617,0.7747903810024502
PERIOD,RETROSPECTIVE_CONFIRMATION_NOT_BLIND_OOS,5,6,>= 3%,3245,3230,0.9953775038520801,0.3235294117647059,-0.006111328309988423,-0.011862495175588293,-0.05444665781319169,-0.059911949873079726,0.37275541795665634,0.3671826625386997,0.8659772912579321,0.7577880689278741,-0.011646898958581916,-0.005680071983311165,-0.006179720885977728,-0.0035603361201812333,0.04438227942730589,0.07788983089586829,-0.05645088322823771,-0.0816442615011874,4.443691957447157,0.9540147643412206,13,-0.006878434242444081,0.8497616157496343,0.7432525768491317
PERIOD,STRESS_PREVALENCE_SEEN_NOT_BLIND,1,1,< -1%,3533,3524,0.9974525898669686,0.3629398410896708,0.0062175878808827115,0.000392596369015338,0.0013497352375948513,-0.004455820164795666,0.5008513053348468,0.492622020431328,1.1705550792863733,1.010026923323972,0.004874856505446298,0.015961226045909507,0.025223980915354535,0.030576689356014507,0.0623721966759427,0.08847104140963692,-0.043248278781030866,-0.05872615735192544,5.927027521964524,1.5065014535083698,18,0.005312034645463429,1.1449704997726995,0.9870991237653568
PERIOD,STRESS_PREVALENCE_SEEN_NOT_BLIND,1,2,-1% to 0%,3207,3191,0.9950109136264421,0.20119084926355374,-0.002001644040082609,-0.007776989702948721,-0.011904761904761862,-0.017646887534268258,0.4487621435286744,0.4224381071764337,0.9340525021399542,0.7673691907930872,-0.005380703879276926,-0.007709317655447929,-0.006042145356535888,0.001446387994747796,0.02424151652342964,0.04922961612101876,-0.038423918111940736,-0.05641215396004676,4.488835001306564,0.872677475777384,15,-0.002825486156921341,0.9073472427267111,0.7440770564491956
PERIOD,STRESS_PREVALENCE_SEEN_NOT_BLIND,1,3,0% to 1%,10780,10748,0.9970315398886828,0.17519538518794195,-0.004623947026788158,-0.010383871786746159,-0.015293129136204509,-0.02099784440154599,0.4161704503163379,0.39077037588388536,0.8463286804452858,0.6886784733997845,-0.0025091924898553238,-0.005343394371941379,-0.007134545391573117,-0.0036354716194785556,0.023883335490403057,0.045359564195694264,-0.03423391030514996,-0.053848554583577755,4.341123767036363,0.8423543500186654,45,-0.005375620658448701,0.8220956970678615,0.6676705255526786
PERIOD,STRESS_PREVALENCE_SEEN_NOT_BLIND,1,4,1% to 2%,3860,3856,0.9989637305699481,0.22562240663900415,-0.0008738734547877334,-0.006655575944438488,-0.01611280586746283,-0.021816016765510808,0.44320539419087135,0.4237551867219917,0.9719784405110314,0.8058198481965461,-0.0009614655849705686,-0.0020384108544790796,-0.005155685428062252,-0.0002906917753766503,0.030493384282933057,0.05362255131588584,-0.03567438756138496,-0.05751016046669503,4.9067856938883,0.9324013510089133,18,-0.0017161656702511375,0.9452264474530395,0.7824083696078159
PERIOD,STRESS_PREVALENCE_SEEN_NOT_BLIND,1,5,2% to 3%,1120,1117,0.9973214285714286,0.2721575649059982,0.009369166964340711,0.003527968972765731,0.005694760820045497,-0.00011840873890836537,0.5147717099373321,0.4995523724261415,1.3294447389467896,1.113352615376187,0.0009422235354481622,0.005435110059242323,0.0025845245091058837,0.017206329663584548,0.04116845054249985,0.06756538405914032,-0.035193575978109334,-0.05396538110044568,5.4252790777802025,1.252013470142664,6,0.008436998025487594,1.2950736517153396,1.0831257364294964
PERIOD,STRESS_PREVALENCE_SEEN_NOT_BLIND,1,6,>= 3%,1248,1245,0.9975961538461539,0.44738955823293175,0.031692757752791276,0.025722155690116467,0.04761904761904767,0.04156583076150332,0.6305220883534136,0.6144578313253012,2.488796892223577,2.102358750828692,0.00018019182330140203,0.021874149075005622,0.040715358559357026,0.045883942377299564,0.06726354327627411,0.09085064277371407,-0.020839508562084774,-0.035939842516098476,7.29365023006625,2.527853112684606,8,0.030726230165929267,2.434118539476747,2.054357520439845
PERIOD,STRESS_PREVALENCE_SEEN_NOT_BLIND,2,1,< -1%,1992,1989,0.9984939759036144,0.20110608345902464,-0.005412598929009579,-0.01116879407395081,-0.01477272727272727,-0.020472586536510136,0.4409250879839115,0.41578682755153346,0.8385564183275673,0.695063353891278,0.0011170678692888757,-0.004426936489382657,-0.0067682710599285345,-0.0038201229061057204,0.030698868389567143,0.050006872568494155,-0.038959020572159726,-0.06280103749029271,4.623621231576171,0.7962746248614734,9,-0.006197376842637522,0.8159849903324873,0.6752375500357547
PERIOD,STRESS_PREVALENCE_SEEN_NOT_BLIND,2,2,-1% to 0%,3992,3979,0.9967434869739479,0.15481276702689117,-0.0017694636551931623,-0.007546322390611719,-0.00836120401337792,-0.014104809278554361,0.44081427494345315,0.4121638602663986,0.9336422986322677,0.7468831770460858,-0.003300192464943079,-0.003968162748013649,-0.004688787358122939,-0.0041192436015453455,0.020736133856900547,0.03959264824557159,-0.028304923227468217,-0.04878878469613224,4.376450337166088,0.8115112621100055,18,-0.002581586097400636,0.9036243758073184,0.7210683005379404
PERIOD,STRESS_PREVALENCE_SEEN_NOT_BLIND,2,3,0% to 1%,14495,14447,0.9966885132804415,0.1466048314528968,-0.0029644373188124364,-0.008734509569982361,-0.010288065843621408,-0.01602678853817798,0.4237557970512909,0.39011559493320414,0.8869755124933844,0.7038330918611612,-0.002974809337650528,-0.00320366059370464,-0.003361838260680537,-0.005003662577005091,0.020176755434971924,0.03813631684647251,-0.02573909875840334,-0.04461310597583475,4.303922577018952,0.8548231738702416,62,-0.0037302213872174306,0.8583889718961106,0.6793991675594939
PERIOD,STRESS_PREVALENCE_SEEN_NOT_BLIND,2,4,1% to 2%,3491,3486,0.9985677456316242,0.21113023522662078,0.00041377041576542425,-0.005375494485664981,-0.01351356387637287,-0.019230586336680355,0.43516924842226046,0.4133677567412507,1.0143627265988742,0.8318067854787528,-0.0034567797411578097,-5.772756633575262e-05,-0.0015529685438275555,-0.004281474604370465,0.027013852427982914,0.04860904957801897,-0.028866832286947256,-0.05092337217926058,4.974634535887411,0.9545528408233703,16,-0.00042249653253393623,0.9854016860661856,0.8066833089332848
PERIOD,STRESS_PREVALENCE_SEEN_NOT_BLIND,2,5,2% to 3%,621,619,0.9967793880837359,0.2875605815831987,0.007413742783600867,0.001584725176080485,-0.014150943396226467,-0.019855787546771426,0.4555735056542811,0.4345718901453958,1.247198481450185,1.0479930803682667,-0.00027400249385188487,0.008889029969893868,0.009957258411457795,0.006299019751794392,0.040434331717192344,0.06449690942722118,-0.027491927662196495,-0.04988556396978448,5.712973027219395,1.292897269163615,3,0.0065659319632168514,1.2178686415906397,1.0223560122506816
PERIOD,STRESS_PREVALENCE_SEEN_NOT_BLIND,2,6,>= 3%,373,373,1.0,0.2680965147453083,0.004140075330499958,-0.0016701901633793849,-0.010791366906474864,-0.016538557220371956,0.450402144772118,0.44235924932975873,1.1315683944159802,0.9515748172626098,-0.000304900168020809,0.00499153326615027,0.003267051724468014,0.0025123135411589848,0.03938163116145138,0.060333937597904445,-0.033994744301040006,-0.054446715811112524,5.47548817469941,1.1081281340681037,2,0.0031776083933178737,1.1004404808608053,0.9242383670588947
PERIOD,STRESS_PREVALENCE_SEEN_NOT_BLIND,3,1,< -1%,1586,1578,0.9949558638083228,0.22813688212927757,0.0025579954104781874,-0.00324426453976171,-0.004790590935169314,-0.010542102734971161,0.46894803548795944,0.44423320659062104,1.089199430995806,0.8974665005473931,0.0022081811275620547,-0.0006266722485768599,-0.0006673763803126709,0.0059354778606455945,0.03104536715920941,0.05431024815123167,-0.031623956410304355,-0.051582576924529035,4.853582725815338,1.0528797006534496,8,0.0016487160661001266,1.0572006345471312,0.8695599244895563
PERIOD,STRESS_PREVALENCE_SEEN_NOT_BLIND,3,2,-1% to 0%,4235,4221,0.996694214876033,0.14001421464108033,-0.001129466646360511,-0.006910264470072626,-0.004739336492891044,-0.01049134777600369,0.4548685145700071,0.41767353707652216,0.9533787206809429,0.7471207612088557,-0.0014156253982380912,-0.001686896292756031,-0.0018217240151969182,-0.001740179865417022,0.020482729808287956,0.03770476905735504,-0.02358394042150421,-0.04071445583908053,4.315034374517973,0.9260781774016348,20,-0.0019379093467911603,0.9203874448200742,0.7190445224230483
PERIOD,STRESS_PREVALENCE_SEEN_NOT_BLIND,3,3,0% to 1%,13744,13689,0.9959982537834692,0.14069690992767916,-0.002306367994878215,-0.008080314834821637,-0.008438818565400852,-0.014182614394206946,0.4266929651545036,0.39002118489297977,0.9076513536624249,0.7138054880064819,-0.002649923151983613,-0.002856412675171307,-0.003083973425907768,-0.0025833200166230316,0.01957754062859562,0.03728939230304126,-0.024423693552101878,-0.0410386414396855,4.117934073439855,0.9086410025986239,59,-0.0030749860841199675,0.8774059992421869,0.6880900989972858
PERIOD,STRESS_PREVALENCE_SEEN_NOT_BLIND,3,4,1% to 2%,2939,2929,0.9965974821367812,0.21406623420962786,-0.0006887559884736339,-0.006471261530616481,-0.017513134851138368,-0.023208335288085705,0.42710822806418575,0.403209286445886,0.976671883973476,0.8022729474332597,-0.0033792197926058756,-0.003990027851329185,-0.0017383751206835826,0.0010203198616243602,0.025961761638244027,0.050304928932697265,-0.030741078882289673,-0.04988650689532526,4.9309750191608535,1.0083874791684646,13,-0.0014975723254226977,0.9495024587510456,0.7786893033628797
PERIOD,STRESS_PREVALENCE_SEEN_NOT_BLIND,3,5,2% to 3%,493,492,0.9979716024340771,0.2459349593495935,-0.0009131800234730765,-0.006693389582057849,-0.02817307923578316,-0.033805411340661125,0.40447154471544716,0.3800813008130081,0.9727049068217157,0.8179827416005776,-0.002672962974061511,0.0009139456693099287,0.002736323423349795,0.007669730766566106,0.037683135215011924,0.06522509651663178,-0.03599511138332485,-0.05516496045018701,5.326476101293433,1.1823646021740357,2,-0.0016486022455605748,0.9509233349407494,0.7989198888750435
PERIOD,STRESS_PREVALENCE_SEEN_NOT_BLIND,3,6,>= 3%,251,251,1.0,0.3346613545816733,0.013200396594660716,0.007335909894406773,-0.0066225165562914245,-0.012378064881850906,0.47808764940239046,0.46613545816733065,1.44808390911957,1.2268411230015448,-0.0002052115683142407,0.010162799114475018,0.015695675338126443,0.029522826702017533,0.05121295631746509,0.08262469735861203,-0.03221416445479474,-0.044549134399588144,4.606993165750417,1.854686931007483,2,0.011854241295352536,1.3991827427526051,1.1839777174213089
PERIOD,STRESS_PREVALENCE_SEEN_NOT_BLIND,4,1,< -1%,1782,1779,0.9983164983164983,0.23496346261944911,0.0018225719905959452,-0.003974546362210969,-0.01092233009708743,-0.016665904809247335,0.4564362001124227,0.433389544688027,1.0609231134795933,0.8793373326502678,0.0012025861192154663,-0.0009031974282046437,0.0007953037752868011,0.009857079278932921,0.03286574975565523,0.06036270584810194,-0.031544060681692535,-0.0492850344419756,5.265636805180544,1.2247674477973296,9,0.0009219986147399167,1.030663730195059,0.8529029575413478
PERIOD,STRESS_PREVALENCE_SEEN_NOT_BLIND,4,2,-1% to 0%,4106,4087,0.9953726254262055,0.15512600929777343,-0.00348929795538908,-0.009256216788627203,-0.012557077625570678,-0.01829069991402177,0.4147296305358454,0.3851235625152924,0.8712997690348959,0.6957018802732305,-0.001959568346801222,-0.0019996707352877455,-0.002302017866984575,-0.0037344347274837326,0.02238385809771689,0.04085057173305936,-0.025511829808973964,-0.044621083583306236,4.188332958357682,0.915499321229897,17,-0.0042454378329526525,0.8440614370690075,0.672356566386405
PERIOD,STRESS_PREVALENCE_SEEN_NOT_BLIND,4,3,0% to 1%,11891,11845,0.9961315280464217,0.17256226255804136,-0.002821171299219547,-0.00859183401566235,-0.014084507042253502,-0.019814116549007655,0.4175601519628535,0.3923174335162516,0.8998002548439701,0.7265792202468428,-0.002690974231402222,-0.0025435852398886976,-0.0025599056316896233,-0.0006037379214314917,0.023160673731743082,0.04341167511983141,-0.0270881387716706,-0.04449621363416751,4.502532365393218,0.9756262741083366,50,-0.003583595680438473,0.8732584410919838,0.7037125894654287
PERIOD,STRESS_PREVALENCE_SEEN_NOT_BLIND,4,4,1% to 2%,3334,3321,0.9961007798440312,0.25052694971394157,0.0011997173643438876,-0.004593597884872593,-0.019230769230769273,-0.02491595639014139,0.4245709123757904,0.40680517916290276,1.0391923960205462,0.8641009419071879,-0.0037466320518546006,-0.0012410991621917488,0.002193838728377933,0.008664527695857035,0.030479513110855703,0.058005607218016564,-0.031228436214725104,-0.04884714745112627,4.947693303836419,1.1874922128473058,15,0.00037786338776371847,1.0122882958181578,0.8406501505335007
PERIOD,STRESS_PREVALENCE_SEEN_NOT_BLIND,4,5,2% to 3%,715,715,1.0,0.26713286713286716,-0.0008443826921464535,-0.006625722074113426,-0.04179104477611939,-0.04733873991582833,0.4041958041958042,0.3888111888111888,0.9758524353078768,0.8267657385990483,0.0001835642625860148,0.000335512634804299,0.0009458004178236474,0.009469833318399368,0.03776857665903996,0.06737757894584684,-0.03494656670399384,-0.054161386833275184,3.988894599361228,1.2440150240845016,3,-0.0016143224888567882,0.954027484886838,0.8075620672754847
PERIOD,STRESS_PREVALENCE_SEEN_NOT_BLIND,4,6,>= 3%,472,472,1.0,0.3855932203389831,0.011997141030806251,0.006141027211127844,-0.014939148073022268,-0.02063720697700712,0.4682203389830508,0.4576271186440678,1.360530713748035,1.1696739464579824,-0.0019754685410744957,0.00606215511079462,0.011913523497934968,0.020971121788959934,0.04990511613106845,0.08263766097831032,-0.03627776252975063,-0.0537317990368649,4.925031532735373,1.5379656452897357,3,0.010953393818914144,1.327072515308554,1.1401071406036432
PERIOD,STRESS_PREVALENCE_SEEN_NOT_BLIND,5,1,< -1%,2658,2654,0.9984951091045899,0.28372268274302936,-0.0011809740445829348,-0.006960126389514005,-0.04806532377375666,-0.05355387161813965,0.4054257724189902,0.392991710625471,0.9677855553075955,0.8256420981766214,0.0005067192176956277,-0.0011329035160481105,-0.0017733672261748743,0.012345734576256063,0.03932597845823993,0.07426530667737447,-0.040019949976152054,-0.06125766138472539,5.49035896176917,1.2123431583676574,11,-0.001950662325809197,0.9470106444717642,0.8072738670795029
PERIOD,STRESS_PREVALENCE_SEEN_NOT_BLIND,5,2,-1% to 0%,3563,3554,0.9974740387314062,0.23916713562183456,-0.004423973427955059,-0.01018469853042857,-0.03245029455081,-0.03804683837439735,0.38351153629713,0.36606640405177265,0.8719299964152428,0.7316546356864169,-0.004197648357893113,-0.003410983252728151,-0.002367145409678182,0.0008297121806431539,0.031651288460677586,0.0576683420329931,-0.03643182825058498,-0.05747096551782293,4.482463580466258,1.0034343692226462,14,-0.005164935218064037,0.851068820456463,0.7133779096722629
PERIOD,STRESS_PREVALENCE_SEEN_NOT_BLIND,5,3,0% to 1%,8814,8772,0.9952348536419333,0.25170998632010944,-0.003070043638215771,-0.008838811202915945,-0.033258144670361534,-0.03888099262269471,0.38873689010487916,0.37209302325581395,0.910038387692112,0.764317561391295,-0.0045188184353394745,-0.0028637099756144173,-0.00022628847685342854,0.005470985786603448,0.03215996556701633,0.06097105682068855,-0.03542978541750573,-0.05585849315592651,4.72658576173563,1.0915270601820666,35,-0.0038103703623291463,0.8887900655213837,0.745710090298128
PERIOD,STRESS_PREVALENCE_SEEN_NOT_BLIND,5,4,1% to 2%,3584,3576,0.9977678571428571,0.2871923937360179,-0.0020811422305774185,-0.007855611361401333,-0.048874411871154544,-0.05435795496948616,0.3926174496644295,0.38338926174496646,0.9425480524252895,0.8013714607858616,-0.0048474735132656155,-0.002656030542405693,0.00016025862314839517,0.005228700224945235,0.03631871227226072,0.06763634368352661,-0.039140766211692365,-0.06113741861096244,4.885027254402805,1.106300285818722,15,-0.00287109487224812,0.92107310815194,0.7824293673519149
PERIOD,STRESS_PREVALENCE_SEEN_NOT_BLIND,5,5,2% to 3%,1450,1447,0.9979310344827587,0.31651693158258465,0.00033905260463800726,-0.0054498257870497545,-0.051111111111110996,-0.05658436283922706,0.3946095369730477,0.3863165169315826,1.0088270301772821,0.8693393665868632,-0.003675827929189655,0.0006422581673016779,0.004253674842808542,0.012796631311975606,0.044747044656900346,0.07936554301464706,-0.04214006639885107,-0.06379286347111163,4.848836692790527,1.2441131922317215,6,-0.0004262184944530377,0.9889496695174274,0.8517142654744653
PERIOD,STRESS_PREVALENCE_SEEN_NOT_BLIND,5,6,>= 3%,1507,1506,0.9993364299933643,0.3247011952191235,-0.0035102166815837166,-0.009276672093599047,-0.05338442238464053,-0.05886215435226134,0.3791500664010624,0.37317397078353254,0.9182716161933681,0.7996685572511532,-0.007562292015695329,0.0006526146158399917,0.003312615471843233,0.01348994538286084,0.05036036006655793,0.08772029049360575,-0.050029631512482166,-0.07344324743376741,5.298815676551337,1.1943955851450285,6,-0.0042585796680138085,0.9012425088667408,0.7844623843944534
YEAR,2020,1,1,< -1%,2803,2786,0.9939350695683197,0.3653984206748026,0.0032311843461496387,-0.002574440402268376,-0.02655504149225235,-0.03220446119786928,0.47559224694903085,0.47128499641062455,1.0806892572010989,0.9399278456165764,0.00461046979195387,-0.0053916094302779655,-0.000920815972599137,0.03607849080783563,0.05873823484351161,0.09634958789008984,-0.05915985105061769,-0.08385577659714767,5.686782155672134,1.148991659250427,14,0.002320808645966261,1.0576640881565225,0.9192160006871541
YEAR,2020,1,2,-1% to 0%,1675,1671,0.9976119402985074,0.21903052064631956,-0.0027147630661321256,-0.008485802397290689,-0.012145748987854255,-0.017856026520464998,0.44165170556552963,0.42190305206463197,0.9164710724252311,0.761568031948087,-0.005566263781900884,-0.004736892130533126,-0.0026986275014508434,-0.00041816362528776,0.028519480302360137,0.05182780040908993,-0.03945138267657523,-0.061504432256182094,4.840899483737012,0.8426677315419081,8,-0.0035672376253337236,0.8907672637145332,0.7390102641454099
YEAR,2020,1,3,0% to 1%,6138,6119,0.9969045291625936,0.2144141199542409,0.0010726838546890971,-0.004720836007118899,-0.004464285714285698,-0.010220022539640513,0.47001143977774146,0.44451707795391404,1.0376822505795489,0.8497945690101752,-0.0029772035635822177,0.00023119102517679145,0.0022180050735864285,0.006411743221445833,0.0279467841020289,0.050294367507549925,-0.029955753323046067,-0.04756491166163013,5.367939080498217,1.0573838098415225,29,0.0002580821798361384,1.0090231867709563,0.8248601780034968
YEAR,2020,1,4,1% to 2%,2539,2532,0.9972430090586846,0.3056872037914692,0.012142110489342106,0.006284790543679369,0.012820512820512886,0.006958469494116848,0.5430489731437599,0.523696682464455,1.4456093214172747,1.211007584158445,-0.002227330897539527,0.0028548563858056025,0.010922562501371262,0.019836074296741883,0.03617272549061238,0.06493256502039753,-0.030210873007332564,-0.04831709109533748,6.2899241493957,1.3438839869783348,14,0.01122301120395871,1.409601470759389,1.1793307773943762
YEAR,2020,1,5,2% to 3%,964,963,0.9989626556016598,0.39979231568016615,0.022811653078559247,0.016893492830180504,0.03229166666666661,0.026316265359096373,0.5898234683281413,0.5804776739356179,1.8287136786370684,1.5676813476110087,-0.0035036649569127163,0.007443311648133071,0.01922995173614948,0.04412666429234801,0.04452058127894378,0.08854270310527526,-0.0329262437308281,-0.05150567463136274,7.7852549216087406,1.7190863674535777,6,0.02180992419921897,1.787385759507002,1.530884991049176
YEAR,2020,1,6,>= 3%,1146,1141,0.9956369982547993,0.5828220858895705,0.04735211512180892,0.04129195535952274,0.08556149732620333,0.07929243177722219,0.6985100788781771,0.6914986853637161,3.2115720654599222,2.7912700532817554,0.0033567621528031804,0.02940334821745964,0.048230882432373036,0.1034407381199044,0.07130603747829287,0.13948722945728279,-0.025336563814603,-0.03990456545843038,11.48158780398968,3.495520571514311,8,0.046408609887972706,3.1523085860418236,2.7383027548338683
YEAR,2020,2,1,< -1%,1652,1647,0.9969733656174334,0.21979356405585915,-0.0029369506998345035,-0.00870657195175899,-0.013392857142857095,-0.019098020884592348,0.44869459623557983,0.4304796599878567,0.9105215230240654,0.7572142851289879,0.0042539129782630195,-0.002346697706961583,-0.005863193742284718,-0.022687987354163722,0.030906163957364487,0.050448792440622774,-0.035038367570185164,-0.07151839484300984,4.311870576931786,0.7053960390381105,8,-0.003806405523521303,0.8845956082963351,0.7344050874547189
YEAR,2020,2,2,-1% to 0%,3107,3098,0.9971033150949469,0.1526791478373144,-0.0029862299804554637,-0.008756472789199428,-0.008544658067656308,-0.014289243096850115,0.43770174306003873,0.4012265978050355,0.8884743527901887,0.7077390566123625,-0.0021221095648360365,-0.001716461863432001,-0.002994403920870078,-0.007721355200474665,0.02056512575946234,0.039457882997942575,-0.0258341568829429,-0.04814007471462016,4.62554893242571,0.8196473152950716,14,-0.0037848228959757903,0.8592883618139268,0.6826803856405732
YEAR,2020,2,3,0% to 1%,11007,10961,0.99582084128282,0.15628136118967248,-4.1730199657176556e-05,-0.005828904947377946,-0.0047244094488188,-0.01048251592913587,0.45579782866526775,0.42122069154274244,0.9983191052495736,0.7911991272163551,-0.0024663897725360675,-9.373213740636235e-05,0.0008185123868563913,-0.0004753239087397548,0.02135527549294498,0.04019232174376315,-0.022333522403056985,-0.040655670904944055,4.800029775629673,0.9886030865838065,50,-0.0008448578614381628,0.9661243149992783,0.7636794690916927
YEAR,2020,2,4,1% to 2%,2609,2594,0.9942506707550786,0.21202775636083268,0.002848075610961777,-0.0029557621879005708,-0.003507753766144317,-0.009281665471271912,0.4807247494217425,0.45219737856592135,1.1034628545915277,0.9028989761211927,-0.0029300702838695714,0.0005364316630994732,0.0049107871895044735,0.0008214933866936793,0.028351398266941698,0.05101965664960014,-0.025039775939451777,-0.048355394374508545,4.698480167501892,1.0550975193058525,13,0.0019701638238721762,1.071212021604325,0.874855552713223
YEAR,2020,2,5,2% to 3%,552,549,0.9945652173913043,0.25136612021857924,0.003082438299459272,-0.002722935331148927,-0.013100436681222738,-0.01880873715299605,0.44990892531876137,0.4262295081967213,1.1009188427447385,0.9189569253530808,-0.002568747662608881,0.00471868359064303,0.0016006030308257408,-0.002597823376504126,0.0328943773061983,0.05882909747034377,-0.029560867272747746,-0.059982286817495435,5.289300487782792,0.9807745018015,3,0.002102556285044344,1.06846140353775,0.8905633903871292
YEAR,2020,2,6,>= 3%,255,255,1.0,0.2980392156862745,0.007107587794359899,0.0012791586047027272,-0.007194244604316502,-0.012939567912801594,0.4745098039215686,0.4549019607843137,1.2333181831104547,1.0383328702682433,-0.004055205838165145,0.0022608210131858826,-0.0021181911013913113,0.002489171129434652,0.03382603773786915,0.06497577661757027,-0.03511259800575618,-0.06529812800866866,6.063907036800099,0.9950633900093492,2,0.005745401465434415,1.1871229581872256,0.9977626829510027
YEAR,2020,3,1,< -1%,1452,1446,0.9958677685950413,0.1908713692946058,-0.0003122651997567917,-0.006097293275600424,-0.005037872165227497,-0.010790279479674935,0.4681881051175657,0.43775933609958506,0.9889768776427914,0.8052804644365739,0.001609181533791794,-0.003870875297293996,-0.0014335249953135597,-0.005012216883578951,0.025928138548203288,0.04667920965537447,-0.028863656905380924,-0.052038096818068855,4.5904427913574795,0.8970199240485357,7,-0.0011628142885057437,0.9591507674582433,0.7793485229586701
YEAR,2020,3,2,-1% to 0%,3407,3394,0.9961843263868506,0.12286387743076016,-0.003156158372852069,-0.008925124751414711,-0.0061101380380981785,-0.011861372675498083,0.44401885680612846,0.40100176782557456,0.8704630661291969,0.6760372386191386,-0.0023794382439618817,-0.003417305416536317,-0.00388777984312426,-0.005012519909428773,0.017317656847828374,0.03457753176036573,-0.024350400309064723,-0.04196340953124103,4.144170723863427,0.8239924292763522,16,-0.003972937900980816,0.8377090099350336,0.6482284244674824
YEAR,2020,3,3,0% to 1%,11979,11929,0.9958260288838802,0.14921619582529969,0.0010452543818642314,-0.004748431929750003,-0.003278688524590234,-0.009035583060833147,0.46416296420487885,0.42208064380920446,1.0451944048039494,0.818733888838536,-0.0016975450323681671,-0.0008767319587043397,0.0002297027071407414,0.0033370425450980905,0.020919389035002338,0.039435676202898264,-0.021693423206918524,-0.036405681074227744,5.129164314656658,1.0832286346323983,56,0.00024519048136499664,1.0105517066759067,0.7893629105488538
YEAR,2020,3,4,1% to 2%,2527,2509,0.9928769291650178,0.20765245117576725,0.0001602784529024528,-0.005627648620386131,-0.01224489795918371,-0.017980266444549635,0.43244320446392986,0.4081307293742527,1.0054851726290912,0.8262829216645899,-0.002765697055497882,-0.0007137281932483763,0.0019002986863167449,0.0038998700648710037,0.027061026003460848,0.050706353177920487,-0.026861211046341916,-0.046379242707634,4.894983153523579,1.0932984287295024,11,-0.0006415173872820865,0.9781417513031305,0.8025444286430721
YEAR,2020,3,5,2% to 3%,460,456,0.991304347826087,0.2807017543859649,0.008770730212234904,0.0029339448478173267,-0.00384581575246129,-0.009600923549391495,0.4868421052631579,0.47368421052631576,1.3055257290388185,1.0930258576553726,-0.0008137034956546547,0.007531852680655231,0.009445768188764766,0.014709076965815,0.03978287793136699,0.06727103789238567,-0.027152735479642642,-0.04816196042070177,5.37940757897468,1.3967670191321806,3,0.007632630002766738,1.2641311402852051,1.0567729054769028
YEAR,2020,3,6,>= 3%,229,229,1.0,0.2838427947598253,0.006063458900838546,0.00024245762723852472,-0.0220661985957874,-0.027749816288844226,0.45414847161572053,0.43231441048034935,1.1905205279054016,1.0069600358558963,-0.002983643479301605,0.004189777808000257,0.002542748423757396,0.0025978654046683236,0.03954392734626775,0.06777297047708465,-0.035605812382452154,-0.061236719584404464,3.9516176649390773,1.106737443433283,2,0.004595709647055638,1.1431410818985226,0.9653738262730875
YEAR,2020,4,1,< -1%,1561,1554,0.9955156950672646,0.2438867438867439,0.004932766144511159,-0.0008821509728975262,-0.0029133392487429854,-0.008688078603408337,0.47554697554697556,0.44851994851994853,1.1810008117120299,0.9707795286140964,0.0029634623858342066,-0.00046965129289997914,0.003819749796723747,0.0054885320603484805,0.031678550228335725,0.05745952472139876,-0.026841421405881406,-0.046154341419739425,5.76658618342494,1.2449430097777172,8,0.0040527847999548144,1.1479455867461232,0.9420993162516946
YEAR,2020,4,2,-1% to 0%,2960,2947,0.9956081081081081,0.1828978622327791,0.0022384893567246396,-0.0035612619393460966,-0.0036101083032490378,-0.009370611760844484,0.4696301323379708,0.4407872412623006,1.0885591577175546,0.8740116299279801,-0.002289393873373035,-0.0025146289763250387,-5.938362041456669e-05,0.005352913608272345,0.02370327508418741,0.045420143139301754,-0.025999807837135923,-0.04028295428928398,4.991899312732923,1.1275276091501651,14,0.0014052641605571984,1.0553309772758814,0.84544166866964
YEAR,2020,4,3,0% to 1%,11097,11035,0.9944129043885734,0.19148164929768918,0.003513828158755835,-0.0022936419940887123,-0.0031847133757961776,-0.008941255200140191,0.4740371545083824,0.4434073402809243,1.1410942194833107,0.9177214584000281,-0.00238963262932428,0.00027172142762964317,0.0018281823047358004,0.007811031242758757,0.025410288825667697,0.04726869095577037,-0.024362307250832067,-0.03857155819693801,5.252778271311065,1.2254804619099566,53,0.002695933345353415,1.107732553799717,0.889087023462334
YEAR,2020,4,4,1% to 2%,3340,3315,0.9925149700598802,0.23951734539969835,0.0021683325114032616,-0.0036309099734572613,-0.009273570324575098,-0.015015452951299559,0.4521870286576169,0.432579185520362,1.0733838348254068,0.8885873911003879,-0.0034281738604210912,0.00036433296541534975,0.002665110848923696,0.0070591189641851055,0.030516151576690808,0.0553625955811935,-0.028915967975191147,-0.046769636197524715,5.324974787293163,1.1837294467585266,15,0.0013589627219670625,1.0457838670973156,0.8645109185010331
YEAR,2020,4,5,2% to 3%,778,776,0.9974293059125964,0.2667525773195876,0.002884246929296694,-0.0029187707531790146,-0.018566382355475086,-0.024256452404639226,0.42912371134020616,0.41881443298969073,1.0904824020364265,0.9166541297734756,-0.0033300597880760938,0.000944893147472838,0.003546443306865156,0.012816795770322194,0.03518970561315093,0.0665392911907888,-0.03346193783709606,-0.051893063207334916,5.6210964451662235,1.282238647676973,4,0.0019642312345964238,1.0613027382977982,0.8910991823339642
YEAR,2020,4,6,>= 3%,375,375,1.0,0.33066666666666666,0.00779961062200062,0.0019683733441342253,-0.017214397496087663,-0.0229022930742576,0.47733333333333333,0.456,1.237002398079678,1.0549754300188934,-0.0051356048897516415,0.005367359148065201,0.009565424998471315,0.015459888654879676,0.044650729412276276,0.07708889382987352,-0.03737236588215948,-0.05759748186605236,4.543012052596374,1.3384073631751823,2,0.006890883407049182,1.2082726697941495,1.0295830318825128
YEAR,2020,5,1,< -1%,2413,2401,0.9950269374222959,0.3215326947105373,0.007838759388667557,0.002007105860758985,-0.005988023952095856,-0.011737318155583595,0.4831320283215327,0.46688879633486047,1.2441698152025886,1.05743774774065,0.0026754282477041663,-0.0008693609005815929,0.003002031817608517,0.017410270223292574,0.04270049750170133,0.0798072039652295,-0.037930408718281954,-0.05843120376074109,6.286926601948826,1.365831932746362,12,0.006964618841633305,1.2158569238421804,1.0324052506309422
YEAR,2020,5,2,-1% to 0%,3137,3130,0.9977685686962066,0.27987220447284344,0.006108799031650989,0.000287061806353766,-0.0077064261696092595,-0.01345254596065118,0.46932907348242814,0.4514376996805112,1.2019616319507012,1.0086503147290824,-0.004605783879181709,-0.0009148570292749599,0.004681833307088419,0.017747141925233197,0.03461561158068,0.06807145604128727,-0.033926979084221605,-0.05013847092789504,5.87300756010448,1.3576691666401624,15,0.005273467612544385,1.1735094088057367,0.983702366951597
YEAR,2020,5,3,0% to 1%,8841,8803,0.9957018436828413,0.2684312166306941,0.005285193721575651,-0.0005320089565309269,-0.005964214711729587,-0.011717500135174731,0.4700670226059298,0.4517778030216971,1.1780150292957166,0.9836951546678958,-0.003920343414103423,0.0008088847413481773,0.00521496647569341,0.01771440442673376,0.034631390682422075,0.06653579848185295,-0.03165453091831592,-0.04791718204962484,5.6527302407401665,1.3885582506280518,42,0.004445657375778223,1.1490234889740285,0.9583141218176443
YEAR,2020,5,4,1% to 2%,4304,4287,0.9960501858736059,0.29017961278283183,0.0038536332413827913,-0.001955111038806403,-0.013953488372093092,-0.01965431481850733,0.45533006764637274,0.43876836948915326,1.118994045356562,0.9447547938664034,-0.005415037380581693,0.00023587894805738498,0.0051756790567641,0.01654708231036005,0.036716615237201954,0.07061644382777853,-0.03502962589507592,-0.05336533769969174,5.387908756552974,1.323264254883305,20,0.0030133666862154395,1.0926138613618184,0.9215157070273917
YEAR,2020,5,5,2% to 3%,1716,1710,0.9965034965034965,0.30701754385964913,0.0025632662547789165,-0.0032380088439502774,-0.033009433962264134,-0.03863207135234452,0.4274853801169591,0.4192982456140351,1.0716781261784536,0.9167273386101594,-0.006253503657094004,-0.0016158958884986965,0.005248861725374589,0.017313702130737487,0.04124822753425939,0.07840968327688087,-0.04163694423191831,-0.06016787189456062,5.803095874439694,1.3031819276288776,8,0.0017159378760005163,1.0477592974071814,0.8955529027326631
YEAR,2020,5,6,>= 3%,1529,1520,0.9941137998691956,0.38223684210526315,0.005969559081994388,0.0001480159619381013,-0.05025125628140703,-0.05572782887485241,0.44671052631578945,0.4421052631578947,1.148606207660113,1.0034303531771553,-0.007407895126950503,0.0057494595703945816,0.011409464813179879,0.023897809747056582,0.060677988802505564,0.10846479529250672,-0.051144811845057515,-0.07768796015306133,6.942716982095015,1.3961596504633236,7,0.0051418112240345015,1.1274107771025386,0.9844292997274258
YEAR,2021,1,1,< -1%,3852,3845,0.9981827622014537,0.44889466840052017,0.025156316712047138,0.01922421618873415,0.05084745762711873,0.0447596282638906,0.5968790637191157,0.5919375812743823,1.91797734874428,1.649724500966649,0.007039490330752931,0.012886009420554765,0.026243539500831345,0.0636447244733747,0.055546910365195025,0.0974129531248596,-0.033312644607880186,-0.04509438454395581,8.105664013722134,2.1602014111071015,23,0.024176123994639365,1.876932012386212,1.613098687280503
YEAR,2021,1,2,-1% to 0%,3311,3308,0.9990939293264874,0.24455864570737607,0.00013782668660804415,-0.0056496593529072065,-0.010417390096534473,-0.0161558028060804,0.4570737605804111,0.4398428053204353,1.0042661846242438,0.8399527870624317,-0.004605884036173071,-0.0023700821956533207,-0.0004559584239845781,0.010850587137617874,0.028680208701854774,0.05502385092915444,-0.036636217863029626,-0.05515929095203429,5.161732350828541,0.997544565556551,16,-0.0006900601406004172,0.9787437035459253,0.8175221702556464
YEAR,2021,1,3,0% to 1%,10102,10099,0.9997030291031479,0.21734825230220814,-0.00490978843085974,-0.010668168577105402,-0.02003642987249543,-0.025720189221250803,0.42330923853846913,0.4053866719477176,0.8544346633245808,0.7109660178834433,-0.004059223598045098,-0.004099274496146461,-0.005138658625916502,-0.004012285757511904,0.02829923417378408,0.05036936619249897,-0.03668617020602623,-0.059313972596550295,4.753630382903126,0.8491989996203433,43,-0.005683757913780758,0.832205525493705,0.6914374776126104
YEAR,2021,1,4,1% to 2%,4455,4446,0.997979797979798,0.26788124156545207,-0.0012254084559961476,-0.007005060135590447,-0.020211304218657244,-0.025894103568603534,0.44646873594242015,0.43207377417903736,0.964515150072468,0.8135656956434237,-0.002678056221603128,-0.001440359872423032,-0.0015976796552407278,0.006827036145456645,0.03382013796747749,0.060777041857818494,-0.037645633959054195,-0.0583857717854421,5.035749206300482,1.0409563837087554,20,-0.0020365911351197274,0.9412905650884434,0.793036493891242
YEAR,2021,1,5,2% to 3%,1642,1640,0.9987819732034104,0.39390243902439026,0.013665916235140314,0.007800318878152732,0.011437908496731986,0.005581003901685835,0.5170731707317073,0.5121951219512195,1.4133854387696045,1.2186555857361896,0.00034026456517372586,0.004250002708670096,0.009606210904432028,0.033426484684219854,0.045263953794931616,0.0840231409945814,-0.03688411710688746,-0.05346133554453476,6.944456989030866,1.5716618400710887,9,0.012725322807833608,1.3828206369068887,1.1913846937277162
YEAR,2021,1,6,>= 3%,1101,1100,0.9990917347865577,0.44636363636363635,0.014681878008284056,0.008810532005766687,0.013592471861738176,0.007729295167789521,0.5118181818181818,0.5081818181818182,1.399071296589567,1.2235609906172884,0.0013515023236025932,0.005791424720647564,0.0148877409094025,0.054645140396832145,0.05446486259228056,0.10658738189081494,-0.04155099659757735,-0.058825394431749174,6.597023514934583,1.8119280443496308,6,0.013780431871100009,1.3725257914131637,1.1997232090448258
YEAR,2021,2,1,< -1%,1857,1854,0.9983844911147012,0.2313915857605178,-0.0007903980238778166,-0.006571751691349832,-0.009473994589951684,-0.015214787966886998,0.4714131607335491,0.44983818770226536,0.9755934318808991,0.8138339711050422,-0.00273107073549118,-0.005334040871784045,-0.002817146187673147,0.0055748581864201174,0.027365961390126713,0.05231610126371954,-0.036542694754742,-0.054327104444518895,5.012269987920127,0.9629834278605245,9,-0.0016054650033061884,0.9506657699980399,0.7918931445753368
YEAR,2021,2,2,-1% to 0%,3848,3838,0.9974012474012474,0.14382490880667015,-0.001341909517860062,-0.007121042695687425,-0.003451274202097565,-0.009208449547865562,0.46873371547681086,0.4338196977592496,0.9478466286534509,0.7522682967436972,-0.0035550226649843026,-0.003687148400081217,-0.00304400859366377,-0.0012444029240059823,0.019754005241055937,0.038741057224153524,-0.026650468047379472,-0.042937262172989724,4.8055582090358,0.9022712502737102,18,-0.0021551265087623637,0.9166337404991655,0.7254359550869829
YEAR,2021,2,3,0% to 1%,13737,13713,0.9982528936449007,0.15000364617516226,-0.002472187333137952,-0.008244773724770428,-0.00766283524904221,-0.013407738054173135,0.4423539706847517,0.40793407715306645,0.9065903031382684,0.7216956538179847,-0.002909330238622041,-0.002949181806576215,-0.0032558784795636473,-0.006638433724056961,0.020897517841597192,0.03897809193535703,-0.025772850382906456,-0.04494746921001352,4.950233382578146,0.8671921382989319,61,-0.0032725919802437543,0.8768976761988142,0.6961916402389552
YEAR,2021,2,4,1% to 2%,3527,3523,0.9988658916926566,0.2253760999148453,-0.0012592727211960671,-0.007038944842792889,-0.015290519877675823,-0.020982971187142034,0.42634118648878794,0.4033494181095657,0.9590610568613044,0.7926937343628824,-0.003760359011181453,-0.0008063512934323141,-0.0006155826991966161,-0.0031629072585138917,0.029191030762762846,0.051688219012213814,-0.030901544018014267,-0.05246912214893025,4.814078825676542,0.9851169010508716,16,-0.0020818006262412108,0.9326280544715897,0.7696603811030556
YEAR,2021,2,5,2% to 3%,748,747,0.9986631016042781,0.28112449799196787,0.003511387229492708,-0.002295320310778849,-0.020757020757020794,-0.026445835762940594,0.44176706827309237,0.42704149933065594,1.1069555495856391,0.9360730595185491,-0.002576786472566186,0.0025815031489079643,0.0058212347728061236,0.0044897764188995635,0.03958793915093855,0.06624943911322166,-0.033519286227989886,-0.05689207001925926,4.98758892867026,1.1644758063961238,4,0.0025448598935926227,1.0771004100273247,0.9097954381698945
YEAR,2021,2,6,>= 3%,369,368,0.997289972899729,0.28532608695652173,-0.0032390307371928753,-0.009006287423051868,-0.04929946626000764,-0.05478070470914031,0.38315217391304346,0.37228260869565216,0.914097427495018,0.7806973079235792,-0.003918564676706359,0.0006571107432013658,-0.007214080001073113,-0.007278594647395205,0.037941808213346535,0.06475230160764388,-0.041831819972346154,-0.06841070827941538,4.261273220438748,0.9465228943862242,2,-0.0042478582119536675,0.8879545102444276,0.7575985755077436
YEAR,2021,3,1,< -1%,1429,1422,0.9951014695591323,0.21167369901547117,0.0009588615180860417,-0.004834122539915688,-0.00726902173913041,-0.013016168128443934,0.45921237693389594,0.4381153305203938,1.0330990786950067,0.848856789032582,-0.003606710681499155,-0.006355777173500547,-0.0025167144020989884,0.0008875207980281983,0.025000888700601152,0.04989045492186438,-0.03385537603710687,-0.052345233766804285,4.6165472411187904,0.9531040618544978,7,7.900702161342044e-05,1.0027138294412226,0.8223847380511071
YEAR,2021,3,2,-1% to 0%,4525,4509,0.9964640883977901,0.1383898868928809,0.0037417483870535923,-0.002066984956768167,0.0018416206261511192,-0.003964915406496649,0.5085384785983589,0.45886005766245286,1.1855260839103068,0.9102091505748277,-0.0019839993710327694,-0.0007865122115518694,0.0009019562057383866,0.00371422329897884,0.019630566048536285,0.03801775376621071,-0.020432774475582095,-0.03323751606186706,5.151979030020258,1.1438205458989743,23,0.002870651652277076,1.1416086968879888,0.8732373433985462
YEAR,2021,3,3,0% to 1%,15501,15450,0.9967098896845364,0.1486084142394822,0.0033105528551301317,-0.002495783155358792,-0.0012150829740741886,-0.00701213728723267,0.4803883495145631,0.4368284789644013,1.1558863937188886,0.8969561099165874,-0.001732959487983869,-1.1837845833789123e-05,0.0009758010546611966,0.0015060124609709527,0.021546978741980454,0.03976660895715371,-0.020459274515853488,-0.035151719446685784,5.136118837932101,1.131284886859298,75,0.0024717668467518867,1.1158248716583123,0.8631924173055483
YEAR,2021,3,4,1% to 2%,3322,3308,0.9957856712823601,0.23035066505441354,0.00040027173916450137,-0.005387906315747765,-0.018379577621568777,-0.02406922629974728,0.4280532043530834,0.40991535671100365,1.0133142168891291,0.8379098897929567,-0.003927956420991063,-0.002232756116839561,-0.002049594172657472,-0.000889169508403276,0.028325118722659526,0.052911015729306655,-0.03098957611985102,-0.05152472399394881,4.8658634979232085,1.0269053694595367,15,-0.0004266735171787024,0.985871937195815,0.8140235285186642
YEAR,2021,3,5,2% to 3%,658,658,1.0,0.303951367781155,0.005868172260737676,4.819204140546797e-05,-0.018187163978494514,-0.023874455118158,0.4452887537993921,0.4316109422492401,1.181653337876996,1.0013630292448095,-0.0028159140655079256,0.0012161458243314057,0.003876994713532074,0.00629074779019895,0.04051650451935508,0.07180870943046665,-0.03458373325839575,-0.05916341873882798,5.733374769918153,1.2137349558425665,3,0.005060358074281016,1.1559326945236466,0.9787443410423002
YEAR,2021,3,6,>= 3%,374,374,1.0,0.27540106951871657,-0.001436605797662811,-0.007213620940703735,-0.0501979871308364,-0.055676838391780184,0.3850267379679144,0.3770053475935829,0.9606788796451176,0.8191902226867281,-0.0056545785518303405,-0.003733589988992364,-0.0036895137663924974,-0.00014778739963541086,0.038772270668479804,0.06876437435832461,-0.044266294131292495,-0.06527751211971551,5.466617605308852,1.0534159793377906,2,-0.002418164574652203,0.9341667249184028,0.795825711345001
YEAR,2021,4,1,< -1%,1945,1938,0.996401028277635,0.24251805985552116,0.003221874162436468,-0.0025828962487724192,-0.00928828181164626,-0.015030918065635295,0.45975232198142413,0.43498452012383904,1.1093596577451945,0.9204381582783993,-0.0013733923475401668,-0.004514699203094804,-0.0018993815304828134,0.0023295484886819606,0.029327167660191115,0.055393577052047865,-0.033671628931200286,-0.052186679119525736,5.2664749220218114,1.0614505078044383,9,0.002372193804661202,1.0801451397631658,0.8949060609125036
YEAR,2021,4,2,-1% to 0%,4059,4038,0.9948263118994827,0.1929172857850421,0.004471130935544104,-0.0013419447501514562,-0.0029988310403740726,-0.008780225891018173,0.47374938088162455,0.44551758296186234,1.1835905945321075,0.9508911511376803,-0.001366535156333385,-0.0003000666086252131,0.002143325665401649,0.0037085358408699993,0.025835522864042764,0.04844718351973109,-0.02462817719475783,-0.04053508498087065,5.659822496384833,1.1951913642858853,20,0.0036054353270579737,1.1473107252211727,0.9197933459013931
YEAR,2021,4,3,0% to 1%,13923,13867,0.9959778783308195,0.20040383644623927,0.004230040282395843,-0.0015812929259326567,-0.0042075736325385416,-0.009965059486799436,0.46866661859089925,0.43823465782072546,1.170531093332799,0.9431371623396465,-0.0023538753561391664,-0.00014309127651237778,0.0016533780797494835,0.003906959826139416,0.02636677789780061,0.04938024771948208,-0.025105617897933412,-0.041441035243346434,5.473190746895636,1.191578526682929,65,0.0034163003140239437,1.137080166013743,0.914446938100299
YEAR,2021,4,4,1% to 2%,4502,4486,0.9964460239893381,0.2534551939366919,0.0022669034149228233,-0.0035326659231862813,-0.015287072445294203,-0.02098521418336985,0.4337940258582256,0.4135086937137762,1.0755286000688036,0.8934872232369493,-0.00437479065599996,-0.0009492189077393249,0.00066582044197396,0.0035501940389037687,0.0318710786459357,0.058755262481503825,-0.032197422143764136,-0.05179082230835205,5.174011593650544,1.1344724772216765,20,0.0014619157396127496,1.0484908960932575,0.8699385066539854
YEAR,2021,4,5,2% to 3%,1134,1130,0.9964726631393298,0.2743362831858407,-0.0026580690279266084,-0.00842899287348871,-0.048783712321523065,-0.05426381467048427,0.3823008849557522,0.36991150442477877,0.927014230835757,0.7882914931497653,-0.003305902101810666,-0.000595663183214425,0.0016741475759074168,0.002825236985290959,0.03957810164244854,0.06931647737752893,-0.03809668520985935,-0.06189064373368107,4.780156082493639,1.1199831379327971,5,-0.0034841583270296284,0.904754625200845,0.7686898874065442
YEAR,2021,4,6,>= 3%,620,619,0.9983870967741936,0.26978998384491115,-0.006763400297355463,-0.012511371812723064,-0.05142857142857138,-0.056902255719292846,0.37318255250403876,0.3602584814216478,0.8333405201725276,0.7157119640840416,-0.008174264199756101,-0.00464106195268233,0.0024367060677384796,0.008447441041949041,0.04699870088813784,0.08480039919456535,-0.04963845334532404,-0.07406419508109156,4.726299469252428,1.144958088071016,3,-0.007663260860244873,0.8120819045468619,0.6968606101704666
YEAR,2021,5,1,< -1%,3625,3612,0.9964137931034482,0.30841638981173863,0.000626490823684653,-0.005163562240402412,-0.050239783391845094,-0.05572688823828169,0.4219269102990033,0.4122369878183832,1.0165889297449258,0.8738019092389733,-0.0014396719833044212,-0.004152529613380006,-0.0007018875903584275,0.005928199480096257,0.04369491443624917,0.08079806804821894,-0.04607359485931958,-0.0707489063381552,5.111336405618971,1.1420398170119017,16,-0.00018473092405791377,0.995130154335107,0.8547360765895061
YEAR,2021,5,2,-1% to 0%,3801,3784,0.9955274927650618,0.28039112050739956,0.0006447229477616459,-0.005145429069264828,-0.02944639593258419,-0.03507366118158088,0.4223044397463002,0.41014799154334036,1.018485653169551,0.8647596158086659,-0.005989693314648223,-0.003903013701394327,-0.000586165058474163,0.004927121704647176,0.03530840142913949,0.06978186066568441,-0.040513378039906504,-0.06250902523845332,5.1483775341658395,1.116348565658917,16,-0.0001296443592995611,0.9962985229224427,0.8451813012317131
YEAR,2021,5,3,0% to 1%,10341,10300,0.9960351996905522,0.2745631067961165,-0.00013289891785655893,-0.005918672555223885,-0.027027027027026973,-0.03266253068634922,0.4180582524271845,0.403495145631068,0.9961262019956105,0.842222573842486,-0.005295354505130983,-0.0027720570853107867,-0.0005256612245022464,0.004038159026378711,0.035941353344202585,0.06881113973669936,-0.039454672851036085,-0.06159986338995202,5.197687999643247,1.117066434077898,44,-0.0009041005482579558,0.9737594431774617,0.8225441444633177
YEAR,2021,5,4,1% to 2%,5297,5279,0.9966018501038324,0.28774389088842584,-0.002709765205083094,-0.00848065181522376,-0.050602409638554224,-0.05607771620981498,0.39552945633642733,0.38681568478878575,0.9280648466808928,0.7930113047473093,-0.006526020479837173,-0.0026788901395024696,0.00014382810369753066,0.0058690100761701995,0.039689431864121105,0.07578820009294683,-0.04307122440768376,-0.06679986811567534,5.315785269548686,1.1345561335795853,21,-0.0034608342959594474,0.9084919633774421,0.775680991775008
YEAR,2021,5,5,2% to 3%,2433,2428,0.9979449239621866,0.2985996705107084,-0.0047446495344389324,-0.010503230843976526,-0.05291742199820193,-0.05838783272755198,0.37355848434925865,0.3673805601317957,0.8877152885185281,0.7699152910093138,-0.005994667785683897,-0.002070086174387407,-0.0011481900149070189,0.0028813958022848754,0.04651500274431458,0.08367765834825287,-0.04952800057805543,-0.07716738726870936,4.3673471546639755,1.0843655760544761,10,-0.0055240304167542865,0.8698092394208364,0.7539576388556408
YEAR,2021,5,6,>= 3%,2719,2709,0.9963221772710555,0.34108527131782945,-0.005330388646253903,-0.01108633109269894,-0.05555555555555547,-0.06101702323673496,0.37467700258397935,0.37172388335179035,0.8873046927414227,0.7811225015737373,-0.01184917022175338,0.0023869097782320695,0.0042179843896013305,0.0064606197254098345,0.05977068278352157,0.1020147737125018,-0.06014226043925442,-0.08917953337059271,5.0400982517663415,1.1439258522308164,11,-0.006101172200098639,0.8715325274952275,0.7669425320319551
YEAR,2022,1,1,< -1%,4686,4672,0.9970123772940674,0.2579195205479452,-0.003706433371259611,-0.009471467828005075,-0.03168329255285779,-0.03731222351489595,0.4278681506849315,0.4143835616438356,0.8959348662039504,0.7556048100624478,0.0020603736893867186,-0.0008035092374401606,0.0019867076085572227,-0.0007460612336509562,0.034180479153952815,0.05566845642079022,-0.03310471673559419,-0.05595937954021453,4.071929750878521,0.9948011732471901,20,-0.004479617239361921,0.8747646803006854,0.7369006199062905
YEAR,2022,1,2,-1% to 0%,4214,4190,0.9943046986236355,0.16825775656324582,-0.011872050189322489,-0.017589656191013017,-0.03472895263940051,-0.040348616667175624,0.38663484486873506,0.36754176610978523,0.6689653749803145,0.5518451858093427,-0.007176563470863244,-0.008746392111401144,-0.007591562102661904,-0.007878177199949394,0.022345346699603166,0.03983038039535986,-0.039600929174655394,-0.057224956623363556,3.4197636780812943,0.6960316397880516,17,-0.012624640633890545,0.6494087408520908,0.5346771646464582
YEAR,2022,1,3,0% to 1%,9318,9273,0.9951706374758532,0.15496603041087026,-0.011692962899179636,-0.017411914625342036,-0.03153611393692768,-0.03716088135134279,0.3960961932492182,0.3733419605305726,0.6668202518640977,0.5470105543094653,-0.0054931546818018945,-0.006197819127807436,-0.007209994163124371,-0.009169003378361561,0.02188354269889777,0.039312389136042535,-0.03552650978018547,-0.05609943128142318,3.7164208753612513,0.7007627036151519,37,-0.01242940204334361,0.6472492674511612,0.5298460956466382
YEAR,2022,1,4,1% to 2%,4753,4731,0.9953713444140543,0.1876981610653139,-0.011136713417972736,-0.016858991150439612,-0.040322580645161255,-0.045865412029265196,0.3906150919467343,0.3749735785246248,0.6988699944059273,0.582041290028293,-0.0032265872796807477,-0.0035429613648924217,-0.007879537704389265,-0.010193851607586348,0.025883315309319987,0.0442504770447178,-0.036612159961544766,-0.060840238172697604,4.062493415468079,0.727322547934657,19,-0.011898778706551583,0.6795563208076637,0.565011697777356
YEAR,2022,1,5,2% to 3%,1991,1982,0.9954796584630838,0.21644803229061554,-0.009210565274795844,-0.01494429780265987,-0.05070015667841754,-0.05618007022369596,0.40060544904137235,0.38799192734611504,0.758873683898482,0.6396448281814129,-0.002967201255275892,-0.0015264746589371515,-0.00698174841336926,-0.004764852340167578,0.030115912576378565,0.051851627137276736,-0.038867310315254894,-0.06412530749699834,3.6953317433578916,0.808598495059129,8,-0.009976357519503083,0.7398799499012554,0.6228146684474661
YEAR,2022,1,6,>= 3%,1233,1226,0.9943227899432279,0.30179445350734097,-0.0006253237150390325,-0.006408261725998371,-0.03801628599304524,-0.043555839444504474,0.4437194127243067,0.433115823817292,0.9830224659233127,0.8392193523920815,-0.004113001765794829,0.005471234020789818,0.0017794841637226574,0.005787358542480034,0.03757208337080093,0.0639417998046359,-0.036343899508789586,-0.06267011255548059,4.282822088343363,1.0202917658402082,6,-0.0014703949928262733,0.9602741601828055,0.8190303120309227
YEAR,2022,2,1,< -1%,3236,3227,0.9972187886279357,0.17601487449643632,-0.010490754758122424,-0.01621649191940974,-0.03463203463203468,-0.04024589059196334,0.3944840409048652,0.37496126433219706,0.7039511413209786,0.5817924100786432,-0.0008514265144345007,-0.006757708516859238,-0.0077670124246434985,-0.008950072157119515,0.023712340491144825,0.040982421452031556,-0.03505838075248381,-0.05431076901585854,4.088174134872097,0.754591072721965,13,-0.011227410898045707,0.6844391039160569,0.5646653370400612
YEAR,2022,2,2,-1% to 0%,4950,4943,0.9985858585858586,0.12016993728504957,-0.009809270808293635,-0.015539733144607656,-0.017026106696935273,-0.022716330342418885,0.3979364758243981,0.3673882257738216,0.6747434376952306,0.5366983412885158,-0.003091620105459575,-0.007637228958165256,-0.008419276216610625,-0.009545017366720407,0.017420149436063792,0.03270209281342622,-0.031348422944016366,-0.04786055589450136,3.4762583398377767,0.6832785830049943,20,-0.010541969243803006,0.6518628952268398,0.5169428118740743
YEAR,2022,2,3,0% to 1%,10115,10094,0.9979238754325259,0.11967505448781454,-0.00931607955169936,-0.015049022690979345,-0.015228078607959494,-0.020921729764759797,0.4034079651277987,0.3693283138498118,0.6849664327857321,0.5430619948582097,-0.00267080441813297,-0.004882407799609627,-0.006624785943637861,-0.010870507197889085,0.018330764887639614,0.032384073742509525,-0.02825422677103577,-0.04709291791768865,3.579730972107288,0.6876633509758733,41,-0.01004142480536717,0.6618173172183699,0.5231110722412019
YEAR,2022,2,4,1% to 2%,3117,3103,0.9955085017645172,0.16210119239445697,-0.009595432029528546,-0.015326292880940234,-0.024163568773234112,-0.02983511714951407,0.39284563325813726,0.3699645504350628,0.7108096552790846,0.5807541477211645,-0.0030964191199058396,-0.004075685852133555,-0.008859088108085425,-0.012805434326435708,0.022636136377428954,0.038346436007229666,-0.033463599527513994,-0.055054104383014876,3.6855386182729277,0.6965227467956084,13,-0.010378740775275369,0.6885124991261649,0.5612969592448568
YEAR,2022,2,5,2% to 3%,919,918,0.998911860718172,0.19716775599128541,-0.008304864099319468,-0.014043585285004871,-0.03113196790239592,-0.03675633292820155,0.3867102396514161,0.37254901960784315,0.7650799570171829,0.6374052523811189,-0.0020925141430991425,0.001290336589891395,-0.0086821587343568,-0.008184364198074901,0.028211355738962874,0.04606100462865891,-0.03451742979549981,-0.05745159384888681,3.561819316514385,0.8017358882994923,4,-0.009143383690305332,0.7424876863356988,0.6175530054629029
YEAR,2022,2,6,>= 3%,326,326,1.0,0.23006134969325154,-0.006473027526773664,-0.012223377122143716,-0.03695509668961,-0.042545728518567,0.3987730061349693,0.3895705521472393,0.8248550317981259,0.696197642612109,-0.0024581974625866735,0.009436408996114316,0.001428436544197881,0.0002855293803390007,0.03802576987284288,0.0576059044745695,-0.03289816652642538,-0.05719195719986438,3.9144864856115724,1.007237858170486,2,-0.007568241283529879,0.7964774241929643,0.6711630545224135
YEAR,2022,3,1,< -1%,2726,2722,0.9985326485693323,0.14915503306392358,-0.010789404249722061,-0.016513678858276797,-0.02596420983820885,-0.03160077832782354,0.3828067597354886,0.35819250551065396,0.6747658884797695,0.5489384854698978,-6.043872728291133e-05,-0.005962184617517492,-0.0066127319795654775,-0.012939161994348044,0.02222886754121374,0.037245437330421294,-0.03129514907550496,-0.05298850483811851,3.4654324247134776,0.7028965516994155,11,-0.011559556115909357,0.6529586864425698,0.5299313053360375
YEAR,2022,3,2,-1% to 0%,4992,4979,0.9973958333333334,0.09821249246836714,-0.010108863367997016,-0.015837775282314392,-0.014705882352941124,-0.020405743533390943,0.3868246635870657,0.3466559550110464,0.6303706116371665,0.48637111392896976,-0.0014168463272285624,-0.00477990612270878,-0.006561475897892432,-0.01110969406649001,0.01680216695190155,0.029394810552037656,-0.02572690249331031,-0.04179817019334906,3.708691162389592,0.7032559180476988,20,-0.010781045748463631,0.6073758239846948,0.46684914998216165
YEAR,2022,3,3,0% to 1%,9253,9218,0.9962174429914622,0.10956823605988283,-0.008375357609787347,-0.014113812879514317,-0.013449146474733387,-0.01918133627482349,0.4005207203297895,0.36515513126491644,0.6931609251843197,0.5400884412093842,-0.0016607908781350535,-0.003539652255489596,-0.0056005771431672634,-0.01147523334907116,0.01807814964409725,0.03063496936213117,-0.02496873701947911,-0.04318936335154985,3.6137228337211975,0.7093174565406469,37,-0.00910133352126634,0.6679024909148208,0.5185095559804679
YEAR,2022,3,4,1% to 2%,2291,2282,0.9960715844609341,0.1586327782646801,-0.010887510831507248,-0.0166106089859254,-0.030172160634314604,-0.03579733555662519,0.36853637160385627,0.34574934268185803,0.6737768423269334,0.5497057192153199,-0.0030142773943702197,-0.004883400770250934,-0.00816881308315003,-0.01589448994880435,0.02317318064008739,0.038056903825886314,-0.03290793740879203,-0.05452523659366151,3.825960025472008,0.6979686142308346,9,-0.011635691006168408,0.6527340817040398,0.5313953401794147
YEAR,2022,3,5,2% to 3%,567,567,1.0,0.1657848324514991,-0.014074150740898551,-0.01977908577126477,-0.050480769230769273,-0.05595768106850329,0.36331569664902996,0.3527336860670194,0.6283121999981727,0.5216957778873467,-0.005546655448680781,-0.004777404684542145,-0.013269176432783277,-0.015779056844111253,0.02456526108954107,0.040709133565280886,-0.03876398520785007,-0.06171333080799939,3.0101893883424617,0.6596489450866602,3,-0.015062468639365159,0.6043161643654494,0.5005906757122379
YEAR,2022,3,6,>= 3%,233,233,1.0,0.2575107296137339,-0.004840608645335211,-0.010599660243886231,-0.05064935064935072,-0.0561257388868054,0.37339055793991416,0.3648068669527897,0.8697126155171504,0.738829220662739,-0.006135676289594533,0.0035549365804281503,-0.004824909267501721,0.002686736141683136,0.03366061484015396,0.0544932093114768,-0.040603883552997634,-0.05948304953909056,3.173538057083241,0.9161132412295947,1,-0.005648579784548613,0.8486181790911941,0.7202414939769785
YEAR,2022,4,1,< -1%,2774,2764,0.996395097332372,0.16570188133140376,-0.011557456370836676,-0.01727742748908509,-0.036102820833734506,-0.04171218327733615,0.374095513748191,0.3581765557163531,0.6726700421000817,0.5542793858197338,0.0022351716978371468,-0.0038184532372907065,-0.0057554266655158596,-0.013833283940862062,0.027035749652322028,0.043421168262091116,-0.032400335828235434,-0.05671332381965686,3.561864999495836,0.7656255239098034,11,-0.012296263098183371,0.6531315403957959,0.5371791884985265
YEAR,2022,4,2,-1% to 0%,4537,4521,0.9964734405995151,0.12718425127184252,-0.00987584136538595,-0.015605285414755525,-0.019011406844106515,-0.02470320999899961,0.38398584383985845,0.35213448352134485,0.6693127617114616,0.5318263502712781,-0.0007727458167698372,-0.003912637393013441,-0.005171314777458605,-0.012764257357552693,0.020932205654145192,0.03470615065840124,-0.027205072133408177,-0.04628959909446884,3.7237414006656664,0.7497613143629125,18,-0.010603974159968534,0.6463453029092212,0.5120590620742888
YEAR,2022,4,3,0% to 1%,8512,8461,0.9940084586466166,0.13249024937950596,-0.009570081337362844,-0.015301206305841157,-0.01963746223564955,-0.02533213835371079,0.38435173147382107,0.3535043139108852,0.6833740515968799,0.5457628205795434,-0.0021540048091008156,-0.004122901497340246,-0.006410558560645928,-0.013025142044816371,0.019924043128160627,0.03517147041912591,-0.027947300371253536,-0.04800478328064932,3.722428220536319,0.7326659556716194,33,-0.010286078215024986,0.6610126210712557,0.5264847059815987
YEAR,2022,4,4,1% to 2%,2753,2749,0.998547039593171,0.16987995634776282,-0.013437226636725702,-0.019145793959245483,-0.048458149779735615,-0.053938477030766124,0.3572208075663878,0.33321207711895234,0.6292905218635055,0.5191113633922158,-0.004776990857246944,-0.007492406793705202,-0.011856374652918578,-0.018556460627811716,0.021342079958035852,0.038979957983119054,-0.03681679289624414,-0.06007197944790501,3.399892167413032,0.648887523623603,10,-0.014146786556691722,0.6111347445461799,0.5032058723814945
YEAR,2022,4,5,2% to 3%,713,712,0.9985974754558204,0.20926966292134833,-0.009659343289295382,-0.015389786935508068,-0.041053842127755535,-0.04658814814805114,0.3707865168539326,0.351123595505618,0.7444260069174181,0.6270480910719594,-0.005530832946386076,-0.00112095222847106,-0.007956170731532505,-0.012917764672605508,0.02972506037557596,0.04674265100641843,-0.038192254896024035,-0.06201588558331791,3.115533578398302,0.7537206083047868,3,-0.010478893103100637,0.7239099794679085,0.608955652409799
YEAR,2022,4,6,>= 3%,336,333,0.9910714285714286,0.24324324324324326,-0.006265515500853768,-0.012015024232981359,-0.04150943396226414,-0.047042037793446595,0.38738738738738737,0.36036036036036034,0.8277711569368433,0.6979802620666676,-0.007747995363955689,0.0031712787400223893,-0.0030967537413917655,-0.0026747562929301345,0.0334127872289681,0.05310588962054057,-0.03815876769731049,-0.05951413668422736,3.4811608452555376,0.892323951573255,2,-0.007419882632519213,0.7972644678160427,0.6711189006542504
YEAR,2022,5,1,< -1%,2803,2785,0.9935783089546913,0.2438061041292639,-0.007121333212159663,-0.012866402521870835,-0.05092592592592593,-0.05640607644403567,0.3798922800718133,0.3651705565529623,0.8127468944550307,0.6894823511379998,0.0024420859534862844,-0.0032679275665207772,-0.00345231779149215,-0.010426916843169586,0.03590633707818141,0.05880216567724288,-0.03861135165195908,-0.06559057007189284,3.8227280328630893,0.8965033481610346,11,-0.007864431500324285,0.7940241455164253,0.6729494386510388
YEAR,2022,5,2,-1% to 0%,3006,2992,0.9953426480372588,0.19017379679144386,-0.010700299885355789,-0.01642502349380903,-0.04104996695332086,-0.04658232344396436,0.3716577540106952,0.35561497326203206,0.7053022869638774,0.5870352702675083,-0.001890997340132783,-0.004871994702473447,-0.006595005988101302,-0.013614937655426698,0.02771868302595909,0.047185833742291836,-0.03645397503375604,-0.05990745036310405,3.819769656522454,0.7876455007898778,12,-0.011446326053009817,0.6860202756024516,0.5701179285667285
YEAR,2022,5,3,0% to 1%,5810,5775,0.9939759036144579,0.19047619047619047,-0.010867942020551455,-0.016591605903282975,-0.03947368421052633,-0.04500899567848134,0.37316017316017314,0.3567099567099567,0.7015233234708143,0.5838202359949413,-0.004880637539111175,-0.008757307578573771,-0.009870952985559926,-0.014550895780978004,0.023866973913322893,0.04421488311703562,-0.038777090859479155,-0.06142119127773187,3.6405954758108368,0.7198636528735911,22,-0.011590159513230796,0.6829009900740424,0.5674629944202283
YEAR,2022,5,4,1% to 2%,2463,2452,0.9955339017458384,0.21451876019575855,-0.014186744540986063,-0.01989058892698841,-0.05201143954178361,-0.05748688736323303,0.34461663947797716,0.333605220228385,0.6503945826649111,0.5496051581426278,-0.007215508350602867,-0.008479666819292237,-0.01226303554862265,-0.01464528570175184,0.02580185812014585,0.049502106499195876,-0.043687005061606436,-0.06867472316235047,3.4889739359893754,0.7208198915075409,9,-0.014923757103739388,0.6335821870526561,0.5347266540671715
YEAR,2022,5,5,2% to 3%,871,870,0.9988518943742825,0.20919540229885059,-0.017224517563696137,-0.022910960612604527,-0.05371989159064017,-0.05919967822679725,0.3080459770114943,0.2942528735632184,0.6123149970532141,0.5247251262809239,-0.009369318239121571,-0.014709820174205319,-0.014990960470363444,-0.021306552257444412,0.027827932640118146,0.051972246793134225,-0.0505602609256649,-0.07781854258394978,3.225247899572976,0.6678645611624908,3,-0.017922481750262047,0.597996414857454,0.5120174752015897
YEAR,2022,5,6,>= 3%,810,810,1.0,0.2679012345679012,-0.012188051241325024,-0.017903834351455063,-0.05495660251990753,-0.06042520235924361,0.35432098765432096,0.34814814814814815,0.7332839999468967,0.635949340121295,-0.014616471073878673,-0.009788791065091814,-0.010406438716329285,-0.014022606230135905,0.036216213819987624,0.0613844566369458,-0.0580138601710415,-0.08361085477034215,4.3793040380990895,0.7341685096457076,3,-0.012911317230266886,0.7185029385107036,0.6227298766692905
YEAR,2023,1,1,< -1%,1320,1316,0.996969696969697,0.25,0.01031930224482409,0.004472598222268939,0.0052591317651558,-0.0005532104414594961,0.5197568389057751,0.49544072948328266,1.4323541271613462,1.168419169829474,0.003281378690432462,0.0052096761214933856,0.009388041601294271,0.01593564015645396,0.035324562831576395,0.05869008194621073,-0.02198673869919255,-0.03579459512791622,5.105335931140686,1.6396353062934441,7,0.009473519992746142,1.3948066048022412,1.136028954739914
YEAR,2023,1,2,-1% to 0%,3072,3062,0.9967447916666666,0.178314826910516,0.006908014915714641,0.0010806863794662652,0.001910235358511092,-0.0038933421074403415,0.503592423252776,0.4719137818419334,1.327542592018711,1.0451945236534472,0.00039932596392286635,0.002829113022559117,0.005031483205436145,0.008825497110337435,0.026494555899548855,0.044823518741654446,-0.019789536165331977,-0.032643150693018215,4.801581012598167,1.373137022316948,16,0.006061432016667133,1.2859002045796908,1.0099449917020262
YEAR,2023,1,3,0% to 1%,9078,9073,0.999449217889403,0.16433373746280172,0.001064521761483643,-0.0047285482686648655,-0.005813953488371992,-0.011563338536398723,0.45277196076270254,0.4194863881847239,1.0440672746638135,0.8265620865055032,-0.0029691547314665465,-0.0011558527678370558,0.001196351145777769,0.004520027426478538,0.02253397519462914,0.04161009259946485,-0.023532658948321076,-0.03699707405836849,4.697257873477462,1.124686036896286,42,0.0002848638876824721,1.0117377262598835,0.7990653519103268
YEAR,2023,1,4,1% to 2%,2571,2571,1.0,0.19525476468300274,0.0007994698384859461,-0.004991832495073894,-0.0111287758346581,-0.01686818284539227,0.43912874367950216,0.4130688448074679,1.0293267027244144,0.83587609985575,-0.004059284185607905,0.00012022222484165766,0.0029306395967558132,0.006262103295439092,0.02619686387734521,0.04838989880022799,-0.02604995348260504,-0.04187196338174557,4.7266468062767,1.1556634772307803,12,-3.0304816557780613e-05,0.9988935264879085,0.8096444606341456
YEAR,2023,1,5,2% to 3%,502,501,0.99800796812749,0.25149700598802394,0.0031725879048330173,-0.0026319063314240556,-0.019323671497584516,-0.025013678325088128,0.4351297405189621,0.42115768463073855,1.1052542721086567,0.9209313601304135,-0.0022930455167959325,0.0021256436027542445,0.006021316033902757,0.008925036037195263,0.03416314060782765,0.05820695268096734,-0.028551362823490793,-0.04452160306791129,4.559621715319376,1.307386721726552,3,0.00209750414606914,1.069170435952173,0.8894864270558118
YEAR,2023,1,6,>= 3%,258,258,1.0,0.25193798449612403,-0.006319566467375775,-0.012067551937447173,-0.050000000000000044,-0.05548428950749551,0.3643410852713178,0.36046511627906974,0.831333048997971,0.7051528034746556,-0.006324435002673672,-0.0008692434303936989,-0.000760552195696741,-0.00838257820777783,0.03479058762956186,0.05315776614640284,-0.03704966391836121,-0.0585902630449248,4.25341607149636,0.9072798684252958,1,-0.007016907956593899,0.8134471426257859,0.6894211753456448
YEAR,2023,2,1,< -1%,1292,1291,0.9992260061919505,0.19829589465530598,0.007739810672573609,0.0019082552066170895,0.0023696682464453556,-0.003432713319660883,0.5027110766847405,0.4810224632068164,1.3342239120366235,1.0735506431043984,-0.00043578779759522086,0.00043593623520670746,0.004623376085258257,0.013971432352220849,0.02698610769229944,0.05033608234110512,-0.023592228037181844,-0.034425141037365194,5.389975128495782,1.4621895749525071,7,0.006857680201924965,1.2945256959990032,1.0395324971560969
YEAR,2023,2,2,-1% to 0%,4460,4455,0.9988789237668162,0.14725028058361392,0.00585782883602446,3.7211767868722085e-05,0.0030769230769231992,-0.002726773600729109,0.5156004489337823,0.4772166105499439,1.2946204116394757,1.0016420504133685,-0.0012846150025980062,0.0005661321260886594,0.002747478160165959,0.00828327235402543,0.021822675315152043,0.04042969488839706,-0.01978343280674907,-0.030770993510240346,5.370940069771904,1.313889812330641,23,0.004972478646092115,1.248800428789752,0.9629923173068592
YEAR,2023,2,3,0% to 1%,15225,15211,0.999080459770115,0.14114785352705278,0.003636003592747883,-0.002172227775930492,0.0,-0.005802921210286971,0.4868844914864243,0.4490171586351982,1.1725249584928013,0.9095279169322504,-0.002067859687571799,7.598999202821617e-05,0.0017737319964714162,0.004974113119627596,0.02107566945778901,0.038880206728951774,-0.02020761680651882,-0.0326430327195035,4.968650742080917,1.1910721366805388,75,0.002782501811258346,1.1313761214739935,0.8748059543656883
YEAR,2023,2,4,1% to 2%,2927,2926,0.9996583532627263,0.20437457279562543,0.004852632906370891,-0.0009622317071079663,-0.0042600876516436514,-0.01002179168112283,0.475393028024607,0.4439507860560492,1.192929461376431,0.9657712288105561,-0.00267287149319872,0.0009859717403806541,0.003595036328979633,0.008593358867168959,0.026486175020746502,0.049433348007359386,-0.024121826308763358,-0.03867632861198081,5.118497941766499,1.2781292791075924,14,0.00400397644202053,1.1584271739878529,0.9360646424775149
YEAR,2023,2,5,2% to 3%,450,450,1.0,0.2777777777777778,0.006537414843182612,0.0007130171608402098,-0.013514746123441834,-0.019231168216279525,0.44666666666666666,0.4222222222222222,1.2264041693665824,1.0223134400355582,-0.0009003563826804063,0.004755983881357109,0.005977050252415433,0.006075345833474635,0.03440157435034163,0.05731439844378177,-0.027120512175310568,-0.04454405392671907,4.9643744446609865,1.2866902176903707,3,0.005373039852401985,1.1848389304096796,0.9861793792785366
YEAR,2023,2,6,>= 3%,197,197,1.0,0.2893401015228426,0.003846012060968948,-0.001963439764036828,-0.025581395348837188,-0.03121832607657046,0.4517766497461929,0.4467005076142132,1.115603377138662,0.9458349320898453,-0.0034318881326876583,-0.0005803542670987842,0.0009843615055519837,0.008078205957501278,0.035441575429320984,0.05932404278819632,-0.03735827020134087,-0.05240170531559039,6.8206752564300075,1.1321013778257025,1,0.0030095874546507847,1.0900029392633996,0.9232868604676749
YEAR,2023,3,1,< -1%,1200,1199,0.9991666666666666,0.18682235195996663,0.006072049179489044,0.0002495709177070745,0.0,-0.005802539802835368,0.48957464553794827,0.4578815679733111,1.2621102361963534,1.0095774404796571,-0.0021942187172905607,-0.0013995607779738635,0.001156353358593274,0.007640667239823473,0.023608651160929476,0.04512976985625789,-0.02486794394819618,-0.036895069698954945,5.435669732188861,1.2231924271859065,6,0.005206472736281253,1.2236215021748194,0.9766698551227235
YEAR,2023,3,2,-1% to 0%,5357,5347,0.9981332835542281,0.11464372545352534,0.004777364646856485,-0.0010377901693942955,0.0029069767441860517,-0.0029010079703894955,0.5148681503646905,0.47073125116887976,1.2680041987140247,0.9496979291565274,-0.0012297622717355097,-0.000464992484548455,0.001118800942371897,0.006291118633733656,0.018186491455021988,0.03504569737928267,-0.017766457889362285,-0.028050288164189967,4.769487304918618,1.2493881408328382,28,0.003911087390963765,1.2182581817758649,0.9084339228493692
YEAR,2023,3,3,0% to 1%,17634,17611,0.9986957014857661,0.13003236613480212,0.003680404608184095,-0.00212843845981201,0.0,-0.005801014937373094,0.48583271818749646,0.4386463006075748,1.1888616532990932,0.9052226316687334,-0.0015293369231228465,0.00021016549706349784,0.0016520406136153077,0.004007921490248717,0.01991712227246098,0.036058547500815344,-0.01845684362875202,-0.0301246914787084,4.802024285924261,1.1969764910721454,86,0.002853394952891803,1.1457082424356266,0.8692510007635245
YEAR,2023,3,4,1% to 2%,2953,2950,0.9989840839823908,0.20610169491525424,0.0025097125173528757,-0.003291561569404387,-0.00826226255381507,-0.014012347036743072,0.4471186440677966,0.42338983050847456,1.097031571900492,0.8863709814400944,-0.002193424985924158,0.00024073859152901007,0.00253467312336362,0.0038656389644103023,0.02726895275840147,0.048029490913687155,-0.025113202289326828,-0.04065065815336637,5.034928954341047,1.1815181622024915,14,0.001677903650100966,1.0645639576970032,0.8584968014542056
YEAR,2023,3,5,2% to 3%,490,488,0.9959183673469387,0.26229508196721313,0.007508651341410948,0.0016783878006593246,-0.010087591947348096,-0.015827360136350305,0.4569672131147541,0.4344262295081967,1.2709030886828263,1.0545858585899421,0.0003313765216479132,0.003765750651959604,0.0037049229920690673,0.007997692711603667,0.036637939935091526,0.0590472403590515,-0.02852216454568322,-0.04452894500530875,5.160641933628142,1.32604175445908,3,0.0064200428775329004,1.2302034686475172,1.019264597202267
YEAR,2023,3,6,>= 3%,217,217,1.0,0.29493087557603687,0.011174173581835029,0.005322230263131551,-0.009297520661157077,-0.015060565136609524,0.45161290322580644,0.45161290322580644,1.3997606781612606,1.171888145762614,-0.0014244988010016877,0.01547150742562829,0.01093576272593659,0.01268131525159622,0.04595944036878532,0.06880643068320075,-0.02694226166716231,-0.04356772890812108,3.4055597972233667,1.5792980815755844,1,0.010367015302163197,1.3691751130665804,1.1452950972951075
YEAR,2023,4,1,< -1%,1574,1573,0.9993646759847522,0.2129688493324857,0.005016441383736747,-0.0007996633904702844,-0.002773925104022079,-0.008535740819852339,0.4780673871582963,0.44755244755244755,1.1982409198184916,0.9716824163096541,-0.00048531312171903824,-0.000930444980244593,0.0018046783361486852,0.008851147362308949,0.02853439001687792,0.054416487515142824,-0.027440072733711424,-0.04123830416964034,5.182766170199373,1.3195617184278947,8,0.0041433714430142285,1.1629059886599484,0.9412449935827892
YEAR,2023,4,2,-1% to 0%,4868,4858,0.9979457682826622,0.16899958830794565,0.006120228567315714,0.00029755017668282234,0.0,-0.005795687520679085,0.4977356937011116,0.4637710992177851,1.2931061143281597,1.0125324682703374,-0.0005865357966077472,0.0011489601980227367,0.002461508545388535,0.008075244763053846,0.024210918672999005,0.04390176867498557,-0.02087030107850921,-0.03273214691460087,4.986490416962907,1.341243175692892,25,0.00525657227566378,1.2504489188483532,0.9764879688655606
YEAR,2023,4,3,0% to 1%,15471,15413,0.996251050352272,0.17381431259326544,0.0039272199247010016,-0.0018824750806996624,-0.0028208744710860323,-0.008587623005281307,0.4729773567767469,0.4385907999740479,1.1727203143053302,0.9268538470783909,-0.0024769314112644907,-0.0007424864720809727,0.0006056934911989002,0.00628289269863443,0.02262817065127578,0.04314273541372069,-0.022990686334875197,-0.035776815135645484,4.909295698187813,1.2058852989051092,73,0.0031039538244095988,1.1358662629842502,0.895546079175658
YEAR,2023,4,4,1% to 2%,3738,3733,0.9986623863028358,0.2343959282078757,0.0009411016211356838,-0.004850680028828925,-0.01538461538461533,-0.021077406528784266,0.4256630056255023,0.4004821859094562,1.0321686573036655,0.850606069445802,-0.0042630344735820145,-0.0005590952775313979,0.0012910574898489155,0.005380185603418145,0.02927251104052397,0.05376236811176835,-0.029250497693710246,-0.04594845030572731,4.857325660701867,1.1700583535255173,16,0.00017238574533343491,1.0058672194824705,0.8278090363607454
YEAR,2023,4,5,2% to 3%,763,763,1.0,0.2608125819134993,-0.0005417744389914922,-0.006325473110778363,-0.0304347826086957,-0.03606618150484759,0.39711664482306686,0.3748361730013106,0.9836318680015677,0.8265261856368558,-0.004997890296247357,-0.0021364046043531155,-0.0004915830948041829,0.004894086688764206,0.032097249107788196,0.05939661525232374,-0.03403740876771983,-0.052502641049826916,4.059213647278351,1.1313071888317807,4,-0.0015104054023074786,0.9546067397567262,0.801163106770845
YEAR,2023,4,6,>= 3%,410,409,0.9975609756097561,0.3251833740831296,0.009775668378492784,0.003932026584660787,-0.00974658869395717,-0.015486948250986282,0.45232273838630804,0.4352078239608802,1.316343946944904,1.1158640316096893,-0.003409253819491676,0.004597142213034628,0.00923179986051357,0.007529220820960457,0.04442793118014997,0.0660320273997905,-0.03336716052843658,-0.048313273287868524,5.79697316808054,1.3667471257090578,2,0.008933838909167975,1.2876883575672706,1.0907558398747204
YEAR,2023,5,1,< -1%,2624,2620,0.9984756097560976,0.3015267175572519,0.0046780196842601245,-0.0011353634082705726,-0.0216584241352043,-0.027340740645549144,0.4389312977099237,0.42442748091603055,1.1437977643405024,0.9681289920513645,0.000502582849392694,0.000995717733814524,0.0038455880816735824,0.013781596467141107,0.04002223611013468,0.07411916473886838,-0.03440867011887113,-0.0540157712740265,5.5431098273036685,1.3721763660997397,12,0.003853212462242329,1.1179015028893706,0.9453602473971265
YEAR,2023,5,2,-1% to 0%,3885,3875,0.9974259974259975,0.25161290322580643,0.003235519102503347,-0.0025695242402299047,-0.011194029850746356,-0.0169322001114402,0.4487741935483871,0.424258064516129,1.1088583269890269,0.9216482122038094,-0.001382956780798614,0.00020678058487429634,0.0027701562039604173,0.00980686238040494,0.03269710777833457,0.06084932479930458,-0.02989589132916989,-0.0473879132036516,5.284141314102155,1.284068461461934,18,0.002402863719222702,1.0804682875791656,0.8968864016290012
YEAR,2023,5,3,0% to 1%,9840,9809,0.9968495934959349,0.24222652665919053,-0.0012052029862431363,-0.006984752701905694,-0.022471910112359716,-0.02815086921019876,0.4096238148639005,0.3922927923335712,0.9623750630322049,0.8021551745959205,-0.004109238087819592,-0.0037032028513344175,-0.001918868464025663,0.0036202850173983826,0.029109564283448935,0.05541975216436159,-0.03392646915903021,-0.051429047688706306,4.606016529140014,1.0775963128815942,41,-0.001969921393514348,0.9387585598421291,0.7815366615037485
YEAR,2023,5,4,1% to 2%,3932,3925,0.9982197355035606,0.26522292993630575,-0.00252363844441567,-0.008295410335807565,-0.03907074973600844,-0.044611593240181616,0.3905732484076433,0.375031847133758,0.9273325156421147,0.7822131673010226,-0.005431627669077129,-0.0032907941067058925,-0.001959272327809877,0.002928827714489066,0.03269665975665768,0.06093719785640971,-0.037233184444118515,-0.056956099366494185,4.695682046544746,1.0698976673999117,16,-0.003291221156691048,0.9056165025174758,0.7631469051118303
YEAR,2023,5,5,2% to 3%,1417,1416,0.9992942836979535,0.3128531073446328,0.0004829121962393134,-0.005305807858268468,-0.05102040816326525,-0.0565005141706381,0.3912429378531073,0.3785310734463277,1.0124680327174578,0.8738227052948979,-0.006009339997540038,-0.001529948979667106,0.001543344671663366,0.0030374528668295373,0.040660326953610895,0.07210953638143042,-0.042236558509501435,-0.06457604726360007,4.470967351217535,1.1166607347005704,6,-0.00029927295696193467,0.9923059838541908,0.8559412829673696
YEAR,2023,5,6,>= 3%,1366,1361,0.9963396778916545,0.3144746509919177,-0.004623426569636936,-0.010382898916974958,-0.05293276108726752,-0.058403776890517685,0.38354151359294636,0.37545922116091107,0.8932096945202366,0.7773200251644579,-0.011929279369968258,-0.006269066367431125,-0.0064016563319528545,-0.0004955243921884765,0.04117025668396762,0.07327872433701281,-0.05294774831024501,-0.07471329231296493,4.734536643464152,0.9807990260964154,6,-0.005454698241408353,0.8745647024269124,0.7606542072113129
YEAR,2024,1,1,< -1%,2950,2947,0.9989830508474576,0.26263997285374957,-0.007949109776485119,-0.013690179737540192,-0.032061068702290085,-0.03768443582308802,0.42687478791991856,0.4129623345775365,0.8037659739185656,0.6861696340697511,-0.0014403505963679294,0.0010351086421064525,0.00674951227734406,0.017892960395306114,0.037293137661074414,0.06552913085337887,-0.039129040628848095,-0.05921427249390477,5.176717602500704,1.1066441939335507,13,-0.008794581510394164,0.7838521242626845,0.668370141977884
YEAR,2024,1,2,-1% to 0%,3653,3651,0.9994525047905831,0.20049301561216104,-0.005039504132762578,-0.010797374333472814,-0.013452914798206317,-0.019185682336587535,0.42426732402081624,0.396603670227335,0.8420358354315174,0.6924880837316197,-0.0003298234183348265,0.002548606207768443,-0.004619469460270506,-0.00029356798351223476,0.02896727892658526,0.04847909145393584,-0.0312418742910409,-0.04847571936294973,4.564537713253652,1.0000695624743774,16,-0.005831585462590686,0.8180089644622089,0.6715063743427746
YEAR,2024,1,3,0% to 1%,12990,12966,0.9981524249422633,0.1941230911614993,-0.0005469747380285259,-0.006330943199664095,-0.008264462809917328,-0.014007945431631415,0.44231065864568875,0.41130649390714175,0.9800819398385222,0.7931318206244933,-0.001553761852763842,0.001246566769544414,0.0013941616865160277,0.0021516123774523235,0.027125529885173173,0.047022757198086754,-0.025593909711652554,-0.04265150087997964,4.69506572578345,1.102487749033914,58,-0.0013290451346863452,0.9518193737934187,0.768764116117365
YEAR,2024,1,4,1% to 2%,4519,4513,0.9986722726266873,0.23066696210946155,-0.0008301782660360136,-0.006612308088165573,-0.011461318051575908,-0.017199450404830445,0.44670950587192554,0.4258807888322624,0.9732462326214038,0.8060999204432051,-0.002874813028989418,-0.0014157282518193796,0.004078203495968083,0.007216677406305781,0.03105841350632506,0.05384248050769171,-0.03007371261722807,-0.048926497723660645,5.18651784310902,1.1004768992826095,21,-0.0016701997592469561,0.9464257107658435,0.7826254860195888
YEAR,2024,1,5,2% to 3%,1404,1401,0.9978632478632479,0.29621698786581013,0.007772413411174882,0.001941037249102083,0.002366863905325367,-0.0034373451110374545,0.5039257673090649,0.48394004282655245,1.2476172275532933,1.0568747895557715,-0.0033492279326853697,-0.0017207725620471933,0.007377211943239672,0.017751235324732172,0.037357107065612974,0.06527545688668004,-0.034360934017940034,-0.053622550260207874,4.915053285613612,1.2173135475639534,8,0.006780532747846146,1.2147839194120538,1.0278193150049546
YEAR,2024,1,6,>= 3%,762,761,0.9986876640419947,0.3639947437582129,0.017141603147269983,0.011255247278094214,0.02310231023102305,0.0171841789958633,0.5597897503285151,0.5413929040735874,1.6217909107808275,1.3749786571306035,-0.007904982470291954,0.006518145998276485,0.023828025990737852,0.05243137904754498,0.0483536992514785,0.09171887063052835,-0.03343528421646571,-0.046476741461070364,6.557205849671266,1.9734359111073543,5,0.0161216600002679,1.580951435974362,1.3389544916107372
YEAR,2024,2,1,< -1%,2160,2154,0.9972222222222222,0.17084493964716807,-0.01396321473201358,-0.019669303307236277,-0.030495601968458186,-0.03612207563266875,0.3816155988857939,0.3635097493036212,0.6304532868139513,0.5224348001509777,-0.0018027340535277424,-0.009871216703202127,-0.0034727495193810055,-0.0026656637665270475,0.024320761570427674,0.04400541382139975,-0.036490010830454465,-0.05583567639687016,3.9792442922589535,0.788123591601488,9,-0.014718163087775838,0.6121005752211646,0.5062830430378438
YEAR,2024,2,2,-1% to 0%,5586,5579,0.9987468671679198,0.13604588635956263,-0.004199365981023854,-0.00996207796590687,-0.008474576271186418,-0.01423123754885872,0.4346657107008424,0.40007169743681664,0.8403326888124105,0.6623853685516897,-0.0019387679724461799,-0.0012221957993184475,-0.002448923764136269,-0.004438665171613778,0.02061289956582231,0.03691538839376388,-0.023842382373848843,-0.040471999234465275,4.463597861193949,0.9121216913427731,25,-0.004996691113148949,0.8108683100934907,0.6371538565192296
YEAR,2024,2,3,0% to 1%,19025,19003,0.9988436268068331,0.14481923906751565,-0.0013316780103957964,-0.007111300146554685,-0.00717360114777621,-0.012923024774214824,0.43466821028258695,0.39720044203546806,0.9451651690451414,0.7414575069401984,-0.0021102134116789124,-0.0012618184980922572,-0.0007646759801312038,-0.0018726599860610013,0.020579998743260452,0.03792348202989101,-0.022363694779756197,-0.03784358255423399,4.268368017946734,1.0021113084508453,83,-0.002101538030312369,0.9138424188361689,0.7148810856495131
YEAR,2024,2,4,1% to 2%,3983,3978,0.9987446648255084,0.19406737053795878,-0.0017274933961541436,-0.007504110335900784,-0.013690111088393742,-0.019421657359969823,0.4205630970336853,0.39894419306184015,0.9400636497166324,0.765941073293974,-0.003846644582991318,-0.0018601773679528433,-0.001390554208842322,0.0007458920645898441,0.024757852510278906,0.046264651475969434,-0.02816189750834428,-0.04554095482547837,4.114957879857955,1.0158911171991103,17,-0.002503629628555054,0.9135063859461652,0.7429757308339676
YEAR,2024,2,5,2% to 3%,671,670,0.9985096870342772,0.2298507462686567,-0.0012411429381230647,-0.007020664912447095,-0.020725945017182168,-0.02641376625137093,0.4208955223880597,0.4044776119402985,0.9604467963750424,0.7970486843777276,-0.0035681658119860677,-0.0015791234132139717,0.00039385099049854793,0.001799881570567855,0.029983492663029507,0.05359331581730693,-0.03132030928023538,-0.05205845737801316,3.9309493074546658,1.0294833638297938,3,-0.0020616383664229846,0.9345931274907192,0.7744825917432083
YEAR,2024,2,6,>= 3%,346,345,0.9971098265895953,0.2898550724637681,0.0013559503160744306,-0.0044379355187955175,-0.024390243902439046,-0.030064523054648927,0.4260869565217391,0.4144927536231884,1.0409163490048379,0.8777223784290346,-0.00439536407126199,-0.0005497851980540129,0.00015238886368881862,0.0071987925213751625,0.03665830201913248,0.06443927488061965,-0.037958655999775215,-0.056476370191163194,5.447894289768451,1.1409953341991232,2,0.0003085681821130503,1.0092571918557969,0.8499069400422005
YEAR,2024,3,1,< -1%,1815,1811,0.9977961432506887,0.1623412479293208,-0.012257521314756251,-0.01797359329897682,-0.02644230769230771,-0.032076866696325895,0.37769188293760353,0.35615681943677524,0.6569961282506562,0.5412442198307451,-0.0022803398003533133,-0.007068136301681175,-0.003984020579294148,-0.003864562457029873,0.024249329596046424,0.043116222705833956,-0.03403640682876129,-0.05262425918366345,4.058025058505062,0.8193221790610755,7,-0.012999803165337304,0.6376308438801632,0.5242538297648657
YEAR,2024,3,2,-1% to 0%,5721,5706,0.9973780807551127,0.13073957237995093,-0.0009387807574629823,-0.00672076614947052,-0.004310424911283306,-0.010075168685681488,0.4514546091833158,0.41359971959341046,0.9595367091844236,0.7447837817738086,-0.0013785279453099547,-0.001205750057334282,-0.001493406748899058,-0.0019999432001499466,0.019615920424227534,0.03611454876140834,-0.021698955816516343,-0.03651910627065989,4.647649060573494,0.9889220314907712,26,-0.001735683736155753,0.9255295147622401,0.7159969033490724
YEAR,2024,3,3,0% to 1%,17260,17241,0.9988991888760139,0.13740502291050402,-0.0035786991385846744,-0.009345380520688435,-0.009944751381215533,-0.015687996630389372,0.417725189954179,0.3799083579838756,0.8591796393545486,0.6746466413440929,-0.0023943108281012254,-0.0027656820991071463,-0.0027300209910989825,-0.003442848946538751,0.019675792117944457,0.03645929033513073,-0.02375268812090268,-0.03929019310318113,3.9848020274694496,0.9279488710931991,73,-0.004335331992802648,0.8301287522169738,0.6499458023119759
YEAR,2024,3,4,1% to 2%,3408,3402,0.9982394366197183,0.18988830099941212,-0.004075315955026259,-0.009838739706083295,-0.017171997502254954,-0.02286662852837374,0.4056437389770723,0.3783068783068783,0.8644959473121705,0.7055315476762419,-0.004081996952930822,-0.0031128189690807907,-0.00411852377949727,-0.0041161226031131495,0.024007870099997053,0.044823866330839825,-0.030185391131930826,-0.04824914507835576,4.115703060023805,0.929008509022215,14,-0.004839518555104106,0.8397484453983732,0.6840970961998812
YEAR,2024,3,5,2% to 3%,625,624,0.9984,0.20673076923076922,-0.006515241000550582,-0.012263578124499082,-0.04083582296949906,-0.04636827348430691,0.3782051282051282,0.35096153846153844,0.8141373556671095,0.6815573125180044,-0.004676485181974097,-0.004648445686595708,-0.005429867678580679,-0.003981470668272973,0.02845001202955216,0.05242332220709789,-0.035887734344983886,-0.05805485198967777,4.595398127287883,0.9029963975520742,3,-0.007424297821327375,0.7892226101142824,0.6597327904374867
YEAR,2024,3,6,>= 3%,303,303,1.0,0.2706270627062706,-0.002438514443062972,-0.008211114023537197,-0.03662420382165599,-0.0422005751695313,0.38943894389438943,0.36633663366336633,0.929590847292062,0.7841246828515447,-0.009914559163573974,-0.007604007542590863,-0.004337870739978309,-0.0038473533826089046,0.029683575001529017,0.055829698361646155,-0.042224271993877086,-0.06228095683130891,4.3343535979795895,0.8964168375393411,2,-0.003659477007132403,0.8950344765750086,0.7538463384980089
YEAR,2024,4,1,< -1%,2039,2035,0.998038254046101,0.200982800982801,-0.009761250542030232,-0.015491477304151968,-0.03765690376569042,-0.043207220005431604,0.37641277641277643,0.36265356265356263,0.7358092065122297,0.6163365954567757,-4.3140974561687464e-05,-0.0060461483249267395,-0.004708147757202986,-0.004954300467152936,0.02930338915016947,0.05232072029646654,-0.03611465767412271,-0.05794752675685295,4.515006998456876,0.902898246477431,8,-0.010506299318058562,0.7167621273160144,0.599572065586879
YEAR,2024,4,2,-1% to 0%,4721,4709,0.9974581656428723,0.17434699511573581,-0.004294087117857396,-0.010056030257341522,-0.016290726817042578,-0.02198632325472152,0.4113399872584413,0.381822042896581,0.8547610822478853,0.6940444306197431,-0.0014722111355753304,-0.0014707286236536497,-0.001209548996511181,-0.0017686136831771347,0.025208433231142472,0.045486167342954624,-0.027070800618808923,-0.04541415928466537,4.3527753337104915,1.001585586068827,20,-0.005071768247804608,0.8291861443706579,0.6719188812801203
YEAR,2024,4,3,0% to 1%,14332,14297,0.9975579123639409,0.18535357067916347,-0.0031358380913598517,-0.00890440831559207,-0.016161616161616155,-0.021854720731350467,0.40889697139259984,0.38259774777925437,0.8926270948460256,0.7261823195286919,-0.0031929202625423972,-0.003209850467957492,-0.0023803899433783044,-0.0014022835615909847,0.02396265752301925,0.04525572137528938,-0.02833038868922569,-0.04555609465393088,4.238436721726214,0.9934065182513273,59,-0.0038890136319381483,0.8673874550926063,0.7043804929635905
YEAR,2024,4,4,1% to 2%,3888,3879,0.9976851851851852,0.21809744779582366,-0.005673594168207175,-0.011426901510703432,-0.03246753246753242,-0.038089420031614946,0.37535447280226863,0.35937097189997425,0.8321073083241438,0.6932348432914164,-0.005736915786069814,-0.004404199457007277,-0.004561422315590808,-0.0031329013660016405,0.026676674598881744,0.051260157204464016,-0.03460273341759019,-0.054449302435996466,3.932017120620405,0.9414290892839041,15,-0.006409409079750209,0.8110665505740956,0.6748568516002345
YEAR,2024,4,5,2% to 3%,862,862,1.0,0.23897911832946636,-0.005482404583899406,-0.011236171614899529,-0.05045729371282098,-0.05593609113758086,0.37703016241299303,0.3619489559164733,0.8509896181330121,0.7206512582287427,-0.004230515846452897,-0.004754792505792139,-0.003803889621739806,0.0019332129417830362,0.03155257188807043,0.06059525026392032,-0.03755004811040269,-0.06025746404234101,5.088071323101123,1.00560571585525,4,-0.006363715780703688,0.8278384188880957,0.7002639434653682
YEAR,2024,4,6,>= 3%,459,457,0.9956427015250545,0.31072210065645517,0.0017697621875604316,-0.004026759176965338,-0.05058365758754857,-0.05606477249634841,0.4113785557986871,0.39606126914660833,1.0470409962257858,0.9014207747347579,-0.005545420368755971,-0.00018849928353912944,0.0045325031472270415,0.0054850505435042884,0.0439461246328742,0.07180490905932287,-0.04124419797535704,-0.0630644946755903,5.6493842706528214,1.1385948532322994,2,0.0009722800500109182,1.025730496707666,0.8825258636495298
YEAR,2024,5,1,< -1%,3109,3095,0.9954969443550981,0.2953150242326333,-0.005973875659251217,-0.01172559200234863,-0.05239179954441908,-0.0578629659045433,0.37964458804523427,0.372859450726979,0.856156935493215,0.738817938113172,0.001046906883164224,-0.0029295250058499482,-0.0031487188777061686,-0.001193408637627041,0.043958948167721446,0.07590648019214866,-0.04517410063924091,-0.07298159063742178,5.025827981991712,1.0400770869637241,12,-0.00672222502731063,0.8387652435937089,0.72332148362939
YEAR,2024,5,2,-1% to 0%,4025,4007,0.995527950310559,0.2735213376590966,-0.0021325469393776463,-0.007906288629379572,-0.04854368932038833,-0.054035070358355974,0.4030446718243075,0.3913151984027951,0.9414986101647326,0.8009650854319914,-0.0024106931829691067,-0.0014818506387489993,-0.0006455389812391915,0.0035797840066329454,0.03843998238598337,0.06875740603226317,-0.03919604841904131,-0.06183031570049355,4.994587553816033,1.1120338826236065,17,-0.0029196875295066167,0.9202450746518366,0.782191512731771
YEAR,2024,5,3,0% to 1%,10592,10548,0.995845921450151,0.26393629124004553,-0.005565082618223658,-0.011319356132462759,-0.05063291139240511,-0.0561256087187668,0.3793136139552522,0.36964353431930225,0.8530265388050351,0.7256613508856732,-0.005203829021179357,-0.004225950439571662,-0.002932963923660072,-0.00046725110258916114,0.034204728272882554,0.06372321525821209,-0.04075329948429618,-0.06362174243179923,4.683161329141987,1.0015949394426227,41,-0.0063003924825491145,0.8342538224565484,0.709078265410589
YEAR,2024,5,4,1% to 2%,4619,4595,0.994804070145053,0.2746463547334059,-0.008052083277310917,-0.013792157087436578,-0.05236486486486491,-0.057841139865506326,0.3590859630032644,0.34972796517954297,0.8015023481223372,0.6869863702631658,-0.006906133636376015,-0.00611862822992423,-0.006408791961731719,-0.004325361350318475,0.034515581230807404,0.06716447407581436,-0.045422982737144596,-0.0707844399794985,4.15412695179243,0.948859298671677,17,-0.008765957904429855,0.7847035994070328,0.6720958739623286
YEAR,2024,5,5,2% to 3%,1840,1835,0.9972826086956522,0.288283378746594,-0.006679887008303243,-0.012427402870222853,-0.053333333333333344,-0.058801258297939044,0.3542234332425068,0.3471389645776567,0.8445797308097184,0.7326683807979432,-0.00796096666792531,-0.005828808088232394,-0.0035078461827159776,0.00011232898537419725,0.03980743490580678,0.0757678666115339,-0.04965359161630016,-0.07524027913790209,4.683266545456632,1.0070120350386371,7,-0.007408920347278363,0.8282749747026285,0.7181550674494211
YEAR,2024,5,6,>= 3%,1879,1869,0.9946780202235231,0.3301230604601391,-0.0071948137399608,-0.01293993257953305,-0.055755395683453224,-0.06121770567801482,0.36490101658640983,0.3611556982343499,0.8478174413244266,0.744703961826612,-0.011441270419311285,-0.005251168100599946,-0.006018108182942871,-0.005792122509586336,0.04672126442125098,0.08124762438254689,-0.05900185520436828,-0.08669137175542538,4.229925119349819,0.9372054304523356,7,-0.007913578250753627,0.833241260887025,0.7316137850341881
YEAR,2025,1,1,< -1%,3533,3524,0.9974525898669686,0.3629398410896708,0.0062175878808827115,0.000392596369015338,0.0013497352375948513,-0.004455820164795666,0.5008513053348468,0.492622020431328,1.1705550792863733,1.010026923323972,0.004874856505446298,0.015961226045909507,0.025223980915354535,0.030576689356014507,0.0623721966759427,0.08847104140963692,-0.043248278781030866,-0.05872615735192544,5.927027521964524,1.5065014535083698,18,0.005312034645463429,1.1449704997726995,0.9870991237653568
YEAR,2025,1,2,-1% to 0%,3207,3191,0.9950109136264421,0.20119084926355374,-0.002001644040082609,-0.007776989702948721,-0.011904761904761862,-0.017646887534268258,0.4487621435286744,0.4224381071764337,0.9340525021399542,0.7673691907930872,-0.005380703879276926,-0.007709317655447929,-0.006042145356535888,0.001446387994747796,0.02424151652342964,0.04922961612101876,-0.038423918111940736,-0.05641215396004676,4.488835001306564,0.872677475777384,15,-0.002825486156921341,0.9073472427267111,0.7440770564491956
YEAR,2025,1,3,0% to 1%,10780,10748,0.9970315398886828,0.17519538518794195,-0.004623947026788158,-0.010383871786746159,-0.015293129136204509,-0.02099784440154599,0.4161704503163379,0.39077037588388536,0.8463286804452858,0.6886784733997845,-0.0025091924898553238,-0.005343394371941379,-0.007134545391573117,-0.0036354716194785556,0.023883335490403057,0.045359564195694264,-0.03423391030514996,-0.053848554583577755,4.341123767036363,0.8423543500186654,45,-0.005375620658448701,0.8220956970678615,0.6676705255526786
YEAR,2025,1,4,1% to 2%,3860,3856,0.9989637305699481,0.22562240663900415,-0.0008738734547877334,-0.006655575944438488,-0.01611280586746283,-0.021816016765510808,0.44320539419087135,0.4237551867219917,0.9719784405110314,0.8058198481965461,-0.0009614655849705686,-0.0020384108544790796,-0.005155685428062252,-0.0002906917753766503,0.030493384282933057,0.05362255131588584,-0.03567438756138496,-0.05751016046669503,4.9067856938883,0.9324013510089133,18,-0.0017161656702511375,0.9452264474530395,0.7824083696078159
YEAR,2025,1,5,2% to 3%,1120,1117,0.9973214285714286,0.2721575649059982,0.009369166964340711,0.003527968972765731,0.005694760820045497,-0.00011840873890836537,0.5147717099373321,0.4995523724261415,1.3294447389467896,1.113352615376187,0.0009422235354481622,0.005435110059242323,0.0025845245091058837,0.017206329663584548,0.04116845054249985,0.06756538405914032,-0.035193575978109334,-0.05396538110044568,5.4252790777802025,1.252013470142664,6,0.008436998025487594,1.2950736517153396,1.0831257364294964
YEAR,2025,1,6,>= 3%,1248,1245,0.9975961538461539,0.44738955823293175,0.031692757752791276,0.025722155690116467,0.04761904761904767,0.04156583076150332,0.6305220883534136,0.6144578313253012,2.488796892223577,2.102358750828692,0.00018019182330140203,0.021874149075005622,0.040715358559357026,0.045883942377299564,0.06726354327627411,0.09085064277371407,-0.020839508562084774,-0.035939842516098476,7.29365023006625,2.527853112684606,8,0.030726230165929267,2.434118539476747,2.054357520439845
YEAR,2025,2,1,< -1%,1992,1989,0.9984939759036144,0.20110608345902464,-0.005412598929009579,-0.01116879407395081,-0.01477272727272727,-0.020472586536510136,0.4409250879839115,0.41578682755153346,0.8385564183275673,0.695063353891278,0.0011170678692888757,-0.004426936489382657,-0.0067682710599285345,-0.0038201229061057204,0.030698868389567143,0.050006872568494155,-0.038959020572159726,-0.06280103749029271,4.623621231576171,0.7962746248614734,9,-0.006197376842637522,0.8159849903324873,0.6752375500357547
YEAR,2025,2,2,-1% to 0%,3992,3979,0.9967434869739479,0.15481276702689117,-0.0017694636551931623,-0.007546322390611719,-0.00836120401337792,-0.014104809278554361,0.44081427494345315,0.4121638602663986,0.9336422986322677,0.7468831770460858,-0.003300192464943079,-0.003968162748013649,-0.004688787358122939,-0.0041192436015453455,0.020736133856900547,0.03959264824557159,-0.028304923227468217,-0.04878878469613224,4.376450337166088,0.8115112621100055,18,-0.002581586097400636,0.9036243758073184,0.7210683005379404
YEAR,2025,2,3,0% to 1%,14495,14447,0.9966885132804415,0.1466048314528968,-0.0029644373188124364,-0.008734509569982361,-0.010288065843621408,-0.01602678853817798,0.4237557970512909,0.39011559493320414,0.8869755124933844,0.7038330918611612,-0.002974809337650528,-0.00320366059370464,-0.003361838260680537,-0.005003662577005091,0.020176755434971924,0.03813631684647251,-0.02573909875840334,-0.04461310597583475,4.303922577018952,0.8548231738702416,62,-0.0037302213872174306,0.8583889718961106,0.6793991675594939
YEAR,2025,2,4,1% to 2%,3491,3486,0.9985677456316242,0.21113023522662078,0.00041377041576542425,-0.005375494485664981,-0.01351356387637287,-0.019230586336680355,0.43516924842226046,0.4133677567412507,1.0143627265988742,0.8318067854787528,-0.0034567797411578097,-5.772756633575262e-05,-0.0015529685438275555,-0.004281474604370465,0.027013852427982914,0.04860904957801897,-0.028866832286947256,-0.05092337217926058,4.974634535887411,0.9545528408233703,16,-0.00042249653253393623,0.9854016860661856,0.8066833089332848
YEAR,2025,2,5,2% to 3%,621,619,0.9967793880837359,0.2875605815831987,0.007413742783600867,0.001584725176080485,-0.014150943396226467,-0.019855787546771426,0.4555735056542811,0.4345718901453958,1.247198481450185,1.0479930803682667,-0.00027400249385188487,0.008889029969893868,0.009957258411457795,0.006299019751794392,0.040434331717192344,0.06449690942722118,-0.027491927662196495,-0.04988556396978448,5.712973027219395,1.292897269163615,3,0.0065659319632168514,1.2178686415906397,1.0223560122506816
YEAR,2025,2,6,>= 3%,373,373,1.0,0.2680965147453083,0.004140075330499958,-0.0016701901633793849,-0.010791366906474864,-0.016538557220371956,0.450402144772118,0.44235924932975873,1.1315683944159802,0.9515748172626098,-0.000304900168020809,0.00499153326615027,0.003267051724468014,0.0025123135411589848,0.03938163116145138,0.060333937597904445,-0.033994744301040006,-0.054446715811112524,5.47548817469941,1.1081281340681037,2,0.0031776083933178737,1.1004404808608053,0.9242383670588947
YEAR,2025,3,1,< -1%,1586,1578,0.9949558638083228,0.22813688212927757,0.0025579954104781874,-0.00324426453976171,-0.004790590935169314,-0.010542102734971161,0.46894803548795944,0.44423320659062104,1.089199430995806,0.8974665005473931,0.0022081811275620547,-0.0006266722485768599,-0.0006673763803126709,0.0059354778606455945,0.03104536715920941,0.05431024815123167,-0.031623956410304355,-0.051582576924529035,4.853582725815338,1.0528797006534496,8,0.0016487160661001266,1.0572006345471312,0.8695599244895563
YEAR,2025,3,2,-1% to 0%,4235,4221,0.996694214876033,0.14001421464108033,-0.001129466646360511,-0.006910264470072626,-0.004739336492891044,-0.01049134777600369,0.4548685145700071,0.41767353707652216,0.9533787206809429,0.7471207612088557,-0.0014156253982380912,-0.001686896292756031,-0.0018217240151969182,-0.001740179865417022,0.020482729808287956,0.03770476905735504,-0.02358394042150421,-0.04071445583908053,4.315034374517973,0.9260781774016348,20,-0.0019379093467911603,0.9203874448200742,0.7190445224230483
YEAR,2025,3,3,0% to 1%,13744,13689,0.9959982537834692,0.14069690992767916,-0.002306367994878215,-0.008080314834821637,-0.008438818565400852,-0.014182614394206946,0.4266929651545036,0.39002118489297977,0.9076513536624249,0.7138054880064819,-0.002649923151983613,-0.002856412675171307,-0.003083973425907768,-0.0025833200166230316,0.01957754062859562,0.03728939230304126,-0.024423693552101878,-0.0410386414396855,4.117934073439855,0.9086410025986239,59,-0.0030749860841199675,0.8774059992421869,0.6880900989972858
YEAR,2025,3,4,1% to 2%,2939,2929,0.9965974821367812,0.21406623420962786,-0.0006887559884736339,-0.006471261530616481,-0.017513134851138368,-0.023208335288085705,0.42710822806418575,0.403209286445886,0.976671883973476,0.8022729474332597,-0.0033792197926058756,-0.003990027851329185,-0.0017383751206835826,0.0010203198616243602,0.025961761638244027,0.050304928932697265,-0.030741078882289673,-0.04988650689532526,4.9309750191608535,1.0083874791684646,13,-0.0014975723254226977,0.9495024587510456,0.7786893033628797
YEAR,2025,3,5,2% to 3%,493,492,0.9979716024340771,0.2459349593495935,-0.0009131800234730765,-0.006693389582057849,-0.02817307923578316,-0.033805411340661125,0.40447154471544716,0.3800813008130081,0.9727049068217157,0.8179827416005776,-0.002672962974061511,0.0009139456693099287,0.002736323423349795,0.007669730766566106,0.037683135215011924,0.06522509651663178,-0.03599511138332485,-0.05516496045018701,5.326476101293433,1.1823646021740357,2,-0.0016486022455605748,0.9509233349407494,0.7989198888750435
YEAR,2025,3,6,>= 3%,251,251,1.0,0.3346613545816733,0.013200396594660716,0.007335909894406773,-0.0066225165562914245,-0.012378064881850906,0.47808764940239046,0.46613545816733065,1.44808390911957,1.2268411230015448,-0.0002052115683142407,0.010162799114475018,0.015695675338126443,0.029522826702017533,0.05121295631746509,0.08262469735861203,-0.03221416445479474,-0.044549134399588144,4.606993165750417,1.854686931007483,2,0.011854241295352536,1.3991827427526051,1.1839777174213089
YEAR,2025,4,1,< -1%,1782,1779,0.9983164983164983,0.23496346261944911,0.0018225719905959452,-0.003974546362210969,-0.01092233009708743,-0.016665904809247335,0.4564362001124227,0.433389544688027,1.0609231134795933,0.8793373326502678,0.0012025861192154663,-0.0009031974282046437,0.0007953037752868011,0.009857079278932921,0.03286574975565523,0.06036270584810194,-0.031544060681692535,-0.0492850344419756,5.265636805180544,1.2247674477973296,9,0.0009219986147399167,1.030663730195059,0.8529029575413478
YEAR,2025,4,2,-1% to 0%,4106,4087,0.9953726254262055,0.15512600929777343,-0.00348929795538908,-0.009256216788627203,-0.012557077625570678,-0.01829069991402177,0.4147296305358454,0.3851235625152924,0.8712997690348959,0.6957018802732305,-0.001959568346801222,-0.0019996707352877455,-0.002302017866984575,-0.0037344347274837326,0.02238385809771689,0.04085057173305936,-0.025511829808973964,-0.044621083583306236,4.188332958357682,0.915499321229897,17,-0.0042454378329526525,0.8440614370690075,0.672356566386405
YEAR,2025,4,3,0% to 1%,11891,11845,0.9961315280464217,0.17256226255804136,-0.002821171299219547,-0.00859183401566235,-0.014084507042253502,-0.019814116549007655,0.4175601519628535,0.3923174335162516,0.8998002548439701,0.7265792202468428,-0.002690974231402222,-0.0025435852398886976,-0.0025599056316896233,-0.0006037379214314917,0.023160673731743082,0.04341167511983141,-0.0270881387716706,-0.04449621363416751,4.502532365393218,0.9756262741083366,50,-0.003583595680438473,0.8732584410919838,0.7037125894654287
YEAR,2025,4,4,1% to 2%,3334,3321,0.9961007798440312,0.25052694971394157,0.0011997173643438876,-0.004593597884872593,-0.019230769230769273,-0.02491595639014139,0.4245709123757904,0.40680517916290276,1.0391923960205462,0.8641009419071879,-0.0037466320518546006,-0.0012410991621917488,0.002193838728377933,0.008664527695857035,0.030479513110855703,0.058005607218016564,-0.031228436214725104,-0.04884714745112627,4.947693303836419,1.1874922128473058,15,0.00037786338776371847,1.0122882958181578,0.8406501505335007
YEAR,2025,4,5,2% to 3%,715,715,1.0,0.26713286713286716,-0.0008443826921464535,-0.006625722074113426,-0.04179104477611939,-0.04733873991582833,0.4041958041958042,0.3888111888111888,0.9758524353078768,0.8267657385990483,0.0001835642625860148,0.000335512634804299,0.0009458004178236474,0.009469833318399368,0.03776857665903996,0.06737757894584684,-0.03494656670399384,-0.054161386833275184,3.988894599361228,1.2440150240845016,3,-0.0016143224888567882,0.954027484886838,0.8075620672754847
YEAR,2025,4,6,>= 3%,472,472,1.0,0.3855932203389831,0.011997141030806251,0.006141027211127844,-0.014939148073022268,-0.02063720697700712,0.4682203389830508,0.4576271186440678,1.360530713748035,1.1696739464579824,-0.0019754685410744957,0.00606215511079462,0.011913523497934968,0.020971121788959934,0.04990511613106845,0.08263766097831032,-0.03627776252975063,-0.0537317990368649,4.925031532735373,1.5379656452897357,3,0.010953393818914144,1.327072515308554,1.1401071406036432
YEAR,2025,5,1,< -1%,2658,2654,0.9984951091045899,0.28372268274302936,-0.0011809740445829348,-0.006960126389514005,-0.04806532377375666,-0.05355387161813965,0.4054257724189902,0.392991710625471,0.9677855553075955,0.8256420981766214,0.0005067192176956277,-0.0011329035160481105,-0.0017733672261748743,0.012345734576256063,0.03932597845823993,0.07426530667737447,-0.040019949976152054,-0.06125766138472539,5.49035896176917,1.2123431583676574,11,-0.001950662325809197,0.9470106444717642,0.8072738670795029
YEAR,2025,5,2,-1% to 0%,3563,3554,0.9974740387314062,0.23916713562183456,-0.004423973427955059,-0.01018469853042857,-0.03245029455081,-0.03804683837439735,0.38351153629713,0.36606640405177265,0.8719299964152428,0.7316546356864169,-0.004197648357893113,-0.003410983252728151,-0.002367145409678182,0.0008297121806431539,0.031651288460677586,0.0576683420329931,-0.03643182825058498,-0.05747096551782293,4.482463580466258,1.0034343692226462,14,-0.005164935218064037,0.851068820456463,0.7133779096722629
YEAR,2025,5,3,0% to 1%,8814,8772,0.9952348536419333,0.25170998632010944,-0.003070043638215771,-0.008838811202915945,-0.033258144670361534,-0.03888099262269471,0.38873689010487916,0.37209302325581395,0.910038387692112,0.764317561391295,-0.0045188184353394745,-0.0028637099756144173,-0.00022628847685342854,0.005470985786603448,0.03215996556701633,0.06097105682068855,-0.03542978541750573,-0.05585849315592651,4.72658576173563,1.0915270601820666,35,-0.0038103703623291463,0.8887900655213837,0.745710090298128
YEAR,2025,5,4,1% to 2%,3584,3576,0.9977678571428571,0.2871923937360179,-0.0020811422305774185,-0.007855611361401333,-0.048874411871154544,-0.05435795496948616,0.3926174496644295,0.38338926174496646,0.9425480524252895,0.8013714607858616,-0.0048474735132656155,-0.002656030542405693,0.00016025862314839517,0.005228700224945235,0.03631871227226072,0.06763634368352661,-0.039140766211692365,-0.06113741861096244,4.885027254402805,1.106300285818722,15,-0.00287109487224812,0.92107310815194,0.7824293673519149
YEAR,2025,5,5,2% to 3%,1450,1447,0.9979310344827587,0.31651693158258465,0.00033905260463800726,-0.0054498257870497545,-0.051111111111110996,-0.05658436283922706,0.3946095369730477,0.3863165169315826,1.0088270301772821,0.8693393665868632,-0.003675827929189655,0.0006422581673016779,0.004253674842808542,0.012796631311975606,0.044747044656900346,0.07936554301464706,-0.04214006639885107,-0.06379286347111163,4.848836692790527,1.2441131922317215,6,-0.0004262184944530377,0.9889496695174274,0.8517142654744653
YEAR,2025,5,6,>= 3%,1507,1506,0.9993364299933643,0.3247011952191235,-0.0035102166815837166,-0.009276672093599047,-0.05338442238464053,-0.05886215435226134,0.3791500664010624,0.37317397078353254,0.9182716161933681,0.7996685572511532,-0.007562292015695329,0.0006526146158399917,0.003312615471843233,0.01348994538286084,0.05036036006655793,0.08772029049360575,-0.050029631512482166,-0.07344324743376741,5.298815676551337,1.1943955851450285,6,-0.0042585796680138085,0.9012425088667408,0.7844623843944534
