gate,trade_id,session_date,symbol,stock_name,side,outcome,score,directional_vwap_extension,directional_return_60s,directional_return_300s,directional_opening_extension,breakout_overshoot,volume_strength,realized_net_pnl,decision,extension_data_complete
VWAP_MAX_75BP,20260922-1709-093200,20260922,1709,和益,SHORT,WINNER,0.6628052440782412,0.0060612613529397175,0.00793650793650802,,0.005714285714285783,0.0034285714285713365,0.4700460829493088,4442.0,KEEP,False
VWAP_MAX_75BP,20260923-3229-092830,20260923,3229,晟鈦,SHORT,LOSER,0.8375,0.014272953425604862,0.007005253940455369,0.017331022530329254,0.01763668430335108,0.005291005291005346,1.0,-3549.0,SKIP_AS_OVEREXTENDED,True
VWAP_MAX_75BP,20260923-8111-093300,20260923,8111,立碁,LONG,LOSER,0.7289318507818726,0.0023879645349345058,0.0039525691699604515,-0.002617801047120505,-0.009102730819245841,0.0026315789473685403,0.746031746031746,-3684.0,KEEP,True
VWAP_MAX_75BP,20260923-3094-094300,20260923,3094,聯傑,LONG,WINNER,0.5499631919957078,0.0011638624085883453,0.01158301158301156,0.01158301158301156,-0.01132075471698113,0.0057581573896352545,0.6645962732919255,7874.0,KEEP,True
VWAP_MAX_75BP,20260923-4956-095730,20260923,4956,光鋐,SHORT,LOSER,0.8123689727463312,0.013197868143394409,0.004424778761062065,0.008810572687224627,0.01777777777777767,0.0033333333333334103,0.9555555555555556,-778.0,SKIP_AS_OVEREXTENDED,True
VWAP_MAX_75BP,20260923-1709-095830,20260923,1709,和益,SHORT,LOSER,0.5948559063053916,0.035694958286478284,0.005434782608695676,0.010810810810810811,0.06229508196721323,0.002185792349726823,0.5747303543913713,-3591.0,SKIP_AS_OVEREXTENDED,True
VWAP_MAX_75BP,20260923-2221-100530,20260923,2221,大甲,LONG,WINNER,0.513309056966174,0.0016627756852380937,0.006250000000000089,0.0031152647975076775,0.0031152647975076775,0.0031152647975076775,0.46938775510204084,3470.0,KEEP,True
VWAP_MAX_75BP,20260923-2033-113900,20260923,2033,佳大,SHORT,LOSER,0.8400000000000001,0.037014781691381615,0.01072386058981234,0.012048192771084376,0.05555555555555558,0.00406504065040636,1.0,-1342.0,SKIP_AS_OVEREXTENDED,True
VWAP_MAX_75BP,20260923-3605-121730,20260923,3605,宏致,SHORT,WINNER,0.6567156922922335,0.0003761435188438522,0.005420054200542035,-0.0,-0.010899182561307952,0.0027247956403269047,0.9016393442622951,1913.0,KEEP,True
VWAP_MAX_75BP,20260923-6168-124430,20260923,6168,宏齊,SHORT,LOSER,0.8182281620281068,0.008444647866145183,0.0012195121951218413,0.0060679611650485965,0.04517704517704502,0.0012210012210012167,0.9473684210526315,-1327.0,SKIP_AS_OVEREXTENDED,True
VWAP_MAX_75BP,20260923-2409-130930,20260923,2409,友達,SHORT,LOSER,0.7468056220688456,0.005699545357878089,0.0028860028860029363,0.007183908045977017,0.02894356005788712,0.0014471780028944004,0.8247634718222954,-1556.0,KEEP,True
VWAP_MAX_75BP,20260924-2409-090900,20260924,2409,友達,SHORT,WINNER,0.6751867182037729,0.008295761987336392,0.004267425320056861,0.026425591098748313,-0.0071428571428571175,0.0014285714285713347,0.6759987417426864,2441.0,SKIP_AS_OVEREXTENDED,True
VWAP_MAX_75BP,20260924-3605-090900,20260924,3605,宏致,LONG,LOSER,0.495416817613998,0.00369555316833714,0.005540166204986097,0.0,0.011142061281337101,0.0027624309392264568,0.41935483870967744,-585.0,KEEP,True
VWAP_MAX_75BP,20260924-2033-091030,20260924,2033,佳大,SHORT,WINNER,0.6532359481634844,0.010621566795067316,0.008021390374331472,0.023684210526315752,0.014824797843665749,0.0040431266846361336,0.654320987654321,4158.0,SKIP_AS_OVEREXTENDED,True
VWAP_MAX_75BP,20260924-4956-093400,20260924,4956,光鋐,LONG,LOSER,0.7357558139534883,0.007967074602401425,0.006479481641468832,0.009750812567713929,0.07003444316877161,0.004310344827586299,0.75,-3593.0,SKIP_AS_OVEREXTENDED,True
VWAP_MAX_75BP,20260924-3624-115700,20260924,3624,光頡,LONG,LOSER,0.751071763780726,0.015799053818646325,0.007194244604316502,0.007194244604316502,0.05660377358490565,0.0035842293906809264,0.7468354430379747,-3945.0,SKIP_AS_OVEREXTENDED,True
VWAP_MAX_75BP,20260924-6456-131000,20260924,6456,GIS-KY,LONG,LOSER,0.833472371980402,0.04416394435322535,0.009828009828009687,0.018587360594795488,0.05384615384615388,0.004889975550122383,0.845771144278607,-2126.0,SKIP_AS_OVEREXTENDED,True
VWAP_MAX_100BP,20260922-1709-093200,20260922,1709,和益,SHORT,WINNER,0.6628052440782412,0.0060612613529397175,0.00793650793650802,,0.005714285714285783,0.0034285714285713365,0.4700460829493088,4442.0,KEEP,False
VWAP_MAX_100BP,20260923-3229-092830,20260923,3229,晟鈦,SHORT,LOSER,0.8375,0.014272953425604862,0.007005253940455369,0.017331022530329254,0.01763668430335108,0.005291005291005346,1.0,-3549.0,SKIP_AS_OVEREXTENDED,True
VWAP_MAX_100BP,20260923-8111-093300,20260923,8111,立碁,LONG,LOSER,0.7289318507818726,0.0023879645349345058,0.0039525691699604515,-0.002617801047120505,-0.009102730819245841,0.0026315789473685403,0.746031746031746,-3684.0,KEEP,True
VWAP_MAX_100BP,20260923-3094-094300,20260923,3094,聯傑,LONG,WINNER,0.5499631919957078,0.0011638624085883453,0.01158301158301156,0.01158301158301156,-0.01132075471698113,0.0057581573896352545,0.6645962732919255,7874.0,KEEP,True
VWAP_MAX_100BP,20260923-4956-095730,20260923,4956,光鋐,SHORT,LOSER,0.8123689727463312,0.013197868143394409,0.004424778761062065,0.008810572687224627,0.01777777777777767,0.0033333333333334103,0.9555555555555556,-778.0,SKIP_AS_OVEREXTENDED,True
VWAP_MAX_100BP,20260923-1709-095830,20260923,1709,和益,SHORT,LOSER,0.5948559063053916,0.035694958286478284,0.005434782608695676,0.010810810810810811,0.06229508196721323,0.002185792349726823,0.5747303543913713,-3591.0,SKIP_AS_OVEREXTENDED,True
VWAP_MAX_100BP,20260923-2221-100530,20260923,2221,大甲,LONG,WINNER,0.513309056966174,0.0016627756852380937,0.006250000000000089,0.0031152647975076775,0.0031152647975076775,0.0031152647975076775,0.46938775510204084,3470.0,KEEP,True
VWAP_MAX_100BP,20260923-2033-113900,20260923,2033,佳大,SHORT,LOSER,0.8400000000000001,0.037014781691381615,0.01072386058981234,0.012048192771084376,0.05555555555555558,0.00406504065040636,1.0,-1342.0,SKIP_AS_OVEREXTENDED,True
VWAP_MAX_100BP,20260923-3605-121730,20260923,3605,宏致,SHORT,WINNER,0.6567156922922335,0.0003761435188438522,0.005420054200542035,-0.0,-0.010899182561307952,0.0027247956403269047,0.9016393442622951,1913.0,KEEP,True
VWAP_MAX_100BP,20260923-6168-124430,20260923,6168,宏齊,SHORT,LOSER,0.8182281620281068,0.008444647866145183,0.0012195121951218413,0.0060679611650485965,0.04517704517704502,0.0012210012210012167,0.9473684210526315,-1327.0,KEEP,True
VWAP_MAX_100BP,20260923-2409-130930,20260923,2409,友達,SHORT,LOSER,0.7468056220688456,0.005699545357878089,0.0028860028860029363,0.007183908045977017,0.02894356005788712,0.0014471780028944004,0.8247634718222954,-1556.0,KEEP,True
VWAP_MAX_100BP,20260924-2409-090900,20260924,2409,友達,SHORT,WINNER,0.6751867182037729,0.008295761987336392,0.004267425320056861,0.026425591098748313,-0.0071428571428571175,0.0014285714285713347,0.6759987417426864,2441.0,KEEP,True
VWAP_MAX_100BP,20260924-3605-090900,20260924,3605,宏致,LONG,LOSER,0.495416817613998,0.00369555316833714,0.005540166204986097,0.0,0.011142061281337101,0.0027624309392264568,0.41935483870967744,-585.0,KEEP,True
VWAP_MAX_100BP,20260924-2033-091030,20260924,2033,佳大,SHORT,WINNER,0.6532359481634844,0.010621566795067316,0.008021390374331472,0.023684210526315752,0.014824797843665749,0.0040431266846361336,0.654320987654321,4158.0,SKIP_AS_OVEREXTENDED,True
VWAP_MAX_100BP,20260924-4956-093400,20260924,4956,光鋐,LONG,LOSER,0.7357558139534883,0.007967074602401425,0.006479481641468832,0.009750812567713929,0.07003444316877161,0.004310344827586299,0.75,-3593.0,KEEP,True
VWAP_MAX_100BP,20260924-3624-115700,20260924,3624,光頡,LONG,LOSER,0.751071763780726,0.015799053818646325,0.007194244604316502,0.007194244604316502,0.05660377358490565,0.0035842293906809264,0.7468354430379747,-3945.0,SKIP_AS_OVEREXTENDED,True
VWAP_MAX_100BP,20260924-6456-131000,20260924,6456,GIS-KY,LONG,LOSER,0.833472371980402,0.04416394435322535,0.009828009828009687,0.018587360594795488,0.05384615384615388,0.004889975550122383,0.845771144278607,-2126.0,SKIP_AS_OVEREXTENDED,True
VWAP_MAX_125BP,20260922-1709-093200,20260922,1709,和益,SHORT,WINNER,0.6628052440782412,0.0060612613529397175,0.00793650793650802,,0.005714285714285783,0.0034285714285713365,0.4700460829493088,4442.0,KEEP,False
VWAP_MAX_125BP,20260923-3229-092830,20260923,3229,晟鈦,SHORT,LOSER,0.8375,0.014272953425604862,0.007005253940455369,0.017331022530329254,0.01763668430335108,0.005291005291005346,1.0,-3549.0,SKIP_AS_OVEREXTENDED,True
VWAP_MAX_125BP,20260923-8111-093300,20260923,8111,立碁,LONG,LOSER,0.7289318507818726,0.0023879645349345058,0.0039525691699604515,-0.002617801047120505,-0.009102730819245841,0.0026315789473685403,0.746031746031746,-3684.0,KEEP,True
VWAP_MAX_125BP,20260923-3094-094300,20260923,3094,聯傑,LONG,WINNER,0.5499631919957078,0.0011638624085883453,0.01158301158301156,0.01158301158301156,-0.01132075471698113,0.0057581573896352545,0.6645962732919255,7874.0,KEEP,True
VWAP_MAX_125BP,20260923-4956-095730,20260923,4956,光鋐,SHORT,LOSER,0.8123689727463312,0.013197868143394409,0.004424778761062065,0.008810572687224627,0.01777777777777767,0.0033333333333334103,0.9555555555555556,-778.0,SKIP_AS_OVEREXTENDED,True
VWAP_MAX_125BP,20260923-1709-095830,20260923,1709,和益,SHORT,LOSER,0.5948559063053916,0.035694958286478284,0.005434782608695676,0.010810810810810811,0.06229508196721323,0.002185792349726823,0.5747303543913713,-3591.0,SKIP_AS_OVEREXTENDED,True
VWAP_MAX_125BP,20260923-2221-100530,20260923,2221,大甲,LONG,WINNER,0.513309056966174,0.0016627756852380937,0.006250000000000089,0.0031152647975076775,0.0031152647975076775,0.0031152647975076775,0.46938775510204084,3470.0,KEEP,True
VWAP_MAX_125BP,20260923-2033-113900,20260923,2033,佳大,SHORT,LOSER,0.8400000000000001,0.037014781691381615,0.01072386058981234,0.012048192771084376,0.05555555555555558,0.00406504065040636,1.0,-1342.0,SKIP_AS_OVEREXTENDED,True
VWAP_MAX_125BP,20260923-3605-121730,20260923,3605,宏致,SHORT,WINNER,0.6567156922922335,0.0003761435188438522,0.005420054200542035,-0.0,-0.010899182561307952,0.0027247956403269047,0.9016393442622951,1913.0,KEEP,True
VWAP_MAX_125BP,20260923-6168-124430,20260923,6168,宏齊,SHORT,LOSER,0.8182281620281068,0.008444647866145183,0.0012195121951218413,0.0060679611650485965,0.04517704517704502,0.0012210012210012167,0.9473684210526315,-1327.0,KEEP,True
VWAP_MAX_125BP,20260923-2409-130930,20260923,2409,友達,SHORT,LOSER,0.7468056220688456,0.005699545357878089,0.0028860028860029363,0.007183908045977017,0.02894356005788712,0.0014471780028944004,0.8247634718222954,-1556.0,KEEP,True
VWAP_MAX_125BP,20260924-2409-090900,20260924,2409,友達,SHORT,WINNER,0.6751867182037729,0.008295761987336392,0.004267425320056861,0.026425591098748313,-0.0071428571428571175,0.0014285714285713347,0.6759987417426864,2441.0,KEEP,True
VWAP_MAX_125BP,20260924-3605-090900,20260924,3605,宏致,LONG,LOSER,0.495416817613998,0.00369555316833714,0.005540166204986097,0.0,0.011142061281337101,0.0027624309392264568,0.41935483870967744,-585.0,KEEP,True
VWAP_MAX_125BP,20260924-2033-091030,20260924,2033,佳大,SHORT,WINNER,0.6532359481634844,0.010621566795067316,0.008021390374331472,0.023684210526315752,0.014824797843665749,0.0040431266846361336,0.654320987654321,4158.0,KEEP,True
VWAP_MAX_125BP,20260924-4956-093400,20260924,4956,光鋐,LONG,LOSER,0.7357558139534883,0.007967074602401425,0.006479481641468832,0.009750812567713929,0.07003444316877161,0.004310344827586299,0.75,-3593.0,KEEP,True
VWAP_MAX_125BP,20260924-3624-115700,20260924,3624,光頡,LONG,LOSER,0.751071763780726,0.015799053818646325,0.007194244604316502,0.007194244604316502,0.05660377358490565,0.0035842293906809264,0.7468354430379747,-3945.0,SKIP_AS_OVEREXTENDED,True
VWAP_MAX_125BP,20260924-6456-131000,20260924,6456,GIS-KY,LONG,LOSER,0.833472371980402,0.04416394435322535,0.009828009828009687,0.018587360594795488,0.05384615384615388,0.004889975550122383,0.845771144278607,-2126.0,SKIP_AS_OVEREXTENDED,True
VWAP_MAX_150BP,20260922-1709-093200,20260922,1709,和益,SHORT,WINNER,0.6628052440782412,0.0060612613529397175,0.00793650793650802,,0.005714285714285783,0.0034285714285713365,0.4700460829493088,4442.0,KEEP,False
VWAP_MAX_150BP,20260923-3229-092830,20260923,3229,晟鈦,SHORT,LOSER,0.8375,0.014272953425604862,0.007005253940455369,0.017331022530329254,0.01763668430335108,0.005291005291005346,1.0,-3549.0,KEEP,True
VWAP_MAX_150BP,20260923-8111-093300,20260923,8111,立碁,LONG,LOSER,0.7289318507818726,0.0023879645349345058,0.0039525691699604515,-0.002617801047120505,-0.009102730819245841,0.0026315789473685403,0.746031746031746,-3684.0,KEEP,True
VWAP_MAX_150BP,20260923-3094-094300,20260923,3094,聯傑,LONG,WINNER,0.5499631919957078,0.0011638624085883453,0.01158301158301156,0.01158301158301156,-0.01132075471698113,0.0057581573896352545,0.6645962732919255,7874.0,KEEP,True
VWAP_MAX_150BP,20260923-4956-095730,20260923,4956,光鋐,SHORT,LOSER,0.8123689727463312,0.013197868143394409,0.004424778761062065,0.008810572687224627,0.01777777777777767,0.0033333333333334103,0.9555555555555556,-778.0,KEEP,True
VWAP_MAX_150BP,20260923-1709-095830,20260923,1709,和益,SHORT,LOSER,0.5948559063053916,0.035694958286478284,0.005434782608695676,0.010810810810810811,0.06229508196721323,0.002185792349726823,0.5747303543913713,-3591.0,SKIP_AS_OVEREXTENDED,True
VWAP_MAX_150BP,20260923-2221-100530,20260923,2221,大甲,LONG,WINNER,0.513309056966174,0.0016627756852380937,0.006250000000000089,0.0031152647975076775,0.0031152647975076775,0.0031152647975076775,0.46938775510204084,3470.0,KEEP,True
VWAP_MAX_150BP,20260923-2033-113900,20260923,2033,佳大,SHORT,LOSER,0.8400000000000001,0.037014781691381615,0.01072386058981234,0.012048192771084376,0.05555555555555558,0.00406504065040636,1.0,-1342.0,SKIP_AS_OVEREXTENDED,True
VWAP_MAX_150BP,20260923-3605-121730,20260923,3605,宏致,SHORT,WINNER,0.6567156922922335,0.0003761435188438522,0.005420054200542035,-0.0,-0.010899182561307952,0.0027247956403269047,0.9016393442622951,1913.0,KEEP,True
VWAP_MAX_150BP,20260923-6168-124430,20260923,6168,宏齊,SHORT,LOSER,0.8182281620281068,0.008444647866145183,0.0012195121951218413,0.0060679611650485965,0.04517704517704502,0.0012210012210012167,0.9473684210526315,-1327.0,KEEP,True
VWAP_MAX_150BP,20260923-2409-130930,20260923,2409,友達,SHORT,LOSER,0.7468056220688456,0.005699545357878089,0.0028860028860029363,0.007183908045977017,0.02894356005788712,0.0014471780028944004,0.8247634718222954,-1556.0,KEEP,True
VWAP_MAX_150BP,20260924-2409-090900,20260924,2409,友達,SHORT,WINNER,0.6751867182037729,0.008295761987336392,0.004267425320056861,0.026425591098748313,-0.0071428571428571175,0.0014285714285713347,0.6759987417426864,2441.0,KEEP,True
VWAP_MAX_150BP,20260924-3605-090900,20260924,3605,宏致,LONG,LOSER,0.495416817613998,0.00369555316833714,0.005540166204986097,0.0,0.011142061281337101,0.0027624309392264568,0.41935483870967744,-585.0,KEEP,True
VWAP_MAX_150BP,20260924-2033-091030,20260924,2033,佳大,SHORT,WINNER,0.6532359481634844,0.010621566795067316,0.008021390374331472,0.023684210526315752,0.014824797843665749,0.0040431266846361336,0.654320987654321,4158.0,KEEP,True
VWAP_MAX_150BP,20260924-4956-093400,20260924,4956,光鋐,LONG,LOSER,0.7357558139534883,0.007967074602401425,0.006479481641468832,0.009750812567713929,0.07003444316877161,0.004310344827586299,0.75,-3593.0,KEEP,True
VWAP_MAX_150BP,20260924-3624-115700,20260924,3624,光頡,LONG,LOSER,0.751071763780726,0.015799053818646325,0.007194244604316502,0.007194244604316502,0.05660377358490565,0.0035842293906809264,0.7468354430379747,-3945.0,SKIP_AS_OVEREXTENDED,True
VWAP_MAX_150BP,20260924-6456-131000,20260924,6456,GIS-KY,LONG,LOSER,0.833472371980402,0.04416394435322535,0.009828009828009687,0.018587360594795488,0.05384615384615388,0.004889975550122383,0.845771144278607,-2126.0,SKIP_AS_OVEREXTENDED,True
VWAP_MAX_200BP,20260922-1709-093200,20260922,1709,和益,SHORT,WINNER,0.6628052440782412,0.0060612613529397175,0.00793650793650802,,0.005714285714285783,0.0034285714285713365,0.4700460829493088,4442.0,KEEP,False
VWAP_MAX_200BP,20260923-3229-092830,20260923,3229,晟鈦,SHORT,LOSER,0.8375,0.014272953425604862,0.007005253940455369,0.017331022530329254,0.01763668430335108,0.005291005291005346,1.0,-3549.0,KEEP,True
VWAP_MAX_200BP,20260923-8111-093300,20260923,8111,立碁,LONG,LOSER,0.7289318507818726,0.0023879645349345058,0.0039525691699604515,-0.002617801047120505,-0.009102730819245841,0.0026315789473685403,0.746031746031746,-3684.0,KEEP,True
VWAP_MAX_200BP,20260923-3094-094300,20260923,3094,聯傑,LONG,WINNER,0.5499631919957078,0.0011638624085883453,0.01158301158301156,0.01158301158301156,-0.01132075471698113,0.0057581573896352545,0.6645962732919255,7874.0,KEEP,True
VWAP_MAX_200BP,20260923-4956-095730,20260923,4956,光鋐,SHORT,LOSER,0.8123689727463312,0.013197868143394409,0.004424778761062065,0.008810572687224627,0.01777777777777767,0.0033333333333334103,0.9555555555555556,-778.0,KEEP,True
VWAP_MAX_200BP,20260923-1709-095830,20260923,1709,和益,SHORT,LOSER,0.5948559063053916,0.035694958286478284,0.005434782608695676,0.010810810810810811,0.06229508196721323,0.002185792349726823,0.5747303543913713,-3591.0,SKIP_AS_OVEREXTENDED,True
VWAP_MAX_200BP,20260923-2221-100530,20260923,2221,大甲,LONG,WINNER,0.513309056966174,0.0016627756852380937,0.006250000000000089,0.0031152647975076775,0.0031152647975076775,0.0031152647975076775,0.46938775510204084,3470.0,KEEP,True
VWAP_MAX_200BP,20260923-2033-113900,20260923,2033,佳大,SHORT,LOSER,0.8400000000000001,0.037014781691381615,0.01072386058981234,0.012048192771084376,0.05555555555555558,0.00406504065040636,1.0,-1342.0,SKIP_AS_OVEREXTENDED,True
VWAP_MAX_200BP,20260923-3605-121730,20260923,3605,宏致,SHORT,WINNER,0.6567156922922335,0.0003761435188438522,0.005420054200542035,-0.0,-0.010899182561307952,0.0027247956403269047,0.9016393442622951,1913.0,KEEP,True
VWAP_MAX_200BP,20260923-6168-124430,20260923,6168,宏齊,SHORT,LOSER,0.8182281620281068,0.008444647866145183,0.0012195121951218413,0.0060679611650485965,0.04517704517704502,0.0012210012210012167,0.9473684210526315,-1327.0,KEEP,True
VWAP_MAX_200BP,20260923-2409-130930,20260923,2409,友達,SHORT,LOSER,0.7468056220688456,0.005699545357878089,0.0028860028860029363,0.007183908045977017,0.02894356005788712,0.0014471780028944004,0.8247634718222954,-1556.0,KEEP,True
VWAP_MAX_200BP,20260924-2409-090900,20260924,2409,友達,SHORT,WINNER,0.6751867182037729,0.008295761987336392,0.004267425320056861,0.026425591098748313,-0.0071428571428571175,0.0014285714285713347,0.6759987417426864,2441.0,KEEP,True
VWAP_MAX_200BP,20260924-3605-090900,20260924,3605,宏致,LONG,LOSER,0.495416817613998,0.00369555316833714,0.005540166204986097,0.0,0.011142061281337101,0.0027624309392264568,0.41935483870967744,-585.0,KEEP,True
VWAP_MAX_200BP,20260924-2033-091030,20260924,2033,佳大,SHORT,WINNER,0.6532359481634844,0.010621566795067316,0.008021390374331472,0.023684210526315752,0.014824797843665749,0.0040431266846361336,0.654320987654321,4158.0,KEEP,True
VWAP_MAX_200BP,20260924-4956-093400,20260924,4956,光鋐,LONG,LOSER,0.7357558139534883,0.007967074602401425,0.006479481641468832,0.009750812567713929,0.07003444316877161,0.004310344827586299,0.75,-3593.0,KEEP,True
VWAP_MAX_200BP,20260924-3624-115700,20260924,3624,光頡,LONG,LOSER,0.751071763780726,0.015799053818646325,0.007194244604316502,0.007194244604316502,0.05660377358490565,0.0035842293906809264,0.7468354430379747,-3945.0,KEEP,True
VWAP_MAX_200BP,20260924-6456-131000,20260924,6456,GIS-KY,LONG,LOSER,0.833472371980402,0.04416394435322535,0.009828009828009687,0.018587360594795488,0.05384615384615388,0.004889975550122383,0.845771144278607,-2126.0,SKIP_AS_OVEREXTENDED,True
RETURN_5M_MAX_2PCT,20260922-1709-093200,20260922,1709,和益,SHORT,WINNER,0.6628052440782412,0.0060612613529397175,0.00793650793650802,,0.005714285714285783,0.0034285714285713365,0.4700460829493088,4442.0,SKIP_AS_OVEREXTENDED,False
RETURN_5M_MAX_2PCT,20260923-3229-092830,20260923,3229,晟鈦,SHORT,LOSER,0.8375,0.014272953425604862,0.007005253940455369,0.017331022530329254,0.01763668430335108,0.005291005291005346,1.0,-3549.0,KEEP,True
RETURN_5M_MAX_2PCT,20260923-8111-093300,20260923,8111,立碁,LONG,LOSER,0.7289318507818726,0.0023879645349345058,0.0039525691699604515,-0.002617801047120505,-0.009102730819245841,0.0026315789473685403,0.746031746031746,-3684.0,KEEP,True
RETURN_5M_MAX_2PCT,20260923-3094-094300,20260923,3094,聯傑,LONG,WINNER,0.5499631919957078,0.0011638624085883453,0.01158301158301156,0.01158301158301156,-0.01132075471698113,0.0057581573896352545,0.6645962732919255,7874.0,KEEP,True
RETURN_5M_MAX_2PCT,20260923-4956-095730,20260923,4956,光鋐,SHORT,LOSER,0.8123689727463312,0.013197868143394409,0.004424778761062065,0.008810572687224627,0.01777777777777767,0.0033333333333334103,0.9555555555555556,-778.0,KEEP,True
RETURN_5M_MAX_2PCT,20260923-1709-095830,20260923,1709,和益,SHORT,LOSER,0.5948559063053916,0.035694958286478284,0.005434782608695676,0.010810810810810811,0.06229508196721323,0.002185792349726823,0.5747303543913713,-3591.0,KEEP,True
RETURN_5M_MAX_2PCT,20260923-2221-100530,20260923,2221,大甲,LONG,WINNER,0.513309056966174,0.0016627756852380937,0.006250000000000089,0.0031152647975076775,0.0031152647975076775,0.0031152647975076775,0.46938775510204084,3470.0,KEEP,True
RETURN_5M_MAX_2PCT,20260923-2033-113900,20260923,2033,佳大,SHORT,LOSER,0.8400000000000001,0.037014781691381615,0.01072386058981234,0.012048192771084376,0.05555555555555558,0.00406504065040636,1.0,-1342.0,KEEP,True
RETURN_5M_MAX_2PCT,20260923-3605-121730,20260923,3605,宏致,SHORT,WINNER,0.6567156922922335,0.0003761435188438522,0.005420054200542035,-0.0,-0.010899182561307952,0.0027247956403269047,0.9016393442622951,1913.0,KEEP,True
RETURN_5M_MAX_2PCT,20260923-6168-124430,20260923,6168,宏齊,SHORT,LOSER,0.8182281620281068,0.008444647866145183,0.0012195121951218413,0.0060679611650485965,0.04517704517704502,0.0012210012210012167,0.9473684210526315,-1327.0,KEEP,True
RETURN_5M_MAX_2PCT,20260923-2409-130930,20260923,2409,友達,SHORT,LOSER,0.7468056220688456,0.005699545357878089,0.0028860028860029363,0.007183908045977017,0.02894356005788712,0.0014471780028944004,0.8247634718222954,-1556.0,KEEP,True
RETURN_5M_MAX_2PCT,20260924-2409-090900,20260924,2409,友達,SHORT,WINNER,0.6751867182037729,0.008295761987336392,0.004267425320056861,0.026425591098748313,-0.0071428571428571175,0.0014285714285713347,0.6759987417426864,2441.0,SKIP_AS_OVEREXTENDED,True
RETURN_5M_MAX_2PCT,20260924-3605-090900,20260924,3605,宏致,LONG,LOSER,0.495416817613998,0.00369555316833714,0.005540166204986097,0.0,0.011142061281337101,0.0027624309392264568,0.41935483870967744,-585.0,KEEP,True
RETURN_5M_MAX_2PCT,20260924-2033-091030,20260924,2033,佳大,SHORT,WINNER,0.6532359481634844,0.010621566795067316,0.008021390374331472,0.023684210526315752,0.014824797843665749,0.0040431266846361336,0.654320987654321,4158.0,SKIP_AS_OVEREXTENDED,True
RETURN_5M_MAX_2PCT,20260924-4956-093400,20260924,4956,光鋐,LONG,LOSER,0.7357558139534883,0.007967074602401425,0.006479481641468832,0.009750812567713929,0.07003444316877161,0.004310344827586299,0.75,-3593.0,KEEP,True
RETURN_5M_MAX_2PCT,20260924-3624-115700,20260924,3624,光頡,LONG,LOSER,0.751071763780726,0.015799053818646325,0.007194244604316502,0.007194244604316502,0.05660377358490565,0.0035842293906809264,0.7468354430379747,-3945.0,KEEP,True
RETURN_5M_MAX_2PCT,20260924-6456-131000,20260924,6456,GIS-KY,LONG,LOSER,0.833472371980402,0.04416394435322535,0.009828009828009687,0.018587360594795488,0.05384615384615388,0.004889975550122383,0.845771144278607,-2126.0,KEEP,True
RETURN_5M_MAX_3PCT,20260922-1709-093200,20260922,1709,和益,SHORT,WINNER,0.6628052440782412,0.0060612613529397175,0.00793650793650802,,0.005714285714285783,0.0034285714285713365,0.4700460829493088,4442.0,SKIP_AS_OVEREXTENDED,False
RETURN_5M_MAX_3PCT,20260923-3229-092830,20260923,3229,晟鈦,SHORT,LOSER,0.8375,0.014272953425604862,0.007005253940455369,0.017331022530329254,0.01763668430335108,0.005291005291005346,1.0,-3549.0,KEEP,True
RETURN_5M_MAX_3PCT,20260923-8111-093300,20260923,8111,立碁,LONG,LOSER,0.7289318507818726,0.0023879645349345058,0.0039525691699604515,-0.002617801047120505,-0.009102730819245841,0.0026315789473685403,0.746031746031746,-3684.0,KEEP,True
RETURN_5M_MAX_3PCT,20260923-3094-094300,20260923,3094,聯傑,LONG,WINNER,0.5499631919957078,0.0011638624085883453,0.01158301158301156,0.01158301158301156,-0.01132075471698113,0.0057581573896352545,0.6645962732919255,7874.0,KEEP,True
RETURN_5M_MAX_3PCT,20260923-4956-095730,20260923,4956,光鋐,SHORT,LOSER,0.8123689727463312,0.013197868143394409,0.004424778761062065,0.008810572687224627,0.01777777777777767,0.0033333333333334103,0.9555555555555556,-778.0,KEEP,True
RETURN_5M_MAX_3PCT,20260923-1709-095830,20260923,1709,和益,SHORT,LOSER,0.5948559063053916,0.035694958286478284,0.005434782608695676,0.010810810810810811,0.06229508196721323,0.002185792349726823,0.5747303543913713,-3591.0,KEEP,True
RETURN_5M_MAX_3PCT,20260923-2221-100530,20260923,2221,大甲,LONG,WINNER,0.513309056966174,0.0016627756852380937,0.006250000000000089,0.0031152647975076775,0.0031152647975076775,0.0031152647975076775,0.46938775510204084,3470.0,KEEP,True
RETURN_5M_MAX_3PCT,20260923-2033-113900,20260923,2033,佳大,SHORT,LOSER,0.8400000000000001,0.037014781691381615,0.01072386058981234,0.012048192771084376,0.05555555555555558,0.00406504065040636,1.0,-1342.0,KEEP,True
RETURN_5M_MAX_3PCT,20260923-3605-121730,20260923,3605,宏致,SHORT,WINNER,0.6567156922922335,0.0003761435188438522,0.005420054200542035,-0.0,-0.010899182561307952,0.0027247956403269047,0.9016393442622951,1913.0,KEEP,True
RETURN_5M_MAX_3PCT,20260923-6168-124430,20260923,6168,宏齊,SHORT,LOSER,0.8182281620281068,0.008444647866145183,0.0012195121951218413,0.0060679611650485965,0.04517704517704502,0.0012210012210012167,0.9473684210526315,-1327.0,KEEP,True
RETURN_5M_MAX_3PCT,20260923-2409-130930,20260923,2409,友達,SHORT,LOSER,0.7468056220688456,0.005699545357878089,0.0028860028860029363,0.007183908045977017,0.02894356005788712,0.0014471780028944004,0.8247634718222954,-1556.0,KEEP,True
RETURN_5M_MAX_3PCT,20260924-2409-090900,20260924,2409,友達,SHORT,WINNER,0.6751867182037729,0.008295761987336392,0.004267425320056861,0.026425591098748313,-0.0071428571428571175,0.0014285714285713347,0.6759987417426864,2441.0,KEEP,True
RETURN_5M_MAX_3PCT,20260924-3605-090900,20260924,3605,宏致,LONG,LOSER,0.495416817613998,0.00369555316833714,0.005540166204986097,0.0,0.011142061281337101,0.0027624309392264568,0.41935483870967744,-585.0,KEEP,True
RETURN_5M_MAX_3PCT,20260924-2033-091030,20260924,2033,佳大,SHORT,WINNER,0.6532359481634844,0.010621566795067316,0.008021390374331472,0.023684210526315752,0.014824797843665749,0.0040431266846361336,0.654320987654321,4158.0,KEEP,True
RETURN_5M_MAX_3PCT,20260924-4956-093400,20260924,4956,光鋐,LONG,LOSER,0.7357558139534883,0.007967074602401425,0.006479481641468832,0.009750812567713929,0.07003444316877161,0.004310344827586299,0.75,-3593.0,KEEP,True
RETURN_5M_MAX_3PCT,20260924-3624-115700,20260924,3624,光頡,LONG,LOSER,0.751071763780726,0.015799053818646325,0.007194244604316502,0.007194244604316502,0.05660377358490565,0.0035842293906809264,0.7468354430379747,-3945.0,KEEP,True
RETURN_5M_MAX_3PCT,20260924-6456-131000,20260924,6456,GIS-KY,LONG,LOSER,0.833472371980402,0.04416394435322535,0.009828009828009687,0.018587360594795488,0.05384615384615388,0.004889975550122383,0.845771144278607,-2126.0,KEEP,True
RETURN_5M_MAX_4PCT,20260922-1709-093200,20260922,1709,和益,SHORT,WINNER,0.6628052440782412,0.0060612613529397175,0.00793650793650802,,0.005714285714285783,0.0034285714285713365,0.4700460829493088,4442.0,SKIP_AS_OVEREXTENDED,False
RETURN_5M_MAX_4PCT,20260923-3229-092830,20260923,3229,晟鈦,SHORT,LOSER,0.8375,0.014272953425604862,0.007005253940455369,0.017331022530329254,0.01763668430335108,0.005291005291005346,1.0,-3549.0,KEEP,True
RETURN_5M_MAX_4PCT,20260923-8111-093300,20260923,8111,立碁,LONG,LOSER,0.7289318507818726,0.0023879645349345058,0.0039525691699604515,-0.002617801047120505,-0.009102730819245841,0.0026315789473685403,0.746031746031746,-3684.0,KEEP,True
RETURN_5M_MAX_4PCT,20260923-3094-094300,20260923,3094,聯傑,LONG,WINNER,0.5499631919957078,0.0011638624085883453,0.01158301158301156,0.01158301158301156,-0.01132075471698113,0.0057581573896352545,0.6645962732919255,7874.0,KEEP,True
RETURN_5M_MAX_4PCT,20260923-4956-095730,20260923,4956,光鋐,SHORT,LOSER,0.8123689727463312,0.013197868143394409,0.004424778761062065,0.008810572687224627,0.01777777777777767,0.0033333333333334103,0.9555555555555556,-778.0,KEEP,True
RETURN_5M_MAX_4PCT,20260923-1709-095830,20260923,1709,和益,SHORT,LOSER,0.5948559063053916,0.035694958286478284,0.005434782608695676,0.010810810810810811,0.06229508196721323,0.002185792349726823,0.5747303543913713,-3591.0,KEEP,True
RETURN_5M_MAX_4PCT,20260923-2221-100530,20260923,2221,大甲,LONG,WINNER,0.513309056966174,0.0016627756852380937,0.006250000000000089,0.0031152647975076775,0.0031152647975076775,0.0031152647975076775,0.46938775510204084,3470.0,KEEP,True
RETURN_5M_MAX_4PCT,20260923-2033-113900,20260923,2033,佳大,SHORT,LOSER,0.8400000000000001,0.037014781691381615,0.01072386058981234,0.012048192771084376,0.05555555555555558,0.00406504065040636,1.0,-1342.0,KEEP,True
RETURN_5M_MAX_4PCT,20260923-3605-121730,20260923,3605,宏致,SHORT,WINNER,0.6567156922922335,0.0003761435188438522,0.005420054200542035,-0.0,-0.010899182561307952,0.0027247956403269047,0.9016393442622951,1913.0,KEEP,True
RETURN_5M_MAX_4PCT,20260923-6168-124430,20260923,6168,宏齊,SHORT,LOSER,0.8182281620281068,0.008444647866145183,0.0012195121951218413,0.0060679611650485965,0.04517704517704502,0.0012210012210012167,0.9473684210526315,-1327.0,KEEP,True
RETURN_5M_MAX_4PCT,20260923-2409-130930,20260923,2409,友達,SHORT,LOSER,0.7468056220688456,0.005699545357878089,0.0028860028860029363,0.007183908045977017,0.02894356005788712,0.0014471780028944004,0.8247634718222954,-1556.0,KEEP,True
RETURN_5M_MAX_4PCT,20260924-2409-090900,20260924,2409,友達,SHORT,WINNER,0.6751867182037729,0.008295761987336392,0.004267425320056861,0.026425591098748313,-0.0071428571428571175,0.0014285714285713347,0.6759987417426864,2441.0,KEEP,True
RETURN_5M_MAX_4PCT,20260924-3605-090900,20260924,3605,宏致,LONG,LOSER,0.495416817613998,0.00369555316833714,0.005540166204986097,0.0,0.011142061281337101,0.0027624309392264568,0.41935483870967744,-585.0,KEEP,True
RETURN_5M_MAX_4PCT,20260924-2033-091030,20260924,2033,佳大,SHORT,WINNER,0.6532359481634844,0.010621566795067316,0.008021390374331472,0.023684210526315752,0.014824797843665749,0.0040431266846361336,0.654320987654321,4158.0,KEEP,True
RETURN_5M_MAX_4PCT,20260924-4956-093400,20260924,4956,光鋐,LONG,LOSER,0.7357558139534883,0.007967074602401425,0.006479481641468832,0.009750812567713929,0.07003444316877161,0.004310344827586299,0.75,-3593.0,KEEP,True
RETURN_5M_MAX_4PCT,20260924-3624-115700,20260924,3624,光頡,LONG,LOSER,0.751071763780726,0.015799053818646325,0.007194244604316502,0.007194244604316502,0.05660377358490565,0.0035842293906809264,0.7468354430379747,-3945.0,KEEP,True
RETURN_5M_MAX_4PCT,20260924-6456-131000,20260924,6456,GIS-KY,LONG,LOSER,0.833472371980402,0.04416394435322535,0.009828009828009687,0.018587360594795488,0.05384615384615388,0.004889975550122383,0.845771144278607,-2126.0,KEEP,True
RETURN_5M_MAX_5PCT,20260922-1709-093200,20260922,1709,和益,SHORT,WINNER,0.6628052440782412,0.0060612613529397175,0.00793650793650802,,0.005714285714285783,0.0034285714285713365,0.4700460829493088,4442.0,SKIP_AS_OVEREXTENDED,False
RETURN_5M_MAX_5PCT,20260923-3229-092830,20260923,3229,晟鈦,SHORT,LOSER,0.8375,0.014272953425604862,0.007005253940455369,0.017331022530329254,0.01763668430335108,0.005291005291005346,1.0,-3549.0,KEEP,True
RETURN_5M_MAX_5PCT,20260923-8111-093300,20260923,8111,立碁,LONG,LOSER,0.7289318507818726,0.0023879645349345058,0.0039525691699604515,-0.002617801047120505,-0.009102730819245841,0.0026315789473685403,0.746031746031746,-3684.0,KEEP,True
RETURN_5M_MAX_5PCT,20260923-3094-094300,20260923,3094,聯傑,LONG,WINNER,0.5499631919957078,0.0011638624085883453,0.01158301158301156,0.01158301158301156,-0.01132075471698113,0.0057581573896352545,0.6645962732919255,7874.0,KEEP,True
RETURN_5M_MAX_5PCT,20260923-4956-095730,20260923,4956,光鋐,SHORT,LOSER,0.8123689727463312,0.013197868143394409,0.004424778761062065,0.008810572687224627,0.01777777777777767,0.0033333333333334103,0.9555555555555556,-778.0,KEEP,True
RETURN_5M_MAX_5PCT,20260923-1709-095830,20260923,1709,和益,SHORT,LOSER,0.5948559063053916,0.035694958286478284,0.005434782608695676,0.010810810810810811,0.06229508196721323,0.002185792349726823,0.5747303543913713,-3591.0,KEEP,True
RETURN_5M_MAX_5PCT,20260923-2221-100530,20260923,2221,大甲,LONG,WINNER,0.513309056966174,0.0016627756852380937,0.006250000000000089,0.0031152647975076775,0.0031152647975076775,0.0031152647975076775,0.46938775510204084,3470.0,KEEP,True
RETURN_5M_MAX_5PCT,20260923-2033-113900,20260923,2033,佳大,SHORT,LOSER,0.8400000000000001,0.037014781691381615,0.01072386058981234,0.012048192771084376,0.05555555555555558,0.00406504065040636,1.0,-1342.0,KEEP,True
RETURN_5M_MAX_5PCT,20260923-3605-121730,20260923,3605,宏致,SHORT,WINNER,0.6567156922922335,0.0003761435188438522,0.005420054200542035,-0.0,-0.010899182561307952,0.0027247956403269047,0.9016393442622951,1913.0,KEEP,True
RETURN_5M_MAX_5PCT,20260923-6168-124430,20260923,6168,宏齊,SHORT,LOSER,0.8182281620281068,0.008444647866145183,0.0012195121951218413,0.0060679611650485965,0.04517704517704502,0.0012210012210012167,0.9473684210526315,-1327.0,KEEP,True
RETURN_5M_MAX_5PCT,20260923-2409-130930,20260923,2409,友達,SHORT,LOSER,0.7468056220688456,0.005699545357878089,0.0028860028860029363,0.007183908045977017,0.02894356005788712,0.0014471780028944004,0.8247634718222954,-1556.0,KEEP,True
RETURN_5M_MAX_5PCT,20260924-2409-090900,20260924,2409,友達,SHORT,WINNER,0.6751867182037729,0.008295761987336392,0.004267425320056861,0.026425591098748313,-0.0071428571428571175,0.0014285714285713347,0.6759987417426864,2441.0,KEEP,True
RETURN_5M_MAX_5PCT,20260924-3605-090900,20260924,3605,宏致,LONG,LOSER,0.495416817613998,0.00369555316833714,0.005540166204986097,0.0,0.011142061281337101,0.0027624309392264568,0.41935483870967744,-585.0,KEEP,True
RETURN_5M_MAX_5PCT,20260924-2033-091030,20260924,2033,佳大,SHORT,WINNER,0.6532359481634844,0.010621566795067316,0.008021390374331472,0.023684210526315752,0.014824797843665749,0.0040431266846361336,0.654320987654321,4158.0,KEEP,True
RETURN_5M_MAX_5PCT,20260924-4956-093400,20260924,4956,光鋐,LONG,LOSER,0.7357558139534883,0.007967074602401425,0.006479481641468832,0.009750812567713929,0.07003444316877161,0.004310344827586299,0.75,-3593.0,KEEP,True
RETURN_5M_MAX_5PCT,20260924-3624-115700,20260924,3624,光頡,LONG,LOSER,0.751071763780726,0.015799053818646325,0.007194244604316502,0.007194244604316502,0.05660377358490565,0.0035842293906809264,0.7468354430379747,-3945.0,KEEP,True
RETURN_5M_MAX_5PCT,20260924-6456-131000,20260924,6456,GIS-KY,LONG,LOSER,0.833472371980402,0.04416394435322535,0.009828009828009687,0.018587360594795488,0.05384615384615388,0.004889975550122383,0.845771144278607,-2126.0,KEEP,True
RETURN_1M_MAX_75BP,20260922-1709-093200,20260922,1709,和益,SHORT,WINNER,0.6628052440782412,0.0060612613529397175,0.00793650793650802,,0.005714285714285783,0.0034285714285713365,0.4700460829493088,4442.0,SKIP_AS_OVEREXTENDED,False
RETURN_1M_MAX_75BP,20260923-3229-092830,20260923,3229,晟鈦,SHORT,LOSER,0.8375,0.014272953425604862,0.007005253940455369,0.017331022530329254,0.01763668430335108,0.005291005291005346,1.0,-3549.0,KEEP,True
RETURN_1M_MAX_75BP,20260923-8111-093300,20260923,8111,立碁,LONG,LOSER,0.7289318507818726,0.0023879645349345058,0.0039525691699604515,-0.002617801047120505,-0.009102730819245841,0.0026315789473685403,0.746031746031746,-3684.0,KEEP,True
RETURN_1M_MAX_75BP,20260923-3094-094300,20260923,3094,聯傑,LONG,WINNER,0.5499631919957078,0.0011638624085883453,0.01158301158301156,0.01158301158301156,-0.01132075471698113,0.0057581573896352545,0.6645962732919255,7874.0,SKIP_AS_OVEREXTENDED,True
RETURN_1M_MAX_75BP,20260923-4956-095730,20260923,4956,光鋐,SHORT,LOSER,0.8123689727463312,0.013197868143394409,0.004424778761062065,0.008810572687224627,0.01777777777777767,0.0033333333333334103,0.9555555555555556,-778.0,KEEP,True
RETURN_1M_MAX_75BP,20260923-1709-095830,20260923,1709,和益,SHORT,LOSER,0.5948559063053916,0.035694958286478284,0.005434782608695676,0.010810810810810811,0.06229508196721323,0.002185792349726823,0.5747303543913713,-3591.0,KEEP,True
RETURN_1M_MAX_75BP,20260923-2221-100530,20260923,2221,大甲,LONG,WINNER,0.513309056966174,0.0016627756852380937,0.006250000000000089,0.0031152647975076775,0.0031152647975076775,0.0031152647975076775,0.46938775510204084,3470.0,KEEP,True
RETURN_1M_MAX_75BP,20260923-2033-113900,20260923,2033,佳大,SHORT,LOSER,0.8400000000000001,0.037014781691381615,0.01072386058981234,0.012048192771084376,0.05555555555555558,0.00406504065040636,1.0,-1342.0,SKIP_AS_OVEREXTENDED,True
RETURN_1M_MAX_75BP,20260923-3605-121730,20260923,3605,宏致,SHORT,WINNER,0.6567156922922335,0.0003761435188438522,0.005420054200542035,-0.0,-0.010899182561307952,0.0027247956403269047,0.9016393442622951,1913.0,KEEP,True
RETURN_1M_MAX_75BP,20260923-6168-124430,20260923,6168,宏齊,SHORT,LOSER,0.8182281620281068,0.008444647866145183,0.0012195121951218413,0.0060679611650485965,0.04517704517704502,0.0012210012210012167,0.9473684210526315,-1327.0,KEEP,True
RETURN_1M_MAX_75BP,20260923-2409-130930,20260923,2409,友達,SHORT,LOSER,0.7468056220688456,0.005699545357878089,0.0028860028860029363,0.007183908045977017,0.02894356005788712,0.0014471780028944004,0.8247634718222954,-1556.0,KEEP,True
RETURN_1M_MAX_75BP,20260924-2409-090900,20260924,2409,友達,SHORT,WINNER,0.6751867182037729,0.008295761987336392,0.004267425320056861,0.026425591098748313,-0.0071428571428571175,0.0014285714285713347,0.6759987417426864,2441.0,KEEP,True
RETURN_1M_MAX_75BP,20260924-3605-090900,20260924,3605,宏致,LONG,LOSER,0.495416817613998,0.00369555316833714,0.005540166204986097,0.0,0.011142061281337101,0.0027624309392264568,0.41935483870967744,-585.0,KEEP,True
RETURN_1M_MAX_75BP,20260924-2033-091030,20260924,2033,佳大,SHORT,WINNER,0.6532359481634844,0.010621566795067316,0.008021390374331472,0.023684210526315752,0.014824797843665749,0.0040431266846361336,0.654320987654321,4158.0,SKIP_AS_OVEREXTENDED,True
RETURN_1M_MAX_75BP,20260924-4956-093400,20260924,4956,光鋐,LONG,LOSER,0.7357558139534883,0.007967074602401425,0.006479481641468832,0.009750812567713929,0.07003444316877161,0.004310344827586299,0.75,-3593.0,KEEP,True
RETURN_1M_MAX_75BP,20260924-3624-115700,20260924,3624,光頡,LONG,LOSER,0.751071763780726,0.015799053818646325,0.007194244604316502,0.007194244604316502,0.05660377358490565,0.0035842293906809264,0.7468354430379747,-3945.0,KEEP,True
RETURN_1M_MAX_75BP,20260924-6456-131000,20260924,6456,GIS-KY,LONG,LOSER,0.833472371980402,0.04416394435322535,0.009828009828009687,0.018587360594795488,0.05384615384615388,0.004889975550122383,0.845771144278607,-2126.0,SKIP_AS_OVEREXTENDED,True
RETURN_1M_MAX_100BP,20260922-1709-093200,20260922,1709,和益,SHORT,WINNER,0.6628052440782412,0.0060612613529397175,0.00793650793650802,,0.005714285714285783,0.0034285714285713365,0.4700460829493088,4442.0,KEEP,False
RETURN_1M_MAX_100BP,20260923-3229-092830,20260923,3229,晟鈦,SHORT,LOSER,0.8375,0.014272953425604862,0.007005253940455369,0.017331022530329254,0.01763668430335108,0.005291005291005346,1.0,-3549.0,KEEP,True
RETURN_1M_MAX_100BP,20260923-8111-093300,20260923,8111,立碁,LONG,LOSER,0.7289318507818726,0.0023879645349345058,0.0039525691699604515,-0.002617801047120505,-0.009102730819245841,0.0026315789473685403,0.746031746031746,-3684.0,KEEP,True
RETURN_1M_MAX_100BP,20260923-3094-094300,20260923,3094,聯傑,LONG,WINNER,0.5499631919957078,0.0011638624085883453,0.01158301158301156,0.01158301158301156,-0.01132075471698113,0.0057581573896352545,0.6645962732919255,7874.0,SKIP_AS_OVEREXTENDED,True
RETURN_1M_MAX_100BP,20260923-4956-095730,20260923,4956,光鋐,SHORT,LOSER,0.8123689727463312,0.013197868143394409,0.004424778761062065,0.008810572687224627,0.01777777777777767,0.0033333333333334103,0.9555555555555556,-778.0,KEEP,True
RETURN_1M_MAX_100BP,20260923-1709-095830,20260923,1709,和益,SHORT,LOSER,0.5948559063053916,0.035694958286478284,0.005434782608695676,0.010810810810810811,0.06229508196721323,0.002185792349726823,0.5747303543913713,-3591.0,KEEP,True
RETURN_1M_MAX_100BP,20260923-2221-100530,20260923,2221,大甲,LONG,WINNER,0.513309056966174,0.0016627756852380937,0.006250000000000089,0.0031152647975076775,0.0031152647975076775,0.0031152647975076775,0.46938775510204084,3470.0,KEEP,True
RETURN_1M_MAX_100BP,20260923-2033-113900,20260923,2033,佳大,SHORT,LOSER,0.8400000000000001,0.037014781691381615,0.01072386058981234,0.012048192771084376,0.05555555555555558,0.00406504065040636,1.0,-1342.0,SKIP_AS_OVEREXTENDED,True
RETURN_1M_MAX_100BP,20260923-3605-121730,20260923,3605,宏致,SHORT,WINNER,0.6567156922922335,0.0003761435188438522,0.005420054200542035,-0.0,-0.010899182561307952,0.0027247956403269047,0.9016393442622951,1913.0,KEEP,True
RETURN_1M_MAX_100BP,20260923-6168-124430,20260923,6168,宏齊,SHORT,LOSER,0.8182281620281068,0.008444647866145183,0.0012195121951218413,0.0060679611650485965,0.04517704517704502,0.0012210012210012167,0.9473684210526315,-1327.0,KEEP,True
RETURN_1M_MAX_100BP,20260923-2409-130930,20260923,2409,友達,SHORT,LOSER,0.7468056220688456,0.005699545357878089,0.0028860028860029363,0.007183908045977017,0.02894356005788712,0.0014471780028944004,0.8247634718222954,-1556.0,KEEP,True
RETURN_1M_MAX_100BP,20260924-2409-090900,20260924,2409,友達,SHORT,WINNER,0.6751867182037729,0.008295761987336392,0.004267425320056861,0.026425591098748313,-0.0071428571428571175,0.0014285714285713347,0.6759987417426864,2441.0,KEEP,True
RETURN_1M_MAX_100BP,20260924-3605-090900,20260924,3605,宏致,LONG,LOSER,0.495416817613998,0.00369555316833714,0.005540166204986097,0.0,0.011142061281337101,0.0027624309392264568,0.41935483870967744,-585.0,KEEP,True
RETURN_1M_MAX_100BP,20260924-2033-091030,20260924,2033,佳大,SHORT,WINNER,0.6532359481634844,0.010621566795067316,0.008021390374331472,0.023684210526315752,0.014824797843665749,0.0040431266846361336,0.654320987654321,4158.0,KEEP,True
RETURN_1M_MAX_100BP,20260924-4956-093400,20260924,4956,光鋐,LONG,LOSER,0.7357558139534883,0.007967074602401425,0.006479481641468832,0.009750812567713929,0.07003444316877161,0.004310344827586299,0.75,-3593.0,KEEP,True
RETURN_1M_MAX_100BP,20260924-3624-115700,20260924,3624,光頡,LONG,LOSER,0.751071763780726,0.015799053818646325,0.007194244604316502,0.007194244604316502,0.05660377358490565,0.0035842293906809264,0.7468354430379747,-3945.0,KEEP,True
RETURN_1M_MAX_100BP,20260924-6456-131000,20260924,6456,GIS-KY,LONG,LOSER,0.833472371980402,0.04416394435322535,0.009828009828009687,0.018587360594795488,0.05384615384615388,0.004889975550122383,0.845771144278607,-2126.0,KEEP,True
RETURN_1M_MAX_150BP,20260922-1709-093200,20260922,1709,和益,SHORT,WINNER,0.6628052440782412,0.0060612613529397175,0.00793650793650802,,0.005714285714285783,0.0034285714285713365,0.4700460829493088,4442.0,KEEP,False
RETURN_1M_MAX_150BP,20260923-3229-092830,20260923,3229,晟鈦,SHORT,LOSER,0.8375,0.014272953425604862,0.007005253940455369,0.017331022530329254,0.01763668430335108,0.005291005291005346,1.0,-3549.0,KEEP,True
RETURN_1M_MAX_150BP,20260923-8111-093300,20260923,8111,立碁,LONG,LOSER,0.7289318507818726,0.0023879645349345058,0.0039525691699604515,-0.002617801047120505,-0.009102730819245841,0.0026315789473685403,0.746031746031746,-3684.0,KEEP,True
RETURN_1M_MAX_150BP,20260923-3094-094300,20260923,3094,聯傑,LONG,WINNER,0.5499631919957078,0.0011638624085883453,0.01158301158301156,0.01158301158301156,-0.01132075471698113,0.0057581573896352545,0.6645962732919255,7874.0,KEEP,True
RETURN_1M_MAX_150BP,20260923-4956-095730,20260923,4956,光鋐,SHORT,LOSER,0.8123689727463312,0.013197868143394409,0.004424778761062065,0.008810572687224627,0.01777777777777767,0.0033333333333334103,0.9555555555555556,-778.0,KEEP,True
RETURN_1M_MAX_150BP,20260923-1709-095830,20260923,1709,和益,SHORT,LOSER,0.5948559063053916,0.035694958286478284,0.005434782608695676,0.010810810810810811,0.06229508196721323,0.002185792349726823,0.5747303543913713,-3591.0,KEEP,True
RETURN_1M_MAX_150BP,20260923-2221-100530,20260923,2221,大甲,LONG,WINNER,0.513309056966174,0.0016627756852380937,0.006250000000000089,0.0031152647975076775,0.0031152647975076775,0.0031152647975076775,0.46938775510204084,3470.0,KEEP,True
RETURN_1M_MAX_150BP,20260923-2033-113900,20260923,2033,佳大,SHORT,LOSER,0.8400000000000001,0.037014781691381615,0.01072386058981234,0.012048192771084376,0.05555555555555558,0.00406504065040636,1.0,-1342.0,KEEP,True
RETURN_1M_MAX_150BP,20260923-3605-121730,20260923,3605,宏致,SHORT,WINNER,0.6567156922922335,0.0003761435188438522,0.005420054200542035,-0.0,-0.010899182561307952,0.0027247956403269047,0.9016393442622951,1913.0,KEEP,True
RETURN_1M_MAX_150BP,20260923-6168-124430,20260923,6168,宏齊,SHORT,LOSER,0.8182281620281068,0.008444647866145183,0.0012195121951218413,0.0060679611650485965,0.04517704517704502,0.0012210012210012167,0.9473684210526315,-1327.0,KEEP,True
RETURN_1M_MAX_150BP,20260923-2409-130930,20260923,2409,友達,SHORT,LOSER,0.7468056220688456,0.005699545357878089,0.0028860028860029363,0.007183908045977017,0.02894356005788712,0.0014471780028944004,0.8247634718222954,-1556.0,KEEP,True
RETURN_1M_MAX_150BP,20260924-2409-090900,20260924,2409,友達,SHORT,WINNER,0.6751867182037729,0.008295761987336392,0.004267425320056861,0.026425591098748313,-0.0071428571428571175,0.0014285714285713347,0.6759987417426864,2441.0,KEEP,True
RETURN_1M_MAX_150BP,20260924-3605-090900,20260924,3605,宏致,LONG,LOSER,0.495416817613998,0.00369555316833714,0.005540166204986097,0.0,0.011142061281337101,0.0027624309392264568,0.41935483870967744,-585.0,KEEP,True
RETURN_1M_MAX_150BP,20260924-2033-091030,20260924,2033,佳大,SHORT,WINNER,0.6532359481634844,0.010621566795067316,0.008021390374331472,0.023684210526315752,0.014824797843665749,0.0040431266846361336,0.654320987654321,4158.0,KEEP,True
RETURN_1M_MAX_150BP,20260924-4956-093400,20260924,4956,光鋐,LONG,LOSER,0.7357558139534883,0.007967074602401425,0.006479481641468832,0.009750812567713929,0.07003444316877161,0.004310344827586299,0.75,-3593.0,KEEP,True
RETURN_1M_MAX_150BP,20260924-3624-115700,20260924,3624,光頡,LONG,LOSER,0.751071763780726,0.015799053818646325,0.007194244604316502,0.007194244604316502,0.05660377358490565,0.0035842293906809264,0.7468354430379747,-3945.0,KEEP,True
RETURN_1M_MAX_150BP,20260924-6456-131000,20260924,6456,GIS-KY,LONG,LOSER,0.833472371980402,0.04416394435322535,0.009828009828009687,0.018587360594795488,0.05384615384615388,0.004889975550122383,0.845771144278607,-2126.0,KEEP,True
RETURN_1M_MAX_200BP,20260922-1709-093200,20260922,1709,和益,SHORT,WINNER,0.6628052440782412,0.0060612613529397175,0.00793650793650802,,0.005714285714285783,0.0034285714285713365,0.4700460829493088,4442.0,KEEP,False
RETURN_1M_MAX_200BP,20260923-3229-092830,20260923,3229,晟鈦,SHORT,LOSER,0.8375,0.014272953425604862,0.007005253940455369,0.017331022530329254,0.01763668430335108,0.005291005291005346,1.0,-3549.0,KEEP,True
RETURN_1M_MAX_200BP,20260923-8111-093300,20260923,8111,立碁,LONG,LOSER,0.7289318507818726,0.0023879645349345058,0.0039525691699604515,-0.002617801047120505,-0.009102730819245841,0.0026315789473685403,0.746031746031746,-3684.0,KEEP,True
RETURN_1M_MAX_200BP,20260923-3094-094300,20260923,3094,聯傑,LONG,WINNER,0.5499631919957078,0.0011638624085883453,0.01158301158301156,0.01158301158301156,-0.01132075471698113,0.0057581573896352545,0.6645962732919255,7874.0,KEEP,True
RETURN_1M_MAX_200BP,20260923-4956-095730,20260923,4956,光鋐,SHORT,LOSER,0.8123689727463312,0.013197868143394409,0.004424778761062065,0.008810572687224627,0.01777777777777767,0.0033333333333334103,0.9555555555555556,-778.0,KEEP,True
RETURN_1M_MAX_200BP,20260923-1709-095830,20260923,1709,和益,SHORT,LOSER,0.5948559063053916,0.035694958286478284,0.005434782608695676,0.010810810810810811,0.06229508196721323,0.002185792349726823,0.5747303543913713,-3591.0,KEEP,True
RETURN_1M_MAX_200BP,20260923-2221-100530,20260923,2221,大甲,LONG,WINNER,0.513309056966174,0.0016627756852380937,0.006250000000000089,0.0031152647975076775,0.0031152647975076775,0.0031152647975076775,0.46938775510204084,3470.0,KEEP,True
RETURN_1M_MAX_200BP,20260923-2033-113900,20260923,2033,佳大,SHORT,LOSER,0.8400000000000001,0.037014781691381615,0.01072386058981234,0.012048192771084376,0.05555555555555558,0.00406504065040636,1.0,-1342.0,KEEP,True
RETURN_1M_MAX_200BP,20260923-3605-121730,20260923,3605,宏致,SHORT,WINNER,0.6567156922922335,0.0003761435188438522,0.005420054200542035,-0.0,-0.010899182561307952,0.0027247956403269047,0.9016393442622951,1913.0,KEEP,True
RETURN_1M_MAX_200BP,20260923-6168-124430,20260923,6168,宏齊,SHORT,LOSER,0.8182281620281068,0.008444647866145183,0.0012195121951218413,0.0060679611650485965,0.04517704517704502,0.0012210012210012167,0.9473684210526315,-1327.0,KEEP,True
RETURN_1M_MAX_200BP,20260923-2409-130930,20260923,2409,友達,SHORT,LOSER,0.7468056220688456,0.005699545357878089,0.0028860028860029363,0.007183908045977017,0.02894356005788712,0.0014471780028944004,0.8247634718222954,-1556.0,KEEP,True
RETURN_1M_MAX_200BP,20260924-2409-090900,20260924,2409,友達,SHORT,WINNER,0.6751867182037729,0.008295761987336392,0.004267425320056861,0.026425591098748313,-0.0071428571428571175,0.0014285714285713347,0.6759987417426864,2441.0,KEEP,True
RETURN_1M_MAX_200BP,20260924-3605-090900,20260924,3605,宏致,LONG,LOSER,0.495416817613998,0.00369555316833714,0.005540166204986097,0.0,0.011142061281337101,0.0027624309392264568,0.41935483870967744,-585.0,KEEP,True
RETURN_1M_MAX_200BP,20260924-2033-091030,20260924,2033,佳大,SHORT,WINNER,0.6532359481634844,0.010621566795067316,0.008021390374331472,0.023684210526315752,0.014824797843665749,0.0040431266846361336,0.654320987654321,4158.0,KEEP,True
RETURN_1M_MAX_200BP,20260924-4956-093400,20260924,4956,光鋐,LONG,LOSER,0.7357558139534883,0.007967074602401425,0.006479481641468832,0.009750812567713929,0.07003444316877161,0.004310344827586299,0.75,-3593.0,KEEP,True
RETURN_1M_MAX_200BP,20260924-3624-115700,20260924,3624,光頡,LONG,LOSER,0.751071763780726,0.015799053818646325,0.007194244604316502,0.007194244604316502,0.05660377358490565,0.0035842293906809264,0.7468354430379747,-3945.0,KEEP,True
RETURN_1M_MAX_200BP,20260924-6456-131000,20260924,6456,GIS-KY,LONG,LOSER,0.833472371980402,0.04416394435322535,0.009828009828009687,0.018587360594795488,0.05384615384615388,0.004889975550122383,0.845771144278607,-2126.0,KEEP,True
BREAKOUT_MAX_25BP,20260922-1709-093200,20260922,1709,和益,SHORT,WINNER,0.6628052440782412,0.0060612613529397175,0.00793650793650802,,0.005714285714285783,0.0034285714285713365,0.4700460829493088,4442.0,SKIP_AS_OVEREXTENDED,False
BREAKOUT_MAX_25BP,20260923-3229-092830,20260923,3229,晟鈦,SHORT,LOSER,0.8375,0.014272953425604862,0.007005253940455369,0.017331022530329254,0.01763668430335108,0.005291005291005346,1.0,-3549.0,SKIP_AS_OVEREXTENDED,True
BREAKOUT_MAX_25BP,20260923-8111-093300,20260923,8111,立碁,LONG,LOSER,0.7289318507818726,0.0023879645349345058,0.0039525691699604515,-0.002617801047120505,-0.009102730819245841,0.0026315789473685403,0.746031746031746,-3684.0,SKIP_AS_OVEREXTENDED,True
BREAKOUT_MAX_25BP,20260923-3094-094300,20260923,3094,聯傑,LONG,WINNER,0.5499631919957078,0.0011638624085883453,0.01158301158301156,0.01158301158301156,-0.01132075471698113,0.0057581573896352545,0.6645962732919255,7874.0,SKIP_AS_OVEREXTENDED,True
BREAKOUT_MAX_25BP,20260923-4956-095730,20260923,4956,光鋐,SHORT,LOSER,0.8123689727463312,0.013197868143394409,0.004424778761062065,0.008810572687224627,0.01777777777777767,0.0033333333333334103,0.9555555555555556,-778.0,SKIP_AS_OVEREXTENDED,True
BREAKOUT_MAX_25BP,20260923-1709-095830,20260923,1709,和益,SHORT,LOSER,0.5948559063053916,0.035694958286478284,0.005434782608695676,0.010810810810810811,0.06229508196721323,0.002185792349726823,0.5747303543913713,-3591.0,KEEP,True
BREAKOUT_MAX_25BP,20260923-2221-100530,20260923,2221,大甲,LONG,WINNER,0.513309056966174,0.0016627756852380937,0.006250000000000089,0.0031152647975076775,0.0031152647975076775,0.0031152647975076775,0.46938775510204084,3470.0,SKIP_AS_OVEREXTENDED,True
BREAKOUT_MAX_25BP,20260923-2033-113900,20260923,2033,佳大,SHORT,LOSER,0.8400000000000001,0.037014781691381615,0.01072386058981234,0.012048192771084376,0.05555555555555558,0.00406504065040636,1.0,-1342.0,SKIP_AS_OVEREXTENDED,True
BREAKOUT_MAX_25BP,20260923-3605-121730,20260923,3605,宏致,SHORT,WINNER,0.6567156922922335,0.0003761435188438522,0.005420054200542035,-0.0,-0.010899182561307952,0.0027247956403269047,0.9016393442622951,1913.0,SKIP_AS_OVEREXTENDED,True
BREAKOUT_MAX_25BP,20260923-6168-124430,20260923,6168,宏齊,SHORT,LOSER,0.8182281620281068,0.008444647866145183,0.0012195121951218413,0.0060679611650485965,0.04517704517704502,0.0012210012210012167,0.9473684210526315,-1327.0,KEEP,True
BREAKOUT_MAX_25BP,20260923-2409-130930,20260923,2409,友達,SHORT,LOSER,0.7468056220688456,0.005699545357878089,0.0028860028860029363,0.007183908045977017,0.02894356005788712,0.0014471780028944004,0.8247634718222954,-1556.0,KEEP,True
BREAKOUT_MAX_25BP,20260924-2409-090900,20260924,2409,友達,SHORT,WINNER,0.6751867182037729,0.008295761987336392,0.004267425320056861,0.026425591098748313,-0.0071428571428571175,0.0014285714285713347,0.6759987417426864,2441.0,KEEP,True
BREAKOUT_MAX_25BP,20260924-3605-090900,20260924,3605,宏致,LONG,LOSER,0.495416817613998,0.00369555316833714,0.005540166204986097,0.0,0.011142061281337101,0.0027624309392264568,0.41935483870967744,-585.0,SKIP_AS_OVEREXTENDED,True
BREAKOUT_MAX_25BP,20260924-2033-091030,20260924,2033,佳大,SHORT,WINNER,0.6532359481634844,0.010621566795067316,0.008021390374331472,0.023684210526315752,0.014824797843665749,0.0040431266846361336,0.654320987654321,4158.0,SKIP_AS_OVEREXTENDED,True
BREAKOUT_MAX_25BP,20260924-4956-093400,20260924,4956,光鋐,LONG,LOSER,0.7357558139534883,0.007967074602401425,0.006479481641468832,0.009750812567713929,0.07003444316877161,0.004310344827586299,0.75,-3593.0,SKIP_AS_OVEREXTENDED,True
BREAKOUT_MAX_25BP,20260924-3624-115700,20260924,3624,光頡,LONG,LOSER,0.751071763780726,0.015799053818646325,0.007194244604316502,0.007194244604316502,0.05660377358490565,0.0035842293906809264,0.7468354430379747,-3945.0,SKIP_AS_OVEREXTENDED,True
BREAKOUT_MAX_25BP,20260924-6456-131000,20260924,6456,GIS-KY,LONG,LOSER,0.833472371980402,0.04416394435322535,0.009828009828009687,0.018587360594795488,0.05384615384615388,0.004889975550122383,0.845771144278607,-2126.0,SKIP_AS_OVEREXTENDED,True
BREAKOUT_MAX_50BP,20260922-1709-093200,20260922,1709,和益,SHORT,WINNER,0.6628052440782412,0.0060612613529397175,0.00793650793650802,,0.005714285714285783,0.0034285714285713365,0.4700460829493088,4442.0,KEEP,False
BREAKOUT_MAX_50BP,20260923-3229-092830,20260923,3229,晟鈦,SHORT,LOSER,0.8375,0.014272953425604862,0.007005253940455369,0.017331022530329254,0.01763668430335108,0.005291005291005346,1.0,-3549.0,SKIP_AS_OVEREXTENDED,True
BREAKOUT_MAX_50BP,20260923-8111-093300,20260923,8111,立碁,LONG,LOSER,0.7289318507818726,0.0023879645349345058,0.0039525691699604515,-0.002617801047120505,-0.009102730819245841,0.0026315789473685403,0.746031746031746,-3684.0,KEEP,True
BREAKOUT_MAX_50BP,20260923-3094-094300,20260923,3094,聯傑,LONG,WINNER,0.5499631919957078,0.0011638624085883453,0.01158301158301156,0.01158301158301156,-0.01132075471698113,0.0057581573896352545,0.6645962732919255,7874.0,SKIP_AS_OVEREXTENDED,True
BREAKOUT_MAX_50BP,20260923-4956-095730,20260923,4956,光鋐,SHORT,LOSER,0.8123689727463312,0.013197868143394409,0.004424778761062065,0.008810572687224627,0.01777777777777767,0.0033333333333334103,0.9555555555555556,-778.0,KEEP,True
BREAKOUT_MAX_50BP,20260923-1709-095830,20260923,1709,和益,SHORT,LOSER,0.5948559063053916,0.035694958286478284,0.005434782608695676,0.010810810810810811,0.06229508196721323,0.002185792349726823,0.5747303543913713,-3591.0,KEEP,True
BREAKOUT_MAX_50BP,20260923-2221-100530,20260923,2221,大甲,LONG,WINNER,0.513309056966174,0.0016627756852380937,0.006250000000000089,0.0031152647975076775,0.0031152647975076775,0.0031152647975076775,0.46938775510204084,3470.0,KEEP,True
BREAKOUT_MAX_50BP,20260923-2033-113900,20260923,2033,佳大,SHORT,LOSER,0.8400000000000001,0.037014781691381615,0.01072386058981234,0.012048192771084376,0.05555555555555558,0.00406504065040636,1.0,-1342.0,KEEP,True
BREAKOUT_MAX_50BP,20260923-3605-121730,20260923,3605,宏致,SHORT,WINNER,0.6567156922922335,0.0003761435188438522,0.005420054200542035,-0.0,-0.010899182561307952,0.0027247956403269047,0.9016393442622951,1913.0,KEEP,True
BREAKOUT_MAX_50BP,20260923-6168-124430,20260923,6168,宏齊,SHORT,LOSER,0.8182281620281068,0.008444647866145183,0.0012195121951218413,0.0060679611650485965,0.04517704517704502,0.0012210012210012167,0.9473684210526315,-1327.0,KEEP,True
BREAKOUT_MAX_50BP,20260923-2409-130930,20260923,2409,友達,SHORT,LOSER,0.7468056220688456,0.005699545357878089,0.0028860028860029363,0.007183908045977017,0.02894356005788712,0.0014471780028944004,0.8247634718222954,-1556.0,KEEP,True
BREAKOUT_MAX_50BP,20260924-2409-090900,20260924,2409,友達,SHORT,WINNER,0.6751867182037729,0.008295761987336392,0.004267425320056861,0.026425591098748313,-0.0071428571428571175,0.0014285714285713347,0.6759987417426864,2441.0,KEEP,True
BREAKOUT_MAX_50BP,20260924-3605-090900,20260924,3605,宏致,LONG,LOSER,0.495416817613998,0.00369555316833714,0.005540166204986097,0.0,0.011142061281337101,0.0027624309392264568,0.41935483870967744,-585.0,KEEP,True
BREAKOUT_MAX_50BP,20260924-2033-091030,20260924,2033,佳大,SHORT,WINNER,0.6532359481634844,0.010621566795067316,0.008021390374331472,0.023684210526315752,0.014824797843665749,0.0040431266846361336,0.654320987654321,4158.0,KEEP,True
BREAKOUT_MAX_50BP,20260924-4956-093400,20260924,4956,光鋐,LONG,LOSER,0.7357558139534883,0.007967074602401425,0.006479481641468832,0.009750812567713929,0.07003444316877161,0.004310344827586299,0.75,-3593.0,KEEP,True
BREAKOUT_MAX_50BP,20260924-3624-115700,20260924,3624,光頡,LONG,LOSER,0.751071763780726,0.015799053818646325,0.007194244604316502,0.007194244604316502,0.05660377358490565,0.0035842293906809264,0.7468354430379747,-3945.0,KEEP,True
BREAKOUT_MAX_50BP,20260924-6456-131000,20260924,6456,GIS-KY,LONG,LOSER,0.833472371980402,0.04416394435322535,0.009828009828009687,0.018587360594795488,0.05384615384615388,0.004889975550122383,0.845771144278607,-2126.0,KEEP,True
BREAKOUT_MAX_75BP,20260922-1709-093200,20260922,1709,和益,SHORT,WINNER,0.6628052440782412,0.0060612613529397175,0.00793650793650802,,0.005714285714285783,0.0034285714285713365,0.4700460829493088,4442.0,KEEP,False
BREAKOUT_MAX_75BP,20260923-3229-092830,20260923,3229,晟鈦,SHORT,LOSER,0.8375,0.014272953425604862,0.007005253940455369,0.017331022530329254,0.01763668430335108,0.005291005291005346,1.0,-3549.0,KEEP,True
BREAKOUT_MAX_75BP,20260923-8111-093300,20260923,8111,立碁,LONG,LOSER,0.7289318507818726,0.0023879645349345058,0.0039525691699604515,-0.002617801047120505,-0.009102730819245841,0.0026315789473685403,0.746031746031746,-3684.0,KEEP,True
BREAKOUT_MAX_75BP,20260923-3094-094300,20260923,3094,聯傑,LONG,WINNER,0.5499631919957078,0.0011638624085883453,0.01158301158301156,0.01158301158301156,-0.01132075471698113,0.0057581573896352545,0.6645962732919255,7874.0,KEEP,True
BREAKOUT_MAX_75BP,20260923-4956-095730,20260923,4956,光鋐,SHORT,LOSER,0.8123689727463312,0.013197868143394409,0.004424778761062065,0.008810572687224627,0.01777777777777767,0.0033333333333334103,0.9555555555555556,-778.0,KEEP,True
BREAKOUT_MAX_75BP,20260923-1709-095830,20260923,1709,和益,SHORT,LOSER,0.5948559063053916,0.035694958286478284,0.005434782608695676,0.010810810810810811,0.06229508196721323,0.002185792349726823,0.5747303543913713,-3591.0,KEEP,True
BREAKOUT_MAX_75BP,20260923-2221-100530,20260923,2221,大甲,LONG,WINNER,0.513309056966174,0.0016627756852380937,0.006250000000000089,0.0031152647975076775,0.0031152647975076775,0.0031152647975076775,0.46938775510204084,3470.0,KEEP,True
BREAKOUT_MAX_75BP,20260923-2033-113900,20260923,2033,佳大,SHORT,LOSER,0.8400000000000001,0.037014781691381615,0.01072386058981234,0.012048192771084376,0.05555555555555558,0.00406504065040636,1.0,-1342.0,KEEP,True
BREAKOUT_MAX_75BP,20260923-3605-121730,20260923,3605,宏致,SHORT,WINNER,0.6567156922922335,0.0003761435188438522,0.005420054200542035,-0.0,-0.010899182561307952,0.0027247956403269047,0.9016393442622951,1913.0,KEEP,True
BREAKOUT_MAX_75BP,20260923-6168-124430,20260923,6168,宏齊,SHORT,LOSER,0.8182281620281068,0.008444647866145183,0.0012195121951218413,0.0060679611650485965,0.04517704517704502,0.0012210012210012167,0.9473684210526315,-1327.0,KEEP,True
BREAKOUT_MAX_75BP,20260923-2409-130930,20260923,2409,友達,SHORT,LOSER,0.7468056220688456,0.005699545357878089,0.0028860028860029363,0.007183908045977017,0.02894356005788712,0.0014471780028944004,0.8247634718222954,-1556.0,KEEP,True
BREAKOUT_MAX_75BP,20260924-2409-090900,20260924,2409,友達,SHORT,WINNER,0.6751867182037729,0.008295761987336392,0.004267425320056861,0.026425591098748313,-0.0071428571428571175,0.0014285714285713347,0.6759987417426864,2441.0,KEEP,True
BREAKOUT_MAX_75BP,20260924-3605-090900,20260924,3605,宏致,LONG,LOSER,0.495416817613998,0.00369555316833714,0.005540166204986097,0.0,0.011142061281337101,0.0027624309392264568,0.41935483870967744,-585.0,KEEP,True
BREAKOUT_MAX_75BP,20260924-2033-091030,20260924,2033,佳大,SHORT,WINNER,0.6532359481634844,0.010621566795067316,0.008021390374331472,0.023684210526315752,0.014824797843665749,0.0040431266846361336,0.654320987654321,4158.0,KEEP,True
BREAKOUT_MAX_75BP,20260924-4956-093400,20260924,4956,光鋐,LONG,LOSER,0.7357558139534883,0.007967074602401425,0.006479481641468832,0.009750812567713929,0.07003444316877161,0.004310344827586299,0.75,-3593.0,KEEP,True
BREAKOUT_MAX_75BP,20260924-3624-115700,20260924,3624,光頡,LONG,LOSER,0.751071763780726,0.015799053818646325,0.007194244604316502,0.007194244604316502,0.05660377358490565,0.0035842293906809264,0.7468354430379747,-3945.0,KEEP,True
BREAKOUT_MAX_75BP,20260924-6456-131000,20260924,6456,GIS-KY,LONG,LOSER,0.833472371980402,0.04416394435322535,0.009828009828009687,0.018587360594795488,0.05384615384615388,0.004889975550122383,0.845771144278607,-2126.0,KEEP,True
BREAKOUT_MAX_100BP,20260922-1709-093200,20260922,1709,和益,SHORT,WINNER,0.6628052440782412,0.0060612613529397175,0.00793650793650802,,0.005714285714285783,0.0034285714285713365,0.4700460829493088,4442.0,KEEP,False
BREAKOUT_MAX_100BP,20260923-3229-092830,20260923,3229,晟鈦,SHORT,LOSER,0.8375,0.014272953425604862,0.007005253940455369,0.017331022530329254,0.01763668430335108,0.005291005291005346,1.0,-3549.0,KEEP,True
BREAKOUT_MAX_100BP,20260923-8111-093300,20260923,8111,立碁,LONG,LOSER,0.7289318507818726,0.0023879645349345058,0.0039525691699604515,-0.002617801047120505,-0.009102730819245841,0.0026315789473685403,0.746031746031746,-3684.0,KEEP,True
BREAKOUT_MAX_100BP,20260923-3094-094300,20260923,3094,聯傑,LONG,WINNER,0.5499631919957078,0.0011638624085883453,0.01158301158301156,0.01158301158301156,-0.01132075471698113,0.0057581573896352545,0.6645962732919255,7874.0,KEEP,True
BREAKOUT_MAX_100BP,20260923-4956-095730,20260923,4956,光鋐,SHORT,LOSER,0.8123689727463312,0.013197868143394409,0.004424778761062065,0.008810572687224627,0.01777777777777767,0.0033333333333334103,0.9555555555555556,-778.0,KEEP,True
BREAKOUT_MAX_100BP,20260923-1709-095830,20260923,1709,和益,SHORT,LOSER,0.5948559063053916,0.035694958286478284,0.005434782608695676,0.010810810810810811,0.06229508196721323,0.002185792349726823,0.5747303543913713,-3591.0,KEEP,True
BREAKOUT_MAX_100BP,20260923-2221-100530,20260923,2221,大甲,LONG,WINNER,0.513309056966174,0.0016627756852380937,0.006250000000000089,0.0031152647975076775,0.0031152647975076775,0.0031152647975076775,0.46938775510204084,3470.0,KEEP,True
BREAKOUT_MAX_100BP,20260923-2033-113900,20260923,2033,佳大,SHORT,LOSER,0.8400000000000001,0.037014781691381615,0.01072386058981234,0.012048192771084376,0.05555555555555558,0.00406504065040636,1.0,-1342.0,KEEP,True
BREAKOUT_MAX_100BP,20260923-3605-121730,20260923,3605,宏致,SHORT,WINNER,0.6567156922922335,0.0003761435188438522,0.005420054200542035,-0.0,-0.010899182561307952,0.0027247956403269047,0.9016393442622951,1913.0,KEEP,True
BREAKOUT_MAX_100BP,20260923-6168-124430,20260923,6168,宏齊,SHORT,LOSER,0.8182281620281068,0.008444647866145183,0.0012195121951218413,0.0060679611650485965,0.04517704517704502,0.0012210012210012167,0.9473684210526315,-1327.0,KEEP,True
BREAKOUT_MAX_100BP,20260923-2409-130930,20260923,2409,友達,SHORT,LOSER,0.7468056220688456,0.005699545357878089,0.0028860028860029363,0.007183908045977017,0.02894356005788712,0.0014471780028944004,0.8247634718222954,-1556.0,KEEP,True
BREAKOUT_MAX_100BP,20260924-2409-090900,20260924,2409,友達,SHORT,WINNER,0.6751867182037729,0.008295761987336392,0.004267425320056861,0.026425591098748313,-0.0071428571428571175,0.0014285714285713347,0.6759987417426864,2441.0,KEEP,True
BREAKOUT_MAX_100BP,20260924-3605-090900,20260924,3605,宏致,LONG,LOSER,0.495416817613998,0.00369555316833714,0.005540166204986097,0.0,0.011142061281337101,0.0027624309392264568,0.41935483870967744,-585.0,KEEP,True
BREAKOUT_MAX_100BP,20260924-2033-091030,20260924,2033,佳大,SHORT,WINNER,0.6532359481634844,0.010621566795067316,0.008021390374331472,0.023684210526315752,0.014824797843665749,0.0040431266846361336,0.654320987654321,4158.0,KEEP,True
BREAKOUT_MAX_100BP,20260924-4956-093400,20260924,4956,光鋐,LONG,LOSER,0.7357558139534883,0.007967074602401425,0.006479481641468832,0.009750812567713929,0.07003444316877161,0.004310344827586299,0.75,-3593.0,KEEP,True
BREAKOUT_MAX_100BP,20260924-3624-115700,20260924,3624,光頡,LONG,LOSER,0.751071763780726,0.015799053818646325,0.007194244604316502,0.007194244604316502,0.05660377358490565,0.0035842293906809264,0.7468354430379747,-3945.0,KEEP,True
BREAKOUT_MAX_100BP,20260924-6456-131000,20260924,6456,GIS-KY,LONG,LOSER,0.833472371980402,0.04416394435322535,0.009828009828009687,0.018587360594795488,0.05384615384615388,0.004889975550122383,0.845771144278607,-2126.0,KEEP,True
OPEN_MAX_2PCT,20260922-1709-093200,20260922,1709,和益,SHORT,WINNER,0.6628052440782412,0.0060612613529397175,0.00793650793650802,,0.005714285714285783,0.0034285714285713365,0.4700460829493088,4442.0,KEEP,False
OPEN_MAX_2PCT,20260923-3229-092830,20260923,3229,晟鈦,SHORT,LOSER,0.8375,0.014272953425604862,0.007005253940455369,0.017331022530329254,0.01763668430335108,0.005291005291005346,1.0,-3549.0,KEEP,True
OPEN_MAX_2PCT,20260923-8111-093300,20260923,8111,立碁,LONG,LOSER,0.7289318507818726,0.0023879645349345058,0.0039525691699604515,-0.002617801047120505,-0.009102730819245841,0.0026315789473685403,0.746031746031746,-3684.0,KEEP,True
OPEN_MAX_2PCT,20260923-3094-094300,20260923,3094,聯傑,LONG,WINNER,0.5499631919957078,0.0011638624085883453,0.01158301158301156,0.01158301158301156,-0.01132075471698113,0.0057581573896352545,0.6645962732919255,7874.0,KEEP,True
OPEN_MAX_2PCT,20260923-4956-095730,20260923,4956,光鋐,SHORT,LOSER,0.8123689727463312,0.013197868143394409,0.004424778761062065,0.008810572687224627,0.01777777777777767,0.0033333333333334103,0.9555555555555556,-778.0,KEEP,True
OPEN_MAX_2PCT,20260923-1709-095830,20260923,1709,和益,SHORT,LOSER,0.5948559063053916,0.035694958286478284,0.005434782608695676,0.010810810810810811,0.06229508196721323,0.002185792349726823,0.5747303543913713,-3591.0,SKIP_AS_OVEREXTENDED,True
OPEN_MAX_2PCT,20260923-2221-100530,20260923,2221,大甲,LONG,WINNER,0.513309056966174,0.0016627756852380937,0.006250000000000089,0.0031152647975076775,0.0031152647975076775,0.0031152647975076775,0.46938775510204084,3470.0,KEEP,True
OPEN_MAX_2PCT,20260923-2033-113900,20260923,2033,佳大,SHORT,LOSER,0.8400000000000001,0.037014781691381615,0.01072386058981234,0.012048192771084376,0.05555555555555558,0.00406504065040636,1.0,-1342.0,SKIP_AS_OVEREXTENDED,True
OPEN_MAX_2PCT,20260923-3605-121730,20260923,3605,宏致,SHORT,WINNER,0.6567156922922335,0.0003761435188438522,0.005420054200542035,-0.0,-0.010899182561307952,0.0027247956403269047,0.9016393442622951,1913.0,KEEP,True
OPEN_MAX_2PCT,20260923-6168-124430,20260923,6168,宏齊,SHORT,LOSER,0.8182281620281068,0.008444647866145183,0.0012195121951218413,0.0060679611650485965,0.04517704517704502,0.0012210012210012167,0.9473684210526315,-1327.0,SKIP_AS_OVEREXTENDED,True
OPEN_MAX_2PCT,20260923-2409-130930,20260923,2409,友達,SHORT,LOSER,0.7468056220688456,0.005699545357878089,0.0028860028860029363,0.007183908045977017,0.02894356005788712,0.0014471780028944004,0.8247634718222954,-1556.0,SKIP_AS_OVEREXTENDED,True
OPEN_MAX_2PCT,20260924-2409-090900,20260924,2409,友達,SHORT,WINNER,0.6751867182037729,0.008295761987336392,0.004267425320056861,0.026425591098748313,-0.0071428571428571175,0.0014285714285713347,0.6759987417426864,2441.0,KEEP,True
OPEN_MAX_2PCT,20260924-3605-090900,20260924,3605,宏致,LONG,LOSER,0.495416817613998,0.00369555316833714,0.005540166204986097,0.0,0.011142061281337101,0.0027624309392264568,0.41935483870967744,-585.0,KEEP,True
OPEN_MAX_2PCT,20260924-2033-091030,20260924,2033,佳大,SHORT,WINNER,0.6532359481634844,0.010621566795067316,0.008021390374331472,0.023684210526315752,0.014824797843665749,0.0040431266846361336,0.654320987654321,4158.0,KEEP,True
OPEN_MAX_2PCT,20260924-4956-093400,20260924,4956,光鋐,LONG,LOSER,0.7357558139534883,0.007967074602401425,0.006479481641468832,0.009750812567713929,0.07003444316877161,0.004310344827586299,0.75,-3593.0,SKIP_AS_OVEREXTENDED,True
OPEN_MAX_2PCT,20260924-3624-115700,20260924,3624,光頡,LONG,LOSER,0.751071763780726,0.015799053818646325,0.007194244604316502,0.007194244604316502,0.05660377358490565,0.0035842293906809264,0.7468354430379747,-3945.0,SKIP_AS_OVEREXTENDED,True
OPEN_MAX_2PCT,20260924-6456-131000,20260924,6456,GIS-KY,LONG,LOSER,0.833472371980402,0.04416394435322535,0.009828009828009687,0.018587360594795488,0.05384615384615388,0.004889975550122383,0.845771144278607,-2126.0,SKIP_AS_OVEREXTENDED,True
OPEN_MAX_3PCT,20260922-1709-093200,20260922,1709,和益,SHORT,WINNER,0.6628052440782412,0.0060612613529397175,0.00793650793650802,,0.005714285714285783,0.0034285714285713365,0.4700460829493088,4442.0,KEEP,False
OPEN_MAX_3PCT,20260923-3229-092830,20260923,3229,晟鈦,SHORT,LOSER,0.8375,0.014272953425604862,0.007005253940455369,0.017331022530329254,0.01763668430335108,0.005291005291005346,1.0,-3549.0,KEEP,True
OPEN_MAX_3PCT,20260923-8111-093300,20260923,8111,立碁,LONG,LOSER,0.7289318507818726,0.0023879645349345058,0.0039525691699604515,-0.002617801047120505,-0.009102730819245841,0.0026315789473685403,0.746031746031746,-3684.0,KEEP,True
OPEN_MAX_3PCT,20260923-3094-094300,20260923,3094,聯傑,LONG,WINNER,0.5499631919957078,0.0011638624085883453,0.01158301158301156,0.01158301158301156,-0.01132075471698113,0.0057581573896352545,0.6645962732919255,7874.0,KEEP,True
OPEN_MAX_3PCT,20260923-4956-095730,20260923,4956,光鋐,SHORT,LOSER,0.8123689727463312,0.013197868143394409,0.004424778761062065,0.008810572687224627,0.01777777777777767,0.0033333333333334103,0.9555555555555556,-778.0,KEEP,True
OPEN_MAX_3PCT,20260923-1709-095830,20260923,1709,和益,SHORT,LOSER,0.5948559063053916,0.035694958286478284,0.005434782608695676,0.010810810810810811,0.06229508196721323,0.002185792349726823,0.5747303543913713,-3591.0,SKIP_AS_OVEREXTENDED,True
OPEN_MAX_3PCT,20260923-2221-100530,20260923,2221,大甲,LONG,WINNER,0.513309056966174,0.0016627756852380937,0.006250000000000089,0.0031152647975076775,0.0031152647975076775,0.0031152647975076775,0.46938775510204084,3470.0,KEEP,True
OPEN_MAX_3PCT,20260923-2033-113900,20260923,2033,佳大,SHORT,LOSER,0.8400000000000001,0.037014781691381615,0.01072386058981234,0.012048192771084376,0.05555555555555558,0.00406504065040636,1.0,-1342.0,SKIP_AS_OVEREXTENDED,True
OPEN_MAX_3PCT,20260923-3605-121730,20260923,3605,宏致,SHORT,WINNER,0.6567156922922335,0.0003761435188438522,0.005420054200542035,-0.0,-0.010899182561307952,0.0027247956403269047,0.9016393442622951,1913.0,KEEP,True
OPEN_MAX_3PCT,20260923-6168-124430,20260923,6168,宏齊,SHORT,LOSER,0.8182281620281068,0.008444647866145183,0.0012195121951218413,0.0060679611650485965,0.04517704517704502,0.0012210012210012167,0.9473684210526315,-1327.0,SKIP_AS_OVEREXTENDED,True
OPEN_MAX_3PCT,20260923-2409-130930,20260923,2409,友達,SHORT,LOSER,0.7468056220688456,0.005699545357878089,0.0028860028860029363,0.007183908045977017,0.02894356005788712,0.0014471780028944004,0.8247634718222954,-1556.0,KEEP,True
OPEN_MAX_3PCT,20260924-2409-090900,20260924,2409,友達,SHORT,WINNER,0.6751867182037729,0.008295761987336392,0.004267425320056861,0.026425591098748313,-0.0071428571428571175,0.0014285714285713347,0.6759987417426864,2441.0,KEEP,True
OPEN_MAX_3PCT,20260924-3605-090900,20260924,3605,宏致,LONG,LOSER,0.495416817613998,0.00369555316833714,0.005540166204986097,0.0,0.011142061281337101,0.0027624309392264568,0.41935483870967744,-585.0,KEEP,True
OPEN_MAX_3PCT,20260924-2033-091030,20260924,2033,佳大,SHORT,WINNER,0.6532359481634844,0.010621566795067316,0.008021390374331472,0.023684210526315752,0.014824797843665749,0.0040431266846361336,0.654320987654321,4158.0,KEEP,True
OPEN_MAX_3PCT,20260924-4956-093400,20260924,4956,光鋐,LONG,LOSER,0.7357558139534883,0.007967074602401425,0.006479481641468832,0.009750812567713929,0.07003444316877161,0.004310344827586299,0.75,-3593.0,SKIP_AS_OVEREXTENDED,True
OPEN_MAX_3PCT,20260924-3624-115700,20260924,3624,光頡,LONG,LOSER,0.751071763780726,0.015799053818646325,0.007194244604316502,0.007194244604316502,0.05660377358490565,0.0035842293906809264,0.7468354430379747,-3945.0,SKIP_AS_OVEREXTENDED,True
OPEN_MAX_3PCT,20260924-6456-131000,20260924,6456,GIS-KY,LONG,LOSER,0.833472371980402,0.04416394435322535,0.009828009828009687,0.018587360594795488,0.05384615384615388,0.004889975550122383,0.845771144278607,-2126.0,SKIP_AS_OVEREXTENDED,True
OPEN_MAX_5PCT,20260922-1709-093200,20260922,1709,和益,SHORT,WINNER,0.6628052440782412,0.0060612613529397175,0.00793650793650802,,0.005714285714285783,0.0034285714285713365,0.4700460829493088,4442.0,KEEP,False
OPEN_MAX_5PCT,20260923-3229-092830,20260923,3229,晟鈦,SHORT,LOSER,0.8375,0.014272953425604862,0.007005253940455369,0.017331022530329254,0.01763668430335108,0.005291005291005346,1.0,-3549.0,KEEP,True
OPEN_MAX_5PCT,20260923-8111-093300,20260923,8111,立碁,LONG,LOSER,0.7289318507818726,0.0023879645349345058,0.0039525691699604515,-0.002617801047120505,-0.009102730819245841,0.0026315789473685403,0.746031746031746,-3684.0,KEEP,True
OPEN_MAX_5PCT,20260923-3094-094300,20260923,3094,聯傑,LONG,WINNER,0.5499631919957078,0.0011638624085883453,0.01158301158301156,0.01158301158301156,-0.01132075471698113,0.0057581573896352545,0.6645962732919255,7874.0,KEEP,True
OPEN_MAX_5PCT,20260923-4956-095730,20260923,4956,光鋐,SHORT,LOSER,0.8123689727463312,0.013197868143394409,0.004424778761062065,0.008810572687224627,0.01777777777777767,0.0033333333333334103,0.9555555555555556,-778.0,KEEP,True
OPEN_MAX_5PCT,20260923-1709-095830,20260923,1709,和益,SHORT,LOSER,0.5948559063053916,0.035694958286478284,0.005434782608695676,0.010810810810810811,0.06229508196721323,0.002185792349726823,0.5747303543913713,-3591.0,SKIP_AS_OVEREXTENDED,True
OPEN_MAX_5PCT,20260923-2221-100530,20260923,2221,大甲,LONG,WINNER,0.513309056966174,0.0016627756852380937,0.006250000000000089,0.0031152647975076775,0.0031152647975076775,0.0031152647975076775,0.46938775510204084,3470.0,KEEP,True
OPEN_MAX_5PCT,20260923-2033-113900,20260923,2033,佳大,SHORT,LOSER,0.8400000000000001,0.037014781691381615,0.01072386058981234,0.012048192771084376,0.05555555555555558,0.00406504065040636,1.0,-1342.0,SKIP_AS_OVEREXTENDED,True
OPEN_MAX_5PCT,20260923-3605-121730,20260923,3605,宏致,SHORT,WINNER,0.6567156922922335,0.0003761435188438522,0.005420054200542035,-0.0,-0.010899182561307952,0.0027247956403269047,0.9016393442622951,1913.0,KEEP,True
OPEN_MAX_5PCT,20260923-6168-124430,20260923,6168,宏齊,SHORT,LOSER,0.8182281620281068,0.008444647866145183,0.0012195121951218413,0.0060679611650485965,0.04517704517704502,0.0012210012210012167,0.9473684210526315,-1327.0,KEEP,True
OPEN_MAX_5PCT,20260923-2409-130930,20260923,2409,友達,SHORT,LOSER,0.7468056220688456,0.005699545357878089,0.0028860028860029363,0.007183908045977017,0.02894356005788712,0.0014471780028944004,0.8247634718222954,-1556.0,KEEP,True
OPEN_MAX_5PCT,20260924-2409-090900,20260924,2409,友達,SHORT,WINNER,0.6751867182037729,0.008295761987336392,0.004267425320056861,0.026425591098748313,-0.0071428571428571175,0.0014285714285713347,0.6759987417426864,2441.0,KEEP,True
OPEN_MAX_5PCT,20260924-3605-090900,20260924,3605,宏致,LONG,LOSER,0.495416817613998,0.00369555316833714,0.005540166204986097,0.0,0.011142061281337101,0.0027624309392264568,0.41935483870967744,-585.0,KEEP,True
OPEN_MAX_5PCT,20260924-2033-091030,20260924,2033,佳大,SHORT,WINNER,0.6532359481634844,0.010621566795067316,0.008021390374331472,0.023684210526315752,0.014824797843665749,0.0040431266846361336,0.654320987654321,4158.0,KEEP,True
OPEN_MAX_5PCT,20260924-4956-093400,20260924,4956,光鋐,LONG,LOSER,0.7357558139534883,0.007967074602401425,0.006479481641468832,0.009750812567713929,0.07003444316877161,0.004310344827586299,0.75,-3593.0,SKIP_AS_OVEREXTENDED,True
OPEN_MAX_5PCT,20260924-3624-115700,20260924,3624,光頡,LONG,LOSER,0.751071763780726,0.015799053818646325,0.007194244604316502,0.007194244604316502,0.05660377358490565,0.0035842293906809264,0.7468354430379747,-3945.0,SKIP_AS_OVEREXTENDED,True
OPEN_MAX_5PCT,20260924-6456-131000,20260924,6456,GIS-KY,LONG,LOSER,0.833472371980402,0.04416394435322535,0.009828009828009687,0.018587360594795488,0.05384615384615388,0.004889975550122383,0.845771144278607,-2126.0,SKIP_AS_OVEREXTENDED,True
VOLUME_STRENGTH_MAX_0_8,20260922-1709-093200,20260922,1709,和益,SHORT,WINNER,0.6628052440782412,0.0060612613529397175,0.00793650793650802,,0.005714285714285783,0.0034285714285713365,0.4700460829493088,4442.0,KEEP,False
VOLUME_STRENGTH_MAX_0_8,20260923-3229-092830,20260923,3229,晟鈦,SHORT,LOSER,0.8375,0.014272953425604862,0.007005253940455369,0.017331022530329254,0.01763668430335108,0.005291005291005346,1.0,-3549.0,SKIP_AS_OVEREXTENDED,True
VOLUME_STRENGTH_MAX_0_8,20260923-8111-093300,20260923,8111,立碁,LONG,LOSER,0.7289318507818726,0.0023879645349345058,0.0039525691699604515,-0.002617801047120505,-0.009102730819245841,0.0026315789473685403,0.746031746031746,-3684.0,KEEP,True
VOLUME_STRENGTH_MAX_0_8,20260923-3094-094300,20260923,3094,聯傑,LONG,WINNER,0.5499631919957078,0.0011638624085883453,0.01158301158301156,0.01158301158301156,-0.01132075471698113,0.0057581573896352545,0.6645962732919255,7874.0,KEEP,True
VOLUME_STRENGTH_MAX_0_8,20260923-4956-095730,20260923,4956,光鋐,SHORT,LOSER,0.8123689727463312,0.013197868143394409,0.004424778761062065,0.008810572687224627,0.01777777777777767,0.0033333333333334103,0.9555555555555556,-778.0,SKIP_AS_OVEREXTENDED,True
VOLUME_STRENGTH_MAX_0_8,20260923-1709-095830,20260923,1709,和益,SHORT,LOSER,0.5948559063053916,0.035694958286478284,0.005434782608695676,0.010810810810810811,0.06229508196721323,0.002185792349726823,0.5747303543913713,-3591.0,KEEP,True
VOLUME_STRENGTH_MAX_0_8,20260923-2221-100530,20260923,2221,大甲,LONG,WINNER,0.513309056966174,0.0016627756852380937,0.006250000000000089,0.0031152647975076775,0.0031152647975076775,0.0031152647975076775,0.46938775510204084,3470.0,KEEP,True
VOLUME_STRENGTH_MAX_0_8,20260923-2033-113900,20260923,2033,佳大,SHORT,LOSER,0.8400000000000001,0.037014781691381615,0.01072386058981234,0.012048192771084376,0.05555555555555558,0.00406504065040636,1.0,-1342.0,SKIP_AS_OVEREXTENDED,True
VOLUME_STRENGTH_MAX_0_8,20260923-3605-121730,20260923,3605,宏致,SHORT,WINNER,0.6567156922922335,0.0003761435188438522,0.005420054200542035,-0.0,-0.010899182561307952,0.0027247956403269047,0.9016393442622951,1913.0,SKIP_AS_OVEREXTENDED,True
VOLUME_STRENGTH_MAX_0_8,20260923-6168-124430,20260923,6168,宏齊,SHORT,LOSER,0.8182281620281068,0.008444647866145183,0.0012195121951218413,0.0060679611650485965,0.04517704517704502,0.0012210012210012167,0.9473684210526315,-1327.0,SKIP_AS_OVEREXTENDED,True
VOLUME_STRENGTH_MAX_0_8,20260923-2409-130930,20260923,2409,友達,SHORT,LOSER,0.7468056220688456,0.005699545357878089,0.0028860028860029363,0.007183908045977017,0.02894356005788712,0.0014471780028944004,0.8247634718222954,-1556.0,SKIP_AS_OVEREXTENDED,True
VOLUME_STRENGTH_MAX_0_8,20260924-2409-090900,20260924,2409,友達,SHORT,WINNER,0.6751867182037729,0.008295761987336392,0.004267425320056861,0.026425591098748313,-0.0071428571428571175,0.0014285714285713347,0.6759987417426864,2441.0,KEEP,True
VOLUME_STRENGTH_MAX_0_8,20260924-3605-090900,20260924,3605,宏致,LONG,LOSER,0.495416817613998,0.00369555316833714,0.005540166204986097,0.0,0.011142061281337101,0.0027624309392264568,0.41935483870967744,-585.0,KEEP,True
VOLUME_STRENGTH_MAX_0_8,20260924-2033-091030,20260924,2033,佳大,SHORT,WINNER,0.6532359481634844,0.010621566795067316,0.008021390374331472,0.023684210526315752,0.014824797843665749,0.0040431266846361336,0.654320987654321,4158.0,KEEP,True
VOLUME_STRENGTH_MAX_0_8,20260924-4956-093400,20260924,4956,光鋐,LONG,LOSER,0.7357558139534883,0.007967074602401425,0.006479481641468832,0.009750812567713929,0.07003444316877161,0.004310344827586299,0.75,-3593.0,KEEP,True
VOLUME_STRENGTH_MAX_0_8,20260924-3624-115700,20260924,3624,光頡,LONG,LOSER,0.751071763780726,0.015799053818646325,0.007194244604316502,0.007194244604316502,0.05660377358490565,0.0035842293906809264,0.7468354430379747,-3945.0,KEEP,True
VOLUME_STRENGTH_MAX_0_8,20260924-6456-131000,20260924,6456,GIS-KY,LONG,LOSER,0.833472371980402,0.04416394435322535,0.009828009828009687,0.018587360594795488,0.05384615384615388,0.004889975550122383,0.845771144278607,-2126.0,SKIP_AS_OVEREXTENDED,True
VOLUME_STRENGTH_MAX_0_9,20260922-1709-093200,20260922,1709,和益,SHORT,WINNER,0.6628052440782412,0.0060612613529397175,0.00793650793650802,,0.005714285714285783,0.0034285714285713365,0.4700460829493088,4442.0,KEEP,False
VOLUME_STRENGTH_MAX_0_9,20260923-3229-092830,20260923,3229,晟鈦,SHORT,LOSER,0.8375,0.014272953425604862,0.007005253940455369,0.017331022530329254,0.01763668430335108,0.005291005291005346,1.0,-3549.0,SKIP_AS_OVEREXTENDED,True
VOLUME_STRENGTH_MAX_0_9,20260923-8111-093300,20260923,8111,立碁,LONG,LOSER,0.7289318507818726,0.0023879645349345058,0.0039525691699604515,-0.002617801047120505,-0.009102730819245841,0.0026315789473685403,0.746031746031746,-3684.0,KEEP,True
VOLUME_STRENGTH_MAX_0_9,20260923-3094-094300,20260923,3094,聯傑,LONG,WINNER,0.5499631919957078,0.0011638624085883453,0.01158301158301156,0.01158301158301156,-0.01132075471698113,0.0057581573896352545,0.6645962732919255,7874.0,KEEP,True
VOLUME_STRENGTH_MAX_0_9,20260923-4956-095730,20260923,4956,光鋐,SHORT,LOSER,0.8123689727463312,0.013197868143394409,0.004424778761062065,0.008810572687224627,0.01777777777777767,0.0033333333333334103,0.9555555555555556,-778.0,SKIP_AS_OVEREXTENDED,True
VOLUME_STRENGTH_MAX_0_9,20260923-1709-095830,20260923,1709,和益,SHORT,LOSER,0.5948559063053916,0.035694958286478284,0.005434782608695676,0.010810810810810811,0.06229508196721323,0.002185792349726823,0.5747303543913713,-3591.0,KEEP,True
VOLUME_STRENGTH_MAX_0_9,20260923-2221-100530,20260923,2221,大甲,LONG,WINNER,0.513309056966174,0.0016627756852380937,0.006250000000000089,0.0031152647975076775,0.0031152647975076775,0.0031152647975076775,0.46938775510204084,3470.0,KEEP,True
VOLUME_STRENGTH_MAX_0_9,20260923-2033-113900,20260923,2033,佳大,SHORT,LOSER,0.8400000000000001,0.037014781691381615,0.01072386058981234,0.012048192771084376,0.05555555555555558,0.00406504065040636,1.0,-1342.0,SKIP_AS_OVEREXTENDED,True
VOLUME_STRENGTH_MAX_0_9,20260923-3605-121730,20260923,3605,宏致,SHORT,WINNER,0.6567156922922335,0.0003761435188438522,0.005420054200542035,-0.0,-0.010899182561307952,0.0027247956403269047,0.9016393442622951,1913.0,SKIP_AS_OVEREXTENDED,True
VOLUME_STRENGTH_MAX_0_9,20260923-6168-124430,20260923,6168,宏齊,SHORT,LOSER,0.8182281620281068,0.008444647866145183,0.0012195121951218413,0.0060679611650485965,0.04517704517704502,0.0012210012210012167,0.9473684210526315,-1327.0,SKIP_AS_OVEREXTENDED,True
VOLUME_STRENGTH_MAX_0_9,20260923-2409-130930,20260923,2409,友達,SHORT,LOSER,0.7468056220688456,0.005699545357878089,0.0028860028860029363,0.007183908045977017,0.02894356005788712,0.0014471780028944004,0.8247634718222954,-1556.0,KEEP,True
VOLUME_STRENGTH_MAX_0_9,20260924-2409-090900,20260924,2409,友達,SHORT,WINNER,0.6751867182037729,0.008295761987336392,0.004267425320056861,0.026425591098748313,-0.0071428571428571175,0.0014285714285713347,0.6759987417426864,2441.0,KEEP,True
VOLUME_STRENGTH_MAX_0_9,20260924-3605-090900,20260924,3605,宏致,LONG,LOSER,0.495416817613998,0.00369555316833714,0.005540166204986097,0.0,0.011142061281337101,0.0027624309392264568,0.41935483870967744,-585.0,KEEP,True
VOLUME_STRENGTH_MAX_0_9,20260924-2033-091030,20260924,2033,佳大,SHORT,WINNER,0.6532359481634844,0.010621566795067316,0.008021390374331472,0.023684210526315752,0.014824797843665749,0.0040431266846361336,0.654320987654321,4158.0,KEEP,True
VOLUME_STRENGTH_MAX_0_9,20260924-4956-093400,20260924,4956,光鋐,LONG,LOSER,0.7357558139534883,0.007967074602401425,0.006479481641468832,0.009750812567713929,0.07003444316877161,0.004310344827586299,0.75,-3593.0,KEEP,True
VOLUME_STRENGTH_MAX_0_9,20260924-3624-115700,20260924,3624,光頡,LONG,LOSER,0.751071763780726,0.015799053818646325,0.007194244604316502,0.007194244604316502,0.05660377358490565,0.0035842293906809264,0.7468354430379747,-3945.0,KEEP,True
VOLUME_STRENGTH_MAX_0_9,20260924-6456-131000,20260924,6456,GIS-KY,LONG,LOSER,0.833472371980402,0.04416394435322535,0.009828009828009687,0.018587360594795488,0.05384615384615388,0.004889975550122383,0.845771144278607,-2126.0,KEEP,True
VOLUME_STRENGTH_MAX_0_95,20260922-1709-093200,20260922,1709,和益,SHORT,WINNER,0.6628052440782412,0.0060612613529397175,0.00793650793650802,,0.005714285714285783,0.0034285714285713365,0.4700460829493088,4442.0,KEEP,False
VOLUME_STRENGTH_MAX_0_95,20260923-3229-092830,20260923,3229,晟鈦,SHORT,LOSER,0.8375,0.014272953425604862,0.007005253940455369,0.017331022530329254,0.01763668430335108,0.005291005291005346,1.0,-3549.0,SKIP_AS_OVEREXTENDED,True
VOLUME_STRENGTH_MAX_0_95,20260923-8111-093300,20260923,8111,立碁,LONG,LOSER,0.7289318507818726,0.0023879645349345058,0.0039525691699604515,-0.002617801047120505,-0.009102730819245841,0.0026315789473685403,0.746031746031746,-3684.0,KEEP,True
VOLUME_STRENGTH_MAX_0_95,20260923-3094-094300,20260923,3094,聯傑,LONG,WINNER,0.5499631919957078,0.0011638624085883453,0.01158301158301156,0.01158301158301156,-0.01132075471698113,0.0057581573896352545,0.6645962732919255,7874.0,KEEP,True
VOLUME_STRENGTH_MAX_0_95,20260923-4956-095730,20260923,4956,光鋐,SHORT,LOSER,0.8123689727463312,0.013197868143394409,0.004424778761062065,0.008810572687224627,0.01777777777777767,0.0033333333333334103,0.9555555555555556,-778.0,SKIP_AS_OVEREXTENDED,True
VOLUME_STRENGTH_MAX_0_95,20260923-1709-095830,20260923,1709,和益,SHORT,LOSER,0.5948559063053916,0.035694958286478284,0.005434782608695676,0.010810810810810811,0.06229508196721323,0.002185792349726823,0.5747303543913713,-3591.0,KEEP,True
VOLUME_STRENGTH_MAX_0_95,20260923-2221-100530,20260923,2221,大甲,LONG,WINNER,0.513309056966174,0.0016627756852380937,0.006250000000000089,0.0031152647975076775,0.0031152647975076775,0.0031152647975076775,0.46938775510204084,3470.0,KEEP,True
VOLUME_STRENGTH_MAX_0_95,20260923-2033-113900,20260923,2033,佳大,SHORT,LOSER,0.8400000000000001,0.037014781691381615,0.01072386058981234,0.012048192771084376,0.05555555555555558,0.00406504065040636,1.0,-1342.0,SKIP_AS_OVEREXTENDED,True
VOLUME_STRENGTH_MAX_0_95,20260923-3605-121730,20260923,3605,宏致,SHORT,WINNER,0.6567156922922335,0.0003761435188438522,0.005420054200542035,-0.0,-0.010899182561307952,0.0027247956403269047,0.9016393442622951,1913.0,KEEP,True
VOLUME_STRENGTH_MAX_0_95,20260923-6168-124430,20260923,6168,宏齊,SHORT,LOSER,0.8182281620281068,0.008444647866145183,0.0012195121951218413,0.0060679611650485965,0.04517704517704502,0.0012210012210012167,0.9473684210526315,-1327.0,KEEP,True
VOLUME_STRENGTH_MAX_0_95,20260923-2409-130930,20260923,2409,友達,SHORT,LOSER,0.7468056220688456,0.005699545357878089,0.0028860028860029363,0.007183908045977017,0.02894356005788712,0.0014471780028944004,0.8247634718222954,-1556.0,KEEP,True
VOLUME_STRENGTH_MAX_0_95,20260924-2409-090900,20260924,2409,友達,SHORT,WINNER,0.6751867182037729,0.008295761987336392,0.004267425320056861,0.026425591098748313,-0.0071428571428571175,0.0014285714285713347,0.6759987417426864,2441.0,KEEP,True
VOLUME_STRENGTH_MAX_0_95,20260924-3605-090900,20260924,3605,宏致,LONG,LOSER,0.495416817613998,0.00369555316833714,0.005540166204986097,0.0,0.011142061281337101,0.0027624309392264568,0.41935483870967744,-585.0,KEEP,True
VOLUME_STRENGTH_MAX_0_95,20260924-2033-091030,20260924,2033,佳大,SHORT,WINNER,0.6532359481634844,0.010621566795067316,0.008021390374331472,0.023684210526315752,0.014824797843665749,0.0040431266846361336,0.654320987654321,4158.0,KEEP,True
VOLUME_STRENGTH_MAX_0_95,20260924-4956-093400,20260924,4956,光鋐,LONG,LOSER,0.7357558139534883,0.007967074602401425,0.006479481641468832,0.009750812567713929,0.07003444316877161,0.004310344827586299,0.75,-3593.0,KEEP,True
VOLUME_STRENGTH_MAX_0_95,20260924-3624-115700,20260924,3624,光頡,LONG,LOSER,0.751071763780726,0.015799053818646325,0.007194244604316502,0.007194244604316502,0.05660377358490565,0.0035842293906809264,0.7468354430379747,-3945.0,KEEP,True
VOLUME_STRENGTH_MAX_0_95,20260924-6456-131000,20260924,6456,GIS-KY,LONG,LOSER,0.833472371980402,0.04416394435322535,0.009828009828009687,0.018587360594795488,0.05384615384615388,0.004889975550122383,0.845771144278607,-2126.0,KEEP,True
ANTI_CHASE_LOOSE_V1,20260922-1709-093200,20260922,1709,和益,SHORT,WINNER,0.6628052440782412,0.0060612613529397175,0.00793650793650802,,0.005714285714285783,0.0034285714285713365,0.4700460829493088,4442.0,KEEP,False
ANTI_CHASE_LOOSE_V1,20260923-3229-092830,20260923,3229,晟鈦,SHORT,LOSER,0.8375,0.014272953425604862,0.007005253940455369,0.017331022530329254,0.01763668430335108,0.005291005291005346,1.0,-3549.0,KEEP,True
ANTI_CHASE_LOOSE_V1,20260923-8111-093300,20260923,8111,立碁,LONG,LOSER,0.7289318507818726,0.0023879645349345058,0.0039525691699604515,-0.002617801047120505,-0.009102730819245841,0.0026315789473685403,0.746031746031746,-3684.0,KEEP,True
ANTI_CHASE_LOOSE_V1,20260923-3094-094300,20260923,3094,聯傑,LONG,WINNER,0.5499631919957078,0.0011638624085883453,0.01158301158301156,0.01158301158301156,-0.01132075471698113,0.0057581573896352545,0.6645962732919255,7874.0,KEEP,True
ANTI_CHASE_LOOSE_V1,20260923-4956-095730,20260923,4956,光鋐,SHORT,LOSER,0.8123689727463312,0.013197868143394409,0.004424778761062065,0.008810572687224627,0.01777777777777767,0.0033333333333334103,0.9555555555555556,-778.0,KEEP,True
ANTI_CHASE_LOOSE_V1,20260923-1709-095830,20260923,1709,和益,SHORT,LOSER,0.5948559063053916,0.035694958286478284,0.005434782608695676,0.010810810810810811,0.06229508196721323,0.002185792349726823,0.5747303543913713,-3591.0,SKIP_AS_OVEREXTENDED,True
ANTI_CHASE_LOOSE_V1,20260923-2221-100530,20260923,2221,大甲,LONG,WINNER,0.513309056966174,0.0016627756852380937,0.006250000000000089,0.0031152647975076775,0.0031152647975076775,0.0031152647975076775,0.46938775510204084,3470.0,KEEP,True
ANTI_CHASE_LOOSE_V1,20260923-2033-113900,20260923,2033,佳大,SHORT,LOSER,0.8400000000000001,0.037014781691381615,0.01072386058981234,0.012048192771084376,0.05555555555555558,0.00406504065040636,1.0,-1342.0,SKIP_AS_OVEREXTENDED,True
ANTI_CHASE_LOOSE_V1,20260923-3605-121730,20260923,3605,宏致,SHORT,WINNER,0.6567156922922335,0.0003761435188438522,0.005420054200542035,-0.0,-0.010899182561307952,0.0027247956403269047,0.9016393442622951,1913.0,KEEP,True
ANTI_CHASE_LOOSE_V1,20260923-6168-124430,20260923,6168,宏齊,SHORT,LOSER,0.8182281620281068,0.008444647866145183,0.0012195121951218413,0.0060679611650485965,0.04517704517704502,0.0012210012210012167,0.9473684210526315,-1327.0,SKIP_AS_OVEREXTENDED,True
ANTI_CHASE_LOOSE_V1,20260923-2409-130930,20260923,2409,友達,SHORT,LOSER,0.7468056220688456,0.005699545357878089,0.0028860028860029363,0.007183908045977017,0.02894356005788712,0.0014471780028944004,0.8247634718222954,-1556.0,KEEP,True
ANTI_CHASE_LOOSE_V1,20260924-2409-090900,20260924,2409,友達,SHORT,WINNER,0.6751867182037729,0.008295761987336392,0.004267425320056861,0.026425591098748313,-0.0071428571428571175,0.0014285714285713347,0.6759987417426864,2441.0,KEEP,True
ANTI_CHASE_LOOSE_V1,20260924-3605-090900,20260924,3605,宏致,LONG,LOSER,0.495416817613998,0.00369555316833714,0.005540166204986097,0.0,0.011142061281337101,0.0027624309392264568,0.41935483870967744,-585.0,KEEP,True
ANTI_CHASE_LOOSE_V1,20260924-2033-091030,20260924,2033,佳大,SHORT,WINNER,0.6532359481634844,0.010621566795067316,0.008021390374331472,0.023684210526315752,0.014824797843665749,0.0040431266846361336,0.654320987654321,4158.0,KEEP,True
ANTI_CHASE_LOOSE_V1,20260924-4956-093400,20260924,4956,光鋐,LONG,LOSER,0.7357558139534883,0.007967074602401425,0.006479481641468832,0.009750812567713929,0.07003444316877161,0.004310344827586299,0.75,-3593.0,SKIP_AS_OVEREXTENDED,True
ANTI_CHASE_LOOSE_V1,20260924-3624-115700,20260924,3624,光頡,LONG,LOSER,0.751071763780726,0.015799053818646325,0.007194244604316502,0.007194244604316502,0.05660377358490565,0.0035842293906809264,0.7468354430379747,-3945.0,SKIP_AS_OVEREXTENDED,True
ANTI_CHASE_LOOSE_V1,20260924-6456-131000,20260924,6456,GIS-KY,LONG,LOSER,0.833472371980402,0.04416394435322535,0.009828009828009687,0.018587360594795488,0.05384615384615388,0.004889975550122383,0.845771144278607,-2126.0,SKIP_AS_OVEREXTENDED,True
ANTI_CHASE_BALANCED_V1,20260922-1709-093200,20260922,1709,和益,SHORT,WINNER,0.6628052440782412,0.0060612613529397175,0.00793650793650802,,0.005714285714285783,0.0034285714285713365,0.4700460829493088,4442.0,KEEP,False
ANTI_CHASE_BALANCED_V1,20260923-3229-092830,20260923,3229,晟鈦,SHORT,LOSER,0.8375,0.014272953425604862,0.007005253940455369,0.017331022530329254,0.01763668430335108,0.005291005291005346,1.0,-3549.0,SKIP_AS_OVEREXTENDED,True
ANTI_CHASE_BALANCED_V1,20260923-8111-093300,20260923,8111,立碁,LONG,LOSER,0.7289318507818726,0.0023879645349345058,0.0039525691699604515,-0.002617801047120505,-0.009102730819245841,0.0026315789473685403,0.746031746031746,-3684.0,KEEP,True
ANTI_CHASE_BALANCED_V1,20260923-3094-094300,20260923,3094,聯傑,LONG,WINNER,0.5499631919957078,0.0011638624085883453,0.01158301158301156,0.01158301158301156,-0.01132075471698113,0.0057581573896352545,0.6645962732919255,7874.0,KEEP,True
ANTI_CHASE_BALANCED_V1,20260923-4956-095730,20260923,4956,光鋐,SHORT,LOSER,0.8123689727463312,0.013197868143394409,0.004424778761062065,0.008810572687224627,0.01777777777777767,0.0033333333333334103,0.9555555555555556,-778.0,SKIP_AS_OVEREXTENDED,True
ANTI_CHASE_BALANCED_V1,20260923-1709-095830,20260923,1709,和益,SHORT,LOSER,0.5948559063053916,0.035694958286478284,0.005434782608695676,0.010810810810810811,0.06229508196721323,0.002185792349726823,0.5747303543913713,-3591.0,SKIP_AS_OVEREXTENDED,True
ANTI_CHASE_BALANCED_V1,20260923-2221-100530,20260923,2221,大甲,LONG,WINNER,0.513309056966174,0.0016627756852380937,0.006250000000000089,0.0031152647975076775,0.0031152647975076775,0.0031152647975076775,0.46938775510204084,3470.0,KEEP,True
ANTI_CHASE_BALANCED_V1,20260923-2033-113900,20260923,2033,佳大,SHORT,LOSER,0.8400000000000001,0.037014781691381615,0.01072386058981234,0.012048192771084376,0.05555555555555558,0.00406504065040636,1.0,-1342.0,SKIP_AS_OVEREXTENDED,True
ANTI_CHASE_BALANCED_V1,20260923-3605-121730,20260923,3605,宏致,SHORT,WINNER,0.6567156922922335,0.0003761435188438522,0.005420054200542035,-0.0,-0.010899182561307952,0.0027247956403269047,0.9016393442622951,1913.0,KEEP,True
ANTI_CHASE_BALANCED_V1,20260923-6168-124430,20260923,6168,宏齊,SHORT,LOSER,0.8182281620281068,0.008444647866145183,0.0012195121951218413,0.0060679611650485965,0.04517704517704502,0.0012210012210012167,0.9473684210526315,-1327.0,SKIP_AS_OVEREXTENDED,True
ANTI_CHASE_BALANCED_V1,20260923-2409-130930,20260923,2409,友達,SHORT,LOSER,0.7468056220688456,0.005699545357878089,0.0028860028860029363,0.007183908045977017,0.02894356005788712,0.0014471780028944004,0.8247634718222954,-1556.0,SKIP_AS_OVEREXTENDED,True
ANTI_CHASE_BALANCED_V1,20260924-2409-090900,20260924,2409,友達,SHORT,WINNER,0.6751867182037729,0.008295761987336392,0.004267425320056861,0.026425591098748313,-0.0071428571428571175,0.0014285714285713347,0.6759987417426864,2441.0,KEEP,True
ANTI_CHASE_BALANCED_V1,20260924-3605-090900,20260924,3605,宏致,LONG,LOSER,0.495416817613998,0.00369555316833714,0.005540166204986097,0.0,0.011142061281337101,0.0027624309392264568,0.41935483870967744,-585.0,KEEP,True
ANTI_CHASE_BALANCED_V1,20260924-2033-091030,20260924,2033,佳大,SHORT,WINNER,0.6532359481634844,0.010621566795067316,0.008021390374331472,0.023684210526315752,0.014824797843665749,0.0040431266846361336,0.654320987654321,4158.0,KEEP,True
ANTI_CHASE_BALANCED_V1,20260924-4956-093400,20260924,4956,光鋐,LONG,LOSER,0.7357558139534883,0.007967074602401425,0.006479481641468832,0.009750812567713929,0.07003444316877161,0.004310344827586299,0.75,-3593.0,SKIP_AS_OVEREXTENDED,True
ANTI_CHASE_BALANCED_V1,20260924-3624-115700,20260924,3624,光頡,LONG,LOSER,0.751071763780726,0.015799053818646325,0.007194244604316502,0.007194244604316502,0.05660377358490565,0.0035842293906809264,0.7468354430379747,-3945.0,SKIP_AS_OVEREXTENDED,True
ANTI_CHASE_BALANCED_V1,20260924-6456-131000,20260924,6456,GIS-KY,LONG,LOSER,0.833472371980402,0.04416394435322535,0.009828009828009687,0.018587360594795488,0.05384615384615388,0.004889975550122383,0.845771144278607,-2126.0,SKIP_AS_OVEREXTENDED,True
ANTI_CHASE_STRICT_V1,20260922-1709-093200,20260922,1709,和益,SHORT,WINNER,0.6628052440782412,0.0060612613529397175,0.00793650793650802,,0.005714285714285783,0.0034285714285713365,0.4700460829493088,4442.0,KEEP,False
ANTI_CHASE_STRICT_V1,20260923-3229-092830,20260923,3229,晟鈦,SHORT,LOSER,0.8375,0.014272953425604862,0.007005253940455369,0.017331022530329254,0.01763668430335108,0.005291005291005346,1.0,-3549.0,SKIP_AS_OVEREXTENDED,True
ANTI_CHASE_STRICT_V1,20260923-8111-093300,20260923,8111,立碁,LONG,LOSER,0.7289318507818726,0.0023879645349345058,0.0039525691699604515,-0.002617801047120505,-0.009102730819245841,0.0026315789473685403,0.746031746031746,-3684.0,KEEP,True
ANTI_CHASE_STRICT_V1,20260923-3094-094300,20260923,3094,聯傑,LONG,WINNER,0.5499631919957078,0.0011638624085883453,0.01158301158301156,0.01158301158301156,-0.01132075471698113,0.0057581573896352545,0.6645962732919255,7874.0,KEEP,True
ANTI_CHASE_STRICT_V1,20260923-4956-095730,20260923,4956,光鋐,SHORT,LOSER,0.8123689727463312,0.013197868143394409,0.004424778761062065,0.008810572687224627,0.01777777777777767,0.0033333333333334103,0.9555555555555556,-778.0,SKIP_AS_OVEREXTENDED,True
ANTI_CHASE_STRICT_V1,20260923-1709-095830,20260923,1709,和益,SHORT,LOSER,0.5948559063053916,0.035694958286478284,0.005434782608695676,0.010810810810810811,0.06229508196721323,0.002185792349726823,0.5747303543913713,-3591.0,SKIP_AS_OVEREXTENDED,True
ANTI_CHASE_STRICT_V1,20260923-2221-100530,20260923,2221,大甲,LONG,WINNER,0.513309056966174,0.0016627756852380937,0.006250000000000089,0.0031152647975076775,0.0031152647975076775,0.0031152647975076775,0.46938775510204084,3470.0,KEEP,True
ANTI_CHASE_STRICT_V1,20260923-2033-113900,20260923,2033,佳大,SHORT,LOSER,0.8400000000000001,0.037014781691381615,0.01072386058981234,0.012048192771084376,0.05555555555555558,0.00406504065040636,1.0,-1342.0,SKIP_AS_OVEREXTENDED,True
ANTI_CHASE_STRICT_V1,20260923-3605-121730,20260923,3605,宏致,SHORT,WINNER,0.6567156922922335,0.0003761435188438522,0.005420054200542035,-0.0,-0.010899182561307952,0.0027247956403269047,0.9016393442622951,1913.0,KEEP,True
ANTI_CHASE_STRICT_V1,20260923-6168-124430,20260923,6168,宏齊,SHORT,LOSER,0.8182281620281068,0.008444647866145183,0.0012195121951218413,0.0060679611650485965,0.04517704517704502,0.0012210012210012167,0.9473684210526315,-1327.0,SKIP_AS_OVEREXTENDED,True
ANTI_CHASE_STRICT_V1,20260923-2409-130930,20260923,2409,友達,SHORT,LOSER,0.7468056220688456,0.005699545357878089,0.0028860028860029363,0.007183908045977017,0.02894356005788712,0.0014471780028944004,0.8247634718222954,-1556.0,SKIP_AS_OVEREXTENDED,True
ANTI_CHASE_STRICT_V1,20260924-2409-090900,20260924,2409,友達,SHORT,WINNER,0.6751867182037729,0.008295761987336392,0.004267425320056861,0.026425591098748313,-0.0071428571428571175,0.0014285714285713347,0.6759987417426864,2441.0,KEEP,True
ANTI_CHASE_STRICT_V1,20260924-3605-090900,20260924,3605,宏致,LONG,LOSER,0.495416817613998,0.00369555316833714,0.005540166204986097,0.0,0.011142061281337101,0.0027624309392264568,0.41935483870967744,-585.0,KEEP,True
ANTI_CHASE_STRICT_V1,20260924-2033-091030,20260924,2033,佳大,SHORT,WINNER,0.6532359481634844,0.010621566795067316,0.008021390374331472,0.023684210526315752,0.014824797843665749,0.0040431266846361336,0.654320987654321,4158.0,SKIP_AS_OVEREXTENDED,True
ANTI_CHASE_STRICT_V1,20260924-4956-093400,20260924,4956,光鋐,LONG,LOSER,0.7357558139534883,0.007967074602401425,0.006479481641468832,0.009750812567713929,0.07003444316877161,0.004310344827586299,0.75,-3593.0,SKIP_AS_OVEREXTENDED,True
ANTI_CHASE_STRICT_V1,20260924-3624-115700,20260924,3624,光頡,LONG,LOSER,0.751071763780726,0.015799053818646325,0.007194244604316502,0.007194244604316502,0.05660377358490565,0.0035842293906809264,0.7468354430379747,-3945.0,SKIP_AS_OVEREXTENDED,True
ANTI_CHASE_STRICT_V1,20260924-6456-131000,20260924,6456,GIS-KY,LONG,LOSER,0.833472371980402,0.04416394435322535,0.009828009828009687,0.018587360594795488,0.05384615384615388,0.004889975550122383,0.845771144278607,-2126.0,SKIP_AS_OVEREXTENDED,True
EXTENSION_LOOSE_V1,20260922-1709-093200,20260922,1709,和益,SHORT,WINNER,0.6628052440782412,0.0060612613529397175,0.00793650793650802,,0.005714285714285783,0.0034285714285713365,0.4700460829493088,4442.0,SKIP_AS_OVEREXTENDED,False
EXTENSION_LOOSE_V1,20260923-3229-092830,20260923,3229,晟鈦,SHORT,LOSER,0.8375,0.014272953425604862,0.007005253940455369,0.017331022530329254,0.01763668430335108,0.005291005291005346,1.0,-3549.0,KEEP,True
EXTENSION_LOOSE_V1,20260923-8111-093300,20260923,8111,立碁,LONG,LOSER,0.7289318507818726,0.0023879645349345058,0.0039525691699604515,-0.002617801047120505,-0.009102730819245841,0.0026315789473685403,0.746031746031746,-3684.0,KEEP,True
EXTENSION_LOOSE_V1,20260923-3094-094300,20260923,3094,聯傑,LONG,WINNER,0.5499631919957078,0.0011638624085883453,0.01158301158301156,0.01158301158301156,-0.01132075471698113,0.0057581573896352545,0.6645962732919255,7874.0,KEEP,True
EXTENSION_LOOSE_V1,20260923-4956-095730,20260923,4956,光鋐,SHORT,LOSER,0.8123689727463312,0.013197868143394409,0.004424778761062065,0.008810572687224627,0.01777777777777767,0.0033333333333334103,0.9555555555555556,-778.0,KEEP,True
EXTENSION_LOOSE_V1,20260923-1709-095830,20260923,1709,和益,SHORT,LOSER,0.5948559063053916,0.035694958286478284,0.005434782608695676,0.010810810810810811,0.06229508196721323,0.002185792349726823,0.5747303543913713,-3591.0,SKIP_AS_OVEREXTENDED,True
EXTENSION_LOOSE_V1,20260923-2221-100530,20260923,2221,大甲,LONG,WINNER,0.513309056966174,0.0016627756852380937,0.006250000000000089,0.0031152647975076775,0.0031152647975076775,0.0031152647975076775,0.46938775510204084,3470.0,KEEP,True
EXTENSION_LOOSE_V1,20260923-2033-113900,20260923,2033,佳大,SHORT,LOSER,0.8400000000000001,0.037014781691381615,0.01072386058981234,0.012048192771084376,0.05555555555555558,0.00406504065040636,1.0,-1342.0,SKIP_AS_OVEREXTENDED,True
EXTENSION_LOOSE_V1,20260923-3605-121730,20260923,3605,宏致,SHORT,WINNER,0.6567156922922335,0.0003761435188438522,0.005420054200542035,-0.0,-0.010899182561307952,0.0027247956403269047,0.9016393442622951,1913.0,KEEP,True
EXTENSION_LOOSE_V1,20260923-6168-124430,20260923,6168,宏齊,SHORT,LOSER,0.8182281620281068,0.008444647866145183,0.0012195121951218413,0.0060679611650485965,0.04517704517704502,0.0012210012210012167,0.9473684210526315,-1327.0,KEEP,True
EXTENSION_LOOSE_V1,20260923-2409-130930,20260923,2409,友達,SHORT,LOSER,0.7468056220688456,0.005699545357878089,0.0028860028860029363,0.007183908045977017,0.02894356005788712,0.0014471780028944004,0.8247634718222954,-1556.0,KEEP,True
EXTENSION_LOOSE_V1,20260924-2409-090900,20260924,2409,友達,SHORT,WINNER,0.6751867182037729,0.008295761987336392,0.004267425320056861,0.026425591098748313,-0.0071428571428571175,0.0014285714285713347,0.6759987417426864,2441.0,KEEP,True
EXTENSION_LOOSE_V1,20260924-3605-090900,20260924,3605,宏致,LONG,LOSER,0.495416817613998,0.00369555316833714,0.005540166204986097,0.0,0.011142061281337101,0.0027624309392264568,0.41935483870967744,-585.0,KEEP,True
EXTENSION_LOOSE_V1,20260924-2033-091030,20260924,2033,佳大,SHORT,WINNER,0.6532359481634844,0.010621566795067316,0.008021390374331472,0.023684210526315752,0.014824797843665749,0.0040431266846361336,0.654320987654321,4158.0,KEEP,True
EXTENSION_LOOSE_V1,20260924-4956-093400,20260924,4956,光鋐,LONG,LOSER,0.7357558139534883,0.007967074602401425,0.006479481641468832,0.009750812567713929,0.07003444316877161,0.004310344827586299,0.75,-3593.0,KEEP,True
EXTENSION_LOOSE_V1,20260924-3624-115700,20260924,3624,光頡,LONG,LOSER,0.751071763780726,0.015799053818646325,0.007194244604316502,0.007194244604316502,0.05660377358490565,0.0035842293906809264,0.7468354430379747,-3945.0,KEEP,True
EXTENSION_LOOSE_V1,20260924-6456-131000,20260924,6456,GIS-KY,LONG,LOSER,0.833472371980402,0.04416394435322535,0.009828009828009687,0.018587360594795488,0.05384615384615388,0.004889975550122383,0.845771144278607,-2126.0,SKIP_AS_OVEREXTENDED,True
EXTENSION_BALANCED_V1,20260922-1709-093200,20260922,1709,和益,SHORT,WINNER,0.6628052440782412,0.0060612613529397175,0.00793650793650802,,0.005714285714285783,0.0034285714285713365,0.4700460829493088,4442.0,SKIP_AS_OVEREXTENDED,False
EXTENSION_BALANCED_V1,20260923-3229-092830,20260923,3229,晟鈦,SHORT,LOSER,0.8375,0.014272953425604862,0.007005253940455369,0.017331022530329254,0.01763668430335108,0.005291005291005346,1.0,-3549.0,KEEP,True
EXTENSION_BALANCED_V1,20260923-8111-093300,20260923,8111,立碁,LONG,LOSER,0.7289318507818726,0.0023879645349345058,0.0039525691699604515,-0.002617801047120505,-0.009102730819245841,0.0026315789473685403,0.746031746031746,-3684.0,KEEP,True
EXTENSION_BALANCED_V1,20260923-3094-094300,20260923,3094,聯傑,LONG,WINNER,0.5499631919957078,0.0011638624085883453,0.01158301158301156,0.01158301158301156,-0.01132075471698113,0.0057581573896352545,0.6645962732919255,7874.0,KEEP,True
EXTENSION_BALANCED_V1,20260923-4956-095730,20260923,4956,光鋐,SHORT,LOSER,0.8123689727463312,0.013197868143394409,0.004424778761062065,0.008810572687224627,0.01777777777777767,0.0033333333333334103,0.9555555555555556,-778.0,KEEP,True
EXTENSION_BALANCED_V1,20260923-1709-095830,20260923,1709,和益,SHORT,LOSER,0.5948559063053916,0.035694958286478284,0.005434782608695676,0.010810810810810811,0.06229508196721323,0.002185792349726823,0.5747303543913713,-3591.0,SKIP_AS_OVEREXTENDED,True
EXTENSION_BALANCED_V1,20260923-2221-100530,20260923,2221,大甲,LONG,WINNER,0.513309056966174,0.0016627756852380937,0.006250000000000089,0.0031152647975076775,0.0031152647975076775,0.0031152647975076775,0.46938775510204084,3470.0,KEEP,True
EXTENSION_BALANCED_V1,20260923-2033-113900,20260923,2033,佳大,SHORT,LOSER,0.8400000000000001,0.037014781691381615,0.01072386058981234,0.012048192771084376,0.05555555555555558,0.00406504065040636,1.0,-1342.0,SKIP_AS_OVEREXTENDED,True
EXTENSION_BALANCED_V1,20260923-3605-121730,20260923,3605,宏致,SHORT,WINNER,0.6567156922922335,0.0003761435188438522,0.005420054200542035,-0.0,-0.010899182561307952,0.0027247956403269047,0.9016393442622951,1913.0,KEEP,True
EXTENSION_BALANCED_V1,20260923-6168-124430,20260923,6168,宏齊,SHORT,LOSER,0.8182281620281068,0.008444647866145183,0.0012195121951218413,0.0060679611650485965,0.04517704517704502,0.0012210012210012167,0.9473684210526315,-1327.0,KEEP,True
EXTENSION_BALANCED_V1,20260923-2409-130930,20260923,2409,友達,SHORT,LOSER,0.7468056220688456,0.005699545357878089,0.0028860028860029363,0.007183908045977017,0.02894356005788712,0.0014471780028944004,0.8247634718222954,-1556.0,KEEP,True
EXTENSION_BALANCED_V1,20260924-2409-090900,20260924,2409,友達,SHORT,WINNER,0.6751867182037729,0.008295761987336392,0.004267425320056861,0.026425591098748313,-0.0071428571428571175,0.0014285714285713347,0.6759987417426864,2441.0,KEEP,True
EXTENSION_BALANCED_V1,20260924-3605-090900,20260924,3605,宏致,LONG,LOSER,0.495416817613998,0.00369555316833714,0.005540166204986097,0.0,0.011142061281337101,0.0027624309392264568,0.41935483870967744,-585.0,KEEP,True
EXTENSION_BALANCED_V1,20260924-2033-091030,20260924,2033,佳大,SHORT,WINNER,0.6532359481634844,0.010621566795067316,0.008021390374331472,0.023684210526315752,0.014824797843665749,0.0040431266846361336,0.654320987654321,4158.0,KEEP,True
EXTENSION_BALANCED_V1,20260924-4956-093400,20260924,4956,光鋐,LONG,LOSER,0.7357558139534883,0.007967074602401425,0.006479481641468832,0.009750812567713929,0.07003444316877161,0.004310344827586299,0.75,-3593.0,KEEP,True
EXTENSION_BALANCED_V1,20260924-3624-115700,20260924,3624,光頡,LONG,LOSER,0.751071763780726,0.015799053818646325,0.007194244604316502,0.007194244604316502,0.05660377358490565,0.0035842293906809264,0.7468354430379747,-3945.0,SKIP_AS_OVEREXTENDED,True
EXTENSION_BALANCED_V1,20260924-6456-131000,20260924,6456,GIS-KY,LONG,LOSER,0.833472371980402,0.04416394435322535,0.009828009828009687,0.018587360594795488,0.05384615384615388,0.004889975550122383,0.845771144278607,-2126.0,SKIP_AS_OVEREXTENDED,True
EXTENSION_STRICT_V1,20260922-1709-093200,20260922,1709,和益,SHORT,WINNER,0.6628052440782412,0.0060612613529397175,0.00793650793650802,,0.005714285714285783,0.0034285714285713365,0.4700460829493088,4442.0,SKIP_AS_OVEREXTENDED,False
EXTENSION_STRICT_V1,20260923-3229-092830,20260923,3229,晟鈦,SHORT,LOSER,0.8375,0.014272953425604862,0.007005253940455369,0.017331022530329254,0.01763668430335108,0.005291005291005346,1.0,-3549.0,SKIP_AS_OVEREXTENDED,True
EXTENSION_STRICT_V1,20260923-8111-093300,20260923,8111,立碁,LONG,LOSER,0.7289318507818726,0.0023879645349345058,0.0039525691699604515,-0.002617801047120505,-0.009102730819245841,0.0026315789473685403,0.746031746031746,-3684.0,KEEP,True
EXTENSION_STRICT_V1,20260923-3094-094300,20260923,3094,聯傑,LONG,WINNER,0.5499631919957078,0.0011638624085883453,0.01158301158301156,0.01158301158301156,-0.01132075471698113,0.0057581573896352545,0.6645962732919255,7874.0,SKIP_AS_OVEREXTENDED,True
EXTENSION_STRICT_V1,20260923-4956-095730,20260923,4956,光鋐,SHORT,LOSER,0.8123689727463312,0.013197868143394409,0.004424778761062065,0.008810572687224627,0.01777777777777767,0.0033333333333334103,0.9555555555555556,-778.0,SKIP_AS_OVEREXTENDED,True
EXTENSION_STRICT_V1,20260923-1709-095830,20260923,1709,和益,SHORT,LOSER,0.5948559063053916,0.035694958286478284,0.005434782608695676,0.010810810810810811,0.06229508196721323,0.002185792349726823,0.5747303543913713,-3591.0,SKIP_AS_OVEREXTENDED,True
EXTENSION_STRICT_V1,20260923-2221-100530,20260923,2221,大甲,LONG,WINNER,0.513309056966174,0.0016627756852380937,0.006250000000000089,0.0031152647975076775,0.0031152647975076775,0.0031152647975076775,0.46938775510204084,3470.0,KEEP,True
EXTENSION_STRICT_V1,20260923-2033-113900,20260923,2033,佳大,SHORT,LOSER,0.8400000000000001,0.037014781691381615,0.01072386058981234,0.012048192771084376,0.05555555555555558,0.00406504065040636,1.0,-1342.0,SKIP_AS_OVEREXTENDED,True
EXTENSION_STRICT_V1,20260923-3605-121730,20260923,3605,宏致,SHORT,WINNER,0.6567156922922335,0.0003761435188438522,0.005420054200542035,-0.0,-0.010899182561307952,0.0027247956403269047,0.9016393442622951,1913.0,KEEP,True
EXTENSION_STRICT_V1,20260923-6168-124430,20260923,6168,宏齊,SHORT,LOSER,0.8182281620281068,0.008444647866145183,0.0012195121951218413,0.0060679611650485965,0.04517704517704502,0.0012210012210012167,0.9473684210526315,-1327.0,KEEP,True
EXTENSION_STRICT_V1,20260923-2409-130930,20260923,2409,友達,SHORT,LOSER,0.7468056220688456,0.005699545357878089,0.0028860028860029363,0.007183908045977017,0.02894356005788712,0.0014471780028944004,0.8247634718222954,-1556.0,KEEP,True
EXTENSION_STRICT_V1,20260924-2409-090900,20260924,2409,友達,SHORT,WINNER,0.6751867182037729,0.008295761987336392,0.004267425320056861,0.026425591098748313,-0.0071428571428571175,0.0014285714285713347,0.6759987417426864,2441.0,SKIP_AS_OVEREXTENDED,True
EXTENSION_STRICT_V1,20260924-3605-090900,20260924,3605,宏致,LONG,LOSER,0.495416817613998,0.00369555316833714,0.005540166204986097,0.0,0.011142061281337101,0.0027624309392264568,0.41935483870967744,-585.0,KEEP,True
EXTENSION_STRICT_V1,20260924-2033-091030,20260924,2033,佳大,SHORT,WINNER,0.6532359481634844,0.010621566795067316,0.008021390374331472,0.023684210526315752,0.014824797843665749,0.0040431266846361336,0.654320987654321,4158.0,SKIP_AS_OVEREXTENDED,True
EXTENSION_STRICT_V1,20260924-4956-093400,20260924,4956,光鋐,LONG,LOSER,0.7357558139534883,0.007967074602401425,0.006479481641468832,0.009750812567713929,0.07003444316877161,0.004310344827586299,0.75,-3593.0,KEEP,True
EXTENSION_STRICT_V1,20260924-3624-115700,20260924,3624,光頡,LONG,LOSER,0.751071763780726,0.015799053818646325,0.007194244604316502,0.007194244604316502,0.05660377358490565,0.0035842293906809264,0.7468354430379747,-3945.0,SKIP_AS_OVEREXTENDED,True
EXTENSION_STRICT_V1,20260924-6456-131000,20260924,6456,GIS-KY,LONG,LOSER,0.833472371980402,0.04416394435322535,0.009828009828009687,0.018587360594795488,0.05384615384615388,0.004889975550122383,0.845771144278607,-2126.0,SKIP_AS_OVEREXTENDED,True
SCORE_LT_0_70_POSTHOC_REFERENCE,20260922-1709-093200,20260922,1709,和益,SHORT,WINNER,0.6628052440782412,0.0060612613529397175,0.00793650793650802,,0.005714285714285783,0.0034285714285713365,0.4700460829493088,4442.0,KEEP,False
SCORE_LT_0_70_POSTHOC_REFERENCE,20260923-3229-092830,20260923,3229,晟鈦,SHORT,LOSER,0.8375,0.014272953425604862,0.007005253940455369,0.017331022530329254,0.01763668430335108,0.005291005291005346,1.0,-3549.0,SKIP_AS_OVEREXTENDED,True
SCORE_LT_0_70_POSTHOC_REFERENCE,20260923-8111-093300,20260923,8111,立碁,LONG,LOSER,0.7289318507818726,0.0023879645349345058,0.0039525691699604515,-0.002617801047120505,-0.009102730819245841,0.0026315789473685403,0.746031746031746,-3684.0,SKIP_AS_OVEREXTENDED,True
SCORE_LT_0_70_POSTHOC_REFERENCE,20260923-3094-094300,20260923,3094,聯傑,LONG,WINNER,0.5499631919957078,0.0011638624085883453,0.01158301158301156,0.01158301158301156,-0.01132075471698113,0.0057581573896352545,0.6645962732919255,7874.0,KEEP,True
SCORE_LT_0_70_POSTHOC_REFERENCE,20260923-4956-095730,20260923,4956,光鋐,SHORT,LOSER,0.8123689727463312,0.013197868143394409,0.004424778761062065,0.008810572687224627,0.01777777777777767,0.0033333333333334103,0.9555555555555556,-778.0,SKIP_AS_OVEREXTENDED,True
SCORE_LT_0_70_POSTHOC_REFERENCE,20260923-1709-095830,20260923,1709,和益,SHORT,LOSER,0.5948559063053916,0.035694958286478284,0.005434782608695676,0.010810810810810811,0.06229508196721323,0.002185792349726823,0.5747303543913713,-3591.0,KEEP,True
SCORE_LT_0_70_POSTHOC_REFERENCE,20260923-2221-100530,20260923,2221,大甲,LONG,WINNER,0.513309056966174,0.0016627756852380937,0.006250000000000089,0.0031152647975076775,0.0031152647975076775,0.0031152647975076775,0.46938775510204084,3470.0,KEEP,True
SCORE_LT_0_70_POSTHOC_REFERENCE,20260923-2033-113900,20260923,2033,佳大,SHORT,LOSER,0.8400000000000001,0.037014781691381615,0.01072386058981234,0.012048192771084376,0.05555555555555558,0.00406504065040636,1.0,-1342.0,SKIP_AS_OVEREXTENDED,True
SCORE_LT_0_70_POSTHOC_REFERENCE,20260923-3605-121730,20260923,3605,宏致,SHORT,WINNER,0.6567156922922335,0.0003761435188438522,0.005420054200542035,-0.0,-0.010899182561307952,0.0027247956403269047,0.9016393442622951,1913.0,KEEP,True
SCORE_LT_0_70_POSTHOC_REFERENCE,20260923-6168-124430,20260923,6168,宏齊,SHORT,LOSER,0.8182281620281068,0.008444647866145183,0.0012195121951218413,0.0060679611650485965,0.04517704517704502,0.0012210012210012167,0.9473684210526315,-1327.0,SKIP_AS_OVEREXTENDED,True
SCORE_LT_0_70_POSTHOC_REFERENCE,20260923-2409-130930,20260923,2409,友達,SHORT,LOSER,0.7468056220688456,0.005699545357878089,0.0028860028860029363,0.007183908045977017,0.02894356005788712,0.0014471780028944004,0.8247634718222954,-1556.0,SKIP_AS_OVEREXTENDED,True
SCORE_LT_0_70_POSTHOC_REFERENCE,20260924-2409-090900,20260924,2409,友達,SHORT,WINNER,0.6751867182037729,0.008295761987336392,0.004267425320056861,0.026425591098748313,-0.0071428571428571175,0.0014285714285713347,0.6759987417426864,2441.0,KEEP,True
SCORE_LT_0_70_POSTHOC_REFERENCE,20260924-3605-090900,20260924,3605,宏致,LONG,LOSER,0.495416817613998,0.00369555316833714,0.005540166204986097,0.0,0.011142061281337101,0.0027624309392264568,0.41935483870967744,-585.0,KEEP,True
SCORE_LT_0_70_POSTHOC_REFERENCE,20260924-2033-091030,20260924,2033,佳大,SHORT,WINNER,0.6532359481634844,0.010621566795067316,0.008021390374331472,0.023684210526315752,0.014824797843665749,0.0040431266846361336,0.654320987654321,4158.0,KEEP,True
SCORE_LT_0_70_POSTHOC_REFERENCE,20260924-4956-093400,20260924,4956,光鋐,LONG,LOSER,0.7357558139534883,0.007967074602401425,0.006479481641468832,0.009750812567713929,0.07003444316877161,0.004310344827586299,0.75,-3593.0,SKIP_AS_OVEREXTENDED,True
SCORE_LT_0_70_POSTHOC_REFERENCE,20260924-3624-115700,20260924,3624,光頡,LONG,LOSER,0.751071763780726,0.015799053818646325,0.007194244604316502,0.007194244604316502,0.05660377358490565,0.0035842293906809264,0.7468354430379747,-3945.0,SKIP_AS_OVEREXTENDED,True
SCORE_LT_0_70_POSTHOC_REFERENCE,20260924-6456-131000,20260924,6456,GIS-KY,LONG,LOSER,0.833472371980402,0.04416394435322535,0.009828009828009687,0.018587360594795488,0.05384615384615388,0.004889975550122383,0.845771144278607,-2126.0,SKIP_AS_OVEREXTENDED,True
