candidate_id,checkpoint_minutes,negative_threshold_r,mfe_progress_threshold_r,trade_id,entry_time,symbol,side,original_outcome,evaluable,triggered,current_pnl_r,mfe_r_so_far,mae_r_so_far,original_pnl,early_exit_pnl,new_pnl,pnl_delta,incorrect_winner_exit,original_loser_exited,eventual_full_trade_mfe
T5_NEG0.20R_MFE0.10R,5,-0.2,0.1,20260922-1709-093200,2026-09-22T09:32:00.233000+08:00,1709,SHORT,WINNER,False,False,,,,4442.0,,4442.0,0.0,False,False,6845.0
T5_NEG0.20R_MFE0.10R,5,-0.2,0.1,20260923-3229-092830,2026-09-23T09:28:31.476000+08:00,3229,SHORT,LOSER,False,False,,,,-3549.0,,-3549.0,0.0,False,False,955.0
T5_NEG0.20R_MFE0.10R,5,-0.2,0.1,20260923-8111-093300,2026-09-23T09:33:05.750000+08:00,8111,LONG,LOSER,False,False,,,,-3684.0,,-3684.0,0.0,False,False,-491.0
T5_NEG0.20R_MFE0.10R,5,-0.2,0.1,20260923-3094-094300,2026-09-23T09:43:05.280000+08:00,3094,LONG,WINNER,True,False,0.7957142857142857,0.8658979417161823,-0.39964520386900904,7874.0,,7874.0,0.0,False,False,10866.0
T5_NEG0.20R_MFE0.10R,5,-0.2,0.1,20260923-4956-095730,2026-09-23T09:57:30.380000+08:00,4956,SHORT,LOSER,True,False,-0.2794285714285714,0.13580821164352158,-0.13580821164350873,-778.0,,-778.0,0.0,False,False,2625.0
T5_NEG0.20R_MFE0.10R,5,-0.2,0.1,20260923-1709-095830,2026-09-23T09:58:30.421000+08:00,1709,SHORT,LOSER,True,True,-0.4542857142857143,0.09076479551259635,-0.317676784294055,-3591.0,-1590.0,-1590.0,2001.0,False,True,-188.0
T5_NEG0.20R_MFE0.10R,5,-0.2,0.1,20260923-2221-100530,2026-09-23T10:05:35.229000+08:00,2221,LONG,WINNER,False,False,,,,3470.0,,3470.0,0.0,False,False,5465.0
T5_NEG0.20R_MFE0.10R,5,-0.2,0.1,20260923-2033-113900,2026-09-23T11:39:02.815000+08:00,2033,SHORT,LOSER,False,False,,,,-1342.0,,-1342.0,0.0,False,False,1660.0
T5_NEG0.20R_MFE0.10R,5,-0.2,0.1,20260923-3605-121730,2026-09-23T12:17:37.884000+08:00,3605,SHORT,WINNER,True,True,-0.4542857142857143,0.0,-0.3403679831722073,1913.0,-1590.0,-1590.0,-3503.0,True,False,2914.0
T5_NEG0.20R_MFE0.10R,5,-0.2,0.1,20260923-6168-124430,2026-09-23T12:44:42.553000+08:00,6168,SHORT,LOSER,False,False,,,,-1327.0,,-1327.0,0.0,False,False,-526.0
T5_NEG0.20R_MFE0.10R,5,-0.2,0.1,20260923-2409-130930,2026-09-23T13:09:30.012000+08:00,2409,SHORT,LOSER,True,True,-0.23,0.05629369094088628,-0.16888107282264284,-1556.0,-805.0,-805.0,751.0,False,True,-305.0
T5_NEG0.20R_MFE0.10R,5,-0.2,0.1,20260924-2409-090900,2026-09-24T09:09:00.032000+08:00,2409,SHORT,WINNER,True,False,0.6974285714285714,0.676438192151295,-0.28184924672969425,2441.0,,2441.0,0.0,False,False,4693.0
T5_NEG0.20R_MFE0.10R,5,-0.2,0.1,20260924-3605-090900,2026-09-24T09:09:03.562000+08:00,3605,LONG,LOSER,True,False,-0.31,0.11299447795986149,-0.5649723897993074,-585.0,,-585.0,0.0,False,False,2906.0
T5_NEG0.20R_MFE0.10R,5,-0.2,0.1,20260924-2033-091030,2026-09-24T09:10:31.938000+08:00,2033,SHORT,WINNER,False,False,,,,4158.0,,4158.0,0.0,False,False,6410.0
T5_NEG0.20R_MFE0.10R,5,-0.2,0.1,20260924-4956-093400,2026-09-24T09:34:01.454000+08:00,4956,LONG,LOSER,True,True,-0.9697142857142858,0.0,-0.6349213547861113,-3593.0,-3394.0,-3394.0,199.0,False,True,-600.0
T5_NEG0.20R_MFE0.10R,5,-0.2,0.1,20260924-3624-115700,2026-09-24T11:57:00.051000+08:00,3624,LONG,LOSER,True,True,-0.9845714285714285,0.0,-0.6581841357877743,-3945.0,-2946.0,-2946.0,999.0,False,True,-453.0
T5_NEG0.20R_MFE0.10R,5,-0.2,0.1,20260924-6456-131000,2026-09-24T13:10:00.019000+08:00,6456,LONG,LOSER,False,False,-0.5502857142857143,6.342722861865309e-15,-0.3570635539651354,-2126.0,,-2126.0,0.0,False,False,-529.0
T5_NEG0.20R_MFE0.20R,5,-0.2,0.2,20260922-1709-093200,2026-09-22T09:32:00.233000+08:00,1709,SHORT,WINNER,False,False,,,,4442.0,,4442.0,0.0,False,False,6845.0
T5_NEG0.20R_MFE0.20R,5,-0.2,0.2,20260923-3229-092830,2026-09-23T09:28:31.476000+08:00,3229,SHORT,LOSER,False,False,,,,-3549.0,,-3549.0,0.0,False,False,955.0
T5_NEG0.20R_MFE0.20R,5,-0.2,0.2,20260923-8111-093300,2026-09-23T09:33:05.750000+08:00,8111,LONG,LOSER,False,False,,,,-3684.0,,-3684.0,0.0,False,False,-491.0
T5_NEG0.20R_MFE0.20R,5,-0.2,0.2,20260923-3094-094300,2026-09-23T09:43:05.280000+08:00,3094,LONG,WINNER,True,False,0.7957142857142857,0.8658979417161823,-0.39964520386900904,7874.0,,7874.0,0.0,False,False,10866.0
T5_NEG0.20R_MFE0.20R,5,-0.2,0.2,20260923-4956-095730,2026-09-23T09:57:30.380000+08:00,4956,SHORT,LOSER,True,True,-0.2794285714285714,0.13580821164352158,-0.13580821164350873,-778.0,-978.0,-978.0,-200.0,False,True,2625.0
T5_NEG0.20R_MFE0.20R,5,-0.2,0.2,20260923-1709-095830,2026-09-23T09:58:30.421000+08:00,1709,SHORT,LOSER,True,True,-0.4542857142857143,0.09076479551259635,-0.317676784294055,-3591.0,-1590.0,-1590.0,2001.0,False,True,-188.0
T5_NEG0.20R_MFE0.20R,5,-0.2,0.2,20260923-2221-100530,2026-09-23T10:05:35.229000+08:00,2221,LONG,WINNER,False,False,,,,3470.0,,3470.0,0.0,False,False,5465.0
T5_NEG0.20R_MFE0.20R,5,-0.2,0.2,20260923-2033-113900,2026-09-23T11:39:02.815000+08:00,2033,SHORT,LOSER,False,False,,,,-1342.0,,-1342.0,0.0,False,False,1660.0
T5_NEG0.20R_MFE0.20R,5,-0.2,0.2,20260923-3605-121730,2026-09-23T12:17:37.884000+08:00,3605,SHORT,WINNER,True,True,-0.4542857142857143,0.0,-0.3403679831722073,1913.0,-1590.0,-1590.0,-3503.0,True,False,2914.0
T5_NEG0.20R_MFE0.20R,5,-0.2,0.2,20260923-6168-124430,2026-09-23T12:44:42.553000+08:00,6168,SHORT,LOSER,False,False,,,,-1327.0,,-1327.0,0.0,False,False,-526.0
T5_NEG0.20R_MFE0.20R,5,-0.2,0.2,20260923-2409-130930,2026-09-23T13:09:30.012000+08:00,2409,SHORT,LOSER,True,True,-0.23,0.05629369094088628,-0.16888107282264284,-1556.0,-805.0,-805.0,751.0,False,True,-305.0
T5_NEG0.20R_MFE0.20R,5,-0.2,0.2,20260924-2409-090900,2026-09-24T09:09:00.032000+08:00,2409,SHORT,WINNER,True,False,0.6974285714285714,0.676438192151295,-0.28184924672969425,2441.0,,2441.0,0.0,False,False,4693.0
T5_NEG0.20R_MFE0.20R,5,-0.2,0.2,20260924-3605-090900,2026-09-24T09:09:03.562000+08:00,3605,LONG,LOSER,True,True,-0.31,0.11299447795986149,-0.5649723897993074,-585.0,-1085.0,-1085.0,-500.0,False,True,2906.0
T5_NEG0.20R_MFE0.20R,5,-0.2,0.2,20260924-2033-091030,2026-09-24T09:10:31.938000+08:00,2033,SHORT,WINNER,False,False,,,,4158.0,,4158.0,0.0,False,False,6410.0
T5_NEG0.20R_MFE0.20R,5,-0.2,0.2,20260924-4956-093400,2026-09-24T09:34:01.454000+08:00,4956,LONG,LOSER,True,True,-0.9697142857142858,0.0,-0.6349213547861113,-3593.0,-3394.0,-3394.0,199.0,False,True,-600.0
T5_NEG0.20R_MFE0.20R,5,-0.2,0.2,20260924-3624-115700,2026-09-24T11:57:00.051000+08:00,3624,LONG,LOSER,True,True,-0.9845714285714285,0.0,-0.6581841357877743,-3945.0,-2946.0,-2946.0,999.0,False,True,-453.0
T5_NEG0.20R_MFE0.20R,5,-0.2,0.2,20260924-6456-131000,2026-09-24T13:10:00.019000+08:00,6456,LONG,LOSER,False,False,-0.5502857142857143,6.342722861865309e-15,-0.3570635539651354,-2126.0,,-2126.0,0.0,False,False,-529.0
T5_NEG0.20R_MFE0.30R,5,-0.2,0.3,20260922-1709-093200,2026-09-22T09:32:00.233000+08:00,1709,SHORT,WINNER,False,False,,,,4442.0,,4442.0,0.0,False,False,6845.0
T5_NEG0.20R_MFE0.30R,5,-0.2,0.3,20260923-3229-092830,2026-09-23T09:28:31.476000+08:00,3229,SHORT,LOSER,False,False,,,,-3549.0,,-3549.0,0.0,False,False,955.0
T5_NEG0.20R_MFE0.30R,5,-0.2,0.3,20260923-8111-093300,2026-09-23T09:33:05.750000+08:00,8111,LONG,LOSER,False,False,,,,-3684.0,,-3684.0,0.0,False,False,-491.0
T5_NEG0.20R_MFE0.30R,5,-0.2,0.3,20260923-3094-094300,2026-09-23T09:43:05.280000+08:00,3094,LONG,WINNER,True,False,0.7957142857142857,0.8658979417161823,-0.39964520386900904,7874.0,,7874.0,0.0,False,False,10866.0
T5_NEG0.20R_MFE0.30R,5,-0.2,0.3,20260923-4956-095730,2026-09-23T09:57:30.380000+08:00,4956,SHORT,LOSER,True,True,-0.2794285714285714,0.13580821164352158,-0.13580821164350873,-778.0,-978.0,-978.0,-200.0,False,True,2625.0
T5_NEG0.20R_MFE0.30R,5,-0.2,0.3,20260923-1709-095830,2026-09-23T09:58:30.421000+08:00,1709,SHORT,LOSER,True,True,-0.4542857142857143,0.09076479551259635,-0.317676784294055,-3591.0,-1590.0,-1590.0,2001.0,False,True,-188.0
T5_NEG0.20R_MFE0.30R,5,-0.2,0.3,20260923-2221-100530,2026-09-23T10:05:35.229000+08:00,2221,LONG,WINNER,False,False,,,,3470.0,,3470.0,0.0,False,False,5465.0
T5_NEG0.20R_MFE0.30R,5,-0.2,0.3,20260923-2033-113900,2026-09-23T11:39:02.815000+08:00,2033,SHORT,LOSER,False,False,,,,-1342.0,,-1342.0,0.0,False,False,1660.0
T5_NEG0.20R_MFE0.30R,5,-0.2,0.3,20260923-3605-121730,2026-09-23T12:17:37.884000+08:00,3605,SHORT,WINNER,True,True,-0.4542857142857143,0.0,-0.3403679831722073,1913.0,-1590.0,-1590.0,-3503.0,True,False,2914.0
T5_NEG0.20R_MFE0.30R,5,-0.2,0.3,20260923-6168-124430,2026-09-23T12:44:42.553000+08:00,6168,SHORT,LOSER,False,False,,,,-1327.0,,-1327.0,0.0,False,False,-526.0
T5_NEG0.20R_MFE0.30R,5,-0.2,0.3,20260923-2409-130930,2026-09-23T13:09:30.012000+08:00,2409,SHORT,LOSER,True,True,-0.23,0.05629369094088628,-0.16888107282264284,-1556.0,-805.0,-805.0,751.0,False,True,-305.0
T5_NEG0.20R_MFE0.30R,5,-0.2,0.3,20260924-2409-090900,2026-09-24T09:09:00.032000+08:00,2409,SHORT,WINNER,True,False,0.6974285714285714,0.676438192151295,-0.28184924672969425,2441.0,,2441.0,0.0,False,False,4693.0
T5_NEG0.20R_MFE0.30R,5,-0.2,0.3,20260924-3605-090900,2026-09-24T09:09:03.562000+08:00,3605,LONG,LOSER,True,True,-0.31,0.11299447795986149,-0.5649723897993074,-585.0,-1085.0,-1085.0,-500.0,False,True,2906.0
T5_NEG0.20R_MFE0.30R,5,-0.2,0.3,20260924-2033-091030,2026-09-24T09:10:31.938000+08:00,2033,SHORT,WINNER,False,False,,,,4158.0,,4158.0,0.0,False,False,6410.0
T5_NEG0.20R_MFE0.30R,5,-0.2,0.3,20260924-4956-093400,2026-09-24T09:34:01.454000+08:00,4956,LONG,LOSER,True,True,-0.9697142857142858,0.0,-0.6349213547861113,-3593.0,-3394.0,-3394.0,199.0,False,True,-600.0
T5_NEG0.20R_MFE0.30R,5,-0.2,0.3,20260924-3624-115700,2026-09-24T11:57:00.051000+08:00,3624,LONG,LOSER,True,True,-0.9845714285714285,0.0,-0.6581841357877743,-3945.0,-2946.0,-2946.0,999.0,False,True,-453.0
T5_NEG0.20R_MFE0.30R,5,-0.2,0.3,20260924-6456-131000,2026-09-24T13:10:00.019000+08:00,6456,LONG,LOSER,False,False,-0.5502857142857143,6.342722861865309e-15,-0.3570635539651354,-2126.0,,-2126.0,0.0,False,False,-529.0
T5_NEG0.20R_MFE0.40R,5,-0.2,0.4,20260922-1709-093200,2026-09-22T09:32:00.233000+08:00,1709,SHORT,WINNER,False,False,,,,4442.0,,4442.0,0.0,False,False,6845.0
T5_NEG0.20R_MFE0.40R,5,-0.2,0.4,20260923-3229-092830,2026-09-23T09:28:31.476000+08:00,3229,SHORT,LOSER,False,False,,,,-3549.0,,-3549.0,0.0,False,False,955.0
T5_NEG0.20R_MFE0.40R,5,-0.2,0.4,20260923-8111-093300,2026-09-23T09:33:05.750000+08:00,8111,LONG,LOSER,False,False,,,,-3684.0,,-3684.0,0.0,False,False,-491.0
T5_NEG0.20R_MFE0.40R,5,-0.2,0.4,20260923-3094-094300,2026-09-23T09:43:05.280000+08:00,3094,LONG,WINNER,True,False,0.7957142857142857,0.8658979417161823,-0.39964520386900904,7874.0,,7874.0,0.0,False,False,10866.0
T5_NEG0.20R_MFE0.40R,5,-0.2,0.4,20260923-4956-095730,2026-09-23T09:57:30.380000+08:00,4956,SHORT,LOSER,True,True,-0.2794285714285714,0.13580821164352158,-0.13580821164350873,-778.0,-978.0,-978.0,-200.0,False,True,2625.0
T5_NEG0.20R_MFE0.40R,5,-0.2,0.4,20260923-1709-095830,2026-09-23T09:58:30.421000+08:00,1709,SHORT,LOSER,True,True,-0.4542857142857143,0.09076479551259635,-0.317676784294055,-3591.0,-1590.0,-1590.0,2001.0,False,True,-188.0
T5_NEG0.20R_MFE0.40R,5,-0.2,0.4,20260923-2221-100530,2026-09-23T10:05:35.229000+08:00,2221,LONG,WINNER,False,False,,,,3470.0,,3470.0,0.0,False,False,5465.0
T5_NEG0.20R_MFE0.40R,5,-0.2,0.4,20260923-2033-113900,2026-09-23T11:39:02.815000+08:00,2033,SHORT,LOSER,False,False,,,,-1342.0,,-1342.0,0.0,False,False,1660.0
T5_NEG0.20R_MFE0.40R,5,-0.2,0.4,20260923-3605-121730,2026-09-23T12:17:37.884000+08:00,3605,SHORT,WINNER,True,True,-0.4542857142857143,0.0,-0.3403679831722073,1913.0,-1590.0,-1590.0,-3503.0,True,False,2914.0
T5_NEG0.20R_MFE0.40R,5,-0.2,0.4,20260923-6168-124430,2026-09-23T12:44:42.553000+08:00,6168,SHORT,LOSER,False,False,,,,-1327.0,,-1327.0,0.0,False,False,-526.0
T5_NEG0.20R_MFE0.40R,5,-0.2,0.4,20260923-2409-130930,2026-09-23T13:09:30.012000+08:00,2409,SHORT,LOSER,True,True,-0.23,0.05629369094088628,-0.16888107282264284,-1556.0,-805.0,-805.0,751.0,False,True,-305.0
T5_NEG0.20R_MFE0.40R,5,-0.2,0.4,20260924-2409-090900,2026-09-24T09:09:00.032000+08:00,2409,SHORT,WINNER,True,False,0.6974285714285714,0.676438192151295,-0.28184924672969425,2441.0,,2441.0,0.0,False,False,4693.0
T5_NEG0.20R_MFE0.40R,5,-0.2,0.4,20260924-3605-090900,2026-09-24T09:09:03.562000+08:00,3605,LONG,LOSER,True,True,-0.31,0.11299447795986149,-0.5649723897993074,-585.0,-1085.0,-1085.0,-500.0,False,True,2906.0
T5_NEG0.20R_MFE0.40R,5,-0.2,0.4,20260924-2033-091030,2026-09-24T09:10:31.938000+08:00,2033,SHORT,WINNER,False,False,,,,4158.0,,4158.0,0.0,False,False,6410.0
T5_NEG0.20R_MFE0.40R,5,-0.2,0.4,20260924-4956-093400,2026-09-24T09:34:01.454000+08:00,4956,LONG,LOSER,True,True,-0.9697142857142858,0.0,-0.6349213547861113,-3593.0,-3394.0,-3394.0,199.0,False,True,-600.0
T5_NEG0.20R_MFE0.40R,5,-0.2,0.4,20260924-3624-115700,2026-09-24T11:57:00.051000+08:00,3624,LONG,LOSER,True,True,-0.9845714285714285,0.0,-0.6581841357877743,-3945.0,-2946.0,-2946.0,999.0,False,True,-453.0
T5_NEG0.20R_MFE0.40R,5,-0.2,0.4,20260924-6456-131000,2026-09-24T13:10:00.019000+08:00,6456,LONG,LOSER,False,False,-0.5502857142857143,6.342722861865309e-15,-0.3570635539651354,-2126.0,,-2126.0,0.0,False,False,-529.0
T5_NEG0.20R_MFE0.50R,5,-0.2,0.5,20260922-1709-093200,2026-09-22T09:32:00.233000+08:00,1709,SHORT,WINNER,False,False,,,,4442.0,,4442.0,0.0,False,False,6845.0
T5_NEG0.20R_MFE0.50R,5,-0.2,0.5,20260923-3229-092830,2026-09-23T09:28:31.476000+08:00,3229,SHORT,LOSER,False,False,,,,-3549.0,,-3549.0,0.0,False,False,955.0
T5_NEG0.20R_MFE0.50R,5,-0.2,0.5,20260923-8111-093300,2026-09-23T09:33:05.750000+08:00,8111,LONG,LOSER,False,False,,,,-3684.0,,-3684.0,0.0,False,False,-491.0
T5_NEG0.20R_MFE0.50R,5,-0.2,0.5,20260923-3094-094300,2026-09-23T09:43:05.280000+08:00,3094,LONG,WINNER,True,False,0.7957142857142857,0.8658979417161823,-0.39964520386900904,7874.0,,7874.0,0.0,False,False,10866.0
T5_NEG0.20R_MFE0.50R,5,-0.2,0.5,20260923-4956-095730,2026-09-23T09:57:30.380000+08:00,4956,SHORT,LOSER,True,True,-0.2794285714285714,0.13580821164352158,-0.13580821164350873,-778.0,-978.0,-978.0,-200.0,False,True,2625.0
T5_NEG0.20R_MFE0.50R,5,-0.2,0.5,20260923-1709-095830,2026-09-23T09:58:30.421000+08:00,1709,SHORT,LOSER,True,True,-0.4542857142857143,0.09076479551259635,-0.317676784294055,-3591.0,-1590.0,-1590.0,2001.0,False,True,-188.0
T5_NEG0.20R_MFE0.50R,5,-0.2,0.5,20260923-2221-100530,2026-09-23T10:05:35.229000+08:00,2221,LONG,WINNER,False,False,,,,3470.0,,3470.0,0.0,False,False,5465.0
T5_NEG0.20R_MFE0.50R,5,-0.2,0.5,20260923-2033-113900,2026-09-23T11:39:02.815000+08:00,2033,SHORT,LOSER,False,False,,,,-1342.0,,-1342.0,0.0,False,False,1660.0
T5_NEG0.20R_MFE0.50R,5,-0.2,0.5,20260923-3605-121730,2026-09-23T12:17:37.884000+08:00,3605,SHORT,WINNER,True,True,-0.4542857142857143,0.0,-0.3403679831722073,1913.0,-1590.0,-1590.0,-3503.0,True,False,2914.0
T5_NEG0.20R_MFE0.50R,5,-0.2,0.5,20260923-6168-124430,2026-09-23T12:44:42.553000+08:00,6168,SHORT,LOSER,False,False,,,,-1327.0,,-1327.0,0.0,False,False,-526.0
T5_NEG0.20R_MFE0.50R,5,-0.2,0.5,20260923-2409-130930,2026-09-23T13:09:30.012000+08:00,2409,SHORT,LOSER,True,True,-0.23,0.05629369094088628,-0.16888107282264284,-1556.0,-805.0,-805.0,751.0,False,True,-305.0
T5_NEG0.20R_MFE0.50R,5,-0.2,0.5,20260924-2409-090900,2026-09-24T09:09:00.032000+08:00,2409,SHORT,WINNER,True,False,0.6974285714285714,0.676438192151295,-0.28184924672969425,2441.0,,2441.0,0.0,False,False,4693.0
T5_NEG0.20R_MFE0.50R,5,-0.2,0.5,20260924-3605-090900,2026-09-24T09:09:03.562000+08:00,3605,LONG,LOSER,True,True,-0.31,0.11299447795986149,-0.5649723897993074,-585.0,-1085.0,-1085.0,-500.0,False,True,2906.0
T5_NEG0.20R_MFE0.50R,5,-0.2,0.5,20260924-2033-091030,2026-09-24T09:10:31.938000+08:00,2033,SHORT,WINNER,False,False,,,,4158.0,,4158.0,0.0,False,False,6410.0
T5_NEG0.20R_MFE0.50R,5,-0.2,0.5,20260924-4956-093400,2026-09-24T09:34:01.454000+08:00,4956,LONG,LOSER,True,True,-0.9697142857142858,0.0,-0.6349213547861113,-3593.0,-3394.0,-3394.0,199.0,False,True,-600.0
T5_NEG0.20R_MFE0.50R,5,-0.2,0.5,20260924-3624-115700,2026-09-24T11:57:00.051000+08:00,3624,LONG,LOSER,True,True,-0.9845714285714285,0.0,-0.6581841357877743,-3945.0,-2946.0,-2946.0,999.0,False,True,-453.0
T5_NEG0.20R_MFE0.50R,5,-0.2,0.5,20260924-6456-131000,2026-09-24T13:10:00.019000+08:00,6456,LONG,LOSER,False,False,-0.5502857142857143,6.342722861865309e-15,-0.3570635539651354,-2126.0,,-2126.0,0.0,False,False,-529.0
T5_NEG0.30R_MFE0.10R,5,-0.3,0.1,20260922-1709-093200,2026-09-22T09:32:00.233000+08:00,1709,SHORT,WINNER,False,False,,,,4442.0,,4442.0,0.0,False,False,6845.0
T5_NEG0.30R_MFE0.10R,5,-0.3,0.1,20260923-3229-092830,2026-09-23T09:28:31.476000+08:00,3229,SHORT,LOSER,False,False,,,,-3549.0,,-3549.0,0.0,False,False,955.0
T5_NEG0.30R_MFE0.10R,5,-0.3,0.1,20260923-8111-093300,2026-09-23T09:33:05.750000+08:00,8111,LONG,LOSER,False,False,,,,-3684.0,,-3684.0,0.0,False,False,-491.0
T5_NEG0.30R_MFE0.10R,5,-0.3,0.1,20260923-3094-094300,2026-09-23T09:43:05.280000+08:00,3094,LONG,WINNER,True,False,0.7957142857142857,0.8658979417161823,-0.39964520386900904,7874.0,,7874.0,0.0,False,False,10866.0
T5_NEG0.30R_MFE0.10R,5,-0.3,0.1,20260923-4956-095730,2026-09-23T09:57:30.380000+08:00,4956,SHORT,LOSER,True,False,-0.2794285714285714,0.13580821164352158,-0.13580821164350873,-778.0,,-778.0,0.0,False,False,2625.0
T5_NEG0.30R_MFE0.10R,5,-0.3,0.1,20260923-1709-095830,2026-09-23T09:58:30.421000+08:00,1709,SHORT,LOSER,True,True,-0.4542857142857143,0.09076479551259635,-0.317676784294055,-3591.0,-1590.0,-1590.0,2001.0,False,True,-188.0
T5_NEG0.30R_MFE0.10R,5,-0.3,0.1,20260923-2221-100530,2026-09-23T10:05:35.229000+08:00,2221,LONG,WINNER,False,False,,,,3470.0,,3470.0,0.0,False,False,5465.0
T5_NEG0.30R_MFE0.10R,5,-0.3,0.1,20260923-2033-113900,2026-09-23T11:39:02.815000+08:00,2033,SHORT,LOSER,False,False,,,,-1342.0,,-1342.0,0.0,False,False,1660.0
T5_NEG0.30R_MFE0.10R,5,-0.3,0.1,20260923-3605-121730,2026-09-23T12:17:37.884000+08:00,3605,SHORT,WINNER,True,True,-0.4542857142857143,0.0,-0.3403679831722073,1913.0,-1590.0,-1590.0,-3503.0,True,False,2914.0
T5_NEG0.30R_MFE0.10R,5,-0.3,0.1,20260923-6168-124430,2026-09-23T12:44:42.553000+08:00,6168,SHORT,LOSER,False,False,,,,-1327.0,,-1327.0,0.0,False,False,-526.0
T5_NEG0.30R_MFE0.10R,5,-0.3,0.1,20260923-2409-130930,2026-09-23T13:09:30.012000+08:00,2409,SHORT,LOSER,True,False,-0.23,0.05629369094088628,-0.16888107282264284,-1556.0,,-1556.0,0.0,False,False,-305.0
T5_NEG0.30R_MFE0.10R,5,-0.3,0.1,20260924-2409-090900,2026-09-24T09:09:00.032000+08:00,2409,SHORT,WINNER,True,False,0.6974285714285714,0.676438192151295,-0.28184924672969425,2441.0,,2441.0,0.0,False,False,4693.0
T5_NEG0.30R_MFE0.10R,5,-0.3,0.1,20260924-3605-090900,2026-09-24T09:09:03.562000+08:00,3605,LONG,LOSER,True,False,-0.31,0.11299447795986149,-0.5649723897993074,-585.0,,-585.0,0.0,False,False,2906.0
T5_NEG0.30R_MFE0.10R,5,-0.3,0.1,20260924-2033-091030,2026-09-24T09:10:31.938000+08:00,2033,SHORT,WINNER,False,False,,,,4158.0,,4158.0,0.0,False,False,6410.0
T5_NEG0.30R_MFE0.10R,5,-0.3,0.1,20260924-4956-093400,2026-09-24T09:34:01.454000+08:00,4956,LONG,LOSER,True,True,-0.9697142857142858,0.0,-0.6349213547861113,-3593.0,-3394.0,-3394.0,199.0,False,True,-600.0
T5_NEG0.30R_MFE0.10R,5,-0.3,0.1,20260924-3624-115700,2026-09-24T11:57:00.051000+08:00,3624,LONG,LOSER,True,True,-0.9845714285714285,0.0,-0.6581841357877743,-3945.0,-2946.0,-2946.0,999.0,False,True,-453.0
T5_NEG0.30R_MFE0.10R,5,-0.3,0.1,20260924-6456-131000,2026-09-24T13:10:00.019000+08:00,6456,LONG,LOSER,False,False,-0.5502857142857143,6.342722861865309e-15,-0.3570635539651354,-2126.0,,-2126.0,0.0,False,False,-529.0
T5_NEG0.30R_MFE0.20R,5,-0.3,0.2,20260922-1709-093200,2026-09-22T09:32:00.233000+08:00,1709,SHORT,WINNER,False,False,,,,4442.0,,4442.0,0.0,False,False,6845.0
T5_NEG0.30R_MFE0.20R,5,-0.3,0.2,20260923-3229-092830,2026-09-23T09:28:31.476000+08:00,3229,SHORT,LOSER,False,False,,,,-3549.0,,-3549.0,0.0,False,False,955.0
T5_NEG0.30R_MFE0.20R,5,-0.3,0.2,20260923-8111-093300,2026-09-23T09:33:05.750000+08:00,8111,LONG,LOSER,False,False,,,,-3684.0,,-3684.0,0.0,False,False,-491.0
T5_NEG0.30R_MFE0.20R,5,-0.3,0.2,20260923-3094-094300,2026-09-23T09:43:05.280000+08:00,3094,LONG,WINNER,True,False,0.7957142857142857,0.8658979417161823,-0.39964520386900904,7874.0,,7874.0,0.0,False,False,10866.0
T5_NEG0.30R_MFE0.20R,5,-0.3,0.2,20260923-4956-095730,2026-09-23T09:57:30.380000+08:00,4956,SHORT,LOSER,True,False,-0.2794285714285714,0.13580821164352158,-0.13580821164350873,-778.0,,-778.0,0.0,False,False,2625.0
T5_NEG0.30R_MFE0.20R,5,-0.3,0.2,20260923-1709-095830,2026-09-23T09:58:30.421000+08:00,1709,SHORT,LOSER,True,True,-0.4542857142857143,0.09076479551259635,-0.317676784294055,-3591.0,-1590.0,-1590.0,2001.0,False,True,-188.0
T5_NEG0.30R_MFE0.20R,5,-0.3,0.2,20260923-2221-100530,2026-09-23T10:05:35.229000+08:00,2221,LONG,WINNER,False,False,,,,3470.0,,3470.0,0.0,False,False,5465.0
T5_NEG0.30R_MFE0.20R,5,-0.3,0.2,20260923-2033-113900,2026-09-23T11:39:02.815000+08:00,2033,SHORT,LOSER,False,False,,,,-1342.0,,-1342.0,0.0,False,False,1660.0
T5_NEG0.30R_MFE0.20R,5,-0.3,0.2,20260923-3605-121730,2026-09-23T12:17:37.884000+08:00,3605,SHORT,WINNER,True,True,-0.4542857142857143,0.0,-0.3403679831722073,1913.0,-1590.0,-1590.0,-3503.0,True,False,2914.0
T5_NEG0.30R_MFE0.20R,5,-0.3,0.2,20260923-6168-124430,2026-09-23T12:44:42.553000+08:00,6168,SHORT,LOSER,False,False,,,,-1327.0,,-1327.0,0.0,False,False,-526.0
T5_NEG0.30R_MFE0.20R,5,-0.3,0.2,20260923-2409-130930,2026-09-23T13:09:30.012000+08:00,2409,SHORT,LOSER,True,False,-0.23,0.05629369094088628,-0.16888107282264284,-1556.0,,-1556.0,0.0,False,False,-305.0
T5_NEG0.30R_MFE0.20R,5,-0.3,0.2,20260924-2409-090900,2026-09-24T09:09:00.032000+08:00,2409,SHORT,WINNER,True,False,0.6974285714285714,0.676438192151295,-0.28184924672969425,2441.0,,2441.0,0.0,False,False,4693.0
T5_NEG0.30R_MFE0.20R,5,-0.3,0.2,20260924-3605-090900,2026-09-24T09:09:03.562000+08:00,3605,LONG,LOSER,True,True,-0.31,0.11299447795986149,-0.5649723897993074,-585.0,-1085.0,-1085.0,-500.0,False,True,2906.0
T5_NEG0.30R_MFE0.20R,5,-0.3,0.2,20260924-2033-091030,2026-09-24T09:10:31.938000+08:00,2033,SHORT,WINNER,False,False,,,,4158.0,,4158.0,0.0,False,False,6410.0
T5_NEG0.30R_MFE0.20R,5,-0.3,0.2,20260924-4956-093400,2026-09-24T09:34:01.454000+08:00,4956,LONG,LOSER,True,True,-0.9697142857142858,0.0,-0.6349213547861113,-3593.0,-3394.0,-3394.0,199.0,False,True,-600.0
T5_NEG0.30R_MFE0.20R,5,-0.3,0.2,20260924-3624-115700,2026-09-24T11:57:00.051000+08:00,3624,LONG,LOSER,True,True,-0.9845714285714285,0.0,-0.6581841357877743,-3945.0,-2946.0,-2946.0,999.0,False,True,-453.0
T5_NEG0.30R_MFE0.20R,5,-0.3,0.2,20260924-6456-131000,2026-09-24T13:10:00.019000+08:00,6456,LONG,LOSER,False,False,-0.5502857142857143,6.342722861865309e-15,-0.3570635539651354,-2126.0,,-2126.0,0.0,False,False,-529.0
T5_NEG0.30R_MFE0.30R,5,-0.3,0.3,20260922-1709-093200,2026-09-22T09:32:00.233000+08:00,1709,SHORT,WINNER,False,False,,,,4442.0,,4442.0,0.0,False,False,6845.0
T5_NEG0.30R_MFE0.30R,5,-0.3,0.3,20260923-3229-092830,2026-09-23T09:28:31.476000+08:00,3229,SHORT,LOSER,False,False,,,,-3549.0,,-3549.0,0.0,False,False,955.0
T5_NEG0.30R_MFE0.30R,5,-0.3,0.3,20260923-8111-093300,2026-09-23T09:33:05.750000+08:00,8111,LONG,LOSER,False,False,,,,-3684.0,,-3684.0,0.0,False,False,-491.0
T5_NEG0.30R_MFE0.30R,5,-0.3,0.3,20260923-3094-094300,2026-09-23T09:43:05.280000+08:00,3094,LONG,WINNER,True,False,0.7957142857142857,0.8658979417161823,-0.39964520386900904,7874.0,,7874.0,0.0,False,False,10866.0
T5_NEG0.30R_MFE0.30R,5,-0.3,0.3,20260923-4956-095730,2026-09-23T09:57:30.380000+08:00,4956,SHORT,LOSER,True,False,-0.2794285714285714,0.13580821164352158,-0.13580821164350873,-778.0,,-778.0,0.0,False,False,2625.0
T5_NEG0.30R_MFE0.30R,5,-0.3,0.3,20260923-1709-095830,2026-09-23T09:58:30.421000+08:00,1709,SHORT,LOSER,True,True,-0.4542857142857143,0.09076479551259635,-0.317676784294055,-3591.0,-1590.0,-1590.0,2001.0,False,True,-188.0
T5_NEG0.30R_MFE0.30R,5,-0.3,0.3,20260923-2221-100530,2026-09-23T10:05:35.229000+08:00,2221,LONG,WINNER,False,False,,,,3470.0,,3470.0,0.0,False,False,5465.0
T5_NEG0.30R_MFE0.30R,5,-0.3,0.3,20260923-2033-113900,2026-09-23T11:39:02.815000+08:00,2033,SHORT,LOSER,False,False,,,,-1342.0,,-1342.0,0.0,False,False,1660.0
T5_NEG0.30R_MFE0.30R,5,-0.3,0.3,20260923-3605-121730,2026-09-23T12:17:37.884000+08:00,3605,SHORT,WINNER,True,True,-0.4542857142857143,0.0,-0.3403679831722073,1913.0,-1590.0,-1590.0,-3503.0,True,False,2914.0
T5_NEG0.30R_MFE0.30R,5,-0.3,0.3,20260923-6168-124430,2026-09-23T12:44:42.553000+08:00,6168,SHORT,LOSER,False,False,,,,-1327.0,,-1327.0,0.0,False,False,-526.0
T5_NEG0.30R_MFE0.30R,5,-0.3,0.3,20260923-2409-130930,2026-09-23T13:09:30.012000+08:00,2409,SHORT,LOSER,True,False,-0.23,0.05629369094088628,-0.16888107282264284,-1556.0,,-1556.0,0.0,False,False,-305.0
T5_NEG0.30R_MFE0.30R,5,-0.3,0.3,20260924-2409-090900,2026-09-24T09:09:00.032000+08:00,2409,SHORT,WINNER,True,False,0.6974285714285714,0.676438192151295,-0.28184924672969425,2441.0,,2441.0,0.0,False,False,4693.0
T5_NEG0.30R_MFE0.30R,5,-0.3,0.3,20260924-3605-090900,2026-09-24T09:09:03.562000+08:00,3605,LONG,LOSER,True,True,-0.31,0.11299447795986149,-0.5649723897993074,-585.0,-1085.0,-1085.0,-500.0,False,True,2906.0
T5_NEG0.30R_MFE0.30R,5,-0.3,0.3,20260924-2033-091030,2026-09-24T09:10:31.938000+08:00,2033,SHORT,WINNER,False,False,,,,4158.0,,4158.0,0.0,False,False,6410.0
T5_NEG0.30R_MFE0.30R,5,-0.3,0.3,20260924-4956-093400,2026-09-24T09:34:01.454000+08:00,4956,LONG,LOSER,True,True,-0.9697142857142858,0.0,-0.6349213547861113,-3593.0,-3394.0,-3394.0,199.0,False,True,-600.0
T5_NEG0.30R_MFE0.30R,5,-0.3,0.3,20260924-3624-115700,2026-09-24T11:57:00.051000+08:00,3624,LONG,LOSER,True,True,-0.9845714285714285,0.0,-0.6581841357877743,-3945.0,-2946.0,-2946.0,999.0,False,True,-453.0
T5_NEG0.30R_MFE0.30R,5,-0.3,0.3,20260924-6456-131000,2026-09-24T13:10:00.019000+08:00,6456,LONG,LOSER,False,False,-0.5502857142857143,6.342722861865309e-15,-0.3570635539651354,-2126.0,,-2126.0,0.0,False,False,-529.0
T5_NEG0.30R_MFE0.40R,5,-0.3,0.4,20260922-1709-093200,2026-09-22T09:32:00.233000+08:00,1709,SHORT,WINNER,False,False,,,,4442.0,,4442.0,0.0,False,False,6845.0
T5_NEG0.30R_MFE0.40R,5,-0.3,0.4,20260923-3229-092830,2026-09-23T09:28:31.476000+08:00,3229,SHORT,LOSER,False,False,,,,-3549.0,,-3549.0,0.0,False,False,955.0
T5_NEG0.30R_MFE0.40R,5,-0.3,0.4,20260923-8111-093300,2026-09-23T09:33:05.750000+08:00,8111,LONG,LOSER,False,False,,,,-3684.0,,-3684.0,0.0,False,False,-491.0
T5_NEG0.30R_MFE0.40R,5,-0.3,0.4,20260923-3094-094300,2026-09-23T09:43:05.280000+08:00,3094,LONG,WINNER,True,False,0.7957142857142857,0.8658979417161823,-0.39964520386900904,7874.0,,7874.0,0.0,False,False,10866.0
T5_NEG0.30R_MFE0.40R,5,-0.3,0.4,20260923-4956-095730,2026-09-23T09:57:30.380000+08:00,4956,SHORT,LOSER,True,False,-0.2794285714285714,0.13580821164352158,-0.13580821164350873,-778.0,,-778.0,0.0,False,False,2625.0
T5_NEG0.30R_MFE0.40R,5,-0.3,0.4,20260923-1709-095830,2026-09-23T09:58:30.421000+08:00,1709,SHORT,LOSER,True,True,-0.4542857142857143,0.09076479551259635,-0.317676784294055,-3591.0,-1590.0,-1590.0,2001.0,False,True,-188.0
T5_NEG0.30R_MFE0.40R,5,-0.3,0.4,20260923-2221-100530,2026-09-23T10:05:35.229000+08:00,2221,LONG,WINNER,False,False,,,,3470.0,,3470.0,0.0,False,False,5465.0
T5_NEG0.30R_MFE0.40R,5,-0.3,0.4,20260923-2033-113900,2026-09-23T11:39:02.815000+08:00,2033,SHORT,LOSER,False,False,,,,-1342.0,,-1342.0,0.0,False,False,1660.0
T5_NEG0.30R_MFE0.40R,5,-0.3,0.4,20260923-3605-121730,2026-09-23T12:17:37.884000+08:00,3605,SHORT,WINNER,True,True,-0.4542857142857143,0.0,-0.3403679831722073,1913.0,-1590.0,-1590.0,-3503.0,True,False,2914.0
T5_NEG0.30R_MFE0.40R,5,-0.3,0.4,20260923-6168-124430,2026-09-23T12:44:42.553000+08:00,6168,SHORT,LOSER,False,False,,,,-1327.0,,-1327.0,0.0,False,False,-526.0
T5_NEG0.30R_MFE0.40R,5,-0.3,0.4,20260923-2409-130930,2026-09-23T13:09:30.012000+08:00,2409,SHORT,LOSER,True,False,-0.23,0.05629369094088628,-0.16888107282264284,-1556.0,,-1556.0,0.0,False,False,-305.0
T5_NEG0.30R_MFE0.40R,5,-0.3,0.4,20260924-2409-090900,2026-09-24T09:09:00.032000+08:00,2409,SHORT,WINNER,True,False,0.6974285714285714,0.676438192151295,-0.28184924672969425,2441.0,,2441.0,0.0,False,False,4693.0
T5_NEG0.30R_MFE0.40R,5,-0.3,0.4,20260924-3605-090900,2026-09-24T09:09:03.562000+08:00,3605,LONG,LOSER,True,True,-0.31,0.11299447795986149,-0.5649723897993074,-585.0,-1085.0,-1085.0,-500.0,False,True,2906.0
T5_NEG0.30R_MFE0.40R,5,-0.3,0.4,20260924-2033-091030,2026-09-24T09:10:31.938000+08:00,2033,SHORT,WINNER,False,False,,,,4158.0,,4158.0,0.0,False,False,6410.0
T5_NEG0.30R_MFE0.40R,5,-0.3,0.4,20260924-4956-093400,2026-09-24T09:34:01.454000+08:00,4956,LONG,LOSER,True,True,-0.9697142857142858,0.0,-0.6349213547861113,-3593.0,-3394.0,-3394.0,199.0,False,True,-600.0
T5_NEG0.30R_MFE0.40R,5,-0.3,0.4,20260924-3624-115700,2026-09-24T11:57:00.051000+08:00,3624,LONG,LOSER,True,True,-0.9845714285714285,0.0,-0.6581841357877743,-3945.0,-2946.0,-2946.0,999.0,False,True,-453.0
T5_NEG0.30R_MFE0.40R,5,-0.3,0.4,20260924-6456-131000,2026-09-24T13:10:00.019000+08:00,6456,LONG,LOSER,False,False,-0.5502857142857143,6.342722861865309e-15,-0.3570635539651354,-2126.0,,-2126.0,0.0,False,False,-529.0
T5_NEG0.30R_MFE0.50R,5,-0.3,0.5,20260922-1709-093200,2026-09-22T09:32:00.233000+08:00,1709,SHORT,WINNER,False,False,,,,4442.0,,4442.0,0.0,False,False,6845.0
T5_NEG0.30R_MFE0.50R,5,-0.3,0.5,20260923-3229-092830,2026-09-23T09:28:31.476000+08:00,3229,SHORT,LOSER,False,False,,,,-3549.0,,-3549.0,0.0,False,False,955.0
T5_NEG0.30R_MFE0.50R,5,-0.3,0.5,20260923-8111-093300,2026-09-23T09:33:05.750000+08:00,8111,LONG,LOSER,False,False,,,,-3684.0,,-3684.0,0.0,False,False,-491.0
T5_NEG0.30R_MFE0.50R,5,-0.3,0.5,20260923-3094-094300,2026-09-23T09:43:05.280000+08:00,3094,LONG,WINNER,True,False,0.7957142857142857,0.8658979417161823,-0.39964520386900904,7874.0,,7874.0,0.0,False,False,10866.0
T5_NEG0.30R_MFE0.50R,5,-0.3,0.5,20260923-4956-095730,2026-09-23T09:57:30.380000+08:00,4956,SHORT,LOSER,True,False,-0.2794285714285714,0.13580821164352158,-0.13580821164350873,-778.0,,-778.0,0.0,False,False,2625.0
T5_NEG0.30R_MFE0.50R,5,-0.3,0.5,20260923-1709-095830,2026-09-23T09:58:30.421000+08:00,1709,SHORT,LOSER,True,True,-0.4542857142857143,0.09076479551259635,-0.317676784294055,-3591.0,-1590.0,-1590.0,2001.0,False,True,-188.0
T5_NEG0.30R_MFE0.50R,5,-0.3,0.5,20260923-2221-100530,2026-09-23T10:05:35.229000+08:00,2221,LONG,WINNER,False,False,,,,3470.0,,3470.0,0.0,False,False,5465.0
T5_NEG0.30R_MFE0.50R,5,-0.3,0.5,20260923-2033-113900,2026-09-23T11:39:02.815000+08:00,2033,SHORT,LOSER,False,False,,,,-1342.0,,-1342.0,0.0,False,False,1660.0
T5_NEG0.30R_MFE0.50R,5,-0.3,0.5,20260923-3605-121730,2026-09-23T12:17:37.884000+08:00,3605,SHORT,WINNER,True,True,-0.4542857142857143,0.0,-0.3403679831722073,1913.0,-1590.0,-1590.0,-3503.0,True,False,2914.0
T5_NEG0.30R_MFE0.50R,5,-0.3,0.5,20260923-6168-124430,2026-09-23T12:44:42.553000+08:00,6168,SHORT,LOSER,False,False,,,,-1327.0,,-1327.0,0.0,False,False,-526.0
T5_NEG0.30R_MFE0.50R,5,-0.3,0.5,20260923-2409-130930,2026-09-23T13:09:30.012000+08:00,2409,SHORT,LOSER,True,False,-0.23,0.05629369094088628,-0.16888107282264284,-1556.0,,-1556.0,0.0,False,False,-305.0
T5_NEG0.30R_MFE0.50R,5,-0.3,0.5,20260924-2409-090900,2026-09-24T09:09:00.032000+08:00,2409,SHORT,WINNER,True,False,0.6974285714285714,0.676438192151295,-0.28184924672969425,2441.0,,2441.0,0.0,False,False,4693.0
T5_NEG0.30R_MFE0.50R,5,-0.3,0.5,20260924-3605-090900,2026-09-24T09:09:03.562000+08:00,3605,LONG,LOSER,True,True,-0.31,0.11299447795986149,-0.5649723897993074,-585.0,-1085.0,-1085.0,-500.0,False,True,2906.0
T5_NEG0.30R_MFE0.50R,5,-0.3,0.5,20260924-2033-091030,2026-09-24T09:10:31.938000+08:00,2033,SHORT,WINNER,False,False,,,,4158.0,,4158.0,0.0,False,False,6410.0
T5_NEG0.30R_MFE0.50R,5,-0.3,0.5,20260924-4956-093400,2026-09-24T09:34:01.454000+08:00,4956,LONG,LOSER,True,True,-0.9697142857142858,0.0,-0.6349213547861113,-3593.0,-3394.0,-3394.0,199.0,False,True,-600.0
T5_NEG0.30R_MFE0.50R,5,-0.3,0.5,20260924-3624-115700,2026-09-24T11:57:00.051000+08:00,3624,LONG,LOSER,True,True,-0.9845714285714285,0.0,-0.6581841357877743,-3945.0,-2946.0,-2946.0,999.0,False,True,-453.0
T5_NEG0.30R_MFE0.50R,5,-0.3,0.5,20260924-6456-131000,2026-09-24T13:10:00.019000+08:00,6456,LONG,LOSER,False,False,-0.5502857142857143,6.342722861865309e-15,-0.3570635539651354,-2126.0,,-2126.0,0.0,False,False,-529.0
T5_NEG0.40R_MFE0.10R,5,-0.4,0.1,20260922-1709-093200,2026-09-22T09:32:00.233000+08:00,1709,SHORT,WINNER,False,False,,,,4442.0,,4442.0,0.0,False,False,6845.0
T5_NEG0.40R_MFE0.10R,5,-0.4,0.1,20260923-3229-092830,2026-09-23T09:28:31.476000+08:00,3229,SHORT,LOSER,False,False,,,,-3549.0,,-3549.0,0.0,False,False,955.0
T5_NEG0.40R_MFE0.10R,5,-0.4,0.1,20260923-8111-093300,2026-09-23T09:33:05.750000+08:00,8111,LONG,LOSER,False,False,,,,-3684.0,,-3684.0,0.0,False,False,-491.0
T5_NEG0.40R_MFE0.10R,5,-0.4,0.1,20260923-3094-094300,2026-09-23T09:43:05.280000+08:00,3094,LONG,WINNER,True,False,0.7957142857142857,0.8658979417161823,-0.39964520386900904,7874.0,,7874.0,0.0,False,False,10866.0
T5_NEG0.40R_MFE0.10R,5,-0.4,0.1,20260923-4956-095730,2026-09-23T09:57:30.380000+08:00,4956,SHORT,LOSER,True,False,-0.2794285714285714,0.13580821164352158,-0.13580821164350873,-778.0,,-778.0,0.0,False,False,2625.0
T5_NEG0.40R_MFE0.10R,5,-0.4,0.1,20260923-1709-095830,2026-09-23T09:58:30.421000+08:00,1709,SHORT,LOSER,True,True,-0.4542857142857143,0.09076479551259635,-0.317676784294055,-3591.0,-1590.0,-1590.0,2001.0,False,True,-188.0
T5_NEG0.40R_MFE0.10R,5,-0.4,0.1,20260923-2221-100530,2026-09-23T10:05:35.229000+08:00,2221,LONG,WINNER,False,False,,,,3470.0,,3470.0,0.0,False,False,5465.0
T5_NEG0.40R_MFE0.10R,5,-0.4,0.1,20260923-2033-113900,2026-09-23T11:39:02.815000+08:00,2033,SHORT,LOSER,False,False,,,,-1342.0,,-1342.0,0.0,False,False,1660.0
T5_NEG0.40R_MFE0.10R,5,-0.4,0.1,20260923-3605-121730,2026-09-23T12:17:37.884000+08:00,3605,SHORT,WINNER,True,True,-0.4542857142857143,0.0,-0.3403679831722073,1913.0,-1590.0,-1590.0,-3503.0,True,False,2914.0
T5_NEG0.40R_MFE0.10R,5,-0.4,0.1,20260923-6168-124430,2026-09-23T12:44:42.553000+08:00,6168,SHORT,LOSER,False,False,,,,-1327.0,,-1327.0,0.0,False,False,-526.0
T5_NEG0.40R_MFE0.10R,5,-0.4,0.1,20260923-2409-130930,2026-09-23T13:09:30.012000+08:00,2409,SHORT,LOSER,True,False,-0.23,0.05629369094088628,-0.16888107282264284,-1556.0,,-1556.0,0.0,False,False,-305.0
T5_NEG0.40R_MFE0.10R,5,-0.4,0.1,20260924-2409-090900,2026-09-24T09:09:00.032000+08:00,2409,SHORT,WINNER,True,False,0.6974285714285714,0.676438192151295,-0.28184924672969425,2441.0,,2441.0,0.0,False,False,4693.0
T5_NEG0.40R_MFE0.10R,5,-0.4,0.1,20260924-3605-090900,2026-09-24T09:09:03.562000+08:00,3605,LONG,LOSER,True,False,-0.31,0.11299447795986149,-0.5649723897993074,-585.0,,-585.0,0.0,False,False,2906.0
T5_NEG0.40R_MFE0.10R,5,-0.4,0.1,20260924-2033-091030,2026-09-24T09:10:31.938000+08:00,2033,SHORT,WINNER,False,False,,,,4158.0,,4158.0,0.0,False,False,6410.0
T5_NEG0.40R_MFE0.10R,5,-0.4,0.1,20260924-4956-093400,2026-09-24T09:34:01.454000+08:00,4956,LONG,LOSER,True,True,-0.9697142857142858,0.0,-0.6349213547861113,-3593.0,-3394.0,-3394.0,199.0,False,True,-600.0
T5_NEG0.40R_MFE0.10R,5,-0.4,0.1,20260924-3624-115700,2026-09-24T11:57:00.051000+08:00,3624,LONG,LOSER,True,True,-0.9845714285714285,0.0,-0.6581841357877743,-3945.0,-2946.0,-2946.0,999.0,False,True,-453.0
T5_NEG0.40R_MFE0.10R,5,-0.4,0.1,20260924-6456-131000,2026-09-24T13:10:00.019000+08:00,6456,LONG,LOSER,False,False,-0.5502857142857143,6.342722861865309e-15,-0.3570635539651354,-2126.0,,-2126.0,0.0,False,False,-529.0
T5_NEG0.40R_MFE0.20R,5,-0.4,0.2,20260922-1709-093200,2026-09-22T09:32:00.233000+08:00,1709,SHORT,WINNER,False,False,,,,4442.0,,4442.0,0.0,False,False,6845.0
T5_NEG0.40R_MFE0.20R,5,-0.4,0.2,20260923-3229-092830,2026-09-23T09:28:31.476000+08:00,3229,SHORT,LOSER,False,False,,,,-3549.0,,-3549.0,0.0,False,False,955.0
T5_NEG0.40R_MFE0.20R,5,-0.4,0.2,20260923-8111-093300,2026-09-23T09:33:05.750000+08:00,8111,LONG,LOSER,False,False,,,,-3684.0,,-3684.0,0.0,False,False,-491.0
T5_NEG0.40R_MFE0.20R,5,-0.4,0.2,20260923-3094-094300,2026-09-23T09:43:05.280000+08:00,3094,LONG,WINNER,True,False,0.7957142857142857,0.8658979417161823,-0.39964520386900904,7874.0,,7874.0,0.0,False,False,10866.0
T5_NEG0.40R_MFE0.20R,5,-0.4,0.2,20260923-4956-095730,2026-09-23T09:57:30.380000+08:00,4956,SHORT,LOSER,True,False,-0.2794285714285714,0.13580821164352158,-0.13580821164350873,-778.0,,-778.0,0.0,False,False,2625.0
T5_NEG0.40R_MFE0.20R,5,-0.4,0.2,20260923-1709-095830,2026-09-23T09:58:30.421000+08:00,1709,SHORT,LOSER,True,True,-0.4542857142857143,0.09076479551259635,-0.317676784294055,-3591.0,-1590.0,-1590.0,2001.0,False,True,-188.0
T5_NEG0.40R_MFE0.20R,5,-0.4,0.2,20260923-2221-100530,2026-09-23T10:05:35.229000+08:00,2221,LONG,WINNER,False,False,,,,3470.0,,3470.0,0.0,False,False,5465.0
T5_NEG0.40R_MFE0.20R,5,-0.4,0.2,20260923-2033-113900,2026-09-23T11:39:02.815000+08:00,2033,SHORT,LOSER,False,False,,,,-1342.0,,-1342.0,0.0,False,False,1660.0
T5_NEG0.40R_MFE0.20R,5,-0.4,0.2,20260923-3605-121730,2026-09-23T12:17:37.884000+08:00,3605,SHORT,WINNER,True,True,-0.4542857142857143,0.0,-0.3403679831722073,1913.0,-1590.0,-1590.0,-3503.0,True,False,2914.0
T5_NEG0.40R_MFE0.20R,5,-0.4,0.2,20260923-6168-124430,2026-09-23T12:44:42.553000+08:00,6168,SHORT,LOSER,False,False,,,,-1327.0,,-1327.0,0.0,False,False,-526.0
T5_NEG0.40R_MFE0.20R,5,-0.4,0.2,20260923-2409-130930,2026-09-23T13:09:30.012000+08:00,2409,SHORT,LOSER,True,False,-0.23,0.05629369094088628,-0.16888107282264284,-1556.0,,-1556.0,0.0,False,False,-305.0
T5_NEG0.40R_MFE0.20R,5,-0.4,0.2,20260924-2409-090900,2026-09-24T09:09:00.032000+08:00,2409,SHORT,WINNER,True,False,0.6974285714285714,0.676438192151295,-0.28184924672969425,2441.0,,2441.0,0.0,False,False,4693.0
T5_NEG0.40R_MFE0.20R,5,-0.4,0.2,20260924-3605-090900,2026-09-24T09:09:03.562000+08:00,3605,LONG,LOSER,True,False,-0.31,0.11299447795986149,-0.5649723897993074,-585.0,,-585.0,0.0,False,False,2906.0
T5_NEG0.40R_MFE0.20R,5,-0.4,0.2,20260924-2033-091030,2026-09-24T09:10:31.938000+08:00,2033,SHORT,WINNER,False,False,,,,4158.0,,4158.0,0.0,False,False,6410.0
T5_NEG0.40R_MFE0.20R,5,-0.4,0.2,20260924-4956-093400,2026-09-24T09:34:01.454000+08:00,4956,LONG,LOSER,True,True,-0.9697142857142858,0.0,-0.6349213547861113,-3593.0,-3394.0,-3394.0,199.0,False,True,-600.0
T5_NEG0.40R_MFE0.20R,5,-0.4,0.2,20260924-3624-115700,2026-09-24T11:57:00.051000+08:00,3624,LONG,LOSER,True,True,-0.9845714285714285,0.0,-0.6581841357877743,-3945.0,-2946.0,-2946.0,999.0,False,True,-453.0
T5_NEG0.40R_MFE0.20R,5,-0.4,0.2,20260924-6456-131000,2026-09-24T13:10:00.019000+08:00,6456,LONG,LOSER,False,False,-0.5502857142857143,6.342722861865309e-15,-0.3570635539651354,-2126.0,,-2126.0,0.0,False,False,-529.0
T5_NEG0.40R_MFE0.30R,5,-0.4,0.3,20260922-1709-093200,2026-09-22T09:32:00.233000+08:00,1709,SHORT,WINNER,False,False,,,,4442.0,,4442.0,0.0,False,False,6845.0
T5_NEG0.40R_MFE0.30R,5,-0.4,0.3,20260923-3229-092830,2026-09-23T09:28:31.476000+08:00,3229,SHORT,LOSER,False,False,,,,-3549.0,,-3549.0,0.0,False,False,955.0
T5_NEG0.40R_MFE0.30R,5,-0.4,0.3,20260923-8111-093300,2026-09-23T09:33:05.750000+08:00,8111,LONG,LOSER,False,False,,,,-3684.0,,-3684.0,0.0,False,False,-491.0
T5_NEG0.40R_MFE0.30R,5,-0.4,0.3,20260923-3094-094300,2026-09-23T09:43:05.280000+08:00,3094,LONG,WINNER,True,False,0.7957142857142857,0.8658979417161823,-0.39964520386900904,7874.0,,7874.0,0.0,False,False,10866.0
T5_NEG0.40R_MFE0.30R,5,-0.4,0.3,20260923-4956-095730,2026-09-23T09:57:30.380000+08:00,4956,SHORT,LOSER,True,False,-0.2794285714285714,0.13580821164352158,-0.13580821164350873,-778.0,,-778.0,0.0,False,False,2625.0
T5_NEG0.40R_MFE0.30R,5,-0.4,0.3,20260923-1709-095830,2026-09-23T09:58:30.421000+08:00,1709,SHORT,LOSER,True,True,-0.4542857142857143,0.09076479551259635,-0.317676784294055,-3591.0,-1590.0,-1590.0,2001.0,False,True,-188.0
T5_NEG0.40R_MFE0.30R,5,-0.4,0.3,20260923-2221-100530,2026-09-23T10:05:35.229000+08:00,2221,LONG,WINNER,False,False,,,,3470.0,,3470.0,0.0,False,False,5465.0
T5_NEG0.40R_MFE0.30R,5,-0.4,0.3,20260923-2033-113900,2026-09-23T11:39:02.815000+08:00,2033,SHORT,LOSER,False,False,,,,-1342.0,,-1342.0,0.0,False,False,1660.0
T5_NEG0.40R_MFE0.30R,5,-0.4,0.3,20260923-3605-121730,2026-09-23T12:17:37.884000+08:00,3605,SHORT,WINNER,True,True,-0.4542857142857143,0.0,-0.3403679831722073,1913.0,-1590.0,-1590.0,-3503.0,True,False,2914.0
T5_NEG0.40R_MFE0.30R,5,-0.4,0.3,20260923-6168-124430,2026-09-23T12:44:42.553000+08:00,6168,SHORT,LOSER,False,False,,,,-1327.0,,-1327.0,0.0,False,False,-526.0
T5_NEG0.40R_MFE0.30R,5,-0.4,0.3,20260923-2409-130930,2026-09-23T13:09:30.012000+08:00,2409,SHORT,LOSER,True,False,-0.23,0.05629369094088628,-0.16888107282264284,-1556.0,,-1556.0,0.0,False,False,-305.0
T5_NEG0.40R_MFE0.30R,5,-0.4,0.3,20260924-2409-090900,2026-09-24T09:09:00.032000+08:00,2409,SHORT,WINNER,True,False,0.6974285714285714,0.676438192151295,-0.28184924672969425,2441.0,,2441.0,0.0,False,False,4693.0
T5_NEG0.40R_MFE0.30R,5,-0.4,0.3,20260924-3605-090900,2026-09-24T09:09:03.562000+08:00,3605,LONG,LOSER,True,False,-0.31,0.11299447795986149,-0.5649723897993074,-585.0,,-585.0,0.0,False,False,2906.0
T5_NEG0.40R_MFE0.30R,5,-0.4,0.3,20260924-2033-091030,2026-09-24T09:10:31.938000+08:00,2033,SHORT,WINNER,False,False,,,,4158.0,,4158.0,0.0,False,False,6410.0
T5_NEG0.40R_MFE0.30R,5,-0.4,0.3,20260924-4956-093400,2026-09-24T09:34:01.454000+08:00,4956,LONG,LOSER,True,True,-0.9697142857142858,0.0,-0.6349213547861113,-3593.0,-3394.0,-3394.0,199.0,False,True,-600.0
T5_NEG0.40R_MFE0.30R,5,-0.4,0.3,20260924-3624-115700,2026-09-24T11:57:00.051000+08:00,3624,LONG,LOSER,True,True,-0.9845714285714285,0.0,-0.6581841357877743,-3945.0,-2946.0,-2946.0,999.0,False,True,-453.0
T5_NEG0.40R_MFE0.30R,5,-0.4,0.3,20260924-6456-131000,2026-09-24T13:10:00.019000+08:00,6456,LONG,LOSER,False,False,-0.5502857142857143,6.342722861865309e-15,-0.3570635539651354,-2126.0,,-2126.0,0.0,False,False,-529.0
T5_NEG0.40R_MFE0.40R,5,-0.4,0.4,20260922-1709-093200,2026-09-22T09:32:00.233000+08:00,1709,SHORT,WINNER,False,False,,,,4442.0,,4442.0,0.0,False,False,6845.0
T5_NEG0.40R_MFE0.40R,5,-0.4,0.4,20260923-3229-092830,2026-09-23T09:28:31.476000+08:00,3229,SHORT,LOSER,False,False,,,,-3549.0,,-3549.0,0.0,False,False,955.0
T5_NEG0.40R_MFE0.40R,5,-0.4,0.4,20260923-8111-093300,2026-09-23T09:33:05.750000+08:00,8111,LONG,LOSER,False,False,,,,-3684.0,,-3684.0,0.0,False,False,-491.0
T5_NEG0.40R_MFE0.40R,5,-0.4,0.4,20260923-3094-094300,2026-09-23T09:43:05.280000+08:00,3094,LONG,WINNER,True,False,0.7957142857142857,0.8658979417161823,-0.39964520386900904,7874.0,,7874.0,0.0,False,False,10866.0
T5_NEG0.40R_MFE0.40R,5,-0.4,0.4,20260923-4956-095730,2026-09-23T09:57:30.380000+08:00,4956,SHORT,LOSER,True,False,-0.2794285714285714,0.13580821164352158,-0.13580821164350873,-778.0,,-778.0,0.0,False,False,2625.0
T5_NEG0.40R_MFE0.40R,5,-0.4,0.4,20260923-1709-095830,2026-09-23T09:58:30.421000+08:00,1709,SHORT,LOSER,True,True,-0.4542857142857143,0.09076479551259635,-0.317676784294055,-3591.0,-1590.0,-1590.0,2001.0,False,True,-188.0
T5_NEG0.40R_MFE0.40R,5,-0.4,0.4,20260923-2221-100530,2026-09-23T10:05:35.229000+08:00,2221,LONG,WINNER,False,False,,,,3470.0,,3470.0,0.0,False,False,5465.0
T5_NEG0.40R_MFE0.40R,5,-0.4,0.4,20260923-2033-113900,2026-09-23T11:39:02.815000+08:00,2033,SHORT,LOSER,False,False,,,,-1342.0,,-1342.0,0.0,False,False,1660.0
T5_NEG0.40R_MFE0.40R,5,-0.4,0.4,20260923-3605-121730,2026-09-23T12:17:37.884000+08:00,3605,SHORT,WINNER,True,True,-0.4542857142857143,0.0,-0.3403679831722073,1913.0,-1590.0,-1590.0,-3503.0,True,False,2914.0
T5_NEG0.40R_MFE0.40R,5,-0.4,0.4,20260923-6168-124430,2026-09-23T12:44:42.553000+08:00,6168,SHORT,LOSER,False,False,,,,-1327.0,,-1327.0,0.0,False,False,-526.0
T5_NEG0.40R_MFE0.40R,5,-0.4,0.4,20260923-2409-130930,2026-09-23T13:09:30.012000+08:00,2409,SHORT,LOSER,True,False,-0.23,0.05629369094088628,-0.16888107282264284,-1556.0,,-1556.0,0.0,False,False,-305.0
T5_NEG0.40R_MFE0.40R,5,-0.4,0.4,20260924-2409-090900,2026-09-24T09:09:00.032000+08:00,2409,SHORT,WINNER,True,False,0.6974285714285714,0.676438192151295,-0.28184924672969425,2441.0,,2441.0,0.0,False,False,4693.0
T5_NEG0.40R_MFE0.40R,5,-0.4,0.4,20260924-3605-090900,2026-09-24T09:09:03.562000+08:00,3605,LONG,LOSER,True,False,-0.31,0.11299447795986149,-0.5649723897993074,-585.0,,-585.0,0.0,False,False,2906.0
T5_NEG0.40R_MFE0.40R,5,-0.4,0.4,20260924-2033-091030,2026-09-24T09:10:31.938000+08:00,2033,SHORT,WINNER,False,False,,,,4158.0,,4158.0,0.0,False,False,6410.0
T5_NEG0.40R_MFE0.40R,5,-0.4,0.4,20260924-4956-093400,2026-09-24T09:34:01.454000+08:00,4956,LONG,LOSER,True,True,-0.9697142857142858,0.0,-0.6349213547861113,-3593.0,-3394.0,-3394.0,199.0,False,True,-600.0
T5_NEG0.40R_MFE0.40R,5,-0.4,0.4,20260924-3624-115700,2026-09-24T11:57:00.051000+08:00,3624,LONG,LOSER,True,True,-0.9845714285714285,0.0,-0.6581841357877743,-3945.0,-2946.0,-2946.0,999.0,False,True,-453.0
T5_NEG0.40R_MFE0.40R,5,-0.4,0.4,20260924-6456-131000,2026-09-24T13:10:00.019000+08:00,6456,LONG,LOSER,False,False,-0.5502857142857143,6.342722861865309e-15,-0.3570635539651354,-2126.0,,-2126.0,0.0,False,False,-529.0
T5_NEG0.40R_MFE0.50R,5,-0.4,0.5,20260922-1709-093200,2026-09-22T09:32:00.233000+08:00,1709,SHORT,WINNER,False,False,,,,4442.0,,4442.0,0.0,False,False,6845.0
T5_NEG0.40R_MFE0.50R,5,-0.4,0.5,20260923-3229-092830,2026-09-23T09:28:31.476000+08:00,3229,SHORT,LOSER,False,False,,,,-3549.0,,-3549.0,0.0,False,False,955.0
T5_NEG0.40R_MFE0.50R,5,-0.4,0.5,20260923-8111-093300,2026-09-23T09:33:05.750000+08:00,8111,LONG,LOSER,False,False,,,,-3684.0,,-3684.0,0.0,False,False,-491.0
T5_NEG0.40R_MFE0.50R,5,-0.4,0.5,20260923-3094-094300,2026-09-23T09:43:05.280000+08:00,3094,LONG,WINNER,True,False,0.7957142857142857,0.8658979417161823,-0.39964520386900904,7874.0,,7874.0,0.0,False,False,10866.0
T5_NEG0.40R_MFE0.50R,5,-0.4,0.5,20260923-4956-095730,2026-09-23T09:57:30.380000+08:00,4956,SHORT,LOSER,True,False,-0.2794285714285714,0.13580821164352158,-0.13580821164350873,-778.0,,-778.0,0.0,False,False,2625.0
T5_NEG0.40R_MFE0.50R,5,-0.4,0.5,20260923-1709-095830,2026-09-23T09:58:30.421000+08:00,1709,SHORT,LOSER,True,True,-0.4542857142857143,0.09076479551259635,-0.317676784294055,-3591.0,-1590.0,-1590.0,2001.0,False,True,-188.0
T5_NEG0.40R_MFE0.50R,5,-0.4,0.5,20260923-2221-100530,2026-09-23T10:05:35.229000+08:00,2221,LONG,WINNER,False,False,,,,3470.0,,3470.0,0.0,False,False,5465.0
T5_NEG0.40R_MFE0.50R,5,-0.4,0.5,20260923-2033-113900,2026-09-23T11:39:02.815000+08:00,2033,SHORT,LOSER,False,False,,,,-1342.0,,-1342.0,0.0,False,False,1660.0
T5_NEG0.40R_MFE0.50R,5,-0.4,0.5,20260923-3605-121730,2026-09-23T12:17:37.884000+08:00,3605,SHORT,WINNER,True,True,-0.4542857142857143,0.0,-0.3403679831722073,1913.0,-1590.0,-1590.0,-3503.0,True,False,2914.0
T5_NEG0.40R_MFE0.50R,5,-0.4,0.5,20260923-6168-124430,2026-09-23T12:44:42.553000+08:00,6168,SHORT,LOSER,False,False,,,,-1327.0,,-1327.0,0.0,False,False,-526.0
T5_NEG0.40R_MFE0.50R,5,-0.4,0.5,20260923-2409-130930,2026-09-23T13:09:30.012000+08:00,2409,SHORT,LOSER,True,False,-0.23,0.05629369094088628,-0.16888107282264284,-1556.0,,-1556.0,0.0,False,False,-305.0
T5_NEG0.40R_MFE0.50R,5,-0.4,0.5,20260924-2409-090900,2026-09-24T09:09:00.032000+08:00,2409,SHORT,WINNER,True,False,0.6974285714285714,0.676438192151295,-0.28184924672969425,2441.0,,2441.0,0.0,False,False,4693.0
T5_NEG0.40R_MFE0.50R,5,-0.4,0.5,20260924-3605-090900,2026-09-24T09:09:03.562000+08:00,3605,LONG,LOSER,True,False,-0.31,0.11299447795986149,-0.5649723897993074,-585.0,,-585.0,0.0,False,False,2906.0
T5_NEG0.40R_MFE0.50R,5,-0.4,0.5,20260924-2033-091030,2026-09-24T09:10:31.938000+08:00,2033,SHORT,WINNER,False,False,,,,4158.0,,4158.0,0.0,False,False,6410.0
T5_NEG0.40R_MFE0.50R,5,-0.4,0.5,20260924-4956-093400,2026-09-24T09:34:01.454000+08:00,4956,LONG,LOSER,True,True,-0.9697142857142858,0.0,-0.6349213547861113,-3593.0,-3394.0,-3394.0,199.0,False,True,-600.0
T5_NEG0.40R_MFE0.50R,5,-0.4,0.5,20260924-3624-115700,2026-09-24T11:57:00.051000+08:00,3624,LONG,LOSER,True,True,-0.9845714285714285,0.0,-0.6581841357877743,-3945.0,-2946.0,-2946.0,999.0,False,True,-453.0
T5_NEG0.40R_MFE0.50R,5,-0.4,0.5,20260924-6456-131000,2026-09-24T13:10:00.019000+08:00,6456,LONG,LOSER,False,False,-0.5502857142857143,6.342722861865309e-15,-0.3570635539651354,-2126.0,,-2126.0,0.0,False,False,-529.0
T5_NEG0.50R_MFE0.10R,5,-0.5,0.1,20260922-1709-093200,2026-09-22T09:32:00.233000+08:00,1709,SHORT,WINNER,False,False,,,,4442.0,,4442.0,0.0,False,False,6845.0
T5_NEG0.50R_MFE0.10R,5,-0.5,0.1,20260923-3229-092830,2026-09-23T09:28:31.476000+08:00,3229,SHORT,LOSER,False,False,,,,-3549.0,,-3549.0,0.0,False,False,955.0
T5_NEG0.50R_MFE0.10R,5,-0.5,0.1,20260923-8111-093300,2026-09-23T09:33:05.750000+08:00,8111,LONG,LOSER,False,False,,,,-3684.0,,-3684.0,0.0,False,False,-491.0
T5_NEG0.50R_MFE0.10R,5,-0.5,0.1,20260923-3094-094300,2026-09-23T09:43:05.280000+08:00,3094,LONG,WINNER,True,False,0.7957142857142857,0.8658979417161823,-0.39964520386900904,7874.0,,7874.0,0.0,False,False,10866.0
T5_NEG0.50R_MFE0.10R,5,-0.5,0.1,20260923-4956-095730,2026-09-23T09:57:30.380000+08:00,4956,SHORT,LOSER,True,False,-0.2794285714285714,0.13580821164352158,-0.13580821164350873,-778.0,,-778.0,0.0,False,False,2625.0
T5_NEG0.50R_MFE0.10R,5,-0.5,0.1,20260923-1709-095830,2026-09-23T09:58:30.421000+08:00,1709,SHORT,LOSER,True,False,-0.4542857142857143,0.09076479551259635,-0.317676784294055,-3591.0,,-3591.0,0.0,False,False,-188.0
T5_NEG0.50R_MFE0.10R,5,-0.5,0.1,20260923-2221-100530,2026-09-23T10:05:35.229000+08:00,2221,LONG,WINNER,False,False,,,,3470.0,,3470.0,0.0,False,False,5465.0
T5_NEG0.50R_MFE0.10R,5,-0.5,0.1,20260923-2033-113900,2026-09-23T11:39:02.815000+08:00,2033,SHORT,LOSER,False,False,,,,-1342.0,,-1342.0,0.0,False,False,1660.0
T5_NEG0.50R_MFE0.10R,5,-0.5,0.1,20260923-3605-121730,2026-09-23T12:17:37.884000+08:00,3605,SHORT,WINNER,True,False,-0.4542857142857143,0.0,-0.3403679831722073,1913.0,,1913.0,0.0,False,False,2914.0
T5_NEG0.50R_MFE0.10R,5,-0.5,0.1,20260923-6168-124430,2026-09-23T12:44:42.553000+08:00,6168,SHORT,LOSER,False,False,,,,-1327.0,,-1327.0,0.0,False,False,-526.0
T5_NEG0.50R_MFE0.10R,5,-0.5,0.1,20260923-2409-130930,2026-09-23T13:09:30.012000+08:00,2409,SHORT,LOSER,True,False,-0.23,0.05629369094088628,-0.16888107282264284,-1556.0,,-1556.0,0.0,False,False,-305.0
T5_NEG0.50R_MFE0.10R,5,-0.5,0.1,20260924-2409-090900,2026-09-24T09:09:00.032000+08:00,2409,SHORT,WINNER,True,False,0.6974285714285714,0.676438192151295,-0.28184924672969425,2441.0,,2441.0,0.0,False,False,4693.0
T5_NEG0.50R_MFE0.10R,5,-0.5,0.1,20260924-3605-090900,2026-09-24T09:09:03.562000+08:00,3605,LONG,LOSER,True,False,-0.31,0.11299447795986149,-0.5649723897993074,-585.0,,-585.0,0.0,False,False,2906.0
T5_NEG0.50R_MFE0.10R,5,-0.5,0.1,20260924-2033-091030,2026-09-24T09:10:31.938000+08:00,2033,SHORT,WINNER,False,False,,,,4158.0,,4158.0,0.0,False,False,6410.0
T5_NEG0.50R_MFE0.10R,5,-0.5,0.1,20260924-4956-093400,2026-09-24T09:34:01.454000+08:00,4956,LONG,LOSER,True,True,-0.9697142857142858,0.0,-0.6349213547861113,-3593.0,-3394.0,-3394.0,199.0,False,True,-600.0
T5_NEG0.50R_MFE0.10R,5,-0.5,0.1,20260924-3624-115700,2026-09-24T11:57:00.051000+08:00,3624,LONG,LOSER,True,True,-0.9845714285714285,0.0,-0.6581841357877743,-3945.0,-2946.0,-2946.0,999.0,False,True,-453.0
T5_NEG0.50R_MFE0.10R,5,-0.5,0.1,20260924-6456-131000,2026-09-24T13:10:00.019000+08:00,6456,LONG,LOSER,False,False,-0.5502857142857143,6.342722861865309e-15,-0.3570635539651354,-2126.0,,-2126.0,0.0,False,False,-529.0
T5_NEG0.50R_MFE0.20R,5,-0.5,0.2,20260922-1709-093200,2026-09-22T09:32:00.233000+08:00,1709,SHORT,WINNER,False,False,,,,4442.0,,4442.0,0.0,False,False,6845.0
T5_NEG0.50R_MFE0.20R,5,-0.5,0.2,20260923-3229-092830,2026-09-23T09:28:31.476000+08:00,3229,SHORT,LOSER,False,False,,,,-3549.0,,-3549.0,0.0,False,False,955.0
T5_NEG0.50R_MFE0.20R,5,-0.5,0.2,20260923-8111-093300,2026-09-23T09:33:05.750000+08:00,8111,LONG,LOSER,False,False,,,,-3684.0,,-3684.0,0.0,False,False,-491.0
T5_NEG0.50R_MFE0.20R,5,-0.5,0.2,20260923-3094-094300,2026-09-23T09:43:05.280000+08:00,3094,LONG,WINNER,True,False,0.7957142857142857,0.8658979417161823,-0.39964520386900904,7874.0,,7874.0,0.0,False,False,10866.0
T5_NEG0.50R_MFE0.20R,5,-0.5,0.2,20260923-4956-095730,2026-09-23T09:57:30.380000+08:00,4956,SHORT,LOSER,True,False,-0.2794285714285714,0.13580821164352158,-0.13580821164350873,-778.0,,-778.0,0.0,False,False,2625.0
T5_NEG0.50R_MFE0.20R,5,-0.5,0.2,20260923-1709-095830,2026-09-23T09:58:30.421000+08:00,1709,SHORT,LOSER,True,False,-0.4542857142857143,0.09076479551259635,-0.317676784294055,-3591.0,,-3591.0,0.0,False,False,-188.0
T5_NEG0.50R_MFE0.20R,5,-0.5,0.2,20260923-2221-100530,2026-09-23T10:05:35.229000+08:00,2221,LONG,WINNER,False,False,,,,3470.0,,3470.0,0.0,False,False,5465.0
T5_NEG0.50R_MFE0.20R,5,-0.5,0.2,20260923-2033-113900,2026-09-23T11:39:02.815000+08:00,2033,SHORT,LOSER,False,False,,,,-1342.0,,-1342.0,0.0,False,False,1660.0
T5_NEG0.50R_MFE0.20R,5,-0.5,0.2,20260923-3605-121730,2026-09-23T12:17:37.884000+08:00,3605,SHORT,WINNER,True,False,-0.4542857142857143,0.0,-0.3403679831722073,1913.0,,1913.0,0.0,False,False,2914.0
T5_NEG0.50R_MFE0.20R,5,-0.5,0.2,20260923-6168-124430,2026-09-23T12:44:42.553000+08:00,6168,SHORT,LOSER,False,False,,,,-1327.0,,-1327.0,0.0,False,False,-526.0
T5_NEG0.50R_MFE0.20R,5,-0.5,0.2,20260923-2409-130930,2026-09-23T13:09:30.012000+08:00,2409,SHORT,LOSER,True,False,-0.23,0.05629369094088628,-0.16888107282264284,-1556.0,,-1556.0,0.0,False,False,-305.0
T5_NEG0.50R_MFE0.20R,5,-0.5,0.2,20260924-2409-090900,2026-09-24T09:09:00.032000+08:00,2409,SHORT,WINNER,True,False,0.6974285714285714,0.676438192151295,-0.28184924672969425,2441.0,,2441.0,0.0,False,False,4693.0
T5_NEG0.50R_MFE0.20R,5,-0.5,0.2,20260924-3605-090900,2026-09-24T09:09:03.562000+08:00,3605,LONG,LOSER,True,False,-0.31,0.11299447795986149,-0.5649723897993074,-585.0,,-585.0,0.0,False,False,2906.0
T5_NEG0.50R_MFE0.20R,5,-0.5,0.2,20260924-2033-091030,2026-09-24T09:10:31.938000+08:00,2033,SHORT,WINNER,False,False,,,,4158.0,,4158.0,0.0,False,False,6410.0
T5_NEG0.50R_MFE0.20R,5,-0.5,0.2,20260924-4956-093400,2026-09-24T09:34:01.454000+08:00,4956,LONG,LOSER,True,True,-0.9697142857142858,0.0,-0.6349213547861113,-3593.0,-3394.0,-3394.0,199.0,False,True,-600.0
T5_NEG0.50R_MFE0.20R,5,-0.5,0.2,20260924-3624-115700,2026-09-24T11:57:00.051000+08:00,3624,LONG,LOSER,True,True,-0.9845714285714285,0.0,-0.6581841357877743,-3945.0,-2946.0,-2946.0,999.0,False,True,-453.0
T5_NEG0.50R_MFE0.20R,5,-0.5,0.2,20260924-6456-131000,2026-09-24T13:10:00.019000+08:00,6456,LONG,LOSER,False,False,-0.5502857142857143,6.342722861865309e-15,-0.3570635539651354,-2126.0,,-2126.0,0.0,False,False,-529.0
T5_NEG0.50R_MFE0.30R,5,-0.5,0.3,20260922-1709-093200,2026-09-22T09:32:00.233000+08:00,1709,SHORT,WINNER,False,False,,,,4442.0,,4442.0,0.0,False,False,6845.0
T5_NEG0.50R_MFE0.30R,5,-0.5,0.3,20260923-3229-092830,2026-09-23T09:28:31.476000+08:00,3229,SHORT,LOSER,False,False,,,,-3549.0,,-3549.0,0.0,False,False,955.0
T5_NEG0.50R_MFE0.30R,5,-0.5,0.3,20260923-8111-093300,2026-09-23T09:33:05.750000+08:00,8111,LONG,LOSER,False,False,,,,-3684.0,,-3684.0,0.0,False,False,-491.0
T5_NEG0.50R_MFE0.30R,5,-0.5,0.3,20260923-3094-094300,2026-09-23T09:43:05.280000+08:00,3094,LONG,WINNER,True,False,0.7957142857142857,0.8658979417161823,-0.39964520386900904,7874.0,,7874.0,0.0,False,False,10866.0
T5_NEG0.50R_MFE0.30R,5,-0.5,0.3,20260923-4956-095730,2026-09-23T09:57:30.380000+08:00,4956,SHORT,LOSER,True,False,-0.2794285714285714,0.13580821164352158,-0.13580821164350873,-778.0,,-778.0,0.0,False,False,2625.0
T5_NEG0.50R_MFE0.30R,5,-0.5,0.3,20260923-1709-095830,2026-09-23T09:58:30.421000+08:00,1709,SHORT,LOSER,True,False,-0.4542857142857143,0.09076479551259635,-0.317676784294055,-3591.0,,-3591.0,0.0,False,False,-188.0
T5_NEG0.50R_MFE0.30R,5,-0.5,0.3,20260923-2221-100530,2026-09-23T10:05:35.229000+08:00,2221,LONG,WINNER,False,False,,,,3470.0,,3470.0,0.0,False,False,5465.0
T5_NEG0.50R_MFE0.30R,5,-0.5,0.3,20260923-2033-113900,2026-09-23T11:39:02.815000+08:00,2033,SHORT,LOSER,False,False,,,,-1342.0,,-1342.0,0.0,False,False,1660.0
T5_NEG0.50R_MFE0.30R,5,-0.5,0.3,20260923-3605-121730,2026-09-23T12:17:37.884000+08:00,3605,SHORT,WINNER,True,False,-0.4542857142857143,0.0,-0.3403679831722073,1913.0,,1913.0,0.0,False,False,2914.0
T5_NEG0.50R_MFE0.30R,5,-0.5,0.3,20260923-6168-124430,2026-09-23T12:44:42.553000+08:00,6168,SHORT,LOSER,False,False,,,,-1327.0,,-1327.0,0.0,False,False,-526.0
T5_NEG0.50R_MFE0.30R,5,-0.5,0.3,20260923-2409-130930,2026-09-23T13:09:30.012000+08:00,2409,SHORT,LOSER,True,False,-0.23,0.05629369094088628,-0.16888107282264284,-1556.0,,-1556.0,0.0,False,False,-305.0
T5_NEG0.50R_MFE0.30R,5,-0.5,0.3,20260924-2409-090900,2026-09-24T09:09:00.032000+08:00,2409,SHORT,WINNER,True,False,0.6974285714285714,0.676438192151295,-0.28184924672969425,2441.0,,2441.0,0.0,False,False,4693.0
T5_NEG0.50R_MFE0.30R,5,-0.5,0.3,20260924-3605-090900,2026-09-24T09:09:03.562000+08:00,3605,LONG,LOSER,True,False,-0.31,0.11299447795986149,-0.5649723897993074,-585.0,,-585.0,0.0,False,False,2906.0
T5_NEG0.50R_MFE0.30R,5,-0.5,0.3,20260924-2033-091030,2026-09-24T09:10:31.938000+08:00,2033,SHORT,WINNER,False,False,,,,4158.0,,4158.0,0.0,False,False,6410.0
T5_NEG0.50R_MFE0.30R,5,-0.5,0.3,20260924-4956-093400,2026-09-24T09:34:01.454000+08:00,4956,LONG,LOSER,True,True,-0.9697142857142858,0.0,-0.6349213547861113,-3593.0,-3394.0,-3394.0,199.0,False,True,-600.0
T5_NEG0.50R_MFE0.30R,5,-0.5,0.3,20260924-3624-115700,2026-09-24T11:57:00.051000+08:00,3624,LONG,LOSER,True,True,-0.9845714285714285,0.0,-0.6581841357877743,-3945.0,-2946.0,-2946.0,999.0,False,True,-453.0
T5_NEG0.50R_MFE0.30R,5,-0.5,0.3,20260924-6456-131000,2026-09-24T13:10:00.019000+08:00,6456,LONG,LOSER,False,False,-0.5502857142857143,6.342722861865309e-15,-0.3570635539651354,-2126.0,,-2126.0,0.0,False,False,-529.0
T5_NEG0.50R_MFE0.40R,5,-0.5,0.4,20260922-1709-093200,2026-09-22T09:32:00.233000+08:00,1709,SHORT,WINNER,False,False,,,,4442.0,,4442.0,0.0,False,False,6845.0
T5_NEG0.50R_MFE0.40R,5,-0.5,0.4,20260923-3229-092830,2026-09-23T09:28:31.476000+08:00,3229,SHORT,LOSER,False,False,,,,-3549.0,,-3549.0,0.0,False,False,955.0
T5_NEG0.50R_MFE0.40R,5,-0.5,0.4,20260923-8111-093300,2026-09-23T09:33:05.750000+08:00,8111,LONG,LOSER,False,False,,,,-3684.0,,-3684.0,0.0,False,False,-491.0
T5_NEG0.50R_MFE0.40R,5,-0.5,0.4,20260923-3094-094300,2026-09-23T09:43:05.280000+08:00,3094,LONG,WINNER,True,False,0.7957142857142857,0.8658979417161823,-0.39964520386900904,7874.0,,7874.0,0.0,False,False,10866.0
T5_NEG0.50R_MFE0.40R,5,-0.5,0.4,20260923-4956-095730,2026-09-23T09:57:30.380000+08:00,4956,SHORT,LOSER,True,False,-0.2794285714285714,0.13580821164352158,-0.13580821164350873,-778.0,,-778.0,0.0,False,False,2625.0
T5_NEG0.50R_MFE0.40R,5,-0.5,0.4,20260923-1709-095830,2026-09-23T09:58:30.421000+08:00,1709,SHORT,LOSER,True,False,-0.4542857142857143,0.09076479551259635,-0.317676784294055,-3591.0,,-3591.0,0.0,False,False,-188.0
T5_NEG0.50R_MFE0.40R,5,-0.5,0.4,20260923-2221-100530,2026-09-23T10:05:35.229000+08:00,2221,LONG,WINNER,False,False,,,,3470.0,,3470.0,0.0,False,False,5465.0
T5_NEG0.50R_MFE0.40R,5,-0.5,0.4,20260923-2033-113900,2026-09-23T11:39:02.815000+08:00,2033,SHORT,LOSER,False,False,,,,-1342.0,,-1342.0,0.0,False,False,1660.0
T5_NEG0.50R_MFE0.40R,5,-0.5,0.4,20260923-3605-121730,2026-09-23T12:17:37.884000+08:00,3605,SHORT,WINNER,True,False,-0.4542857142857143,0.0,-0.3403679831722073,1913.0,,1913.0,0.0,False,False,2914.0
T5_NEG0.50R_MFE0.40R,5,-0.5,0.4,20260923-6168-124430,2026-09-23T12:44:42.553000+08:00,6168,SHORT,LOSER,False,False,,,,-1327.0,,-1327.0,0.0,False,False,-526.0
T5_NEG0.50R_MFE0.40R,5,-0.5,0.4,20260923-2409-130930,2026-09-23T13:09:30.012000+08:00,2409,SHORT,LOSER,True,False,-0.23,0.05629369094088628,-0.16888107282264284,-1556.0,,-1556.0,0.0,False,False,-305.0
T5_NEG0.50R_MFE0.40R,5,-0.5,0.4,20260924-2409-090900,2026-09-24T09:09:00.032000+08:00,2409,SHORT,WINNER,True,False,0.6974285714285714,0.676438192151295,-0.28184924672969425,2441.0,,2441.0,0.0,False,False,4693.0
T5_NEG0.50R_MFE0.40R,5,-0.5,0.4,20260924-3605-090900,2026-09-24T09:09:03.562000+08:00,3605,LONG,LOSER,True,False,-0.31,0.11299447795986149,-0.5649723897993074,-585.0,,-585.0,0.0,False,False,2906.0
T5_NEG0.50R_MFE0.40R,5,-0.5,0.4,20260924-2033-091030,2026-09-24T09:10:31.938000+08:00,2033,SHORT,WINNER,False,False,,,,4158.0,,4158.0,0.0,False,False,6410.0
T5_NEG0.50R_MFE0.40R,5,-0.5,0.4,20260924-4956-093400,2026-09-24T09:34:01.454000+08:00,4956,LONG,LOSER,True,True,-0.9697142857142858,0.0,-0.6349213547861113,-3593.0,-3394.0,-3394.0,199.0,False,True,-600.0
T5_NEG0.50R_MFE0.40R,5,-0.5,0.4,20260924-3624-115700,2026-09-24T11:57:00.051000+08:00,3624,LONG,LOSER,True,True,-0.9845714285714285,0.0,-0.6581841357877743,-3945.0,-2946.0,-2946.0,999.0,False,True,-453.0
T5_NEG0.50R_MFE0.40R,5,-0.5,0.4,20260924-6456-131000,2026-09-24T13:10:00.019000+08:00,6456,LONG,LOSER,False,False,-0.5502857142857143,6.342722861865309e-15,-0.3570635539651354,-2126.0,,-2126.0,0.0,False,False,-529.0
T5_NEG0.50R_MFE0.50R,5,-0.5,0.5,20260922-1709-093200,2026-09-22T09:32:00.233000+08:00,1709,SHORT,WINNER,False,False,,,,4442.0,,4442.0,0.0,False,False,6845.0
T5_NEG0.50R_MFE0.50R,5,-0.5,0.5,20260923-3229-092830,2026-09-23T09:28:31.476000+08:00,3229,SHORT,LOSER,False,False,,,,-3549.0,,-3549.0,0.0,False,False,955.0
T5_NEG0.50R_MFE0.50R,5,-0.5,0.5,20260923-8111-093300,2026-09-23T09:33:05.750000+08:00,8111,LONG,LOSER,False,False,,,,-3684.0,,-3684.0,0.0,False,False,-491.0
T5_NEG0.50R_MFE0.50R,5,-0.5,0.5,20260923-3094-094300,2026-09-23T09:43:05.280000+08:00,3094,LONG,WINNER,True,False,0.7957142857142857,0.8658979417161823,-0.39964520386900904,7874.0,,7874.0,0.0,False,False,10866.0
T5_NEG0.50R_MFE0.50R,5,-0.5,0.5,20260923-4956-095730,2026-09-23T09:57:30.380000+08:00,4956,SHORT,LOSER,True,False,-0.2794285714285714,0.13580821164352158,-0.13580821164350873,-778.0,,-778.0,0.0,False,False,2625.0
T5_NEG0.50R_MFE0.50R,5,-0.5,0.5,20260923-1709-095830,2026-09-23T09:58:30.421000+08:00,1709,SHORT,LOSER,True,False,-0.4542857142857143,0.09076479551259635,-0.317676784294055,-3591.0,,-3591.0,0.0,False,False,-188.0
T5_NEG0.50R_MFE0.50R,5,-0.5,0.5,20260923-2221-100530,2026-09-23T10:05:35.229000+08:00,2221,LONG,WINNER,False,False,,,,3470.0,,3470.0,0.0,False,False,5465.0
T5_NEG0.50R_MFE0.50R,5,-0.5,0.5,20260923-2033-113900,2026-09-23T11:39:02.815000+08:00,2033,SHORT,LOSER,False,False,,,,-1342.0,,-1342.0,0.0,False,False,1660.0
T5_NEG0.50R_MFE0.50R,5,-0.5,0.5,20260923-3605-121730,2026-09-23T12:17:37.884000+08:00,3605,SHORT,WINNER,True,False,-0.4542857142857143,0.0,-0.3403679831722073,1913.0,,1913.0,0.0,False,False,2914.0
T5_NEG0.50R_MFE0.50R,5,-0.5,0.5,20260923-6168-124430,2026-09-23T12:44:42.553000+08:00,6168,SHORT,LOSER,False,False,,,,-1327.0,,-1327.0,0.0,False,False,-526.0
T5_NEG0.50R_MFE0.50R,5,-0.5,0.5,20260923-2409-130930,2026-09-23T13:09:30.012000+08:00,2409,SHORT,LOSER,True,False,-0.23,0.05629369094088628,-0.16888107282264284,-1556.0,,-1556.0,0.0,False,False,-305.0
T5_NEG0.50R_MFE0.50R,5,-0.5,0.5,20260924-2409-090900,2026-09-24T09:09:00.032000+08:00,2409,SHORT,WINNER,True,False,0.6974285714285714,0.676438192151295,-0.28184924672969425,2441.0,,2441.0,0.0,False,False,4693.0
T5_NEG0.50R_MFE0.50R,5,-0.5,0.5,20260924-3605-090900,2026-09-24T09:09:03.562000+08:00,3605,LONG,LOSER,True,False,-0.31,0.11299447795986149,-0.5649723897993074,-585.0,,-585.0,0.0,False,False,2906.0
T5_NEG0.50R_MFE0.50R,5,-0.5,0.5,20260924-2033-091030,2026-09-24T09:10:31.938000+08:00,2033,SHORT,WINNER,False,False,,,,4158.0,,4158.0,0.0,False,False,6410.0
T5_NEG0.50R_MFE0.50R,5,-0.5,0.5,20260924-4956-093400,2026-09-24T09:34:01.454000+08:00,4956,LONG,LOSER,True,True,-0.9697142857142858,0.0,-0.6349213547861113,-3593.0,-3394.0,-3394.0,199.0,False,True,-600.0
T5_NEG0.50R_MFE0.50R,5,-0.5,0.5,20260924-3624-115700,2026-09-24T11:57:00.051000+08:00,3624,LONG,LOSER,True,True,-0.9845714285714285,0.0,-0.6581841357877743,-3945.0,-2946.0,-2946.0,999.0,False,True,-453.0
T5_NEG0.50R_MFE0.50R,5,-0.5,0.5,20260924-6456-131000,2026-09-24T13:10:00.019000+08:00,6456,LONG,LOSER,False,False,-0.5502857142857143,6.342722861865309e-15,-0.3570635539651354,-2126.0,,-2126.0,0.0,False,False,-529.0
T5_NEG0.60R_MFE0.10R,5,-0.6,0.1,20260922-1709-093200,2026-09-22T09:32:00.233000+08:00,1709,SHORT,WINNER,False,False,,,,4442.0,,4442.0,0.0,False,False,6845.0
T5_NEG0.60R_MFE0.10R,5,-0.6,0.1,20260923-3229-092830,2026-09-23T09:28:31.476000+08:00,3229,SHORT,LOSER,False,False,,,,-3549.0,,-3549.0,0.0,False,False,955.0
T5_NEG0.60R_MFE0.10R,5,-0.6,0.1,20260923-8111-093300,2026-09-23T09:33:05.750000+08:00,8111,LONG,LOSER,False,False,,,,-3684.0,,-3684.0,0.0,False,False,-491.0
T5_NEG0.60R_MFE0.10R,5,-0.6,0.1,20260923-3094-094300,2026-09-23T09:43:05.280000+08:00,3094,LONG,WINNER,True,False,0.7957142857142857,0.8658979417161823,-0.39964520386900904,7874.0,,7874.0,0.0,False,False,10866.0
T5_NEG0.60R_MFE0.10R,5,-0.6,0.1,20260923-4956-095730,2026-09-23T09:57:30.380000+08:00,4956,SHORT,LOSER,True,False,-0.2794285714285714,0.13580821164352158,-0.13580821164350873,-778.0,,-778.0,0.0,False,False,2625.0
T5_NEG0.60R_MFE0.10R,5,-0.6,0.1,20260923-1709-095830,2026-09-23T09:58:30.421000+08:00,1709,SHORT,LOSER,True,False,-0.4542857142857143,0.09076479551259635,-0.317676784294055,-3591.0,,-3591.0,0.0,False,False,-188.0
T5_NEG0.60R_MFE0.10R,5,-0.6,0.1,20260923-2221-100530,2026-09-23T10:05:35.229000+08:00,2221,LONG,WINNER,False,False,,,,3470.0,,3470.0,0.0,False,False,5465.0
T5_NEG0.60R_MFE0.10R,5,-0.6,0.1,20260923-2033-113900,2026-09-23T11:39:02.815000+08:00,2033,SHORT,LOSER,False,False,,,,-1342.0,,-1342.0,0.0,False,False,1660.0
T5_NEG0.60R_MFE0.10R,5,-0.6,0.1,20260923-3605-121730,2026-09-23T12:17:37.884000+08:00,3605,SHORT,WINNER,True,False,-0.4542857142857143,0.0,-0.3403679831722073,1913.0,,1913.0,0.0,False,False,2914.0
T5_NEG0.60R_MFE0.10R,5,-0.6,0.1,20260923-6168-124430,2026-09-23T12:44:42.553000+08:00,6168,SHORT,LOSER,False,False,,,,-1327.0,,-1327.0,0.0,False,False,-526.0
T5_NEG0.60R_MFE0.10R,5,-0.6,0.1,20260923-2409-130930,2026-09-23T13:09:30.012000+08:00,2409,SHORT,LOSER,True,False,-0.23,0.05629369094088628,-0.16888107282264284,-1556.0,,-1556.0,0.0,False,False,-305.0
T5_NEG0.60R_MFE0.10R,5,-0.6,0.1,20260924-2409-090900,2026-09-24T09:09:00.032000+08:00,2409,SHORT,WINNER,True,False,0.6974285714285714,0.676438192151295,-0.28184924672969425,2441.0,,2441.0,0.0,False,False,4693.0
T5_NEG0.60R_MFE0.10R,5,-0.6,0.1,20260924-3605-090900,2026-09-24T09:09:03.562000+08:00,3605,LONG,LOSER,True,False,-0.31,0.11299447795986149,-0.5649723897993074,-585.0,,-585.0,0.0,False,False,2906.0
T5_NEG0.60R_MFE0.10R,5,-0.6,0.1,20260924-2033-091030,2026-09-24T09:10:31.938000+08:00,2033,SHORT,WINNER,False,False,,,,4158.0,,4158.0,0.0,False,False,6410.0
T5_NEG0.60R_MFE0.10R,5,-0.6,0.1,20260924-4956-093400,2026-09-24T09:34:01.454000+08:00,4956,LONG,LOSER,True,True,-0.9697142857142858,0.0,-0.6349213547861113,-3593.0,-3394.0,-3394.0,199.0,False,True,-600.0
T5_NEG0.60R_MFE0.10R,5,-0.6,0.1,20260924-3624-115700,2026-09-24T11:57:00.051000+08:00,3624,LONG,LOSER,True,True,-0.9845714285714285,0.0,-0.6581841357877743,-3945.0,-2946.0,-2946.0,999.0,False,True,-453.0
T5_NEG0.60R_MFE0.10R,5,-0.6,0.1,20260924-6456-131000,2026-09-24T13:10:00.019000+08:00,6456,LONG,LOSER,False,False,-0.5502857142857143,6.342722861865309e-15,-0.3570635539651354,-2126.0,,-2126.0,0.0,False,False,-529.0
T5_NEG0.60R_MFE0.20R,5,-0.6,0.2,20260922-1709-093200,2026-09-22T09:32:00.233000+08:00,1709,SHORT,WINNER,False,False,,,,4442.0,,4442.0,0.0,False,False,6845.0
T5_NEG0.60R_MFE0.20R,5,-0.6,0.2,20260923-3229-092830,2026-09-23T09:28:31.476000+08:00,3229,SHORT,LOSER,False,False,,,,-3549.0,,-3549.0,0.0,False,False,955.0
T5_NEG0.60R_MFE0.20R,5,-0.6,0.2,20260923-8111-093300,2026-09-23T09:33:05.750000+08:00,8111,LONG,LOSER,False,False,,,,-3684.0,,-3684.0,0.0,False,False,-491.0
T5_NEG0.60R_MFE0.20R,5,-0.6,0.2,20260923-3094-094300,2026-09-23T09:43:05.280000+08:00,3094,LONG,WINNER,True,False,0.7957142857142857,0.8658979417161823,-0.39964520386900904,7874.0,,7874.0,0.0,False,False,10866.0
T5_NEG0.60R_MFE0.20R,5,-0.6,0.2,20260923-4956-095730,2026-09-23T09:57:30.380000+08:00,4956,SHORT,LOSER,True,False,-0.2794285714285714,0.13580821164352158,-0.13580821164350873,-778.0,,-778.0,0.0,False,False,2625.0
T5_NEG0.60R_MFE0.20R,5,-0.6,0.2,20260923-1709-095830,2026-09-23T09:58:30.421000+08:00,1709,SHORT,LOSER,True,False,-0.4542857142857143,0.09076479551259635,-0.317676784294055,-3591.0,,-3591.0,0.0,False,False,-188.0
T5_NEG0.60R_MFE0.20R,5,-0.6,0.2,20260923-2221-100530,2026-09-23T10:05:35.229000+08:00,2221,LONG,WINNER,False,False,,,,3470.0,,3470.0,0.0,False,False,5465.0
T5_NEG0.60R_MFE0.20R,5,-0.6,0.2,20260923-2033-113900,2026-09-23T11:39:02.815000+08:00,2033,SHORT,LOSER,False,False,,,,-1342.0,,-1342.0,0.0,False,False,1660.0
T5_NEG0.60R_MFE0.20R,5,-0.6,0.2,20260923-3605-121730,2026-09-23T12:17:37.884000+08:00,3605,SHORT,WINNER,True,False,-0.4542857142857143,0.0,-0.3403679831722073,1913.0,,1913.0,0.0,False,False,2914.0
T5_NEG0.60R_MFE0.20R,5,-0.6,0.2,20260923-6168-124430,2026-09-23T12:44:42.553000+08:00,6168,SHORT,LOSER,False,False,,,,-1327.0,,-1327.0,0.0,False,False,-526.0
T5_NEG0.60R_MFE0.20R,5,-0.6,0.2,20260923-2409-130930,2026-09-23T13:09:30.012000+08:00,2409,SHORT,LOSER,True,False,-0.23,0.05629369094088628,-0.16888107282264284,-1556.0,,-1556.0,0.0,False,False,-305.0
T5_NEG0.60R_MFE0.20R,5,-0.6,0.2,20260924-2409-090900,2026-09-24T09:09:00.032000+08:00,2409,SHORT,WINNER,True,False,0.6974285714285714,0.676438192151295,-0.28184924672969425,2441.0,,2441.0,0.0,False,False,4693.0
T5_NEG0.60R_MFE0.20R,5,-0.6,0.2,20260924-3605-090900,2026-09-24T09:09:03.562000+08:00,3605,LONG,LOSER,True,False,-0.31,0.11299447795986149,-0.5649723897993074,-585.0,,-585.0,0.0,False,False,2906.0
T5_NEG0.60R_MFE0.20R,5,-0.6,0.2,20260924-2033-091030,2026-09-24T09:10:31.938000+08:00,2033,SHORT,WINNER,False,False,,,,4158.0,,4158.0,0.0,False,False,6410.0
T5_NEG0.60R_MFE0.20R,5,-0.6,0.2,20260924-4956-093400,2026-09-24T09:34:01.454000+08:00,4956,LONG,LOSER,True,True,-0.9697142857142858,0.0,-0.6349213547861113,-3593.0,-3394.0,-3394.0,199.0,False,True,-600.0
T5_NEG0.60R_MFE0.20R,5,-0.6,0.2,20260924-3624-115700,2026-09-24T11:57:00.051000+08:00,3624,LONG,LOSER,True,True,-0.9845714285714285,0.0,-0.6581841357877743,-3945.0,-2946.0,-2946.0,999.0,False,True,-453.0
T5_NEG0.60R_MFE0.20R,5,-0.6,0.2,20260924-6456-131000,2026-09-24T13:10:00.019000+08:00,6456,LONG,LOSER,False,False,-0.5502857142857143,6.342722861865309e-15,-0.3570635539651354,-2126.0,,-2126.0,0.0,False,False,-529.0
T5_NEG0.60R_MFE0.30R,5,-0.6,0.3,20260922-1709-093200,2026-09-22T09:32:00.233000+08:00,1709,SHORT,WINNER,False,False,,,,4442.0,,4442.0,0.0,False,False,6845.0
T5_NEG0.60R_MFE0.30R,5,-0.6,0.3,20260923-3229-092830,2026-09-23T09:28:31.476000+08:00,3229,SHORT,LOSER,False,False,,,,-3549.0,,-3549.0,0.0,False,False,955.0
T5_NEG0.60R_MFE0.30R,5,-0.6,0.3,20260923-8111-093300,2026-09-23T09:33:05.750000+08:00,8111,LONG,LOSER,False,False,,,,-3684.0,,-3684.0,0.0,False,False,-491.0
T5_NEG0.60R_MFE0.30R,5,-0.6,0.3,20260923-3094-094300,2026-09-23T09:43:05.280000+08:00,3094,LONG,WINNER,True,False,0.7957142857142857,0.8658979417161823,-0.39964520386900904,7874.0,,7874.0,0.0,False,False,10866.0
T5_NEG0.60R_MFE0.30R,5,-0.6,0.3,20260923-4956-095730,2026-09-23T09:57:30.380000+08:00,4956,SHORT,LOSER,True,False,-0.2794285714285714,0.13580821164352158,-0.13580821164350873,-778.0,,-778.0,0.0,False,False,2625.0
T5_NEG0.60R_MFE0.30R,5,-0.6,0.3,20260923-1709-095830,2026-09-23T09:58:30.421000+08:00,1709,SHORT,LOSER,True,False,-0.4542857142857143,0.09076479551259635,-0.317676784294055,-3591.0,,-3591.0,0.0,False,False,-188.0
T5_NEG0.60R_MFE0.30R,5,-0.6,0.3,20260923-2221-100530,2026-09-23T10:05:35.229000+08:00,2221,LONG,WINNER,False,False,,,,3470.0,,3470.0,0.0,False,False,5465.0
T5_NEG0.60R_MFE0.30R,5,-0.6,0.3,20260923-2033-113900,2026-09-23T11:39:02.815000+08:00,2033,SHORT,LOSER,False,False,,,,-1342.0,,-1342.0,0.0,False,False,1660.0
T5_NEG0.60R_MFE0.30R,5,-0.6,0.3,20260923-3605-121730,2026-09-23T12:17:37.884000+08:00,3605,SHORT,WINNER,True,False,-0.4542857142857143,0.0,-0.3403679831722073,1913.0,,1913.0,0.0,False,False,2914.0
T5_NEG0.60R_MFE0.30R,5,-0.6,0.3,20260923-6168-124430,2026-09-23T12:44:42.553000+08:00,6168,SHORT,LOSER,False,False,,,,-1327.0,,-1327.0,0.0,False,False,-526.0
T5_NEG0.60R_MFE0.30R,5,-0.6,0.3,20260923-2409-130930,2026-09-23T13:09:30.012000+08:00,2409,SHORT,LOSER,True,False,-0.23,0.05629369094088628,-0.16888107282264284,-1556.0,,-1556.0,0.0,False,False,-305.0
T5_NEG0.60R_MFE0.30R,5,-0.6,0.3,20260924-2409-090900,2026-09-24T09:09:00.032000+08:00,2409,SHORT,WINNER,True,False,0.6974285714285714,0.676438192151295,-0.28184924672969425,2441.0,,2441.0,0.0,False,False,4693.0
T5_NEG0.60R_MFE0.30R,5,-0.6,0.3,20260924-3605-090900,2026-09-24T09:09:03.562000+08:00,3605,LONG,LOSER,True,False,-0.31,0.11299447795986149,-0.5649723897993074,-585.0,,-585.0,0.0,False,False,2906.0
T5_NEG0.60R_MFE0.30R,5,-0.6,0.3,20260924-2033-091030,2026-09-24T09:10:31.938000+08:00,2033,SHORT,WINNER,False,False,,,,4158.0,,4158.0,0.0,False,False,6410.0
T5_NEG0.60R_MFE0.30R,5,-0.6,0.3,20260924-4956-093400,2026-09-24T09:34:01.454000+08:00,4956,LONG,LOSER,True,True,-0.9697142857142858,0.0,-0.6349213547861113,-3593.0,-3394.0,-3394.0,199.0,False,True,-600.0
T5_NEG0.60R_MFE0.30R,5,-0.6,0.3,20260924-3624-115700,2026-09-24T11:57:00.051000+08:00,3624,LONG,LOSER,True,True,-0.9845714285714285,0.0,-0.6581841357877743,-3945.0,-2946.0,-2946.0,999.0,False,True,-453.0
T5_NEG0.60R_MFE0.30R,5,-0.6,0.3,20260924-6456-131000,2026-09-24T13:10:00.019000+08:00,6456,LONG,LOSER,False,False,-0.5502857142857143,6.342722861865309e-15,-0.3570635539651354,-2126.0,,-2126.0,0.0,False,False,-529.0
T5_NEG0.60R_MFE0.40R,5,-0.6,0.4,20260922-1709-093200,2026-09-22T09:32:00.233000+08:00,1709,SHORT,WINNER,False,False,,,,4442.0,,4442.0,0.0,False,False,6845.0
T5_NEG0.60R_MFE0.40R,5,-0.6,0.4,20260923-3229-092830,2026-09-23T09:28:31.476000+08:00,3229,SHORT,LOSER,False,False,,,,-3549.0,,-3549.0,0.0,False,False,955.0
T5_NEG0.60R_MFE0.40R,5,-0.6,0.4,20260923-8111-093300,2026-09-23T09:33:05.750000+08:00,8111,LONG,LOSER,False,False,,,,-3684.0,,-3684.0,0.0,False,False,-491.0
T5_NEG0.60R_MFE0.40R,5,-0.6,0.4,20260923-3094-094300,2026-09-23T09:43:05.280000+08:00,3094,LONG,WINNER,True,False,0.7957142857142857,0.8658979417161823,-0.39964520386900904,7874.0,,7874.0,0.0,False,False,10866.0
T5_NEG0.60R_MFE0.40R,5,-0.6,0.4,20260923-4956-095730,2026-09-23T09:57:30.380000+08:00,4956,SHORT,LOSER,True,False,-0.2794285714285714,0.13580821164352158,-0.13580821164350873,-778.0,,-778.0,0.0,False,False,2625.0
T5_NEG0.60R_MFE0.40R,5,-0.6,0.4,20260923-1709-095830,2026-09-23T09:58:30.421000+08:00,1709,SHORT,LOSER,True,False,-0.4542857142857143,0.09076479551259635,-0.317676784294055,-3591.0,,-3591.0,0.0,False,False,-188.0
T5_NEG0.60R_MFE0.40R,5,-0.6,0.4,20260923-2221-100530,2026-09-23T10:05:35.229000+08:00,2221,LONG,WINNER,False,False,,,,3470.0,,3470.0,0.0,False,False,5465.0
T5_NEG0.60R_MFE0.40R,5,-0.6,0.4,20260923-2033-113900,2026-09-23T11:39:02.815000+08:00,2033,SHORT,LOSER,False,False,,,,-1342.0,,-1342.0,0.0,False,False,1660.0
T5_NEG0.60R_MFE0.40R,5,-0.6,0.4,20260923-3605-121730,2026-09-23T12:17:37.884000+08:00,3605,SHORT,WINNER,True,False,-0.4542857142857143,0.0,-0.3403679831722073,1913.0,,1913.0,0.0,False,False,2914.0
T5_NEG0.60R_MFE0.40R,5,-0.6,0.4,20260923-6168-124430,2026-09-23T12:44:42.553000+08:00,6168,SHORT,LOSER,False,False,,,,-1327.0,,-1327.0,0.0,False,False,-526.0
T5_NEG0.60R_MFE0.40R,5,-0.6,0.4,20260923-2409-130930,2026-09-23T13:09:30.012000+08:00,2409,SHORT,LOSER,True,False,-0.23,0.05629369094088628,-0.16888107282264284,-1556.0,,-1556.0,0.0,False,False,-305.0
T5_NEG0.60R_MFE0.40R,5,-0.6,0.4,20260924-2409-090900,2026-09-24T09:09:00.032000+08:00,2409,SHORT,WINNER,True,False,0.6974285714285714,0.676438192151295,-0.28184924672969425,2441.0,,2441.0,0.0,False,False,4693.0
T5_NEG0.60R_MFE0.40R,5,-0.6,0.4,20260924-3605-090900,2026-09-24T09:09:03.562000+08:00,3605,LONG,LOSER,True,False,-0.31,0.11299447795986149,-0.5649723897993074,-585.0,,-585.0,0.0,False,False,2906.0
T5_NEG0.60R_MFE0.40R,5,-0.6,0.4,20260924-2033-091030,2026-09-24T09:10:31.938000+08:00,2033,SHORT,WINNER,False,False,,,,4158.0,,4158.0,0.0,False,False,6410.0
T5_NEG0.60R_MFE0.40R,5,-0.6,0.4,20260924-4956-093400,2026-09-24T09:34:01.454000+08:00,4956,LONG,LOSER,True,True,-0.9697142857142858,0.0,-0.6349213547861113,-3593.0,-3394.0,-3394.0,199.0,False,True,-600.0
T5_NEG0.60R_MFE0.40R,5,-0.6,0.4,20260924-3624-115700,2026-09-24T11:57:00.051000+08:00,3624,LONG,LOSER,True,True,-0.9845714285714285,0.0,-0.6581841357877743,-3945.0,-2946.0,-2946.0,999.0,False,True,-453.0
T5_NEG0.60R_MFE0.40R,5,-0.6,0.4,20260924-6456-131000,2026-09-24T13:10:00.019000+08:00,6456,LONG,LOSER,False,False,-0.5502857142857143,6.342722861865309e-15,-0.3570635539651354,-2126.0,,-2126.0,0.0,False,False,-529.0
T5_NEG0.60R_MFE0.50R,5,-0.6,0.5,20260922-1709-093200,2026-09-22T09:32:00.233000+08:00,1709,SHORT,WINNER,False,False,,,,4442.0,,4442.0,0.0,False,False,6845.0
T5_NEG0.60R_MFE0.50R,5,-0.6,0.5,20260923-3229-092830,2026-09-23T09:28:31.476000+08:00,3229,SHORT,LOSER,False,False,,,,-3549.0,,-3549.0,0.0,False,False,955.0
T5_NEG0.60R_MFE0.50R,5,-0.6,0.5,20260923-8111-093300,2026-09-23T09:33:05.750000+08:00,8111,LONG,LOSER,False,False,,,,-3684.0,,-3684.0,0.0,False,False,-491.0
T5_NEG0.60R_MFE0.50R,5,-0.6,0.5,20260923-3094-094300,2026-09-23T09:43:05.280000+08:00,3094,LONG,WINNER,True,False,0.7957142857142857,0.8658979417161823,-0.39964520386900904,7874.0,,7874.0,0.0,False,False,10866.0
T5_NEG0.60R_MFE0.50R,5,-0.6,0.5,20260923-4956-095730,2026-09-23T09:57:30.380000+08:00,4956,SHORT,LOSER,True,False,-0.2794285714285714,0.13580821164352158,-0.13580821164350873,-778.0,,-778.0,0.0,False,False,2625.0
T5_NEG0.60R_MFE0.50R,5,-0.6,0.5,20260923-1709-095830,2026-09-23T09:58:30.421000+08:00,1709,SHORT,LOSER,True,False,-0.4542857142857143,0.09076479551259635,-0.317676784294055,-3591.0,,-3591.0,0.0,False,False,-188.0
T5_NEG0.60R_MFE0.50R,5,-0.6,0.5,20260923-2221-100530,2026-09-23T10:05:35.229000+08:00,2221,LONG,WINNER,False,False,,,,3470.0,,3470.0,0.0,False,False,5465.0
T5_NEG0.60R_MFE0.50R,5,-0.6,0.5,20260923-2033-113900,2026-09-23T11:39:02.815000+08:00,2033,SHORT,LOSER,False,False,,,,-1342.0,,-1342.0,0.0,False,False,1660.0
T5_NEG0.60R_MFE0.50R,5,-0.6,0.5,20260923-3605-121730,2026-09-23T12:17:37.884000+08:00,3605,SHORT,WINNER,True,False,-0.4542857142857143,0.0,-0.3403679831722073,1913.0,,1913.0,0.0,False,False,2914.0
T5_NEG0.60R_MFE0.50R,5,-0.6,0.5,20260923-6168-124430,2026-09-23T12:44:42.553000+08:00,6168,SHORT,LOSER,False,False,,,,-1327.0,,-1327.0,0.0,False,False,-526.0
T5_NEG0.60R_MFE0.50R,5,-0.6,0.5,20260923-2409-130930,2026-09-23T13:09:30.012000+08:00,2409,SHORT,LOSER,True,False,-0.23,0.05629369094088628,-0.16888107282264284,-1556.0,,-1556.0,0.0,False,False,-305.0
T5_NEG0.60R_MFE0.50R,5,-0.6,0.5,20260924-2409-090900,2026-09-24T09:09:00.032000+08:00,2409,SHORT,WINNER,True,False,0.6974285714285714,0.676438192151295,-0.28184924672969425,2441.0,,2441.0,0.0,False,False,4693.0
T5_NEG0.60R_MFE0.50R,5,-0.6,0.5,20260924-3605-090900,2026-09-24T09:09:03.562000+08:00,3605,LONG,LOSER,True,False,-0.31,0.11299447795986149,-0.5649723897993074,-585.0,,-585.0,0.0,False,False,2906.0
T5_NEG0.60R_MFE0.50R,5,-0.6,0.5,20260924-2033-091030,2026-09-24T09:10:31.938000+08:00,2033,SHORT,WINNER,False,False,,,,4158.0,,4158.0,0.0,False,False,6410.0
T5_NEG0.60R_MFE0.50R,5,-0.6,0.5,20260924-4956-093400,2026-09-24T09:34:01.454000+08:00,4956,LONG,LOSER,True,True,-0.9697142857142858,0.0,-0.6349213547861113,-3593.0,-3394.0,-3394.0,199.0,False,True,-600.0
T5_NEG0.60R_MFE0.50R,5,-0.6,0.5,20260924-3624-115700,2026-09-24T11:57:00.051000+08:00,3624,LONG,LOSER,True,True,-0.9845714285714285,0.0,-0.6581841357877743,-3945.0,-2946.0,-2946.0,999.0,False,True,-453.0
T5_NEG0.60R_MFE0.50R,5,-0.6,0.5,20260924-6456-131000,2026-09-24T13:10:00.019000+08:00,6456,LONG,LOSER,False,False,-0.5502857142857143,6.342722861865309e-15,-0.3570635539651354,-2126.0,,-2126.0,0.0,False,False,-529.0
T10_NEG0.20R_MFE0.10R,10,-0.2,0.1,20260922-1709-093200,2026-09-22T09:32:00.233000+08:00,1709,SHORT,WINNER,False,False,,,,4442.0,,4442.0,0.0,False,False,6845.0
T10_NEG0.20R_MFE0.10R,10,-0.2,0.1,20260923-3229-092830,2026-09-23T09:28:31.476000+08:00,3229,SHORT,LOSER,False,False,-0.242,0.0,-0.47191064259623017,-3549.0,,-3549.0,0.0,False,False,955.0
T10_NEG0.20R_MFE0.10R,10,-0.2,0.1,20260923-8111-093300,2026-09-23T09:33:05.750000+08:00,8111,LONG,LOSER,True,True,-0.5394285714285715,0.0,-0.4425762807880903,-3684.0,-1888.0,-1888.0,1796.0,False,True,-491.0
T10_NEG0.20R_MFE0.10R,10,-0.2,0.1,20260923-3094-094300,2026-09-23T09:43:05.280000+08:00,3094,LONG,WINNER,True,False,1.0522857142857143,1.1989356116070222,-0.39964520386900904,7874.0,,7874.0,0.0,False,False,10866.0
T10_NEG0.20R_MFE0.10R,10,-0.2,0.1,20260923-4956-095730,2026-09-23T09:57:30.380000+08:00,4956,SHORT,LOSER,False,False,,,,-778.0,,-778.0,0.0,False,False,2625.0
T10_NEG0.20R_MFE0.10R,10,-0.2,0.1,20260923-1709-095830,2026-09-23T09:58:30.421000+08:00,1709,SHORT,LOSER,False,False,-1.026,0.09076479551259635,-0.7261183641007063,-3591.0,,-3591.0,0.0,False,False,-188.0
T10_NEG0.20R_MFE0.10R,10,-0.2,0.1,20260923-2221-100530,2026-09-23T10:05:35.229000+08:00,2221,LONG,WINNER,True,True,-0.29114285714285715,0.0,-0.5567934930885197,3470.0,-1019.0,-1019.0,-4489.0,True,False,5465.0
T10_NEG0.20R_MFE0.10R,10,-0.2,0.1,20260923-2033-113900,2026-09-23T11:39:02.815000+08:00,2033,SHORT,LOSER,False,False,,,,-1342.0,,-1342.0,0.0,False,False,1660.0
T10_NEG0.20R_MFE0.10R,10,-0.2,0.1,20260923-3605-121730,2026-09-23T12:17:37.884000+08:00,3605,SHORT,WINNER,True,False,-0.1682857142857143,0.0,-0.3403679831722073,1913.0,,1913.0,0.0,False,False,2914.0
T10_NEG0.20R_MFE0.10R,10,-0.2,0.1,20260923-6168-124430,2026-09-23T12:44:42.553000+08:00,6168,SHORT,LOSER,True,True,-0.608,0.0,-0.3579422348347038,-1327.0,-1928.0,-1928.0,-601.0,False,True,-526.0
T10_NEG0.20R_MFE0.10R,10,-0.2,0.1,20260923-2409-130930,2026-09-23T13:09:30.012000+08:00,2409,SHORT,LOSER,True,True,-0.44457142857142856,0.05629369094088628,-0.2814684547044074,-1556.0,-1556.0,-1556.0,0.0,False,True,-305.0
T10_NEG0.20R_MFE0.10R,10,-0.2,0.1,20260924-2409-090900,2026-09-24T09:09:00.032000+08:00,2409,SHORT,WINNER,True,False,0.8402857142857143,1.127396986918817,-0.28184924672969425,2441.0,,2441.0,0.0,False,False,4693.0
T10_NEG0.20R_MFE0.10R,10,-0.2,0.1,20260924-3605-090900,2026-09-24T09:09:03.562000+08:00,3605,LONG,LOSER,True,False,-0.31,0.11299447795986149,-0.5649723897993074,-585.0,,-585.0,0.0,False,False,2906.0
T10_NEG0.20R_MFE0.10R,10,-0.2,0.1,20260924-2033-091030,2026-09-24T09:10:31.938000+08:00,2033,SHORT,WINNER,False,False,,,,4158.0,,4158.0,0.0,False,False,6410.0
T10_NEG0.20R_MFE0.10R,10,-0.2,0.1,20260924-4956-093400,2026-09-24T09:34:01.454000+08:00,4956,LONG,LOSER,False,False,-1.1405714285714286,0.0,-0.7709759308117061,-3593.0,,-3593.0,0.0,False,False,-600.0
T10_NEG0.20R_MFE0.10R,10,-0.2,0.1,20260924-3624-115700,2026-09-24T11:57:00.051000+08:00,3624,LONG,LOSER,False,False,-0.6994285714285714,0.0,-0.6581841357877743,-3945.0,,-3945.0,0.0,False,False,-453.0
T10_NEG0.20R_MFE0.10R,10,-0.2,0.1,20260924-6456-131000,2026-09-24T13:10:00.019000+08:00,6456,LONG,LOSER,False,False,-0.6074285714285714,6.342722861865309e-15,-0.5355953309477,-2126.0,,-2126.0,0.0,False,False,-529.0
T10_NEG0.20R_MFE0.20R,10,-0.2,0.2,20260922-1709-093200,2026-09-22T09:32:00.233000+08:00,1709,SHORT,WINNER,False,False,,,,4442.0,,4442.0,0.0,False,False,6845.0
T10_NEG0.20R_MFE0.20R,10,-0.2,0.2,20260923-3229-092830,2026-09-23T09:28:31.476000+08:00,3229,SHORT,LOSER,False,False,-0.242,0.0,-0.47191064259623017,-3549.0,,-3549.0,0.0,False,False,955.0
T10_NEG0.20R_MFE0.20R,10,-0.2,0.2,20260923-8111-093300,2026-09-23T09:33:05.750000+08:00,8111,LONG,LOSER,True,True,-0.5394285714285715,0.0,-0.4425762807880903,-3684.0,-1888.0,-1888.0,1796.0,False,True,-491.0
T10_NEG0.20R_MFE0.20R,10,-0.2,0.2,20260923-3094-094300,2026-09-23T09:43:05.280000+08:00,3094,LONG,WINNER,True,False,1.0522857142857143,1.1989356116070222,-0.39964520386900904,7874.0,,7874.0,0.0,False,False,10866.0
T10_NEG0.20R_MFE0.20R,10,-0.2,0.2,20260923-4956-095730,2026-09-23T09:57:30.380000+08:00,4956,SHORT,LOSER,False,False,,,,-778.0,,-778.0,0.0,False,False,2625.0
T10_NEG0.20R_MFE0.20R,10,-0.2,0.2,20260923-1709-095830,2026-09-23T09:58:30.421000+08:00,1709,SHORT,LOSER,False,False,-1.026,0.09076479551259635,-0.7261183641007063,-3591.0,,-3591.0,0.0,False,False,-188.0
T10_NEG0.20R_MFE0.20R,10,-0.2,0.2,20260923-2221-100530,2026-09-23T10:05:35.229000+08:00,2221,LONG,WINNER,True,True,-0.29114285714285715,0.0,-0.5567934930885197,3470.0,-1019.0,-1019.0,-4489.0,True,False,5465.0
T10_NEG0.20R_MFE0.20R,10,-0.2,0.2,20260923-2033-113900,2026-09-23T11:39:02.815000+08:00,2033,SHORT,LOSER,False,False,,,,-1342.0,,-1342.0,0.0,False,False,1660.0
T10_NEG0.20R_MFE0.20R,10,-0.2,0.2,20260923-3605-121730,2026-09-23T12:17:37.884000+08:00,3605,SHORT,WINNER,True,False,-0.1682857142857143,0.0,-0.3403679831722073,1913.0,,1913.0,0.0,False,False,2914.0
T10_NEG0.20R_MFE0.20R,10,-0.2,0.2,20260923-6168-124430,2026-09-23T12:44:42.553000+08:00,6168,SHORT,LOSER,True,True,-0.608,0.0,-0.3579422348347038,-1327.0,-1928.0,-1928.0,-601.0,False,True,-526.0
T10_NEG0.20R_MFE0.20R,10,-0.2,0.2,20260923-2409-130930,2026-09-23T13:09:30.012000+08:00,2409,SHORT,LOSER,True,True,-0.44457142857142856,0.05629369094088628,-0.2814684547044074,-1556.0,-1556.0,-1556.0,0.0,False,True,-305.0
T10_NEG0.20R_MFE0.20R,10,-0.2,0.2,20260924-2409-090900,2026-09-24T09:09:00.032000+08:00,2409,SHORT,WINNER,True,False,0.8402857142857143,1.127396986918817,-0.28184924672969425,2441.0,,2441.0,0.0,False,False,4693.0
T10_NEG0.20R_MFE0.20R,10,-0.2,0.2,20260924-3605-090900,2026-09-24T09:09:03.562000+08:00,3605,LONG,LOSER,True,True,-0.31,0.11299447795986149,-0.5649723897993074,-585.0,-1085.0,-1085.0,-500.0,False,True,2906.0
T10_NEG0.20R_MFE0.20R,10,-0.2,0.2,20260924-2033-091030,2026-09-24T09:10:31.938000+08:00,2033,SHORT,WINNER,False,False,,,,4158.0,,4158.0,0.0,False,False,6410.0
T10_NEG0.20R_MFE0.20R,10,-0.2,0.2,20260924-4956-093400,2026-09-24T09:34:01.454000+08:00,4956,LONG,LOSER,False,False,-1.1405714285714286,0.0,-0.7709759308117061,-3593.0,,-3593.0,0.0,False,False,-600.0
T10_NEG0.20R_MFE0.20R,10,-0.2,0.2,20260924-3624-115700,2026-09-24T11:57:00.051000+08:00,3624,LONG,LOSER,False,False,-0.6994285714285714,0.0,-0.6581841357877743,-3945.0,,-3945.0,0.0,False,False,-453.0
T10_NEG0.20R_MFE0.20R,10,-0.2,0.2,20260924-6456-131000,2026-09-24T13:10:00.019000+08:00,6456,LONG,LOSER,False,False,-0.6074285714285714,6.342722861865309e-15,-0.5355953309477,-2126.0,,-2126.0,0.0,False,False,-529.0
T10_NEG0.20R_MFE0.30R,10,-0.2,0.3,20260922-1709-093200,2026-09-22T09:32:00.233000+08:00,1709,SHORT,WINNER,False,False,,,,4442.0,,4442.0,0.0,False,False,6845.0
T10_NEG0.20R_MFE0.30R,10,-0.2,0.3,20260923-3229-092830,2026-09-23T09:28:31.476000+08:00,3229,SHORT,LOSER,False,False,-0.242,0.0,-0.47191064259623017,-3549.0,,-3549.0,0.0,False,False,955.0
T10_NEG0.20R_MFE0.30R,10,-0.2,0.3,20260923-8111-093300,2026-09-23T09:33:05.750000+08:00,8111,LONG,LOSER,True,True,-0.5394285714285715,0.0,-0.4425762807880903,-3684.0,-1888.0,-1888.0,1796.0,False,True,-491.0
T10_NEG0.20R_MFE0.30R,10,-0.2,0.3,20260923-3094-094300,2026-09-23T09:43:05.280000+08:00,3094,LONG,WINNER,True,False,1.0522857142857143,1.1989356116070222,-0.39964520386900904,7874.0,,7874.0,0.0,False,False,10866.0
T10_NEG0.20R_MFE0.30R,10,-0.2,0.3,20260923-4956-095730,2026-09-23T09:57:30.380000+08:00,4956,SHORT,LOSER,False,False,,,,-778.0,,-778.0,0.0,False,False,2625.0
T10_NEG0.20R_MFE0.30R,10,-0.2,0.3,20260923-1709-095830,2026-09-23T09:58:30.421000+08:00,1709,SHORT,LOSER,False,False,-1.026,0.09076479551259635,-0.7261183641007063,-3591.0,,-3591.0,0.0,False,False,-188.0
T10_NEG0.20R_MFE0.30R,10,-0.2,0.3,20260923-2221-100530,2026-09-23T10:05:35.229000+08:00,2221,LONG,WINNER,True,True,-0.29114285714285715,0.0,-0.5567934930885197,3470.0,-1019.0,-1019.0,-4489.0,True,False,5465.0
T10_NEG0.20R_MFE0.30R,10,-0.2,0.3,20260923-2033-113900,2026-09-23T11:39:02.815000+08:00,2033,SHORT,LOSER,False,False,,,,-1342.0,,-1342.0,0.0,False,False,1660.0
T10_NEG0.20R_MFE0.30R,10,-0.2,0.3,20260923-3605-121730,2026-09-23T12:17:37.884000+08:00,3605,SHORT,WINNER,True,False,-0.1682857142857143,0.0,-0.3403679831722073,1913.0,,1913.0,0.0,False,False,2914.0
T10_NEG0.20R_MFE0.30R,10,-0.2,0.3,20260923-6168-124430,2026-09-23T12:44:42.553000+08:00,6168,SHORT,LOSER,True,True,-0.608,0.0,-0.3579422348347038,-1327.0,-1928.0,-1928.0,-601.0,False,True,-526.0
T10_NEG0.20R_MFE0.30R,10,-0.2,0.3,20260923-2409-130930,2026-09-23T13:09:30.012000+08:00,2409,SHORT,LOSER,True,True,-0.44457142857142856,0.05629369094088628,-0.2814684547044074,-1556.0,-1556.0,-1556.0,0.0,False,True,-305.0
T10_NEG0.20R_MFE0.30R,10,-0.2,0.3,20260924-2409-090900,2026-09-24T09:09:00.032000+08:00,2409,SHORT,WINNER,True,False,0.8402857142857143,1.127396986918817,-0.28184924672969425,2441.0,,2441.0,0.0,False,False,4693.0
T10_NEG0.20R_MFE0.30R,10,-0.2,0.3,20260924-3605-090900,2026-09-24T09:09:03.562000+08:00,3605,LONG,LOSER,True,True,-0.31,0.11299447795986149,-0.5649723897993074,-585.0,-1085.0,-1085.0,-500.0,False,True,2906.0
T10_NEG0.20R_MFE0.30R,10,-0.2,0.3,20260924-2033-091030,2026-09-24T09:10:31.938000+08:00,2033,SHORT,WINNER,False,False,,,,4158.0,,4158.0,0.0,False,False,6410.0
T10_NEG0.20R_MFE0.30R,10,-0.2,0.3,20260924-4956-093400,2026-09-24T09:34:01.454000+08:00,4956,LONG,LOSER,False,False,-1.1405714285714286,0.0,-0.7709759308117061,-3593.0,,-3593.0,0.0,False,False,-600.0
T10_NEG0.20R_MFE0.30R,10,-0.2,0.3,20260924-3624-115700,2026-09-24T11:57:00.051000+08:00,3624,LONG,LOSER,False,False,-0.6994285714285714,0.0,-0.6581841357877743,-3945.0,,-3945.0,0.0,False,False,-453.0
T10_NEG0.20R_MFE0.30R,10,-0.2,0.3,20260924-6456-131000,2026-09-24T13:10:00.019000+08:00,6456,LONG,LOSER,False,False,-0.6074285714285714,6.342722861865309e-15,-0.5355953309477,-2126.0,,-2126.0,0.0,False,False,-529.0
T10_NEG0.20R_MFE0.40R,10,-0.2,0.4,20260922-1709-093200,2026-09-22T09:32:00.233000+08:00,1709,SHORT,WINNER,False,False,,,,4442.0,,4442.0,0.0,False,False,6845.0
T10_NEG0.20R_MFE0.40R,10,-0.2,0.4,20260923-3229-092830,2026-09-23T09:28:31.476000+08:00,3229,SHORT,LOSER,False,False,-0.242,0.0,-0.47191064259623017,-3549.0,,-3549.0,0.0,False,False,955.0
T10_NEG0.20R_MFE0.40R,10,-0.2,0.4,20260923-8111-093300,2026-09-23T09:33:05.750000+08:00,8111,LONG,LOSER,True,True,-0.5394285714285715,0.0,-0.4425762807880903,-3684.0,-1888.0,-1888.0,1796.0,False,True,-491.0
T10_NEG0.20R_MFE0.40R,10,-0.2,0.4,20260923-3094-094300,2026-09-23T09:43:05.280000+08:00,3094,LONG,WINNER,True,False,1.0522857142857143,1.1989356116070222,-0.39964520386900904,7874.0,,7874.0,0.0,False,False,10866.0
T10_NEG0.20R_MFE0.40R,10,-0.2,0.4,20260923-4956-095730,2026-09-23T09:57:30.380000+08:00,4956,SHORT,LOSER,False,False,,,,-778.0,,-778.0,0.0,False,False,2625.0
T10_NEG0.20R_MFE0.40R,10,-0.2,0.4,20260923-1709-095830,2026-09-23T09:58:30.421000+08:00,1709,SHORT,LOSER,False,False,-1.026,0.09076479551259635,-0.7261183641007063,-3591.0,,-3591.0,0.0,False,False,-188.0
T10_NEG0.20R_MFE0.40R,10,-0.2,0.4,20260923-2221-100530,2026-09-23T10:05:35.229000+08:00,2221,LONG,WINNER,True,True,-0.29114285714285715,0.0,-0.5567934930885197,3470.0,-1019.0,-1019.0,-4489.0,True,False,5465.0
T10_NEG0.20R_MFE0.40R,10,-0.2,0.4,20260923-2033-113900,2026-09-23T11:39:02.815000+08:00,2033,SHORT,LOSER,False,False,,,,-1342.0,,-1342.0,0.0,False,False,1660.0
T10_NEG0.20R_MFE0.40R,10,-0.2,0.4,20260923-3605-121730,2026-09-23T12:17:37.884000+08:00,3605,SHORT,WINNER,True,False,-0.1682857142857143,0.0,-0.3403679831722073,1913.0,,1913.0,0.0,False,False,2914.0
T10_NEG0.20R_MFE0.40R,10,-0.2,0.4,20260923-6168-124430,2026-09-23T12:44:42.553000+08:00,6168,SHORT,LOSER,True,True,-0.608,0.0,-0.3579422348347038,-1327.0,-1928.0,-1928.0,-601.0,False,True,-526.0
T10_NEG0.20R_MFE0.40R,10,-0.2,0.4,20260923-2409-130930,2026-09-23T13:09:30.012000+08:00,2409,SHORT,LOSER,True,True,-0.44457142857142856,0.05629369094088628,-0.2814684547044074,-1556.0,-1556.0,-1556.0,0.0,False,True,-305.0
T10_NEG0.20R_MFE0.40R,10,-0.2,0.4,20260924-2409-090900,2026-09-24T09:09:00.032000+08:00,2409,SHORT,WINNER,True,False,0.8402857142857143,1.127396986918817,-0.28184924672969425,2441.0,,2441.0,0.0,False,False,4693.0
T10_NEG0.20R_MFE0.40R,10,-0.2,0.4,20260924-3605-090900,2026-09-24T09:09:03.562000+08:00,3605,LONG,LOSER,True,True,-0.31,0.11299447795986149,-0.5649723897993074,-585.0,-1085.0,-1085.0,-500.0,False,True,2906.0
T10_NEG0.20R_MFE0.40R,10,-0.2,0.4,20260924-2033-091030,2026-09-24T09:10:31.938000+08:00,2033,SHORT,WINNER,False,False,,,,4158.0,,4158.0,0.0,False,False,6410.0
T10_NEG0.20R_MFE0.40R,10,-0.2,0.4,20260924-4956-093400,2026-09-24T09:34:01.454000+08:00,4956,LONG,LOSER,False,False,-1.1405714285714286,0.0,-0.7709759308117061,-3593.0,,-3593.0,0.0,False,False,-600.0
T10_NEG0.20R_MFE0.40R,10,-0.2,0.4,20260924-3624-115700,2026-09-24T11:57:00.051000+08:00,3624,LONG,LOSER,False,False,-0.6994285714285714,0.0,-0.6581841357877743,-3945.0,,-3945.0,0.0,False,False,-453.0
T10_NEG0.20R_MFE0.40R,10,-0.2,0.4,20260924-6456-131000,2026-09-24T13:10:00.019000+08:00,6456,LONG,LOSER,False,False,-0.6074285714285714,6.342722861865309e-15,-0.5355953309477,-2126.0,,-2126.0,0.0,False,False,-529.0
T10_NEG0.20R_MFE0.50R,10,-0.2,0.5,20260922-1709-093200,2026-09-22T09:32:00.233000+08:00,1709,SHORT,WINNER,False,False,,,,4442.0,,4442.0,0.0,False,False,6845.0
T10_NEG0.20R_MFE0.50R,10,-0.2,0.5,20260923-3229-092830,2026-09-23T09:28:31.476000+08:00,3229,SHORT,LOSER,False,False,-0.242,0.0,-0.47191064259623017,-3549.0,,-3549.0,0.0,False,False,955.0
T10_NEG0.20R_MFE0.50R,10,-0.2,0.5,20260923-8111-093300,2026-09-23T09:33:05.750000+08:00,8111,LONG,LOSER,True,True,-0.5394285714285715,0.0,-0.4425762807880903,-3684.0,-1888.0,-1888.0,1796.0,False,True,-491.0
T10_NEG0.20R_MFE0.50R,10,-0.2,0.5,20260923-3094-094300,2026-09-23T09:43:05.280000+08:00,3094,LONG,WINNER,True,False,1.0522857142857143,1.1989356116070222,-0.39964520386900904,7874.0,,7874.0,0.0,False,False,10866.0
T10_NEG0.20R_MFE0.50R,10,-0.2,0.5,20260923-4956-095730,2026-09-23T09:57:30.380000+08:00,4956,SHORT,LOSER,False,False,,,,-778.0,,-778.0,0.0,False,False,2625.0
T10_NEG0.20R_MFE0.50R,10,-0.2,0.5,20260923-1709-095830,2026-09-23T09:58:30.421000+08:00,1709,SHORT,LOSER,False,False,-1.026,0.09076479551259635,-0.7261183641007063,-3591.0,,-3591.0,0.0,False,False,-188.0
T10_NEG0.20R_MFE0.50R,10,-0.2,0.5,20260923-2221-100530,2026-09-23T10:05:35.229000+08:00,2221,LONG,WINNER,True,True,-0.29114285714285715,0.0,-0.5567934930885197,3470.0,-1019.0,-1019.0,-4489.0,True,False,5465.0
T10_NEG0.20R_MFE0.50R,10,-0.2,0.5,20260923-2033-113900,2026-09-23T11:39:02.815000+08:00,2033,SHORT,LOSER,False,False,,,,-1342.0,,-1342.0,0.0,False,False,1660.0
T10_NEG0.20R_MFE0.50R,10,-0.2,0.5,20260923-3605-121730,2026-09-23T12:17:37.884000+08:00,3605,SHORT,WINNER,True,False,-0.1682857142857143,0.0,-0.3403679831722073,1913.0,,1913.0,0.0,False,False,2914.0
T10_NEG0.20R_MFE0.50R,10,-0.2,0.5,20260923-6168-124430,2026-09-23T12:44:42.553000+08:00,6168,SHORT,LOSER,True,True,-0.608,0.0,-0.3579422348347038,-1327.0,-1928.0,-1928.0,-601.0,False,True,-526.0
T10_NEG0.20R_MFE0.50R,10,-0.2,0.5,20260923-2409-130930,2026-09-23T13:09:30.012000+08:00,2409,SHORT,LOSER,True,True,-0.44457142857142856,0.05629369094088628,-0.2814684547044074,-1556.0,-1556.0,-1556.0,0.0,False,True,-305.0
T10_NEG0.20R_MFE0.50R,10,-0.2,0.5,20260924-2409-090900,2026-09-24T09:09:00.032000+08:00,2409,SHORT,WINNER,True,False,0.8402857142857143,1.127396986918817,-0.28184924672969425,2441.0,,2441.0,0.0,False,False,4693.0
T10_NEG0.20R_MFE0.50R,10,-0.2,0.5,20260924-3605-090900,2026-09-24T09:09:03.562000+08:00,3605,LONG,LOSER,True,True,-0.31,0.11299447795986149,-0.5649723897993074,-585.0,-1085.0,-1085.0,-500.0,False,True,2906.0
T10_NEG0.20R_MFE0.50R,10,-0.2,0.5,20260924-2033-091030,2026-09-24T09:10:31.938000+08:00,2033,SHORT,WINNER,False,False,,,,4158.0,,4158.0,0.0,False,False,6410.0
T10_NEG0.20R_MFE0.50R,10,-0.2,0.5,20260924-4956-093400,2026-09-24T09:34:01.454000+08:00,4956,LONG,LOSER,False,False,-1.1405714285714286,0.0,-0.7709759308117061,-3593.0,,-3593.0,0.0,False,False,-600.0
T10_NEG0.20R_MFE0.50R,10,-0.2,0.5,20260924-3624-115700,2026-09-24T11:57:00.051000+08:00,3624,LONG,LOSER,False,False,-0.6994285714285714,0.0,-0.6581841357877743,-3945.0,,-3945.0,0.0,False,False,-453.0
T10_NEG0.20R_MFE0.50R,10,-0.2,0.5,20260924-6456-131000,2026-09-24T13:10:00.019000+08:00,6456,LONG,LOSER,False,False,-0.6074285714285714,6.342722861865309e-15,-0.5355953309477,-2126.0,,-2126.0,0.0,False,False,-529.0
T10_NEG0.30R_MFE0.10R,10,-0.3,0.1,20260922-1709-093200,2026-09-22T09:32:00.233000+08:00,1709,SHORT,WINNER,False,False,,,,4442.0,,4442.0,0.0,False,False,6845.0
T10_NEG0.30R_MFE0.10R,10,-0.3,0.1,20260923-3229-092830,2026-09-23T09:28:31.476000+08:00,3229,SHORT,LOSER,False,False,-0.242,0.0,-0.47191064259623017,-3549.0,,-3549.0,0.0,False,False,955.0
T10_NEG0.30R_MFE0.10R,10,-0.3,0.1,20260923-8111-093300,2026-09-23T09:33:05.750000+08:00,8111,LONG,LOSER,True,True,-0.5394285714285715,0.0,-0.4425762807880903,-3684.0,-1888.0,-1888.0,1796.0,False,True,-491.0
T10_NEG0.30R_MFE0.10R,10,-0.3,0.1,20260923-3094-094300,2026-09-23T09:43:05.280000+08:00,3094,LONG,WINNER,True,False,1.0522857142857143,1.1989356116070222,-0.39964520386900904,7874.0,,7874.0,0.0,False,False,10866.0
T10_NEG0.30R_MFE0.10R,10,-0.3,0.1,20260923-4956-095730,2026-09-23T09:57:30.380000+08:00,4956,SHORT,LOSER,False,False,,,,-778.0,,-778.0,0.0,False,False,2625.0
T10_NEG0.30R_MFE0.10R,10,-0.3,0.1,20260923-1709-095830,2026-09-23T09:58:30.421000+08:00,1709,SHORT,LOSER,False,False,-1.026,0.09076479551259635,-0.7261183641007063,-3591.0,,-3591.0,0.0,False,False,-188.0
T10_NEG0.30R_MFE0.10R,10,-0.3,0.1,20260923-2221-100530,2026-09-23T10:05:35.229000+08:00,2221,LONG,WINNER,True,False,-0.29114285714285715,0.0,-0.5567934930885197,3470.0,,3470.0,0.0,False,False,5465.0
T10_NEG0.30R_MFE0.10R,10,-0.3,0.1,20260923-2033-113900,2026-09-23T11:39:02.815000+08:00,2033,SHORT,LOSER,False,False,,,,-1342.0,,-1342.0,0.0,False,False,1660.0
T10_NEG0.30R_MFE0.10R,10,-0.3,0.1,20260923-3605-121730,2026-09-23T12:17:37.884000+08:00,3605,SHORT,WINNER,True,False,-0.1682857142857143,0.0,-0.3403679831722073,1913.0,,1913.0,0.0,False,False,2914.0
T10_NEG0.30R_MFE0.10R,10,-0.3,0.1,20260923-6168-124430,2026-09-23T12:44:42.553000+08:00,6168,SHORT,LOSER,True,True,-0.608,0.0,-0.3579422348347038,-1327.0,-1928.0,-1928.0,-601.0,False,True,-526.0
T10_NEG0.30R_MFE0.10R,10,-0.3,0.1,20260923-2409-130930,2026-09-23T13:09:30.012000+08:00,2409,SHORT,LOSER,True,True,-0.44457142857142856,0.05629369094088628,-0.2814684547044074,-1556.0,-1556.0,-1556.0,0.0,False,True,-305.0
T10_NEG0.30R_MFE0.10R,10,-0.3,0.1,20260924-2409-090900,2026-09-24T09:09:00.032000+08:00,2409,SHORT,WINNER,True,False,0.8402857142857143,1.127396986918817,-0.28184924672969425,2441.0,,2441.0,0.0,False,False,4693.0
T10_NEG0.30R_MFE0.10R,10,-0.3,0.1,20260924-3605-090900,2026-09-24T09:09:03.562000+08:00,3605,LONG,LOSER,True,False,-0.31,0.11299447795986149,-0.5649723897993074,-585.0,,-585.0,0.0,False,False,2906.0
T10_NEG0.30R_MFE0.10R,10,-0.3,0.1,20260924-2033-091030,2026-09-24T09:10:31.938000+08:00,2033,SHORT,WINNER,False,False,,,,4158.0,,4158.0,0.0,False,False,6410.0
T10_NEG0.30R_MFE0.10R,10,-0.3,0.1,20260924-4956-093400,2026-09-24T09:34:01.454000+08:00,4956,LONG,LOSER,False,False,-1.1405714285714286,0.0,-0.7709759308117061,-3593.0,,-3593.0,0.0,False,False,-600.0
T10_NEG0.30R_MFE0.10R,10,-0.3,0.1,20260924-3624-115700,2026-09-24T11:57:00.051000+08:00,3624,LONG,LOSER,False,False,-0.6994285714285714,0.0,-0.6581841357877743,-3945.0,,-3945.0,0.0,False,False,-453.0
T10_NEG0.30R_MFE0.10R,10,-0.3,0.1,20260924-6456-131000,2026-09-24T13:10:00.019000+08:00,6456,LONG,LOSER,False,False,-0.6074285714285714,6.342722861865309e-15,-0.5355953309477,-2126.0,,-2126.0,0.0,False,False,-529.0
T10_NEG0.30R_MFE0.20R,10,-0.3,0.2,20260922-1709-093200,2026-09-22T09:32:00.233000+08:00,1709,SHORT,WINNER,False,False,,,,4442.0,,4442.0,0.0,False,False,6845.0
T10_NEG0.30R_MFE0.20R,10,-0.3,0.2,20260923-3229-092830,2026-09-23T09:28:31.476000+08:00,3229,SHORT,LOSER,False,False,-0.242,0.0,-0.47191064259623017,-3549.0,,-3549.0,0.0,False,False,955.0
T10_NEG0.30R_MFE0.20R,10,-0.3,0.2,20260923-8111-093300,2026-09-23T09:33:05.750000+08:00,8111,LONG,LOSER,True,True,-0.5394285714285715,0.0,-0.4425762807880903,-3684.0,-1888.0,-1888.0,1796.0,False,True,-491.0
T10_NEG0.30R_MFE0.20R,10,-0.3,0.2,20260923-3094-094300,2026-09-23T09:43:05.280000+08:00,3094,LONG,WINNER,True,False,1.0522857142857143,1.1989356116070222,-0.39964520386900904,7874.0,,7874.0,0.0,False,False,10866.0
T10_NEG0.30R_MFE0.20R,10,-0.3,0.2,20260923-4956-095730,2026-09-23T09:57:30.380000+08:00,4956,SHORT,LOSER,False,False,,,,-778.0,,-778.0,0.0,False,False,2625.0
T10_NEG0.30R_MFE0.20R,10,-0.3,0.2,20260923-1709-095830,2026-09-23T09:58:30.421000+08:00,1709,SHORT,LOSER,False,False,-1.026,0.09076479551259635,-0.7261183641007063,-3591.0,,-3591.0,0.0,False,False,-188.0
T10_NEG0.30R_MFE0.20R,10,-0.3,0.2,20260923-2221-100530,2026-09-23T10:05:35.229000+08:00,2221,LONG,WINNER,True,False,-0.29114285714285715,0.0,-0.5567934930885197,3470.0,,3470.0,0.0,False,False,5465.0
T10_NEG0.30R_MFE0.20R,10,-0.3,0.2,20260923-2033-113900,2026-09-23T11:39:02.815000+08:00,2033,SHORT,LOSER,False,False,,,,-1342.0,,-1342.0,0.0,False,False,1660.0
T10_NEG0.30R_MFE0.20R,10,-0.3,0.2,20260923-3605-121730,2026-09-23T12:17:37.884000+08:00,3605,SHORT,WINNER,True,False,-0.1682857142857143,0.0,-0.3403679831722073,1913.0,,1913.0,0.0,False,False,2914.0
T10_NEG0.30R_MFE0.20R,10,-0.3,0.2,20260923-6168-124430,2026-09-23T12:44:42.553000+08:00,6168,SHORT,LOSER,True,True,-0.608,0.0,-0.3579422348347038,-1327.0,-1928.0,-1928.0,-601.0,False,True,-526.0
T10_NEG0.30R_MFE0.20R,10,-0.3,0.2,20260923-2409-130930,2026-09-23T13:09:30.012000+08:00,2409,SHORT,LOSER,True,True,-0.44457142857142856,0.05629369094088628,-0.2814684547044074,-1556.0,-1556.0,-1556.0,0.0,False,True,-305.0
T10_NEG0.30R_MFE0.20R,10,-0.3,0.2,20260924-2409-090900,2026-09-24T09:09:00.032000+08:00,2409,SHORT,WINNER,True,False,0.8402857142857143,1.127396986918817,-0.28184924672969425,2441.0,,2441.0,0.0,False,False,4693.0
T10_NEG0.30R_MFE0.20R,10,-0.3,0.2,20260924-3605-090900,2026-09-24T09:09:03.562000+08:00,3605,LONG,LOSER,True,True,-0.31,0.11299447795986149,-0.5649723897993074,-585.0,-1085.0,-1085.0,-500.0,False,True,2906.0
T10_NEG0.30R_MFE0.20R,10,-0.3,0.2,20260924-2033-091030,2026-09-24T09:10:31.938000+08:00,2033,SHORT,WINNER,False,False,,,,4158.0,,4158.0,0.0,False,False,6410.0
T10_NEG0.30R_MFE0.20R,10,-0.3,0.2,20260924-4956-093400,2026-09-24T09:34:01.454000+08:00,4956,LONG,LOSER,False,False,-1.1405714285714286,0.0,-0.7709759308117061,-3593.0,,-3593.0,0.0,False,False,-600.0
T10_NEG0.30R_MFE0.20R,10,-0.3,0.2,20260924-3624-115700,2026-09-24T11:57:00.051000+08:00,3624,LONG,LOSER,False,False,-0.6994285714285714,0.0,-0.6581841357877743,-3945.0,,-3945.0,0.0,False,False,-453.0
T10_NEG0.30R_MFE0.20R,10,-0.3,0.2,20260924-6456-131000,2026-09-24T13:10:00.019000+08:00,6456,LONG,LOSER,False,False,-0.6074285714285714,6.342722861865309e-15,-0.5355953309477,-2126.0,,-2126.0,0.0,False,False,-529.0
T10_NEG0.30R_MFE0.30R,10,-0.3,0.3,20260922-1709-093200,2026-09-22T09:32:00.233000+08:00,1709,SHORT,WINNER,False,False,,,,4442.0,,4442.0,0.0,False,False,6845.0
T10_NEG0.30R_MFE0.30R,10,-0.3,0.3,20260923-3229-092830,2026-09-23T09:28:31.476000+08:00,3229,SHORT,LOSER,False,False,-0.242,0.0,-0.47191064259623017,-3549.0,,-3549.0,0.0,False,False,955.0
T10_NEG0.30R_MFE0.30R,10,-0.3,0.3,20260923-8111-093300,2026-09-23T09:33:05.750000+08:00,8111,LONG,LOSER,True,True,-0.5394285714285715,0.0,-0.4425762807880903,-3684.0,-1888.0,-1888.0,1796.0,False,True,-491.0
T10_NEG0.30R_MFE0.30R,10,-0.3,0.3,20260923-3094-094300,2026-09-23T09:43:05.280000+08:00,3094,LONG,WINNER,True,False,1.0522857142857143,1.1989356116070222,-0.39964520386900904,7874.0,,7874.0,0.0,False,False,10866.0
T10_NEG0.30R_MFE0.30R,10,-0.3,0.3,20260923-4956-095730,2026-09-23T09:57:30.380000+08:00,4956,SHORT,LOSER,False,False,,,,-778.0,,-778.0,0.0,False,False,2625.0
T10_NEG0.30R_MFE0.30R,10,-0.3,0.3,20260923-1709-095830,2026-09-23T09:58:30.421000+08:00,1709,SHORT,LOSER,False,False,-1.026,0.09076479551259635,-0.7261183641007063,-3591.0,,-3591.0,0.0,False,False,-188.0
T10_NEG0.30R_MFE0.30R,10,-0.3,0.3,20260923-2221-100530,2026-09-23T10:05:35.229000+08:00,2221,LONG,WINNER,True,False,-0.29114285714285715,0.0,-0.5567934930885197,3470.0,,3470.0,0.0,False,False,5465.0
T10_NEG0.30R_MFE0.30R,10,-0.3,0.3,20260923-2033-113900,2026-09-23T11:39:02.815000+08:00,2033,SHORT,LOSER,False,False,,,,-1342.0,,-1342.0,0.0,False,False,1660.0
T10_NEG0.30R_MFE0.30R,10,-0.3,0.3,20260923-3605-121730,2026-09-23T12:17:37.884000+08:00,3605,SHORT,WINNER,True,False,-0.1682857142857143,0.0,-0.3403679831722073,1913.0,,1913.0,0.0,False,False,2914.0
T10_NEG0.30R_MFE0.30R,10,-0.3,0.3,20260923-6168-124430,2026-09-23T12:44:42.553000+08:00,6168,SHORT,LOSER,True,True,-0.608,0.0,-0.3579422348347038,-1327.0,-1928.0,-1928.0,-601.0,False,True,-526.0
T10_NEG0.30R_MFE0.30R,10,-0.3,0.3,20260923-2409-130930,2026-09-23T13:09:30.012000+08:00,2409,SHORT,LOSER,True,True,-0.44457142857142856,0.05629369094088628,-0.2814684547044074,-1556.0,-1556.0,-1556.0,0.0,False,True,-305.0
T10_NEG0.30R_MFE0.30R,10,-0.3,0.3,20260924-2409-090900,2026-09-24T09:09:00.032000+08:00,2409,SHORT,WINNER,True,False,0.8402857142857143,1.127396986918817,-0.28184924672969425,2441.0,,2441.0,0.0,False,False,4693.0
T10_NEG0.30R_MFE0.30R,10,-0.3,0.3,20260924-3605-090900,2026-09-24T09:09:03.562000+08:00,3605,LONG,LOSER,True,True,-0.31,0.11299447795986149,-0.5649723897993074,-585.0,-1085.0,-1085.0,-500.0,False,True,2906.0
T10_NEG0.30R_MFE0.30R,10,-0.3,0.3,20260924-2033-091030,2026-09-24T09:10:31.938000+08:00,2033,SHORT,WINNER,False,False,,,,4158.0,,4158.0,0.0,False,False,6410.0
T10_NEG0.30R_MFE0.30R,10,-0.3,0.3,20260924-4956-093400,2026-09-24T09:34:01.454000+08:00,4956,LONG,LOSER,False,False,-1.1405714285714286,0.0,-0.7709759308117061,-3593.0,,-3593.0,0.0,False,False,-600.0
T10_NEG0.30R_MFE0.30R,10,-0.3,0.3,20260924-3624-115700,2026-09-24T11:57:00.051000+08:00,3624,LONG,LOSER,False,False,-0.6994285714285714,0.0,-0.6581841357877743,-3945.0,,-3945.0,0.0,False,False,-453.0
T10_NEG0.30R_MFE0.30R,10,-0.3,0.3,20260924-6456-131000,2026-09-24T13:10:00.019000+08:00,6456,LONG,LOSER,False,False,-0.6074285714285714,6.342722861865309e-15,-0.5355953309477,-2126.0,,-2126.0,0.0,False,False,-529.0
T10_NEG0.30R_MFE0.40R,10,-0.3,0.4,20260922-1709-093200,2026-09-22T09:32:00.233000+08:00,1709,SHORT,WINNER,False,False,,,,4442.0,,4442.0,0.0,False,False,6845.0
T10_NEG0.30R_MFE0.40R,10,-0.3,0.4,20260923-3229-092830,2026-09-23T09:28:31.476000+08:00,3229,SHORT,LOSER,False,False,-0.242,0.0,-0.47191064259623017,-3549.0,,-3549.0,0.0,False,False,955.0
T10_NEG0.30R_MFE0.40R,10,-0.3,0.4,20260923-8111-093300,2026-09-23T09:33:05.750000+08:00,8111,LONG,LOSER,True,True,-0.5394285714285715,0.0,-0.4425762807880903,-3684.0,-1888.0,-1888.0,1796.0,False,True,-491.0
T10_NEG0.30R_MFE0.40R,10,-0.3,0.4,20260923-3094-094300,2026-09-23T09:43:05.280000+08:00,3094,LONG,WINNER,True,False,1.0522857142857143,1.1989356116070222,-0.39964520386900904,7874.0,,7874.0,0.0,False,False,10866.0
T10_NEG0.30R_MFE0.40R,10,-0.3,0.4,20260923-4956-095730,2026-09-23T09:57:30.380000+08:00,4956,SHORT,LOSER,False,False,,,,-778.0,,-778.0,0.0,False,False,2625.0
T10_NEG0.30R_MFE0.40R,10,-0.3,0.4,20260923-1709-095830,2026-09-23T09:58:30.421000+08:00,1709,SHORT,LOSER,False,False,-1.026,0.09076479551259635,-0.7261183641007063,-3591.0,,-3591.0,0.0,False,False,-188.0
T10_NEG0.30R_MFE0.40R,10,-0.3,0.4,20260923-2221-100530,2026-09-23T10:05:35.229000+08:00,2221,LONG,WINNER,True,False,-0.29114285714285715,0.0,-0.5567934930885197,3470.0,,3470.0,0.0,False,False,5465.0
T10_NEG0.30R_MFE0.40R,10,-0.3,0.4,20260923-2033-113900,2026-09-23T11:39:02.815000+08:00,2033,SHORT,LOSER,False,False,,,,-1342.0,,-1342.0,0.0,False,False,1660.0
T10_NEG0.30R_MFE0.40R,10,-0.3,0.4,20260923-3605-121730,2026-09-23T12:17:37.884000+08:00,3605,SHORT,WINNER,True,False,-0.1682857142857143,0.0,-0.3403679831722073,1913.0,,1913.0,0.0,False,False,2914.0
T10_NEG0.30R_MFE0.40R,10,-0.3,0.4,20260923-6168-124430,2026-09-23T12:44:42.553000+08:00,6168,SHORT,LOSER,True,True,-0.608,0.0,-0.3579422348347038,-1327.0,-1928.0,-1928.0,-601.0,False,True,-526.0
T10_NEG0.30R_MFE0.40R,10,-0.3,0.4,20260923-2409-130930,2026-09-23T13:09:30.012000+08:00,2409,SHORT,LOSER,True,True,-0.44457142857142856,0.05629369094088628,-0.2814684547044074,-1556.0,-1556.0,-1556.0,0.0,False,True,-305.0
T10_NEG0.30R_MFE0.40R,10,-0.3,0.4,20260924-2409-090900,2026-09-24T09:09:00.032000+08:00,2409,SHORT,WINNER,True,False,0.8402857142857143,1.127396986918817,-0.28184924672969425,2441.0,,2441.0,0.0,False,False,4693.0
T10_NEG0.30R_MFE0.40R,10,-0.3,0.4,20260924-3605-090900,2026-09-24T09:09:03.562000+08:00,3605,LONG,LOSER,True,True,-0.31,0.11299447795986149,-0.5649723897993074,-585.0,-1085.0,-1085.0,-500.0,False,True,2906.0
T10_NEG0.30R_MFE0.40R,10,-0.3,0.4,20260924-2033-091030,2026-09-24T09:10:31.938000+08:00,2033,SHORT,WINNER,False,False,,,,4158.0,,4158.0,0.0,False,False,6410.0
T10_NEG0.30R_MFE0.40R,10,-0.3,0.4,20260924-4956-093400,2026-09-24T09:34:01.454000+08:00,4956,LONG,LOSER,False,False,-1.1405714285714286,0.0,-0.7709759308117061,-3593.0,,-3593.0,0.0,False,False,-600.0
T10_NEG0.30R_MFE0.40R,10,-0.3,0.4,20260924-3624-115700,2026-09-24T11:57:00.051000+08:00,3624,LONG,LOSER,False,False,-0.6994285714285714,0.0,-0.6581841357877743,-3945.0,,-3945.0,0.0,False,False,-453.0
T10_NEG0.30R_MFE0.40R,10,-0.3,0.4,20260924-6456-131000,2026-09-24T13:10:00.019000+08:00,6456,LONG,LOSER,False,False,-0.6074285714285714,6.342722861865309e-15,-0.5355953309477,-2126.0,,-2126.0,0.0,False,False,-529.0
T10_NEG0.30R_MFE0.50R,10,-0.3,0.5,20260922-1709-093200,2026-09-22T09:32:00.233000+08:00,1709,SHORT,WINNER,False,False,,,,4442.0,,4442.0,0.0,False,False,6845.0
T10_NEG0.30R_MFE0.50R,10,-0.3,0.5,20260923-3229-092830,2026-09-23T09:28:31.476000+08:00,3229,SHORT,LOSER,False,False,-0.242,0.0,-0.47191064259623017,-3549.0,,-3549.0,0.0,False,False,955.0
T10_NEG0.30R_MFE0.50R,10,-0.3,0.5,20260923-8111-093300,2026-09-23T09:33:05.750000+08:00,8111,LONG,LOSER,True,True,-0.5394285714285715,0.0,-0.4425762807880903,-3684.0,-1888.0,-1888.0,1796.0,False,True,-491.0
T10_NEG0.30R_MFE0.50R,10,-0.3,0.5,20260923-3094-094300,2026-09-23T09:43:05.280000+08:00,3094,LONG,WINNER,True,False,1.0522857142857143,1.1989356116070222,-0.39964520386900904,7874.0,,7874.0,0.0,False,False,10866.0
T10_NEG0.30R_MFE0.50R,10,-0.3,0.5,20260923-4956-095730,2026-09-23T09:57:30.380000+08:00,4956,SHORT,LOSER,False,False,,,,-778.0,,-778.0,0.0,False,False,2625.0
T10_NEG0.30R_MFE0.50R,10,-0.3,0.5,20260923-1709-095830,2026-09-23T09:58:30.421000+08:00,1709,SHORT,LOSER,False,False,-1.026,0.09076479551259635,-0.7261183641007063,-3591.0,,-3591.0,0.0,False,False,-188.0
T10_NEG0.30R_MFE0.50R,10,-0.3,0.5,20260923-2221-100530,2026-09-23T10:05:35.229000+08:00,2221,LONG,WINNER,True,False,-0.29114285714285715,0.0,-0.5567934930885197,3470.0,,3470.0,0.0,False,False,5465.0
T10_NEG0.30R_MFE0.50R,10,-0.3,0.5,20260923-2033-113900,2026-09-23T11:39:02.815000+08:00,2033,SHORT,LOSER,False,False,,,,-1342.0,,-1342.0,0.0,False,False,1660.0
T10_NEG0.30R_MFE0.50R,10,-0.3,0.5,20260923-3605-121730,2026-09-23T12:17:37.884000+08:00,3605,SHORT,WINNER,True,False,-0.1682857142857143,0.0,-0.3403679831722073,1913.0,,1913.0,0.0,False,False,2914.0
T10_NEG0.30R_MFE0.50R,10,-0.3,0.5,20260923-6168-124430,2026-09-23T12:44:42.553000+08:00,6168,SHORT,LOSER,True,True,-0.608,0.0,-0.3579422348347038,-1327.0,-1928.0,-1928.0,-601.0,False,True,-526.0
T10_NEG0.30R_MFE0.50R,10,-0.3,0.5,20260923-2409-130930,2026-09-23T13:09:30.012000+08:00,2409,SHORT,LOSER,True,True,-0.44457142857142856,0.05629369094088628,-0.2814684547044074,-1556.0,-1556.0,-1556.0,0.0,False,True,-305.0
T10_NEG0.30R_MFE0.50R,10,-0.3,0.5,20260924-2409-090900,2026-09-24T09:09:00.032000+08:00,2409,SHORT,WINNER,True,False,0.8402857142857143,1.127396986918817,-0.28184924672969425,2441.0,,2441.0,0.0,False,False,4693.0
T10_NEG0.30R_MFE0.50R,10,-0.3,0.5,20260924-3605-090900,2026-09-24T09:09:03.562000+08:00,3605,LONG,LOSER,True,True,-0.31,0.11299447795986149,-0.5649723897993074,-585.0,-1085.0,-1085.0,-500.0,False,True,2906.0
T10_NEG0.30R_MFE0.50R,10,-0.3,0.5,20260924-2033-091030,2026-09-24T09:10:31.938000+08:00,2033,SHORT,WINNER,False,False,,,,4158.0,,4158.0,0.0,False,False,6410.0
T10_NEG0.30R_MFE0.50R,10,-0.3,0.5,20260924-4956-093400,2026-09-24T09:34:01.454000+08:00,4956,LONG,LOSER,False,False,-1.1405714285714286,0.0,-0.7709759308117061,-3593.0,,-3593.0,0.0,False,False,-600.0
T10_NEG0.30R_MFE0.50R,10,-0.3,0.5,20260924-3624-115700,2026-09-24T11:57:00.051000+08:00,3624,LONG,LOSER,False,False,-0.6994285714285714,0.0,-0.6581841357877743,-3945.0,,-3945.0,0.0,False,False,-453.0
T10_NEG0.30R_MFE0.50R,10,-0.3,0.5,20260924-6456-131000,2026-09-24T13:10:00.019000+08:00,6456,LONG,LOSER,False,False,-0.6074285714285714,6.342722861865309e-15,-0.5355953309477,-2126.0,,-2126.0,0.0,False,False,-529.0
T10_NEG0.40R_MFE0.10R,10,-0.4,0.1,20260922-1709-093200,2026-09-22T09:32:00.233000+08:00,1709,SHORT,WINNER,False,False,,,,4442.0,,4442.0,0.0,False,False,6845.0
T10_NEG0.40R_MFE0.10R,10,-0.4,0.1,20260923-3229-092830,2026-09-23T09:28:31.476000+08:00,3229,SHORT,LOSER,False,False,-0.242,0.0,-0.47191064259623017,-3549.0,,-3549.0,0.0,False,False,955.0
T10_NEG0.40R_MFE0.10R,10,-0.4,0.1,20260923-8111-093300,2026-09-23T09:33:05.750000+08:00,8111,LONG,LOSER,True,True,-0.5394285714285715,0.0,-0.4425762807880903,-3684.0,-1888.0,-1888.0,1796.0,False,True,-491.0
T10_NEG0.40R_MFE0.10R,10,-0.4,0.1,20260923-3094-094300,2026-09-23T09:43:05.280000+08:00,3094,LONG,WINNER,True,False,1.0522857142857143,1.1989356116070222,-0.39964520386900904,7874.0,,7874.0,0.0,False,False,10866.0
T10_NEG0.40R_MFE0.10R,10,-0.4,0.1,20260923-4956-095730,2026-09-23T09:57:30.380000+08:00,4956,SHORT,LOSER,False,False,,,,-778.0,,-778.0,0.0,False,False,2625.0
T10_NEG0.40R_MFE0.10R,10,-0.4,0.1,20260923-1709-095830,2026-09-23T09:58:30.421000+08:00,1709,SHORT,LOSER,False,False,-1.026,0.09076479551259635,-0.7261183641007063,-3591.0,,-3591.0,0.0,False,False,-188.0
T10_NEG0.40R_MFE0.10R,10,-0.4,0.1,20260923-2221-100530,2026-09-23T10:05:35.229000+08:00,2221,LONG,WINNER,True,False,-0.29114285714285715,0.0,-0.5567934930885197,3470.0,,3470.0,0.0,False,False,5465.0
T10_NEG0.40R_MFE0.10R,10,-0.4,0.1,20260923-2033-113900,2026-09-23T11:39:02.815000+08:00,2033,SHORT,LOSER,False,False,,,,-1342.0,,-1342.0,0.0,False,False,1660.0
T10_NEG0.40R_MFE0.10R,10,-0.4,0.1,20260923-3605-121730,2026-09-23T12:17:37.884000+08:00,3605,SHORT,WINNER,True,False,-0.1682857142857143,0.0,-0.3403679831722073,1913.0,,1913.0,0.0,False,False,2914.0
T10_NEG0.40R_MFE0.10R,10,-0.4,0.1,20260923-6168-124430,2026-09-23T12:44:42.553000+08:00,6168,SHORT,LOSER,True,True,-0.608,0.0,-0.3579422348347038,-1327.0,-1928.0,-1928.0,-601.0,False,True,-526.0
T10_NEG0.40R_MFE0.10R,10,-0.4,0.1,20260923-2409-130930,2026-09-23T13:09:30.012000+08:00,2409,SHORT,LOSER,True,True,-0.44457142857142856,0.05629369094088628,-0.2814684547044074,-1556.0,-1556.0,-1556.0,0.0,False,True,-305.0
T10_NEG0.40R_MFE0.10R,10,-0.4,0.1,20260924-2409-090900,2026-09-24T09:09:00.032000+08:00,2409,SHORT,WINNER,True,False,0.8402857142857143,1.127396986918817,-0.28184924672969425,2441.0,,2441.0,0.0,False,False,4693.0
T10_NEG0.40R_MFE0.10R,10,-0.4,0.1,20260924-3605-090900,2026-09-24T09:09:03.562000+08:00,3605,LONG,LOSER,True,False,-0.31,0.11299447795986149,-0.5649723897993074,-585.0,,-585.0,0.0,False,False,2906.0
T10_NEG0.40R_MFE0.10R,10,-0.4,0.1,20260924-2033-091030,2026-09-24T09:10:31.938000+08:00,2033,SHORT,WINNER,False,False,,,,4158.0,,4158.0,0.0,False,False,6410.0
T10_NEG0.40R_MFE0.10R,10,-0.4,0.1,20260924-4956-093400,2026-09-24T09:34:01.454000+08:00,4956,LONG,LOSER,False,False,-1.1405714285714286,0.0,-0.7709759308117061,-3593.0,,-3593.0,0.0,False,False,-600.0
T10_NEG0.40R_MFE0.10R,10,-0.4,0.1,20260924-3624-115700,2026-09-24T11:57:00.051000+08:00,3624,LONG,LOSER,False,False,-0.6994285714285714,0.0,-0.6581841357877743,-3945.0,,-3945.0,0.0,False,False,-453.0
T10_NEG0.40R_MFE0.10R,10,-0.4,0.1,20260924-6456-131000,2026-09-24T13:10:00.019000+08:00,6456,LONG,LOSER,False,False,-0.6074285714285714,6.342722861865309e-15,-0.5355953309477,-2126.0,,-2126.0,0.0,False,False,-529.0
T10_NEG0.40R_MFE0.20R,10,-0.4,0.2,20260922-1709-093200,2026-09-22T09:32:00.233000+08:00,1709,SHORT,WINNER,False,False,,,,4442.0,,4442.0,0.0,False,False,6845.0
T10_NEG0.40R_MFE0.20R,10,-0.4,0.2,20260923-3229-092830,2026-09-23T09:28:31.476000+08:00,3229,SHORT,LOSER,False,False,-0.242,0.0,-0.47191064259623017,-3549.0,,-3549.0,0.0,False,False,955.0
T10_NEG0.40R_MFE0.20R,10,-0.4,0.2,20260923-8111-093300,2026-09-23T09:33:05.750000+08:00,8111,LONG,LOSER,True,True,-0.5394285714285715,0.0,-0.4425762807880903,-3684.0,-1888.0,-1888.0,1796.0,False,True,-491.0
T10_NEG0.40R_MFE0.20R,10,-0.4,0.2,20260923-3094-094300,2026-09-23T09:43:05.280000+08:00,3094,LONG,WINNER,True,False,1.0522857142857143,1.1989356116070222,-0.39964520386900904,7874.0,,7874.0,0.0,False,False,10866.0
T10_NEG0.40R_MFE0.20R,10,-0.4,0.2,20260923-4956-095730,2026-09-23T09:57:30.380000+08:00,4956,SHORT,LOSER,False,False,,,,-778.0,,-778.0,0.0,False,False,2625.0
T10_NEG0.40R_MFE0.20R,10,-0.4,0.2,20260923-1709-095830,2026-09-23T09:58:30.421000+08:00,1709,SHORT,LOSER,False,False,-1.026,0.09076479551259635,-0.7261183641007063,-3591.0,,-3591.0,0.0,False,False,-188.0
T10_NEG0.40R_MFE0.20R,10,-0.4,0.2,20260923-2221-100530,2026-09-23T10:05:35.229000+08:00,2221,LONG,WINNER,True,False,-0.29114285714285715,0.0,-0.5567934930885197,3470.0,,3470.0,0.0,False,False,5465.0
T10_NEG0.40R_MFE0.20R,10,-0.4,0.2,20260923-2033-113900,2026-09-23T11:39:02.815000+08:00,2033,SHORT,LOSER,False,False,,,,-1342.0,,-1342.0,0.0,False,False,1660.0
T10_NEG0.40R_MFE0.20R,10,-0.4,0.2,20260923-3605-121730,2026-09-23T12:17:37.884000+08:00,3605,SHORT,WINNER,True,False,-0.1682857142857143,0.0,-0.3403679831722073,1913.0,,1913.0,0.0,False,False,2914.0
T10_NEG0.40R_MFE0.20R,10,-0.4,0.2,20260923-6168-124430,2026-09-23T12:44:42.553000+08:00,6168,SHORT,LOSER,True,True,-0.608,0.0,-0.3579422348347038,-1327.0,-1928.0,-1928.0,-601.0,False,True,-526.0
T10_NEG0.40R_MFE0.20R,10,-0.4,0.2,20260923-2409-130930,2026-09-23T13:09:30.012000+08:00,2409,SHORT,LOSER,True,True,-0.44457142857142856,0.05629369094088628,-0.2814684547044074,-1556.0,-1556.0,-1556.0,0.0,False,True,-305.0
T10_NEG0.40R_MFE0.20R,10,-0.4,0.2,20260924-2409-090900,2026-09-24T09:09:00.032000+08:00,2409,SHORT,WINNER,True,False,0.8402857142857143,1.127396986918817,-0.28184924672969425,2441.0,,2441.0,0.0,False,False,4693.0
T10_NEG0.40R_MFE0.20R,10,-0.4,0.2,20260924-3605-090900,2026-09-24T09:09:03.562000+08:00,3605,LONG,LOSER,True,False,-0.31,0.11299447795986149,-0.5649723897993074,-585.0,,-585.0,0.0,False,False,2906.0
T10_NEG0.40R_MFE0.20R,10,-0.4,0.2,20260924-2033-091030,2026-09-24T09:10:31.938000+08:00,2033,SHORT,WINNER,False,False,,,,4158.0,,4158.0,0.0,False,False,6410.0
T10_NEG0.40R_MFE0.20R,10,-0.4,0.2,20260924-4956-093400,2026-09-24T09:34:01.454000+08:00,4956,LONG,LOSER,False,False,-1.1405714285714286,0.0,-0.7709759308117061,-3593.0,,-3593.0,0.0,False,False,-600.0
T10_NEG0.40R_MFE0.20R,10,-0.4,0.2,20260924-3624-115700,2026-09-24T11:57:00.051000+08:00,3624,LONG,LOSER,False,False,-0.6994285714285714,0.0,-0.6581841357877743,-3945.0,,-3945.0,0.0,False,False,-453.0
T10_NEG0.40R_MFE0.20R,10,-0.4,0.2,20260924-6456-131000,2026-09-24T13:10:00.019000+08:00,6456,LONG,LOSER,False,False,-0.6074285714285714,6.342722861865309e-15,-0.5355953309477,-2126.0,,-2126.0,0.0,False,False,-529.0
T10_NEG0.40R_MFE0.30R,10,-0.4,0.3,20260922-1709-093200,2026-09-22T09:32:00.233000+08:00,1709,SHORT,WINNER,False,False,,,,4442.0,,4442.0,0.0,False,False,6845.0
T10_NEG0.40R_MFE0.30R,10,-0.4,0.3,20260923-3229-092830,2026-09-23T09:28:31.476000+08:00,3229,SHORT,LOSER,False,False,-0.242,0.0,-0.47191064259623017,-3549.0,,-3549.0,0.0,False,False,955.0
T10_NEG0.40R_MFE0.30R,10,-0.4,0.3,20260923-8111-093300,2026-09-23T09:33:05.750000+08:00,8111,LONG,LOSER,True,True,-0.5394285714285715,0.0,-0.4425762807880903,-3684.0,-1888.0,-1888.0,1796.0,False,True,-491.0
T10_NEG0.40R_MFE0.30R,10,-0.4,0.3,20260923-3094-094300,2026-09-23T09:43:05.280000+08:00,3094,LONG,WINNER,True,False,1.0522857142857143,1.1989356116070222,-0.39964520386900904,7874.0,,7874.0,0.0,False,False,10866.0
T10_NEG0.40R_MFE0.30R,10,-0.4,0.3,20260923-4956-095730,2026-09-23T09:57:30.380000+08:00,4956,SHORT,LOSER,False,False,,,,-778.0,,-778.0,0.0,False,False,2625.0
T10_NEG0.40R_MFE0.30R,10,-0.4,0.3,20260923-1709-095830,2026-09-23T09:58:30.421000+08:00,1709,SHORT,LOSER,False,False,-1.026,0.09076479551259635,-0.7261183641007063,-3591.0,,-3591.0,0.0,False,False,-188.0
T10_NEG0.40R_MFE0.30R,10,-0.4,0.3,20260923-2221-100530,2026-09-23T10:05:35.229000+08:00,2221,LONG,WINNER,True,False,-0.29114285714285715,0.0,-0.5567934930885197,3470.0,,3470.0,0.0,False,False,5465.0
T10_NEG0.40R_MFE0.30R,10,-0.4,0.3,20260923-2033-113900,2026-09-23T11:39:02.815000+08:00,2033,SHORT,LOSER,False,False,,,,-1342.0,,-1342.0,0.0,False,False,1660.0
T10_NEG0.40R_MFE0.30R,10,-0.4,0.3,20260923-3605-121730,2026-09-23T12:17:37.884000+08:00,3605,SHORT,WINNER,True,False,-0.1682857142857143,0.0,-0.3403679831722073,1913.0,,1913.0,0.0,False,False,2914.0
T10_NEG0.40R_MFE0.30R,10,-0.4,0.3,20260923-6168-124430,2026-09-23T12:44:42.553000+08:00,6168,SHORT,LOSER,True,True,-0.608,0.0,-0.3579422348347038,-1327.0,-1928.0,-1928.0,-601.0,False,True,-526.0
T10_NEG0.40R_MFE0.30R,10,-0.4,0.3,20260923-2409-130930,2026-09-23T13:09:30.012000+08:00,2409,SHORT,LOSER,True,True,-0.44457142857142856,0.05629369094088628,-0.2814684547044074,-1556.0,-1556.0,-1556.0,0.0,False,True,-305.0
T10_NEG0.40R_MFE0.30R,10,-0.4,0.3,20260924-2409-090900,2026-09-24T09:09:00.032000+08:00,2409,SHORT,WINNER,True,False,0.8402857142857143,1.127396986918817,-0.28184924672969425,2441.0,,2441.0,0.0,False,False,4693.0
T10_NEG0.40R_MFE0.30R,10,-0.4,0.3,20260924-3605-090900,2026-09-24T09:09:03.562000+08:00,3605,LONG,LOSER,True,False,-0.31,0.11299447795986149,-0.5649723897993074,-585.0,,-585.0,0.0,False,False,2906.0
T10_NEG0.40R_MFE0.30R,10,-0.4,0.3,20260924-2033-091030,2026-09-24T09:10:31.938000+08:00,2033,SHORT,WINNER,False,False,,,,4158.0,,4158.0,0.0,False,False,6410.0
T10_NEG0.40R_MFE0.30R,10,-0.4,0.3,20260924-4956-093400,2026-09-24T09:34:01.454000+08:00,4956,LONG,LOSER,False,False,-1.1405714285714286,0.0,-0.7709759308117061,-3593.0,,-3593.0,0.0,False,False,-600.0
T10_NEG0.40R_MFE0.30R,10,-0.4,0.3,20260924-3624-115700,2026-09-24T11:57:00.051000+08:00,3624,LONG,LOSER,False,False,-0.6994285714285714,0.0,-0.6581841357877743,-3945.0,,-3945.0,0.0,False,False,-453.0
T10_NEG0.40R_MFE0.30R,10,-0.4,0.3,20260924-6456-131000,2026-09-24T13:10:00.019000+08:00,6456,LONG,LOSER,False,False,-0.6074285714285714,6.342722861865309e-15,-0.5355953309477,-2126.0,,-2126.0,0.0,False,False,-529.0
T10_NEG0.40R_MFE0.40R,10,-0.4,0.4,20260922-1709-093200,2026-09-22T09:32:00.233000+08:00,1709,SHORT,WINNER,False,False,,,,4442.0,,4442.0,0.0,False,False,6845.0
T10_NEG0.40R_MFE0.40R,10,-0.4,0.4,20260923-3229-092830,2026-09-23T09:28:31.476000+08:00,3229,SHORT,LOSER,False,False,-0.242,0.0,-0.47191064259623017,-3549.0,,-3549.0,0.0,False,False,955.0
T10_NEG0.40R_MFE0.40R,10,-0.4,0.4,20260923-8111-093300,2026-09-23T09:33:05.750000+08:00,8111,LONG,LOSER,True,True,-0.5394285714285715,0.0,-0.4425762807880903,-3684.0,-1888.0,-1888.0,1796.0,False,True,-491.0
T10_NEG0.40R_MFE0.40R,10,-0.4,0.4,20260923-3094-094300,2026-09-23T09:43:05.280000+08:00,3094,LONG,WINNER,True,False,1.0522857142857143,1.1989356116070222,-0.39964520386900904,7874.0,,7874.0,0.0,False,False,10866.0
T10_NEG0.40R_MFE0.40R,10,-0.4,0.4,20260923-4956-095730,2026-09-23T09:57:30.380000+08:00,4956,SHORT,LOSER,False,False,,,,-778.0,,-778.0,0.0,False,False,2625.0
T10_NEG0.40R_MFE0.40R,10,-0.4,0.4,20260923-1709-095830,2026-09-23T09:58:30.421000+08:00,1709,SHORT,LOSER,False,False,-1.026,0.09076479551259635,-0.7261183641007063,-3591.0,,-3591.0,0.0,False,False,-188.0
T10_NEG0.40R_MFE0.40R,10,-0.4,0.4,20260923-2221-100530,2026-09-23T10:05:35.229000+08:00,2221,LONG,WINNER,True,False,-0.29114285714285715,0.0,-0.5567934930885197,3470.0,,3470.0,0.0,False,False,5465.0
T10_NEG0.40R_MFE0.40R,10,-0.4,0.4,20260923-2033-113900,2026-09-23T11:39:02.815000+08:00,2033,SHORT,LOSER,False,False,,,,-1342.0,,-1342.0,0.0,False,False,1660.0
T10_NEG0.40R_MFE0.40R,10,-0.4,0.4,20260923-3605-121730,2026-09-23T12:17:37.884000+08:00,3605,SHORT,WINNER,True,False,-0.1682857142857143,0.0,-0.3403679831722073,1913.0,,1913.0,0.0,False,False,2914.0
T10_NEG0.40R_MFE0.40R,10,-0.4,0.4,20260923-6168-124430,2026-09-23T12:44:42.553000+08:00,6168,SHORT,LOSER,True,True,-0.608,0.0,-0.3579422348347038,-1327.0,-1928.0,-1928.0,-601.0,False,True,-526.0
T10_NEG0.40R_MFE0.40R,10,-0.4,0.4,20260923-2409-130930,2026-09-23T13:09:30.012000+08:00,2409,SHORT,LOSER,True,True,-0.44457142857142856,0.05629369094088628,-0.2814684547044074,-1556.0,-1556.0,-1556.0,0.0,False,True,-305.0
T10_NEG0.40R_MFE0.40R,10,-0.4,0.4,20260924-2409-090900,2026-09-24T09:09:00.032000+08:00,2409,SHORT,WINNER,True,False,0.8402857142857143,1.127396986918817,-0.28184924672969425,2441.0,,2441.0,0.0,False,False,4693.0
T10_NEG0.40R_MFE0.40R,10,-0.4,0.4,20260924-3605-090900,2026-09-24T09:09:03.562000+08:00,3605,LONG,LOSER,True,False,-0.31,0.11299447795986149,-0.5649723897993074,-585.0,,-585.0,0.0,False,False,2906.0
T10_NEG0.40R_MFE0.40R,10,-0.4,0.4,20260924-2033-091030,2026-09-24T09:10:31.938000+08:00,2033,SHORT,WINNER,False,False,,,,4158.0,,4158.0,0.0,False,False,6410.0
T10_NEG0.40R_MFE0.40R,10,-0.4,0.4,20260924-4956-093400,2026-09-24T09:34:01.454000+08:00,4956,LONG,LOSER,False,False,-1.1405714285714286,0.0,-0.7709759308117061,-3593.0,,-3593.0,0.0,False,False,-600.0
T10_NEG0.40R_MFE0.40R,10,-0.4,0.4,20260924-3624-115700,2026-09-24T11:57:00.051000+08:00,3624,LONG,LOSER,False,False,-0.6994285714285714,0.0,-0.6581841357877743,-3945.0,,-3945.0,0.0,False,False,-453.0
T10_NEG0.40R_MFE0.40R,10,-0.4,0.4,20260924-6456-131000,2026-09-24T13:10:00.019000+08:00,6456,LONG,LOSER,False,False,-0.6074285714285714,6.342722861865309e-15,-0.5355953309477,-2126.0,,-2126.0,0.0,False,False,-529.0
T10_NEG0.40R_MFE0.50R,10,-0.4,0.5,20260922-1709-093200,2026-09-22T09:32:00.233000+08:00,1709,SHORT,WINNER,False,False,,,,4442.0,,4442.0,0.0,False,False,6845.0
T10_NEG0.40R_MFE0.50R,10,-0.4,0.5,20260923-3229-092830,2026-09-23T09:28:31.476000+08:00,3229,SHORT,LOSER,False,False,-0.242,0.0,-0.47191064259623017,-3549.0,,-3549.0,0.0,False,False,955.0
T10_NEG0.40R_MFE0.50R,10,-0.4,0.5,20260923-8111-093300,2026-09-23T09:33:05.750000+08:00,8111,LONG,LOSER,True,True,-0.5394285714285715,0.0,-0.4425762807880903,-3684.0,-1888.0,-1888.0,1796.0,False,True,-491.0
T10_NEG0.40R_MFE0.50R,10,-0.4,0.5,20260923-3094-094300,2026-09-23T09:43:05.280000+08:00,3094,LONG,WINNER,True,False,1.0522857142857143,1.1989356116070222,-0.39964520386900904,7874.0,,7874.0,0.0,False,False,10866.0
T10_NEG0.40R_MFE0.50R,10,-0.4,0.5,20260923-4956-095730,2026-09-23T09:57:30.380000+08:00,4956,SHORT,LOSER,False,False,,,,-778.0,,-778.0,0.0,False,False,2625.0
T10_NEG0.40R_MFE0.50R,10,-0.4,0.5,20260923-1709-095830,2026-09-23T09:58:30.421000+08:00,1709,SHORT,LOSER,False,False,-1.026,0.09076479551259635,-0.7261183641007063,-3591.0,,-3591.0,0.0,False,False,-188.0
T10_NEG0.40R_MFE0.50R,10,-0.4,0.5,20260923-2221-100530,2026-09-23T10:05:35.229000+08:00,2221,LONG,WINNER,True,False,-0.29114285714285715,0.0,-0.5567934930885197,3470.0,,3470.0,0.0,False,False,5465.0
T10_NEG0.40R_MFE0.50R,10,-0.4,0.5,20260923-2033-113900,2026-09-23T11:39:02.815000+08:00,2033,SHORT,LOSER,False,False,,,,-1342.0,,-1342.0,0.0,False,False,1660.0
T10_NEG0.40R_MFE0.50R,10,-0.4,0.5,20260923-3605-121730,2026-09-23T12:17:37.884000+08:00,3605,SHORT,WINNER,True,False,-0.1682857142857143,0.0,-0.3403679831722073,1913.0,,1913.0,0.0,False,False,2914.0
T10_NEG0.40R_MFE0.50R,10,-0.4,0.5,20260923-6168-124430,2026-09-23T12:44:42.553000+08:00,6168,SHORT,LOSER,True,True,-0.608,0.0,-0.3579422348347038,-1327.0,-1928.0,-1928.0,-601.0,False,True,-526.0
T10_NEG0.40R_MFE0.50R,10,-0.4,0.5,20260923-2409-130930,2026-09-23T13:09:30.012000+08:00,2409,SHORT,LOSER,True,True,-0.44457142857142856,0.05629369094088628,-0.2814684547044074,-1556.0,-1556.0,-1556.0,0.0,False,True,-305.0
T10_NEG0.40R_MFE0.50R,10,-0.4,0.5,20260924-2409-090900,2026-09-24T09:09:00.032000+08:00,2409,SHORT,WINNER,True,False,0.8402857142857143,1.127396986918817,-0.28184924672969425,2441.0,,2441.0,0.0,False,False,4693.0
T10_NEG0.40R_MFE0.50R,10,-0.4,0.5,20260924-3605-090900,2026-09-24T09:09:03.562000+08:00,3605,LONG,LOSER,True,False,-0.31,0.11299447795986149,-0.5649723897993074,-585.0,,-585.0,0.0,False,False,2906.0
T10_NEG0.40R_MFE0.50R,10,-0.4,0.5,20260924-2033-091030,2026-09-24T09:10:31.938000+08:00,2033,SHORT,WINNER,False,False,,,,4158.0,,4158.0,0.0,False,False,6410.0
T10_NEG0.40R_MFE0.50R,10,-0.4,0.5,20260924-4956-093400,2026-09-24T09:34:01.454000+08:00,4956,LONG,LOSER,False,False,-1.1405714285714286,0.0,-0.7709759308117061,-3593.0,,-3593.0,0.0,False,False,-600.0
T10_NEG0.40R_MFE0.50R,10,-0.4,0.5,20260924-3624-115700,2026-09-24T11:57:00.051000+08:00,3624,LONG,LOSER,False,False,-0.6994285714285714,0.0,-0.6581841357877743,-3945.0,,-3945.0,0.0,False,False,-453.0
T10_NEG0.40R_MFE0.50R,10,-0.4,0.5,20260924-6456-131000,2026-09-24T13:10:00.019000+08:00,6456,LONG,LOSER,False,False,-0.6074285714285714,6.342722861865309e-15,-0.5355953309477,-2126.0,,-2126.0,0.0,False,False,-529.0
T10_NEG0.50R_MFE0.10R,10,-0.5,0.1,20260922-1709-093200,2026-09-22T09:32:00.233000+08:00,1709,SHORT,WINNER,False,False,,,,4442.0,,4442.0,0.0,False,False,6845.0
T10_NEG0.50R_MFE0.10R,10,-0.5,0.1,20260923-3229-092830,2026-09-23T09:28:31.476000+08:00,3229,SHORT,LOSER,False,False,-0.242,0.0,-0.47191064259623017,-3549.0,,-3549.0,0.0,False,False,955.0
T10_NEG0.50R_MFE0.10R,10,-0.5,0.1,20260923-8111-093300,2026-09-23T09:33:05.750000+08:00,8111,LONG,LOSER,True,True,-0.5394285714285715,0.0,-0.4425762807880903,-3684.0,-1888.0,-1888.0,1796.0,False,True,-491.0
T10_NEG0.50R_MFE0.10R,10,-0.5,0.1,20260923-3094-094300,2026-09-23T09:43:05.280000+08:00,3094,LONG,WINNER,True,False,1.0522857142857143,1.1989356116070222,-0.39964520386900904,7874.0,,7874.0,0.0,False,False,10866.0
T10_NEG0.50R_MFE0.10R,10,-0.5,0.1,20260923-4956-095730,2026-09-23T09:57:30.380000+08:00,4956,SHORT,LOSER,False,False,,,,-778.0,,-778.0,0.0,False,False,2625.0
T10_NEG0.50R_MFE0.10R,10,-0.5,0.1,20260923-1709-095830,2026-09-23T09:58:30.421000+08:00,1709,SHORT,LOSER,False,False,-1.026,0.09076479551259635,-0.7261183641007063,-3591.0,,-3591.0,0.0,False,False,-188.0
T10_NEG0.50R_MFE0.10R,10,-0.5,0.1,20260923-2221-100530,2026-09-23T10:05:35.229000+08:00,2221,LONG,WINNER,True,False,-0.29114285714285715,0.0,-0.5567934930885197,3470.0,,3470.0,0.0,False,False,5465.0
T10_NEG0.50R_MFE0.10R,10,-0.5,0.1,20260923-2033-113900,2026-09-23T11:39:02.815000+08:00,2033,SHORT,LOSER,False,False,,,,-1342.0,,-1342.0,0.0,False,False,1660.0
T10_NEG0.50R_MFE0.10R,10,-0.5,0.1,20260923-3605-121730,2026-09-23T12:17:37.884000+08:00,3605,SHORT,WINNER,True,False,-0.1682857142857143,0.0,-0.3403679831722073,1913.0,,1913.0,0.0,False,False,2914.0
T10_NEG0.50R_MFE0.10R,10,-0.5,0.1,20260923-6168-124430,2026-09-23T12:44:42.553000+08:00,6168,SHORT,LOSER,True,True,-0.608,0.0,-0.3579422348347038,-1327.0,-1928.0,-1928.0,-601.0,False,True,-526.0
T10_NEG0.50R_MFE0.10R,10,-0.5,0.1,20260923-2409-130930,2026-09-23T13:09:30.012000+08:00,2409,SHORT,LOSER,True,False,-0.44457142857142856,0.05629369094088628,-0.2814684547044074,-1556.0,,-1556.0,0.0,False,False,-305.0
T10_NEG0.50R_MFE0.10R,10,-0.5,0.1,20260924-2409-090900,2026-09-24T09:09:00.032000+08:00,2409,SHORT,WINNER,True,False,0.8402857142857143,1.127396986918817,-0.28184924672969425,2441.0,,2441.0,0.0,False,False,4693.0
T10_NEG0.50R_MFE0.10R,10,-0.5,0.1,20260924-3605-090900,2026-09-24T09:09:03.562000+08:00,3605,LONG,LOSER,True,False,-0.31,0.11299447795986149,-0.5649723897993074,-585.0,,-585.0,0.0,False,False,2906.0
T10_NEG0.50R_MFE0.10R,10,-0.5,0.1,20260924-2033-091030,2026-09-24T09:10:31.938000+08:00,2033,SHORT,WINNER,False,False,,,,4158.0,,4158.0,0.0,False,False,6410.0
T10_NEG0.50R_MFE0.10R,10,-0.5,0.1,20260924-4956-093400,2026-09-24T09:34:01.454000+08:00,4956,LONG,LOSER,False,False,-1.1405714285714286,0.0,-0.7709759308117061,-3593.0,,-3593.0,0.0,False,False,-600.0
T10_NEG0.50R_MFE0.10R,10,-0.5,0.1,20260924-3624-115700,2026-09-24T11:57:00.051000+08:00,3624,LONG,LOSER,False,False,-0.6994285714285714,0.0,-0.6581841357877743,-3945.0,,-3945.0,0.0,False,False,-453.0
T10_NEG0.50R_MFE0.10R,10,-0.5,0.1,20260924-6456-131000,2026-09-24T13:10:00.019000+08:00,6456,LONG,LOSER,False,False,-0.6074285714285714,6.342722861865309e-15,-0.5355953309477,-2126.0,,-2126.0,0.0,False,False,-529.0
T10_NEG0.50R_MFE0.20R,10,-0.5,0.2,20260922-1709-093200,2026-09-22T09:32:00.233000+08:00,1709,SHORT,WINNER,False,False,,,,4442.0,,4442.0,0.0,False,False,6845.0
T10_NEG0.50R_MFE0.20R,10,-0.5,0.2,20260923-3229-092830,2026-09-23T09:28:31.476000+08:00,3229,SHORT,LOSER,False,False,-0.242,0.0,-0.47191064259623017,-3549.0,,-3549.0,0.0,False,False,955.0
T10_NEG0.50R_MFE0.20R,10,-0.5,0.2,20260923-8111-093300,2026-09-23T09:33:05.750000+08:00,8111,LONG,LOSER,True,True,-0.5394285714285715,0.0,-0.4425762807880903,-3684.0,-1888.0,-1888.0,1796.0,False,True,-491.0
T10_NEG0.50R_MFE0.20R,10,-0.5,0.2,20260923-3094-094300,2026-09-23T09:43:05.280000+08:00,3094,LONG,WINNER,True,False,1.0522857142857143,1.1989356116070222,-0.39964520386900904,7874.0,,7874.0,0.0,False,False,10866.0
T10_NEG0.50R_MFE0.20R,10,-0.5,0.2,20260923-4956-095730,2026-09-23T09:57:30.380000+08:00,4956,SHORT,LOSER,False,False,,,,-778.0,,-778.0,0.0,False,False,2625.0
T10_NEG0.50R_MFE0.20R,10,-0.5,0.2,20260923-1709-095830,2026-09-23T09:58:30.421000+08:00,1709,SHORT,LOSER,False,False,-1.026,0.09076479551259635,-0.7261183641007063,-3591.0,,-3591.0,0.0,False,False,-188.0
T10_NEG0.50R_MFE0.20R,10,-0.5,0.2,20260923-2221-100530,2026-09-23T10:05:35.229000+08:00,2221,LONG,WINNER,True,False,-0.29114285714285715,0.0,-0.5567934930885197,3470.0,,3470.0,0.0,False,False,5465.0
T10_NEG0.50R_MFE0.20R,10,-0.5,0.2,20260923-2033-113900,2026-09-23T11:39:02.815000+08:00,2033,SHORT,LOSER,False,False,,,,-1342.0,,-1342.0,0.0,False,False,1660.0
T10_NEG0.50R_MFE0.20R,10,-0.5,0.2,20260923-3605-121730,2026-09-23T12:17:37.884000+08:00,3605,SHORT,WINNER,True,False,-0.1682857142857143,0.0,-0.3403679831722073,1913.0,,1913.0,0.0,False,False,2914.0
T10_NEG0.50R_MFE0.20R,10,-0.5,0.2,20260923-6168-124430,2026-09-23T12:44:42.553000+08:00,6168,SHORT,LOSER,True,True,-0.608,0.0,-0.3579422348347038,-1327.0,-1928.0,-1928.0,-601.0,False,True,-526.0
T10_NEG0.50R_MFE0.20R,10,-0.5,0.2,20260923-2409-130930,2026-09-23T13:09:30.012000+08:00,2409,SHORT,LOSER,True,False,-0.44457142857142856,0.05629369094088628,-0.2814684547044074,-1556.0,,-1556.0,0.0,False,False,-305.0
T10_NEG0.50R_MFE0.20R,10,-0.5,0.2,20260924-2409-090900,2026-09-24T09:09:00.032000+08:00,2409,SHORT,WINNER,True,False,0.8402857142857143,1.127396986918817,-0.28184924672969425,2441.0,,2441.0,0.0,False,False,4693.0
T10_NEG0.50R_MFE0.20R,10,-0.5,0.2,20260924-3605-090900,2026-09-24T09:09:03.562000+08:00,3605,LONG,LOSER,True,False,-0.31,0.11299447795986149,-0.5649723897993074,-585.0,,-585.0,0.0,False,False,2906.0
T10_NEG0.50R_MFE0.20R,10,-0.5,0.2,20260924-2033-091030,2026-09-24T09:10:31.938000+08:00,2033,SHORT,WINNER,False,False,,,,4158.0,,4158.0,0.0,False,False,6410.0
T10_NEG0.50R_MFE0.20R,10,-0.5,0.2,20260924-4956-093400,2026-09-24T09:34:01.454000+08:00,4956,LONG,LOSER,False,False,-1.1405714285714286,0.0,-0.7709759308117061,-3593.0,,-3593.0,0.0,False,False,-600.0
T10_NEG0.50R_MFE0.20R,10,-0.5,0.2,20260924-3624-115700,2026-09-24T11:57:00.051000+08:00,3624,LONG,LOSER,False,False,-0.6994285714285714,0.0,-0.6581841357877743,-3945.0,,-3945.0,0.0,False,False,-453.0
T10_NEG0.50R_MFE0.20R,10,-0.5,0.2,20260924-6456-131000,2026-09-24T13:10:00.019000+08:00,6456,LONG,LOSER,False,False,-0.6074285714285714,6.342722861865309e-15,-0.5355953309477,-2126.0,,-2126.0,0.0,False,False,-529.0
T10_NEG0.50R_MFE0.30R,10,-0.5,0.3,20260922-1709-093200,2026-09-22T09:32:00.233000+08:00,1709,SHORT,WINNER,False,False,,,,4442.0,,4442.0,0.0,False,False,6845.0
T10_NEG0.50R_MFE0.30R,10,-0.5,0.3,20260923-3229-092830,2026-09-23T09:28:31.476000+08:00,3229,SHORT,LOSER,False,False,-0.242,0.0,-0.47191064259623017,-3549.0,,-3549.0,0.0,False,False,955.0
T10_NEG0.50R_MFE0.30R,10,-0.5,0.3,20260923-8111-093300,2026-09-23T09:33:05.750000+08:00,8111,LONG,LOSER,True,True,-0.5394285714285715,0.0,-0.4425762807880903,-3684.0,-1888.0,-1888.0,1796.0,False,True,-491.0
T10_NEG0.50R_MFE0.30R,10,-0.5,0.3,20260923-3094-094300,2026-09-23T09:43:05.280000+08:00,3094,LONG,WINNER,True,False,1.0522857142857143,1.1989356116070222,-0.39964520386900904,7874.0,,7874.0,0.0,False,False,10866.0
T10_NEG0.50R_MFE0.30R,10,-0.5,0.3,20260923-4956-095730,2026-09-23T09:57:30.380000+08:00,4956,SHORT,LOSER,False,False,,,,-778.0,,-778.0,0.0,False,False,2625.0
T10_NEG0.50R_MFE0.30R,10,-0.5,0.3,20260923-1709-095830,2026-09-23T09:58:30.421000+08:00,1709,SHORT,LOSER,False,False,-1.026,0.09076479551259635,-0.7261183641007063,-3591.0,,-3591.0,0.0,False,False,-188.0
T10_NEG0.50R_MFE0.30R,10,-0.5,0.3,20260923-2221-100530,2026-09-23T10:05:35.229000+08:00,2221,LONG,WINNER,True,False,-0.29114285714285715,0.0,-0.5567934930885197,3470.0,,3470.0,0.0,False,False,5465.0
T10_NEG0.50R_MFE0.30R,10,-0.5,0.3,20260923-2033-113900,2026-09-23T11:39:02.815000+08:00,2033,SHORT,LOSER,False,False,,,,-1342.0,,-1342.0,0.0,False,False,1660.0
T10_NEG0.50R_MFE0.30R,10,-0.5,0.3,20260923-3605-121730,2026-09-23T12:17:37.884000+08:00,3605,SHORT,WINNER,True,False,-0.1682857142857143,0.0,-0.3403679831722073,1913.0,,1913.0,0.0,False,False,2914.0
T10_NEG0.50R_MFE0.30R,10,-0.5,0.3,20260923-6168-124430,2026-09-23T12:44:42.553000+08:00,6168,SHORT,LOSER,True,True,-0.608,0.0,-0.3579422348347038,-1327.0,-1928.0,-1928.0,-601.0,False,True,-526.0
T10_NEG0.50R_MFE0.30R,10,-0.5,0.3,20260923-2409-130930,2026-09-23T13:09:30.012000+08:00,2409,SHORT,LOSER,True,False,-0.44457142857142856,0.05629369094088628,-0.2814684547044074,-1556.0,,-1556.0,0.0,False,False,-305.0
T10_NEG0.50R_MFE0.30R,10,-0.5,0.3,20260924-2409-090900,2026-09-24T09:09:00.032000+08:00,2409,SHORT,WINNER,True,False,0.8402857142857143,1.127396986918817,-0.28184924672969425,2441.0,,2441.0,0.0,False,False,4693.0
T10_NEG0.50R_MFE0.30R,10,-0.5,0.3,20260924-3605-090900,2026-09-24T09:09:03.562000+08:00,3605,LONG,LOSER,True,False,-0.31,0.11299447795986149,-0.5649723897993074,-585.0,,-585.0,0.0,False,False,2906.0
T10_NEG0.50R_MFE0.30R,10,-0.5,0.3,20260924-2033-091030,2026-09-24T09:10:31.938000+08:00,2033,SHORT,WINNER,False,False,,,,4158.0,,4158.0,0.0,False,False,6410.0
T10_NEG0.50R_MFE0.30R,10,-0.5,0.3,20260924-4956-093400,2026-09-24T09:34:01.454000+08:00,4956,LONG,LOSER,False,False,-1.1405714285714286,0.0,-0.7709759308117061,-3593.0,,-3593.0,0.0,False,False,-600.0
T10_NEG0.50R_MFE0.30R,10,-0.5,0.3,20260924-3624-115700,2026-09-24T11:57:00.051000+08:00,3624,LONG,LOSER,False,False,-0.6994285714285714,0.0,-0.6581841357877743,-3945.0,,-3945.0,0.0,False,False,-453.0
T10_NEG0.50R_MFE0.30R,10,-0.5,0.3,20260924-6456-131000,2026-09-24T13:10:00.019000+08:00,6456,LONG,LOSER,False,False,-0.6074285714285714,6.342722861865309e-15,-0.5355953309477,-2126.0,,-2126.0,0.0,False,False,-529.0
T10_NEG0.50R_MFE0.40R,10,-0.5,0.4,20260922-1709-093200,2026-09-22T09:32:00.233000+08:00,1709,SHORT,WINNER,False,False,,,,4442.0,,4442.0,0.0,False,False,6845.0
T10_NEG0.50R_MFE0.40R,10,-0.5,0.4,20260923-3229-092830,2026-09-23T09:28:31.476000+08:00,3229,SHORT,LOSER,False,False,-0.242,0.0,-0.47191064259623017,-3549.0,,-3549.0,0.0,False,False,955.0
T10_NEG0.50R_MFE0.40R,10,-0.5,0.4,20260923-8111-093300,2026-09-23T09:33:05.750000+08:00,8111,LONG,LOSER,True,True,-0.5394285714285715,0.0,-0.4425762807880903,-3684.0,-1888.0,-1888.0,1796.0,False,True,-491.0
T10_NEG0.50R_MFE0.40R,10,-0.5,0.4,20260923-3094-094300,2026-09-23T09:43:05.280000+08:00,3094,LONG,WINNER,True,False,1.0522857142857143,1.1989356116070222,-0.39964520386900904,7874.0,,7874.0,0.0,False,False,10866.0
T10_NEG0.50R_MFE0.40R,10,-0.5,0.4,20260923-4956-095730,2026-09-23T09:57:30.380000+08:00,4956,SHORT,LOSER,False,False,,,,-778.0,,-778.0,0.0,False,False,2625.0
T10_NEG0.50R_MFE0.40R,10,-0.5,0.4,20260923-1709-095830,2026-09-23T09:58:30.421000+08:00,1709,SHORT,LOSER,False,False,-1.026,0.09076479551259635,-0.7261183641007063,-3591.0,,-3591.0,0.0,False,False,-188.0
T10_NEG0.50R_MFE0.40R,10,-0.5,0.4,20260923-2221-100530,2026-09-23T10:05:35.229000+08:00,2221,LONG,WINNER,True,False,-0.29114285714285715,0.0,-0.5567934930885197,3470.0,,3470.0,0.0,False,False,5465.0
T10_NEG0.50R_MFE0.40R,10,-0.5,0.4,20260923-2033-113900,2026-09-23T11:39:02.815000+08:00,2033,SHORT,LOSER,False,False,,,,-1342.0,,-1342.0,0.0,False,False,1660.0
T10_NEG0.50R_MFE0.40R,10,-0.5,0.4,20260923-3605-121730,2026-09-23T12:17:37.884000+08:00,3605,SHORT,WINNER,True,False,-0.1682857142857143,0.0,-0.3403679831722073,1913.0,,1913.0,0.0,False,False,2914.0
T10_NEG0.50R_MFE0.40R,10,-0.5,0.4,20260923-6168-124430,2026-09-23T12:44:42.553000+08:00,6168,SHORT,LOSER,True,True,-0.608,0.0,-0.3579422348347038,-1327.0,-1928.0,-1928.0,-601.0,False,True,-526.0
T10_NEG0.50R_MFE0.40R,10,-0.5,0.4,20260923-2409-130930,2026-09-23T13:09:30.012000+08:00,2409,SHORT,LOSER,True,False,-0.44457142857142856,0.05629369094088628,-0.2814684547044074,-1556.0,,-1556.0,0.0,False,False,-305.0
T10_NEG0.50R_MFE0.40R,10,-0.5,0.4,20260924-2409-090900,2026-09-24T09:09:00.032000+08:00,2409,SHORT,WINNER,True,False,0.8402857142857143,1.127396986918817,-0.28184924672969425,2441.0,,2441.0,0.0,False,False,4693.0
T10_NEG0.50R_MFE0.40R,10,-0.5,0.4,20260924-3605-090900,2026-09-24T09:09:03.562000+08:00,3605,LONG,LOSER,True,False,-0.31,0.11299447795986149,-0.5649723897993074,-585.0,,-585.0,0.0,False,False,2906.0
T10_NEG0.50R_MFE0.40R,10,-0.5,0.4,20260924-2033-091030,2026-09-24T09:10:31.938000+08:00,2033,SHORT,WINNER,False,False,,,,4158.0,,4158.0,0.0,False,False,6410.0
T10_NEG0.50R_MFE0.40R,10,-0.5,0.4,20260924-4956-093400,2026-09-24T09:34:01.454000+08:00,4956,LONG,LOSER,False,False,-1.1405714285714286,0.0,-0.7709759308117061,-3593.0,,-3593.0,0.0,False,False,-600.0
T10_NEG0.50R_MFE0.40R,10,-0.5,0.4,20260924-3624-115700,2026-09-24T11:57:00.051000+08:00,3624,LONG,LOSER,False,False,-0.6994285714285714,0.0,-0.6581841357877743,-3945.0,,-3945.0,0.0,False,False,-453.0
T10_NEG0.50R_MFE0.40R,10,-0.5,0.4,20260924-6456-131000,2026-09-24T13:10:00.019000+08:00,6456,LONG,LOSER,False,False,-0.6074285714285714,6.342722861865309e-15,-0.5355953309477,-2126.0,,-2126.0,0.0,False,False,-529.0
T10_NEG0.50R_MFE0.50R,10,-0.5,0.5,20260922-1709-093200,2026-09-22T09:32:00.233000+08:00,1709,SHORT,WINNER,False,False,,,,4442.0,,4442.0,0.0,False,False,6845.0
T10_NEG0.50R_MFE0.50R,10,-0.5,0.5,20260923-3229-092830,2026-09-23T09:28:31.476000+08:00,3229,SHORT,LOSER,False,False,-0.242,0.0,-0.47191064259623017,-3549.0,,-3549.0,0.0,False,False,955.0
T10_NEG0.50R_MFE0.50R,10,-0.5,0.5,20260923-8111-093300,2026-09-23T09:33:05.750000+08:00,8111,LONG,LOSER,True,True,-0.5394285714285715,0.0,-0.4425762807880903,-3684.0,-1888.0,-1888.0,1796.0,False,True,-491.0
T10_NEG0.50R_MFE0.50R,10,-0.5,0.5,20260923-3094-094300,2026-09-23T09:43:05.280000+08:00,3094,LONG,WINNER,True,False,1.0522857142857143,1.1989356116070222,-0.39964520386900904,7874.0,,7874.0,0.0,False,False,10866.0
T10_NEG0.50R_MFE0.50R,10,-0.5,0.5,20260923-4956-095730,2026-09-23T09:57:30.380000+08:00,4956,SHORT,LOSER,False,False,,,,-778.0,,-778.0,0.0,False,False,2625.0
T10_NEG0.50R_MFE0.50R,10,-0.5,0.5,20260923-1709-095830,2026-09-23T09:58:30.421000+08:00,1709,SHORT,LOSER,False,False,-1.026,0.09076479551259635,-0.7261183641007063,-3591.0,,-3591.0,0.0,False,False,-188.0
T10_NEG0.50R_MFE0.50R,10,-0.5,0.5,20260923-2221-100530,2026-09-23T10:05:35.229000+08:00,2221,LONG,WINNER,True,False,-0.29114285714285715,0.0,-0.5567934930885197,3470.0,,3470.0,0.0,False,False,5465.0
T10_NEG0.50R_MFE0.50R,10,-0.5,0.5,20260923-2033-113900,2026-09-23T11:39:02.815000+08:00,2033,SHORT,LOSER,False,False,,,,-1342.0,,-1342.0,0.0,False,False,1660.0
T10_NEG0.50R_MFE0.50R,10,-0.5,0.5,20260923-3605-121730,2026-09-23T12:17:37.884000+08:00,3605,SHORT,WINNER,True,False,-0.1682857142857143,0.0,-0.3403679831722073,1913.0,,1913.0,0.0,False,False,2914.0
T10_NEG0.50R_MFE0.50R,10,-0.5,0.5,20260923-6168-124430,2026-09-23T12:44:42.553000+08:00,6168,SHORT,LOSER,True,True,-0.608,0.0,-0.3579422348347038,-1327.0,-1928.0,-1928.0,-601.0,False,True,-526.0
T10_NEG0.50R_MFE0.50R,10,-0.5,0.5,20260923-2409-130930,2026-09-23T13:09:30.012000+08:00,2409,SHORT,LOSER,True,False,-0.44457142857142856,0.05629369094088628,-0.2814684547044074,-1556.0,,-1556.0,0.0,False,False,-305.0
T10_NEG0.50R_MFE0.50R,10,-0.5,0.5,20260924-2409-090900,2026-09-24T09:09:00.032000+08:00,2409,SHORT,WINNER,True,False,0.8402857142857143,1.127396986918817,-0.28184924672969425,2441.0,,2441.0,0.0,False,False,4693.0
T10_NEG0.50R_MFE0.50R,10,-0.5,0.5,20260924-3605-090900,2026-09-24T09:09:03.562000+08:00,3605,LONG,LOSER,True,False,-0.31,0.11299447795986149,-0.5649723897993074,-585.0,,-585.0,0.0,False,False,2906.0
T10_NEG0.50R_MFE0.50R,10,-0.5,0.5,20260924-2033-091030,2026-09-24T09:10:31.938000+08:00,2033,SHORT,WINNER,False,False,,,,4158.0,,4158.0,0.0,False,False,6410.0
T10_NEG0.50R_MFE0.50R,10,-0.5,0.5,20260924-4956-093400,2026-09-24T09:34:01.454000+08:00,4956,LONG,LOSER,False,False,-1.1405714285714286,0.0,-0.7709759308117061,-3593.0,,-3593.0,0.0,False,False,-600.0
T10_NEG0.50R_MFE0.50R,10,-0.5,0.5,20260924-3624-115700,2026-09-24T11:57:00.051000+08:00,3624,LONG,LOSER,False,False,-0.6994285714285714,0.0,-0.6581841357877743,-3945.0,,-3945.0,0.0,False,False,-453.0
T10_NEG0.50R_MFE0.50R,10,-0.5,0.5,20260924-6456-131000,2026-09-24T13:10:00.019000+08:00,6456,LONG,LOSER,False,False,-0.6074285714285714,6.342722861865309e-15,-0.5355953309477,-2126.0,,-2126.0,0.0,False,False,-529.0
T10_NEG0.60R_MFE0.10R,10,-0.6,0.1,20260922-1709-093200,2026-09-22T09:32:00.233000+08:00,1709,SHORT,WINNER,False,False,,,,4442.0,,4442.0,0.0,False,False,6845.0
T10_NEG0.60R_MFE0.10R,10,-0.6,0.1,20260923-3229-092830,2026-09-23T09:28:31.476000+08:00,3229,SHORT,LOSER,False,False,-0.242,0.0,-0.47191064259623017,-3549.0,,-3549.0,0.0,False,False,955.0
T10_NEG0.60R_MFE0.10R,10,-0.6,0.1,20260923-8111-093300,2026-09-23T09:33:05.750000+08:00,8111,LONG,LOSER,True,False,-0.5394285714285715,0.0,-0.4425762807880903,-3684.0,,-3684.0,0.0,False,False,-491.0
T10_NEG0.60R_MFE0.10R,10,-0.6,0.1,20260923-3094-094300,2026-09-23T09:43:05.280000+08:00,3094,LONG,WINNER,True,False,1.0522857142857143,1.1989356116070222,-0.39964520386900904,7874.0,,7874.0,0.0,False,False,10866.0
T10_NEG0.60R_MFE0.10R,10,-0.6,0.1,20260923-4956-095730,2026-09-23T09:57:30.380000+08:00,4956,SHORT,LOSER,False,False,,,,-778.0,,-778.0,0.0,False,False,2625.0
T10_NEG0.60R_MFE0.10R,10,-0.6,0.1,20260923-1709-095830,2026-09-23T09:58:30.421000+08:00,1709,SHORT,LOSER,False,False,-1.026,0.09076479551259635,-0.7261183641007063,-3591.0,,-3591.0,0.0,False,False,-188.0
T10_NEG0.60R_MFE0.10R,10,-0.6,0.1,20260923-2221-100530,2026-09-23T10:05:35.229000+08:00,2221,LONG,WINNER,True,False,-0.29114285714285715,0.0,-0.5567934930885197,3470.0,,3470.0,0.0,False,False,5465.0
T10_NEG0.60R_MFE0.10R,10,-0.6,0.1,20260923-2033-113900,2026-09-23T11:39:02.815000+08:00,2033,SHORT,LOSER,False,False,,,,-1342.0,,-1342.0,0.0,False,False,1660.0
T10_NEG0.60R_MFE0.10R,10,-0.6,0.1,20260923-3605-121730,2026-09-23T12:17:37.884000+08:00,3605,SHORT,WINNER,True,False,-0.1682857142857143,0.0,-0.3403679831722073,1913.0,,1913.0,0.0,False,False,2914.0
T10_NEG0.60R_MFE0.10R,10,-0.6,0.1,20260923-6168-124430,2026-09-23T12:44:42.553000+08:00,6168,SHORT,LOSER,True,True,-0.608,0.0,-0.3579422348347038,-1327.0,-1928.0,-1928.0,-601.0,False,True,-526.0
T10_NEG0.60R_MFE0.10R,10,-0.6,0.1,20260923-2409-130930,2026-09-23T13:09:30.012000+08:00,2409,SHORT,LOSER,True,False,-0.44457142857142856,0.05629369094088628,-0.2814684547044074,-1556.0,,-1556.0,0.0,False,False,-305.0
T10_NEG0.60R_MFE0.10R,10,-0.6,0.1,20260924-2409-090900,2026-09-24T09:09:00.032000+08:00,2409,SHORT,WINNER,True,False,0.8402857142857143,1.127396986918817,-0.28184924672969425,2441.0,,2441.0,0.0,False,False,4693.0
T10_NEG0.60R_MFE0.10R,10,-0.6,0.1,20260924-3605-090900,2026-09-24T09:09:03.562000+08:00,3605,LONG,LOSER,True,False,-0.31,0.11299447795986149,-0.5649723897993074,-585.0,,-585.0,0.0,False,False,2906.0
T10_NEG0.60R_MFE0.10R,10,-0.6,0.1,20260924-2033-091030,2026-09-24T09:10:31.938000+08:00,2033,SHORT,WINNER,False,False,,,,4158.0,,4158.0,0.0,False,False,6410.0
T10_NEG0.60R_MFE0.10R,10,-0.6,0.1,20260924-4956-093400,2026-09-24T09:34:01.454000+08:00,4956,LONG,LOSER,False,False,-1.1405714285714286,0.0,-0.7709759308117061,-3593.0,,-3593.0,0.0,False,False,-600.0
T10_NEG0.60R_MFE0.10R,10,-0.6,0.1,20260924-3624-115700,2026-09-24T11:57:00.051000+08:00,3624,LONG,LOSER,False,False,-0.6994285714285714,0.0,-0.6581841357877743,-3945.0,,-3945.0,0.0,False,False,-453.0
T10_NEG0.60R_MFE0.10R,10,-0.6,0.1,20260924-6456-131000,2026-09-24T13:10:00.019000+08:00,6456,LONG,LOSER,False,False,-0.6074285714285714,6.342722861865309e-15,-0.5355953309477,-2126.0,,-2126.0,0.0,False,False,-529.0
T10_NEG0.60R_MFE0.20R,10,-0.6,0.2,20260922-1709-093200,2026-09-22T09:32:00.233000+08:00,1709,SHORT,WINNER,False,False,,,,4442.0,,4442.0,0.0,False,False,6845.0
T10_NEG0.60R_MFE0.20R,10,-0.6,0.2,20260923-3229-092830,2026-09-23T09:28:31.476000+08:00,3229,SHORT,LOSER,False,False,-0.242,0.0,-0.47191064259623017,-3549.0,,-3549.0,0.0,False,False,955.0
T10_NEG0.60R_MFE0.20R,10,-0.6,0.2,20260923-8111-093300,2026-09-23T09:33:05.750000+08:00,8111,LONG,LOSER,True,False,-0.5394285714285715,0.0,-0.4425762807880903,-3684.0,,-3684.0,0.0,False,False,-491.0
T10_NEG0.60R_MFE0.20R,10,-0.6,0.2,20260923-3094-094300,2026-09-23T09:43:05.280000+08:00,3094,LONG,WINNER,True,False,1.0522857142857143,1.1989356116070222,-0.39964520386900904,7874.0,,7874.0,0.0,False,False,10866.0
T10_NEG0.60R_MFE0.20R,10,-0.6,0.2,20260923-4956-095730,2026-09-23T09:57:30.380000+08:00,4956,SHORT,LOSER,False,False,,,,-778.0,,-778.0,0.0,False,False,2625.0
T10_NEG0.60R_MFE0.20R,10,-0.6,0.2,20260923-1709-095830,2026-09-23T09:58:30.421000+08:00,1709,SHORT,LOSER,False,False,-1.026,0.09076479551259635,-0.7261183641007063,-3591.0,,-3591.0,0.0,False,False,-188.0
T10_NEG0.60R_MFE0.20R,10,-0.6,0.2,20260923-2221-100530,2026-09-23T10:05:35.229000+08:00,2221,LONG,WINNER,True,False,-0.29114285714285715,0.0,-0.5567934930885197,3470.0,,3470.0,0.0,False,False,5465.0
T10_NEG0.60R_MFE0.20R,10,-0.6,0.2,20260923-2033-113900,2026-09-23T11:39:02.815000+08:00,2033,SHORT,LOSER,False,False,,,,-1342.0,,-1342.0,0.0,False,False,1660.0
T10_NEG0.60R_MFE0.20R,10,-0.6,0.2,20260923-3605-121730,2026-09-23T12:17:37.884000+08:00,3605,SHORT,WINNER,True,False,-0.1682857142857143,0.0,-0.3403679831722073,1913.0,,1913.0,0.0,False,False,2914.0
T10_NEG0.60R_MFE0.20R,10,-0.6,0.2,20260923-6168-124430,2026-09-23T12:44:42.553000+08:00,6168,SHORT,LOSER,True,True,-0.608,0.0,-0.3579422348347038,-1327.0,-1928.0,-1928.0,-601.0,False,True,-526.0
T10_NEG0.60R_MFE0.20R,10,-0.6,0.2,20260923-2409-130930,2026-09-23T13:09:30.012000+08:00,2409,SHORT,LOSER,True,False,-0.44457142857142856,0.05629369094088628,-0.2814684547044074,-1556.0,,-1556.0,0.0,False,False,-305.0
T10_NEG0.60R_MFE0.20R,10,-0.6,0.2,20260924-2409-090900,2026-09-24T09:09:00.032000+08:00,2409,SHORT,WINNER,True,False,0.8402857142857143,1.127396986918817,-0.28184924672969425,2441.0,,2441.0,0.0,False,False,4693.0
T10_NEG0.60R_MFE0.20R,10,-0.6,0.2,20260924-3605-090900,2026-09-24T09:09:03.562000+08:00,3605,LONG,LOSER,True,False,-0.31,0.11299447795986149,-0.5649723897993074,-585.0,,-585.0,0.0,False,False,2906.0
T10_NEG0.60R_MFE0.20R,10,-0.6,0.2,20260924-2033-091030,2026-09-24T09:10:31.938000+08:00,2033,SHORT,WINNER,False,False,,,,4158.0,,4158.0,0.0,False,False,6410.0
T10_NEG0.60R_MFE0.20R,10,-0.6,0.2,20260924-4956-093400,2026-09-24T09:34:01.454000+08:00,4956,LONG,LOSER,False,False,-1.1405714285714286,0.0,-0.7709759308117061,-3593.0,,-3593.0,0.0,False,False,-600.0
T10_NEG0.60R_MFE0.20R,10,-0.6,0.2,20260924-3624-115700,2026-09-24T11:57:00.051000+08:00,3624,LONG,LOSER,False,False,-0.6994285714285714,0.0,-0.6581841357877743,-3945.0,,-3945.0,0.0,False,False,-453.0
T10_NEG0.60R_MFE0.20R,10,-0.6,0.2,20260924-6456-131000,2026-09-24T13:10:00.019000+08:00,6456,LONG,LOSER,False,False,-0.6074285714285714,6.342722861865309e-15,-0.5355953309477,-2126.0,,-2126.0,0.0,False,False,-529.0
T10_NEG0.60R_MFE0.30R,10,-0.6,0.3,20260922-1709-093200,2026-09-22T09:32:00.233000+08:00,1709,SHORT,WINNER,False,False,,,,4442.0,,4442.0,0.0,False,False,6845.0
T10_NEG0.60R_MFE0.30R,10,-0.6,0.3,20260923-3229-092830,2026-09-23T09:28:31.476000+08:00,3229,SHORT,LOSER,False,False,-0.242,0.0,-0.47191064259623017,-3549.0,,-3549.0,0.0,False,False,955.0
T10_NEG0.60R_MFE0.30R,10,-0.6,0.3,20260923-8111-093300,2026-09-23T09:33:05.750000+08:00,8111,LONG,LOSER,True,False,-0.5394285714285715,0.0,-0.4425762807880903,-3684.0,,-3684.0,0.0,False,False,-491.0
T10_NEG0.60R_MFE0.30R,10,-0.6,0.3,20260923-3094-094300,2026-09-23T09:43:05.280000+08:00,3094,LONG,WINNER,True,False,1.0522857142857143,1.1989356116070222,-0.39964520386900904,7874.0,,7874.0,0.0,False,False,10866.0
T10_NEG0.60R_MFE0.30R,10,-0.6,0.3,20260923-4956-095730,2026-09-23T09:57:30.380000+08:00,4956,SHORT,LOSER,False,False,,,,-778.0,,-778.0,0.0,False,False,2625.0
T10_NEG0.60R_MFE0.30R,10,-0.6,0.3,20260923-1709-095830,2026-09-23T09:58:30.421000+08:00,1709,SHORT,LOSER,False,False,-1.026,0.09076479551259635,-0.7261183641007063,-3591.0,,-3591.0,0.0,False,False,-188.0
T10_NEG0.60R_MFE0.30R,10,-0.6,0.3,20260923-2221-100530,2026-09-23T10:05:35.229000+08:00,2221,LONG,WINNER,True,False,-0.29114285714285715,0.0,-0.5567934930885197,3470.0,,3470.0,0.0,False,False,5465.0
T10_NEG0.60R_MFE0.30R,10,-0.6,0.3,20260923-2033-113900,2026-09-23T11:39:02.815000+08:00,2033,SHORT,LOSER,False,False,,,,-1342.0,,-1342.0,0.0,False,False,1660.0
T10_NEG0.60R_MFE0.30R,10,-0.6,0.3,20260923-3605-121730,2026-09-23T12:17:37.884000+08:00,3605,SHORT,WINNER,True,False,-0.1682857142857143,0.0,-0.3403679831722073,1913.0,,1913.0,0.0,False,False,2914.0
T10_NEG0.60R_MFE0.30R,10,-0.6,0.3,20260923-6168-124430,2026-09-23T12:44:42.553000+08:00,6168,SHORT,LOSER,True,True,-0.608,0.0,-0.3579422348347038,-1327.0,-1928.0,-1928.0,-601.0,False,True,-526.0
T10_NEG0.60R_MFE0.30R,10,-0.6,0.3,20260923-2409-130930,2026-09-23T13:09:30.012000+08:00,2409,SHORT,LOSER,True,False,-0.44457142857142856,0.05629369094088628,-0.2814684547044074,-1556.0,,-1556.0,0.0,False,False,-305.0
T10_NEG0.60R_MFE0.30R,10,-0.6,0.3,20260924-2409-090900,2026-09-24T09:09:00.032000+08:00,2409,SHORT,WINNER,True,False,0.8402857142857143,1.127396986918817,-0.28184924672969425,2441.0,,2441.0,0.0,False,False,4693.0
T10_NEG0.60R_MFE0.30R,10,-0.6,0.3,20260924-3605-090900,2026-09-24T09:09:03.562000+08:00,3605,LONG,LOSER,True,False,-0.31,0.11299447795986149,-0.5649723897993074,-585.0,,-585.0,0.0,False,False,2906.0
T10_NEG0.60R_MFE0.30R,10,-0.6,0.3,20260924-2033-091030,2026-09-24T09:10:31.938000+08:00,2033,SHORT,WINNER,False,False,,,,4158.0,,4158.0,0.0,False,False,6410.0
T10_NEG0.60R_MFE0.30R,10,-0.6,0.3,20260924-4956-093400,2026-09-24T09:34:01.454000+08:00,4956,LONG,LOSER,False,False,-1.1405714285714286,0.0,-0.7709759308117061,-3593.0,,-3593.0,0.0,False,False,-600.0
T10_NEG0.60R_MFE0.30R,10,-0.6,0.3,20260924-3624-115700,2026-09-24T11:57:00.051000+08:00,3624,LONG,LOSER,False,False,-0.6994285714285714,0.0,-0.6581841357877743,-3945.0,,-3945.0,0.0,False,False,-453.0
T10_NEG0.60R_MFE0.30R,10,-0.6,0.3,20260924-6456-131000,2026-09-24T13:10:00.019000+08:00,6456,LONG,LOSER,False,False,-0.6074285714285714,6.342722861865309e-15,-0.5355953309477,-2126.0,,-2126.0,0.0,False,False,-529.0
T10_NEG0.60R_MFE0.40R,10,-0.6,0.4,20260922-1709-093200,2026-09-22T09:32:00.233000+08:00,1709,SHORT,WINNER,False,False,,,,4442.0,,4442.0,0.0,False,False,6845.0
T10_NEG0.60R_MFE0.40R,10,-0.6,0.4,20260923-3229-092830,2026-09-23T09:28:31.476000+08:00,3229,SHORT,LOSER,False,False,-0.242,0.0,-0.47191064259623017,-3549.0,,-3549.0,0.0,False,False,955.0
T10_NEG0.60R_MFE0.40R,10,-0.6,0.4,20260923-8111-093300,2026-09-23T09:33:05.750000+08:00,8111,LONG,LOSER,True,False,-0.5394285714285715,0.0,-0.4425762807880903,-3684.0,,-3684.0,0.0,False,False,-491.0
T10_NEG0.60R_MFE0.40R,10,-0.6,0.4,20260923-3094-094300,2026-09-23T09:43:05.280000+08:00,3094,LONG,WINNER,True,False,1.0522857142857143,1.1989356116070222,-0.39964520386900904,7874.0,,7874.0,0.0,False,False,10866.0
T10_NEG0.60R_MFE0.40R,10,-0.6,0.4,20260923-4956-095730,2026-09-23T09:57:30.380000+08:00,4956,SHORT,LOSER,False,False,,,,-778.0,,-778.0,0.0,False,False,2625.0
T10_NEG0.60R_MFE0.40R,10,-0.6,0.4,20260923-1709-095830,2026-09-23T09:58:30.421000+08:00,1709,SHORT,LOSER,False,False,-1.026,0.09076479551259635,-0.7261183641007063,-3591.0,,-3591.0,0.0,False,False,-188.0
T10_NEG0.60R_MFE0.40R,10,-0.6,0.4,20260923-2221-100530,2026-09-23T10:05:35.229000+08:00,2221,LONG,WINNER,True,False,-0.29114285714285715,0.0,-0.5567934930885197,3470.0,,3470.0,0.0,False,False,5465.0
T10_NEG0.60R_MFE0.40R,10,-0.6,0.4,20260923-2033-113900,2026-09-23T11:39:02.815000+08:00,2033,SHORT,LOSER,False,False,,,,-1342.0,,-1342.0,0.0,False,False,1660.0
T10_NEG0.60R_MFE0.40R,10,-0.6,0.4,20260923-3605-121730,2026-09-23T12:17:37.884000+08:00,3605,SHORT,WINNER,True,False,-0.1682857142857143,0.0,-0.3403679831722073,1913.0,,1913.0,0.0,False,False,2914.0
T10_NEG0.60R_MFE0.40R,10,-0.6,0.4,20260923-6168-124430,2026-09-23T12:44:42.553000+08:00,6168,SHORT,LOSER,True,True,-0.608,0.0,-0.3579422348347038,-1327.0,-1928.0,-1928.0,-601.0,False,True,-526.0
T10_NEG0.60R_MFE0.40R,10,-0.6,0.4,20260923-2409-130930,2026-09-23T13:09:30.012000+08:00,2409,SHORT,LOSER,True,False,-0.44457142857142856,0.05629369094088628,-0.2814684547044074,-1556.0,,-1556.0,0.0,False,False,-305.0
T10_NEG0.60R_MFE0.40R,10,-0.6,0.4,20260924-2409-090900,2026-09-24T09:09:00.032000+08:00,2409,SHORT,WINNER,True,False,0.8402857142857143,1.127396986918817,-0.28184924672969425,2441.0,,2441.0,0.0,False,False,4693.0
T10_NEG0.60R_MFE0.40R,10,-0.6,0.4,20260924-3605-090900,2026-09-24T09:09:03.562000+08:00,3605,LONG,LOSER,True,False,-0.31,0.11299447795986149,-0.5649723897993074,-585.0,,-585.0,0.0,False,False,2906.0
T10_NEG0.60R_MFE0.40R,10,-0.6,0.4,20260924-2033-091030,2026-09-24T09:10:31.938000+08:00,2033,SHORT,WINNER,False,False,,,,4158.0,,4158.0,0.0,False,False,6410.0
T10_NEG0.60R_MFE0.40R,10,-0.6,0.4,20260924-4956-093400,2026-09-24T09:34:01.454000+08:00,4956,LONG,LOSER,False,False,-1.1405714285714286,0.0,-0.7709759308117061,-3593.0,,-3593.0,0.0,False,False,-600.0
T10_NEG0.60R_MFE0.40R,10,-0.6,0.4,20260924-3624-115700,2026-09-24T11:57:00.051000+08:00,3624,LONG,LOSER,False,False,-0.6994285714285714,0.0,-0.6581841357877743,-3945.0,,-3945.0,0.0,False,False,-453.0
T10_NEG0.60R_MFE0.40R,10,-0.6,0.4,20260924-6456-131000,2026-09-24T13:10:00.019000+08:00,6456,LONG,LOSER,False,False,-0.6074285714285714,6.342722861865309e-15,-0.5355953309477,-2126.0,,-2126.0,0.0,False,False,-529.0
T10_NEG0.60R_MFE0.50R,10,-0.6,0.5,20260922-1709-093200,2026-09-22T09:32:00.233000+08:00,1709,SHORT,WINNER,False,False,,,,4442.0,,4442.0,0.0,False,False,6845.0
T10_NEG0.60R_MFE0.50R,10,-0.6,0.5,20260923-3229-092830,2026-09-23T09:28:31.476000+08:00,3229,SHORT,LOSER,False,False,-0.242,0.0,-0.47191064259623017,-3549.0,,-3549.0,0.0,False,False,955.0
T10_NEG0.60R_MFE0.50R,10,-0.6,0.5,20260923-8111-093300,2026-09-23T09:33:05.750000+08:00,8111,LONG,LOSER,True,False,-0.5394285714285715,0.0,-0.4425762807880903,-3684.0,,-3684.0,0.0,False,False,-491.0
T10_NEG0.60R_MFE0.50R,10,-0.6,0.5,20260923-3094-094300,2026-09-23T09:43:05.280000+08:00,3094,LONG,WINNER,True,False,1.0522857142857143,1.1989356116070222,-0.39964520386900904,7874.0,,7874.0,0.0,False,False,10866.0
T10_NEG0.60R_MFE0.50R,10,-0.6,0.5,20260923-4956-095730,2026-09-23T09:57:30.380000+08:00,4956,SHORT,LOSER,False,False,,,,-778.0,,-778.0,0.0,False,False,2625.0
T10_NEG0.60R_MFE0.50R,10,-0.6,0.5,20260923-1709-095830,2026-09-23T09:58:30.421000+08:00,1709,SHORT,LOSER,False,False,-1.026,0.09076479551259635,-0.7261183641007063,-3591.0,,-3591.0,0.0,False,False,-188.0
T10_NEG0.60R_MFE0.50R,10,-0.6,0.5,20260923-2221-100530,2026-09-23T10:05:35.229000+08:00,2221,LONG,WINNER,True,False,-0.29114285714285715,0.0,-0.5567934930885197,3470.0,,3470.0,0.0,False,False,5465.0
T10_NEG0.60R_MFE0.50R,10,-0.6,0.5,20260923-2033-113900,2026-09-23T11:39:02.815000+08:00,2033,SHORT,LOSER,False,False,,,,-1342.0,,-1342.0,0.0,False,False,1660.0
T10_NEG0.60R_MFE0.50R,10,-0.6,0.5,20260923-3605-121730,2026-09-23T12:17:37.884000+08:00,3605,SHORT,WINNER,True,False,-0.1682857142857143,0.0,-0.3403679831722073,1913.0,,1913.0,0.0,False,False,2914.0
T10_NEG0.60R_MFE0.50R,10,-0.6,0.5,20260923-6168-124430,2026-09-23T12:44:42.553000+08:00,6168,SHORT,LOSER,True,True,-0.608,0.0,-0.3579422348347038,-1327.0,-1928.0,-1928.0,-601.0,False,True,-526.0
T10_NEG0.60R_MFE0.50R,10,-0.6,0.5,20260923-2409-130930,2026-09-23T13:09:30.012000+08:00,2409,SHORT,LOSER,True,False,-0.44457142857142856,0.05629369094088628,-0.2814684547044074,-1556.0,,-1556.0,0.0,False,False,-305.0
T10_NEG0.60R_MFE0.50R,10,-0.6,0.5,20260924-2409-090900,2026-09-24T09:09:00.032000+08:00,2409,SHORT,WINNER,True,False,0.8402857142857143,1.127396986918817,-0.28184924672969425,2441.0,,2441.0,0.0,False,False,4693.0
T10_NEG0.60R_MFE0.50R,10,-0.6,0.5,20260924-3605-090900,2026-09-24T09:09:03.562000+08:00,3605,LONG,LOSER,True,False,-0.31,0.11299447795986149,-0.5649723897993074,-585.0,,-585.0,0.0,False,False,2906.0
T10_NEG0.60R_MFE0.50R,10,-0.6,0.5,20260924-2033-091030,2026-09-24T09:10:31.938000+08:00,2033,SHORT,WINNER,False,False,,,,4158.0,,4158.0,0.0,False,False,6410.0
T10_NEG0.60R_MFE0.50R,10,-0.6,0.5,20260924-4956-093400,2026-09-24T09:34:01.454000+08:00,4956,LONG,LOSER,False,False,-1.1405714285714286,0.0,-0.7709759308117061,-3593.0,,-3593.0,0.0,False,False,-600.0
T10_NEG0.60R_MFE0.50R,10,-0.6,0.5,20260924-3624-115700,2026-09-24T11:57:00.051000+08:00,3624,LONG,LOSER,False,False,-0.6994285714285714,0.0,-0.6581841357877743,-3945.0,,-3945.0,0.0,False,False,-453.0
T10_NEG0.60R_MFE0.50R,10,-0.6,0.5,20260924-6456-131000,2026-09-24T13:10:00.019000+08:00,6456,LONG,LOSER,False,False,-0.6074285714285714,6.342722861865309e-15,-0.5355953309477,-2126.0,,-2126.0,0.0,False,False,-529.0
T15_NEG0.20R_MFE0.10R,15,-0.2,0.1,20260922-1709-093200,2026-09-22T09:32:00.233000+08:00,1709,SHORT,WINNER,False,False,,,,4442.0,,4442.0,0.0,False,False,6845.0
T15_NEG0.20R_MFE0.10R,15,-0.2,0.1,20260923-3229-092830,2026-09-23T09:28:31.476000+08:00,3229,SHORT,LOSER,False,False,,,,-3549.0,,-3549.0,0.0,False,False,955.0
T15_NEG0.20R_MFE0.10R,15,-0.2,0.1,20260923-8111-093300,2026-09-23T09:33:05.750000+08:00,8111,LONG,LOSER,False,False,,,,-3684.0,,-3684.0,0.0,False,False,-491.0
T15_NEG0.20R_MFE0.10R,15,-0.2,0.1,20260923-3094-094300,2026-09-23T09:43:05.280000+08:00,3094,LONG,WINNER,False,False,2.5917142857142856,2.5310862911703826,-0.39964520386900904,7874.0,,7874.0,0.0,False,False,10866.0
T15_NEG0.20R_MFE0.10R,15,-0.2,0.1,20260923-4956-095730,2026-09-23T09:57:30.380000+08:00,4956,SHORT,LOSER,False,False,0.40685714285714286,0.45269403881172793,-0.13580821164350873,-778.0,,-778.0,0.0,False,False,2625.0
T15_NEG0.20R_MFE0.10R,15,-0.2,0.1,20260923-1709-095830,2026-09-23T09:58:30.421000+08:00,1709,SHORT,LOSER,False,False,-0.5114285714285715,0.09076479551259635,-0.7261183641007063,-3591.0,,-3591.0,0.0,False,False,-188.0
T15_NEG0.20R_MFE0.10R,15,-0.2,0.1,20260923-2221-100530,2026-09-23T10:05:35.229000+08:00,2221,LONG,WINNER,True,False,0.564,0.6681521917062236,-0.5567934930885197,3470.0,,3470.0,0.0,False,False,5465.0
T15_NEG0.20R_MFE0.10R,15,-0.2,0.1,20260923-2033-113900,2026-09-23T11:39:02.815000+08:00,2033,SHORT,LOSER,False,False,,,,-1342.0,,-1342.0,0.0,False,False,1660.0
T15_NEG0.20R_MFE0.10R,15,-0.2,0.1,20260923-3605-121730,2026-09-23T12:17:37.884000+08:00,3605,SHORT,WINNER,False,False,,,,1913.0,,1913.0,0.0,False,False,2914.0
T15_NEG0.20R_MFE0.10R,15,-0.2,0.1,20260923-6168-124430,2026-09-23T12:44:42.553000+08:00,6168,SHORT,LOSER,False,False,-0.4362857142857143,0.0,-0.3579422348347038,-1327.0,,-1327.0,0.0,False,False,-526.0
T15_NEG0.20R_MFE0.10R,15,-0.2,0.1,20260923-2409-130930,2026-09-23T13:09:30.012000+08:00,2409,SHORT,LOSER,False,False,,,,-1556.0,,-1556.0,0.0,False,False,-305.0
T15_NEG0.20R_MFE0.10R,15,-0.2,0.1,20260924-2409-090900,2026-09-24T09:09:00.032000+08:00,2409,SHORT,WINNER,True,False,1.1262857142857143,1.127396986918817,-0.28184924672969425,2441.0,,2441.0,0.0,False,False,4693.0
T15_NEG0.20R_MFE0.10R,15,-0.2,0.1,20260924-3605-090900,2026-09-24T09:09:03.562000+08:00,3605,LONG,LOSER,True,False,-0.31,0.11299447795986149,-0.5649723897993074,-585.0,,-585.0,0.0,False,False,2906.0
T15_NEG0.20R_MFE0.10R,15,-0.2,0.1,20260924-2033-091030,2026-09-24T09:10:31.938000+08:00,2033,SHORT,WINNER,False,False,,,,4158.0,,4158.0,0.0,False,False,6410.0
T15_NEG0.20R_MFE0.10R,15,-0.2,0.1,20260924-4956-093400,2026-09-24T09:34:01.454000+08:00,4956,LONG,LOSER,False,False,-1.5397142857142858,0.0,-1.2244911842303599,-3593.0,,-3593.0,0.0,False,False,-600.0
T15_NEG0.20R_MFE0.10R,15,-0.2,0.1,20260924-3624-115700,2026-09-24T11:57:00.051000+08:00,3624,LONG,LOSER,True,True,-0.6994285714285714,0.0,-0.6581841357877743,-3945.0,-2946.0,-2946.0,999.0,False,True,-453.0
T15_NEG0.20R_MFE0.10R,15,-0.2,0.1,20260924-6456-131000,2026-09-24T13:10:00.019000+08:00,6456,LONG,LOSER,False,False,,,,-2126.0,,-2126.0,0.0,False,False,-529.0
T15_NEG0.20R_MFE0.20R,15,-0.2,0.2,20260922-1709-093200,2026-09-22T09:32:00.233000+08:00,1709,SHORT,WINNER,False,False,,,,4442.0,,4442.0,0.0,False,False,6845.0
T15_NEG0.20R_MFE0.20R,15,-0.2,0.2,20260923-3229-092830,2026-09-23T09:28:31.476000+08:00,3229,SHORT,LOSER,False,False,,,,-3549.0,,-3549.0,0.0,False,False,955.0
T15_NEG0.20R_MFE0.20R,15,-0.2,0.2,20260923-8111-093300,2026-09-23T09:33:05.750000+08:00,8111,LONG,LOSER,False,False,,,,-3684.0,,-3684.0,0.0,False,False,-491.0
T15_NEG0.20R_MFE0.20R,15,-0.2,0.2,20260923-3094-094300,2026-09-23T09:43:05.280000+08:00,3094,LONG,WINNER,False,False,2.5917142857142856,2.5310862911703826,-0.39964520386900904,7874.0,,7874.0,0.0,False,False,10866.0
T15_NEG0.20R_MFE0.20R,15,-0.2,0.2,20260923-4956-095730,2026-09-23T09:57:30.380000+08:00,4956,SHORT,LOSER,False,False,0.40685714285714286,0.45269403881172793,-0.13580821164350873,-778.0,,-778.0,0.0,False,False,2625.0
T15_NEG0.20R_MFE0.20R,15,-0.2,0.2,20260923-1709-095830,2026-09-23T09:58:30.421000+08:00,1709,SHORT,LOSER,False,False,-0.5114285714285715,0.09076479551259635,-0.7261183641007063,-3591.0,,-3591.0,0.0,False,False,-188.0
T15_NEG0.20R_MFE0.20R,15,-0.2,0.2,20260923-2221-100530,2026-09-23T10:05:35.229000+08:00,2221,LONG,WINNER,True,False,0.564,0.6681521917062236,-0.5567934930885197,3470.0,,3470.0,0.0,False,False,5465.0
T15_NEG0.20R_MFE0.20R,15,-0.2,0.2,20260923-2033-113900,2026-09-23T11:39:02.815000+08:00,2033,SHORT,LOSER,False,False,,,,-1342.0,,-1342.0,0.0,False,False,1660.0
T15_NEG0.20R_MFE0.20R,15,-0.2,0.2,20260923-3605-121730,2026-09-23T12:17:37.884000+08:00,3605,SHORT,WINNER,False,False,,,,1913.0,,1913.0,0.0,False,False,2914.0
T15_NEG0.20R_MFE0.20R,15,-0.2,0.2,20260923-6168-124430,2026-09-23T12:44:42.553000+08:00,6168,SHORT,LOSER,False,False,-0.4362857142857143,0.0,-0.3579422348347038,-1327.0,,-1327.0,0.0,False,False,-526.0
T15_NEG0.20R_MFE0.20R,15,-0.2,0.2,20260923-2409-130930,2026-09-23T13:09:30.012000+08:00,2409,SHORT,LOSER,False,False,,,,-1556.0,,-1556.0,0.0,False,False,-305.0
T15_NEG0.20R_MFE0.20R,15,-0.2,0.2,20260924-2409-090900,2026-09-24T09:09:00.032000+08:00,2409,SHORT,WINNER,True,False,1.1262857142857143,1.127396986918817,-0.28184924672969425,2441.0,,2441.0,0.0,False,False,4693.0
T15_NEG0.20R_MFE0.20R,15,-0.2,0.2,20260924-3605-090900,2026-09-24T09:09:03.562000+08:00,3605,LONG,LOSER,True,True,-0.31,0.11299447795986149,-0.5649723897993074,-585.0,-1085.0,-1085.0,-500.0,False,True,2906.0
T15_NEG0.20R_MFE0.20R,15,-0.2,0.2,20260924-2033-091030,2026-09-24T09:10:31.938000+08:00,2033,SHORT,WINNER,False,False,,,,4158.0,,4158.0,0.0,False,False,6410.0
T15_NEG0.20R_MFE0.20R,15,-0.2,0.2,20260924-4956-093400,2026-09-24T09:34:01.454000+08:00,4956,LONG,LOSER,False,False,-1.5397142857142858,0.0,-1.2244911842303599,-3593.0,,-3593.0,0.0,False,False,-600.0
T15_NEG0.20R_MFE0.20R,15,-0.2,0.2,20260924-3624-115700,2026-09-24T11:57:00.051000+08:00,3624,LONG,LOSER,True,True,-0.6994285714285714,0.0,-0.6581841357877743,-3945.0,-2946.0,-2946.0,999.0,False,True,-453.0
T15_NEG0.20R_MFE0.20R,15,-0.2,0.2,20260924-6456-131000,2026-09-24T13:10:00.019000+08:00,6456,LONG,LOSER,False,False,,,,-2126.0,,-2126.0,0.0,False,False,-529.0
T15_NEG0.20R_MFE0.30R,15,-0.2,0.3,20260922-1709-093200,2026-09-22T09:32:00.233000+08:00,1709,SHORT,WINNER,False,False,,,,4442.0,,4442.0,0.0,False,False,6845.0
T15_NEG0.20R_MFE0.30R,15,-0.2,0.3,20260923-3229-092830,2026-09-23T09:28:31.476000+08:00,3229,SHORT,LOSER,False,False,,,,-3549.0,,-3549.0,0.0,False,False,955.0
T15_NEG0.20R_MFE0.30R,15,-0.2,0.3,20260923-8111-093300,2026-09-23T09:33:05.750000+08:00,8111,LONG,LOSER,False,False,,,,-3684.0,,-3684.0,0.0,False,False,-491.0
T15_NEG0.20R_MFE0.30R,15,-0.2,0.3,20260923-3094-094300,2026-09-23T09:43:05.280000+08:00,3094,LONG,WINNER,False,False,2.5917142857142856,2.5310862911703826,-0.39964520386900904,7874.0,,7874.0,0.0,False,False,10866.0
T15_NEG0.20R_MFE0.30R,15,-0.2,0.3,20260923-4956-095730,2026-09-23T09:57:30.380000+08:00,4956,SHORT,LOSER,False,False,0.40685714285714286,0.45269403881172793,-0.13580821164350873,-778.0,,-778.0,0.0,False,False,2625.0
T15_NEG0.20R_MFE0.30R,15,-0.2,0.3,20260923-1709-095830,2026-09-23T09:58:30.421000+08:00,1709,SHORT,LOSER,False,False,-0.5114285714285715,0.09076479551259635,-0.7261183641007063,-3591.0,,-3591.0,0.0,False,False,-188.0
T15_NEG0.20R_MFE0.30R,15,-0.2,0.3,20260923-2221-100530,2026-09-23T10:05:35.229000+08:00,2221,LONG,WINNER,True,False,0.564,0.6681521917062236,-0.5567934930885197,3470.0,,3470.0,0.0,False,False,5465.0
T15_NEG0.20R_MFE0.30R,15,-0.2,0.3,20260923-2033-113900,2026-09-23T11:39:02.815000+08:00,2033,SHORT,LOSER,False,False,,,,-1342.0,,-1342.0,0.0,False,False,1660.0
T15_NEG0.20R_MFE0.30R,15,-0.2,0.3,20260923-3605-121730,2026-09-23T12:17:37.884000+08:00,3605,SHORT,WINNER,False,False,,,,1913.0,,1913.0,0.0,False,False,2914.0
T15_NEG0.20R_MFE0.30R,15,-0.2,0.3,20260923-6168-124430,2026-09-23T12:44:42.553000+08:00,6168,SHORT,LOSER,False,False,-0.4362857142857143,0.0,-0.3579422348347038,-1327.0,,-1327.0,0.0,False,False,-526.0
T15_NEG0.20R_MFE0.30R,15,-0.2,0.3,20260923-2409-130930,2026-09-23T13:09:30.012000+08:00,2409,SHORT,LOSER,False,False,,,,-1556.0,,-1556.0,0.0,False,False,-305.0
T15_NEG0.20R_MFE0.30R,15,-0.2,0.3,20260924-2409-090900,2026-09-24T09:09:00.032000+08:00,2409,SHORT,WINNER,True,False,1.1262857142857143,1.127396986918817,-0.28184924672969425,2441.0,,2441.0,0.0,False,False,4693.0
T15_NEG0.20R_MFE0.30R,15,-0.2,0.3,20260924-3605-090900,2026-09-24T09:09:03.562000+08:00,3605,LONG,LOSER,True,True,-0.31,0.11299447795986149,-0.5649723897993074,-585.0,-1085.0,-1085.0,-500.0,False,True,2906.0
T15_NEG0.20R_MFE0.30R,15,-0.2,0.3,20260924-2033-091030,2026-09-24T09:10:31.938000+08:00,2033,SHORT,WINNER,False,False,,,,4158.0,,4158.0,0.0,False,False,6410.0
T15_NEG0.20R_MFE0.30R,15,-0.2,0.3,20260924-4956-093400,2026-09-24T09:34:01.454000+08:00,4956,LONG,LOSER,False,False,-1.5397142857142858,0.0,-1.2244911842303599,-3593.0,,-3593.0,0.0,False,False,-600.0
T15_NEG0.20R_MFE0.30R,15,-0.2,0.3,20260924-3624-115700,2026-09-24T11:57:00.051000+08:00,3624,LONG,LOSER,True,True,-0.6994285714285714,0.0,-0.6581841357877743,-3945.0,-2946.0,-2946.0,999.0,False,True,-453.0
T15_NEG0.20R_MFE0.30R,15,-0.2,0.3,20260924-6456-131000,2026-09-24T13:10:00.019000+08:00,6456,LONG,LOSER,False,False,,,,-2126.0,,-2126.0,0.0,False,False,-529.0
T15_NEG0.20R_MFE0.40R,15,-0.2,0.4,20260922-1709-093200,2026-09-22T09:32:00.233000+08:00,1709,SHORT,WINNER,False,False,,,,4442.0,,4442.0,0.0,False,False,6845.0
T15_NEG0.20R_MFE0.40R,15,-0.2,0.4,20260923-3229-092830,2026-09-23T09:28:31.476000+08:00,3229,SHORT,LOSER,False,False,,,,-3549.0,,-3549.0,0.0,False,False,955.0
T15_NEG0.20R_MFE0.40R,15,-0.2,0.4,20260923-8111-093300,2026-09-23T09:33:05.750000+08:00,8111,LONG,LOSER,False,False,,,,-3684.0,,-3684.0,0.0,False,False,-491.0
T15_NEG0.20R_MFE0.40R,15,-0.2,0.4,20260923-3094-094300,2026-09-23T09:43:05.280000+08:00,3094,LONG,WINNER,False,False,2.5917142857142856,2.5310862911703826,-0.39964520386900904,7874.0,,7874.0,0.0,False,False,10866.0
T15_NEG0.20R_MFE0.40R,15,-0.2,0.4,20260923-4956-095730,2026-09-23T09:57:30.380000+08:00,4956,SHORT,LOSER,False,False,0.40685714285714286,0.45269403881172793,-0.13580821164350873,-778.0,,-778.0,0.0,False,False,2625.0
T15_NEG0.20R_MFE0.40R,15,-0.2,0.4,20260923-1709-095830,2026-09-23T09:58:30.421000+08:00,1709,SHORT,LOSER,False,False,-0.5114285714285715,0.09076479551259635,-0.7261183641007063,-3591.0,,-3591.0,0.0,False,False,-188.0
T15_NEG0.20R_MFE0.40R,15,-0.2,0.4,20260923-2221-100530,2026-09-23T10:05:35.229000+08:00,2221,LONG,WINNER,True,False,0.564,0.6681521917062236,-0.5567934930885197,3470.0,,3470.0,0.0,False,False,5465.0
T15_NEG0.20R_MFE0.40R,15,-0.2,0.4,20260923-2033-113900,2026-09-23T11:39:02.815000+08:00,2033,SHORT,LOSER,False,False,,,,-1342.0,,-1342.0,0.0,False,False,1660.0
T15_NEG0.20R_MFE0.40R,15,-0.2,0.4,20260923-3605-121730,2026-09-23T12:17:37.884000+08:00,3605,SHORT,WINNER,False,False,,,,1913.0,,1913.0,0.0,False,False,2914.0
T15_NEG0.20R_MFE0.40R,15,-0.2,0.4,20260923-6168-124430,2026-09-23T12:44:42.553000+08:00,6168,SHORT,LOSER,False,False,-0.4362857142857143,0.0,-0.3579422348347038,-1327.0,,-1327.0,0.0,False,False,-526.0
T15_NEG0.20R_MFE0.40R,15,-0.2,0.4,20260923-2409-130930,2026-09-23T13:09:30.012000+08:00,2409,SHORT,LOSER,False,False,,,,-1556.0,,-1556.0,0.0,False,False,-305.0
T15_NEG0.20R_MFE0.40R,15,-0.2,0.4,20260924-2409-090900,2026-09-24T09:09:00.032000+08:00,2409,SHORT,WINNER,True,False,1.1262857142857143,1.127396986918817,-0.28184924672969425,2441.0,,2441.0,0.0,False,False,4693.0
T15_NEG0.20R_MFE0.40R,15,-0.2,0.4,20260924-3605-090900,2026-09-24T09:09:03.562000+08:00,3605,LONG,LOSER,True,True,-0.31,0.11299447795986149,-0.5649723897993074,-585.0,-1085.0,-1085.0,-500.0,False,True,2906.0
T15_NEG0.20R_MFE0.40R,15,-0.2,0.4,20260924-2033-091030,2026-09-24T09:10:31.938000+08:00,2033,SHORT,WINNER,False,False,,,,4158.0,,4158.0,0.0,False,False,6410.0
T15_NEG0.20R_MFE0.40R,15,-0.2,0.4,20260924-4956-093400,2026-09-24T09:34:01.454000+08:00,4956,LONG,LOSER,False,False,-1.5397142857142858,0.0,-1.2244911842303599,-3593.0,,-3593.0,0.0,False,False,-600.0
T15_NEG0.20R_MFE0.40R,15,-0.2,0.4,20260924-3624-115700,2026-09-24T11:57:00.051000+08:00,3624,LONG,LOSER,True,True,-0.6994285714285714,0.0,-0.6581841357877743,-3945.0,-2946.0,-2946.0,999.0,False,True,-453.0
T15_NEG0.20R_MFE0.40R,15,-0.2,0.4,20260924-6456-131000,2026-09-24T13:10:00.019000+08:00,6456,LONG,LOSER,False,False,,,,-2126.0,,-2126.0,0.0,False,False,-529.0
T15_NEG0.20R_MFE0.50R,15,-0.2,0.5,20260922-1709-093200,2026-09-22T09:32:00.233000+08:00,1709,SHORT,WINNER,False,False,,,,4442.0,,4442.0,0.0,False,False,6845.0
T15_NEG0.20R_MFE0.50R,15,-0.2,0.5,20260923-3229-092830,2026-09-23T09:28:31.476000+08:00,3229,SHORT,LOSER,False,False,,,,-3549.0,,-3549.0,0.0,False,False,955.0
T15_NEG0.20R_MFE0.50R,15,-0.2,0.5,20260923-8111-093300,2026-09-23T09:33:05.750000+08:00,8111,LONG,LOSER,False,False,,,,-3684.0,,-3684.0,0.0,False,False,-491.0
T15_NEG0.20R_MFE0.50R,15,-0.2,0.5,20260923-3094-094300,2026-09-23T09:43:05.280000+08:00,3094,LONG,WINNER,False,False,2.5917142857142856,2.5310862911703826,-0.39964520386900904,7874.0,,7874.0,0.0,False,False,10866.0
T15_NEG0.20R_MFE0.50R,15,-0.2,0.5,20260923-4956-095730,2026-09-23T09:57:30.380000+08:00,4956,SHORT,LOSER,False,False,0.40685714285714286,0.45269403881172793,-0.13580821164350873,-778.0,,-778.0,0.0,False,False,2625.0
T15_NEG0.20R_MFE0.50R,15,-0.2,0.5,20260923-1709-095830,2026-09-23T09:58:30.421000+08:00,1709,SHORT,LOSER,False,False,-0.5114285714285715,0.09076479551259635,-0.7261183641007063,-3591.0,,-3591.0,0.0,False,False,-188.0
T15_NEG0.20R_MFE0.50R,15,-0.2,0.5,20260923-2221-100530,2026-09-23T10:05:35.229000+08:00,2221,LONG,WINNER,True,False,0.564,0.6681521917062236,-0.5567934930885197,3470.0,,3470.0,0.0,False,False,5465.0
T15_NEG0.20R_MFE0.50R,15,-0.2,0.5,20260923-2033-113900,2026-09-23T11:39:02.815000+08:00,2033,SHORT,LOSER,False,False,,,,-1342.0,,-1342.0,0.0,False,False,1660.0
T15_NEG0.20R_MFE0.50R,15,-0.2,0.5,20260923-3605-121730,2026-09-23T12:17:37.884000+08:00,3605,SHORT,WINNER,False,False,,,,1913.0,,1913.0,0.0,False,False,2914.0
T15_NEG0.20R_MFE0.50R,15,-0.2,0.5,20260923-6168-124430,2026-09-23T12:44:42.553000+08:00,6168,SHORT,LOSER,False,False,-0.4362857142857143,0.0,-0.3579422348347038,-1327.0,,-1327.0,0.0,False,False,-526.0
T15_NEG0.20R_MFE0.50R,15,-0.2,0.5,20260923-2409-130930,2026-09-23T13:09:30.012000+08:00,2409,SHORT,LOSER,False,False,,,,-1556.0,,-1556.0,0.0,False,False,-305.0
T15_NEG0.20R_MFE0.50R,15,-0.2,0.5,20260924-2409-090900,2026-09-24T09:09:00.032000+08:00,2409,SHORT,WINNER,True,False,1.1262857142857143,1.127396986918817,-0.28184924672969425,2441.0,,2441.0,0.0,False,False,4693.0
T15_NEG0.20R_MFE0.50R,15,-0.2,0.5,20260924-3605-090900,2026-09-24T09:09:03.562000+08:00,3605,LONG,LOSER,True,True,-0.31,0.11299447795986149,-0.5649723897993074,-585.0,-1085.0,-1085.0,-500.0,False,True,2906.0
T15_NEG0.20R_MFE0.50R,15,-0.2,0.5,20260924-2033-091030,2026-09-24T09:10:31.938000+08:00,2033,SHORT,WINNER,False,False,,,,4158.0,,4158.0,0.0,False,False,6410.0
T15_NEG0.20R_MFE0.50R,15,-0.2,0.5,20260924-4956-093400,2026-09-24T09:34:01.454000+08:00,4956,LONG,LOSER,False,False,-1.5397142857142858,0.0,-1.2244911842303599,-3593.0,,-3593.0,0.0,False,False,-600.0
T15_NEG0.20R_MFE0.50R,15,-0.2,0.5,20260924-3624-115700,2026-09-24T11:57:00.051000+08:00,3624,LONG,LOSER,True,True,-0.6994285714285714,0.0,-0.6581841357877743,-3945.0,-2946.0,-2946.0,999.0,False,True,-453.0
T15_NEG0.20R_MFE0.50R,15,-0.2,0.5,20260924-6456-131000,2026-09-24T13:10:00.019000+08:00,6456,LONG,LOSER,False,False,,,,-2126.0,,-2126.0,0.0,False,False,-529.0
T15_NEG0.30R_MFE0.10R,15,-0.3,0.1,20260922-1709-093200,2026-09-22T09:32:00.233000+08:00,1709,SHORT,WINNER,False,False,,,,4442.0,,4442.0,0.0,False,False,6845.0
T15_NEG0.30R_MFE0.10R,15,-0.3,0.1,20260923-3229-092830,2026-09-23T09:28:31.476000+08:00,3229,SHORT,LOSER,False,False,,,,-3549.0,,-3549.0,0.0,False,False,955.0
T15_NEG0.30R_MFE0.10R,15,-0.3,0.1,20260923-8111-093300,2026-09-23T09:33:05.750000+08:00,8111,LONG,LOSER,False,False,,,,-3684.0,,-3684.0,0.0,False,False,-491.0
T15_NEG0.30R_MFE0.10R,15,-0.3,0.1,20260923-3094-094300,2026-09-23T09:43:05.280000+08:00,3094,LONG,WINNER,False,False,2.5917142857142856,2.5310862911703826,-0.39964520386900904,7874.0,,7874.0,0.0,False,False,10866.0
T15_NEG0.30R_MFE0.10R,15,-0.3,0.1,20260923-4956-095730,2026-09-23T09:57:30.380000+08:00,4956,SHORT,LOSER,False,False,0.40685714285714286,0.45269403881172793,-0.13580821164350873,-778.0,,-778.0,0.0,False,False,2625.0
T15_NEG0.30R_MFE0.10R,15,-0.3,0.1,20260923-1709-095830,2026-09-23T09:58:30.421000+08:00,1709,SHORT,LOSER,False,False,-0.5114285714285715,0.09076479551259635,-0.7261183641007063,-3591.0,,-3591.0,0.0,False,False,-188.0
T15_NEG0.30R_MFE0.10R,15,-0.3,0.1,20260923-2221-100530,2026-09-23T10:05:35.229000+08:00,2221,LONG,WINNER,True,False,0.564,0.6681521917062236,-0.5567934930885197,3470.0,,3470.0,0.0,False,False,5465.0
T15_NEG0.30R_MFE0.10R,15,-0.3,0.1,20260923-2033-113900,2026-09-23T11:39:02.815000+08:00,2033,SHORT,LOSER,False,False,,,,-1342.0,,-1342.0,0.0,False,False,1660.0
T15_NEG0.30R_MFE0.10R,15,-0.3,0.1,20260923-3605-121730,2026-09-23T12:17:37.884000+08:00,3605,SHORT,WINNER,False,False,,,,1913.0,,1913.0,0.0,False,False,2914.0
T15_NEG0.30R_MFE0.10R,15,-0.3,0.1,20260923-6168-124430,2026-09-23T12:44:42.553000+08:00,6168,SHORT,LOSER,False,False,-0.4362857142857143,0.0,-0.3579422348347038,-1327.0,,-1327.0,0.0,False,False,-526.0
T15_NEG0.30R_MFE0.10R,15,-0.3,0.1,20260923-2409-130930,2026-09-23T13:09:30.012000+08:00,2409,SHORT,LOSER,False,False,,,,-1556.0,,-1556.0,0.0,False,False,-305.0
T15_NEG0.30R_MFE0.10R,15,-0.3,0.1,20260924-2409-090900,2026-09-24T09:09:00.032000+08:00,2409,SHORT,WINNER,True,False,1.1262857142857143,1.127396986918817,-0.28184924672969425,2441.0,,2441.0,0.0,False,False,4693.0
T15_NEG0.30R_MFE0.10R,15,-0.3,0.1,20260924-3605-090900,2026-09-24T09:09:03.562000+08:00,3605,LONG,LOSER,True,False,-0.31,0.11299447795986149,-0.5649723897993074,-585.0,,-585.0,0.0,False,False,2906.0
T15_NEG0.30R_MFE0.10R,15,-0.3,0.1,20260924-2033-091030,2026-09-24T09:10:31.938000+08:00,2033,SHORT,WINNER,False,False,,,,4158.0,,4158.0,0.0,False,False,6410.0
T15_NEG0.30R_MFE0.10R,15,-0.3,0.1,20260924-4956-093400,2026-09-24T09:34:01.454000+08:00,4956,LONG,LOSER,False,False,-1.5397142857142858,0.0,-1.2244911842303599,-3593.0,,-3593.0,0.0,False,False,-600.0
T15_NEG0.30R_MFE0.10R,15,-0.3,0.1,20260924-3624-115700,2026-09-24T11:57:00.051000+08:00,3624,LONG,LOSER,True,True,-0.6994285714285714,0.0,-0.6581841357877743,-3945.0,-2946.0,-2946.0,999.0,False,True,-453.0
T15_NEG0.30R_MFE0.10R,15,-0.3,0.1,20260924-6456-131000,2026-09-24T13:10:00.019000+08:00,6456,LONG,LOSER,False,False,,,,-2126.0,,-2126.0,0.0,False,False,-529.0
T15_NEG0.30R_MFE0.20R,15,-0.3,0.2,20260922-1709-093200,2026-09-22T09:32:00.233000+08:00,1709,SHORT,WINNER,False,False,,,,4442.0,,4442.0,0.0,False,False,6845.0
T15_NEG0.30R_MFE0.20R,15,-0.3,0.2,20260923-3229-092830,2026-09-23T09:28:31.476000+08:00,3229,SHORT,LOSER,False,False,,,,-3549.0,,-3549.0,0.0,False,False,955.0
T15_NEG0.30R_MFE0.20R,15,-0.3,0.2,20260923-8111-093300,2026-09-23T09:33:05.750000+08:00,8111,LONG,LOSER,False,False,,,,-3684.0,,-3684.0,0.0,False,False,-491.0
T15_NEG0.30R_MFE0.20R,15,-0.3,0.2,20260923-3094-094300,2026-09-23T09:43:05.280000+08:00,3094,LONG,WINNER,False,False,2.5917142857142856,2.5310862911703826,-0.39964520386900904,7874.0,,7874.0,0.0,False,False,10866.0
T15_NEG0.30R_MFE0.20R,15,-0.3,0.2,20260923-4956-095730,2026-09-23T09:57:30.380000+08:00,4956,SHORT,LOSER,False,False,0.40685714285714286,0.45269403881172793,-0.13580821164350873,-778.0,,-778.0,0.0,False,False,2625.0
T15_NEG0.30R_MFE0.20R,15,-0.3,0.2,20260923-1709-095830,2026-09-23T09:58:30.421000+08:00,1709,SHORT,LOSER,False,False,-0.5114285714285715,0.09076479551259635,-0.7261183641007063,-3591.0,,-3591.0,0.0,False,False,-188.0
T15_NEG0.30R_MFE0.20R,15,-0.3,0.2,20260923-2221-100530,2026-09-23T10:05:35.229000+08:00,2221,LONG,WINNER,True,False,0.564,0.6681521917062236,-0.5567934930885197,3470.0,,3470.0,0.0,False,False,5465.0
T15_NEG0.30R_MFE0.20R,15,-0.3,0.2,20260923-2033-113900,2026-09-23T11:39:02.815000+08:00,2033,SHORT,LOSER,False,False,,,,-1342.0,,-1342.0,0.0,False,False,1660.0
T15_NEG0.30R_MFE0.20R,15,-0.3,0.2,20260923-3605-121730,2026-09-23T12:17:37.884000+08:00,3605,SHORT,WINNER,False,False,,,,1913.0,,1913.0,0.0,False,False,2914.0
T15_NEG0.30R_MFE0.20R,15,-0.3,0.2,20260923-6168-124430,2026-09-23T12:44:42.553000+08:00,6168,SHORT,LOSER,False,False,-0.4362857142857143,0.0,-0.3579422348347038,-1327.0,,-1327.0,0.0,False,False,-526.0
T15_NEG0.30R_MFE0.20R,15,-0.3,0.2,20260923-2409-130930,2026-09-23T13:09:30.012000+08:00,2409,SHORT,LOSER,False,False,,,,-1556.0,,-1556.0,0.0,False,False,-305.0
T15_NEG0.30R_MFE0.20R,15,-0.3,0.2,20260924-2409-090900,2026-09-24T09:09:00.032000+08:00,2409,SHORT,WINNER,True,False,1.1262857142857143,1.127396986918817,-0.28184924672969425,2441.0,,2441.0,0.0,False,False,4693.0
T15_NEG0.30R_MFE0.20R,15,-0.3,0.2,20260924-3605-090900,2026-09-24T09:09:03.562000+08:00,3605,LONG,LOSER,True,True,-0.31,0.11299447795986149,-0.5649723897993074,-585.0,-1085.0,-1085.0,-500.0,False,True,2906.0
T15_NEG0.30R_MFE0.20R,15,-0.3,0.2,20260924-2033-091030,2026-09-24T09:10:31.938000+08:00,2033,SHORT,WINNER,False,False,,,,4158.0,,4158.0,0.0,False,False,6410.0
T15_NEG0.30R_MFE0.20R,15,-0.3,0.2,20260924-4956-093400,2026-09-24T09:34:01.454000+08:00,4956,LONG,LOSER,False,False,-1.5397142857142858,0.0,-1.2244911842303599,-3593.0,,-3593.0,0.0,False,False,-600.0
T15_NEG0.30R_MFE0.20R,15,-0.3,0.2,20260924-3624-115700,2026-09-24T11:57:00.051000+08:00,3624,LONG,LOSER,True,True,-0.6994285714285714,0.0,-0.6581841357877743,-3945.0,-2946.0,-2946.0,999.0,False,True,-453.0
T15_NEG0.30R_MFE0.20R,15,-0.3,0.2,20260924-6456-131000,2026-09-24T13:10:00.019000+08:00,6456,LONG,LOSER,False,False,,,,-2126.0,,-2126.0,0.0,False,False,-529.0
T15_NEG0.30R_MFE0.30R,15,-0.3,0.3,20260922-1709-093200,2026-09-22T09:32:00.233000+08:00,1709,SHORT,WINNER,False,False,,,,4442.0,,4442.0,0.0,False,False,6845.0
T15_NEG0.30R_MFE0.30R,15,-0.3,0.3,20260923-3229-092830,2026-09-23T09:28:31.476000+08:00,3229,SHORT,LOSER,False,False,,,,-3549.0,,-3549.0,0.0,False,False,955.0
T15_NEG0.30R_MFE0.30R,15,-0.3,0.3,20260923-8111-093300,2026-09-23T09:33:05.750000+08:00,8111,LONG,LOSER,False,False,,,,-3684.0,,-3684.0,0.0,False,False,-491.0
T15_NEG0.30R_MFE0.30R,15,-0.3,0.3,20260923-3094-094300,2026-09-23T09:43:05.280000+08:00,3094,LONG,WINNER,False,False,2.5917142857142856,2.5310862911703826,-0.39964520386900904,7874.0,,7874.0,0.0,False,False,10866.0
T15_NEG0.30R_MFE0.30R,15,-0.3,0.3,20260923-4956-095730,2026-09-23T09:57:30.380000+08:00,4956,SHORT,LOSER,False,False,0.40685714285714286,0.45269403881172793,-0.13580821164350873,-778.0,,-778.0,0.0,False,False,2625.0
T15_NEG0.30R_MFE0.30R,15,-0.3,0.3,20260923-1709-095830,2026-09-23T09:58:30.421000+08:00,1709,SHORT,LOSER,False,False,-0.5114285714285715,0.09076479551259635,-0.7261183641007063,-3591.0,,-3591.0,0.0,False,False,-188.0
T15_NEG0.30R_MFE0.30R,15,-0.3,0.3,20260923-2221-100530,2026-09-23T10:05:35.229000+08:00,2221,LONG,WINNER,True,False,0.564,0.6681521917062236,-0.5567934930885197,3470.0,,3470.0,0.0,False,False,5465.0
T15_NEG0.30R_MFE0.30R,15,-0.3,0.3,20260923-2033-113900,2026-09-23T11:39:02.815000+08:00,2033,SHORT,LOSER,False,False,,,,-1342.0,,-1342.0,0.0,False,False,1660.0
T15_NEG0.30R_MFE0.30R,15,-0.3,0.3,20260923-3605-121730,2026-09-23T12:17:37.884000+08:00,3605,SHORT,WINNER,False,False,,,,1913.0,,1913.0,0.0,False,False,2914.0
T15_NEG0.30R_MFE0.30R,15,-0.3,0.3,20260923-6168-124430,2026-09-23T12:44:42.553000+08:00,6168,SHORT,LOSER,False,False,-0.4362857142857143,0.0,-0.3579422348347038,-1327.0,,-1327.0,0.0,False,False,-526.0
T15_NEG0.30R_MFE0.30R,15,-0.3,0.3,20260923-2409-130930,2026-09-23T13:09:30.012000+08:00,2409,SHORT,LOSER,False,False,,,,-1556.0,,-1556.0,0.0,False,False,-305.0
T15_NEG0.30R_MFE0.30R,15,-0.3,0.3,20260924-2409-090900,2026-09-24T09:09:00.032000+08:00,2409,SHORT,WINNER,True,False,1.1262857142857143,1.127396986918817,-0.28184924672969425,2441.0,,2441.0,0.0,False,False,4693.0
T15_NEG0.30R_MFE0.30R,15,-0.3,0.3,20260924-3605-090900,2026-09-24T09:09:03.562000+08:00,3605,LONG,LOSER,True,True,-0.31,0.11299447795986149,-0.5649723897993074,-585.0,-1085.0,-1085.0,-500.0,False,True,2906.0
T15_NEG0.30R_MFE0.30R,15,-0.3,0.3,20260924-2033-091030,2026-09-24T09:10:31.938000+08:00,2033,SHORT,WINNER,False,False,,,,4158.0,,4158.0,0.0,False,False,6410.0
T15_NEG0.30R_MFE0.30R,15,-0.3,0.3,20260924-4956-093400,2026-09-24T09:34:01.454000+08:00,4956,LONG,LOSER,False,False,-1.5397142857142858,0.0,-1.2244911842303599,-3593.0,,-3593.0,0.0,False,False,-600.0
T15_NEG0.30R_MFE0.30R,15,-0.3,0.3,20260924-3624-115700,2026-09-24T11:57:00.051000+08:00,3624,LONG,LOSER,True,True,-0.6994285714285714,0.0,-0.6581841357877743,-3945.0,-2946.0,-2946.0,999.0,False,True,-453.0
T15_NEG0.30R_MFE0.30R,15,-0.3,0.3,20260924-6456-131000,2026-09-24T13:10:00.019000+08:00,6456,LONG,LOSER,False,False,,,,-2126.0,,-2126.0,0.0,False,False,-529.0
T15_NEG0.30R_MFE0.40R,15,-0.3,0.4,20260922-1709-093200,2026-09-22T09:32:00.233000+08:00,1709,SHORT,WINNER,False,False,,,,4442.0,,4442.0,0.0,False,False,6845.0
T15_NEG0.30R_MFE0.40R,15,-0.3,0.4,20260923-3229-092830,2026-09-23T09:28:31.476000+08:00,3229,SHORT,LOSER,False,False,,,,-3549.0,,-3549.0,0.0,False,False,955.0
T15_NEG0.30R_MFE0.40R,15,-0.3,0.4,20260923-8111-093300,2026-09-23T09:33:05.750000+08:00,8111,LONG,LOSER,False,False,,,,-3684.0,,-3684.0,0.0,False,False,-491.0
T15_NEG0.30R_MFE0.40R,15,-0.3,0.4,20260923-3094-094300,2026-09-23T09:43:05.280000+08:00,3094,LONG,WINNER,False,False,2.5917142857142856,2.5310862911703826,-0.39964520386900904,7874.0,,7874.0,0.0,False,False,10866.0
T15_NEG0.30R_MFE0.40R,15,-0.3,0.4,20260923-4956-095730,2026-09-23T09:57:30.380000+08:00,4956,SHORT,LOSER,False,False,0.40685714285714286,0.45269403881172793,-0.13580821164350873,-778.0,,-778.0,0.0,False,False,2625.0
T15_NEG0.30R_MFE0.40R,15,-0.3,0.4,20260923-1709-095830,2026-09-23T09:58:30.421000+08:00,1709,SHORT,LOSER,False,False,-0.5114285714285715,0.09076479551259635,-0.7261183641007063,-3591.0,,-3591.0,0.0,False,False,-188.0
T15_NEG0.30R_MFE0.40R,15,-0.3,0.4,20260923-2221-100530,2026-09-23T10:05:35.229000+08:00,2221,LONG,WINNER,True,False,0.564,0.6681521917062236,-0.5567934930885197,3470.0,,3470.0,0.0,False,False,5465.0
T15_NEG0.30R_MFE0.40R,15,-0.3,0.4,20260923-2033-113900,2026-09-23T11:39:02.815000+08:00,2033,SHORT,LOSER,False,False,,,,-1342.0,,-1342.0,0.0,False,False,1660.0
T15_NEG0.30R_MFE0.40R,15,-0.3,0.4,20260923-3605-121730,2026-09-23T12:17:37.884000+08:00,3605,SHORT,WINNER,False,False,,,,1913.0,,1913.0,0.0,False,False,2914.0
T15_NEG0.30R_MFE0.40R,15,-0.3,0.4,20260923-6168-124430,2026-09-23T12:44:42.553000+08:00,6168,SHORT,LOSER,False,False,-0.4362857142857143,0.0,-0.3579422348347038,-1327.0,,-1327.0,0.0,False,False,-526.0
T15_NEG0.30R_MFE0.40R,15,-0.3,0.4,20260923-2409-130930,2026-09-23T13:09:30.012000+08:00,2409,SHORT,LOSER,False,False,,,,-1556.0,,-1556.0,0.0,False,False,-305.0
T15_NEG0.30R_MFE0.40R,15,-0.3,0.4,20260924-2409-090900,2026-09-24T09:09:00.032000+08:00,2409,SHORT,WINNER,True,False,1.1262857142857143,1.127396986918817,-0.28184924672969425,2441.0,,2441.0,0.0,False,False,4693.0
T15_NEG0.30R_MFE0.40R,15,-0.3,0.4,20260924-3605-090900,2026-09-24T09:09:03.562000+08:00,3605,LONG,LOSER,True,True,-0.31,0.11299447795986149,-0.5649723897993074,-585.0,-1085.0,-1085.0,-500.0,False,True,2906.0
T15_NEG0.30R_MFE0.40R,15,-0.3,0.4,20260924-2033-091030,2026-09-24T09:10:31.938000+08:00,2033,SHORT,WINNER,False,False,,,,4158.0,,4158.0,0.0,False,False,6410.0
T15_NEG0.30R_MFE0.40R,15,-0.3,0.4,20260924-4956-093400,2026-09-24T09:34:01.454000+08:00,4956,LONG,LOSER,False,False,-1.5397142857142858,0.0,-1.2244911842303599,-3593.0,,-3593.0,0.0,False,False,-600.0
T15_NEG0.30R_MFE0.40R,15,-0.3,0.4,20260924-3624-115700,2026-09-24T11:57:00.051000+08:00,3624,LONG,LOSER,True,True,-0.6994285714285714,0.0,-0.6581841357877743,-3945.0,-2946.0,-2946.0,999.0,False,True,-453.0
T15_NEG0.30R_MFE0.40R,15,-0.3,0.4,20260924-6456-131000,2026-09-24T13:10:00.019000+08:00,6456,LONG,LOSER,False,False,,,,-2126.0,,-2126.0,0.0,False,False,-529.0
T15_NEG0.30R_MFE0.50R,15,-0.3,0.5,20260922-1709-093200,2026-09-22T09:32:00.233000+08:00,1709,SHORT,WINNER,False,False,,,,4442.0,,4442.0,0.0,False,False,6845.0
T15_NEG0.30R_MFE0.50R,15,-0.3,0.5,20260923-3229-092830,2026-09-23T09:28:31.476000+08:00,3229,SHORT,LOSER,False,False,,,,-3549.0,,-3549.0,0.0,False,False,955.0
T15_NEG0.30R_MFE0.50R,15,-0.3,0.5,20260923-8111-093300,2026-09-23T09:33:05.750000+08:00,8111,LONG,LOSER,False,False,,,,-3684.0,,-3684.0,0.0,False,False,-491.0
T15_NEG0.30R_MFE0.50R,15,-0.3,0.5,20260923-3094-094300,2026-09-23T09:43:05.280000+08:00,3094,LONG,WINNER,False,False,2.5917142857142856,2.5310862911703826,-0.39964520386900904,7874.0,,7874.0,0.0,False,False,10866.0
T15_NEG0.30R_MFE0.50R,15,-0.3,0.5,20260923-4956-095730,2026-09-23T09:57:30.380000+08:00,4956,SHORT,LOSER,False,False,0.40685714285714286,0.45269403881172793,-0.13580821164350873,-778.0,,-778.0,0.0,False,False,2625.0
T15_NEG0.30R_MFE0.50R,15,-0.3,0.5,20260923-1709-095830,2026-09-23T09:58:30.421000+08:00,1709,SHORT,LOSER,False,False,-0.5114285714285715,0.09076479551259635,-0.7261183641007063,-3591.0,,-3591.0,0.0,False,False,-188.0
T15_NEG0.30R_MFE0.50R,15,-0.3,0.5,20260923-2221-100530,2026-09-23T10:05:35.229000+08:00,2221,LONG,WINNER,True,False,0.564,0.6681521917062236,-0.5567934930885197,3470.0,,3470.0,0.0,False,False,5465.0
T15_NEG0.30R_MFE0.50R,15,-0.3,0.5,20260923-2033-113900,2026-09-23T11:39:02.815000+08:00,2033,SHORT,LOSER,False,False,,,,-1342.0,,-1342.0,0.0,False,False,1660.0
T15_NEG0.30R_MFE0.50R,15,-0.3,0.5,20260923-3605-121730,2026-09-23T12:17:37.884000+08:00,3605,SHORT,WINNER,False,False,,,,1913.0,,1913.0,0.0,False,False,2914.0
T15_NEG0.30R_MFE0.50R,15,-0.3,0.5,20260923-6168-124430,2026-09-23T12:44:42.553000+08:00,6168,SHORT,LOSER,False,False,-0.4362857142857143,0.0,-0.3579422348347038,-1327.0,,-1327.0,0.0,False,False,-526.0
T15_NEG0.30R_MFE0.50R,15,-0.3,0.5,20260923-2409-130930,2026-09-23T13:09:30.012000+08:00,2409,SHORT,LOSER,False,False,,,,-1556.0,,-1556.0,0.0,False,False,-305.0
T15_NEG0.30R_MFE0.50R,15,-0.3,0.5,20260924-2409-090900,2026-09-24T09:09:00.032000+08:00,2409,SHORT,WINNER,True,False,1.1262857142857143,1.127396986918817,-0.28184924672969425,2441.0,,2441.0,0.0,False,False,4693.0
T15_NEG0.30R_MFE0.50R,15,-0.3,0.5,20260924-3605-090900,2026-09-24T09:09:03.562000+08:00,3605,LONG,LOSER,True,True,-0.31,0.11299447795986149,-0.5649723897993074,-585.0,-1085.0,-1085.0,-500.0,False,True,2906.0
T15_NEG0.30R_MFE0.50R,15,-0.3,0.5,20260924-2033-091030,2026-09-24T09:10:31.938000+08:00,2033,SHORT,WINNER,False,False,,,,4158.0,,4158.0,0.0,False,False,6410.0
T15_NEG0.30R_MFE0.50R,15,-0.3,0.5,20260924-4956-093400,2026-09-24T09:34:01.454000+08:00,4956,LONG,LOSER,False,False,-1.5397142857142858,0.0,-1.2244911842303599,-3593.0,,-3593.0,0.0,False,False,-600.0
T15_NEG0.30R_MFE0.50R,15,-0.3,0.5,20260924-3624-115700,2026-09-24T11:57:00.051000+08:00,3624,LONG,LOSER,True,True,-0.6994285714285714,0.0,-0.6581841357877743,-3945.0,-2946.0,-2946.0,999.0,False,True,-453.0
T15_NEG0.30R_MFE0.50R,15,-0.3,0.5,20260924-6456-131000,2026-09-24T13:10:00.019000+08:00,6456,LONG,LOSER,False,False,,,,-2126.0,,-2126.0,0.0,False,False,-529.0
T15_NEG0.40R_MFE0.10R,15,-0.4,0.1,20260922-1709-093200,2026-09-22T09:32:00.233000+08:00,1709,SHORT,WINNER,False,False,,,,4442.0,,4442.0,0.0,False,False,6845.0
T15_NEG0.40R_MFE0.10R,15,-0.4,0.1,20260923-3229-092830,2026-09-23T09:28:31.476000+08:00,3229,SHORT,LOSER,False,False,,,,-3549.0,,-3549.0,0.0,False,False,955.0
T15_NEG0.40R_MFE0.10R,15,-0.4,0.1,20260923-8111-093300,2026-09-23T09:33:05.750000+08:00,8111,LONG,LOSER,False,False,,,,-3684.0,,-3684.0,0.0,False,False,-491.0
T15_NEG0.40R_MFE0.10R,15,-0.4,0.1,20260923-3094-094300,2026-09-23T09:43:05.280000+08:00,3094,LONG,WINNER,False,False,2.5917142857142856,2.5310862911703826,-0.39964520386900904,7874.0,,7874.0,0.0,False,False,10866.0
T15_NEG0.40R_MFE0.10R,15,-0.4,0.1,20260923-4956-095730,2026-09-23T09:57:30.380000+08:00,4956,SHORT,LOSER,False,False,0.40685714285714286,0.45269403881172793,-0.13580821164350873,-778.0,,-778.0,0.0,False,False,2625.0
T15_NEG0.40R_MFE0.10R,15,-0.4,0.1,20260923-1709-095830,2026-09-23T09:58:30.421000+08:00,1709,SHORT,LOSER,False,False,-0.5114285714285715,0.09076479551259635,-0.7261183641007063,-3591.0,,-3591.0,0.0,False,False,-188.0
T15_NEG0.40R_MFE0.10R,15,-0.4,0.1,20260923-2221-100530,2026-09-23T10:05:35.229000+08:00,2221,LONG,WINNER,True,False,0.564,0.6681521917062236,-0.5567934930885197,3470.0,,3470.0,0.0,False,False,5465.0
T15_NEG0.40R_MFE0.10R,15,-0.4,0.1,20260923-2033-113900,2026-09-23T11:39:02.815000+08:00,2033,SHORT,LOSER,False,False,,,,-1342.0,,-1342.0,0.0,False,False,1660.0
T15_NEG0.40R_MFE0.10R,15,-0.4,0.1,20260923-3605-121730,2026-09-23T12:17:37.884000+08:00,3605,SHORT,WINNER,False,False,,,,1913.0,,1913.0,0.0,False,False,2914.0
T15_NEG0.40R_MFE0.10R,15,-0.4,0.1,20260923-6168-124430,2026-09-23T12:44:42.553000+08:00,6168,SHORT,LOSER,False,False,-0.4362857142857143,0.0,-0.3579422348347038,-1327.0,,-1327.0,0.0,False,False,-526.0
T15_NEG0.40R_MFE0.10R,15,-0.4,0.1,20260923-2409-130930,2026-09-23T13:09:30.012000+08:00,2409,SHORT,LOSER,False,False,,,,-1556.0,,-1556.0,0.0,False,False,-305.0
T15_NEG0.40R_MFE0.10R,15,-0.4,0.1,20260924-2409-090900,2026-09-24T09:09:00.032000+08:00,2409,SHORT,WINNER,True,False,1.1262857142857143,1.127396986918817,-0.28184924672969425,2441.0,,2441.0,0.0,False,False,4693.0
T15_NEG0.40R_MFE0.10R,15,-0.4,0.1,20260924-3605-090900,2026-09-24T09:09:03.562000+08:00,3605,LONG,LOSER,True,False,-0.31,0.11299447795986149,-0.5649723897993074,-585.0,,-585.0,0.0,False,False,2906.0
T15_NEG0.40R_MFE0.10R,15,-0.4,0.1,20260924-2033-091030,2026-09-24T09:10:31.938000+08:00,2033,SHORT,WINNER,False,False,,,,4158.0,,4158.0,0.0,False,False,6410.0
T15_NEG0.40R_MFE0.10R,15,-0.4,0.1,20260924-4956-093400,2026-09-24T09:34:01.454000+08:00,4956,LONG,LOSER,False,False,-1.5397142857142858,0.0,-1.2244911842303599,-3593.0,,-3593.0,0.0,False,False,-600.0
T15_NEG0.40R_MFE0.10R,15,-0.4,0.1,20260924-3624-115700,2026-09-24T11:57:00.051000+08:00,3624,LONG,LOSER,True,True,-0.6994285714285714,0.0,-0.6581841357877743,-3945.0,-2946.0,-2946.0,999.0,False,True,-453.0
T15_NEG0.40R_MFE0.10R,15,-0.4,0.1,20260924-6456-131000,2026-09-24T13:10:00.019000+08:00,6456,LONG,LOSER,False,False,,,,-2126.0,,-2126.0,0.0,False,False,-529.0
T15_NEG0.40R_MFE0.20R,15,-0.4,0.2,20260922-1709-093200,2026-09-22T09:32:00.233000+08:00,1709,SHORT,WINNER,False,False,,,,4442.0,,4442.0,0.0,False,False,6845.0
T15_NEG0.40R_MFE0.20R,15,-0.4,0.2,20260923-3229-092830,2026-09-23T09:28:31.476000+08:00,3229,SHORT,LOSER,False,False,,,,-3549.0,,-3549.0,0.0,False,False,955.0
T15_NEG0.40R_MFE0.20R,15,-0.4,0.2,20260923-8111-093300,2026-09-23T09:33:05.750000+08:00,8111,LONG,LOSER,False,False,,,,-3684.0,,-3684.0,0.0,False,False,-491.0
T15_NEG0.40R_MFE0.20R,15,-0.4,0.2,20260923-3094-094300,2026-09-23T09:43:05.280000+08:00,3094,LONG,WINNER,False,False,2.5917142857142856,2.5310862911703826,-0.39964520386900904,7874.0,,7874.0,0.0,False,False,10866.0
T15_NEG0.40R_MFE0.20R,15,-0.4,0.2,20260923-4956-095730,2026-09-23T09:57:30.380000+08:00,4956,SHORT,LOSER,False,False,0.40685714285714286,0.45269403881172793,-0.13580821164350873,-778.0,,-778.0,0.0,False,False,2625.0
T15_NEG0.40R_MFE0.20R,15,-0.4,0.2,20260923-1709-095830,2026-09-23T09:58:30.421000+08:00,1709,SHORT,LOSER,False,False,-0.5114285714285715,0.09076479551259635,-0.7261183641007063,-3591.0,,-3591.0,0.0,False,False,-188.0
T15_NEG0.40R_MFE0.20R,15,-0.4,0.2,20260923-2221-100530,2026-09-23T10:05:35.229000+08:00,2221,LONG,WINNER,True,False,0.564,0.6681521917062236,-0.5567934930885197,3470.0,,3470.0,0.0,False,False,5465.0
T15_NEG0.40R_MFE0.20R,15,-0.4,0.2,20260923-2033-113900,2026-09-23T11:39:02.815000+08:00,2033,SHORT,LOSER,False,False,,,,-1342.0,,-1342.0,0.0,False,False,1660.0
T15_NEG0.40R_MFE0.20R,15,-0.4,0.2,20260923-3605-121730,2026-09-23T12:17:37.884000+08:00,3605,SHORT,WINNER,False,False,,,,1913.0,,1913.0,0.0,False,False,2914.0
T15_NEG0.40R_MFE0.20R,15,-0.4,0.2,20260923-6168-124430,2026-09-23T12:44:42.553000+08:00,6168,SHORT,LOSER,False,False,-0.4362857142857143,0.0,-0.3579422348347038,-1327.0,,-1327.0,0.0,False,False,-526.0
T15_NEG0.40R_MFE0.20R,15,-0.4,0.2,20260923-2409-130930,2026-09-23T13:09:30.012000+08:00,2409,SHORT,LOSER,False,False,,,,-1556.0,,-1556.0,0.0,False,False,-305.0
T15_NEG0.40R_MFE0.20R,15,-0.4,0.2,20260924-2409-090900,2026-09-24T09:09:00.032000+08:00,2409,SHORT,WINNER,True,False,1.1262857142857143,1.127396986918817,-0.28184924672969425,2441.0,,2441.0,0.0,False,False,4693.0
T15_NEG0.40R_MFE0.20R,15,-0.4,0.2,20260924-3605-090900,2026-09-24T09:09:03.562000+08:00,3605,LONG,LOSER,True,False,-0.31,0.11299447795986149,-0.5649723897993074,-585.0,,-585.0,0.0,False,False,2906.0
T15_NEG0.40R_MFE0.20R,15,-0.4,0.2,20260924-2033-091030,2026-09-24T09:10:31.938000+08:00,2033,SHORT,WINNER,False,False,,,,4158.0,,4158.0,0.0,False,False,6410.0
T15_NEG0.40R_MFE0.20R,15,-0.4,0.2,20260924-4956-093400,2026-09-24T09:34:01.454000+08:00,4956,LONG,LOSER,False,False,-1.5397142857142858,0.0,-1.2244911842303599,-3593.0,,-3593.0,0.0,False,False,-600.0
T15_NEG0.40R_MFE0.20R,15,-0.4,0.2,20260924-3624-115700,2026-09-24T11:57:00.051000+08:00,3624,LONG,LOSER,True,True,-0.6994285714285714,0.0,-0.6581841357877743,-3945.0,-2946.0,-2946.0,999.0,False,True,-453.0
T15_NEG0.40R_MFE0.20R,15,-0.4,0.2,20260924-6456-131000,2026-09-24T13:10:00.019000+08:00,6456,LONG,LOSER,False,False,,,,-2126.0,,-2126.0,0.0,False,False,-529.0
T15_NEG0.40R_MFE0.30R,15,-0.4,0.3,20260922-1709-093200,2026-09-22T09:32:00.233000+08:00,1709,SHORT,WINNER,False,False,,,,4442.0,,4442.0,0.0,False,False,6845.0
T15_NEG0.40R_MFE0.30R,15,-0.4,0.3,20260923-3229-092830,2026-09-23T09:28:31.476000+08:00,3229,SHORT,LOSER,False,False,,,,-3549.0,,-3549.0,0.0,False,False,955.0
T15_NEG0.40R_MFE0.30R,15,-0.4,0.3,20260923-8111-093300,2026-09-23T09:33:05.750000+08:00,8111,LONG,LOSER,False,False,,,,-3684.0,,-3684.0,0.0,False,False,-491.0
T15_NEG0.40R_MFE0.30R,15,-0.4,0.3,20260923-3094-094300,2026-09-23T09:43:05.280000+08:00,3094,LONG,WINNER,False,False,2.5917142857142856,2.5310862911703826,-0.39964520386900904,7874.0,,7874.0,0.0,False,False,10866.0
T15_NEG0.40R_MFE0.30R,15,-0.4,0.3,20260923-4956-095730,2026-09-23T09:57:30.380000+08:00,4956,SHORT,LOSER,False,False,0.40685714285714286,0.45269403881172793,-0.13580821164350873,-778.0,,-778.0,0.0,False,False,2625.0
T15_NEG0.40R_MFE0.30R,15,-0.4,0.3,20260923-1709-095830,2026-09-23T09:58:30.421000+08:00,1709,SHORT,LOSER,False,False,-0.5114285714285715,0.09076479551259635,-0.7261183641007063,-3591.0,,-3591.0,0.0,False,False,-188.0
T15_NEG0.40R_MFE0.30R,15,-0.4,0.3,20260923-2221-100530,2026-09-23T10:05:35.229000+08:00,2221,LONG,WINNER,True,False,0.564,0.6681521917062236,-0.5567934930885197,3470.0,,3470.0,0.0,False,False,5465.0
T15_NEG0.40R_MFE0.30R,15,-0.4,0.3,20260923-2033-113900,2026-09-23T11:39:02.815000+08:00,2033,SHORT,LOSER,False,False,,,,-1342.0,,-1342.0,0.0,False,False,1660.0
T15_NEG0.40R_MFE0.30R,15,-0.4,0.3,20260923-3605-121730,2026-09-23T12:17:37.884000+08:00,3605,SHORT,WINNER,False,False,,,,1913.0,,1913.0,0.0,False,False,2914.0
T15_NEG0.40R_MFE0.30R,15,-0.4,0.3,20260923-6168-124430,2026-09-23T12:44:42.553000+08:00,6168,SHORT,LOSER,False,False,-0.4362857142857143,0.0,-0.3579422348347038,-1327.0,,-1327.0,0.0,False,False,-526.0
T15_NEG0.40R_MFE0.30R,15,-0.4,0.3,20260923-2409-130930,2026-09-23T13:09:30.012000+08:00,2409,SHORT,LOSER,False,False,,,,-1556.0,,-1556.0,0.0,False,False,-305.0
T15_NEG0.40R_MFE0.30R,15,-0.4,0.3,20260924-2409-090900,2026-09-24T09:09:00.032000+08:00,2409,SHORT,WINNER,True,False,1.1262857142857143,1.127396986918817,-0.28184924672969425,2441.0,,2441.0,0.0,False,False,4693.0
T15_NEG0.40R_MFE0.30R,15,-0.4,0.3,20260924-3605-090900,2026-09-24T09:09:03.562000+08:00,3605,LONG,LOSER,True,False,-0.31,0.11299447795986149,-0.5649723897993074,-585.0,,-585.0,0.0,False,False,2906.0
T15_NEG0.40R_MFE0.30R,15,-0.4,0.3,20260924-2033-091030,2026-09-24T09:10:31.938000+08:00,2033,SHORT,WINNER,False,False,,,,4158.0,,4158.0,0.0,False,False,6410.0
T15_NEG0.40R_MFE0.30R,15,-0.4,0.3,20260924-4956-093400,2026-09-24T09:34:01.454000+08:00,4956,LONG,LOSER,False,False,-1.5397142857142858,0.0,-1.2244911842303599,-3593.0,,-3593.0,0.0,False,False,-600.0
T15_NEG0.40R_MFE0.30R,15,-0.4,0.3,20260924-3624-115700,2026-09-24T11:57:00.051000+08:00,3624,LONG,LOSER,True,True,-0.6994285714285714,0.0,-0.6581841357877743,-3945.0,-2946.0,-2946.0,999.0,False,True,-453.0
T15_NEG0.40R_MFE0.30R,15,-0.4,0.3,20260924-6456-131000,2026-09-24T13:10:00.019000+08:00,6456,LONG,LOSER,False,False,,,,-2126.0,,-2126.0,0.0,False,False,-529.0
T15_NEG0.40R_MFE0.40R,15,-0.4,0.4,20260922-1709-093200,2026-09-22T09:32:00.233000+08:00,1709,SHORT,WINNER,False,False,,,,4442.0,,4442.0,0.0,False,False,6845.0
T15_NEG0.40R_MFE0.40R,15,-0.4,0.4,20260923-3229-092830,2026-09-23T09:28:31.476000+08:00,3229,SHORT,LOSER,False,False,,,,-3549.0,,-3549.0,0.0,False,False,955.0
T15_NEG0.40R_MFE0.40R,15,-0.4,0.4,20260923-8111-093300,2026-09-23T09:33:05.750000+08:00,8111,LONG,LOSER,False,False,,,,-3684.0,,-3684.0,0.0,False,False,-491.0
T15_NEG0.40R_MFE0.40R,15,-0.4,0.4,20260923-3094-094300,2026-09-23T09:43:05.280000+08:00,3094,LONG,WINNER,False,False,2.5917142857142856,2.5310862911703826,-0.39964520386900904,7874.0,,7874.0,0.0,False,False,10866.0
T15_NEG0.40R_MFE0.40R,15,-0.4,0.4,20260923-4956-095730,2026-09-23T09:57:30.380000+08:00,4956,SHORT,LOSER,False,False,0.40685714285714286,0.45269403881172793,-0.13580821164350873,-778.0,,-778.0,0.0,False,False,2625.0
T15_NEG0.40R_MFE0.40R,15,-0.4,0.4,20260923-1709-095830,2026-09-23T09:58:30.421000+08:00,1709,SHORT,LOSER,False,False,-0.5114285714285715,0.09076479551259635,-0.7261183641007063,-3591.0,,-3591.0,0.0,False,False,-188.0
T15_NEG0.40R_MFE0.40R,15,-0.4,0.4,20260923-2221-100530,2026-09-23T10:05:35.229000+08:00,2221,LONG,WINNER,True,False,0.564,0.6681521917062236,-0.5567934930885197,3470.0,,3470.0,0.0,False,False,5465.0
T15_NEG0.40R_MFE0.40R,15,-0.4,0.4,20260923-2033-113900,2026-09-23T11:39:02.815000+08:00,2033,SHORT,LOSER,False,False,,,,-1342.0,,-1342.0,0.0,False,False,1660.0
T15_NEG0.40R_MFE0.40R,15,-0.4,0.4,20260923-3605-121730,2026-09-23T12:17:37.884000+08:00,3605,SHORT,WINNER,False,False,,,,1913.0,,1913.0,0.0,False,False,2914.0
T15_NEG0.40R_MFE0.40R,15,-0.4,0.4,20260923-6168-124430,2026-09-23T12:44:42.553000+08:00,6168,SHORT,LOSER,False,False,-0.4362857142857143,0.0,-0.3579422348347038,-1327.0,,-1327.0,0.0,False,False,-526.0
T15_NEG0.40R_MFE0.40R,15,-0.4,0.4,20260923-2409-130930,2026-09-23T13:09:30.012000+08:00,2409,SHORT,LOSER,False,False,,,,-1556.0,,-1556.0,0.0,False,False,-305.0
T15_NEG0.40R_MFE0.40R,15,-0.4,0.4,20260924-2409-090900,2026-09-24T09:09:00.032000+08:00,2409,SHORT,WINNER,True,False,1.1262857142857143,1.127396986918817,-0.28184924672969425,2441.0,,2441.0,0.0,False,False,4693.0
T15_NEG0.40R_MFE0.40R,15,-0.4,0.4,20260924-3605-090900,2026-09-24T09:09:03.562000+08:00,3605,LONG,LOSER,True,False,-0.31,0.11299447795986149,-0.5649723897993074,-585.0,,-585.0,0.0,False,False,2906.0
T15_NEG0.40R_MFE0.40R,15,-0.4,0.4,20260924-2033-091030,2026-09-24T09:10:31.938000+08:00,2033,SHORT,WINNER,False,False,,,,4158.0,,4158.0,0.0,False,False,6410.0
T15_NEG0.40R_MFE0.40R,15,-0.4,0.4,20260924-4956-093400,2026-09-24T09:34:01.454000+08:00,4956,LONG,LOSER,False,False,-1.5397142857142858,0.0,-1.2244911842303599,-3593.0,,-3593.0,0.0,False,False,-600.0
T15_NEG0.40R_MFE0.40R,15,-0.4,0.4,20260924-3624-115700,2026-09-24T11:57:00.051000+08:00,3624,LONG,LOSER,True,True,-0.6994285714285714,0.0,-0.6581841357877743,-3945.0,-2946.0,-2946.0,999.0,False,True,-453.0
T15_NEG0.40R_MFE0.40R,15,-0.4,0.4,20260924-6456-131000,2026-09-24T13:10:00.019000+08:00,6456,LONG,LOSER,False,False,,,,-2126.0,,-2126.0,0.0,False,False,-529.0
T15_NEG0.40R_MFE0.50R,15,-0.4,0.5,20260922-1709-093200,2026-09-22T09:32:00.233000+08:00,1709,SHORT,WINNER,False,False,,,,4442.0,,4442.0,0.0,False,False,6845.0
T15_NEG0.40R_MFE0.50R,15,-0.4,0.5,20260923-3229-092830,2026-09-23T09:28:31.476000+08:00,3229,SHORT,LOSER,False,False,,,,-3549.0,,-3549.0,0.0,False,False,955.0
T15_NEG0.40R_MFE0.50R,15,-0.4,0.5,20260923-8111-093300,2026-09-23T09:33:05.750000+08:00,8111,LONG,LOSER,False,False,,,,-3684.0,,-3684.0,0.0,False,False,-491.0
T15_NEG0.40R_MFE0.50R,15,-0.4,0.5,20260923-3094-094300,2026-09-23T09:43:05.280000+08:00,3094,LONG,WINNER,False,False,2.5917142857142856,2.5310862911703826,-0.39964520386900904,7874.0,,7874.0,0.0,False,False,10866.0
T15_NEG0.40R_MFE0.50R,15,-0.4,0.5,20260923-4956-095730,2026-09-23T09:57:30.380000+08:00,4956,SHORT,LOSER,False,False,0.40685714285714286,0.45269403881172793,-0.13580821164350873,-778.0,,-778.0,0.0,False,False,2625.0
T15_NEG0.40R_MFE0.50R,15,-0.4,0.5,20260923-1709-095830,2026-09-23T09:58:30.421000+08:00,1709,SHORT,LOSER,False,False,-0.5114285714285715,0.09076479551259635,-0.7261183641007063,-3591.0,,-3591.0,0.0,False,False,-188.0
T15_NEG0.40R_MFE0.50R,15,-0.4,0.5,20260923-2221-100530,2026-09-23T10:05:35.229000+08:00,2221,LONG,WINNER,True,False,0.564,0.6681521917062236,-0.5567934930885197,3470.0,,3470.0,0.0,False,False,5465.0
T15_NEG0.40R_MFE0.50R,15,-0.4,0.5,20260923-2033-113900,2026-09-23T11:39:02.815000+08:00,2033,SHORT,LOSER,False,False,,,,-1342.0,,-1342.0,0.0,False,False,1660.0
T15_NEG0.40R_MFE0.50R,15,-0.4,0.5,20260923-3605-121730,2026-09-23T12:17:37.884000+08:00,3605,SHORT,WINNER,False,False,,,,1913.0,,1913.0,0.0,False,False,2914.0
T15_NEG0.40R_MFE0.50R,15,-0.4,0.5,20260923-6168-124430,2026-09-23T12:44:42.553000+08:00,6168,SHORT,LOSER,False,False,-0.4362857142857143,0.0,-0.3579422348347038,-1327.0,,-1327.0,0.0,False,False,-526.0
T15_NEG0.40R_MFE0.50R,15,-0.4,0.5,20260923-2409-130930,2026-09-23T13:09:30.012000+08:00,2409,SHORT,LOSER,False,False,,,,-1556.0,,-1556.0,0.0,False,False,-305.0
T15_NEG0.40R_MFE0.50R,15,-0.4,0.5,20260924-2409-090900,2026-09-24T09:09:00.032000+08:00,2409,SHORT,WINNER,True,False,1.1262857142857143,1.127396986918817,-0.28184924672969425,2441.0,,2441.0,0.0,False,False,4693.0
T15_NEG0.40R_MFE0.50R,15,-0.4,0.5,20260924-3605-090900,2026-09-24T09:09:03.562000+08:00,3605,LONG,LOSER,True,False,-0.31,0.11299447795986149,-0.5649723897993074,-585.0,,-585.0,0.0,False,False,2906.0
T15_NEG0.40R_MFE0.50R,15,-0.4,0.5,20260924-2033-091030,2026-09-24T09:10:31.938000+08:00,2033,SHORT,WINNER,False,False,,,,4158.0,,4158.0,0.0,False,False,6410.0
T15_NEG0.40R_MFE0.50R,15,-0.4,0.5,20260924-4956-093400,2026-09-24T09:34:01.454000+08:00,4956,LONG,LOSER,False,False,-1.5397142857142858,0.0,-1.2244911842303599,-3593.0,,-3593.0,0.0,False,False,-600.0
T15_NEG0.40R_MFE0.50R,15,-0.4,0.5,20260924-3624-115700,2026-09-24T11:57:00.051000+08:00,3624,LONG,LOSER,True,True,-0.6994285714285714,0.0,-0.6581841357877743,-3945.0,-2946.0,-2946.0,999.0,False,True,-453.0
T15_NEG0.40R_MFE0.50R,15,-0.4,0.5,20260924-6456-131000,2026-09-24T13:10:00.019000+08:00,6456,LONG,LOSER,False,False,,,,-2126.0,,-2126.0,0.0,False,False,-529.0
T15_NEG0.50R_MFE0.10R,15,-0.5,0.1,20260922-1709-093200,2026-09-22T09:32:00.233000+08:00,1709,SHORT,WINNER,False,False,,,,4442.0,,4442.0,0.0,False,False,6845.0
T15_NEG0.50R_MFE0.10R,15,-0.5,0.1,20260923-3229-092830,2026-09-23T09:28:31.476000+08:00,3229,SHORT,LOSER,False,False,,,,-3549.0,,-3549.0,0.0,False,False,955.0
T15_NEG0.50R_MFE0.10R,15,-0.5,0.1,20260923-8111-093300,2026-09-23T09:33:05.750000+08:00,8111,LONG,LOSER,False,False,,,,-3684.0,,-3684.0,0.0,False,False,-491.0
T15_NEG0.50R_MFE0.10R,15,-0.5,0.1,20260923-3094-094300,2026-09-23T09:43:05.280000+08:00,3094,LONG,WINNER,False,False,2.5917142857142856,2.5310862911703826,-0.39964520386900904,7874.0,,7874.0,0.0,False,False,10866.0
T15_NEG0.50R_MFE0.10R,15,-0.5,0.1,20260923-4956-095730,2026-09-23T09:57:30.380000+08:00,4956,SHORT,LOSER,False,False,0.40685714285714286,0.45269403881172793,-0.13580821164350873,-778.0,,-778.0,0.0,False,False,2625.0
T15_NEG0.50R_MFE0.10R,15,-0.5,0.1,20260923-1709-095830,2026-09-23T09:58:30.421000+08:00,1709,SHORT,LOSER,False,False,-0.5114285714285715,0.09076479551259635,-0.7261183641007063,-3591.0,,-3591.0,0.0,False,False,-188.0
T15_NEG0.50R_MFE0.10R,15,-0.5,0.1,20260923-2221-100530,2026-09-23T10:05:35.229000+08:00,2221,LONG,WINNER,True,False,0.564,0.6681521917062236,-0.5567934930885197,3470.0,,3470.0,0.0,False,False,5465.0
T15_NEG0.50R_MFE0.10R,15,-0.5,0.1,20260923-2033-113900,2026-09-23T11:39:02.815000+08:00,2033,SHORT,LOSER,False,False,,,,-1342.0,,-1342.0,0.0,False,False,1660.0
T15_NEG0.50R_MFE0.10R,15,-0.5,0.1,20260923-3605-121730,2026-09-23T12:17:37.884000+08:00,3605,SHORT,WINNER,False,False,,,,1913.0,,1913.0,0.0,False,False,2914.0
T15_NEG0.50R_MFE0.10R,15,-0.5,0.1,20260923-6168-124430,2026-09-23T12:44:42.553000+08:00,6168,SHORT,LOSER,False,False,-0.4362857142857143,0.0,-0.3579422348347038,-1327.0,,-1327.0,0.0,False,False,-526.0
T15_NEG0.50R_MFE0.10R,15,-0.5,0.1,20260923-2409-130930,2026-09-23T13:09:30.012000+08:00,2409,SHORT,LOSER,False,False,,,,-1556.0,,-1556.0,0.0,False,False,-305.0
T15_NEG0.50R_MFE0.10R,15,-0.5,0.1,20260924-2409-090900,2026-09-24T09:09:00.032000+08:00,2409,SHORT,WINNER,True,False,1.1262857142857143,1.127396986918817,-0.28184924672969425,2441.0,,2441.0,0.0,False,False,4693.0
T15_NEG0.50R_MFE0.10R,15,-0.5,0.1,20260924-3605-090900,2026-09-24T09:09:03.562000+08:00,3605,LONG,LOSER,True,False,-0.31,0.11299447795986149,-0.5649723897993074,-585.0,,-585.0,0.0,False,False,2906.0
T15_NEG0.50R_MFE0.10R,15,-0.5,0.1,20260924-2033-091030,2026-09-24T09:10:31.938000+08:00,2033,SHORT,WINNER,False,False,,,,4158.0,,4158.0,0.0,False,False,6410.0
T15_NEG0.50R_MFE0.10R,15,-0.5,0.1,20260924-4956-093400,2026-09-24T09:34:01.454000+08:00,4956,LONG,LOSER,False,False,-1.5397142857142858,0.0,-1.2244911842303599,-3593.0,,-3593.0,0.0,False,False,-600.0
T15_NEG0.50R_MFE0.10R,15,-0.5,0.1,20260924-3624-115700,2026-09-24T11:57:00.051000+08:00,3624,LONG,LOSER,True,True,-0.6994285714285714,0.0,-0.6581841357877743,-3945.0,-2946.0,-2946.0,999.0,False,True,-453.0
T15_NEG0.50R_MFE0.10R,15,-0.5,0.1,20260924-6456-131000,2026-09-24T13:10:00.019000+08:00,6456,LONG,LOSER,False,False,,,,-2126.0,,-2126.0,0.0,False,False,-529.0
T15_NEG0.50R_MFE0.20R,15,-0.5,0.2,20260922-1709-093200,2026-09-22T09:32:00.233000+08:00,1709,SHORT,WINNER,False,False,,,,4442.0,,4442.0,0.0,False,False,6845.0
T15_NEG0.50R_MFE0.20R,15,-0.5,0.2,20260923-3229-092830,2026-09-23T09:28:31.476000+08:00,3229,SHORT,LOSER,False,False,,,,-3549.0,,-3549.0,0.0,False,False,955.0
T15_NEG0.50R_MFE0.20R,15,-0.5,0.2,20260923-8111-093300,2026-09-23T09:33:05.750000+08:00,8111,LONG,LOSER,False,False,,,,-3684.0,,-3684.0,0.0,False,False,-491.0
T15_NEG0.50R_MFE0.20R,15,-0.5,0.2,20260923-3094-094300,2026-09-23T09:43:05.280000+08:00,3094,LONG,WINNER,False,False,2.5917142857142856,2.5310862911703826,-0.39964520386900904,7874.0,,7874.0,0.0,False,False,10866.0
T15_NEG0.50R_MFE0.20R,15,-0.5,0.2,20260923-4956-095730,2026-09-23T09:57:30.380000+08:00,4956,SHORT,LOSER,False,False,0.40685714285714286,0.45269403881172793,-0.13580821164350873,-778.0,,-778.0,0.0,False,False,2625.0
T15_NEG0.50R_MFE0.20R,15,-0.5,0.2,20260923-1709-095830,2026-09-23T09:58:30.421000+08:00,1709,SHORT,LOSER,False,False,-0.5114285714285715,0.09076479551259635,-0.7261183641007063,-3591.0,,-3591.0,0.0,False,False,-188.0
T15_NEG0.50R_MFE0.20R,15,-0.5,0.2,20260923-2221-100530,2026-09-23T10:05:35.229000+08:00,2221,LONG,WINNER,True,False,0.564,0.6681521917062236,-0.5567934930885197,3470.0,,3470.0,0.0,False,False,5465.0
T15_NEG0.50R_MFE0.20R,15,-0.5,0.2,20260923-2033-113900,2026-09-23T11:39:02.815000+08:00,2033,SHORT,LOSER,False,False,,,,-1342.0,,-1342.0,0.0,False,False,1660.0
T15_NEG0.50R_MFE0.20R,15,-0.5,0.2,20260923-3605-121730,2026-09-23T12:17:37.884000+08:00,3605,SHORT,WINNER,False,False,,,,1913.0,,1913.0,0.0,False,False,2914.0
T15_NEG0.50R_MFE0.20R,15,-0.5,0.2,20260923-6168-124430,2026-09-23T12:44:42.553000+08:00,6168,SHORT,LOSER,False,False,-0.4362857142857143,0.0,-0.3579422348347038,-1327.0,,-1327.0,0.0,False,False,-526.0
T15_NEG0.50R_MFE0.20R,15,-0.5,0.2,20260923-2409-130930,2026-09-23T13:09:30.012000+08:00,2409,SHORT,LOSER,False,False,,,,-1556.0,,-1556.0,0.0,False,False,-305.0
T15_NEG0.50R_MFE0.20R,15,-0.5,0.2,20260924-2409-090900,2026-09-24T09:09:00.032000+08:00,2409,SHORT,WINNER,True,False,1.1262857142857143,1.127396986918817,-0.28184924672969425,2441.0,,2441.0,0.0,False,False,4693.0
T15_NEG0.50R_MFE0.20R,15,-0.5,0.2,20260924-3605-090900,2026-09-24T09:09:03.562000+08:00,3605,LONG,LOSER,True,False,-0.31,0.11299447795986149,-0.5649723897993074,-585.0,,-585.0,0.0,False,False,2906.0
T15_NEG0.50R_MFE0.20R,15,-0.5,0.2,20260924-2033-091030,2026-09-24T09:10:31.938000+08:00,2033,SHORT,WINNER,False,False,,,,4158.0,,4158.0,0.0,False,False,6410.0
T15_NEG0.50R_MFE0.20R,15,-0.5,0.2,20260924-4956-093400,2026-09-24T09:34:01.454000+08:00,4956,LONG,LOSER,False,False,-1.5397142857142858,0.0,-1.2244911842303599,-3593.0,,-3593.0,0.0,False,False,-600.0
T15_NEG0.50R_MFE0.20R,15,-0.5,0.2,20260924-3624-115700,2026-09-24T11:57:00.051000+08:00,3624,LONG,LOSER,True,True,-0.6994285714285714,0.0,-0.6581841357877743,-3945.0,-2946.0,-2946.0,999.0,False,True,-453.0
T15_NEG0.50R_MFE0.20R,15,-0.5,0.2,20260924-6456-131000,2026-09-24T13:10:00.019000+08:00,6456,LONG,LOSER,False,False,,,,-2126.0,,-2126.0,0.0,False,False,-529.0
T15_NEG0.50R_MFE0.30R,15,-0.5,0.3,20260922-1709-093200,2026-09-22T09:32:00.233000+08:00,1709,SHORT,WINNER,False,False,,,,4442.0,,4442.0,0.0,False,False,6845.0
T15_NEG0.50R_MFE0.30R,15,-0.5,0.3,20260923-3229-092830,2026-09-23T09:28:31.476000+08:00,3229,SHORT,LOSER,False,False,,,,-3549.0,,-3549.0,0.0,False,False,955.0
T15_NEG0.50R_MFE0.30R,15,-0.5,0.3,20260923-8111-093300,2026-09-23T09:33:05.750000+08:00,8111,LONG,LOSER,False,False,,,,-3684.0,,-3684.0,0.0,False,False,-491.0
T15_NEG0.50R_MFE0.30R,15,-0.5,0.3,20260923-3094-094300,2026-09-23T09:43:05.280000+08:00,3094,LONG,WINNER,False,False,2.5917142857142856,2.5310862911703826,-0.39964520386900904,7874.0,,7874.0,0.0,False,False,10866.0
T15_NEG0.50R_MFE0.30R,15,-0.5,0.3,20260923-4956-095730,2026-09-23T09:57:30.380000+08:00,4956,SHORT,LOSER,False,False,0.40685714285714286,0.45269403881172793,-0.13580821164350873,-778.0,,-778.0,0.0,False,False,2625.0
T15_NEG0.50R_MFE0.30R,15,-0.5,0.3,20260923-1709-095830,2026-09-23T09:58:30.421000+08:00,1709,SHORT,LOSER,False,False,-0.5114285714285715,0.09076479551259635,-0.7261183641007063,-3591.0,,-3591.0,0.0,False,False,-188.0
T15_NEG0.50R_MFE0.30R,15,-0.5,0.3,20260923-2221-100530,2026-09-23T10:05:35.229000+08:00,2221,LONG,WINNER,True,False,0.564,0.6681521917062236,-0.5567934930885197,3470.0,,3470.0,0.0,False,False,5465.0
T15_NEG0.50R_MFE0.30R,15,-0.5,0.3,20260923-2033-113900,2026-09-23T11:39:02.815000+08:00,2033,SHORT,LOSER,False,False,,,,-1342.0,,-1342.0,0.0,False,False,1660.0
T15_NEG0.50R_MFE0.30R,15,-0.5,0.3,20260923-3605-121730,2026-09-23T12:17:37.884000+08:00,3605,SHORT,WINNER,False,False,,,,1913.0,,1913.0,0.0,False,False,2914.0
T15_NEG0.50R_MFE0.30R,15,-0.5,0.3,20260923-6168-124430,2026-09-23T12:44:42.553000+08:00,6168,SHORT,LOSER,False,False,-0.4362857142857143,0.0,-0.3579422348347038,-1327.0,,-1327.0,0.0,False,False,-526.0
T15_NEG0.50R_MFE0.30R,15,-0.5,0.3,20260923-2409-130930,2026-09-23T13:09:30.012000+08:00,2409,SHORT,LOSER,False,False,,,,-1556.0,,-1556.0,0.0,False,False,-305.0
T15_NEG0.50R_MFE0.30R,15,-0.5,0.3,20260924-2409-090900,2026-09-24T09:09:00.032000+08:00,2409,SHORT,WINNER,True,False,1.1262857142857143,1.127396986918817,-0.28184924672969425,2441.0,,2441.0,0.0,False,False,4693.0
T15_NEG0.50R_MFE0.30R,15,-0.5,0.3,20260924-3605-090900,2026-09-24T09:09:03.562000+08:00,3605,LONG,LOSER,True,False,-0.31,0.11299447795986149,-0.5649723897993074,-585.0,,-585.0,0.0,False,False,2906.0
T15_NEG0.50R_MFE0.30R,15,-0.5,0.3,20260924-2033-091030,2026-09-24T09:10:31.938000+08:00,2033,SHORT,WINNER,False,False,,,,4158.0,,4158.0,0.0,False,False,6410.0
T15_NEG0.50R_MFE0.30R,15,-0.5,0.3,20260924-4956-093400,2026-09-24T09:34:01.454000+08:00,4956,LONG,LOSER,False,False,-1.5397142857142858,0.0,-1.2244911842303599,-3593.0,,-3593.0,0.0,False,False,-600.0
T15_NEG0.50R_MFE0.30R,15,-0.5,0.3,20260924-3624-115700,2026-09-24T11:57:00.051000+08:00,3624,LONG,LOSER,True,True,-0.6994285714285714,0.0,-0.6581841357877743,-3945.0,-2946.0,-2946.0,999.0,False,True,-453.0
T15_NEG0.50R_MFE0.30R,15,-0.5,0.3,20260924-6456-131000,2026-09-24T13:10:00.019000+08:00,6456,LONG,LOSER,False,False,,,,-2126.0,,-2126.0,0.0,False,False,-529.0
T15_NEG0.50R_MFE0.40R,15,-0.5,0.4,20260922-1709-093200,2026-09-22T09:32:00.233000+08:00,1709,SHORT,WINNER,False,False,,,,4442.0,,4442.0,0.0,False,False,6845.0
T15_NEG0.50R_MFE0.40R,15,-0.5,0.4,20260923-3229-092830,2026-09-23T09:28:31.476000+08:00,3229,SHORT,LOSER,False,False,,,,-3549.0,,-3549.0,0.0,False,False,955.0
T15_NEG0.50R_MFE0.40R,15,-0.5,0.4,20260923-8111-093300,2026-09-23T09:33:05.750000+08:00,8111,LONG,LOSER,False,False,,,,-3684.0,,-3684.0,0.0,False,False,-491.0
T15_NEG0.50R_MFE0.40R,15,-0.5,0.4,20260923-3094-094300,2026-09-23T09:43:05.280000+08:00,3094,LONG,WINNER,False,False,2.5917142857142856,2.5310862911703826,-0.39964520386900904,7874.0,,7874.0,0.0,False,False,10866.0
T15_NEG0.50R_MFE0.40R,15,-0.5,0.4,20260923-4956-095730,2026-09-23T09:57:30.380000+08:00,4956,SHORT,LOSER,False,False,0.40685714285714286,0.45269403881172793,-0.13580821164350873,-778.0,,-778.0,0.0,False,False,2625.0
T15_NEG0.50R_MFE0.40R,15,-0.5,0.4,20260923-1709-095830,2026-09-23T09:58:30.421000+08:00,1709,SHORT,LOSER,False,False,-0.5114285714285715,0.09076479551259635,-0.7261183641007063,-3591.0,,-3591.0,0.0,False,False,-188.0
T15_NEG0.50R_MFE0.40R,15,-0.5,0.4,20260923-2221-100530,2026-09-23T10:05:35.229000+08:00,2221,LONG,WINNER,True,False,0.564,0.6681521917062236,-0.5567934930885197,3470.0,,3470.0,0.0,False,False,5465.0
T15_NEG0.50R_MFE0.40R,15,-0.5,0.4,20260923-2033-113900,2026-09-23T11:39:02.815000+08:00,2033,SHORT,LOSER,False,False,,,,-1342.0,,-1342.0,0.0,False,False,1660.0
T15_NEG0.50R_MFE0.40R,15,-0.5,0.4,20260923-3605-121730,2026-09-23T12:17:37.884000+08:00,3605,SHORT,WINNER,False,False,,,,1913.0,,1913.0,0.0,False,False,2914.0
T15_NEG0.50R_MFE0.40R,15,-0.5,0.4,20260923-6168-124430,2026-09-23T12:44:42.553000+08:00,6168,SHORT,LOSER,False,False,-0.4362857142857143,0.0,-0.3579422348347038,-1327.0,,-1327.0,0.0,False,False,-526.0
T15_NEG0.50R_MFE0.40R,15,-0.5,0.4,20260923-2409-130930,2026-09-23T13:09:30.012000+08:00,2409,SHORT,LOSER,False,False,,,,-1556.0,,-1556.0,0.0,False,False,-305.0
T15_NEG0.50R_MFE0.40R,15,-0.5,0.4,20260924-2409-090900,2026-09-24T09:09:00.032000+08:00,2409,SHORT,WINNER,True,False,1.1262857142857143,1.127396986918817,-0.28184924672969425,2441.0,,2441.0,0.0,False,False,4693.0
T15_NEG0.50R_MFE0.40R,15,-0.5,0.4,20260924-3605-090900,2026-09-24T09:09:03.562000+08:00,3605,LONG,LOSER,True,False,-0.31,0.11299447795986149,-0.5649723897993074,-585.0,,-585.0,0.0,False,False,2906.0
T15_NEG0.50R_MFE0.40R,15,-0.5,0.4,20260924-2033-091030,2026-09-24T09:10:31.938000+08:00,2033,SHORT,WINNER,False,False,,,,4158.0,,4158.0,0.0,False,False,6410.0
T15_NEG0.50R_MFE0.40R,15,-0.5,0.4,20260924-4956-093400,2026-09-24T09:34:01.454000+08:00,4956,LONG,LOSER,False,False,-1.5397142857142858,0.0,-1.2244911842303599,-3593.0,,-3593.0,0.0,False,False,-600.0
T15_NEG0.50R_MFE0.40R,15,-0.5,0.4,20260924-3624-115700,2026-09-24T11:57:00.051000+08:00,3624,LONG,LOSER,True,True,-0.6994285714285714,0.0,-0.6581841357877743,-3945.0,-2946.0,-2946.0,999.0,False,True,-453.0
T15_NEG0.50R_MFE0.40R,15,-0.5,0.4,20260924-6456-131000,2026-09-24T13:10:00.019000+08:00,6456,LONG,LOSER,False,False,,,,-2126.0,,-2126.0,0.0,False,False,-529.0
T15_NEG0.50R_MFE0.50R,15,-0.5,0.5,20260922-1709-093200,2026-09-22T09:32:00.233000+08:00,1709,SHORT,WINNER,False,False,,,,4442.0,,4442.0,0.0,False,False,6845.0
T15_NEG0.50R_MFE0.50R,15,-0.5,0.5,20260923-3229-092830,2026-09-23T09:28:31.476000+08:00,3229,SHORT,LOSER,False,False,,,,-3549.0,,-3549.0,0.0,False,False,955.0
T15_NEG0.50R_MFE0.50R,15,-0.5,0.5,20260923-8111-093300,2026-09-23T09:33:05.750000+08:00,8111,LONG,LOSER,False,False,,,,-3684.0,,-3684.0,0.0,False,False,-491.0
T15_NEG0.50R_MFE0.50R,15,-0.5,0.5,20260923-3094-094300,2026-09-23T09:43:05.280000+08:00,3094,LONG,WINNER,False,False,2.5917142857142856,2.5310862911703826,-0.39964520386900904,7874.0,,7874.0,0.0,False,False,10866.0
T15_NEG0.50R_MFE0.50R,15,-0.5,0.5,20260923-4956-095730,2026-09-23T09:57:30.380000+08:00,4956,SHORT,LOSER,False,False,0.40685714285714286,0.45269403881172793,-0.13580821164350873,-778.0,,-778.0,0.0,False,False,2625.0
T15_NEG0.50R_MFE0.50R,15,-0.5,0.5,20260923-1709-095830,2026-09-23T09:58:30.421000+08:00,1709,SHORT,LOSER,False,False,-0.5114285714285715,0.09076479551259635,-0.7261183641007063,-3591.0,,-3591.0,0.0,False,False,-188.0
T15_NEG0.50R_MFE0.50R,15,-0.5,0.5,20260923-2221-100530,2026-09-23T10:05:35.229000+08:00,2221,LONG,WINNER,True,False,0.564,0.6681521917062236,-0.5567934930885197,3470.0,,3470.0,0.0,False,False,5465.0
T15_NEG0.50R_MFE0.50R,15,-0.5,0.5,20260923-2033-113900,2026-09-23T11:39:02.815000+08:00,2033,SHORT,LOSER,False,False,,,,-1342.0,,-1342.0,0.0,False,False,1660.0
T15_NEG0.50R_MFE0.50R,15,-0.5,0.5,20260923-3605-121730,2026-09-23T12:17:37.884000+08:00,3605,SHORT,WINNER,False,False,,,,1913.0,,1913.0,0.0,False,False,2914.0
T15_NEG0.50R_MFE0.50R,15,-0.5,0.5,20260923-6168-124430,2026-09-23T12:44:42.553000+08:00,6168,SHORT,LOSER,False,False,-0.4362857142857143,0.0,-0.3579422348347038,-1327.0,,-1327.0,0.0,False,False,-526.0
T15_NEG0.50R_MFE0.50R,15,-0.5,0.5,20260923-2409-130930,2026-09-23T13:09:30.012000+08:00,2409,SHORT,LOSER,False,False,,,,-1556.0,,-1556.0,0.0,False,False,-305.0
T15_NEG0.50R_MFE0.50R,15,-0.5,0.5,20260924-2409-090900,2026-09-24T09:09:00.032000+08:00,2409,SHORT,WINNER,True,False,1.1262857142857143,1.127396986918817,-0.28184924672969425,2441.0,,2441.0,0.0,False,False,4693.0
T15_NEG0.50R_MFE0.50R,15,-0.5,0.5,20260924-3605-090900,2026-09-24T09:09:03.562000+08:00,3605,LONG,LOSER,True,False,-0.31,0.11299447795986149,-0.5649723897993074,-585.0,,-585.0,0.0,False,False,2906.0
T15_NEG0.50R_MFE0.50R,15,-0.5,0.5,20260924-2033-091030,2026-09-24T09:10:31.938000+08:00,2033,SHORT,WINNER,False,False,,,,4158.0,,4158.0,0.0,False,False,6410.0
T15_NEG0.50R_MFE0.50R,15,-0.5,0.5,20260924-4956-093400,2026-09-24T09:34:01.454000+08:00,4956,LONG,LOSER,False,False,-1.5397142857142858,0.0,-1.2244911842303599,-3593.0,,-3593.0,0.0,False,False,-600.0
T15_NEG0.50R_MFE0.50R,15,-0.5,0.5,20260924-3624-115700,2026-09-24T11:57:00.051000+08:00,3624,LONG,LOSER,True,True,-0.6994285714285714,0.0,-0.6581841357877743,-3945.0,-2946.0,-2946.0,999.0,False,True,-453.0
T15_NEG0.50R_MFE0.50R,15,-0.5,0.5,20260924-6456-131000,2026-09-24T13:10:00.019000+08:00,6456,LONG,LOSER,False,False,,,,-2126.0,,-2126.0,0.0,False,False,-529.0
T15_NEG0.60R_MFE0.10R,15,-0.6,0.1,20260922-1709-093200,2026-09-22T09:32:00.233000+08:00,1709,SHORT,WINNER,False,False,,,,4442.0,,4442.0,0.0,False,False,6845.0
T15_NEG0.60R_MFE0.10R,15,-0.6,0.1,20260923-3229-092830,2026-09-23T09:28:31.476000+08:00,3229,SHORT,LOSER,False,False,,,,-3549.0,,-3549.0,0.0,False,False,955.0
T15_NEG0.60R_MFE0.10R,15,-0.6,0.1,20260923-8111-093300,2026-09-23T09:33:05.750000+08:00,8111,LONG,LOSER,False,False,,,,-3684.0,,-3684.0,0.0,False,False,-491.0
T15_NEG0.60R_MFE0.10R,15,-0.6,0.1,20260923-3094-094300,2026-09-23T09:43:05.280000+08:00,3094,LONG,WINNER,False,False,2.5917142857142856,2.5310862911703826,-0.39964520386900904,7874.0,,7874.0,0.0,False,False,10866.0
T15_NEG0.60R_MFE0.10R,15,-0.6,0.1,20260923-4956-095730,2026-09-23T09:57:30.380000+08:00,4956,SHORT,LOSER,False,False,0.40685714285714286,0.45269403881172793,-0.13580821164350873,-778.0,,-778.0,0.0,False,False,2625.0
T15_NEG0.60R_MFE0.10R,15,-0.6,0.1,20260923-1709-095830,2026-09-23T09:58:30.421000+08:00,1709,SHORT,LOSER,False,False,-0.5114285714285715,0.09076479551259635,-0.7261183641007063,-3591.0,,-3591.0,0.0,False,False,-188.0
T15_NEG0.60R_MFE0.10R,15,-0.6,0.1,20260923-2221-100530,2026-09-23T10:05:35.229000+08:00,2221,LONG,WINNER,True,False,0.564,0.6681521917062236,-0.5567934930885197,3470.0,,3470.0,0.0,False,False,5465.0
T15_NEG0.60R_MFE0.10R,15,-0.6,0.1,20260923-2033-113900,2026-09-23T11:39:02.815000+08:00,2033,SHORT,LOSER,False,False,,,,-1342.0,,-1342.0,0.0,False,False,1660.0
T15_NEG0.60R_MFE0.10R,15,-0.6,0.1,20260923-3605-121730,2026-09-23T12:17:37.884000+08:00,3605,SHORT,WINNER,False,False,,,,1913.0,,1913.0,0.0,False,False,2914.0
T15_NEG0.60R_MFE0.10R,15,-0.6,0.1,20260923-6168-124430,2026-09-23T12:44:42.553000+08:00,6168,SHORT,LOSER,False,False,-0.4362857142857143,0.0,-0.3579422348347038,-1327.0,,-1327.0,0.0,False,False,-526.0
T15_NEG0.60R_MFE0.10R,15,-0.6,0.1,20260923-2409-130930,2026-09-23T13:09:30.012000+08:00,2409,SHORT,LOSER,False,False,,,,-1556.0,,-1556.0,0.0,False,False,-305.0
T15_NEG0.60R_MFE0.10R,15,-0.6,0.1,20260924-2409-090900,2026-09-24T09:09:00.032000+08:00,2409,SHORT,WINNER,True,False,1.1262857142857143,1.127396986918817,-0.28184924672969425,2441.0,,2441.0,0.0,False,False,4693.0
T15_NEG0.60R_MFE0.10R,15,-0.6,0.1,20260924-3605-090900,2026-09-24T09:09:03.562000+08:00,3605,LONG,LOSER,True,False,-0.31,0.11299447795986149,-0.5649723897993074,-585.0,,-585.0,0.0,False,False,2906.0
T15_NEG0.60R_MFE0.10R,15,-0.6,0.1,20260924-2033-091030,2026-09-24T09:10:31.938000+08:00,2033,SHORT,WINNER,False,False,,,,4158.0,,4158.0,0.0,False,False,6410.0
T15_NEG0.60R_MFE0.10R,15,-0.6,0.1,20260924-4956-093400,2026-09-24T09:34:01.454000+08:00,4956,LONG,LOSER,False,False,-1.5397142857142858,0.0,-1.2244911842303599,-3593.0,,-3593.0,0.0,False,False,-600.0
T15_NEG0.60R_MFE0.10R,15,-0.6,0.1,20260924-3624-115700,2026-09-24T11:57:00.051000+08:00,3624,LONG,LOSER,True,True,-0.6994285714285714,0.0,-0.6581841357877743,-3945.0,-2946.0,-2946.0,999.0,False,True,-453.0
T15_NEG0.60R_MFE0.10R,15,-0.6,0.1,20260924-6456-131000,2026-09-24T13:10:00.019000+08:00,6456,LONG,LOSER,False,False,,,,-2126.0,,-2126.0,0.0,False,False,-529.0
T15_NEG0.60R_MFE0.20R,15,-0.6,0.2,20260922-1709-093200,2026-09-22T09:32:00.233000+08:00,1709,SHORT,WINNER,False,False,,,,4442.0,,4442.0,0.0,False,False,6845.0
T15_NEG0.60R_MFE0.20R,15,-0.6,0.2,20260923-3229-092830,2026-09-23T09:28:31.476000+08:00,3229,SHORT,LOSER,False,False,,,,-3549.0,,-3549.0,0.0,False,False,955.0
T15_NEG0.60R_MFE0.20R,15,-0.6,0.2,20260923-8111-093300,2026-09-23T09:33:05.750000+08:00,8111,LONG,LOSER,False,False,,,,-3684.0,,-3684.0,0.0,False,False,-491.0
T15_NEG0.60R_MFE0.20R,15,-0.6,0.2,20260923-3094-094300,2026-09-23T09:43:05.280000+08:00,3094,LONG,WINNER,False,False,2.5917142857142856,2.5310862911703826,-0.39964520386900904,7874.0,,7874.0,0.0,False,False,10866.0
T15_NEG0.60R_MFE0.20R,15,-0.6,0.2,20260923-4956-095730,2026-09-23T09:57:30.380000+08:00,4956,SHORT,LOSER,False,False,0.40685714285714286,0.45269403881172793,-0.13580821164350873,-778.0,,-778.0,0.0,False,False,2625.0
T15_NEG0.60R_MFE0.20R,15,-0.6,0.2,20260923-1709-095830,2026-09-23T09:58:30.421000+08:00,1709,SHORT,LOSER,False,False,-0.5114285714285715,0.09076479551259635,-0.7261183641007063,-3591.0,,-3591.0,0.0,False,False,-188.0
T15_NEG0.60R_MFE0.20R,15,-0.6,0.2,20260923-2221-100530,2026-09-23T10:05:35.229000+08:00,2221,LONG,WINNER,True,False,0.564,0.6681521917062236,-0.5567934930885197,3470.0,,3470.0,0.0,False,False,5465.0
T15_NEG0.60R_MFE0.20R,15,-0.6,0.2,20260923-2033-113900,2026-09-23T11:39:02.815000+08:00,2033,SHORT,LOSER,False,False,,,,-1342.0,,-1342.0,0.0,False,False,1660.0
T15_NEG0.60R_MFE0.20R,15,-0.6,0.2,20260923-3605-121730,2026-09-23T12:17:37.884000+08:00,3605,SHORT,WINNER,False,False,,,,1913.0,,1913.0,0.0,False,False,2914.0
T15_NEG0.60R_MFE0.20R,15,-0.6,0.2,20260923-6168-124430,2026-09-23T12:44:42.553000+08:00,6168,SHORT,LOSER,False,False,-0.4362857142857143,0.0,-0.3579422348347038,-1327.0,,-1327.0,0.0,False,False,-526.0
T15_NEG0.60R_MFE0.20R,15,-0.6,0.2,20260923-2409-130930,2026-09-23T13:09:30.012000+08:00,2409,SHORT,LOSER,False,False,,,,-1556.0,,-1556.0,0.0,False,False,-305.0
T15_NEG0.60R_MFE0.20R,15,-0.6,0.2,20260924-2409-090900,2026-09-24T09:09:00.032000+08:00,2409,SHORT,WINNER,True,False,1.1262857142857143,1.127396986918817,-0.28184924672969425,2441.0,,2441.0,0.0,False,False,4693.0
T15_NEG0.60R_MFE0.20R,15,-0.6,0.2,20260924-3605-090900,2026-09-24T09:09:03.562000+08:00,3605,LONG,LOSER,True,False,-0.31,0.11299447795986149,-0.5649723897993074,-585.0,,-585.0,0.0,False,False,2906.0
T15_NEG0.60R_MFE0.20R,15,-0.6,0.2,20260924-2033-091030,2026-09-24T09:10:31.938000+08:00,2033,SHORT,WINNER,False,False,,,,4158.0,,4158.0,0.0,False,False,6410.0
T15_NEG0.60R_MFE0.20R,15,-0.6,0.2,20260924-4956-093400,2026-09-24T09:34:01.454000+08:00,4956,LONG,LOSER,False,False,-1.5397142857142858,0.0,-1.2244911842303599,-3593.0,,-3593.0,0.0,False,False,-600.0
T15_NEG0.60R_MFE0.20R,15,-0.6,0.2,20260924-3624-115700,2026-09-24T11:57:00.051000+08:00,3624,LONG,LOSER,True,True,-0.6994285714285714,0.0,-0.6581841357877743,-3945.0,-2946.0,-2946.0,999.0,False,True,-453.0
T15_NEG0.60R_MFE0.20R,15,-0.6,0.2,20260924-6456-131000,2026-09-24T13:10:00.019000+08:00,6456,LONG,LOSER,False,False,,,,-2126.0,,-2126.0,0.0,False,False,-529.0
T15_NEG0.60R_MFE0.30R,15,-0.6,0.3,20260922-1709-093200,2026-09-22T09:32:00.233000+08:00,1709,SHORT,WINNER,False,False,,,,4442.0,,4442.0,0.0,False,False,6845.0
T15_NEG0.60R_MFE0.30R,15,-0.6,0.3,20260923-3229-092830,2026-09-23T09:28:31.476000+08:00,3229,SHORT,LOSER,False,False,,,,-3549.0,,-3549.0,0.0,False,False,955.0
T15_NEG0.60R_MFE0.30R,15,-0.6,0.3,20260923-8111-093300,2026-09-23T09:33:05.750000+08:00,8111,LONG,LOSER,False,False,,,,-3684.0,,-3684.0,0.0,False,False,-491.0
T15_NEG0.60R_MFE0.30R,15,-0.6,0.3,20260923-3094-094300,2026-09-23T09:43:05.280000+08:00,3094,LONG,WINNER,False,False,2.5917142857142856,2.5310862911703826,-0.39964520386900904,7874.0,,7874.0,0.0,False,False,10866.0
T15_NEG0.60R_MFE0.30R,15,-0.6,0.3,20260923-4956-095730,2026-09-23T09:57:30.380000+08:00,4956,SHORT,LOSER,False,False,0.40685714285714286,0.45269403881172793,-0.13580821164350873,-778.0,,-778.0,0.0,False,False,2625.0
T15_NEG0.60R_MFE0.30R,15,-0.6,0.3,20260923-1709-095830,2026-09-23T09:58:30.421000+08:00,1709,SHORT,LOSER,False,False,-0.5114285714285715,0.09076479551259635,-0.7261183641007063,-3591.0,,-3591.0,0.0,False,False,-188.0
T15_NEG0.60R_MFE0.30R,15,-0.6,0.3,20260923-2221-100530,2026-09-23T10:05:35.229000+08:00,2221,LONG,WINNER,True,False,0.564,0.6681521917062236,-0.5567934930885197,3470.0,,3470.0,0.0,False,False,5465.0
T15_NEG0.60R_MFE0.30R,15,-0.6,0.3,20260923-2033-113900,2026-09-23T11:39:02.815000+08:00,2033,SHORT,LOSER,False,False,,,,-1342.0,,-1342.0,0.0,False,False,1660.0
T15_NEG0.60R_MFE0.30R,15,-0.6,0.3,20260923-3605-121730,2026-09-23T12:17:37.884000+08:00,3605,SHORT,WINNER,False,False,,,,1913.0,,1913.0,0.0,False,False,2914.0
T15_NEG0.60R_MFE0.30R,15,-0.6,0.3,20260923-6168-124430,2026-09-23T12:44:42.553000+08:00,6168,SHORT,LOSER,False,False,-0.4362857142857143,0.0,-0.3579422348347038,-1327.0,,-1327.0,0.0,False,False,-526.0
T15_NEG0.60R_MFE0.30R,15,-0.6,0.3,20260923-2409-130930,2026-09-23T13:09:30.012000+08:00,2409,SHORT,LOSER,False,False,,,,-1556.0,,-1556.0,0.0,False,False,-305.0
T15_NEG0.60R_MFE0.30R,15,-0.6,0.3,20260924-2409-090900,2026-09-24T09:09:00.032000+08:00,2409,SHORT,WINNER,True,False,1.1262857142857143,1.127396986918817,-0.28184924672969425,2441.0,,2441.0,0.0,False,False,4693.0
T15_NEG0.60R_MFE0.30R,15,-0.6,0.3,20260924-3605-090900,2026-09-24T09:09:03.562000+08:00,3605,LONG,LOSER,True,False,-0.31,0.11299447795986149,-0.5649723897993074,-585.0,,-585.0,0.0,False,False,2906.0
T15_NEG0.60R_MFE0.30R,15,-0.6,0.3,20260924-2033-091030,2026-09-24T09:10:31.938000+08:00,2033,SHORT,WINNER,False,False,,,,4158.0,,4158.0,0.0,False,False,6410.0
T15_NEG0.60R_MFE0.30R,15,-0.6,0.3,20260924-4956-093400,2026-09-24T09:34:01.454000+08:00,4956,LONG,LOSER,False,False,-1.5397142857142858,0.0,-1.2244911842303599,-3593.0,,-3593.0,0.0,False,False,-600.0
T15_NEG0.60R_MFE0.30R,15,-0.6,0.3,20260924-3624-115700,2026-09-24T11:57:00.051000+08:00,3624,LONG,LOSER,True,True,-0.6994285714285714,0.0,-0.6581841357877743,-3945.0,-2946.0,-2946.0,999.0,False,True,-453.0
T15_NEG0.60R_MFE0.30R,15,-0.6,0.3,20260924-6456-131000,2026-09-24T13:10:00.019000+08:00,6456,LONG,LOSER,False,False,,,,-2126.0,,-2126.0,0.0,False,False,-529.0
T15_NEG0.60R_MFE0.40R,15,-0.6,0.4,20260922-1709-093200,2026-09-22T09:32:00.233000+08:00,1709,SHORT,WINNER,False,False,,,,4442.0,,4442.0,0.0,False,False,6845.0
T15_NEG0.60R_MFE0.40R,15,-0.6,0.4,20260923-3229-092830,2026-09-23T09:28:31.476000+08:00,3229,SHORT,LOSER,False,False,,,,-3549.0,,-3549.0,0.0,False,False,955.0
T15_NEG0.60R_MFE0.40R,15,-0.6,0.4,20260923-8111-093300,2026-09-23T09:33:05.750000+08:00,8111,LONG,LOSER,False,False,,,,-3684.0,,-3684.0,0.0,False,False,-491.0
T15_NEG0.60R_MFE0.40R,15,-0.6,0.4,20260923-3094-094300,2026-09-23T09:43:05.280000+08:00,3094,LONG,WINNER,False,False,2.5917142857142856,2.5310862911703826,-0.39964520386900904,7874.0,,7874.0,0.0,False,False,10866.0
T15_NEG0.60R_MFE0.40R,15,-0.6,0.4,20260923-4956-095730,2026-09-23T09:57:30.380000+08:00,4956,SHORT,LOSER,False,False,0.40685714285714286,0.45269403881172793,-0.13580821164350873,-778.0,,-778.0,0.0,False,False,2625.0
T15_NEG0.60R_MFE0.40R,15,-0.6,0.4,20260923-1709-095830,2026-09-23T09:58:30.421000+08:00,1709,SHORT,LOSER,False,False,-0.5114285714285715,0.09076479551259635,-0.7261183641007063,-3591.0,,-3591.0,0.0,False,False,-188.0
T15_NEG0.60R_MFE0.40R,15,-0.6,0.4,20260923-2221-100530,2026-09-23T10:05:35.229000+08:00,2221,LONG,WINNER,True,False,0.564,0.6681521917062236,-0.5567934930885197,3470.0,,3470.0,0.0,False,False,5465.0
T15_NEG0.60R_MFE0.40R,15,-0.6,0.4,20260923-2033-113900,2026-09-23T11:39:02.815000+08:00,2033,SHORT,LOSER,False,False,,,,-1342.0,,-1342.0,0.0,False,False,1660.0
T15_NEG0.60R_MFE0.40R,15,-0.6,0.4,20260923-3605-121730,2026-09-23T12:17:37.884000+08:00,3605,SHORT,WINNER,False,False,,,,1913.0,,1913.0,0.0,False,False,2914.0
T15_NEG0.60R_MFE0.40R,15,-0.6,0.4,20260923-6168-124430,2026-09-23T12:44:42.553000+08:00,6168,SHORT,LOSER,False,False,-0.4362857142857143,0.0,-0.3579422348347038,-1327.0,,-1327.0,0.0,False,False,-526.0
T15_NEG0.60R_MFE0.40R,15,-0.6,0.4,20260923-2409-130930,2026-09-23T13:09:30.012000+08:00,2409,SHORT,LOSER,False,False,,,,-1556.0,,-1556.0,0.0,False,False,-305.0
T15_NEG0.60R_MFE0.40R,15,-0.6,0.4,20260924-2409-090900,2026-09-24T09:09:00.032000+08:00,2409,SHORT,WINNER,True,False,1.1262857142857143,1.127396986918817,-0.28184924672969425,2441.0,,2441.0,0.0,False,False,4693.0
T15_NEG0.60R_MFE0.40R,15,-0.6,0.4,20260924-3605-090900,2026-09-24T09:09:03.562000+08:00,3605,LONG,LOSER,True,False,-0.31,0.11299447795986149,-0.5649723897993074,-585.0,,-585.0,0.0,False,False,2906.0
T15_NEG0.60R_MFE0.40R,15,-0.6,0.4,20260924-2033-091030,2026-09-24T09:10:31.938000+08:00,2033,SHORT,WINNER,False,False,,,,4158.0,,4158.0,0.0,False,False,6410.0
T15_NEG0.60R_MFE0.40R,15,-0.6,0.4,20260924-4956-093400,2026-09-24T09:34:01.454000+08:00,4956,LONG,LOSER,False,False,-1.5397142857142858,0.0,-1.2244911842303599,-3593.0,,-3593.0,0.0,False,False,-600.0
T15_NEG0.60R_MFE0.40R,15,-0.6,0.4,20260924-3624-115700,2026-09-24T11:57:00.051000+08:00,3624,LONG,LOSER,True,True,-0.6994285714285714,0.0,-0.6581841357877743,-3945.0,-2946.0,-2946.0,999.0,False,True,-453.0
T15_NEG0.60R_MFE0.40R,15,-0.6,0.4,20260924-6456-131000,2026-09-24T13:10:00.019000+08:00,6456,LONG,LOSER,False,False,,,,-2126.0,,-2126.0,0.0,False,False,-529.0
T15_NEG0.60R_MFE0.50R,15,-0.6,0.5,20260922-1709-093200,2026-09-22T09:32:00.233000+08:00,1709,SHORT,WINNER,False,False,,,,4442.0,,4442.0,0.0,False,False,6845.0
T15_NEG0.60R_MFE0.50R,15,-0.6,0.5,20260923-3229-092830,2026-09-23T09:28:31.476000+08:00,3229,SHORT,LOSER,False,False,,,,-3549.0,,-3549.0,0.0,False,False,955.0
T15_NEG0.60R_MFE0.50R,15,-0.6,0.5,20260923-8111-093300,2026-09-23T09:33:05.750000+08:00,8111,LONG,LOSER,False,False,,,,-3684.0,,-3684.0,0.0,False,False,-491.0
T15_NEG0.60R_MFE0.50R,15,-0.6,0.5,20260923-3094-094300,2026-09-23T09:43:05.280000+08:00,3094,LONG,WINNER,False,False,2.5917142857142856,2.5310862911703826,-0.39964520386900904,7874.0,,7874.0,0.0,False,False,10866.0
T15_NEG0.60R_MFE0.50R,15,-0.6,0.5,20260923-4956-095730,2026-09-23T09:57:30.380000+08:00,4956,SHORT,LOSER,False,False,0.40685714285714286,0.45269403881172793,-0.13580821164350873,-778.0,,-778.0,0.0,False,False,2625.0
T15_NEG0.60R_MFE0.50R,15,-0.6,0.5,20260923-1709-095830,2026-09-23T09:58:30.421000+08:00,1709,SHORT,LOSER,False,False,-0.5114285714285715,0.09076479551259635,-0.7261183641007063,-3591.0,,-3591.0,0.0,False,False,-188.0
T15_NEG0.60R_MFE0.50R,15,-0.6,0.5,20260923-2221-100530,2026-09-23T10:05:35.229000+08:00,2221,LONG,WINNER,True,False,0.564,0.6681521917062236,-0.5567934930885197,3470.0,,3470.0,0.0,False,False,5465.0
T15_NEG0.60R_MFE0.50R,15,-0.6,0.5,20260923-2033-113900,2026-09-23T11:39:02.815000+08:00,2033,SHORT,LOSER,False,False,,,,-1342.0,,-1342.0,0.0,False,False,1660.0
T15_NEG0.60R_MFE0.50R,15,-0.6,0.5,20260923-3605-121730,2026-09-23T12:17:37.884000+08:00,3605,SHORT,WINNER,False,False,,,,1913.0,,1913.0,0.0,False,False,2914.0
T15_NEG0.60R_MFE0.50R,15,-0.6,0.5,20260923-6168-124430,2026-09-23T12:44:42.553000+08:00,6168,SHORT,LOSER,False,False,-0.4362857142857143,0.0,-0.3579422348347038,-1327.0,,-1327.0,0.0,False,False,-526.0
T15_NEG0.60R_MFE0.50R,15,-0.6,0.5,20260923-2409-130930,2026-09-23T13:09:30.012000+08:00,2409,SHORT,LOSER,False,False,,,,-1556.0,,-1556.0,0.0,False,False,-305.0
T15_NEG0.60R_MFE0.50R,15,-0.6,0.5,20260924-2409-090900,2026-09-24T09:09:00.032000+08:00,2409,SHORT,WINNER,True,False,1.1262857142857143,1.127396986918817,-0.28184924672969425,2441.0,,2441.0,0.0,False,False,4693.0
T15_NEG0.60R_MFE0.50R,15,-0.6,0.5,20260924-3605-090900,2026-09-24T09:09:03.562000+08:00,3605,LONG,LOSER,True,False,-0.31,0.11299447795986149,-0.5649723897993074,-585.0,,-585.0,0.0,False,False,2906.0
T15_NEG0.60R_MFE0.50R,15,-0.6,0.5,20260924-2033-091030,2026-09-24T09:10:31.938000+08:00,2033,SHORT,WINNER,False,False,,,,4158.0,,4158.0,0.0,False,False,6410.0
T15_NEG0.60R_MFE0.50R,15,-0.6,0.5,20260924-4956-093400,2026-09-24T09:34:01.454000+08:00,4956,LONG,LOSER,False,False,-1.5397142857142858,0.0,-1.2244911842303599,-3593.0,,-3593.0,0.0,False,False,-600.0
T15_NEG0.60R_MFE0.50R,15,-0.6,0.5,20260924-3624-115700,2026-09-24T11:57:00.051000+08:00,3624,LONG,LOSER,True,True,-0.6994285714285714,0.0,-0.6581841357877743,-3945.0,-2946.0,-2946.0,999.0,False,True,-453.0
T15_NEG0.60R_MFE0.50R,15,-0.6,0.5,20260924-6456-131000,2026-09-24T13:10:00.019000+08:00,6456,LONG,LOSER,False,False,,,,-2126.0,,-2126.0,0.0,False,False,-529.0
