candidate_id,removed_trade_id,removed_trade_triggered,removed_trade_pnl_delta,loo_net_pnl_difference,loo_benefit_positive,full_net_pnl_difference,loo_min_net_pnl_difference,loo_max_net_pnl_difference,loo_positive_count,loo_runs,benefit_disappears_count,largest_positive_trade_share,loo_fragile,outlier_concentrated,fragility_reason,fragile
T5_NEG0.20R_MFE0.10R,20260922-1709-093200,False,0.0,447.0,True,447.0,-1554.0,3950.0,14,17,3,0.5065822784810127,True,True,LOO_BENEFIT_DISAPPEARS,True
T5_NEG0.20R_MFE0.10R,20260923-3229-092830,False,0.0,447.0,True,447.0,-1554.0,3950.0,14,17,3,0.5065822784810127,True,True,LOO_BENEFIT_DISAPPEARS,True
T5_NEG0.20R_MFE0.10R,20260923-8111-093300,False,0.0,447.0,True,447.0,-1554.0,3950.0,14,17,3,0.5065822784810127,True,True,LOO_BENEFIT_DISAPPEARS,True
T5_NEG0.20R_MFE0.10R,20260923-3094-094300,False,0.0,447.0,True,447.0,-1554.0,3950.0,14,17,3,0.5065822784810127,True,True,LOO_BENEFIT_DISAPPEARS,True
T5_NEG0.20R_MFE0.10R,20260923-4956-095730,False,0.0,447.0,True,447.0,-1554.0,3950.0,14,17,3,0.5065822784810127,True,True,LOO_BENEFIT_DISAPPEARS,True
T5_NEG0.20R_MFE0.10R,20260923-1709-095830,True,2001.0,-1554.0,False,447.0,-1554.0,3950.0,14,17,3,0.5065822784810127,True,True,LOO_BENEFIT_DISAPPEARS,True
T5_NEG0.20R_MFE0.10R,20260923-2221-100530,False,0.0,447.0,True,447.0,-1554.0,3950.0,14,17,3,0.5065822784810127,True,True,LOO_BENEFIT_DISAPPEARS,True
T5_NEG0.20R_MFE0.10R,20260923-2033-113900,False,0.0,447.0,True,447.0,-1554.0,3950.0,14,17,3,0.5065822784810127,True,True,LOO_BENEFIT_DISAPPEARS,True
T5_NEG0.20R_MFE0.10R,20260923-3605-121730,True,-3503.0,3950.0,True,447.0,-1554.0,3950.0,14,17,3,0.5065822784810127,True,True,LOO_BENEFIT_DISAPPEARS,True
T5_NEG0.20R_MFE0.10R,20260923-6168-124430,False,0.0,447.0,True,447.0,-1554.0,3950.0,14,17,3,0.5065822784810127,True,True,LOO_BENEFIT_DISAPPEARS,True
T5_NEG0.20R_MFE0.10R,20260923-2409-130930,True,751.0,-304.0,False,447.0,-1554.0,3950.0,14,17,3,0.5065822784810127,True,True,LOO_BENEFIT_DISAPPEARS,True
T5_NEG0.20R_MFE0.10R,20260924-2409-090900,False,0.0,447.0,True,447.0,-1554.0,3950.0,14,17,3,0.5065822784810127,True,True,LOO_BENEFIT_DISAPPEARS,True
T5_NEG0.20R_MFE0.10R,20260924-3605-090900,False,0.0,447.0,True,447.0,-1554.0,3950.0,14,17,3,0.5065822784810127,True,True,LOO_BENEFIT_DISAPPEARS,True
T5_NEG0.20R_MFE0.10R,20260924-2033-091030,False,0.0,447.0,True,447.0,-1554.0,3950.0,14,17,3,0.5065822784810127,True,True,LOO_BENEFIT_DISAPPEARS,True
T5_NEG0.20R_MFE0.10R,20260924-4956-093400,True,199.0,248.0,True,447.0,-1554.0,3950.0,14,17,3,0.5065822784810127,True,True,LOO_BENEFIT_DISAPPEARS,True
T5_NEG0.20R_MFE0.10R,20260924-3624-115700,True,999.0,-552.0,False,447.0,-1554.0,3950.0,14,17,3,0.5065822784810127,True,True,LOO_BENEFIT_DISAPPEARS,True
T5_NEG0.20R_MFE0.10R,20260924-6456-131000,False,0.0,447.0,True,447.0,-1554.0,3950.0,14,17,3,0.5065822784810127,True,True,LOO_BENEFIT_DISAPPEARS,True
T5_NEG0.20R_MFE0.20R,20260922-1709-093200,False,0.0,-253.0,False,-253.0,-2254.0,3250.0,2,17,15,0.5065822784810127,True,True,LOO_BENEFIT_DISAPPEARS,True
T5_NEG0.20R_MFE0.20R,20260923-3229-092830,False,0.0,-253.0,False,-253.0,-2254.0,3250.0,2,17,15,0.5065822784810127,True,True,LOO_BENEFIT_DISAPPEARS,True
T5_NEG0.20R_MFE0.20R,20260923-8111-093300,False,0.0,-253.0,False,-253.0,-2254.0,3250.0,2,17,15,0.5065822784810127,True,True,LOO_BENEFIT_DISAPPEARS,True
T5_NEG0.20R_MFE0.20R,20260923-3094-094300,False,0.0,-253.0,False,-253.0,-2254.0,3250.0,2,17,15,0.5065822784810127,True,True,LOO_BENEFIT_DISAPPEARS,True
T5_NEG0.20R_MFE0.20R,20260923-4956-095730,True,-200.0,-53.0,False,-253.0,-2254.0,3250.0,2,17,15,0.5065822784810127,True,True,LOO_BENEFIT_DISAPPEARS,True
T5_NEG0.20R_MFE0.20R,20260923-1709-095830,True,2001.0,-2254.0,False,-253.0,-2254.0,3250.0,2,17,15,0.5065822784810127,True,True,LOO_BENEFIT_DISAPPEARS,True
T5_NEG0.20R_MFE0.20R,20260923-2221-100530,False,0.0,-253.0,False,-253.0,-2254.0,3250.0,2,17,15,0.5065822784810127,True,True,LOO_BENEFIT_DISAPPEARS,True
T5_NEG0.20R_MFE0.20R,20260923-2033-113900,False,0.0,-253.0,False,-253.0,-2254.0,3250.0,2,17,15,0.5065822784810127,True,True,LOO_BENEFIT_DISAPPEARS,True
T5_NEG0.20R_MFE0.20R,20260923-3605-121730,True,-3503.0,3250.0,True,-253.0,-2254.0,3250.0,2,17,15,0.5065822784810127,True,True,LOO_BENEFIT_DISAPPEARS,True
T5_NEG0.20R_MFE0.20R,20260923-6168-124430,False,0.0,-253.0,False,-253.0,-2254.0,3250.0,2,17,15,0.5065822784810127,True,True,LOO_BENEFIT_DISAPPEARS,True
T5_NEG0.20R_MFE0.20R,20260923-2409-130930,True,751.0,-1004.0,False,-253.0,-2254.0,3250.0,2,17,15,0.5065822784810127,True,True,LOO_BENEFIT_DISAPPEARS,True
T5_NEG0.20R_MFE0.20R,20260924-2409-090900,False,0.0,-253.0,False,-253.0,-2254.0,3250.0,2,17,15,0.5065822784810127,True,True,LOO_BENEFIT_DISAPPEARS,True
T5_NEG0.20R_MFE0.20R,20260924-3605-090900,True,-500.0,247.0,True,-253.0,-2254.0,3250.0,2,17,15,0.5065822784810127,True,True,LOO_BENEFIT_DISAPPEARS,True
T5_NEG0.20R_MFE0.20R,20260924-2033-091030,False,0.0,-253.0,False,-253.0,-2254.0,3250.0,2,17,15,0.5065822784810127,True,True,LOO_BENEFIT_DISAPPEARS,True
T5_NEG0.20R_MFE0.20R,20260924-4956-093400,True,199.0,-452.0,False,-253.0,-2254.0,3250.0,2,17,15,0.5065822784810127,True,True,LOO_BENEFIT_DISAPPEARS,True
T5_NEG0.20R_MFE0.20R,20260924-3624-115700,True,999.0,-1252.0,False,-253.0,-2254.0,3250.0,2,17,15,0.5065822784810127,True,True,LOO_BENEFIT_DISAPPEARS,True
T5_NEG0.20R_MFE0.20R,20260924-6456-131000,False,0.0,-253.0,False,-253.0,-2254.0,3250.0,2,17,15,0.5065822784810127,True,True,LOO_BENEFIT_DISAPPEARS,True
T5_NEG0.20R_MFE0.30R,20260922-1709-093200,False,0.0,-253.0,False,-253.0,-2254.0,3250.0,2,17,15,0.5065822784810127,True,True,LOO_BENEFIT_DISAPPEARS,True
T5_NEG0.20R_MFE0.30R,20260923-3229-092830,False,0.0,-253.0,False,-253.0,-2254.0,3250.0,2,17,15,0.5065822784810127,True,True,LOO_BENEFIT_DISAPPEARS,True
T5_NEG0.20R_MFE0.30R,20260923-8111-093300,False,0.0,-253.0,False,-253.0,-2254.0,3250.0,2,17,15,0.5065822784810127,True,True,LOO_BENEFIT_DISAPPEARS,True
T5_NEG0.20R_MFE0.30R,20260923-3094-094300,False,0.0,-253.0,False,-253.0,-2254.0,3250.0,2,17,15,0.5065822784810127,True,True,LOO_BENEFIT_DISAPPEARS,True
T5_NEG0.20R_MFE0.30R,20260923-4956-095730,True,-200.0,-53.0,False,-253.0,-2254.0,3250.0,2,17,15,0.5065822784810127,True,True,LOO_BENEFIT_DISAPPEARS,True
T5_NEG0.20R_MFE0.30R,20260923-1709-095830,True,2001.0,-2254.0,False,-253.0,-2254.0,3250.0,2,17,15,0.5065822784810127,True,True,LOO_BENEFIT_DISAPPEARS,True
T5_NEG0.20R_MFE0.30R,20260923-2221-100530,False,0.0,-253.0,False,-253.0,-2254.0,3250.0,2,17,15,0.5065822784810127,True,True,LOO_BENEFIT_DISAPPEARS,True
T5_NEG0.20R_MFE0.30R,20260923-2033-113900,False,0.0,-253.0,False,-253.0,-2254.0,3250.0,2,17,15,0.5065822784810127,True,True,LOO_BENEFIT_DISAPPEARS,True
T5_NEG0.20R_MFE0.30R,20260923-3605-121730,True,-3503.0,3250.0,True,-253.0,-2254.0,3250.0,2,17,15,0.5065822784810127,True,True,LOO_BENEFIT_DISAPPEARS,True
T5_NEG0.20R_MFE0.30R,20260923-6168-124430,False,0.0,-253.0,False,-253.0,-2254.0,3250.0,2,17,15,0.5065822784810127,True,True,LOO_BENEFIT_DISAPPEARS,True
T5_NEG0.20R_MFE0.30R,20260923-2409-130930,True,751.0,-1004.0,False,-253.0,-2254.0,3250.0,2,17,15,0.5065822784810127,True,True,LOO_BENEFIT_DISAPPEARS,True
T5_NEG0.20R_MFE0.30R,20260924-2409-090900,False,0.0,-253.0,False,-253.0,-2254.0,3250.0,2,17,15,0.5065822784810127,True,True,LOO_BENEFIT_DISAPPEARS,True
T5_NEG0.20R_MFE0.30R,20260924-3605-090900,True,-500.0,247.0,True,-253.0,-2254.0,3250.0,2,17,15,0.5065822784810127,True,True,LOO_BENEFIT_DISAPPEARS,True
T5_NEG0.20R_MFE0.30R,20260924-2033-091030,False,0.0,-253.0,False,-253.0,-2254.0,3250.0,2,17,15,0.5065822784810127,True,True,LOO_BENEFIT_DISAPPEARS,True
T5_NEG0.20R_MFE0.30R,20260924-4956-093400,True,199.0,-452.0,False,-253.0,-2254.0,3250.0,2,17,15,0.5065822784810127,True,True,LOO_BENEFIT_DISAPPEARS,True
T5_NEG0.20R_MFE0.30R,20260924-3624-115700,True,999.0,-1252.0,False,-253.0,-2254.0,3250.0,2,17,15,0.5065822784810127,True,True,LOO_BENEFIT_DISAPPEARS,True
T5_NEG0.20R_MFE0.30R,20260924-6456-131000,False,0.0,-253.0,False,-253.0,-2254.0,3250.0,2,17,15,0.5065822784810127,True,True,LOO_BENEFIT_DISAPPEARS,True
T5_NEG0.20R_MFE0.40R,20260922-1709-093200,False,0.0,-253.0,False,-253.0,-2254.0,3250.0,2,17,15,0.5065822784810127,True,True,LOO_BENEFIT_DISAPPEARS,True
T5_NEG0.20R_MFE0.40R,20260923-3229-092830,False,0.0,-253.0,False,-253.0,-2254.0,3250.0,2,17,15,0.5065822784810127,True,True,LOO_BENEFIT_DISAPPEARS,True
T5_NEG0.20R_MFE0.40R,20260923-8111-093300,False,0.0,-253.0,False,-253.0,-2254.0,3250.0,2,17,15,0.5065822784810127,True,True,LOO_BENEFIT_DISAPPEARS,True
T5_NEG0.20R_MFE0.40R,20260923-3094-094300,False,0.0,-253.0,False,-253.0,-2254.0,3250.0,2,17,15,0.5065822784810127,True,True,LOO_BENEFIT_DISAPPEARS,True
T5_NEG0.20R_MFE0.40R,20260923-4956-095730,True,-200.0,-53.0,False,-253.0,-2254.0,3250.0,2,17,15,0.5065822784810127,True,True,LOO_BENEFIT_DISAPPEARS,True
T5_NEG0.20R_MFE0.40R,20260923-1709-095830,True,2001.0,-2254.0,False,-253.0,-2254.0,3250.0,2,17,15,0.5065822784810127,True,True,LOO_BENEFIT_DISAPPEARS,True
T5_NEG0.20R_MFE0.40R,20260923-2221-100530,False,0.0,-253.0,False,-253.0,-2254.0,3250.0,2,17,15,0.5065822784810127,True,True,LOO_BENEFIT_DISAPPEARS,True
T5_NEG0.20R_MFE0.40R,20260923-2033-113900,False,0.0,-253.0,False,-253.0,-2254.0,3250.0,2,17,15,0.5065822784810127,True,True,LOO_BENEFIT_DISAPPEARS,True
T5_NEG0.20R_MFE0.40R,20260923-3605-121730,True,-3503.0,3250.0,True,-253.0,-2254.0,3250.0,2,17,15,0.5065822784810127,True,True,LOO_BENEFIT_DISAPPEARS,True
T5_NEG0.20R_MFE0.40R,20260923-6168-124430,False,0.0,-253.0,False,-253.0,-2254.0,3250.0,2,17,15,0.5065822784810127,True,True,LOO_BENEFIT_DISAPPEARS,True
T5_NEG0.20R_MFE0.40R,20260923-2409-130930,True,751.0,-1004.0,False,-253.0,-2254.0,3250.0,2,17,15,0.5065822784810127,True,True,LOO_BENEFIT_DISAPPEARS,True
T5_NEG0.20R_MFE0.40R,20260924-2409-090900,False,0.0,-253.0,False,-253.0,-2254.0,3250.0,2,17,15,0.5065822784810127,True,True,LOO_BENEFIT_DISAPPEARS,True
T5_NEG0.20R_MFE0.40R,20260924-3605-090900,True,-500.0,247.0,True,-253.0,-2254.0,3250.0,2,17,15,0.5065822784810127,True,True,LOO_BENEFIT_DISAPPEARS,True
T5_NEG0.20R_MFE0.40R,20260924-2033-091030,False,0.0,-253.0,False,-253.0,-2254.0,3250.0,2,17,15,0.5065822784810127,True,True,LOO_BENEFIT_DISAPPEARS,True
T5_NEG0.20R_MFE0.40R,20260924-4956-093400,True,199.0,-452.0,False,-253.0,-2254.0,3250.0,2,17,15,0.5065822784810127,True,True,LOO_BENEFIT_DISAPPEARS,True
T5_NEG0.20R_MFE0.40R,20260924-3624-115700,True,999.0,-1252.0,False,-253.0,-2254.0,3250.0,2,17,15,0.5065822784810127,True,True,LOO_BENEFIT_DISAPPEARS,True
T5_NEG0.20R_MFE0.40R,20260924-6456-131000,False,0.0,-253.0,False,-253.0,-2254.0,3250.0,2,17,15,0.5065822784810127,True,True,LOO_BENEFIT_DISAPPEARS,True
T5_NEG0.20R_MFE0.50R,20260922-1709-093200,False,0.0,-253.0,False,-253.0,-2254.0,3250.0,2,17,15,0.5065822784810127,True,True,LOO_BENEFIT_DISAPPEARS,True
T5_NEG0.20R_MFE0.50R,20260923-3229-092830,False,0.0,-253.0,False,-253.0,-2254.0,3250.0,2,17,15,0.5065822784810127,True,True,LOO_BENEFIT_DISAPPEARS,True
T5_NEG0.20R_MFE0.50R,20260923-8111-093300,False,0.0,-253.0,False,-253.0,-2254.0,3250.0,2,17,15,0.5065822784810127,True,True,LOO_BENEFIT_DISAPPEARS,True
T5_NEG0.20R_MFE0.50R,20260923-3094-094300,False,0.0,-253.0,False,-253.0,-2254.0,3250.0,2,17,15,0.5065822784810127,True,True,LOO_BENEFIT_DISAPPEARS,True
T5_NEG0.20R_MFE0.50R,20260923-4956-095730,True,-200.0,-53.0,False,-253.0,-2254.0,3250.0,2,17,15,0.5065822784810127,True,True,LOO_BENEFIT_DISAPPEARS,True
T5_NEG0.20R_MFE0.50R,20260923-1709-095830,True,2001.0,-2254.0,False,-253.0,-2254.0,3250.0,2,17,15,0.5065822784810127,True,True,LOO_BENEFIT_DISAPPEARS,True
T5_NEG0.20R_MFE0.50R,20260923-2221-100530,False,0.0,-253.0,False,-253.0,-2254.0,3250.0,2,17,15,0.5065822784810127,True,True,LOO_BENEFIT_DISAPPEARS,True
T5_NEG0.20R_MFE0.50R,20260923-2033-113900,False,0.0,-253.0,False,-253.0,-2254.0,3250.0,2,17,15,0.5065822784810127,True,True,LOO_BENEFIT_DISAPPEARS,True
T5_NEG0.20R_MFE0.50R,20260923-3605-121730,True,-3503.0,3250.0,True,-253.0,-2254.0,3250.0,2,17,15,0.5065822784810127,True,True,LOO_BENEFIT_DISAPPEARS,True
T5_NEG0.20R_MFE0.50R,20260923-6168-124430,False,0.0,-253.0,False,-253.0,-2254.0,3250.0,2,17,15,0.5065822784810127,True,True,LOO_BENEFIT_DISAPPEARS,True
T5_NEG0.20R_MFE0.50R,20260923-2409-130930,True,751.0,-1004.0,False,-253.0,-2254.0,3250.0,2,17,15,0.5065822784810127,True,True,LOO_BENEFIT_DISAPPEARS,True
T5_NEG0.20R_MFE0.50R,20260924-2409-090900,False,0.0,-253.0,False,-253.0,-2254.0,3250.0,2,17,15,0.5065822784810127,True,True,LOO_BENEFIT_DISAPPEARS,True
T5_NEG0.20R_MFE0.50R,20260924-3605-090900,True,-500.0,247.0,True,-253.0,-2254.0,3250.0,2,17,15,0.5065822784810127,True,True,LOO_BENEFIT_DISAPPEARS,True
T5_NEG0.20R_MFE0.50R,20260924-2033-091030,False,0.0,-253.0,False,-253.0,-2254.0,3250.0,2,17,15,0.5065822784810127,True,True,LOO_BENEFIT_DISAPPEARS,True
T5_NEG0.20R_MFE0.50R,20260924-4956-093400,True,199.0,-452.0,False,-253.0,-2254.0,3250.0,2,17,15,0.5065822784810127,True,True,LOO_BENEFIT_DISAPPEARS,True
T5_NEG0.20R_MFE0.50R,20260924-3624-115700,True,999.0,-1252.0,False,-253.0,-2254.0,3250.0,2,17,15,0.5065822784810127,True,True,LOO_BENEFIT_DISAPPEARS,True
T5_NEG0.20R_MFE0.50R,20260924-6456-131000,False,0.0,-253.0,False,-253.0,-2254.0,3250.0,2,17,15,0.5065822784810127,True,True,LOO_BENEFIT_DISAPPEARS,True
T5_NEG0.30R_MFE0.10R,20260922-1709-093200,False,0.0,-304.0,False,-304.0,-2305.0,3199.0,1,17,16,0.6255079712410128,True,True,LOO_BENEFIT_DISAPPEARS,True
T5_NEG0.30R_MFE0.10R,20260923-3229-092830,False,0.0,-304.0,False,-304.0,-2305.0,3199.0,1,17,16,0.6255079712410128,True,True,LOO_BENEFIT_DISAPPEARS,True
T5_NEG0.30R_MFE0.10R,20260923-8111-093300,False,0.0,-304.0,False,-304.0,-2305.0,3199.0,1,17,16,0.6255079712410128,True,True,LOO_BENEFIT_DISAPPEARS,True
T5_NEG0.30R_MFE0.10R,20260923-3094-094300,False,0.0,-304.0,False,-304.0,-2305.0,3199.0,1,17,16,0.6255079712410128,True,True,LOO_BENEFIT_DISAPPEARS,True
T5_NEG0.30R_MFE0.10R,20260923-4956-095730,False,0.0,-304.0,False,-304.0,-2305.0,3199.0,1,17,16,0.6255079712410128,True,True,LOO_BENEFIT_DISAPPEARS,True
T5_NEG0.30R_MFE0.10R,20260923-1709-095830,True,2001.0,-2305.0,False,-304.0,-2305.0,3199.0,1,17,16,0.6255079712410128,True,True,LOO_BENEFIT_DISAPPEARS,True
T5_NEG0.30R_MFE0.10R,20260923-2221-100530,False,0.0,-304.0,False,-304.0,-2305.0,3199.0,1,17,16,0.6255079712410128,True,True,LOO_BENEFIT_DISAPPEARS,True
T5_NEG0.30R_MFE0.10R,20260923-2033-113900,False,0.0,-304.0,False,-304.0,-2305.0,3199.0,1,17,16,0.6255079712410128,True,True,LOO_BENEFIT_DISAPPEARS,True
T5_NEG0.30R_MFE0.10R,20260923-3605-121730,True,-3503.0,3199.0,True,-304.0,-2305.0,3199.0,1,17,16,0.6255079712410128,True,True,LOO_BENEFIT_DISAPPEARS,True
T5_NEG0.30R_MFE0.10R,20260923-6168-124430,False,0.0,-304.0,False,-304.0,-2305.0,3199.0,1,17,16,0.6255079712410128,True,True,LOO_BENEFIT_DISAPPEARS,True
T5_NEG0.30R_MFE0.10R,20260923-2409-130930,False,0.0,-304.0,False,-304.0,-2305.0,3199.0,1,17,16,0.6255079712410128,True,True,LOO_BENEFIT_DISAPPEARS,True
T5_NEG0.30R_MFE0.10R,20260924-2409-090900,False,0.0,-304.0,False,-304.0,-2305.0,3199.0,1,17,16,0.6255079712410128,True,True,LOO_BENEFIT_DISAPPEARS,True
T5_NEG0.30R_MFE0.10R,20260924-3605-090900,False,0.0,-304.0,False,-304.0,-2305.0,3199.0,1,17,16,0.6255079712410128,True,True,LOO_BENEFIT_DISAPPEARS,True
T5_NEG0.30R_MFE0.10R,20260924-2033-091030,False,0.0,-304.0,False,-304.0,-2305.0,3199.0,1,17,16,0.6255079712410128,True,True,LOO_BENEFIT_DISAPPEARS,True
T5_NEG0.30R_MFE0.10R,20260924-4956-093400,True,199.0,-503.0,False,-304.0,-2305.0,3199.0,1,17,16,0.6255079712410128,True,True,LOO_BENEFIT_DISAPPEARS,True
T5_NEG0.30R_MFE0.10R,20260924-3624-115700,True,999.0,-1303.0,False,-304.0,-2305.0,3199.0,1,17,16,0.6255079712410128,True,True,LOO_BENEFIT_DISAPPEARS,True
T5_NEG0.30R_MFE0.10R,20260924-6456-131000,False,0.0,-304.0,False,-304.0,-2305.0,3199.0,1,17,16,0.6255079712410128,True,True,LOO_BENEFIT_DISAPPEARS,True
T5_NEG0.30R_MFE0.20R,20260922-1709-093200,False,0.0,-804.0,False,-804.0,-2805.0,2699.0,1,17,16,0.6255079712410128,True,True,LOO_BENEFIT_DISAPPEARS,True
T5_NEG0.30R_MFE0.20R,20260923-3229-092830,False,0.0,-804.0,False,-804.0,-2805.0,2699.0,1,17,16,0.6255079712410128,True,True,LOO_BENEFIT_DISAPPEARS,True
T5_NEG0.30R_MFE0.20R,20260923-8111-093300,False,0.0,-804.0,False,-804.0,-2805.0,2699.0,1,17,16,0.6255079712410128,True,True,LOO_BENEFIT_DISAPPEARS,True
T5_NEG0.30R_MFE0.20R,20260923-3094-094300,False,0.0,-804.0,False,-804.0,-2805.0,2699.0,1,17,16,0.6255079712410128,True,True,LOO_BENEFIT_DISAPPEARS,True
T5_NEG0.30R_MFE0.20R,20260923-4956-095730,False,0.0,-804.0,False,-804.0,-2805.0,2699.0,1,17,16,0.6255079712410128,True,True,LOO_BENEFIT_DISAPPEARS,True
T5_NEG0.30R_MFE0.20R,20260923-1709-095830,True,2001.0,-2805.0,False,-804.0,-2805.0,2699.0,1,17,16,0.6255079712410128,True,True,LOO_BENEFIT_DISAPPEARS,True
T5_NEG0.30R_MFE0.20R,20260923-2221-100530,False,0.0,-804.0,False,-804.0,-2805.0,2699.0,1,17,16,0.6255079712410128,True,True,LOO_BENEFIT_DISAPPEARS,True
T5_NEG0.30R_MFE0.20R,20260923-2033-113900,False,0.0,-804.0,False,-804.0,-2805.0,2699.0,1,17,16,0.6255079712410128,True,True,LOO_BENEFIT_DISAPPEARS,True
T5_NEG0.30R_MFE0.20R,20260923-3605-121730,True,-3503.0,2699.0,True,-804.0,-2805.0,2699.0,1,17,16,0.6255079712410128,True,True,LOO_BENEFIT_DISAPPEARS,True
T5_NEG0.30R_MFE0.20R,20260923-6168-124430,False,0.0,-804.0,False,-804.0,-2805.0,2699.0,1,17,16,0.6255079712410128,True,True,LOO_BENEFIT_DISAPPEARS,True
T5_NEG0.30R_MFE0.20R,20260923-2409-130930,False,0.0,-804.0,False,-804.0,-2805.0,2699.0,1,17,16,0.6255079712410128,True,True,LOO_BENEFIT_DISAPPEARS,True
T5_NEG0.30R_MFE0.20R,20260924-2409-090900,False,0.0,-804.0,False,-804.0,-2805.0,2699.0,1,17,16,0.6255079712410128,True,True,LOO_BENEFIT_DISAPPEARS,True
T5_NEG0.30R_MFE0.20R,20260924-3605-090900,True,-500.0,-304.0,False,-804.0,-2805.0,2699.0,1,17,16,0.6255079712410128,True,True,LOO_BENEFIT_DISAPPEARS,True
T5_NEG0.30R_MFE0.20R,20260924-2033-091030,False,0.0,-804.0,False,-804.0,-2805.0,2699.0,1,17,16,0.6255079712410128,True,True,LOO_BENEFIT_DISAPPEARS,True
T5_NEG0.30R_MFE0.20R,20260924-4956-093400,True,199.0,-1003.0,False,-804.0,-2805.0,2699.0,1,17,16,0.6255079712410128,True,True,LOO_BENEFIT_DISAPPEARS,True
T5_NEG0.30R_MFE0.20R,20260924-3624-115700,True,999.0,-1803.0,False,-804.0,-2805.0,2699.0,1,17,16,0.6255079712410128,True,True,LOO_BENEFIT_DISAPPEARS,True
T5_NEG0.30R_MFE0.20R,20260924-6456-131000,False,0.0,-804.0,False,-804.0,-2805.0,2699.0,1,17,16,0.6255079712410128,True,True,LOO_BENEFIT_DISAPPEARS,True
T5_NEG0.30R_MFE0.30R,20260922-1709-093200,False,0.0,-804.0,False,-804.0,-2805.0,2699.0,1,17,16,0.6255079712410128,True,True,LOO_BENEFIT_DISAPPEARS,True
T5_NEG0.30R_MFE0.30R,20260923-3229-092830,False,0.0,-804.0,False,-804.0,-2805.0,2699.0,1,17,16,0.6255079712410128,True,True,LOO_BENEFIT_DISAPPEARS,True
T5_NEG0.30R_MFE0.30R,20260923-8111-093300,False,0.0,-804.0,False,-804.0,-2805.0,2699.0,1,17,16,0.6255079712410128,True,True,LOO_BENEFIT_DISAPPEARS,True
T5_NEG0.30R_MFE0.30R,20260923-3094-094300,False,0.0,-804.0,False,-804.0,-2805.0,2699.0,1,17,16,0.6255079712410128,True,True,LOO_BENEFIT_DISAPPEARS,True
T5_NEG0.30R_MFE0.30R,20260923-4956-095730,False,0.0,-804.0,False,-804.0,-2805.0,2699.0,1,17,16,0.6255079712410128,True,True,LOO_BENEFIT_DISAPPEARS,True
T5_NEG0.30R_MFE0.30R,20260923-1709-095830,True,2001.0,-2805.0,False,-804.0,-2805.0,2699.0,1,17,16,0.6255079712410128,True,True,LOO_BENEFIT_DISAPPEARS,True
T5_NEG0.30R_MFE0.30R,20260923-2221-100530,False,0.0,-804.0,False,-804.0,-2805.0,2699.0,1,17,16,0.6255079712410128,True,True,LOO_BENEFIT_DISAPPEARS,True
T5_NEG0.30R_MFE0.30R,20260923-2033-113900,False,0.0,-804.0,False,-804.0,-2805.0,2699.0,1,17,16,0.6255079712410128,True,True,LOO_BENEFIT_DISAPPEARS,True
T5_NEG0.30R_MFE0.30R,20260923-3605-121730,True,-3503.0,2699.0,True,-804.0,-2805.0,2699.0,1,17,16,0.6255079712410128,True,True,LOO_BENEFIT_DISAPPEARS,True
T5_NEG0.30R_MFE0.30R,20260923-6168-124430,False,0.0,-804.0,False,-804.0,-2805.0,2699.0,1,17,16,0.6255079712410128,True,True,LOO_BENEFIT_DISAPPEARS,True
T5_NEG0.30R_MFE0.30R,20260923-2409-130930,False,0.0,-804.0,False,-804.0,-2805.0,2699.0,1,17,16,0.6255079712410128,True,True,LOO_BENEFIT_DISAPPEARS,True
T5_NEG0.30R_MFE0.30R,20260924-2409-090900,False,0.0,-804.0,False,-804.0,-2805.0,2699.0,1,17,16,0.6255079712410128,True,True,LOO_BENEFIT_DISAPPEARS,True
T5_NEG0.30R_MFE0.30R,20260924-3605-090900,True,-500.0,-304.0,False,-804.0,-2805.0,2699.0,1,17,16,0.6255079712410128,True,True,LOO_BENEFIT_DISAPPEARS,True
T5_NEG0.30R_MFE0.30R,20260924-2033-091030,False,0.0,-804.0,False,-804.0,-2805.0,2699.0,1,17,16,0.6255079712410128,True,True,LOO_BENEFIT_DISAPPEARS,True
T5_NEG0.30R_MFE0.30R,20260924-4956-093400,True,199.0,-1003.0,False,-804.0,-2805.0,2699.0,1,17,16,0.6255079712410128,True,True,LOO_BENEFIT_DISAPPEARS,True
T5_NEG0.30R_MFE0.30R,20260924-3624-115700,True,999.0,-1803.0,False,-804.0,-2805.0,2699.0,1,17,16,0.6255079712410128,True,True,LOO_BENEFIT_DISAPPEARS,True
T5_NEG0.30R_MFE0.30R,20260924-6456-131000,False,0.0,-804.0,False,-804.0,-2805.0,2699.0,1,17,16,0.6255079712410128,True,True,LOO_BENEFIT_DISAPPEARS,True
T5_NEG0.30R_MFE0.40R,20260922-1709-093200,False,0.0,-804.0,False,-804.0,-2805.0,2699.0,1,17,16,0.6255079712410128,True,True,LOO_BENEFIT_DISAPPEARS,True
T5_NEG0.30R_MFE0.40R,20260923-3229-092830,False,0.0,-804.0,False,-804.0,-2805.0,2699.0,1,17,16,0.6255079712410128,True,True,LOO_BENEFIT_DISAPPEARS,True
T5_NEG0.30R_MFE0.40R,20260923-8111-093300,False,0.0,-804.0,False,-804.0,-2805.0,2699.0,1,17,16,0.6255079712410128,True,True,LOO_BENEFIT_DISAPPEARS,True
T5_NEG0.30R_MFE0.40R,20260923-3094-094300,False,0.0,-804.0,False,-804.0,-2805.0,2699.0,1,17,16,0.6255079712410128,True,True,LOO_BENEFIT_DISAPPEARS,True
T5_NEG0.30R_MFE0.40R,20260923-4956-095730,False,0.0,-804.0,False,-804.0,-2805.0,2699.0,1,17,16,0.6255079712410128,True,True,LOO_BENEFIT_DISAPPEARS,True
T5_NEG0.30R_MFE0.40R,20260923-1709-095830,True,2001.0,-2805.0,False,-804.0,-2805.0,2699.0,1,17,16,0.6255079712410128,True,True,LOO_BENEFIT_DISAPPEARS,True
T5_NEG0.30R_MFE0.40R,20260923-2221-100530,False,0.0,-804.0,False,-804.0,-2805.0,2699.0,1,17,16,0.6255079712410128,True,True,LOO_BENEFIT_DISAPPEARS,True
T5_NEG0.30R_MFE0.40R,20260923-2033-113900,False,0.0,-804.0,False,-804.0,-2805.0,2699.0,1,17,16,0.6255079712410128,True,True,LOO_BENEFIT_DISAPPEARS,True
T5_NEG0.30R_MFE0.40R,20260923-3605-121730,True,-3503.0,2699.0,True,-804.0,-2805.0,2699.0,1,17,16,0.6255079712410128,True,True,LOO_BENEFIT_DISAPPEARS,True
T5_NEG0.30R_MFE0.40R,20260923-6168-124430,False,0.0,-804.0,False,-804.0,-2805.0,2699.0,1,17,16,0.6255079712410128,True,True,LOO_BENEFIT_DISAPPEARS,True
T5_NEG0.30R_MFE0.40R,20260923-2409-130930,False,0.0,-804.0,False,-804.0,-2805.0,2699.0,1,17,16,0.6255079712410128,True,True,LOO_BENEFIT_DISAPPEARS,True
T5_NEG0.30R_MFE0.40R,20260924-2409-090900,False,0.0,-804.0,False,-804.0,-2805.0,2699.0,1,17,16,0.6255079712410128,True,True,LOO_BENEFIT_DISAPPEARS,True
T5_NEG0.30R_MFE0.40R,20260924-3605-090900,True,-500.0,-304.0,False,-804.0,-2805.0,2699.0,1,17,16,0.6255079712410128,True,True,LOO_BENEFIT_DISAPPEARS,True
T5_NEG0.30R_MFE0.40R,20260924-2033-091030,False,0.0,-804.0,False,-804.0,-2805.0,2699.0,1,17,16,0.6255079712410128,True,True,LOO_BENEFIT_DISAPPEARS,True
T5_NEG0.30R_MFE0.40R,20260924-4956-093400,True,199.0,-1003.0,False,-804.0,-2805.0,2699.0,1,17,16,0.6255079712410128,True,True,LOO_BENEFIT_DISAPPEARS,True
T5_NEG0.30R_MFE0.40R,20260924-3624-115700,True,999.0,-1803.0,False,-804.0,-2805.0,2699.0,1,17,16,0.6255079712410128,True,True,LOO_BENEFIT_DISAPPEARS,True
T5_NEG0.30R_MFE0.40R,20260924-6456-131000,False,0.0,-804.0,False,-804.0,-2805.0,2699.0,1,17,16,0.6255079712410128,True,True,LOO_BENEFIT_DISAPPEARS,True
T5_NEG0.30R_MFE0.50R,20260922-1709-093200,False,0.0,-804.0,False,-804.0,-2805.0,2699.0,1,17,16,0.6255079712410128,True,True,LOO_BENEFIT_DISAPPEARS,True
T5_NEG0.30R_MFE0.50R,20260923-3229-092830,False,0.0,-804.0,False,-804.0,-2805.0,2699.0,1,17,16,0.6255079712410128,True,True,LOO_BENEFIT_DISAPPEARS,True
T5_NEG0.30R_MFE0.50R,20260923-8111-093300,False,0.0,-804.0,False,-804.0,-2805.0,2699.0,1,17,16,0.6255079712410128,True,True,LOO_BENEFIT_DISAPPEARS,True
T5_NEG0.30R_MFE0.50R,20260923-3094-094300,False,0.0,-804.0,False,-804.0,-2805.0,2699.0,1,17,16,0.6255079712410128,True,True,LOO_BENEFIT_DISAPPEARS,True
T5_NEG0.30R_MFE0.50R,20260923-4956-095730,False,0.0,-804.0,False,-804.0,-2805.0,2699.0,1,17,16,0.6255079712410128,True,True,LOO_BENEFIT_DISAPPEARS,True
T5_NEG0.30R_MFE0.50R,20260923-1709-095830,True,2001.0,-2805.0,False,-804.0,-2805.0,2699.0,1,17,16,0.6255079712410128,True,True,LOO_BENEFIT_DISAPPEARS,True
T5_NEG0.30R_MFE0.50R,20260923-2221-100530,False,0.0,-804.0,False,-804.0,-2805.0,2699.0,1,17,16,0.6255079712410128,True,True,LOO_BENEFIT_DISAPPEARS,True
T5_NEG0.30R_MFE0.50R,20260923-2033-113900,False,0.0,-804.0,False,-804.0,-2805.0,2699.0,1,17,16,0.6255079712410128,True,True,LOO_BENEFIT_DISAPPEARS,True
T5_NEG0.30R_MFE0.50R,20260923-3605-121730,True,-3503.0,2699.0,True,-804.0,-2805.0,2699.0,1,17,16,0.6255079712410128,True,True,LOO_BENEFIT_DISAPPEARS,True
T5_NEG0.30R_MFE0.50R,20260923-6168-124430,False,0.0,-804.0,False,-804.0,-2805.0,2699.0,1,17,16,0.6255079712410128,True,True,LOO_BENEFIT_DISAPPEARS,True
T5_NEG0.30R_MFE0.50R,20260923-2409-130930,False,0.0,-804.0,False,-804.0,-2805.0,2699.0,1,17,16,0.6255079712410128,True,True,LOO_BENEFIT_DISAPPEARS,True
T5_NEG0.30R_MFE0.50R,20260924-2409-090900,False,0.0,-804.0,False,-804.0,-2805.0,2699.0,1,17,16,0.6255079712410128,True,True,LOO_BENEFIT_DISAPPEARS,True
T5_NEG0.30R_MFE0.50R,20260924-3605-090900,True,-500.0,-304.0,False,-804.0,-2805.0,2699.0,1,17,16,0.6255079712410128,True,True,LOO_BENEFIT_DISAPPEARS,True
T5_NEG0.30R_MFE0.50R,20260924-2033-091030,False,0.0,-804.0,False,-804.0,-2805.0,2699.0,1,17,16,0.6255079712410128,True,True,LOO_BENEFIT_DISAPPEARS,True
T5_NEG0.30R_MFE0.50R,20260924-4956-093400,True,199.0,-1003.0,False,-804.0,-2805.0,2699.0,1,17,16,0.6255079712410128,True,True,LOO_BENEFIT_DISAPPEARS,True
T5_NEG0.30R_MFE0.50R,20260924-3624-115700,True,999.0,-1803.0,False,-804.0,-2805.0,2699.0,1,17,16,0.6255079712410128,True,True,LOO_BENEFIT_DISAPPEARS,True
T5_NEG0.30R_MFE0.50R,20260924-6456-131000,False,0.0,-804.0,False,-804.0,-2805.0,2699.0,1,17,16,0.6255079712410128,True,True,LOO_BENEFIT_DISAPPEARS,True
T5_NEG0.40R_MFE0.10R,20260922-1709-093200,False,0.0,-304.0,False,-304.0,-2305.0,3199.0,1,17,16,0.6255079712410128,True,True,LOO_BENEFIT_DISAPPEARS,True
T5_NEG0.40R_MFE0.10R,20260923-3229-092830,False,0.0,-304.0,False,-304.0,-2305.0,3199.0,1,17,16,0.6255079712410128,True,True,LOO_BENEFIT_DISAPPEARS,True
T5_NEG0.40R_MFE0.10R,20260923-8111-093300,False,0.0,-304.0,False,-304.0,-2305.0,3199.0,1,17,16,0.6255079712410128,True,True,LOO_BENEFIT_DISAPPEARS,True
T5_NEG0.40R_MFE0.10R,20260923-3094-094300,False,0.0,-304.0,False,-304.0,-2305.0,3199.0,1,17,16,0.6255079712410128,True,True,LOO_BENEFIT_DISAPPEARS,True
T5_NEG0.40R_MFE0.10R,20260923-4956-095730,False,0.0,-304.0,False,-304.0,-2305.0,3199.0,1,17,16,0.6255079712410128,True,True,LOO_BENEFIT_DISAPPEARS,True
T5_NEG0.40R_MFE0.10R,20260923-1709-095830,True,2001.0,-2305.0,False,-304.0,-2305.0,3199.0,1,17,16,0.6255079712410128,True,True,LOO_BENEFIT_DISAPPEARS,True
T5_NEG0.40R_MFE0.10R,20260923-2221-100530,False,0.0,-304.0,False,-304.0,-2305.0,3199.0,1,17,16,0.6255079712410128,True,True,LOO_BENEFIT_DISAPPEARS,True
T5_NEG0.40R_MFE0.10R,20260923-2033-113900,False,0.0,-304.0,False,-304.0,-2305.0,3199.0,1,17,16,0.6255079712410128,True,True,LOO_BENEFIT_DISAPPEARS,True
T5_NEG0.40R_MFE0.10R,20260923-3605-121730,True,-3503.0,3199.0,True,-304.0,-2305.0,3199.0,1,17,16,0.6255079712410128,True,True,LOO_BENEFIT_DISAPPEARS,True
T5_NEG0.40R_MFE0.10R,20260923-6168-124430,False,0.0,-304.0,False,-304.0,-2305.0,3199.0,1,17,16,0.6255079712410128,True,True,LOO_BENEFIT_DISAPPEARS,True
T5_NEG0.40R_MFE0.10R,20260923-2409-130930,False,0.0,-304.0,False,-304.0,-2305.0,3199.0,1,17,16,0.6255079712410128,True,True,LOO_BENEFIT_DISAPPEARS,True
T5_NEG0.40R_MFE0.10R,20260924-2409-090900,False,0.0,-304.0,False,-304.0,-2305.0,3199.0,1,17,16,0.6255079712410128,True,True,LOO_BENEFIT_DISAPPEARS,True
T5_NEG0.40R_MFE0.10R,20260924-3605-090900,False,0.0,-304.0,False,-304.0,-2305.0,3199.0,1,17,16,0.6255079712410128,True,True,LOO_BENEFIT_DISAPPEARS,True
T5_NEG0.40R_MFE0.10R,20260924-2033-091030,False,0.0,-304.0,False,-304.0,-2305.0,3199.0,1,17,16,0.6255079712410128,True,True,LOO_BENEFIT_DISAPPEARS,True
T5_NEG0.40R_MFE0.10R,20260924-4956-093400,True,199.0,-503.0,False,-304.0,-2305.0,3199.0,1,17,16,0.6255079712410128,True,True,LOO_BENEFIT_DISAPPEARS,True
T5_NEG0.40R_MFE0.10R,20260924-3624-115700,True,999.0,-1303.0,False,-304.0,-2305.0,3199.0,1,17,16,0.6255079712410128,True,True,LOO_BENEFIT_DISAPPEARS,True
T5_NEG0.40R_MFE0.10R,20260924-6456-131000,False,0.0,-304.0,False,-304.0,-2305.0,3199.0,1,17,16,0.6255079712410128,True,True,LOO_BENEFIT_DISAPPEARS,True
T5_NEG0.40R_MFE0.20R,20260922-1709-093200,False,0.0,-304.0,False,-304.0,-2305.0,3199.0,1,17,16,0.6255079712410128,True,True,LOO_BENEFIT_DISAPPEARS,True
T5_NEG0.40R_MFE0.20R,20260923-3229-092830,False,0.0,-304.0,False,-304.0,-2305.0,3199.0,1,17,16,0.6255079712410128,True,True,LOO_BENEFIT_DISAPPEARS,True
T5_NEG0.40R_MFE0.20R,20260923-8111-093300,False,0.0,-304.0,False,-304.0,-2305.0,3199.0,1,17,16,0.6255079712410128,True,True,LOO_BENEFIT_DISAPPEARS,True
T5_NEG0.40R_MFE0.20R,20260923-3094-094300,False,0.0,-304.0,False,-304.0,-2305.0,3199.0,1,17,16,0.6255079712410128,True,True,LOO_BENEFIT_DISAPPEARS,True
T5_NEG0.40R_MFE0.20R,20260923-4956-095730,False,0.0,-304.0,False,-304.0,-2305.0,3199.0,1,17,16,0.6255079712410128,True,True,LOO_BENEFIT_DISAPPEARS,True
T5_NEG0.40R_MFE0.20R,20260923-1709-095830,True,2001.0,-2305.0,False,-304.0,-2305.0,3199.0,1,17,16,0.6255079712410128,True,True,LOO_BENEFIT_DISAPPEARS,True
T5_NEG0.40R_MFE0.20R,20260923-2221-100530,False,0.0,-304.0,False,-304.0,-2305.0,3199.0,1,17,16,0.6255079712410128,True,True,LOO_BENEFIT_DISAPPEARS,True
T5_NEG0.40R_MFE0.20R,20260923-2033-113900,False,0.0,-304.0,False,-304.0,-2305.0,3199.0,1,17,16,0.6255079712410128,True,True,LOO_BENEFIT_DISAPPEARS,True
T5_NEG0.40R_MFE0.20R,20260923-3605-121730,True,-3503.0,3199.0,True,-304.0,-2305.0,3199.0,1,17,16,0.6255079712410128,True,True,LOO_BENEFIT_DISAPPEARS,True
T5_NEG0.40R_MFE0.20R,20260923-6168-124430,False,0.0,-304.0,False,-304.0,-2305.0,3199.0,1,17,16,0.6255079712410128,True,True,LOO_BENEFIT_DISAPPEARS,True
T5_NEG0.40R_MFE0.20R,20260923-2409-130930,False,0.0,-304.0,False,-304.0,-2305.0,3199.0,1,17,16,0.6255079712410128,True,True,LOO_BENEFIT_DISAPPEARS,True
T5_NEG0.40R_MFE0.20R,20260924-2409-090900,False,0.0,-304.0,False,-304.0,-2305.0,3199.0,1,17,16,0.6255079712410128,True,True,LOO_BENEFIT_DISAPPEARS,True
T5_NEG0.40R_MFE0.20R,20260924-3605-090900,False,0.0,-304.0,False,-304.0,-2305.0,3199.0,1,17,16,0.6255079712410128,True,True,LOO_BENEFIT_DISAPPEARS,True
T5_NEG0.40R_MFE0.20R,20260924-2033-091030,False,0.0,-304.0,False,-304.0,-2305.0,3199.0,1,17,16,0.6255079712410128,True,True,LOO_BENEFIT_DISAPPEARS,True
T5_NEG0.40R_MFE0.20R,20260924-4956-093400,True,199.0,-503.0,False,-304.0,-2305.0,3199.0,1,17,16,0.6255079712410128,True,True,LOO_BENEFIT_DISAPPEARS,True
T5_NEG0.40R_MFE0.20R,20260924-3624-115700,True,999.0,-1303.0,False,-304.0,-2305.0,3199.0,1,17,16,0.6255079712410128,True,True,LOO_BENEFIT_DISAPPEARS,True
T5_NEG0.40R_MFE0.20R,20260924-6456-131000,False,0.0,-304.0,False,-304.0,-2305.0,3199.0,1,17,16,0.6255079712410128,True,True,LOO_BENEFIT_DISAPPEARS,True
T5_NEG0.40R_MFE0.30R,20260922-1709-093200,False,0.0,-304.0,False,-304.0,-2305.0,3199.0,1,17,16,0.6255079712410128,True,True,LOO_BENEFIT_DISAPPEARS,True
T5_NEG0.40R_MFE0.30R,20260923-3229-092830,False,0.0,-304.0,False,-304.0,-2305.0,3199.0,1,17,16,0.6255079712410128,True,True,LOO_BENEFIT_DISAPPEARS,True
T5_NEG0.40R_MFE0.30R,20260923-8111-093300,False,0.0,-304.0,False,-304.0,-2305.0,3199.0,1,17,16,0.6255079712410128,True,True,LOO_BENEFIT_DISAPPEARS,True
T5_NEG0.40R_MFE0.30R,20260923-3094-094300,False,0.0,-304.0,False,-304.0,-2305.0,3199.0,1,17,16,0.6255079712410128,True,True,LOO_BENEFIT_DISAPPEARS,True
T5_NEG0.40R_MFE0.30R,20260923-4956-095730,False,0.0,-304.0,False,-304.0,-2305.0,3199.0,1,17,16,0.6255079712410128,True,True,LOO_BENEFIT_DISAPPEARS,True
T5_NEG0.40R_MFE0.30R,20260923-1709-095830,True,2001.0,-2305.0,False,-304.0,-2305.0,3199.0,1,17,16,0.6255079712410128,True,True,LOO_BENEFIT_DISAPPEARS,True
T5_NEG0.40R_MFE0.30R,20260923-2221-100530,False,0.0,-304.0,False,-304.0,-2305.0,3199.0,1,17,16,0.6255079712410128,True,True,LOO_BENEFIT_DISAPPEARS,True
T5_NEG0.40R_MFE0.30R,20260923-2033-113900,False,0.0,-304.0,False,-304.0,-2305.0,3199.0,1,17,16,0.6255079712410128,True,True,LOO_BENEFIT_DISAPPEARS,True
T5_NEG0.40R_MFE0.30R,20260923-3605-121730,True,-3503.0,3199.0,True,-304.0,-2305.0,3199.0,1,17,16,0.6255079712410128,True,True,LOO_BENEFIT_DISAPPEARS,True
T5_NEG0.40R_MFE0.30R,20260923-6168-124430,False,0.0,-304.0,False,-304.0,-2305.0,3199.0,1,17,16,0.6255079712410128,True,True,LOO_BENEFIT_DISAPPEARS,True
T5_NEG0.40R_MFE0.30R,20260923-2409-130930,False,0.0,-304.0,False,-304.0,-2305.0,3199.0,1,17,16,0.6255079712410128,True,True,LOO_BENEFIT_DISAPPEARS,True
T5_NEG0.40R_MFE0.30R,20260924-2409-090900,False,0.0,-304.0,False,-304.0,-2305.0,3199.0,1,17,16,0.6255079712410128,True,True,LOO_BENEFIT_DISAPPEARS,True
T5_NEG0.40R_MFE0.30R,20260924-3605-090900,False,0.0,-304.0,False,-304.0,-2305.0,3199.0,1,17,16,0.6255079712410128,True,True,LOO_BENEFIT_DISAPPEARS,True
T5_NEG0.40R_MFE0.30R,20260924-2033-091030,False,0.0,-304.0,False,-304.0,-2305.0,3199.0,1,17,16,0.6255079712410128,True,True,LOO_BENEFIT_DISAPPEARS,True
T5_NEG0.40R_MFE0.30R,20260924-4956-093400,True,199.0,-503.0,False,-304.0,-2305.0,3199.0,1,17,16,0.6255079712410128,True,True,LOO_BENEFIT_DISAPPEARS,True
T5_NEG0.40R_MFE0.30R,20260924-3624-115700,True,999.0,-1303.0,False,-304.0,-2305.0,3199.0,1,17,16,0.6255079712410128,True,True,LOO_BENEFIT_DISAPPEARS,True
T5_NEG0.40R_MFE0.30R,20260924-6456-131000,False,0.0,-304.0,False,-304.0,-2305.0,3199.0,1,17,16,0.6255079712410128,True,True,LOO_BENEFIT_DISAPPEARS,True
T5_NEG0.40R_MFE0.40R,20260922-1709-093200,False,0.0,-304.0,False,-304.0,-2305.0,3199.0,1,17,16,0.6255079712410128,True,True,LOO_BENEFIT_DISAPPEARS,True
T5_NEG0.40R_MFE0.40R,20260923-3229-092830,False,0.0,-304.0,False,-304.0,-2305.0,3199.0,1,17,16,0.6255079712410128,True,True,LOO_BENEFIT_DISAPPEARS,True
T5_NEG0.40R_MFE0.40R,20260923-8111-093300,False,0.0,-304.0,False,-304.0,-2305.0,3199.0,1,17,16,0.6255079712410128,True,True,LOO_BENEFIT_DISAPPEARS,True
T5_NEG0.40R_MFE0.40R,20260923-3094-094300,False,0.0,-304.0,False,-304.0,-2305.0,3199.0,1,17,16,0.6255079712410128,True,True,LOO_BENEFIT_DISAPPEARS,True
T5_NEG0.40R_MFE0.40R,20260923-4956-095730,False,0.0,-304.0,False,-304.0,-2305.0,3199.0,1,17,16,0.6255079712410128,True,True,LOO_BENEFIT_DISAPPEARS,True
T5_NEG0.40R_MFE0.40R,20260923-1709-095830,True,2001.0,-2305.0,False,-304.0,-2305.0,3199.0,1,17,16,0.6255079712410128,True,True,LOO_BENEFIT_DISAPPEARS,True
T5_NEG0.40R_MFE0.40R,20260923-2221-100530,False,0.0,-304.0,False,-304.0,-2305.0,3199.0,1,17,16,0.6255079712410128,True,True,LOO_BENEFIT_DISAPPEARS,True
T5_NEG0.40R_MFE0.40R,20260923-2033-113900,False,0.0,-304.0,False,-304.0,-2305.0,3199.0,1,17,16,0.6255079712410128,True,True,LOO_BENEFIT_DISAPPEARS,True
T5_NEG0.40R_MFE0.40R,20260923-3605-121730,True,-3503.0,3199.0,True,-304.0,-2305.0,3199.0,1,17,16,0.6255079712410128,True,True,LOO_BENEFIT_DISAPPEARS,True
T5_NEG0.40R_MFE0.40R,20260923-6168-124430,False,0.0,-304.0,False,-304.0,-2305.0,3199.0,1,17,16,0.6255079712410128,True,True,LOO_BENEFIT_DISAPPEARS,True
T5_NEG0.40R_MFE0.40R,20260923-2409-130930,False,0.0,-304.0,False,-304.0,-2305.0,3199.0,1,17,16,0.6255079712410128,True,True,LOO_BENEFIT_DISAPPEARS,True
T5_NEG0.40R_MFE0.40R,20260924-2409-090900,False,0.0,-304.0,False,-304.0,-2305.0,3199.0,1,17,16,0.6255079712410128,True,True,LOO_BENEFIT_DISAPPEARS,True
T5_NEG0.40R_MFE0.40R,20260924-3605-090900,False,0.0,-304.0,False,-304.0,-2305.0,3199.0,1,17,16,0.6255079712410128,True,True,LOO_BENEFIT_DISAPPEARS,True
T5_NEG0.40R_MFE0.40R,20260924-2033-091030,False,0.0,-304.0,False,-304.0,-2305.0,3199.0,1,17,16,0.6255079712410128,True,True,LOO_BENEFIT_DISAPPEARS,True
T5_NEG0.40R_MFE0.40R,20260924-4956-093400,True,199.0,-503.0,False,-304.0,-2305.0,3199.0,1,17,16,0.6255079712410128,True,True,LOO_BENEFIT_DISAPPEARS,True
T5_NEG0.40R_MFE0.40R,20260924-3624-115700,True,999.0,-1303.0,False,-304.0,-2305.0,3199.0,1,17,16,0.6255079712410128,True,True,LOO_BENEFIT_DISAPPEARS,True
T5_NEG0.40R_MFE0.40R,20260924-6456-131000,False,0.0,-304.0,False,-304.0,-2305.0,3199.0,1,17,16,0.6255079712410128,True,True,LOO_BENEFIT_DISAPPEARS,True
T5_NEG0.40R_MFE0.50R,20260922-1709-093200,False,0.0,-304.0,False,-304.0,-2305.0,3199.0,1,17,16,0.6255079712410128,True,True,LOO_BENEFIT_DISAPPEARS,True
T5_NEG0.40R_MFE0.50R,20260923-3229-092830,False,0.0,-304.0,False,-304.0,-2305.0,3199.0,1,17,16,0.6255079712410128,True,True,LOO_BENEFIT_DISAPPEARS,True
T5_NEG0.40R_MFE0.50R,20260923-8111-093300,False,0.0,-304.0,False,-304.0,-2305.0,3199.0,1,17,16,0.6255079712410128,True,True,LOO_BENEFIT_DISAPPEARS,True
T5_NEG0.40R_MFE0.50R,20260923-3094-094300,False,0.0,-304.0,False,-304.0,-2305.0,3199.0,1,17,16,0.6255079712410128,True,True,LOO_BENEFIT_DISAPPEARS,True
T5_NEG0.40R_MFE0.50R,20260923-4956-095730,False,0.0,-304.0,False,-304.0,-2305.0,3199.0,1,17,16,0.6255079712410128,True,True,LOO_BENEFIT_DISAPPEARS,True
T5_NEG0.40R_MFE0.50R,20260923-1709-095830,True,2001.0,-2305.0,False,-304.0,-2305.0,3199.0,1,17,16,0.6255079712410128,True,True,LOO_BENEFIT_DISAPPEARS,True
T5_NEG0.40R_MFE0.50R,20260923-2221-100530,False,0.0,-304.0,False,-304.0,-2305.0,3199.0,1,17,16,0.6255079712410128,True,True,LOO_BENEFIT_DISAPPEARS,True
T5_NEG0.40R_MFE0.50R,20260923-2033-113900,False,0.0,-304.0,False,-304.0,-2305.0,3199.0,1,17,16,0.6255079712410128,True,True,LOO_BENEFIT_DISAPPEARS,True
T5_NEG0.40R_MFE0.50R,20260923-3605-121730,True,-3503.0,3199.0,True,-304.0,-2305.0,3199.0,1,17,16,0.6255079712410128,True,True,LOO_BENEFIT_DISAPPEARS,True
T5_NEG0.40R_MFE0.50R,20260923-6168-124430,False,0.0,-304.0,False,-304.0,-2305.0,3199.0,1,17,16,0.6255079712410128,True,True,LOO_BENEFIT_DISAPPEARS,True
T5_NEG0.40R_MFE0.50R,20260923-2409-130930,False,0.0,-304.0,False,-304.0,-2305.0,3199.0,1,17,16,0.6255079712410128,True,True,LOO_BENEFIT_DISAPPEARS,True
T5_NEG0.40R_MFE0.50R,20260924-2409-090900,False,0.0,-304.0,False,-304.0,-2305.0,3199.0,1,17,16,0.6255079712410128,True,True,LOO_BENEFIT_DISAPPEARS,True
T5_NEG0.40R_MFE0.50R,20260924-3605-090900,False,0.0,-304.0,False,-304.0,-2305.0,3199.0,1,17,16,0.6255079712410128,True,True,LOO_BENEFIT_DISAPPEARS,True
T5_NEG0.40R_MFE0.50R,20260924-2033-091030,False,0.0,-304.0,False,-304.0,-2305.0,3199.0,1,17,16,0.6255079712410128,True,True,LOO_BENEFIT_DISAPPEARS,True
T5_NEG0.40R_MFE0.50R,20260924-4956-093400,True,199.0,-503.0,False,-304.0,-2305.0,3199.0,1,17,16,0.6255079712410128,True,True,LOO_BENEFIT_DISAPPEARS,True
T5_NEG0.40R_MFE0.50R,20260924-3624-115700,True,999.0,-1303.0,False,-304.0,-2305.0,3199.0,1,17,16,0.6255079712410128,True,True,LOO_BENEFIT_DISAPPEARS,True
T5_NEG0.40R_MFE0.50R,20260924-6456-131000,False,0.0,-304.0,False,-304.0,-2305.0,3199.0,1,17,16,0.6255079712410128,True,True,LOO_BENEFIT_DISAPPEARS,True
T5_NEG0.50R_MFE0.10R,20260922-1709-093200,False,0.0,1198.0,True,1198.0,199.0,1198.0,17,17,0,0.833889816360601,False,True,ONE_TRADE_OVER_50PCT_OF_GAIN,True
T5_NEG0.50R_MFE0.10R,20260923-3229-092830,False,0.0,1198.0,True,1198.0,199.0,1198.0,17,17,0,0.833889816360601,False,True,ONE_TRADE_OVER_50PCT_OF_GAIN,True
T5_NEG0.50R_MFE0.10R,20260923-8111-093300,False,0.0,1198.0,True,1198.0,199.0,1198.0,17,17,0,0.833889816360601,False,True,ONE_TRADE_OVER_50PCT_OF_GAIN,True
T5_NEG0.50R_MFE0.10R,20260923-3094-094300,False,0.0,1198.0,True,1198.0,199.0,1198.0,17,17,0,0.833889816360601,False,True,ONE_TRADE_OVER_50PCT_OF_GAIN,True
T5_NEG0.50R_MFE0.10R,20260923-4956-095730,False,0.0,1198.0,True,1198.0,199.0,1198.0,17,17,0,0.833889816360601,False,True,ONE_TRADE_OVER_50PCT_OF_GAIN,True
T5_NEG0.50R_MFE0.10R,20260923-1709-095830,False,0.0,1198.0,True,1198.0,199.0,1198.0,17,17,0,0.833889816360601,False,True,ONE_TRADE_OVER_50PCT_OF_GAIN,True
T5_NEG0.50R_MFE0.10R,20260923-2221-100530,False,0.0,1198.0,True,1198.0,199.0,1198.0,17,17,0,0.833889816360601,False,True,ONE_TRADE_OVER_50PCT_OF_GAIN,True
T5_NEG0.50R_MFE0.10R,20260923-2033-113900,False,0.0,1198.0,True,1198.0,199.0,1198.0,17,17,0,0.833889816360601,False,True,ONE_TRADE_OVER_50PCT_OF_GAIN,True
T5_NEG0.50R_MFE0.10R,20260923-3605-121730,False,0.0,1198.0,True,1198.0,199.0,1198.0,17,17,0,0.833889816360601,False,True,ONE_TRADE_OVER_50PCT_OF_GAIN,True
T5_NEG0.50R_MFE0.10R,20260923-6168-124430,False,0.0,1198.0,True,1198.0,199.0,1198.0,17,17,0,0.833889816360601,False,True,ONE_TRADE_OVER_50PCT_OF_GAIN,True
T5_NEG0.50R_MFE0.10R,20260923-2409-130930,False,0.0,1198.0,True,1198.0,199.0,1198.0,17,17,0,0.833889816360601,False,True,ONE_TRADE_OVER_50PCT_OF_GAIN,True
T5_NEG0.50R_MFE0.10R,20260924-2409-090900,False,0.0,1198.0,True,1198.0,199.0,1198.0,17,17,0,0.833889816360601,False,True,ONE_TRADE_OVER_50PCT_OF_GAIN,True
T5_NEG0.50R_MFE0.10R,20260924-3605-090900,False,0.0,1198.0,True,1198.0,199.0,1198.0,17,17,0,0.833889816360601,False,True,ONE_TRADE_OVER_50PCT_OF_GAIN,True
T5_NEG0.50R_MFE0.10R,20260924-2033-091030,False,0.0,1198.0,True,1198.0,199.0,1198.0,17,17,0,0.833889816360601,False,True,ONE_TRADE_OVER_50PCT_OF_GAIN,True
T5_NEG0.50R_MFE0.10R,20260924-4956-093400,True,199.0,999.0,True,1198.0,199.0,1198.0,17,17,0,0.833889816360601,False,True,ONE_TRADE_OVER_50PCT_OF_GAIN,True
T5_NEG0.50R_MFE0.10R,20260924-3624-115700,True,999.0,199.0,True,1198.0,199.0,1198.0,17,17,0,0.833889816360601,False,True,ONE_TRADE_OVER_50PCT_OF_GAIN,True
T5_NEG0.50R_MFE0.10R,20260924-6456-131000,False,0.0,1198.0,True,1198.0,199.0,1198.0,17,17,0,0.833889816360601,False,True,ONE_TRADE_OVER_50PCT_OF_GAIN,True
T5_NEG0.50R_MFE0.20R,20260922-1709-093200,False,0.0,1198.0,True,1198.0,199.0,1198.0,17,17,0,0.833889816360601,False,True,ONE_TRADE_OVER_50PCT_OF_GAIN,True
T5_NEG0.50R_MFE0.20R,20260923-3229-092830,False,0.0,1198.0,True,1198.0,199.0,1198.0,17,17,0,0.833889816360601,False,True,ONE_TRADE_OVER_50PCT_OF_GAIN,True
T5_NEG0.50R_MFE0.20R,20260923-8111-093300,False,0.0,1198.0,True,1198.0,199.0,1198.0,17,17,0,0.833889816360601,False,True,ONE_TRADE_OVER_50PCT_OF_GAIN,True
T5_NEG0.50R_MFE0.20R,20260923-3094-094300,False,0.0,1198.0,True,1198.0,199.0,1198.0,17,17,0,0.833889816360601,False,True,ONE_TRADE_OVER_50PCT_OF_GAIN,True
T5_NEG0.50R_MFE0.20R,20260923-4956-095730,False,0.0,1198.0,True,1198.0,199.0,1198.0,17,17,0,0.833889816360601,False,True,ONE_TRADE_OVER_50PCT_OF_GAIN,True
T5_NEG0.50R_MFE0.20R,20260923-1709-095830,False,0.0,1198.0,True,1198.0,199.0,1198.0,17,17,0,0.833889816360601,False,True,ONE_TRADE_OVER_50PCT_OF_GAIN,True
T5_NEG0.50R_MFE0.20R,20260923-2221-100530,False,0.0,1198.0,True,1198.0,199.0,1198.0,17,17,0,0.833889816360601,False,True,ONE_TRADE_OVER_50PCT_OF_GAIN,True
T5_NEG0.50R_MFE0.20R,20260923-2033-113900,False,0.0,1198.0,True,1198.0,199.0,1198.0,17,17,0,0.833889816360601,False,True,ONE_TRADE_OVER_50PCT_OF_GAIN,True
T5_NEG0.50R_MFE0.20R,20260923-3605-121730,False,0.0,1198.0,True,1198.0,199.0,1198.0,17,17,0,0.833889816360601,False,True,ONE_TRADE_OVER_50PCT_OF_GAIN,True
T5_NEG0.50R_MFE0.20R,20260923-6168-124430,False,0.0,1198.0,True,1198.0,199.0,1198.0,17,17,0,0.833889816360601,False,True,ONE_TRADE_OVER_50PCT_OF_GAIN,True
T5_NEG0.50R_MFE0.20R,20260923-2409-130930,False,0.0,1198.0,True,1198.0,199.0,1198.0,17,17,0,0.833889816360601,False,True,ONE_TRADE_OVER_50PCT_OF_GAIN,True
T5_NEG0.50R_MFE0.20R,20260924-2409-090900,False,0.0,1198.0,True,1198.0,199.0,1198.0,17,17,0,0.833889816360601,False,True,ONE_TRADE_OVER_50PCT_OF_GAIN,True
T5_NEG0.50R_MFE0.20R,20260924-3605-090900,False,0.0,1198.0,True,1198.0,199.0,1198.0,17,17,0,0.833889816360601,False,True,ONE_TRADE_OVER_50PCT_OF_GAIN,True
T5_NEG0.50R_MFE0.20R,20260924-2033-091030,False,0.0,1198.0,True,1198.0,199.0,1198.0,17,17,0,0.833889816360601,False,True,ONE_TRADE_OVER_50PCT_OF_GAIN,True
T5_NEG0.50R_MFE0.20R,20260924-4956-093400,True,199.0,999.0,True,1198.0,199.0,1198.0,17,17,0,0.833889816360601,False,True,ONE_TRADE_OVER_50PCT_OF_GAIN,True
T5_NEG0.50R_MFE0.20R,20260924-3624-115700,True,999.0,199.0,True,1198.0,199.0,1198.0,17,17,0,0.833889816360601,False,True,ONE_TRADE_OVER_50PCT_OF_GAIN,True
T5_NEG0.50R_MFE0.20R,20260924-6456-131000,False,0.0,1198.0,True,1198.0,199.0,1198.0,17,17,0,0.833889816360601,False,True,ONE_TRADE_OVER_50PCT_OF_GAIN,True
T5_NEG0.50R_MFE0.30R,20260922-1709-093200,False,0.0,1198.0,True,1198.0,199.0,1198.0,17,17,0,0.833889816360601,False,True,ONE_TRADE_OVER_50PCT_OF_GAIN,True
T5_NEG0.50R_MFE0.30R,20260923-3229-092830,False,0.0,1198.0,True,1198.0,199.0,1198.0,17,17,0,0.833889816360601,False,True,ONE_TRADE_OVER_50PCT_OF_GAIN,True
T5_NEG0.50R_MFE0.30R,20260923-8111-093300,False,0.0,1198.0,True,1198.0,199.0,1198.0,17,17,0,0.833889816360601,False,True,ONE_TRADE_OVER_50PCT_OF_GAIN,True
T5_NEG0.50R_MFE0.30R,20260923-3094-094300,False,0.0,1198.0,True,1198.0,199.0,1198.0,17,17,0,0.833889816360601,False,True,ONE_TRADE_OVER_50PCT_OF_GAIN,True
T5_NEG0.50R_MFE0.30R,20260923-4956-095730,False,0.0,1198.0,True,1198.0,199.0,1198.0,17,17,0,0.833889816360601,False,True,ONE_TRADE_OVER_50PCT_OF_GAIN,True
T5_NEG0.50R_MFE0.30R,20260923-1709-095830,False,0.0,1198.0,True,1198.0,199.0,1198.0,17,17,0,0.833889816360601,False,True,ONE_TRADE_OVER_50PCT_OF_GAIN,True
T5_NEG0.50R_MFE0.30R,20260923-2221-100530,False,0.0,1198.0,True,1198.0,199.0,1198.0,17,17,0,0.833889816360601,False,True,ONE_TRADE_OVER_50PCT_OF_GAIN,True
T5_NEG0.50R_MFE0.30R,20260923-2033-113900,False,0.0,1198.0,True,1198.0,199.0,1198.0,17,17,0,0.833889816360601,False,True,ONE_TRADE_OVER_50PCT_OF_GAIN,True
T5_NEG0.50R_MFE0.30R,20260923-3605-121730,False,0.0,1198.0,True,1198.0,199.0,1198.0,17,17,0,0.833889816360601,False,True,ONE_TRADE_OVER_50PCT_OF_GAIN,True
T5_NEG0.50R_MFE0.30R,20260923-6168-124430,False,0.0,1198.0,True,1198.0,199.0,1198.0,17,17,0,0.833889816360601,False,True,ONE_TRADE_OVER_50PCT_OF_GAIN,True
T5_NEG0.50R_MFE0.30R,20260923-2409-130930,False,0.0,1198.0,True,1198.0,199.0,1198.0,17,17,0,0.833889816360601,False,True,ONE_TRADE_OVER_50PCT_OF_GAIN,True
T5_NEG0.50R_MFE0.30R,20260924-2409-090900,False,0.0,1198.0,True,1198.0,199.0,1198.0,17,17,0,0.833889816360601,False,True,ONE_TRADE_OVER_50PCT_OF_GAIN,True
T5_NEG0.50R_MFE0.30R,20260924-3605-090900,False,0.0,1198.0,True,1198.0,199.0,1198.0,17,17,0,0.833889816360601,False,True,ONE_TRADE_OVER_50PCT_OF_GAIN,True
T5_NEG0.50R_MFE0.30R,20260924-2033-091030,False,0.0,1198.0,True,1198.0,199.0,1198.0,17,17,0,0.833889816360601,False,True,ONE_TRADE_OVER_50PCT_OF_GAIN,True
T5_NEG0.50R_MFE0.30R,20260924-4956-093400,True,199.0,999.0,True,1198.0,199.0,1198.0,17,17,0,0.833889816360601,False,True,ONE_TRADE_OVER_50PCT_OF_GAIN,True
T5_NEG0.50R_MFE0.30R,20260924-3624-115700,True,999.0,199.0,True,1198.0,199.0,1198.0,17,17,0,0.833889816360601,False,True,ONE_TRADE_OVER_50PCT_OF_GAIN,True
T5_NEG0.50R_MFE0.30R,20260924-6456-131000,False,0.0,1198.0,True,1198.0,199.0,1198.0,17,17,0,0.833889816360601,False,True,ONE_TRADE_OVER_50PCT_OF_GAIN,True
T5_NEG0.50R_MFE0.40R,20260922-1709-093200,False,0.0,1198.0,True,1198.0,199.0,1198.0,17,17,0,0.833889816360601,False,True,ONE_TRADE_OVER_50PCT_OF_GAIN,True
T5_NEG0.50R_MFE0.40R,20260923-3229-092830,False,0.0,1198.0,True,1198.0,199.0,1198.0,17,17,0,0.833889816360601,False,True,ONE_TRADE_OVER_50PCT_OF_GAIN,True
T5_NEG0.50R_MFE0.40R,20260923-8111-093300,False,0.0,1198.0,True,1198.0,199.0,1198.0,17,17,0,0.833889816360601,False,True,ONE_TRADE_OVER_50PCT_OF_GAIN,True
T5_NEG0.50R_MFE0.40R,20260923-3094-094300,False,0.0,1198.0,True,1198.0,199.0,1198.0,17,17,0,0.833889816360601,False,True,ONE_TRADE_OVER_50PCT_OF_GAIN,True
T5_NEG0.50R_MFE0.40R,20260923-4956-095730,False,0.0,1198.0,True,1198.0,199.0,1198.0,17,17,0,0.833889816360601,False,True,ONE_TRADE_OVER_50PCT_OF_GAIN,True
T5_NEG0.50R_MFE0.40R,20260923-1709-095830,False,0.0,1198.0,True,1198.0,199.0,1198.0,17,17,0,0.833889816360601,False,True,ONE_TRADE_OVER_50PCT_OF_GAIN,True
T5_NEG0.50R_MFE0.40R,20260923-2221-100530,False,0.0,1198.0,True,1198.0,199.0,1198.0,17,17,0,0.833889816360601,False,True,ONE_TRADE_OVER_50PCT_OF_GAIN,True
T5_NEG0.50R_MFE0.40R,20260923-2033-113900,False,0.0,1198.0,True,1198.0,199.0,1198.0,17,17,0,0.833889816360601,False,True,ONE_TRADE_OVER_50PCT_OF_GAIN,True
T5_NEG0.50R_MFE0.40R,20260923-3605-121730,False,0.0,1198.0,True,1198.0,199.0,1198.0,17,17,0,0.833889816360601,False,True,ONE_TRADE_OVER_50PCT_OF_GAIN,True
T5_NEG0.50R_MFE0.40R,20260923-6168-124430,False,0.0,1198.0,True,1198.0,199.0,1198.0,17,17,0,0.833889816360601,False,True,ONE_TRADE_OVER_50PCT_OF_GAIN,True
T5_NEG0.50R_MFE0.40R,20260923-2409-130930,False,0.0,1198.0,True,1198.0,199.0,1198.0,17,17,0,0.833889816360601,False,True,ONE_TRADE_OVER_50PCT_OF_GAIN,True
T5_NEG0.50R_MFE0.40R,20260924-2409-090900,False,0.0,1198.0,True,1198.0,199.0,1198.0,17,17,0,0.833889816360601,False,True,ONE_TRADE_OVER_50PCT_OF_GAIN,True
T5_NEG0.50R_MFE0.40R,20260924-3605-090900,False,0.0,1198.0,True,1198.0,199.0,1198.0,17,17,0,0.833889816360601,False,True,ONE_TRADE_OVER_50PCT_OF_GAIN,True
T5_NEG0.50R_MFE0.40R,20260924-2033-091030,False,0.0,1198.0,True,1198.0,199.0,1198.0,17,17,0,0.833889816360601,False,True,ONE_TRADE_OVER_50PCT_OF_GAIN,True
T5_NEG0.50R_MFE0.40R,20260924-4956-093400,True,199.0,999.0,True,1198.0,199.0,1198.0,17,17,0,0.833889816360601,False,True,ONE_TRADE_OVER_50PCT_OF_GAIN,True
T5_NEG0.50R_MFE0.40R,20260924-3624-115700,True,999.0,199.0,True,1198.0,199.0,1198.0,17,17,0,0.833889816360601,False,True,ONE_TRADE_OVER_50PCT_OF_GAIN,True
T5_NEG0.50R_MFE0.40R,20260924-6456-131000,False,0.0,1198.0,True,1198.0,199.0,1198.0,17,17,0,0.833889816360601,False,True,ONE_TRADE_OVER_50PCT_OF_GAIN,True
T5_NEG0.50R_MFE0.50R,20260922-1709-093200,False,0.0,1198.0,True,1198.0,199.0,1198.0,17,17,0,0.833889816360601,False,True,ONE_TRADE_OVER_50PCT_OF_GAIN,True
T5_NEG0.50R_MFE0.50R,20260923-3229-092830,False,0.0,1198.0,True,1198.0,199.0,1198.0,17,17,0,0.833889816360601,False,True,ONE_TRADE_OVER_50PCT_OF_GAIN,True
T5_NEG0.50R_MFE0.50R,20260923-8111-093300,False,0.0,1198.0,True,1198.0,199.0,1198.0,17,17,0,0.833889816360601,False,True,ONE_TRADE_OVER_50PCT_OF_GAIN,True
T5_NEG0.50R_MFE0.50R,20260923-3094-094300,False,0.0,1198.0,True,1198.0,199.0,1198.0,17,17,0,0.833889816360601,False,True,ONE_TRADE_OVER_50PCT_OF_GAIN,True
T5_NEG0.50R_MFE0.50R,20260923-4956-095730,False,0.0,1198.0,True,1198.0,199.0,1198.0,17,17,0,0.833889816360601,False,True,ONE_TRADE_OVER_50PCT_OF_GAIN,True
T5_NEG0.50R_MFE0.50R,20260923-1709-095830,False,0.0,1198.0,True,1198.0,199.0,1198.0,17,17,0,0.833889816360601,False,True,ONE_TRADE_OVER_50PCT_OF_GAIN,True
T5_NEG0.50R_MFE0.50R,20260923-2221-100530,False,0.0,1198.0,True,1198.0,199.0,1198.0,17,17,0,0.833889816360601,False,True,ONE_TRADE_OVER_50PCT_OF_GAIN,True
T5_NEG0.50R_MFE0.50R,20260923-2033-113900,False,0.0,1198.0,True,1198.0,199.0,1198.0,17,17,0,0.833889816360601,False,True,ONE_TRADE_OVER_50PCT_OF_GAIN,True
T5_NEG0.50R_MFE0.50R,20260923-3605-121730,False,0.0,1198.0,True,1198.0,199.0,1198.0,17,17,0,0.833889816360601,False,True,ONE_TRADE_OVER_50PCT_OF_GAIN,True
T5_NEG0.50R_MFE0.50R,20260923-6168-124430,False,0.0,1198.0,True,1198.0,199.0,1198.0,17,17,0,0.833889816360601,False,True,ONE_TRADE_OVER_50PCT_OF_GAIN,True
T5_NEG0.50R_MFE0.50R,20260923-2409-130930,False,0.0,1198.0,True,1198.0,199.0,1198.0,17,17,0,0.833889816360601,False,True,ONE_TRADE_OVER_50PCT_OF_GAIN,True
T5_NEG0.50R_MFE0.50R,20260924-2409-090900,False,0.0,1198.0,True,1198.0,199.0,1198.0,17,17,0,0.833889816360601,False,True,ONE_TRADE_OVER_50PCT_OF_GAIN,True
T5_NEG0.50R_MFE0.50R,20260924-3605-090900,False,0.0,1198.0,True,1198.0,199.0,1198.0,17,17,0,0.833889816360601,False,True,ONE_TRADE_OVER_50PCT_OF_GAIN,True
T5_NEG0.50R_MFE0.50R,20260924-2033-091030,False,0.0,1198.0,True,1198.0,199.0,1198.0,17,17,0,0.833889816360601,False,True,ONE_TRADE_OVER_50PCT_OF_GAIN,True
T5_NEG0.50R_MFE0.50R,20260924-4956-093400,True,199.0,999.0,True,1198.0,199.0,1198.0,17,17,0,0.833889816360601,False,True,ONE_TRADE_OVER_50PCT_OF_GAIN,True
T5_NEG0.50R_MFE0.50R,20260924-3624-115700,True,999.0,199.0,True,1198.0,199.0,1198.0,17,17,0,0.833889816360601,False,True,ONE_TRADE_OVER_50PCT_OF_GAIN,True
T5_NEG0.50R_MFE0.50R,20260924-6456-131000,False,0.0,1198.0,True,1198.0,199.0,1198.0,17,17,0,0.833889816360601,False,True,ONE_TRADE_OVER_50PCT_OF_GAIN,True
T5_NEG0.60R_MFE0.10R,20260922-1709-093200,False,0.0,1198.0,True,1198.0,199.0,1198.0,17,17,0,0.833889816360601,False,True,ONE_TRADE_OVER_50PCT_OF_GAIN,True
T5_NEG0.60R_MFE0.10R,20260923-3229-092830,False,0.0,1198.0,True,1198.0,199.0,1198.0,17,17,0,0.833889816360601,False,True,ONE_TRADE_OVER_50PCT_OF_GAIN,True
T5_NEG0.60R_MFE0.10R,20260923-8111-093300,False,0.0,1198.0,True,1198.0,199.0,1198.0,17,17,0,0.833889816360601,False,True,ONE_TRADE_OVER_50PCT_OF_GAIN,True
T5_NEG0.60R_MFE0.10R,20260923-3094-094300,False,0.0,1198.0,True,1198.0,199.0,1198.0,17,17,0,0.833889816360601,False,True,ONE_TRADE_OVER_50PCT_OF_GAIN,True
T5_NEG0.60R_MFE0.10R,20260923-4956-095730,False,0.0,1198.0,True,1198.0,199.0,1198.0,17,17,0,0.833889816360601,False,True,ONE_TRADE_OVER_50PCT_OF_GAIN,True
T5_NEG0.60R_MFE0.10R,20260923-1709-095830,False,0.0,1198.0,True,1198.0,199.0,1198.0,17,17,0,0.833889816360601,False,True,ONE_TRADE_OVER_50PCT_OF_GAIN,True
T5_NEG0.60R_MFE0.10R,20260923-2221-100530,False,0.0,1198.0,True,1198.0,199.0,1198.0,17,17,0,0.833889816360601,False,True,ONE_TRADE_OVER_50PCT_OF_GAIN,True
T5_NEG0.60R_MFE0.10R,20260923-2033-113900,False,0.0,1198.0,True,1198.0,199.0,1198.0,17,17,0,0.833889816360601,False,True,ONE_TRADE_OVER_50PCT_OF_GAIN,True
T5_NEG0.60R_MFE0.10R,20260923-3605-121730,False,0.0,1198.0,True,1198.0,199.0,1198.0,17,17,0,0.833889816360601,False,True,ONE_TRADE_OVER_50PCT_OF_GAIN,True
T5_NEG0.60R_MFE0.10R,20260923-6168-124430,False,0.0,1198.0,True,1198.0,199.0,1198.0,17,17,0,0.833889816360601,False,True,ONE_TRADE_OVER_50PCT_OF_GAIN,True
T5_NEG0.60R_MFE0.10R,20260923-2409-130930,False,0.0,1198.0,True,1198.0,199.0,1198.0,17,17,0,0.833889816360601,False,True,ONE_TRADE_OVER_50PCT_OF_GAIN,True
T5_NEG0.60R_MFE0.10R,20260924-2409-090900,False,0.0,1198.0,True,1198.0,199.0,1198.0,17,17,0,0.833889816360601,False,True,ONE_TRADE_OVER_50PCT_OF_GAIN,True
T5_NEG0.60R_MFE0.10R,20260924-3605-090900,False,0.0,1198.0,True,1198.0,199.0,1198.0,17,17,0,0.833889816360601,False,True,ONE_TRADE_OVER_50PCT_OF_GAIN,True
T5_NEG0.60R_MFE0.10R,20260924-2033-091030,False,0.0,1198.0,True,1198.0,199.0,1198.0,17,17,0,0.833889816360601,False,True,ONE_TRADE_OVER_50PCT_OF_GAIN,True
T5_NEG0.60R_MFE0.10R,20260924-4956-093400,True,199.0,999.0,True,1198.0,199.0,1198.0,17,17,0,0.833889816360601,False,True,ONE_TRADE_OVER_50PCT_OF_GAIN,True
T5_NEG0.60R_MFE0.10R,20260924-3624-115700,True,999.0,199.0,True,1198.0,199.0,1198.0,17,17,0,0.833889816360601,False,True,ONE_TRADE_OVER_50PCT_OF_GAIN,True
T5_NEG0.60R_MFE0.10R,20260924-6456-131000,False,0.0,1198.0,True,1198.0,199.0,1198.0,17,17,0,0.833889816360601,False,True,ONE_TRADE_OVER_50PCT_OF_GAIN,True
T5_NEG0.60R_MFE0.20R,20260922-1709-093200,False,0.0,1198.0,True,1198.0,199.0,1198.0,17,17,0,0.833889816360601,False,True,ONE_TRADE_OVER_50PCT_OF_GAIN,True
T5_NEG0.60R_MFE0.20R,20260923-3229-092830,False,0.0,1198.0,True,1198.0,199.0,1198.0,17,17,0,0.833889816360601,False,True,ONE_TRADE_OVER_50PCT_OF_GAIN,True
T5_NEG0.60R_MFE0.20R,20260923-8111-093300,False,0.0,1198.0,True,1198.0,199.0,1198.0,17,17,0,0.833889816360601,False,True,ONE_TRADE_OVER_50PCT_OF_GAIN,True
T5_NEG0.60R_MFE0.20R,20260923-3094-094300,False,0.0,1198.0,True,1198.0,199.0,1198.0,17,17,0,0.833889816360601,False,True,ONE_TRADE_OVER_50PCT_OF_GAIN,True
T5_NEG0.60R_MFE0.20R,20260923-4956-095730,False,0.0,1198.0,True,1198.0,199.0,1198.0,17,17,0,0.833889816360601,False,True,ONE_TRADE_OVER_50PCT_OF_GAIN,True
T5_NEG0.60R_MFE0.20R,20260923-1709-095830,False,0.0,1198.0,True,1198.0,199.0,1198.0,17,17,0,0.833889816360601,False,True,ONE_TRADE_OVER_50PCT_OF_GAIN,True
T5_NEG0.60R_MFE0.20R,20260923-2221-100530,False,0.0,1198.0,True,1198.0,199.0,1198.0,17,17,0,0.833889816360601,False,True,ONE_TRADE_OVER_50PCT_OF_GAIN,True
T5_NEG0.60R_MFE0.20R,20260923-2033-113900,False,0.0,1198.0,True,1198.0,199.0,1198.0,17,17,0,0.833889816360601,False,True,ONE_TRADE_OVER_50PCT_OF_GAIN,True
T5_NEG0.60R_MFE0.20R,20260923-3605-121730,False,0.0,1198.0,True,1198.0,199.0,1198.0,17,17,0,0.833889816360601,False,True,ONE_TRADE_OVER_50PCT_OF_GAIN,True
T5_NEG0.60R_MFE0.20R,20260923-6168-124430,False,0.0,1198.0,True,1198.0,199.0,1198.0,17,17,0,0.833889816360601,False,True,ONE_TRADE_OVER_50PCT_OF_GAIN,True
T5_NEG0.60R_MFE0.20R,20260923-2409-130930,False,0.0,1198.0,True,1198.0,199.0,1198.0,17,17,0,0.833889816360601,False,True,ONE_TRADE_OVER_50PCT_OF_GAIN,True
T5_NEG0.60R_MFE0.20R,20260924-2409-090900,False,0.0,1198.0,True,1198.0,199.0,1198.0,17,17,0,0.833889816360601,False,True,ONE_TRADE_OVER_50PCT_OF_GAIN,True
T5_NEG0.60R_MFE0.20R,20260924-3605-090900,False,0.0,1198.0,True,1198.0,199.0,1198.0,17,17,0,0.833889816360601,False,True,ONE_TRADE_OVER_50PCT_OF_GAIN,True
T5_NEG0.60R_MFE0.20R,20260924-2033-091030,False,0.0,1198.0,True,1198.0,199.0,1198.0,17,17,0,0.833889816360601,False,True,ONE_TRADE_OVER_50PCT_OF_GAIN,True
T5_NEG0.60R_MFE0.20R,20260924-4956-093400,True,199.0,999.0,True,1198.0,199.0,1198.0,17,17,0,0.833889816360601,False,True,ONE_TRADE_OVER_50PCT_OF_GAIN,True
T5_NEG0.60R_MFE0.20R,20260924-3624-115700,True,999.0,199.0,True,1198.0,199.0,1198.0,17,17,0,0.833889816360601,False,True,ONE_TRADE_OVER_50PCT_OF_GAIN,True
T5_NEG0.60R_MFE0.20R,20260924-6456-131000,False,0.0,1198.0,True,1198.0,199.0,1198.0,17,17,0,0.833889816360601,False,True,ONE_TRADE_OVER_50PCT_OF_GAIN,True
T5_NEG0.60R_MFE0.30R,20260922-1709-093200,False,0.0,1198.0,True,1198.0,199.0,1198.0,17,17,0,0.833889816360601,False,True,ONE_TRADE_OVER_50PCT_OF_GAIN,True
T5_NEG0.60R_MFE0.30R,20260923-3229-092830,False,0.0,1198.0,True,1198.0,199.0,1198.0,17,17,0,0.833889816360601,False,True,ONE_TRADE_OVER_50PCT_OF_GAIN,True
T5_NEG0.60R_MFE0.30R,20260923-8111-093300,False,0.0,1198.0,True,1198.0,199.0,1198.0,17,17,0,0.833889816360601,False,True,ONE_TRADE_OVER_50PCT_OF_GAIN,True
T5_NEG0.60R_MFE0.30R,20260923-3094-094300,False,0.0,1198.0,True,1198.0,199.0,1198.0,17,17,0,0.833889816360601,False,True,ONE_TRADE_OVER_50PCT_OF_GAIN,True
T5_NEG0.60R_MFE0.30R,20260923-4956-095730,False,0.0,1198.0,True,1198.0,199.0,1198.0,17,17,0,0.833889816360601,False,True,ONE_TRADE_OVER_50PCT_OF_GAIN,True
T5_NEG0.60R_MFE0.30R,20260923-1709-095830,False,0.0,1198.0,True,1198.0,199.0,1198.0,17,17,0,0.833889816360601,False,True,ONE_TRADE_OVER_50PCT_OF_GAIN,True
T5_NEG0.60R_MFE0.30R,20260923-2221-100530,False,0.0,1198.0,True,1198.0,199.0,1198.0,17,17,0,0.833889816360601,False,True,ONE_TRADE_OVER_50PCT_OF_GAIN,True
T5_NEG0.60R_MFE0.30R,20260923-2033-113900,False,0.0,1198.0,True,1198.0,199.0,1198.0,17,17,0,0.833889816360601,False,True,ONE_TRADE_OVER_50PCT_OF_GAIN,True
T5_NEG0.60R_MFE0.30R,20260923-3605-121730,False,0.0,1198.0,True,1198.0,199.0,1198.0,17,17,0,0.833889816360601,False,True,ONE_TRADE_OVER_50PCT_OF_GAIN,True
T5_NEG0.60R_MFE0.30R,20260923-6168-124430,False,0.0,1198.0,True,1198.0,199.0,1198.0,17,17,0,0.833889816360601,False,True,ONE_TRADE_OVER_50PCT_OF_GAIN,True
T5_NEG0.60R_MFE0.30R,20260923-2409-130930,False,0.0,1198.0,True,1198.0,199.0,1198.0,17,17,0,0.833889816360601,False,True,ONE_TRADE_OVER_50PCT_OF_GAIN,True
T5_NEG0.60R_MFE0.30R,20260924-2409-090900,False,0.0,1198.0,True,1198.0,199.0,1198.0,17,17,0,0.833889816360601,False,True,ONE_TRADE_OVER_50PCT_OF_GAIN,True
T5_NEG0.60R_MFE0.30R,20260924-3605-090900,False,0.0,1198.0,True,1198.0,199.0,1198.0,17,17,0,0.833889816360601,False,True,ONE_TRADE_OVER_50PCT_OF_GAIN,True
T5_NEG0.60R_MFE0.30R,20260924-2033-091030,False,0.0,1198.0,True,1198.0,199.0,1198.0,17,17,0,0.833889816360601,False,True,ONE_TRADE_OVER_50PCT_OF_GAIN,True
T5_NEG0.60R_MFE0.30R,20260924-4956-093400,True,199.0,999.0,True,1198.0,199.0,1198.0,17,17,0,0.833889816360601,False,True,ONE_TRADE_OVER_50PCT_OF_GAIN,True
T5_NEG0.60R_MFE0.30R,20260924-3624-115700,True,999.0,199.0,True,1198.0,199.0,1198.0,17,17,0,0.833889816360601,False,True,ONE_TRADE_OVER_50PCT_OF_GAIN,True
T5_NEG0.60R_MFE0.30R,20260924-6456-131000,False,0.0,1198.0,True,1198.0,199.0,1198.0,17,17,0,0.833889816360601,False,True,ONE_TRADE_OVER_50PCT_OF_GAIN,True
T5_NEG0.60R_MFE0.40R,20260922-1709-093200,False,0.0,1198.0,True,1198.0,199.0,1198.0,17,17,0,0.833889816360601,False,True,ONE_TRADE_OVER_50PCT_OF_GAIN,True
T5_NEG0.60R_MFE0.40R,20260923-3229-092830,False,0.0,1198.0,True,1198.0,199.0,1198.0,17,17,0,0.833889816360601,False,True,ONE_TRADE_OVER_50PCT_OF_GAIN,True
T5_NEG0.60R_MFE0.40R,20260923-8111-093300,False,0.0,1198.0,True,1198.0,199.0,1198.0,17,17,0,0.833889816360601,False,True,ONE_TRADE_OVER_50PCT_OF_GAIN,True
T5_NEG0.60R_MFE0.40R,20260923-3094-094300,False,0.0,1198.0,True,1198.0,199.0,1198.0,17,17,0,0.833889816360601,False,True,ONE_TRADE_OVER_50PCT_OF_GAIN,True
T5_NEG0.60R_MFE0.40R,20260923-4956-095730,False,0.0,1198.0,True,1198.0,199.0,1198.0,17,17,0,0.833889816360601,False,True,ONE_TRADE_OVER_50PCT_OF_GAIN,True
T5_NEG0.60R_MFE0.40R,20260923-1709-095830,False,0.0,1198.0,True,1198.0,199.0,1198.0,17,17,0,0.833889816360601,False,True,ONE_TRADE_OVER_50PCT_OF_GAIN,True
T5_NEG0.60R_MFE0.40R,20260923-2221-100530,False,0.0,1198.0,True,1198.0,199.0,1198.0,17,17,0,0.833889816360601,False,True,ONE_TRADE_OVER_50PCT_OF_GAIN,True
T5_NEG0.60R_MFE0.40R,20260923-2033-113900,False,0.0,1198.0,True,1198.0,199.0,1198.0,17,17,0,0.833889816360601,False,True,ONE_TRADE_OVER_50PCT_OF_GAIN,True
T5_NEG0.60R_MFE0.40R,20260923-3605-121730,False,0.0,1198.0,True,1198.0,199.0,1198.0,17,17,0,0.833889816360601,False,True,ONE_TRADE_OVER_50PCT_OF_GAIN,True
T5_NEG0.60R_MFE0.40R,20260923-6168-124430,False,0.0,1198.0,True,1198.0,199.0,1198.0,17,17,0,0.833889816360601,False,True,ONE_TRADE_OVER_50PCT_OF_GAIN,True
T5_NEG0.60R_MFE0.40R,20260923-2409-130930,False,0.0,1198.0,True,1198.0,199.0,1198.0,17,17,0,0.833889816360601,False,True,ONE_TRADE_OVER_50PCT_OF_GAIN,True
T5_NEG0.60R_MFE0.40R,20260924-2409-090900,False,0.0,1198.0,True,1198.0,199.0,1198.0,17,17,0,0.833889816360601,False,True,ONE_TRADE_OVER_50PCT_OF_GAIN,True
T5_NEG0.60R_MFE0.40R,20260924-3605-090900,False,0.0,1198.0,True,1198.0,199.0,1198.0,17,17,0,0.833889816360601,False,True,ONE_TRADE_OVER_50PCT_OF_GAIN,True
T5_NEG0.60R_MFE0.40R,20260924-2033-091030,False,0.0,1198.0,True,1198.0,199.0,1198.0,17,17,0,0.833889816360601,False,True,ONE_TRADE_OVER_50PCT_OF_GAIN,True
T5_NEG0.60R_MFE0.40R,20260924-4956-093400,True,199.0,999.0,True,1198.0,199.0,1198.0,17,17,0,0.833889816360601,False,True,ONE_TRADE_OVER_50PCT_OF_GAIN,True
T5_NEG0.60R_MFE0.40R,20260924-3624-115700,True,999.0,199.0,True,1198.0,199.0,1198.0,17,17,0,0.833889816360601,False,True,ONE_TRADE_OVER_50PCT_OF_GAIN,True
T5_NEG0.60R_MFE0.40R,20260924-6456-131000,False,0.0,1198.0,True,1198.0,199.0,1198.0,17,17,0,0.833889816360601,False,True,ONE_TRADE_OVER_50PCT_OF_GAIN,True
T5_NEG0.60R_MFE0.50R,20260922-1709-093200,False,0.0,1198.0,True,1198.0,199.0,1198.0,17,17,0,0.833889816360601,False,True,ONE_TRADE_OVER_50PCT_OF_GAIN,True
T5_NEG0.60R_MFE0.50R,20260923-3229-092830,False,0.0,1198.0,True,1198.0,199.0,1198.0,17,17,0,0.833889816360601,False,True,ONE_TRADE_OVER_50PCT_OF_GAIN,True
T5_NEG0.60R_MFE0.50R,20260923-8111-093300,False,0.0,1198.0,True,1198.0,199.0,1198.0,17,17,0,0.833889816360601,False,True,ONE_TRADE_OVER_50PCT_OF_GAIN,True
T5_NEG0.60R_MFE0.50R,20260923-3094-094300,False,0.0,1198.0,True,1198.0,199.0,1198.0,17,17,0,0.833889816360601,False,True,ONE_TRADE_OVER_50PCT_OF_GAIN,True
T5_NEG0.60R_MFE0.50R,20260923-4956-095730,False,0.0,1198.0,True,1198.0,199.0,1198.0,17,17,0,0.833889816360601,False,True,ONE_TRADE_OVER_50PCT_OF_GAIN,True
T5_NEG0.60R_MFE0.50R,20260923-1709-095830,False,0.0,1198.0,True,1198.0,199.0,1198.0,17,17,0,0.833889816360601,False,True,ONE_TRADE_OVER_50PCT_OF_GAIN,True
T5_NEG0.60R_MFE0.50R,20260923-2221-100530,False,0.0,1198.0,True,1198.0,199.0,1198.0,17,17,0,0.833889816360601,False,True,ONE_TRADE_OVER_50PCT_OF_GAIN,True
T5_NEG0.60R_MFE0.50R,20260923-2033-113900,False,0.0,1198.0,True,1198.0,199.0,1198.0,17,17,0,0.833889816360601,False,True,ONE_TRADE_OVER_50PCT_OF_GAIN,True
T5_NEG0.60R_MFE0.50R,20260923-3605-121730,False,0.0,1198.0,True,1198.0,199.0,1198.0,17,17,0,0.833889816360601,False,True,ONE_TRADE_OVER_50PCT_OF_GAIN,True
T5_NEG0.60R_MFE0.50R,20260923-6168-124430,False,0.0,1198.0,True,1198.0,199.0,1198.0,17,17,0,0.833889816360601,False,True,ONE_TRADE_OVER_50PCT_OF_GAIN,True
T5_NEG0.60R_MFE0.50R,20260923-2409-130930,False,0.0,1198.0,True,1198.0,199.0,1198.0,17,17,0,0.833889816360601,False,True,ONE_TRADE_OVER_50PCT_OF_GAIN,True
T5_NEG0.60R_MFE0.50R,20260924-2409-090900,False,0.0,1198.0,True,1198.0,199.0,1198.0,17,17,0,0.833889816360601,False,True,ONE_TRADE_OVER_50PCT_OF_GAIN,True
T5_NEG0.60R_MFE0.50R,20260924-3605-090900,False,0.0,1198.0,True,1198.0,199.0,1198.0,17,17,0,0.833889816360601,False,True,ONE_TRADE_OVER_50PCT_OF_GAIN,True
T5_NEG0.60R_MFE0.50R,20260924-2033-091030,False,0.0,1198.0,True,1198.0,199.0,1198.0,17,17,0,0.833889816360601,False,True,ONE_TRADE_OVER_50PCT_OF_GAIN,True
T5_NEG0.60R_MFE0.50R,20260924-4956-093400,True,199.0,999.0,True,1198.0,199.0,1198.0,17,17,0,0.833889816360601,False,True,ONE_TRADE_OVER_50PCT_OF_GAIN,True
T5_NEG0.60R_MFE0.50R,20260924-3624-115700,True,999.0,199.0,True,1198.0,199.0,1198.0,17,17,0,0.833889816360601,False,True,ONE_TRADE_OVER_50PCT_OF_GAIN,True
T5_NEG0.60R_MFE0.50R,20260924-6456-131000,False,0.0,1198.0,True,1198.0,199.0,1198.0,17,17,0,0.833889816360601,False,True,ONE_TRADE_OVER_50PCT_OF_GAIN,True
T10_NEG0.20R_MFE0.10R,20260922-1709-093200,False,0.0,-3294.0,False,-3294.0,-5090.0,1195.0,1,17,16,1.0,True,True,LOO_BENEFIT_DISAPPEARS,True
T10_NEG0.20R_MFE0.10R,20260923-3229-092830,False,0.0,-3294.0,False,-3294.0,-5090.0,1195.0,1,17,16,1.0,True,True,LOO_BENEFIT_DISAPPEARS,True
T10_NEG0.20R_MFE0.10R,20260923-8111-093300,True,1796.0,-5090.0,False,-3294.0,-5090.0,1195.0,1,17,16,1.0,True,True,LOO_BENEFIT_DISAPPEARS,True
T10_NEG0.20R_MFE0.10R,20260923-3094-094300,False,0.0,-3294.0,False,-3294.0,-5090.0,1195.0,1,17,16,1.0,True,True,LOO_BENEFIT_DISAPPEARS,True
T10_NEG0.20R_MFE0.10R,20260923-4956-095730,False,0.0,-3294.0,False,-3294.0,-5090.0,1195.0,1,17,16,1.0,True,True,LOO_BENEFIT_DISAPPEARS,True
T10_NEG0.20R_MFE0.10R,20260923-1709-095830,False,0.0,-3294.0,False,-3294.0,-5090.0,1195.0,1,17,16,1.0,True,True,LOO_BENEFIT_DISAPPEARS,True
T10_NEG0.20R_MFE0.10R,20260923-2221-100530,True,-4489.0,1195.0,True,-3294.0,-5090.0,1195.0,1,17,16,1.0,True,True,LOO_BENEFIT_DISAPPEARS,True
T10_NEG0.20R_MFE0.10R,20260923-2033-113900,False,0.0,-3294.0,False,-3294.0,-5090.0,1195.0,1,17,16,1.0,True,True,LOO_BENEFIT_DISAPPEARS,True
T10_NEG0.20R_MFE0.10R,20260923-3605-121730,False,0.0,-3294.0,False,-3294.0,-5090.0,1195.0,1,17,16,1.0,True,True,LOO_BENEFIT_DISAPPEARS,True
T10_NEG0.20R_MFE0.10R,20260923-6168-124430,True,-601.0,-2693.0,False,-3294.0,-5090.0,1195.0,1,17,16,1.0,True,True,LOO_BENEFIT_DISAPPEARS,True
T10_NEG0.20R_MFE0.10R,20260923-2409-130930,True,0.0,-3294.0,False,-3294.0,-5090.0,1195.0,1,17,16,1.0,True,True,LOO_BENEFIT_DISAPPEARS,True
T10_NEG0.20R_MFE0.10R,20260924-2409-090900,False,0.0,-3294.0,False,-3294.0,-5090.0,1195.0,1,17,16,1.0,True,True,LOO_BENEFIT_DISAPPEARS,True
T10_NEG0.20R_MFE0.10R,20260924-3605-090900,False,0.0,-3294.0,False,-3294.0,-5090.0,1195.0,1,17,16,1.0,True,True,LOO_BENEFIT_DISAPPEARS,True
T10_NEG0.20R_MFE0.10R,20260924-2033-091030,False,0.0,-3294.0,False,-3294.0,-5090.0,1195.0,1,17,16,1.0,True,True,LOO_BENEFIT_DISAPPEARS,True
T10_NEG0.20R_MFE0.10R,20260924-4956-093400,False,0.0,-3294.0,False,-3294.0,-5090.0,1195.0,1,17,16,1.0,True,True,LOO_BENEFIT_DISAPPEARS,True
T10_NEG0.20R_MFE0.10R,20260924-3624-115700,False,0.0,-3294.0,False,-3294.0,-5090.0,1195.0,1,17,16,1.0,True,True,LOO_BENEFIT_DISAPPEARS,True
T10_NEG0.20R_MFE0.10R,20260924-6456-131000,False,0.0,-3294.0,False,-3294.0,-5090.0,1195.0,1,17,16,1.0,True,True,LOO_BENEFIT_DISAPPEARS,True
T10_NEG0.20R_MFE0.20R,20260922-1709-093200,False,0.0,-3794.0,False,-3794.0,-5590.0,695.0,1,17,16,1.0,True,True,LOO_BENEFIT_DISAPPEARS,True
T10_NEG0.20R_MFE0.20R,20260923-3229-092830,False,0.0,-3794.0,False,-3794.0,-5590.0,695.0,1,17,16,1.0,True,True,LOO_BENEFIT_DISAPPEARS,True
T10_NEG0.20R_MFE0.20R,20260923-8111-093300,True,1796.0,-5590.0,False,-3794.0,-5590.0,695.0,1,17,16,1.0,True,True,LOO_BENEFIT_DISAPPEARS,True
T10_NEG0.20R_MFE0.20R,20260923-3094-094300,False,0.0,-3794.0,False,-3794.0,-5590.0,695.0,1,17,16,1.0,True,True,LOO_BENEFIT_DISAPPEARS,True
T10_NEG0.20R_MFE0.20R,20260923-4956-095730,False,0.0,-3794.0,False,-3794.0,-5590.0,695.0,1,17,16,1.0,True,True,LOO_BENEFIT_DISAPPEARS,True
T10_NEG0.20R_MFE0.20R,20260923-1709-095830,False,0.0,-3794.0,False,-3794.0,-5590.0,695.0,1,17,16,1.0,True,True,LOO_BENEFIT_DISAPPEARS,True
T10_NEG0.20R_MFE0.20R,20260923-2221-100530,True,-4489.0,695.0,True,-3794.0,-5590.0,695.0,1,17,16,1.0,True,True,LOO_BENEFIT_DISAPPEARS,True
T10_NEG0.20R_MFE0.20R,20260923-2033-113900,False,0.0,-3794.0,False,-3794.0,-5590.0,695.0,1,17,16,1.0,True,True,LOO_BENEFIT_DISAPPEARS,True
T10_NEG0.20R_MFE0.20R,20260923-3605-121730,False,0.0,-3794.0,False,-3794.0,-5590.0,695.0,1,17,16,1.0,True,True,LOO_BENEFIT_DISAPPEARS,True
T10_NEG0.20R_MFE0.20R,20260923-6168-124430,True,-601.0,-3193.0,False,-3794.0,-5590.0,695.0,1,17,16,1.0,True,True,LOO_BENEFIT_DISAPPEARS,True
T10_NEG0.20R_MFE0.20R,20260923-2409-130930,True,0.0,-3794.0,False,-3794.0,-5590.0,695.0,1,17,16,1.0,True,True,LOO_BENEFIT_DISAPPEARS,True
T10_NEG0.20R_MFE0.20R,20260924-2409-090900,False,0.0,-3794.0,False,-3794.0,-5590.0,695.0,1,17,16,1.0,True,True,LOO_BENEFIT_DISAPPEARS,True
T10_NEG0.20R_MFE0.20R,20260924-3605-090900,True,-500.0,-3294.0,False,-3794.0,-5590.0,695.0,1,17,16,1.0,True,True,LOO_BENEFIT_DISAPPEARS,True
T10_NEG0.20R_MFE0.20R,20260924-2033-091030,False,0.0,-3794.0,False,-3794.0,-5590.0,695.0,1,17,16,1.0,True,True,LOO_BENEFIT_DISAPPEARS,True
T10_NEG0.20R_MFE0.20R,20260924-4956-093400,False,0.0,-3794.0,False,-3794.0,-5590.0,695.0,1,17,16,1.0,True,True,LOO_BENEFIT_DISAPPEARS,True
T10_NEG0.20R_MFE0.20R,20260924-3624-115700,False,0.0,-3794.0,False,-3794.0,-5590.0,695.0,1,17,16,1.0,True,True,LOO_BENEFIT_DISAPPEARS,True
T10_NEG0.20R_MFE0.20R,20260924-6456-131000,False,0.0,-3794.0,False,-3794.0,-5590.0,695.0,1,17,16,1.0,True,True,LOO_BENEFIT_DISAPPEARS,True
T10_NEG0.20R_MFE0.30R,20260922-1709-093200,False,0.0,-3794.0,False,-3794.0,-5590.0,695.0,1,17,16,1.0,True,True,LOO_BENEFIT_DISAPPEARS,True
T10_NEG0.20R_MFE0.30R,20260923-3229-092830,False,0.0,-3794.0,False,-3794.0,-5590.0,695.0,1,17,16,1.0,True,True,LOO_BENEFIT_DISAPPEARS,True
T10_NEG0.20R_MFE0.30R,20260923-8111-093300,True,1796.0,-5590.0,False,-3794.0,-5590.0,695.0,1,17,16,1.0,True,True,LOO_BENEFIT_DISAPPEARS,True
T10_NEG0.20R_MFE0.30R,20260923-3094-094300,False,0.0,-3794.0,False,-3794.0,-5590.0,695.0,1,17,16,1.0,True,True,LOO_BENEFIT_DISAPPEARS,True
T10_NEG0.20R_MFE0.30R,20260923-4956-095730,False,0.0,-3794.0,False,-3794.0,-5590.0,695.0,1,17,16,1.0,True,True,LOO_BENEFIT_DISAPPEARS,True
T10_NEG0.20R_MFE0.30R,20260923-1709-095830,False,0.0,-3794.0,False,-3794.0,-5590.0,695.0,1,17,16,1.0,True,True,LOO_BENEFIT_DISAPPEARS,True
T10_NEG0.20R_MFE0.30R,20260923-2221-100530,True,-4489.0,695.0,True,-3794.0,-5590.0,695.0,1,17,16,1.0,True,True,LOO_BENEFIT_DISAPPEARS,True
T10_NEG0.20R_MFE0.30R,20260923-2033-113900,False,0.0,-3794.0,False,-3794.0,-5590.0,695.0,1,17,16,1.0,True,True,LOO_BENEFIT_DISAPPEARS,True
T10_NEG0.20R_MFE0.30R,20260923-3605-121730,False,0.0,-3794.0,False,-3794.0,-5590.0,695.0,1,17,16,1.0,True,True,LOO_BENEFIT_DISAPPEARS,True
T10_NEG0.20R_MFE0.30R,20260923-6168-124430,True,-601.0,-3193.0,False,-3794.0,-5590.0,695.0,1,17,16,1.0,True,True,LOO_BENEFIT_DISAPPEARS,True
T10_NEG0.20R_MFE0.30R,20260923-2409-130930,True,0.0,-3794.0,False,-3794.0,-5590.0,695.0,1,17,16,1.0,True,True,LOO_BENEFIT_DISAPPEARS,True
T10_NEG0.20R_MFE0.30R,20260924-2409-090900,False,0.0,-3794.0,False,-3794.0,-5590.0,695.0,1,17,16,1.0,True,True,LOO_BENEFIT_DISAPPEARS,True
T10_NEG0.20R_MFE0.30R,20260924-3605-090900,True,-500.0,-3294.0,False,-3794.0,-5590.0,695.0,1,17,16,1.0,True,True,LOO_BENEFIT_DISAPPEARS,True
T10_NEG0.20R_MFE0.30R,20260924-2033-091030,False,0.0,-3794.0,False,-3794.0,-5590.0,695.0,1,17,16,1.0,True,True,LOO_BENEFIT_DISAPPEARS,True
T10_NEG0.20R_MFE0.30R,20260924-4956-093400,False,0.0,-3794.0,False,-3794.0,-5590.0,695.0,1,17,16,1.0,True,True,LOO_BENEFIT_DISAPPEARS,True
T10_NEG0.20R_MFE0.30R,20260924-3624-115700,False,0.0,-3794.0,False,-3794.0,-5590.0,695.0,1,17,16,1.0,True,True,LOO_BENEFIT_DISAPPEARS,True
T10_NEG0.20R_MFE0.30R,20260924-6456-131000,False,0.0,-3794.0,False,-3794.0,-5590.0,695.0,1,17,16,1.0,True,True,LOO_BENEFIT_DISAPPEARS,True
T10_NEG0.20R_MFE0.40R,20260922-1709-093200,False,0.0,-3794.0,False,-3794.0,-5590.0,695.0,1,17,16,1.0,True,True,LOO_BENEFIT_DISAPPEARS,True
T10_NEG0.20R_MFE0.40R,20260923-3229-092830,False,0.0,-3794.0,False,-3794.0,-5590.0,695.0,1,17,16,1.0,True,True,LOO_BENEFIT_DISAPPEARS,True
T10_NEG0.20R_MFE0.40R,20260923-8111-093300,True,1796.0,-5590.0,False,-3794.0,-5590.0,695.0,1,17,16,1.0,True,True,LOO_BENEFIT_DISAPPEARS,True
T10_NEG0.20R_MFE0.40R,20260923-3094-094300,False,0.0,-3794.0,False,-3794.0,-5590.0,695.0,1,17,16,1.0,True,True,LOO_BENEFIT_DISAPPEARS,True
T10_NEG0.20R_MFE0.40R,20260923-4956-095730,False,0.0,-3794.0,False,-3794.0,-5590.0,695.0,1,17,16,1.0,True,True,LOO_BENEFIT_DISAPPEARS,True
T10_NEG0.20R_MFE0.40R,20260923-1709-095830,False,0.0,-3794.0,False,-3794.0,-5590.0,695.0,1,17,16,1.0,True,True,LOO_BENEFIT_DISAPPEARS,True
T10_NEG0.20R_MFE0.40R,20260923-2221-100530,True,-4489.0,695.0,True,-3794.0,-5590.0,695.0,1,17,16,1.0,True,True,LOO_BENEFIT_DISAPPEARS,True
T10_NEG0.20R_MFE0.40R,20260923-2033-113900,False,0.0,-3794.0,False,-3794.0,-5590.0,695.0,1,17,16,1.0,True,True,LOO_BENEFIT_DISAPPEARS,True
T10_NEG0.20R_MFE0.40R,20260923-3605-121730,False,0.0,-3794.0,False,-3794.0,-5590.0,695.0,1,17,16,1.0,True,True,LOO_BENEFIT_DISAPPEARS,True
T10_NEG0.20R_MFE0.40R,20260923-6168-124430,True,-601.0,-3193.0,False,-3794.0,-5590.0,695.0,1,17,16,1.0,True,True,LOO_BENEFIT_DISAPPEARS,True
T10_NEG0.20R_MFE0.40R,20260923-2409-130930,True,0.0,-3794.0,False,-3794.0,-5590.0,695.0,1,17,16,1.0,True,True,LOO_BENEFIT_DISAPPEARS,True
T10_NEG0.20R_MFE0.40R,20260924-2409-090900,False,0.0,-3794.0,False,-3794.0,-5590.0,695.0,1,17,16,1.0,True,True,LOO_BENEFIT_DISAPPEARS,True
T10_NEG0.20R_MFE0.40R,20260924-3605-090900,True,-500.0,-3294.0,False,-3794.0,-5590.0,695.0,1,17,16,1.0,True,True,LOO_BENEFIT_DISAPPEARS,True
T10_NEG0.20R_MFE0.40R,20260924-2033-091030,False,0.0,-3794.0,False,-3794.0,-5590.0,695.0,1,17,16,1.0,True,True,LOO_BENEFIT_DISAPPEARS,True
T10_NEG0.20R_MFE0.40R,20260924-4956-093400,False,0.0,-3794.0,False,-3794.0,-5590.0,695.0,1,17,16,1.0,True,True,LOO_BENEFIT_DISAPPEARS,True
T10_NEG0.20R_MFE0.40R,20260924-3624-115700,False,0.0,-3794.0,False,-3794.0,-5590.0,695.0,1,17,16,1.0,True,True,LOO_BENEFIT_DISAPPEARS,True
T10_NEG0.20R_MFE0.40R,20260924-6456-131000,False,0.0,-3794.0,False,-3794.0,-5590.0,695.0,1,17,16,1.0,True,True,LOO_BENEFIT_DISAPPEARS,True
T10_NEG0.20R_MFE0.50R,20260922-1709-093200,False,0.0,-3794.0,False,-3794.0,-5590.0,695.0,1,17,16,1.0,True,True,LOO_BENEFIT_DISAPPEARS,True
T10_NEG0.20R_MFE0.50R,20260923-3229-092830,False,0.0,-3794.0,False,-3794.0,-5590.0,695.0,1,17,16,1.0,True,True,LOO_BENEFIT_DISAPPEARS,True
T10_NEG0.20R_MFE0.50R,20260923-8111-093300,True,1796.0,-5590.0,False,-3794.0,-5590.0,695.0,1,17,16,1.0,True,True,LOO_BENEFIT_DISAPPEARS,True
T10_NEG0.20R_MFE0.50R,20260923-3094-094300,False,0.0,-3794.0,False,-3794.0,-5590.0,695.0,1,17,16,1.0,True,True,LOO_BENEFIT_DISAPPEARS,True
T10_NEG0.20R_MFE0.50R,20260923-4956-095730,False,0.0,-3794.0,False,-3794.0,-5590.0,695.0,1,17,16,1.0,True,True,LOO_BENEFIT_DISAPPEARS,True
T10_NEG0.20R_MFE0.50R,20260923-1709-095830,False,0.0,-3794.0,False,-3794.0,-5590.0,695.0,1,17,16,1.0,True,True,LOO_BENEFIT_DISAPPEARS,True
T10_NEG0.20R_MFE0.50R,20260923-2221-100530,True,-4489.0,695.0,True,-3794.0,-5590.0,695.0,1,17,16,1.0,True,True,LOO_BENEFIT_DISAPPEARS,True
T10_NEG0.20R_MFE0.50R,20260923-2033-113900,False,0.0,-3794.0,False,-3794.0,-5590.0,695.0,1,17,16,1.0,True,True,LOO_BENEFIT_DISAPPEARS,True
T10_NEG0.20R_MFE0.50R,20260923-3605-121730,False,0.0,-3794.0,False,-3794.0,-5590.0,695.0,1,17,16,1.0,True,True,LOO_BENEFIT_DISAPPEARS,True
T10_NEG0.20R_MFE0.50R,20260923-6168-124430,True,-601.0,-3193.0,False,-3794.0,-5590.0,695.0,1,17,16,1.0,True,True,LOO_BENEFIT_DISAPPEARS,True
T10_NEG0.20R_MFE0.50R,20260923-2409-130930,True,0.0,-3794.0,False,-3794.0,-5590.0,695.0,1,17,16,1.0,True,True,LOO_BENEFIT_DISAPPEARS,True
T10_NEG0.20R_MFE0.50R,20260924-2409-090900,False,0.0,-3794.0,False,-3794.0,-5590.0,695.0,1,17,16,1.0,True,True,LOO_BENEFIT_DISAPPEARS,True
T10_NEG0.20R_MFE0.50R,20260924-3605-090900,True,-500.0,-3294.0,False,-3794.0,-5590.0,695.0,1,17,16,1.0,True,True,LOO_BENEFIT_DISAPPEARS,True
T10_NEG0.20R_MFE0.50R,20260924-2033-091030,False,0.0,-3794.0,False,-3794.0,-5590.0,695.0,1,17,16,1.0,True,True,LOO_BENEFIT_DISAPPEARS,True
T10_NEG0.20R_MFE0.50R,20260924-4956-093400,False,0.0,-3794.0,False,-3794.0,-5590.0,695.0,1,17,16,1.0,True,True,LOO_BENEFIT_DISAPPEARS,True
T10_NEG0.20R_MFE0.50R,20260924-3624-115700,False,0.0,-3794.0,False,-3794.0,-5590.0,695.0,1,17,16,1.0,True,True,LOO_BENEFIT_DISAPPEARS,True
T10_NEG0.20R_MFE0.50R,20260924-6456-131000,False,0.0,-3794.0,False,-3794.0,-5590.0,695.0,1,17,16,1.0,True,True,LOO_BENEFIT_DISAPPEARS,True
T10_NEG0.30R_MFE0.10R,20260922-1709-093200,False,0.0,1195.0,True,1195.0,-601.0,1796.0,16,17,1,1.0,True,True,LOO_BENEFIT_DISAPPEARS,True
T10_NEG0.30R_MFE0.10R,20260923-3229-092830,False,0.0,1195.0,True,1195.0,-601.0,1796.0,16,17,1,1.0,True,True,LOO_BENEFIT_DISAPPEARS,True
T10_NEG0.30R_MFE0.10R,20260923-8111-093300,True,1796.0,-601.0,False,1195.0,-601.0,1796.0,16,17,1,1.0,True,True,LOO_BENEFIT_DISAPPEARS,True
T10_NEG0.30R_MFE0.10R,20260923-3094-094300,False,0.0,1195.0,True,1195.0,-601.0,1796.0,16,17,1,1.0,True,True,LOO_BENEFIT_DISAPPEARS,True
T10_NEG0.30R_MFE0.10R,20260923-4956-095730,False,0.0,1195.0,True,1195.0,-601.0,1796.0,16,17,1,1.0,True,True,LOO_BENEFIT_DISAPPEARS,True
T10_NEG0.30R_MFE0.10R,20260923-1709-095830,False,0.0,1195.0,True,1195.0,-601.0,1796.0,16,17,1,1.0,True,True,LOO_BENEFIT_DISAPPEARS,True
T10_NEG0.30R_MFE0.10R,20260923-2221-100530,False,0.0,1195.0,True,1195.0,-601.0,1796.0,16,17,1,1.0,True,True,LOO_BENEFIT_DISAPPEARS,True
T10_NEG0.30R_MFE0.10R,20260923-2033-113900,False,0.0,1195.0,True,1195.0,-601.0,1796.0,16,17,1,1.0,True,True,LOO_BENEFIT_DISAPPEARS,True
T10_NEG0.30R_MFE0.10R,20260923-3605-121730,False,0.0,1195.0,True,1195.0,-601.0,1796.0,16,17,1,1.0,True,True,LOO_BENEFIT_DISAPPEARS,True
T10_NEG0.30R_MFE0.10R,20260923-6168-124430,True,-601.0,1796.0,True,1195.0,-601.0,1796.0,16,17,1,1.0,True,True,LOO_BENEFIT_DISAPPEARS,True
T10_NEG0.30R_MFE0.10R,20260923-2409-130930,True,0.0,1195.0,True,1195.0,-601.0,1796.0,16,17,1,1.0,True,True,LOO_BENEFIT_DISAPPEARS,True
T10_NEG0.30R_MFE0.10R,20260924-2409-090900,False,0.0,1195.0,True,1195.0,-601.0,1796.0,16,17,1,1.0,True,True,LOO_BENEFIT_DISAPPEARS,True
T10_NEG0.30R_MFE0.10R,20260924-3605-090900,False,0.0,1195.0,True,1195.0,-601.0,1796.0,16,17,1,1.0,True,True,LOO_BENEFIT_DISAPPEARS,True
T10_NEG0.30R_MFE0.10R,20260924-2033-091030,False,0.0,1195.0,True,1195.0,-601.0,1796.0,16,17,1,1.0,True,True,LOO_BENEFIT_DISAPPEARS,True
T10_NEG0.30R_MFE0.10R,20260924-4956-093400,False,0.0,1195.0,True,1195.0,-601.0,1796.0,16,17,1,1.0,True,True,LOO_BENEFIT_DISAPPEARS,True
T10_NEG0.30R_MFE0.10R,20260924-3624-115700,False,0.0,1195.0,True,1195.0,-601.0,1796.0,16,17,1,1.0,True,True,LOO_BENEFIT_DISAPPEARS,True
T10_NEG0.30R_MFE0.10R,20260924-6456-131000,False,0.0,1195.0,True,1195.0,-601.0,1796.0,16,17,1,1.0,True,True,LOO_BENEFIT_DISAPPEARS,True
T10_NEG0.30R_MFE0.20R,20260922-1709-093200,False,0.0,695.0,True,695.0,-1101.0,1296.0,16,17,1,1.0,True,True,LOO_BENEFIT_DISAPPEARS,True
T10_NEG0.30R_MFE0.20R,20260923-3229-092830,False,0.0,695.0,True,695.0,-1101.0,1296.0,16,17,1,1.0,True,True,LOO_BENEFIT_DISAPPEARS,True
T10_NEG0.30R_MFE0.20R,20260923-8111-093300,True,1796.0,-1101.0,False,695.0,-1101.0,1296.0,16,17,1,1.0,True,True,LOO_BENEFIT_DISAPPEARS,True
T10_NEG0.30R_MFE0.20R,20260923-3094-094300,False,0.0,695.0,True,695.0,-1101.0,1296.0,16,17,1,1.0,True,True,LOO_BENEFIT_DISAPPEARS,True
T10_NEG0.30R_MFE0.20R,20260923-4956-095730,False,0.0,695.0,True,695.0,-1101.0,1296.0,16,17,1,1.0,True,True,LOO_BENEFIT_DISAPPEARS,True
T10_NEG0.30R_MFE0.20R,20260923-1709-095830,False,0.0,695.0,True,695.0,-1101.0,1296.0,16,17,1,1.0,True,True,LOO_BENEFIT_DISAPPEARS,True
T10_NEG0.30R_MFE0.20R,20260923-2221-100530,False,0.0,695.0,True,695.0,-1101.0,1296.0,16,17,1,1.0,True,True,LOO_BENEFIT_DISAPPEARS,True
T10_NEG0.30R_MFE0.20R,20260923-2033-113900,False,0.0,695.0,True,695.0,-1101.0,1296.0,16,17,1,1.0,True,True,LOO_BENEFIT_DISAPPEARS,True
T10_NEG0.30R_MFE0.20R,20260923-3605-121730,False,0.0,695.0,True,695.0,-1101.0,1296.0,16,17,1,1.0,True,True,LOO_BENEFIT_DISAPPEARS,True
T10_NEG0.30R_MFE0.20R,20260923-6168-124430,True,-601.0,1296.0,True,695.0,-1101.0,1296.0,16,17,1,1.0,True,True,LOO_BENEFIT_DISAPPEARS,True
T10_NEG0.30R_MFE0.20R,20260923-2409-130930,True,0.0,695.0,True,695.0,-1101.0,1296.0,16,17,1,1.0,True,True,LOO_BENEFIT_DISAPPEARS,True
T10_NEG0.30R_MFE0.20R,20260924-2409-090900,False,0.0,695.0,True,695.0,-1101.0,1296.0,16,17,1,1.0,True,True,LOO_BENEFIT_DISAPPEARS,True
T10_NEG0.30R_MFE0.20R,20260924-3605-090900,True,-500.0,1195.0,True,695.0,-1101.0,1296.0,16,17,1,1.0,True,True,LOO_BENEFIT_DISAPPEARS,True
T10_NEG0.30R_MFE0.20R,20260924-2033-091030,False,0.0,695.0,True,695.0,-1101.0,1296.0,16,17,1,1.0,True,True,LOO_BENEFIT_DISAPPEARS,True
T10_NEG0.30R_MFE0.20R,20260924-4956-093400,False,0.0,695.0,True,695.0,-1101.0,1296.0,16,17,1,1.0,True,True,LOO_BENEFIT_DISAPPEARS,True
T10_NEG0.30R_MFE0.20R,20260924-3624-115700,False,0.0,695.0,True,695.0,-1101.0,1296.0,16,17,1,1.0,True,True,LOO_BENEFIT_DISAPPEARS,True
T10_NEG0.30R_MFE0.20R,20260924-6456-131000,False,0.0,695.0,True,695.0,-1101.0,1296.0,16,17,1,1.0,True,True,LOO_BENEFIT_DISAPPEARS,True
T10_NEG0.30R_MFE0.30R,20260922-1709-093200,False,0.0,695.0,True,695.0,-1101.0,1296.0,16,17,1,1.0,True,True,LOO_BENEFIT_DISAPPEARS,True
T10_NEG0.30R_MFE0.30R,20260923-3229-092830,False,0.0,695.0,True,695.0,-1101.0,1296.0,16,17,1,1.0,True,True,LOO_BENEFIT_DISAPPEARS,True
T10_NEG0.30R_MFE0.30R,20260923-8111-093300,True,1796.0,-1101.0,False,695.0,-1101.0,1296.0,16,17,1,1.0,True,True,LOO_BENEFIT_DISAPPEARS,True
T10_NEG0.30R_MFE0.30R,20260923-3094-094300,False,0.0,695.0,True,695.0,-1101.0,1296.0,16,17,1,1.0,True,True,LOO_BENEFIT_DISAPPEARS,True
T10_NEG0.30R_MFE0.30R,20260923-4956-095730,False,0.0,695.0,True,695.0,-1101.0,1296.0,16,17,1,1.0,True,True,LOO_BENEFIT_DISAPPEARS,True
T10_NEG0.30R_MFE0.30R,20260923-1709-095830,False,0.0,695.0,True,695.0,-1101.0,1296.0,16,17,1,1.0,True,True,LOO_BENEFIT_DISAPPEARS,True
T10_NEG0.30R_MFE0.30R,20260923-2221-100530,False,0.0,695.0,True,695.0,-1101.0,1296.0,16,17,1,1.0,True,True,LOO_BENEFIT_DISAPPEARS,True
T10_NEG0.30R_MFE0.30R,20260923-2033-113900,False,0.0,695.0,True,695.0,-1101.0,1296.0,16,17,1,1.0,True,True,LOO_BENEFIT_DISAPPEARS,True
T10_NEG0.30R_MFE0.30R,20260923-3605-121730,False,0.0,695.0,True,695.0,-1101.0,1296.0,16,17,1,1.0,True,True,LOO_BENEFIT_DISAPPEARS,True
T10_NEG0.30R_MFE0.30R,20260923-6168-124430,True,-601.0,1296.0,True,695.0,-1101.0,1296.0,16,17,1,1.0,True,True,LOO_BENEFIT_DISAPPEARS,True
T10_NEG0.30R_MFE0.30R,20260923-2409-130930,True,0.0,695.0,True,695.0,-1101.0,1296.0,16,17,1,1.0,True,True,LOO_BENEFIT_DISAPPEARS,True
T10_NEG0.30R_MFE0.30R,20260924-2409-090900,False,0.0,695.0,True,695.0,-1101.0,1296.0,16,17,1,1.0,True,True,LOO_BENEFIT_DISAPPEARS,True
T10_NEG0.30R_MFE0.30R,20260924-3605-090900,True,-500.0,1195.0,True,695.0,-1101.0,1296.0,16,17,1,1.0,True,True,LOO_BENEFIT_DISAPPEARS,True
T10_NEG0.30R_MFE0.30R,20260924-2033-091030,False,0.0,695.0,True,695.0,-1101.0,1296.0,16,17,1,1.0,True,True,LOO_BENEFIT_DISAPPEARS,True
T10_NEG0.30R_MFE0.30R,20260924-4956-093400,False,0.0,695.0,True,695.0,-1101.0,1296.0,16,17,1,1.0,True,True,LOO_BENEFIT_DISAPPEARS,True
T10_NEG0.30R_MFE0.30R,20260924-3624-115700,False,0.0,695.0,True,695.0,-1101.0,1296.0,16,17,1,1.0,True,True,LOO_BENEFIT_DISAPPEARS,True
T10_NEG0.30R_MFE0.30R,20260924-6456-131000,False,0.0,695.0,True,695.0,-1101.0,1296.0,16,17,1,1.0,True,True,LOO_BENEFIT_DISAPPEARS,True
T10_NEG0.30R_MFE0.40R,20260922-1709-093200,False,0.0,695.0,True,695.0,-1101.0,1296.0,16,17,1,1.0,True,True,LOO_BENEFIT_DISAPPEARS,True
T10_NEG0.30R_MFE0.40R,20260923-3229-092830,False,0.0,695.0,True,695.0,-1101.0,1296.0,16,17,1,1.0,True,True,LOO_BENEFIT_DISAPPEARS,True
T10_NEG0.30R_MFE0.40R,20260923-8111-093300,True,1796.0,-1101.0,False,695.0,-1101.0,1296.0,16,17,1,1.0,True,True,LOO_BENEFIT_DISAPPEARS,True
T10_NEG0.30R_MFE0.40R,20260923-3094-094300,False,0.0,695.0,True,695.0,-1101.0,1296.0,16,17,1,1.0,True,True,LOO_BENEFIT_DISAPPEARS,True
T10_NEG0.30R_MFE0.40R,20260923-4956-095730,False,0.0,695.0,True,695.0,-1101.0,1296.0,16,17,1,1.0,True,True,LOO_BENEFIT_DISAPPEARS,True
T10_NEG0.30R_MFE0.40R,20260923-1709-095830,False,0.0,695.0,True,695.0,-1101.0,1296.0,16,17,1,1.0,True,True,LOO_BENEFIT_DISAPPEARS,True
T10_NEG0.30R_MFE0.40R,20260923-2221-100530,False,0.0,695.0,True,695.0,-1101.0,1296.0,16,17,1,1.0,True,True,LOO_BENEFIT_DISAPPEARS,True
T10_NEG0.30R_MFE0.40R,20260923-2033-113900,False,0.0,695.0,True,695.0,-1101.0,1296.0,16,17,1,1.0,True,True,LOO_BENEFIT_DISAPPEARS,True
T10_NEG0.30R_MFE0.40R,20260923-3605-121730,False,0.0,695.0,True,695.0,-1101.0,1296.0,16,17,1,1.0,True,True,LOO_BENEFIT_DISAPPEARS,True
T10_NEG0.30R_MFE0.40R,20260923-6168-124430,True,-601.0,1296.0,True,695.0,-1101.0,1296.0,16,17,1,1.0,True,True,LOO_BENEFIT_DISAPPEARS,True
T10_NEG0.30R_MFE0.40R,20260923-2409-130930,True,0.0,695.0,True,695.0,-1101.0,1296.0,16,17,1,1.0,True,True,LOO_BENEFIT_DISAPPEARS,True
T10_NEG0.30R_MFE0.40R,20260924-2409-090900,False,0.0,695.0,True,695.0,-1101.0,1296.0,16,17,1,1.0,True,True,LOO_BENEFIT_DISAPPEARS,True
T10_NEG0.30R_MFE0.40R,20260924-3605-090900,True,-500.0,1195.0,True,695.0,-1101.0,1296.0,16,17,1,1.0,True,True,LOO_BENEFIT_DISAPPEARS,True
T10_NEG0.30R_MFE0.40R,20260924-2033-091030,False,0.0,695.0,True,695.0,-1101.0,1296.0,16,17,1,1.0,True,True,LOO_BENEFIT_DISAPPEARS,True
T10_NEG0.30R_MFE0.40R,20260924-4956-093400,False,0.0,695.0,True,695.0,-1101.0,1296.0,16,17,1,1.0,True,True,LOO_BENEFIT_DISAPPEARS,True
T10_NEG0.30R_MFE0.40R,20260924-3624-115700,False,0.0,695.0,True,695.0,-1101.0,1296.0,16,17,1,1.0,True,True,LOO_BENEFIT_DISAPPEARS,True
T10_NEG0.30R_MFE0.40R,20260924-6456-131000,False,0.0,695.0,True,695.0,-1101.0,1296.0,16,17,1,1.0,True,True,LOO_BENEFIT_DISAPPEARS,True
T10_NEG0.30R_MFE0.50R,20260922-1709-093200,False,0.0,695.0,True,695.0,-1101.0,1296.0,16,17,1,1.0,True,True,LOO_BENEFIT_DISAPPEARS,True
T10_NEG0.30R_MFE0.50R,20260923-3229-092830,False,0.0,695.0,True,695.0,-1101.0,1296.0,16,17,1,1.0,True,True,LOO_BENEFIT_DISAPPEARS,True
T10_NEG0.30R_MFE0.50R,20260923-8111-093300,True,1796.0,-1101.0,False,695.0,-1101.0,1296.0,16,17,1,1.0,True,True,LOO_BENEFIT_DISAPPEARS,True
T10_NEG0.30R_MFE0.50R,20260923-3094-094300,False,0.0,695.0,True,695.0,-1101.0,1296.0,16,17,1,1.0,True,True,LOO_BENEFIT_DISAPPEARS,True
T10_NEG0.30R_MFE0.50R,20260923-4956-095730,False,0.0,695.0,True,695.0,-1101.0,1296.0,16,17,1,1.0,True,True,LOO_BENEFIT_DISAPPEARS,True
T10_NEG0.30R_MFE0.50R,20260923-1709-095830,False,0.0,695.0,True,695.0,-1101.0,1296.0,16,17,1,1.0,True,True,LOO_BENEFIT_DISAPPEARS,True
T10_NEG0.30R_MFE0.50R,20260923-2221-100530,False,0.0,695.0,True,695.0,-1101.0,1296.0,16,17,1,1.0,True,True,LOO_BENEFIT_DISAPPEARS,True
T10_NEG0.30R_MFE0.50R,20260923-2033-113900,False,0.0,695.0,True,695.0,-1101.0,1296.0,16,17,1,1.0,True,True,LOO_BENEFIT_DISAPPEARS,True
T10_NEG0.30R_MFE0.50R,20260923-3605-121730,False,0.0,695.0,True,695.0,-1101.0,1296.0,16,17,1,1.0,True,True,LOO_BENEFIT_DISAPPEARS,True
T10_NEG0.30R_MFE0.50R,20260923-6168-124430,True,-601.0,1296.0,True,695.0,-1101.0,1296.0,16,17,1,1.0,True,True,LOO_BENEFIT_DISAPPEARS,True
T10_NEG0.30R_MFE0.50R,20260923-2409-130930,True,0.0,695.0,True,695.0,-1101.0,1296.0,16,17,1,1.0,True,True,LOO_BENEFIT_DISAPPEARS,True
T10_NEG0.30R_MFE0.50R,20260924-2409-090900,False,0.0,695.0,True,695.0,-1101.0,1296.0,16,17,1,1.0,True,True,LOO_BENEFIT_DISAPPEARS,True
T10_NEG0.30R_MFE0.50R,20260924-3605-090900,True,-500.0,1195.0,True,695.0,-1101.0,1296.0,16,17,1,1.0,True,True,LOO_BENEFIT_DISAPPEARS,True
T10_NEG0.30R_MFE0.50R,20260924-2033-091030,False,0.0,695.0,True,695.0,-1101.0,1296.0,16,17,1,1.0,True,True,LOO_BENEFIT_DISAPPEARS,True
T10_NEG0.30R_MFE0.50R,20260924-4956-093400,False,0.0,695.0,True,695.0,-1101.0,1296.0,16,17,1,1.0,True,True,LOO_BENEFIT_DISAPPEARS,True
T10_NEG0.30R_MFE0.50R,20260924-3624-115700,False,0.0,695.0,True,695.0,-1101.0,1296.0,16,17,1,1.0,True,True,LOO_BENEFIT_DISAPPEARS,True
T10_NEG0.30R_MFE0.50R,20260924-6456-131000,False,0.0,695.0,True,695.0,-1101.0,1296.0,16,17,1,1.0,True,True,LOO_BENEFIT_DISAPPEARS,True
T10_NEG0.40R_MFE0.10R,20260922-1709-093200,False,0.0,1195.0,True,1195.0,-601.0,1796.0,16,17,1,1.0,True,True,LOO_BENEFIT_DISAPPEARS,True
T10_NEG0.40R_MFE0.10R,20260923-3229-092830,False,0.0,1195.0,True,1195.0,-601.0,1796.0,16,17,1,1.0,True,True,LOO_BENEFIT_DISAPPEARS,True
T10_NEG0.40R_MFE0.10R,20260923-8111-093300,True,1796.0,-601.0,False,1195.0,-601.0,1796.0,16,17,1,1.0,True,True,LOO_BENEFIT_DISAPPEARS,True
T10_NEG0.40R_MFE0.10R,20260923-3094-094300,False,0.0,1195.0,True,1195.0,-601.0,1796.0,16,17,1,1.0,True,True,LOO_BENEFIT_DISAPPEARS,True
T10_NEG0.40R_MFE0.10R,20260923-4956-095730,False,0.0,1195.0,True,1195.0,-601.0,1796.0,16,17,1,1.0,True,True,LOO_BENEFIT_DISAPPEARS,True
T10_NEG0.40R_MFE0.10R,20260923-1709-095830,False,0.0,1195.0,True,1195.0,-601.0,1796.0,16,17,1,1.0,True,True,LOO_BENEFIT_DISAPPEARS,True
T10_NEG0.40R_MFE0.10R,20260923-2221-100530,False,0.0,1195.0,True,1195.0,-601.0,1796.0,16,17,1,1.0,True,True,LOO_BENEFIT_DISAPPEARS,True
T10_NEG0.40R_MFE0.10R,20260923-2033-113900,False,0.0,1195.0,True,1195.0,-601.0,1796.0,16,17,1,1.0,True,True,LOO_BENEFIT_DISAPPEARS,True
T10_NEG0.40R_MFE0.10R,20260923-3605-121730,False,0.0,1195.0,True,1195.0,-601.0,1796.0,16,17,1,1.0,True,True,LOO_BENEFIT_DISAPPEARS,True
T10_NEG0.40R_MFE0.10R,20260923-6168-124430,True,-601.0,1796.0,True,1195.0,-601.0,1796.0,16,17,1,1.0,True,True,LOO_BENEFIT_DISAPPEARS,True
T10_NEG0.40R_MFE0.10R,20260923-2409-130930,True,0.0,1195.0,True,1195.0,-601.0,1796.0,16,17,1,1.0,True,True,LOO_BENEFIT_DISAPPEARS,True
T10_NEG0.40R_MFE0.10R,20260924-2409-090900,False,0.0,1195.0,True,1195.0,-601.0,1796.0,16,17,1,1.0,True,True,LOO_BENEFIT_DISAPPEARS,True
T10_NEG0.40R_MFE0.10R,20260924-3605-090900,False,0.0,1195.0,True,1195.0,-601.0,1796.0,16,17,1,1.0,True,True,LOO_BENEFIT_DISAPPEARS,True
T10_NEG0.40R_MFE0.10R,20260924-2033-091030,False,0.0,1195.0,True,1195.0,-601.0,1796.0,16,17,1,1.0,True,True,LOO_BENEFIT_DISAPPEARS,True
T10_NEG0.40R_MFE0.10R,20260924-4956-093400,False,0.0,1195.0,True,1195.0,-601.0,1796.0,16,17,1,1.0,True,True,LOO_BENEFIT_DISAPPEARS,True
T10_NEG0.40R_MFE0.10R,20260924-3624-115700,False,0.0,1195.0,True,1195.0,-601.0,1796.0,16,17,1,1.0,True,True,LOO_BENEFIT_DISAPPEARS,True
T10_NEG0.40R_MFE0.10R,20260924-6456-131000,False,0.0,1195.0,True,1195.0,-601.0,1796.0,16,17,1,1.0,True,True,LOO_BENEFIT_DISAPPEARS,True
T10_NEG0.40R_MFE0.20R,20260922-1709-093200,False,0.0,1195.0,True,1195.0,-601.0,1796.0,16,17,1,1.0,True,True,LOO_BENEFIT_DISAPPEARS,True
T10_NEG0.40R_MFE0.20R,20260923-3229-092830,False,0.0,1195.0,True,1195.0,-601.0,1796.0,16,17,1,1.0,True,True,LOO_BENEFIT_DISAPPEARS,True
T10_NEG0.40R_MFE0.20R,20260923-8111-093300,True,1796.0,-601.0,False,1195.0,-601.0,1796.0,16,17,1,1.0,True,True,LOO_BENEFIT_DISAPPEARS,True
T10_NEG0.40R_MFE0.20R,20260923-3094-094300,False,0.0,1195.0,True,1195.0,-601.0,1796.0,16,17,1,1.0,True,True,LOO_BENEFIT_DISAPPEARS,True
T10_NEG0.40R_MFE0.20R,20260923-4956-095730,False,0.0,1195.0,True,1195.0,-601.0,1796.0,16,17,1,1.0,True,True,LOO_BENEFIT_DISAPPEARS,True
T10_NEG0.40R_MFE0.20R,20260923-1709-095830,False,0.0,1195.0,True,1195.0,-601.0,1796.0,16,17,1,1.0,True,True,LOO_BENEFIT_DISAPPEARS,True
T10_NEG0.40R_MFE0.20R,20260923-2221-100530,False,0.0,1195.0,True,1195.0,-601.0,1796.0,16,17,1,1.0,True,True,LOO_BENEFIT_DISAPPEARS,True
T10_NEG0.40R_MFE0.20R,20260923-2033-113900,False,0.0,1195.0,True,1195.0,-601.0,1796.0,16,17,1,1.0,True,True,LOO_BENEFIT_DISAPPEARS,True
T10_NEG0.40R_MFE0.20R,20260923-3605-121730,False,0.0,1195.0,True,1195.0,-601.0,1796.0,16,17,1,1.0,True,True,LOO_BENEFIT_DISAPPEARS,True
T10_NEG0.40R_MFE0.20R,20260923-6168-124430,True,-601.0,1796.0,True,1195.0,-601.0,1796.0,16,17,1,1.0,True,True,LOO_BENEFIT_DISAPPEARS,True
T10_NEG0.40R_MFE0.20R,20260923-2409-130930,True,0.0,1195.0,True,1195.0,-601.0,1796.0,16,17,1,1.0,True,True,LOO_BENEFIT_DISAPPEARS,True
T10_NEG0.40R_MFE0.20R,20260924-2409-090900,False,0.0,1195.0,True,1195.0,-601.0,1796.0,16,17,1,1.0,True,True,LOO_BENEFIT_DISAPPEARS,True
T10_NEG0.40R_MFE0.20R,20260924-3605-090900,False,0.0,1195.0,True,1195.0,-601.0,1796.0,16,17,1,1.0,True,True,LOO_BENEFIT_DISAPPEARS,True
T10_NEG0.40R_MFE0.20R,20260924-2033-091030,False,0.0,1195.0,True,1195.0,-601.0,1796.0,16,17,1,1.0,True,True,LOO_BENEFIT_DISAPPEARS,True
T10_NEG0.40R_MFE0.20R,20260924-4956-093400,False,0.0,1195.0,True,1195.0,-601.0,1796.0,16,17,1,1.0,True,True,LOO_BENEFIT_DISAPPEARS,True
T10_NEG0.40R_MFE0.20R,20260924-3624-115700,False,0.0,1195.0,True,1195.0,-601.0,1796.0,16,17,1,1.0,True,True,LOO_BENEFIT_DISAPPEARS,True
T10_NEG0.40R_MFE0.20R,20260924-6456-131000,False,0.0,1195.0,True,1195.0,-601.0,1796.0,16,17,1,1.0,True,True,LOO_BENEFIT_DISAPPEARS,True
T10_NEG0.40R_MFE0.30R,20260922-1709-093200,False,0.0,1195.0,True,1195.0,-601.0,1796.0,16,17,1,1.0,True,True,LOO_BENEFIT_DISAPPEARS,True
T10_NEG0.40R_MFE0.30R,20260923-3229-092830,False,0.0,1195.0,True,1195.0,-601.0,1796.0,16,17,1,1.0,True,True,LOO_BENEFIT_DISAPPEARS,True
T10_NEG0.40R_MFE0.30R,20260923-8111-093300,True,1796.0,-601.0,False,1195.0,-601.0,1796.0,16,17,1,1.0,True,True,LOO_BENEFIT_DISAPPEARS,True
T10_NEG0.40R_MFE0.30R,20260923-3094-094300,False,0.0,1195.0,True,1195.0,-601.0,1796.0,16,17,1,1.0,True,True,LOO_BENEFIT_DISAPPEARS,True
T10_NEG0.40R_MFE0.30R,20260923-4956-095730,False,0.0,1195.0,True,1195.0,-601.0,1796.0,16,17,1,1.0,True,True,LOO_BENEFIT_DISAPPEARS,True
T10_NEG0.40R_MFE0.30R,20260923-1709-095830,False,0.0,1195.0,True,1195.0,-601.0,1796.0,16,17,1,1.0,True,True,LOO_BENEFIT_DISAPPEARS,True
T10_NEG0.40R_MFE0.30R,20260923-2221-100530,False,0.0,1195.0,True,1195.0,-601.0,1796.0,16,17,1,1.0,True,True,LOO_BENEFIT_DISAPPEARS,True
T10_NEG0.40R_MFE0.30R,20260923-2033-113900,False,0.0,1195.0,True,1195.0,-601.0,1796.0,16,17,1,1.0,True,True,LOO_BENEFIT_DISAPPEARS,True
T10_NEG0.40R_MFE0.30R,20260923-3605-121730,False,0.0,1195.0,True,1195.0,-601.0,1796.0,16,17,1,1.0,True,True,LOO_BENEFIT_DISAPPEARS,True
T10_NEG0.40R_MFE0.30R,20260923-6168-124430,True,-601.0,1796.0,True,1195.0,-601.0,1796.0,16,17,1,1.0,True,True,LOO_BENEFIT_DISAPPEARS,True
T10_NEG0.40R_MFE0.30R,20260923-2409-130930,True,0.0,1195.0,True,1195.0,-601.0,1796.0,16,17,1,1.0,True,True,LOO_BENEFIT_DISAPPEARS,True
T10_NEG0.40R_MFE0.30R,20260924-2409-090900,False,0.0,1195.0,True,1195.0,-601.0,1796.0,16,17,1,1.0,True,True,LOO_BENEFIT_DISAPPEARS,True
T10_NEG0.40R_MFE0.30R,20260924-3605-090900,False,0.0,1195.0,True,1195.0,-601.0,1796.0,16,17,1,1.0,True,True,LOO_BENEFIT_DISAPPEARS,True
T10_NEG0.40R_MFE0.30R,20260924-2033-091030,False,0.0,1195.0,True,1195.0,-601.0,1796.0,16,17,1,1.0,True,True,LOO_BENEFIT_DISAPPEARS,True
T10_NEG0.40R_MFE0.30R,20260924-4956-093400,False,0.0,1195.0,True,1195.0,-601.0,1796.0,16,17,1,1.0,True,True,LOO_BENEFIT_DISAPPEARS,True
T10_NEG0.40R_MFE0.30R,20260924-3624-115700,False,0.0,1195.0,True,1195.0,-601.0,1796.0,16,17,1,1.0,True,True,LOO_BENEFIT_DISAPPEARS,True
T10_NEG0.40R_MFE0.30R,20260924-6456-131000,False,0.0,1195.0,True,1195.0,-601.0,1796.0,16,17,1,1.0,True,True,LOO_BENEFIT_DISAPPEARS,True
T10_NEG0.40R_MFE0.40R,20260922-1709-093200,False,0.0,1195.0,True,1195.0,-601.0,1796.0,16,17,1,1.0,True,True,LOO_BENEFIT_DISAPPEARS,True
T10_NEG0.40R_MFE0.40R,20260923-3229-092830,False,0.0,1195.0,True,1195.0,-601.0,1796.0,16,17,1,1.0,True,True,LOO_BENEFIT_DISAPPEARS,True
T10_NEG0.40R_MFE0.40R,20260923-8111-093300,True,1796.0,-601.0,False,1195.0,-601.0,1796.0,16,17,1,1.0,True,True,LOO_BENEFIT_DISAPPEARS,True
T10_NEG0.40R_MFE0.40R,20260923-3094-094300,False,0.0,1195.0,True,1195.0,-601.0,1796.0,16,17,1,1.0,True,True,LOO_BENEFIT_DISAPPEARS,True
T10_NEG0.40R_MFE0.40R,20260923-4956-095730,False,0.0,1195.0,True,1195.0,-601.0,1796.0,16,17,1,1.0,True,True,LOO_BENEFIT_DISAPPEARS,True
T10_NEG0.40R_MFE0.40R,20260923-1709-095830,False,0.0,1195.0,True,1195.0,-601.0,1796.0,16,17,1,1.0,True,True,LOO_BENEFIT_DISAPPEARS,True
T10_NEG0.40R_MFE0.40R,20260923-2221-100530,False,0.0,1195.0,True,1195.0,-601.0,1796.0,16,17,1,1.0,True,True,LOO_BENEFIT_DISAPPEARS,True
T10_NEG0.40R_MFE0.40R,20260923-2033-113900,False,0.0,1195.0,True,1195.0,-601.0,1796.0,16,17,1,1.0,True,True,LOO_BENEFIT_DISAPPEARS,True
T10_NEG0.40R_MFE0.40R,20260923-3605-121730,False,0.0,1195.0,True,1195.0,-601.0,1796.0,16,17,1,1.0,True,True,LOO_BENEFIT_DISAPPEARS,True
T10_NEG0.40R_MFE0.40R,20260923-6168-124430,True,-601.0,1796.0,True,1195.0,-601.0,1796.0,16,17,1,1.0,True,True,LOO_BENEFIT_DISAPPEARS,True
T10_NEG0.40R_MFE0.40R,20260923-2409-130930,True,0.0,1195.0,True,1195.0,-601.0,1796.0,16,17,1,1.0,True,True,LOO_BENEFIT_DISAPPEARS,True
T10_NEG0.40R_MFE0.40R,20260924-2409-090900,False,0.0,1195.0,True,1195.0,-601.0,1796.0,16,17,1,1.0,True,True,LOO_BENEFIT_DISAPPEARS,True
T10_NEG0.40R_MFE0.40R,20260924-3605-090900,False,0.0,1195.0,True,1195.0,-601.0,1796.0,16,17,1,1.0,True,True,LOO_BENEFIT_DISAPPEARS,True
T10_NEG0.40R_MFE0.40R,20260924-2033-091030,False,0.0,1195.0,True,1195.0,-601.0,1796.0,16,17,1,1.0,True,True,LOO_BENEFIT_DISAPPEARS,True
T10_NEG0.40R_MFE0.40R,20260924-4956-093400,False,0.0,1195.0,True,1195.0,-601.0,1796.0,16,17,1,1.0,True,True,LOO_BENEFIT_DISAPPEARS,True
T10_NEG0.40R_MFE0.40R,20260924-3624-115700,False,0.0,1195.0,True,1195.0,-601.0,1796.0,16,17,1,1.0,True,True,LOO_BENEFIT_DISAPPEARS,True
T10_NEG0.40R_MFE0.40R,20260924-6456-131000,False,0.0,1195.0,True,1195.0,-601.0,1796.0,16,17,1,1.0,True,True,LOO_BENEFIT_DISAPPEARS,True
T10_NEG0.40R_MFE0.50R,20260922-1709-093200,False,0.0,1195.0,True,1195.0,-601.0,1796.0,16,17,1,1.0,True,True,LOO_BENEFIT_DISAPPEARS,True
T10_NEG0.40R_MFE0.50R,20260923-3229-092830,False,0.0,1195.0,True,1195.0,-601.0,1796.0,16,17,1,1.0,True,True,LOO_BENEFIT_DISAPPEARS,True
T10_NEG0.40R_MFE0.50R,20260923-8111-093300,True,1796.0,-601.0,False,1195.0,-601.0,1796.0,16,17,1,1.0,True,True,LOO_BENEFIT_DISAPPEARS,True
T10_NEG0.40R_MFE0.50R,20260923-3094-094300,False,0.0,1195.0,True,1195.0,-601.0,1796.0,16,17,1,1.0,True,True,LOO_BENEFIT_DISAPPEARS,True
T10_NEG0.40R_MFE0.50R,20260923-4956-095730,False,0.0,1195.0,True,1195.0,-601.0,1796.0,16,17,1,1.0,True,True,LOO_BENEFIT_DISAPPEARS,True
T10_NEG0.40R_MFE0.50R,20260923-1709-095830,False,0.0,1195.0,True,1195.0,-601.0,1796.0,16,17,1,1.0,True,True,LOO_BENEFIT_DISAPPEARS,True
T10_NEG0.40R_MFE0.50R,20260923-2221-100530,False,0.0,1195.0,True,1195.0,-601.0,1796.0,16,17,1,1.0,True,True,LOO_BENEFIT_DISAPPEARS,True
T10_NEG0.40R_MFE0.50R,20260923-2033-113900,False,0.0,1195.0,True,1195.0,-601.0,1796.0,16,17,1,1.0,True,True,LOO_BENEFIT_DISAPPEARS,True
T10_NEG0.40R_MFE0.50R,20260923-3605-121730,False,0.0,1195.0,True,1195.0,-601.0,1796.0,16,17,1,1.0,True,True,LOO_BENEFIT_DISAPPEARS,True
T10_NEG0.40R_MFE0.50R,20260923-6168-124430,True,-601.0,1796.0,True,1195.0,-601.0,1796.0,16,17,1,1.0,True,True,LOO_BENEFIT_DISAPPEARS,True
T10_NEG0.40R_MFE0.50R,20260923-2409-130930,True,0.0,1195.0,True,1195.0,-601.0,1796.0,16,17,1,1.0,True,True,LOO_BENEFIT_DISAPPEARS,True
T10_NEG0.40R_MFE0.50R,20260924-2409-090900,False,0.0,1195.0,True,1195.0,-601.0,1796.0,16,17,1,1.0,True,True,LOO_BENEFIT_DISAPPEARS,True
T10_NEG0.40R_MFE0.50R,20260924-3605-090900,False,0.0,1195.0,True,1195.0,-601.0,1796.0,16,17,1,1.0,True,True,LOO_BENEFIT_DISAPPEARS,True
T10_NEG0.40R_MFE0.50R,20260924-2033-091030,False,0.0,1195.0,True,1195.0,-601.0,1796.0,16,17,1,1.0,True,True,LOO_BENEFIT_DISAPPEARS,True
T10_NEG0.40R_MFE0.50R,20260924-4956-093400,False,0.0,1195.0,True,1195.0,-601.0,1796.0,16,17,1,1.0,True,True,LOO_BENEFIT_DISAPPEARS,True
T10_NEG0.40R_MFE0.50R,20260924-3624-115700,False,0.0,1195.0,True,1195.0,-601.0,1796.0,16,17,1,1.0,True,True,LOO_BENEFIT_DISAPPEARS,True
T10_NEG0.40R_MFE0.50R,20260924-6456-131000,False,0.0,1195.0,True,1195.0,-601.0,1796.0,16,17,1,1.0,True,True,LOO_BENEFIT_DISAPPEARS,True
T10_NEG0.50R_MFE0.10R,20260922-1709-093200,False,0.0,1195.0,True,1195.0,-601.0,1796.0,16,17,1,1.0,True,True,LOO_BENEFIT_DISAPPEARS,True
T10_NEG0.50R_MFE0.10R,20260923-3229-092830,False,0.0,1195.0,True,1195.0,-601.0,1796.0,16,17,1,1.0,True,True,LOO_BENEFIT_DISAPPEARS,True
T10_NEG0.50R_MFE0.10R,20260923-8111-093300,True,1796.0,-601.0,False,1195.0,-601.0,1796.0,16,17,1,1.0,True,True,LOO_BENEFIT_DISAPPEARS,True
T10_NEG0.50R_MFE0.10R,20260923-3094-094300,False,0.0,1195.0,True,1195.0,-601.0,1796.0,16,17,1,1.0,True,True,LOO_BENEFIT_DISAPPEARS,True
T10_NEG0.50R_MFE0.10R,20260923-4956-095730,False,0.0,1195.0,True,1195.0,-601.0,1796.0,16,17,1,1.0,True,True,LOO_BENEFIT_DISAPPEARS,True
T10_NEG0.50R_MFE0.10R,20260923-1709-095830,False,0.0,1195.0,True,1195.0,-601.0,1796.0,16,17,1,1.0,True,True,LOO_BENEFIT_DISAPPEARS,True
T10_NEG0.50R_MFE0.10R,20260923-2221-100530,False,0.0,1195.0,True,1195.0,-601.0,1796.0,16,17,1,1.0,True,True,LOO_BENEFIT_DISAPPEARS,True
T10_NEG0.50R_MFE0.10R,20260923-2033-113900,False,0.0,1195.0,True,1195.0,-601.0,1796.0,16,17,1,1.0,True,True,LOO_BENEFIT_DISAPPEARS,True
T10_NEG0.50R_MFE0.10R,20260923-3605-121730,False,0.0,1195.0,True,1195.0,-601.0,1796.0,16,17,1,1.0,True,True,LOO_BENEFIT_DISAPPEARS,True
T10_NEG0.50R_MFE0.10R,20260923-6168-124430,True,-601.0,1796.0,True,1195.0,-601.0,1796.0,16,17,1,1.0,True,True,LOO_BENEFIT_DISAPPEARS,True
T10_NEG0.50R_MFE0.10R,20260923-2409-130930,False,0.0,1195.0,True,1195.0,-601.0,1796.0,16,17,1,1.0,True,True,LOO_BENEFIT_DISAPPEARS,True
T10_NEG0.50R_MFE0.10R,20260924-2409-090900,False,0.0,1195.0,True,1195.0,-601.0,1796.0,16,17,1,1.0,True,True,LOO_BENEFIT_DISAPPEARS,True
T10_NEG0.50R_MFE0.10R,20260924-3605-090900,False,0.0,1195.0,True,1195.0,-601.0,1796.0,16,17,1,1.0,True,True,LOO_BENEFIT_DISAPPEARS,True
T10_NEG0.50R_MFE0.10R,20260924-2033-091030,False,0.0,1195.0,True,1195.0,-601.0,1796.0,16,17,1,1.0,True,True,LOO_BENEFIT_DISAPPEARS,True
T10_NEG0.50R_MFE0.10R,20260924-4956-093400,False,0.0,1195.0,True,1195.0,-601.0,1796.0,16,17,1,1.0,True,True,LOO_BENEFIT_DISAPPEARS,True
T10_NEG0.50R_MFE0.10R,20260924-3624-115700,False,0.0,1195.0,True,1195.0,-601.0,1796.0,16,17,1,1.0,True,True,LOO_BENEFIT_DISAPPEARS,True
T10_NEG0.50R_MFE0.10R,20260924-6456-131000,False,0.0,1195.0,True,1195.0,-601.0,1796.0,16,17,1,1.0,True,True,LOO_BENEFIT_DISAPPEARS,True
T10_NEG0.50R_MFE0.20R,20260922-1709-093200,False,0.0,1195.0,True,1195.0,-601.0,1796.0,16,17,1,1.0,True,True,LOO_BENEFIT_DISAPPEARS,True
T10_NEG0.50R_MFE0.20R,20260923-3229-092830,False,0.0,1195.0,True,1195.0,-601.0,1796.0,16,17,1,1.0,True,True,LOO_BENEFIT_DISAPPEARS,True
T10_NEG0.50R_MFE0.20R,20260923-8111-093300,True,1796.0,-601.0,False,1195.0,-601.0,1796.0,16,17,1,1.0,True,True,LOO_BENEFIT_DISAPPEARS,True
T10_NEG0.50R_MFE0.20R,20260923-3094-094300,False,0.0,1195.0,True,1195.0,-601.0,1796.0,16,17,1,1.0,True,True,LOO_BENEFIT_DISAPPEARS,True
T10_NEG0.50R_MFE0.20R,20260923-4956-095730,False,0.0,1195.0,True,1195.0,-601.0,1796.0,16,17,1,1.0,True,True,LOO_BENEFIT_DISAPPEARS,True
T10_NEG0.50R_MFE0.20R,20260923-1709-095830,False,0.0,1195.0,True,1195.0,-601.0,1796.0,16,17,1,1.0,True,True,LOO_BENEFIT_DISAPPEARS,True
T10_NEG0.50R_MFE0.20R,20260923-2221-100530,False,0.0,1195.0,True,1195.0,-601.0,1796.0,16,17,1,1.0,True,True,LOO_BENEFIT_DISAPPEARS,True
T10_NEG0.50R_MFE0.20R,20260923-2033-113900,False,0.0,1195.0,True,1195.0,-601.0,1796.0,16,17,1,1.0,True,True,LOO_BENEFIT_DISAPPEARS,True
T10_NEG0.50R_MFE0.20R,20260923-3605-121730,False,0.0,1195.0,True,1195.0,-601.0,1796.0,16,17,1,1.0,True,True,LOO_BENEFIT_DISAPPEARS,True
T10_NEG0.50R_MFE0.20R,20260923-6168-124430,True,-601.0,1796.0,True,1195.0,-601.0,1796.0,16,17,1,1.0,True,True,LOO_BENEFIT_DISAPPEARS,True
T10_NEG0.50R_MFE0.20R,20260923-2409-130930,False,0.0,1195.0,True,1195.0,-601.0,1796.0,16,17,1,1.0,True,True,LOO_BENEFIT_DISAPPEARS,True
T10_NEG0.50R_MFE0.20R,20260924-2409-090900,False,0.0,1195.0,True,1195.0,-601.0,1796.0,16,17,1,1.0,True,True,LOO_BENEFIT_DISAPPEARS,True
T10_NEG0.50R_MFE0.20R,20260924-3605-090900,False,0.0,1195.0,True,1195.0,-601.0,1796.0,16,17,1,1.0,True,True,LOO_BENEFIT_DISAPPEARS,True
T10_NEG0.50R_MFE0.20R,20260924-2033-091030,False,0.0,1195.0,True,1195.0,-601.0,1796.0,16,17,1,1.0,True,True,LOO_BENEFIT_DISAPPEARS,True
T10_NEG0.50R_MFE0.20R,20260924-4956-093400,False,0.0,1195.0,True,1195.0,-601.0,1796.0,16,17,1,1.0,True,True,LOO_BENEFIT_DISAPPEARS,True
T10_NEG0.50R_MFE0.20R,20260924-3624-115700,False,0.0,1195.0,True,1195.0,-601.0,1796.0,16,17,1,1.0,True,True,LOO_BENEFIT_DISAPPEARS,True
T10_NEG0.50R_MFE0.20R,20260924-6456-131000,False,0.0,1195.0,True,1195.0,-601.0,1796.0,16,17,1,1.0,True,True,LOO_BENEFIT_DISAPPEARS,True
T10_NEG0.50R_MFE0.30R,20260922-1709-093200,False,0.0,1195.0,True,1195.0,-601.0,1796.0,16,17,1,1.0,True,True,LOO_BENEFIT_DISAPPEARS,True
T10_NEG0.50R_MFE0.30R,20260923-3229-092830,False,0.0,1195.0,True,1195.0,-601.0,1796.0,16,17,1,1.0,True,True,LOO_BENEFIT_DISAPPEARS,True
T10_NEG0.50R_MFE0.30R,20260923-8111-093300,True,1796.0,-601.0,False,1195.0,-601.0,1796.0,16,17,1,1.0,True,True,LOO_BENEFIT_DISAPPEARS,True
T10_NEG0.50R_MFE0.30R,20260923-3094-094300,False,0.0,1195.0,True,1195.0,-601.0,1796.0,16,17,1,1.0,True,True,LOO_BENEFIT_DISAPPEARS,True
T10_NEG0.50R_MFE0.30R,20260923-4956-095730,False,0.0,1195.0,True,1195.0,-601.0,1796.0,16,17,1,1.0,True,True,LOO_BENEFIT_DISAPPEARS,True
T10_NEG0.50R_MFE0.30R,20260923-1709-095830,False,0.0,1195.0,True,1195.0,-601.0,1796.0,16,17,1,1.0,True,True,LOO_BENEFIT_DISAPPEARS,True
T10_NEG0.50R_MFE0.30R,20260923-2221-100530,False,0.0,1195.0,True,1195.0,-601.0,1796.0,16,17,1,1.0,True,True,LOO_BENEFIT_DISAPPEARS,True
T10_NEG0.50R_MFE0.30R,20260923-2033-113900,False,0.0,1195.0,True,1195.0,-601.0,1796.0,16,17,1,1.0,True,True,LOO_BENEFIT_DISAPPEARS,True
T10_NEG0.50R_MFE0.30R,20260923-3605-121730,False,0.0,1195.0,True,1195.0,-601.0,1796.0,16,17,1,1.0,True,True,LOO_BENEFIT_DISAPPEARS,True
T10_NEG0.50R_MFE0.30R,20260923-6168-124430,True,-601.0,1796.0,True,1195.0,-601.0,1796.0,16,17,1,1.0,True,True,LOO_BENEFIT_DISAPPEARS,True
T10_NEG0.50R_MFE0.30R,20260923-2409-130930,False,0.0,1195.0,True,1195.0,-601.0,1796.0,16,17,1,1.0,True,True,LOO_BENEFIT_DISAPPEARS,True
T10_NEG0.50R_MFE0.30R,20260924-2409-090900,False,0.0,1195.0,True,1195.0,-601.0,1796.0,16,17,1,1.0,True,True,LOO_BENEFIT_DISAPPEARS,True
T10_NEG0.50R_MFE0.30R,20260924-3605-090900,False,0.0,1195.0,True,1195.0,-601.0,1796.0,16,17,1,1.0,True,True,LOO_BENEFIT_DISAPPEARS,True
T10_NEG0.50R_MFE0.30R,20260924-2033-091030,False,0.0,1195.0,True,1195.0,-601.0,1796.0,16,17,1,1.0,True,True,LOO_BENEFIT_DISAPPEARS,True
T10_NEG0.50R_MFE0.30R,20260924-4956-093400,False,0.0,1195.0,True,1195.0,-601.0,1796.0,16,17,1,1.0,True,True,LOO_BENEFIT_DISAPPEARS,True
T10_NEG0.50R_MFE0.30R,20260924-3624-115700,False,0.0,1195.0,True,1195.0,-601.0,1796.0,16,17,1,1.0,True,True,LOO_BENEFIT_DISAPPEARS,True
T10_NEG0.50R_MFE0.30R,20260924-6456-131000,False,0.0,1195.0,True,1195.0,-601.0,1796.0,16,17,1,1.0,True,True,LOO_BENEFIT_DISAPPEARS,True
T10_NEG0.50R_MFE0.40R,20260922-1709-093200,False,0.0,1195.0,True,1195.0,-601.0,1796.0,16,17,1,1.0,True,True,LOO_BENEFIT_DISAPPEARS,True
T10_NEG0.50R_MFE0.40R,20260923-3229-092830,False,0.0,1195.0,True,1195.0,-601.0,1796.0,16,17,1,1.0,True,True,LOO_BENEFIT_DISAPPEARS,True
T10_NEG0.50R_MFE0.40R,20260923-8111-093300,True,1796.0,-601.0,False,1195.0,-601.0,1796.0,16,17,1,1.0,True,True,LOO_BENEFIT_DISAPPEARS,True
T10_NEG0.50R_MFE0.40R,20260923-3094-094300,False,0.0,1195.0,True,1195.0,-601.0,1796.0,16,17,1,1.0,True,True,LOO_BENEFIT_DISAPPEARS,True
T10_NEG0.50R_MFE0.40R,20260923-4956-095730,False,0.0,1195.0,True,1195.0,-601.0,1796.0,16,17,1,1.0,True,True,LOO_BENEFIT_DISAPPEARS,True
T10_NEG0.50R_MFE0.40R,20260923-1709-095830,False,0.0,1195.0,True,1195.0,-601.0,1796.0,16,17,1,1.0,True,True,LOO_BENEFIT_DISAPPEARS,True
T10_NEG0.50R_MFE0.40R,20260923-2221-100530,False,0.0,1195.0,True,1195.0,-601.0,1796.0,16,17,1,1.0,True,True,LOO_BENEFIT_DISAPPEARS,True
T10_NEG0.50R_MFE0.40R,20260923-2033-113900,False,0.0,1195.0,True,1195.0,-601.0,1796.0,16,17,1,1.0,True,True,LOO_BENEFIT_DISAPPEARS,True
T10_NEG0.50R_MFE0.40R,20260923-3605-121730,False,0.0,1195.0,True,1195.0,-601.0,1796.0,16,17,1,1.0,True,True,LOO_BENEFIT_DISAPPEARS,True
T10_NEG0.50R_MFE0.40R,20260923-6168-124430,True,-601.0,1796.0,True,1195.0,-601.0,1796.0,16,17,1,1.0,True,True,LOO_BENEFIT_DISAPPEARS,True
T10_NEG0.50R_MFE0.40R,20260923-2409-130930,False,0.0,1195.0,True,1195.0,-601.0,1796.0,16,17,1,1.0,True,True,LOO_BENEFIT_DISAPPEARS,True
T10_NEG0.50R_MFE0.40R,20260924-2409-090900,False,0.0,1195.0,True,1195.0,-601.0,1796.0,16,17,1,1.0,True,True,LOO_BENEFIT_DISAPPEARS,True
T10_NEG0.50R_MFE0.40R,20260924-3605-090900,False,0.0,1195.0,True,1195.0,-601.0,1796.0,16,17,1,1.0,True,True,LOO_BENEFIT_DISAPPEARS,True
T10_NEG0.50R_MFE0.40R,20260924-2033-091030,False,0.0,1195.0,True,1195.0,-601.0,1796.0,16,17,1,1.0,True,True,LOO_BENEFIT_DISAPPEARS,True
T10_NEG0.50R_MFE0.40R,20260924-4956-093400,False,0.0,1195.0,True,1195.0,-601.0,1796.0,16,17,1,1.0,True,True,LOO_BENEFIT_DISAPPEARS,True
T10_NEG0.50R_MFE0.40R,20260924-3624-115700,False,0.0,1195.0,True,1195.0,-601.0,1796.0,16,17,1,1.0,True,True,LOO_BENEFIT_DISAPPEARS,True
T10_NEG0.50R_MFE0.40R,20260924-6456-131000,False,0.0,1195.0,True,1195.0,-601.0,1796.0,16,17,1,1.0,True,True,LOO_BENEFIT_DISAPPEARS,True
T10_NEG0.50R_MFE0.50R,20260922-1709-093200,False,0.0,1195.0,True,1195.0,-601.0,1796.0,16,17,1,1.0,True,True,LOO_BENEFIT_DISAPPEARS,True
T10_NEG0.50R_MFE0.50R,20260923-3229-092830,False,0.0,1195.0,True,1195.0,-601.0,1796.0,16,17,1,1.0,True,True,LOO_BENEFIT_DISAPPEARS,True
T10_NEG0.50R_MFE0.50R,20260923-8111-093300,True,1796.0,-601.0,False,1195.0,-601.0,1796.0,16,17,1,1.0,True,True,LOO_BENEFIT_DISAPPEARS,True
T10_NEG0.50R_MFE0.50R,20260923-3094-094300,False,0.0,1195.0,True,1195.0,-601.0,1796.0,16,17,1,1.0,True,True,LOO_BENEFIT_DISAPPEARS,True
T10_NEG0.50R_MFE0.50R,20260923-4956-095730,False,0.0,1195.0,True,1195.0,-601.0,1796.0,16,17,1,1.0,True,True,LOO_BENEFIT_DISAPPEARS,True
T10_NEG0.50R_MFE0.50R,20260923-1709-095830,False,0.0,1195.0,True,1195.0,-601.0,1796.0,16,17,1,1.0,True,True,LOO_BENEFIT_DISAPPEARS,True
T10_NEG0.50R_MFE0.50R,20260923-2221-100530,False,0.0,1195.0,True,1195.0,-601.0,1796.0,16,17,1,1.0,True,True,LOO_BENEFIT_DISAPPEARS,True
T10_NEG0.50R_MFE0.50R,20260923-2033-113900,False,0.0,1195.0,True,1195.0,-601.0,1796.0,16,17,1,1.0,True,True,LOO_BENEFIT_DISAPPEARS,True
T10_NEG0.50R_MFE0.50R,20260923-3605-121730,False,0.0,1195.0,True,1195.0,-601.0,1796.0,16,17,1,1.0,True,True,LOO_BENEFIT_DISAPPEARS,True
T10_NEG0.50R_MFE0.50R,20260923-6168-124430,True,-601.0,1796.0,True,1195.0,-601.0,1796.0,16,17,1,1.0,True,True,LOO_BENEFIT_DISAPPEARS,True
T10_NEG0.50R_MFE0.50R,20260923-2409-130930,False,0.0,1195.0,True,1195.0,-601.0,1796.0,16,17,1,1.0,True,True,LOO_BENEFIT_DISAPPEARS,True
T10_NEG0.50R_MFE0.50R,20260924-2409-090900,False,0.0,1195.0,True,1195.0,-601.0,1796.0,16,17,1,1.0,True,True,LOO_BENEFIT_DISAPPEARS,True
T10_NEG0.50R_MFE0.50R,20260924-3605-090900,False,0.0,1195.0,True,1195.0,-601.0,1796.0,16,17,1,1.0,True,True,LOO_BENEFIT_DISAPPEARS,True
T10_NEG0.50R_MFE0.50R,20260924-2033-091030,False,0.0,1195.0,True,1195.0,-601.0,1796.0,16,17,1,1.0,True,True,LOO_BENEFIT_DISAPPEARS,True
T10_NEG0.50R_MFE0.50R,20260924-4956-093400,False,0.0,1195.0,True,1195.0,-601.0,1796.0,16,17,1,1.0,True,True,LOO_BENEFIT_DISAPPEARS,True
T10_NEG0.50R_MFE0.50R,20260924-3624-115700,False,0.0,1195.0,True,1195.0,-601.0,1796.0,16,17,1,1.0,True,True,LOO_BENEFIT_DISAPPEARS,True
T10_NEG0.50R_MFE0.50R,20260924-6456-131000,False,0.0,1195.0,True,1195.0,-601.0,1796.0,16,17,1,1.0,True,True,LOO_BENEFIT_DISAPPEARS,True
T10_NEG0.60R_MFE0.10R,20260922-1709-093200,False,0.0,-601.0,False,-601.0,-601.0,0.0,0,17,17,,True,False,LOO_BENEFIT_DISAPPEARS,True
T10_NEG0.60R_MFE0.10R,20260923-3229-092830,False,0.0,-601.0,False,-601.0,-601.0,0.0,0,17,17,,True,False,LOO_BENEFIT_DISAPPEARS,True
T10_NEG0.60R_MFE0.10R,20260923-8111-093300,False,0.0,-601.0,False,-601.0,-601.0,0.0,0,17,17,,True,False,LOO_BENEFIT_DISAPPEARS,True
T10_NEG0.60R_MFE0.10R,20260923-3094-094300,False,0.0,-601.0,False,-601.0,-601.0,0.0,0,17,17,,True,False,LOO_BENEFIT_DISAPPEARS,True
T10_NEG0.60R_MFE0.10R,20260923-4956-095730,False,0.0,-601.0,False,-601.0,-601.0,0.0,0,17,17,,True,False,LOO_BENEFIT_DISAPPEARS,True
T10_NEG0.60R_MFE0.10R,20260923-1709-095830,False,0.0,-601.0,False,-601.0,-601.0,0.0,0,17,17,,True,False,LOO_BENEFIT_DISAPPEARS,True
T10_NEG0.60R_MFE0.10R,20260923-2221-100530,False,0.0,-601.0,False,-601.0,-601.0,0.0,0,17,17,,True,False,LOO_BENEFIT_DISAPPEARS,True
T10_NEG0.60R_MFE0.10R,20260923-2033-113900,False,0.0,-601.0,False,-601.0,-601.0,0.0,0,17,17,,True,False,LOO_BENEFIT_DISAPPEARS,True
T10_NEG0.60R_MFE0.10R,20260923-3605-121730,False,0.0,-601.0,False,-601.0,-601.0,0.0,0,17,17,,True,False,LOO_BENEFIT_DISAPPEARS,True
T10_NEG0.60R_MFE0.10R,20260923-6168-124430,True,-601.0,0.0,False,-601.0,-601.0,0.0,0,17,17,,True,False,LOO_BENEFIT_DISAPPEARS,True
T10_NEG0.60R_MFE0.10R,20260923-2409-130930,False,0.0,-601.0,False,-601.0,-601.0,0.0,0,17,17,,True,False,LOO_BENEFIT_DISAPPEARS,True
T10_NEG0.60R_MFE0.10R,20260924-2409-090900,False,0.0,-601.0,False,-601.0,-601.0,0.0,0,17,17,,True,False,LOO_BENEFIT_DISAPPEARS,True
T10_NEG0.60R_MFE0.10R,20260924-3605-090900,False,0.0,-601.0,False,-601.0,-601.0,0.0,0,17,17,,True,False,LOO_BENEFIT_DISAPPEARS,True
T10_NEG0.60R_MFE0.10R,20260924-2033-091030,False,0.0,-601.0,False,-601.0,-601.0,0.0,0,17,17,,True,False,LOO_BENEFIT_DISAPPEARS,True
T10_NEG0.60R_MFE0.10R,20260924-4956-093400,False,0.0,-601.0,False,-601.0,-601.0,0.0,0,17,17,,True,False,LOO_BENEFIT_DISAPPEARS,True
T10_NEG0.60R_MFE0.10R,20260924-3624-115700,False,0.0,-601.0,False,-601.0,-601.0,0.0,0,17,17,,True,False,LOO_BENEFIT_DISAPPEARS,True
T10_NEG0.60R_MFE0.10R,20260924-6456-131000,False,0.0,-601.0,False,-601.0,-601.0,0.0,0,17,17,,True,False,LOO_BENEFIT_DISAPPEARS,True
T10_NEG0.60R_MFE0.20R,20260922-1709-093200,False,0.0,-601.0,False,-601.0,-601.0,0.0,0,17,17,,True,False,LOO_BENEFIT_DISAPPEARS,True
T10_NEG0.60R_MFE0.20R,20260923-3229-092830,False,0.0,-601.0,False,-601.0,-601.0,0.0,0,17,17,,True,False,LOO_BENEFIT_DISAPPEARS,True
T10_NEG0.60R_MFE0.20R,20260923-8111-093300,False,0.0,-601.0,False,-601.0,-601.0,0.0,0,17,17,,True,False,LOO_BENEFIT_DISAPPEARS,True
T10_NEG0.60R_MFE0.20R,20260923-3094-094300,False,0.0,-601.0,False,-601.0,-601.0,0.0,0,17,17,,True,False,LOO_BENEFIT_DISAPPEARS,True
T10_NEG0.60R_MFE0.20R,20260923-4956-095730,False,0.0,-601.0,False,-601.0,-601.0,0.0,0,17,17,,True,False,LOO_BENEFIT_DISAPPEARS,True
T10_NEG0.60R_MFE0.20R,20260923-1709-095830,False,0.0,-601.0,False,-601.0,-601.0,0.0,0,17,17,,True,False,LOO_BENEFIT_DISAPPEARS,True
T10_NEG0.60R_MFE0.20R,20260923-2221-100530,False,0.0,-601.0,False,-601.0,-601.0,0.0,0,17,17,,True,False,LOO_BENEFIT_DISAPPEARS,True
T10_NEG0.60R_MFE0.20R,20260923-2033-113900,False,0.0,-601.0,False,-601.0,-601.0,0.0,0,17,17,,True,False,LOO_BENEFIT_DISAPPEARS,True
T10_NEG0.60R_MFE0.20R,20260923-3605-121730,False,0.0,-601.0,False,-601.0,-601.0,0.0,0,17,17,,True,False,LOO_BENEFIT_DISAPPEARS,True
T10_NEG0.60R_MFE0.20R,20260923-6168-124430,True,-601.0,0.0,False,-601.0,-601.0,0.0,0,17,17,,True,False,LOO_BENEFIT_DISAPPEARS,True
T10_NEG0.60R_MFE0.20R,20260923-2409-130930,False,0.0,-601.0,False,-601.0,-601.0,0.0,0,17,17,,True,False,LOO_BENEFIT_DISAPPEARS,True
T10_NEG0.60R_MFE0.20R,20260924-2409-090900,False,0.0,-601.0,False,-601.0,-601.0,0.0,0,17,17,,True,False,LOO_BENEFIT_DISAPPEARS,True
T10_NEG0.60R_MFE0.20R,20260924-3605-090900,False,0.0,-601.0,False,-601.0,-601.0,0.0,0,17,17,,True,False,LOO_BENEFIT_DISAPPEARS,True
T10_NEG0.60R_MFE0.20R,20260924-2033-091030,False,0.0,-601.0,False,-601.0,-601.0,0.0,0,17,17,,True,False,LOO_BENEFIT_DISAPPEARS,True
T10_NEG0.60R_MFE0.20R,20260924-4956-093400,False,0.0,-601.0,False,-601.0,-601.0,0.0,0,17,17,,True,False,LOO_BENEFIT_DISAPPEARS,True
T10_NEG0.60R_MFE0.20R,20260924-3624-115700,False,0.0,-601.0,False,-601.0,-601.0,0.0,0,17,17,,True,False,LOO_BENEFIT_DISAPPEARS,True
T10_NEG0.60R_MFE0.20R,20260924-6456-131000,False,0.0,-601.0,False,-601.0,-601.0,0.0,0,17,17,,True,False,LOO_BENEFIT_DISAPPEARS,True
T10_NEG0.60R_MFE0.30R,20260922-1709-093200,False,0.0,-601.0,False,-601.0,-601.0,0.0,0,17,17,,True,False,LOO_BENEFIT_DISAPPEARS,True
T10_NEG0.60R_MFE0.30R,20260923-3229-092830,False,0.0,-601.0,False,-601.0,-601.0,0.0,0,17,17,,True,False,LOO_BENEFIT_DISAPPEARS,True
T10_NEG0.60R_MFE0.30R,20260923-8111-093300,False,0.0,-601.0,False,-601.0,-601.0,0.0,0,17,17,,True,False,LOO_BENEFIT_DISAPPEARS,True
T10_NEG0.60R_MFE0.30R,20260923-3094-094300,False,0.0,-601.0,False,-601.0,-601.0,0.0,0,17,17,,True,False,LOO_BENEFIT_DISAPPEARS,True
T10_NEG0.60R_MFE0.30R,20260923-4956-095730,False,0.0,-601.0,False,-601.0,-601.0,0.0,0,17,17,,True,False,LOO_BENEFIT_DISAPPEARS,True
T10_NEG0.60R_MFE0.30R,20260923-1709-095830,False,0.0,-601.0,False,-601.0,-601.0,0.0,0,17,17,,True,False,LOO_BENEFIT_DISAPPEARS,True
T10_NEG0.60R_MFE0.30R,20260923-2221-100530,False,0.0,-601.0,False,-601.0,-601.0,0.0,0,17,17,,True,False,LOO_BENEFIT_DISAPPEARS,True
T10_NEG0.60R_MFE0.30R,20260923-2033-113900,False,0.0,-601.0,False,-601.0,-601.0,0.0,0,17,17,,True,False,LOO_BENEFIT_DISAPPEARS,True
T10_NEG0.60R_MFE0.30R,20260923-3605-121730,False,0.0,-601.0,False,-601.0,-601.0,0.0,0,17,17,,True,False,LOO_BENEFIT_DISAPPEARS,True
T10_NEG0.60R_MFE0.30R,20260923-6168-124430,True,-601.0,0.0,False,-601.0,-601.0,0.0,0,17,17,,True,False,LOO_BENEFIT_DISAPPEARS,True
T10_NEG0.60R_MFE0.30R,20260923-2409-130930,False,0.0,-601.0,False,-601.0,-601.0,0.0,0,17,17,,True,False,LOO_BENEFIT_DISAPPEARS,True
T10_NEG0.60R_MFE0.30R,20260924-2409-090900,False,0.0,-601.0,False,-601.0,-601.0,0.0,0,17,17,,True,False,LOO_BENEFIT_DISAPPEARS,True
T10_NEG0.60R_MFE0.30R,20260924-3605-090900,False,0.0,-601.0,False,-601.0,-601.0,0.0,0,17,17,,True,False,LOO_BENEFIT_DISAPPEARS,True
T10_NEG0.60R_MFE0.30R,20260924-2033-091030,False,0.0,-601.0,False,-601.0,-601.0,0.0,0,17,17,,True,False,LOO_BENEFIT_DISAPPEARS,True
T10_NEG0.60R_MFE0.30R,20260924-4956-093400,False,0.0,-601.0,False,-601.0,-601.0,0.0,0,17,17,,True,False,LOO_BENEFIT_DISAPPEARS,True
T10_NEG0.60R_MFE0.30R,20260924-3624-115700,False,0.0,-601.0,False,-601.0,-601.0,0.0,0,17,17,,True,False,LOO_BENEFIT_DISAPPEARS,True
T10_NEG0.60R_MFE0.30R,20260924-6456-131000,False,0.0,-601.0,False,-601.0,-601.0,0.0,0,17,17,,True,False,LOO_BENEFIT_DISAPPEARS,True
T10_NEG0.60R_MFE0.40R,20260922-1709-093200,False,0.0,-601.0,False,-601.0,-601.0,0.0,0,17,17,,True,False,LOO_BENEFIT_DISAPPEARS,True
T10_NEG0.60R_MFE0.40R,20260923-3229-092830,False,0.0,-601.0,False,-601.0,-601.0,0.0,0,17,17,,True,False,LOO_BENEFIT_DISAPPEARS,True
T10_NEG0.60R_MFE0.40R,20260923-8111-093300,False,0.0,-601.0,False,-601.0,-601.0,0.0,0,17,17,,True,False,LOO_BENEFIT_DISAPPEARS,True
T10_NEG0.60R_MFE0.40R,20260923-3094-094300,False,0.0,-601.0,False,-601.0,-601.0,0.0,0,17,17,,True,False,LOO_BENEFIT_DISAPPEARS,True
T10_NEG0.60R_MFE0.40R,20260923-4956-095730,False,0.0,-601.0,False,-601.0,-601.0,0.0,0,17,17,,True,False,LOO_BENEFIT_DISAPPEARS,True
T10_NEG0.60R_MFE0.40R,20260923-1709-095830,False,0.0,-601.0,False,-601.0,-601.0,0.0,0,17,17,,True,False,LOO_BENEFIT_DISAPPEARS,True
T10_NEG0.60R_MFE0.40R,20260923-2221-100530,False,0.0,-601.0,False,-601.0,-601.0,0.0,0,17,17,,True,False,LOO_BENEFIT_DISAPPEARS,True
T10_NEG0.60R_MFE0.40R,20260923-2033-113900,False,0.0,-601.0,False,-601.0,-601.0,0.0,0,17,17,,True,False,LOO_BENEFIT_DISAPPEARS,True
T10_NEG0.60R_MFE0.40R,20260923-3605-121730,False,0.0,-601.0,False,-601.0,-601.0,0.0,0,17,17,,True,False,LOO_BENEFIT_DISAPPEARS,True
T10_NEG0.60R_MFE0.40R,20260923-6168-124430,True,-601.0,0.0,False,-601.0,-601.0,0.0,0,17,17,,True,False,LOO_BENEFIT_DISAPPEARS,True
T10_NEG0.60R_MFE0.40R,20260923-2409-130930,False,0.0,-601.0,False,-601.0,-601.0,0.0,0,17,17,,True,False,LOO_BENEFIT_DISAPPEARS,True
T10_NEG0.60R_MFE0.40R,20260924-2409-090900,False,0.0,-601.0,False,-601.0,-601.0,0.0,0,17,17,,True,False,LOO_BENEFIT_DISAPPEARS,True
T10_NEG0.60R_MFE0.40R,20260924-3605-090900,False,0.0,-601.0,False,-601.0,-601.0,0.0,0,17,17,,True,False,LOO_BENEFIT_DISAPPEARS,True
T10_NEG0.60R_MFE0.40R,20260924-2033-091030,False,0.0,-601.0,False,-601.0,-601.0,0.0,0,17,17,,True,False,LOO_BENEFIT_DISAPPEARS,True
T10_NEG0.60R_MFE0.40R,20260924-4956-093400,False,0.0,-601.0,False,-601.0,-601.0,0.0,0,17,17,,True,False,LOO_BENEFIT_DISAPPEARS,True
T10_NEG0.60R_MFE0.40R,20260924-3624-115700,False,0.0,-601.0,False,-601.0,-601.0,0.0,0,17,17,,True,False,LOO_BENEFIT_DISAPPEARS,True
T10_NEG0.60R_MFE0.40R,20260924-6456-131000,False,0.0,-601.0,False,-601.0,-601.0,0.0,0,17,17,,True,False,LOO_BENEFIT_DISAPPEARS,True
T10_NEG0.60R_MFE0.50R,20260922-1709-093200,False,0.0,-601.0,False,-601.0,-601.0,0.0,0,17,17,,True,False,LOO_BENEFIT_DISAPPEARS,True
T10_NEG0.60R_MFE0.50R,20260923-3229-092830,False,0.0,-601.0,False,-601.0,-601.0,0.0,0,17,17,,True,False,LOO_BENEFIT_DISAPPEARS,True
T10_NEG0.60R_MFE0.50R,20260923-8111-093300,False,0.0,-601.0,False,-601.0,-601.0,0.0,0,17,17,,True,False,LOO_BENEFIT_DISAPPEARS,True
T10_NEG0.60R_MFE0.50R,20260923-3094-094300,False,0.0,-601.0,False,-601.0,-601.0,0.0,0,17,17,,True,False,LOO_BENEFIT_DISAPPEARS,True
T10_NEG0.60R_MFE0.50R,20260923-4956-095730,False,0.0,-601.0,False,-601.0,-601.0,0.0,0,17,17,,True,False,LOO_BENEFIT_DISAPPEARS,True
T10_NEG0.60R_MFE0.50R,20260923-1709-095830,False,0.0,-601.0,False,-601.0,-601.0,0.0,0,17,17,,True,False,LOO_BENEFIT_DISAPPEARS,True
T10_NEG0.60R_MFE0.50R,20260923-2221-100530,False,0.0,-601.0,False,-601.0,-601.0,0.0,0,17,17,,True,False,LOO_BENEFIT_DISAPPEARS,True
T10_NEG0.60R_MFE0.50R,20260923-2033-113900,False,0.0,-601.0,False,-601.0,-601.0,0.0,0,17,17,,True,False,LOO_BENEFIT_DISAPPEARS,True
T10_NEG0.60R_MFE0.50R,20260923-3605-121730,False,0.0,-601.0,False,-601.0,-601.0,0.0,0,17,17,,True,False,LOO_BENEFIT_DISAPPEARS,True
T10_NEG0.60R_MFE0.50R,20260923-6168-124430,True,-601.0,0.0,False,-601.0,-601.0,0.0,0,17,17,,True,False,LOO_BENEFIT_DISAPPEARS,True
T10_NEG0.60R_MFE0.50R,20260923-2409-130930,False,0.0,-601.0,False,-601.0,-601.0,0.0,0,17,17,,True,False,LOO_BENEFIT_DISAPPEARS,True
T10_NEG0.60R_MFE0.50R,20260924-2409-090900,False,0.0,-601.0,False,-601.0,-601.0,0.0,0,17,17,,True,False,LOO_BENEFIT_DISAPPEARS,True
T10_NEG0.60R_MFE0.50R,20260924-3605-090900,False,0.0,-601.0,False,-601.0,-601.0,0.0,0,17,17,,True,False,LOO_BENEFIT_DISAPPEARS,True
T10_NEG0.60R_MFE0.50R,20260924-2033-091030,False,0.0,-601.0,False,-601.0,-601.0,0.0,0,17,17,,True,False,LOO_BENEFIT_DISAPPEARS,True
T10_NEG0.60R_MFE0.50R,20260924-4956-093400,False,0.0,-601.0,False,-601.0,-601.0,0.0,0,17,17,,True,False,LOO_BENEFIT_DISAPPEARS,True
T10_NEG0.60R_MFE0.50R,20260924-3624-115700,False,0.0,-601.0,False,-601.0,-601.0,0.0,0,17,17,,True,False,LOO_BENEFIT_DISAPPEARS,True
T10_NEG0.60R_MFE0.50R,20260924-6456-131000,False,0.0,-601.0,False,-601.0,-601.0,0.0,0,17,17,,True,False,LOO_BENEFIT_DISAPPEARS,True
T15_NEG0.20R_MFE0.10R,20260922-1709-093200,False,0.0,999.0,True,999.0,0.0,999.0,16,17,1,1.0,True,True,LOO_BENEFIT_DISAPPEARS,True
T15_NEG0.20R_MFE0.10R,20260923-3229-092830,False,0.0,999.0,True,999.0,0.0,999.0,16,17,1,1.0,True,True,LOO_BENEFIT_DISAPPEARS,True
T15_NEG0.20R_MFE0.10R,20260923-8111-093300,False,0.0,999.0,True,999.0,0.0,999.0,16,17,1,1.0,True,True,LOO_BENEFIT_DISAPPEARS,True
T15_NEG0.20R_MFE0.10R,20260923-3094-094300,False,0.0,999.0,True,999.0,0.0,999.0,16,17,1,1.0,True,True,LOO_BENEFIT_DISAPPEARS,True
T15_NEG0.20R_MFE0.10R,20260923-4956-095730,False,0.0,999.0,True,999.0,0.0,999.0,16,17,1,1.0,True,True,LOO_BENEFIT_DISAPPEARS,True
T15_NEG0.20R_MFE0.10R,20260923-1709-095830,False,0.0,999.0,True,999.0,0.0,999.0,16,17,1,1.0,True,True,LOO_BENEFIT_DISAPPEARS,True
T15_NEG0.20R_MFE0.10R,20260923-2221-100530,False,0.0,999.0,True,999.0,0.0,999.0,16,17,1,1.0,True,True,LOO_BENEFIT_DISAPPEARS,True
T15_NEG0.20R_MFE0.10R,20260923-2033-113900,False,0.0,999.0,True,999.0,0.0,999.0,16,17,1,1.0,True,True,LOO_BENEFIT_DISAPPEARS,True
T15_NEG0.20R_MFE0.10R,20260923-3605-121730,False,0.0,999.0,True,999.0,0.0,999.0,16,17,1,1.0,True,True,LOO_BENEFIT_DISAPPEARS,True
T15_NEG0.20R_MFE0.10R,20260923-6168-124430,False,0.0,999.0,True,999.0,0.0,999.0,16,17,1,1.0,True,True,LOO_BENEFIT_DISAPPEARS,True
T15_NEG0.20R_MFE0.10R,20260923-2409-130930,False,0.0,999.0,True,999.0,0.0,999.0,16,17,1,1.0,True,True,LOO_BENEFIT_DISAPPEARS,True
T15_NEG0.20R_MFE0.10R,20260924-2409-090900,False,0.0,999.0,True,999.0,0.0,999.0,16,17,1,1.0,True,True,LOO_BENEFIT_DISAPPEARS,True
T15_NEG0.20R_MFE0.10R,20260924-3605-090900,False,0.0,999.0,True,999.0,0.0,999.0,16,17,1,1.0,True,True,LOO_BENEFIT_DISAPPEARS,True
T15_NEG0.20R_MFE0.10R,20260924-2033-091030,False,0.0,999.0,True,999.0,0.0,999.0,16,17,1,1.0,True,True,LOO_BENEFIT_DISAPPEARS,True
T15_NEG0.20R_MFE0.10R,20260924-4956-093400,False,0.0,999.0,True,999.0,0.0,999.0,16,17,1,1.0,True,True,LOO_BENEFIT_DISAPPEARS,True
T15_NEG0.20R_MFE0.10R,20260924-3624-115700,True,999.0,0.0,False,999.0,0.0,999.0,16,17,1,1.0,True,True,LOO_BENEFIT_DISAPPEARS,True
T15_NEG0.20R_MFE0.10R,20260924-6456-131000,False,0.0,999.0,True,999.0,0.0,999.0,16,17,1,1.0,True,True,LOO_BENEFIT_DISAPPEARS,True
T15_NEG0.20R_MFE0.20R,20260922-1709-093200,False,0.0,499.0,True,499.0,-500.0,999.0,16,17,1,1.0,True,True,LOO_BENEFIT_DISAPPEARS,True
T15_NEG0.20R_MFE0.20R,20260923-3229-092830,False,0.0,499.0,True,499.0,-500.0,999.0,16,17,1,1.0,True,True,LOO_BENEFIT_DISAPPEARS,True
T15_NEG0.20R_MFE0.20R,20260923-8111-093300,False,0.0,499.0,True,499.0,-500.0,999.0,16,17,1,1.0,True,True,LOO_BENEFIT_DISAPPEARS,True
T15_NEG0.20R_MFE0.20R,20260923-3094-094300,False,0.0,499.0,True,499.0,-500.0,999.0,16,17,1,1.0,True,True,LOO_BENEFIT_DISAPPEARS,True
T15_NEG0.20R_MFE0.20R,20260923-4956-095730,False,0.0,499.0,True,499.0,-500.0,999.0,16,17,1,1.0,True,True,LOO_BENEFIT_DISAPPEARS,True
T15_NEG0.20R_MFE0.20R,20260923-1709-095830,False,0.0,499.0,True,499.0,-500.0,999.0,16,17,1,1.0,True,True,LOO_BENEFIT_DISAPPEARS,True
T15_NEG0.20R_MFE0.20R,20260923-2221-100530,False,0.0,499.0,True,499.0,-500.0,999.0,16,17,1,1.0,True,True,LOO_BENEFIT_DISAPPEARS,True
T15_NEG0.20R_MFE0.20R,20260923-2033-113900,False,0.0,499.0,True,499.0,-500.0,999.0,16,17,1,1.0,True,True,LOO_BENEFIT_DISAPPEARS,True
T15_NEG0.20R_MFE0.20R,20260923-3605-121730,False,0.0,499.0,True,499.0,-500.0,999.0,16,17,1,1.0,True,True,LOO_BENEFIT_DISAPPEARS,True
T15_NEG0.20R_MFE0.20R,20260923-6168-124430,False,0.0,499.0,True,499.0,-500.0,999.0,16,17,1,1.0,True,True,LOO_BENEFIT_DISAPPEARS,True
T15_NEG0.20R_MFE0.20R,20260923-2409-130930,False,0.0,499.0,True,499.0,-500.0,999.0,16,17,1,1.0,True,True,LOO_BENEFIT_DISAPPEARS,True
T15_NEG0.20R_MFE0.20R,20260924-2409-090900,False,0.0,499.0,True,499.0,-500.0,999.0,16,17,1,1.0,True,True,LOO_BENEFIT_DISAPPEARS,True
T15_NEG0.20R_MFE0.20R,20260924-3605-090900,True,-500.0,999.0,True,499.0,-500.0,999.0,16,17,1,1.0,True,True,LOO_BENEFIT_DISAPPEARS,True
T15_NEG0.20R_MFE0.20R,20260924-2033-091030,False,0.0,499.0,True,499.0,-500.0,999.0,16,17,1,1.0,True,True,LOO_BENEFIT_DISAPPEARS,True
T15_NEG0.20R_MFE0.20R,20260924-4956-093400,False,0.0,499.0,True,499.0,-500.0,999.0,16,17,1,1.0,True,True,LOO_BENEFIT_DISAPPEARS,True
T15_NEG0.20R_MFE0.20R,20260924-3624-115700,True,999.0,-500.0,False,499.0,-500.0,999.0,16,17,1,1.0,True,True,LOO_BENEFIT_DISAPPEARS,True
T15_NEG0.20R_MFE0.20R,20260924-6456-131000,False,0.0,499.0,True,499.0,-500.0,999.0,16,17,1,1.0,True,True,LOO_BENEFIT_DISAPPEARS,True
T15_NEG0.20R_MFE0.30R,20260922-1709-093200,False,0.0,499.0,True,499.0,-500.0,999.0,16,17,1,1.0,True,True,LOO_BENEFIT_DISAPPEARS,True
T15_NEG0.20R_MFE0.30R,20260923-3229-092830,False,0.0,499.0,True,499.0,-500.0,999.0,16,17,1,1.0,True,True,LOO_BENEFIT_DISAPPEARS,True
T15_NEG0.20R_MFE0.30R,20260923-8111-093300,False,0.0,499.0,True,499.0,-500.0,999.0,16,17,1,1.0,True,True,LOO_BENEFIT_DISAPPEARS,True
T15_NEG0.20R_MFE0.30R,20260923-3094-094300,False,0.0,499.0,True,499.0,-500.0,999.0,16,17,1,1.0,True,True,LOO_BENEFIT_DISAPPEARS,True
T15_NEG0.20R_MFE0.30R,20260923-4956-095730,False,0.0,499.0,True,499.0,-500.0,999.0,16,17,1,1.0,True,True,LOO_BENEFIT_DISAPPEARS,True
T15_NEG0.20R_MFE0.30R,20260923-1709-095830,False,0.0,499.0,True,499.0,-500.0,999.0,16,17,1,1.0,True,True,LOO_BENEFIT_DISAPPEARS,True
T15_NEG0.20R_MFE0.30R,20260923-2221-100530,False,0.0,499.0,True,499.0,-500.0,999.0,16,17,1,1.0,True,True,LOO_BENEFIT_DISAPPEARS,True
T15_NEG0.20R_MFE0.30R,20260923-2033-113900,False,0.0,499.0,True,499.0,-500.0,999.0,16,17,1,1.0,True,True,LOO_BENEFIT_DISAPPEARS,True
T15_NEG0.20R_MFE0.30R,20260923-3605-121730,False,0.0,499.0,True,499.0,-500.0,999.0,16,17,1,1.0,True,True,LOO_BENEFIT_DISAPPEARS,True
T15_NEG0.20R_MFE0.30R,20260923-6168-124430,False,0.0,499.0,True,499.0,-500.0,999.0,16,17,1,1.0,True,True,LOO_BENEFIT_DISAPPEARS,True
T15_NEG0.20R_MFE0.30R,20260923-2409-130930,False,0.0,499.0,True,499.0,-500.0,999.0,16,17,1,1.0,True,True,LOO_BENEFIT_DISAPPEARS,True
T15_NEG0.20R_MFE0.30R,20260924-2409-090900,False,0.0,499.0,True,499.0,-500.0,999.0,16,17,1,1.0,True,True,LOO_BENEFIT_DISAPPEARS,True
T15_NEG0.20R_MFE0.30R,20260924-3605-090900,True,-500.0,999.0,True,499.0,-500.0,999.0,16,17,1,1.0,True,True,LOO_BENEFIT_DISAPPEARS,True
T15_NEG0.20R_MFE0.30R,20260924-2033-091030,False,0.0,499.0,True,499.0,-500.0,999.0,16,17,1,1.0,True,True,LOO_BENEFIT_DISAPPEARS,True
T15_NEG0.20R_MFE0.30R,20260924-4956-093400,False,0.0,499.0,True,499.0,-500.0,999.0,16,17,1,1.0,True,True,LOO_BENEFIT_DISAPPEARS,True
T15_NEG0.20R_MFE0.30R,20260924-3624-115700,True,999.0,-500.0,False,499.0,-500.0,999.0,16,17,1,1.0,True,True,LOO_BENEFIT_DISAPPEARS,True
T15_NEG0.20R_MFE0.30R,20260924-6456-131000,False,0.0,499.0,True,499.0,-500.0,999.0,16,17,1,1.0,True,True,LOO_BENEFIT_DISAPPEARS,True
T15_NEG0.20R_MFE0.40R,20260922-1709-093200,False,0.0,499.0,True,499.0,-500.0,999.0,16,17,1,1.0,True,True,LOO_BENEFIT_DISAPPEARS,True
T15_NEG0.20R_MFE0.40R,20260923-3229-092830,False,0.0,499.0,True,499.0,-500.0,999.0,16,17,1,1.0,True,True,LOO_BENEFIT_DISAPPEARS,True
T15_NEG0.20R_MFE0.40R,20260923-8111-093300,False,0.0,499.0,True,499.0,-500.0,999.0,16,17,1,1.0,True,True,LOO_BENEFIT_DISAPPEARS,True
T15_NEG0.20R_MFE0.40R,20260923-3094-094300,False,0.0,499.0,True,499.0,-500.0,999.0,16,17,1,1.0,True,True,LOO_BENEFIT_DISAPPEARS,True
T15_NEG0.20R_MFE0.40R,20260923-4956-095730,False,0.0,499.0,True,499.0,-500.0,999.0,16,17,1,1.0,True,True,LOO_BENEFIT_DISAPPEARS,True
T15_NEG0.20R_MFE0.40R,20260923-1709-095830,False,0.0,499.0,True,499.0,-500.0,999.0,16,17,1,1.0,True,True,LOO_BENEFIT_DISAPPEARS,True
T15_NEG0.20R_MFE0.40R,20260923-2221-100530,False,0.0,499.0,True,499.0,-500.0,999.0,16,17,1,1.0,True,True,LOO_BENEFIT_DISAPPEARS,True
T15_NEG0.20R_MFE0.40R,20260923-2033-113900,False,0.0,499.0,True,499.0,-500.0,999.0,16,17,1,1.0,True,True,LOO_BENEFIT_DISAPPEARS,True
T15_NEG0.20R_MFE0.40R,20260923-3605-121730,False,0.0,499.0,True,499.0,-500.0,999.0,16,17,1,1.0,True,True,LOO_BENEFIT_DISAPPEARS,True
T15_NEG0.20R_MFE0.40R,20260923-6168-124430,False,0.0,499.0,True,499.0,-500.0,999.0,16,17,1,1.0,True,True,LOO_BENEFIT_DISAPPEARS,True
T15_NEG0.20R_MFE0.40R,20260923-2409-130930,False,0.0,499.0,True,499.0,-500.0,999.0,16,17,1,1.0,True,True,LOO_BENEFIT_DISAPPEARS,True
T15_NEG0.20R_MFE0.40R,20260924-2409-090900,False,0.0,499.0,True,499.0,-500.0,999.0,16,17,1,1.0,True,True,LOO_BENEFIT_DISAPPEARS,True
T15_NEG0.20R_MFE0.40R,20260924-3605-090900,True,-500.0,999.0,True,499.0,-500.0,999.0,16,17,1,1.0,True,True,LOO_BENEFIT_DISAPPEARS,True
T15_NEG0.20R_MFE0.40R,20260924-2033-091030,False,0.0,499.0,True,499.0,-500.0,999.0,16,17,1,1.0,True,True,LOO_BENEFIT_DISAPPEARS,True
T15_NEG0.20R_MFE0.40R,20260924-4956-093400,False,0.0,499.0,True,499.0,-500.0,999.0,16,17,1,1.0,True,True,LOO_BENEFIT_DISAPPEARS,True
T15_NEG0.20R_MFE0.40R,20260924-3624-115700,True,999.0,-500.0,False,499.0,-500.0,999.0,16,17,1,1.0,True,True,LOO_BENEFIT_DISAPPEARS,True
T15_NEG0.20R_MFE0.40R,20260924-6456-131000,False,0.0,499.0,True,499.0,-500.0,999.0,16,17,1,1.0,True,True,LOO_BENEFIT_DISAPPEARS,True
T15_NEG0.20R_MFE0.50R,20260922-1709-093200,False,0.0,499.0,True,499.0,-500.0,999.0,16,17,1,1.0,True,True,LOO_BENEFIT_DISAPPEARS,True
T15_NEG0.20R_MFE0.50R,20260923-3229-092830,False,0.0,499.0,True,499.0,-500.0,999.0,16,17,1,1.0,True,True,LOO_BENEFIT_DISAPPEARS,True
T15_NEG0.20R_MFE0.50R,20260923-8111-093300,False,0.0,499.0,True,499.0,-500.0,999.0,16,17,1,1.0,True,True,LOO_BENEFIT_DISAPPEARS,True
T15_NEG0.20R_MFE0.50R,20260923-3094-094300,False,0.0,499.0,True,499.0,-500.0,999.0,16,17,1,1.0,True,True,LOO_BENEFIT_DISAPPEARS,True
T15_NEG0.20R_MFE0.50R,20260923-4956-095730,False,0.0,499.0,True,499.0,-500.0,999.0,16,17,1,1.0,True,True,LOO_BENEFIT_DISAPPEARS,True
T15_NEG0.20R_MFE0.50R,20260923-1709-095830,False,0.0,499.0,True,499.0,-500.0,999.0,16,17,1,1.0,True,True,LOO_BENEFIT_DISAPPEARS,True
T15_NEG0.20R_MFE0.50R,20260923-2221-100530,False,0.0,499.0,True,499.0,-500.0,999.0,16,17,1,1.0,True,True,LOO_BENEFIT_DISAPPEARS,True
T15_NEG0.20R_MFE0.50R,20260923-2033-113900,False,0.0,499.0,True,499.0,-500.0,999.0,16,17,1,1.0,True,True,LOO_BENEFIT_DISAPPEARS,True
T15_NEG0.20R_MFE0.50R,20260923-3605-121730,False,0.0,499.0,True,499.0,-500.0,999.0,16,17,1,1.0,True,True,LOO_BENEFIT_DISAPPEARS,True
T15_NEG0.20R_MFE0.50R,20260923-6168-124430,False,0.0,499.0,True,499.0,-500.0,999.0,16,17,1,1.0,True,True,LOO_BENEFIT_DISAPPEARS,True
T15_NEG0.20R_MFE0.50R,20260923-2409-130930,False,0.0,499.0,True,499.0,-500.0,999.0,16,17,1,1.0,True,True,LOO_BENEFIT_DISAPPEARS,True
T15_NEG0.20R_MFE0.50R,20260924-2409-090900,False,0.0,499.0,True,499.0,-500.0,999.0,16,17,1,1.0,True,True,LOO_BENEFIT_DISAPPEARS,True
T15_NEG0.20R_MFE0.50R,20260924-3605-090900,True,-500.0,999.0,True,499.0,-500.0,999.0,16,17,1,1.0,True,True,LOO_BENEFIT_DISAPPEARS,True
T15_NEG0.20R_MFE0.50R,20260924-2033-091030,False,0.0,499.0,True,499.0,-500.0,999.0,16,17,1,1.0,True,True,LOO_BENEFIT_DISAPPEARS,True
T15_NEG0.20R_MFE0.50R,20260924-4956-093400,False,0.0,499.0,True,499.0,-500.0,999.0,16,17,1,1.0,True,True,LOO_BENEFIT_DISAPPEARS,True
T15_NEG0.20R_MFE0.50R,20260924-3624-115700,True,999.0,-500.0,False,499.0,-500.0,999.0,16,17,1,1.0,True,True,LOO_BENEFIT_DISAPPEARS,True
T15_NEG0.20R_MFE0.50R,20260924-6456-131000,False,0.0,499.0,True,499.0,-500.0,999.0,16,17,1,1.0,True,True,LOO_BENEFIT_DISAPPEARS,True
T15_NEG0.30R_MFE0.10R,20260922-1709-093200,False,0.0,999.0,True,999.0,0.0,999.0,16,17,1,1.0,True,True,LOO_BENEFIT_DISAPPEARS,True
T15_NEG0.30R_MFE0.10R,20260923-3229-092830,False,0.0,999.0,True,999.0,0.0,999.0,16,17,1,1.0,True,True,LOO_BENEFIT_DISAPPEARS,True
T15_NEG0.30R_MFE0.10R,20260923-8111-093300,False,0.0,999.0,True,999.0,0.0,999.0,16,17,1,1.0,True,True,LOO_BENEFIT_DISAPPEARS,True
T15_NEG0.30R_MFE0.10R,20260923-3094-094300,False,0.0,999.0,True,999.0,0.0,999.0,16,17,1,1.0,True,True,LOO_BENEFIT_DISAPPEARS,True
T15_NEG0.30R_MFE0.10R,20260923-4956-095730,False,0.0,999.0,True,999.0,0.0,999.0,16,17,1,1.0,True,True,LOO_BENEFIT_DISAPPEARS,True
T15_NEG0.30R_MFE0.10R,20260923-1709-095830,False,0.0,999.0,True,999.0,0.0,999.0,16,17,1,1.0,True,True,LOO_BENEFIT_DISAPPEARS,True
T15_NEG0.30R_MFE0.10R,20260923-2221-100530,False,0.0,999.0,True,999.0,0.0,999.0,16,17,1,1.0,True,True,LOO_BENEFIT_DISAPPEARS,True
T15_NEG0.30R_MFE0.10R,20260923-2033-113900,False,0.0,999.0,True,999.0,0.0,999.0,16,17,1,1.0,True,True,LOO_BENEFIT_DISAPPEARS,True
T15_NEG0.30R_MFE0.10R,20260923-3605-121730,False,0.0,999.0,True,999.0,0.0,999.0,16,17,1,1.0,True,True,LOO_BENEFIT_DISAPPEARS,True
T15_NEG0.30R_MFE0.10R,20260923-6168-124430,False,0.0,999.0,True,999.0,0.0,999.0,16,17,1,1.0,True,True,LOO_BENEFIT_DISAPPEARS,True
T15_NEG0.30R_MFE0.10R,20260923-2409-130930,False,0.0,999.0,True,999.0,0.0,999.0,16,17,1,1.0,True,True,LOO_BENEFIT_DISAPPEARS,True
T15_NEG0.30R_MFE0.10R,20260924-2409-090900,False,0.0,999.0,True,999.0,0.0,999.0,16,17,1,1.0,True,True,LOO_BENEFIT_DISAPPEARS,True
T15_NEG0.30R_MFE0.10R,20260924-3605-090900,False,0.0,999.0,True,999.0,0.0,999.0,16,17,1,1.0,True,True,LOO_BENEFIT_DISAPPEARS,True
T15_NEG0.30R_MFE0.10R,20260924-2033-091030,False,0.0,999.0,True,999.0,0.0,999.0,16,17,1,1.0,True,True,LOO_BENEFIT_DISAPPEARS,True
T15_NEG0.30R_MFE0.10R,20260924-4956-093400,False,0.0,999.0,True,999.0,0.0,999.0,16,17,1,1.0,True,True,LOO_BENEFIT_DISAPPEARS,True
T15_NEG0.30R_MFE0.10R,20260924-3624-115700,True,999.0,0.0,False,999.0,0.0,999.0,16,17,1,1.0,True,True,LOO_BENEFIT_DISAPPEARS,True
T15_NEG0.30R_MFE0.10R,20260924-6456-131000,False,0.0,999.0,True,999.0,0.0,999.0,16,17,1,1.0,True,True,LOO_BENEFIT_DISAPPEARS,True
T15_NEG0.30R_MFE0.20R,20260922-1709-093200,False,0.0,499.0,True,499.0,-500.0,999.0,16,17,1,1.0,True,True,LOO_BENEFIT_DISAPPEARS,True
T15_NEG0.30R_MFE0.20R,20260923-3229-092830,False,0.0,499.0,True,499.0,-500.0,999.0,16,17,1,1.0,True,True,LOO_BENEFIT_DISAPPEARS,True
T15_NEG0.30R_MFE0.20R,20260923-8111-093300,False,0.0,499.0,True,499.0,-500.0,999.0,16,17,1,1.0,True,True,LOO_BENEFIT_DISAPPEARS,True
T15_NEG0.30R_MFE0.20R,20260923-3094-094300,False,0.0,499.0,True,499.0,-500.0,999.0,16,17,1,1.0,True,True,LOO_BENEFIT_DISAPPEARS,True
T15_NEG0.30R_MFE0.20R,20260923-4956-095730,False,0.0,499.0,True,499.0,-500.0,999.0,16,17,1,1.0,True,True,LOO_BENEFIT_DISAPPEARS,True
T15_NEG0.30R_MFE0.20R,20260923-1709-095830,False,0.0,499.0,True,499.0,-500.0,999.0,16,17,1,1.0,True,True,LOO_BENEFIT_DISAPPEARS,True
T15_NEG0.30R_MFE0.20R,20260923-2221-100530,False,0.0,499.0,True,499.0,-500.0,999.0,16,17,1,1.0,True,True,LOO_BENEFIT_DISAPPEARS,True
T15_NEG0.30R_MFE0.20R,20260923-2033-113900,False,0.0,499.0,True,499.0,-500.0,999.0,16,17,1,1.0,True,True,LOO_BENEFIT_DISAPPEARS,True
T15_NEG0.30R_MFE0.20R,20260923-3605-121730,False,0.0,499.0,True,499.0,-500.0,999.0,16,17,1,1.0,True,True,LOO_BENEFIT_DISAPPEARS,True
T15_NEG0.30R_MFE0.20R,20260923-6168-124430,False,0.0,499.0,True,499.0,-500.0,999.0,16,17,1,1.0,True,True,LOO_BENEFIT_DISAPPEARS,True
T15_NEG0.30R_MFE0.20R,20260923-2409-130930,False,0.0,499.0,True,499.0,-500.0,999.0,16,17,1,1.0,True,True,LOO_BENEFIT_DISAPPEARS,True
T15_NEG0.30R_MFE0.20R,20260924-2409-090900,False,0.0,499.0,True,499.0,-500.0,999.0,16,17,1,1.0,True,True,LOO_BENEFIT_DISAPPEARS,True
T15_NEG0.30R_MFE0.20R,20260924-3605-090900,True,-500.0,999.0,True,499.0,-500.0,999.0,16,17,1,1.0,True,True,LOO_BENEFIT_DISAPPEARS,True
T15_NEG0.30R_MFE0.20R,20260924-2033-091030,False,0.0,499.0,True,499.0,-500.0,999.0,16,17,1,1.0,True,True,LOO_BENEFIT_DISAPPEARS,True
T15_NEG0.30R_MFE0.20R,20260924-4956-093400,False,0.0,499.0,True,499.0,-500.0,999.0,16,17,1,1.0,True,True,LOO_BENEFIT_DISAPPEARS,True
T15_NEG0.30R_MFE0.20R,20260924-3624-115700,True,999.0,-500.0,False,499.0,-500.0,999.0,16,17,1,1.0,True,True,LOO_BENEFIT_DISAPPEARS,True
T15_NEG0.30R_MFE0.20R,20260924-6456-131000,False,0.0,499.0,True,499.0,-500.0,999.0,16,17,1,1.0,True,True,LOO_BENEFIT_DISAPPEARS,True
T15_NEG0.30R_MFE0.30R,20260922-1709-093200,False,0.0,499.0,True,499.0,-500.0,999.0,16,17,1,1.0,True,True,LOO_BENEFIT_DISAPPEARS,True
T15_NEG0.30R_MFE0.30R,20260923-3229-092830,False,0.0,499.0,True,499.0,-500.0,999.0,16,17,1,1.0,True,True,LOO_BENEFIT_DISAPPEARS,True
T15_NEG0.30R_MFE0.30R,20260923-8111-093300,False,0.0,499.0,True,499.0,-500.0,999.0,16,17,1,1.0,True,True,LOO_BENEFIT_DISAPPEARS,True
T15_NEG0.30R_MFE0.30R,20260923-3094-094300,False,0.0,499.0,True,499.0,-500.0,999.0,16,17,1,1.0,True,True,LOO_BENEFIT_DISAPPEARS,True
T15_NEG0.30R_MFE0.30R,20260923-4956-095730,False,0.0,499.0,True,499.0,-500.0,999.0,16,17,1,1.0,True,True,LOO_BENEFIT_DISAPPEARS,True
T15_NEG0.30R_MFE0.30R,20260923-1709-095830,False,0.0,499.0,True,499.0,-500.0,999.0,16,17,1,1.0,True,True,LOO_BENEFIT_DISAPPEARS,True
T15_NEG0.30R_MFE0.30R,20260923-2221-100530,False,0.0,499.0,True,499.0,-500.0,999.0,16,17,1,1.0,True,True,LOO_BENEFIT_DISAPPEARS,True
T15_NEG0.30R_MFE0.30R,20260923-2033-113900,False,0.0,499.0,True,499.0,-500.0,999.0,16,17,1,1.0,True,True,LOO_BENEFIT_DISAPPEARS,True
T15_NEG0.30R_MFE0.30R,20260923-3605-121730,False,0.0,499.0,True,499.0,-500.0,999.0,16,17,1,1.0,True,True,LOO_BENEFIT_DISAPPEARS,True
T15_NEG0.30R_MFE0.30R,20260923-6168-124430,False,0.0,499.0,True,499.0,-500.0,999.0,16,17,1,1.0,True,True,LOO_BENEFIT_DISAPPEARS,True
T15_NEG0.30R_MFE0.30R,20260923-2409-130930,False,0.0,499.0,True,499.0,-500.0,999.0,16,17,1,1.0,True,True,LOO_BENEFIT_DISAPPEARS,True
T15_NEG0.30R_MFE0.30R,20260924-2409-090900,False,0.0,499.0,True,499.0,-500.0,999.0,16,17,1,1.0,True,True,LOO_BENEFIT_DISAPPEARS,True
T15_NEG0.30R_MFE0.30R,20260924-3605-090900,True,-500.0,999.0,True,499.0,-500.0,999.0,16,17,1,1.0,True,True,LOO_BENEFIT_DISAPPEARS,True
T15_NEG0.30R_MFE0.30R,20260924-2033-091030,False,0.0,499.0,True,499.0,-500.0,999.0,16,17,1,1.0,True,True,LOO_BENEFIT_DISAPPEARS,True
T15_NEG0.30R_MFE0.30R,20260924-4956-093400,False,0.0,499.0,True,499.0,-500.0,999.0,16,17,1,1.0,True,True,LOO_BENEFIT_DISAPPEARS,True
T15_NEG0.30R_MFE0.30R,20260924-3624-115700,True,999.0,-500.0,False,499.0,-500.0,999.0,16,17,1,1.0,True,True,LOO_BENEFIT_DISAPPEARS,True
T15_NEG0.30R_MFE0.30R,20260924-6456-131000,False,0.0,499.0,True,499.0,-500.0,999.0,16,17,1,1.0,True,True,LOO_BENEFIT_DISAPPEARS,True
T15_NEG0.30R_MFE0.40R,20260922-1709-093200,False,0.0,499.0,True,499.0,-500.0,999.0,16,17,1,1.0,True,True,LOO_BENEFIT_DISAPPEARS,True
T15_NEG0.30R_MFE0.40R,20260923-3229-092830,False,0.0,499.0,True,499.0,-500.0,999.0,16,17,1,1.0,True,True,LOO_BENEFIT_DISAPPEARS,True
T15_NEG0.30R_MFE0.40R,20260923-8111-093300,False,0.0,499.0,True,499.0,-500.0,999.0,16,17,1,1.0,True,True,LOO_BENEFIT_DISAPPEARS,True
T15_NEG0.30R_MFE0.40R,20260923-3094-094300,False,0.0,499.0,True,499.0,-500.0,999.0,16,17,1,1.0,True,True,LOO_BENEFIT_DISAPPEARS,True
T15_NEG0.30R_MFE0.40R,20260923-4956-095730,False,0.0,499.0,True,499.0,-500.0,999.0,16,17,1,1.0,True,True,LOO_BENEFIT_DISAPPEARS,True
T15_NEG0.30R_MFE0.40R,20260923-1709-095830,False,0.0,499.0,True,499.0,-500.0,999.0,16,17,1,1.0,True,True,LOO_BENEFIT_DISAPPEARS,True
T15_NEG0.30R_MFE0.40R,20260923-2221-100530,False,0.0,499.0,True,499.0,-500.0,999.0,16,17,1,1.0,True,True,LOO_BENEFIT_DISAPPEARS,True
T15_NEG0.30R_MFE0.40R,20260923-2033-113900,False,0.0,499.0,True,499.0,-500.0,999.0,16,17,1,1.0,True,True,LOO_BENEFIT_DISAPPEARS,True
T15_NEG0.30R_MFE0.40R,20260923-3605-121730,False,0.0,499.0,True,499.0,-500.0,999.0,16,17,1,1.0,True,True,LOO_BENEFIT_DISAPPEARS,True
T15_NEG0.30R_MFE0.40R,20260923-6168-124430,False,0.0,499.0,True,499.0,-500.0,999.0,16,17,1,1.0,True,True,LOO_BENEFIT_DISAPPEARS,True
T15_NEG0.30R_MFE0.40R,20260923-2409-130930,False,0.0,499.0,True,499.0,-500.0,999.0,16,17,1,1.0,True,True,LOO_BENEFIT_DISAPPEARS,True
T15_NEG0.30R_MFE0.40R,20260924-2409-090900,False,0.0,499.0,True,499.0,-500.0,999.0,16,17,1,1.0,True,True,LOO_BENEFIT_DISAPPEARS,True
T15_NEG0.30R_MFE0.40R,20260924-3605-090900,True,-500.0,999.0,True,499.0,-500.0,999.0,16,17,1,1.0,True,True,LOO_BENEFIT_DISAPPEARS,True
T15_NEG0.30R_MFE0.40R,20260924-2033-091030,False,0.0,499.0,True,499.0,-500.0,999.0,16,17,1,1.0,True,True,LOO_BENEFIT_DISAPPEARS,True
T15_NEG0.30R_MFE0.40R,20260924-4956-093400,False,0.0,499.0,True,499.0,-500.0,999.0,16,17,1,1.0,True,True,LOO_BENEFIT_DISAPPEARS,True
T15_NEG0.30R_MFE0.40R,20260924-3624-115700,True,999.0,-500.0,False,499.0,-500.0,999.0,16,17,1,1.0,True,True,LOO_BENEFIT_DISAPPEARS,True
T15_NEG0.30R_MFE0.40R,20260924-6456-131000,False,0.0,499.0,True,499.0,-500.0,999.0,16,17,1,1.0,True,True,LOO_BENEFIT_DISAPPEARS,True
T15_NEG0.30R_MFE0.50R,20260922-1709-093200,False,0.0,499.0,True,499.0,-500.0,999.0,16,17,1,1.0,True,True,LOO_BENEFIT_DISAPPEARS,True
T15_NEG0.30R_MFE0.50R,20260923-3229-092830,False,0.0,499.0,True,499.0,-500.0,999.0,16,17,1,1.0,True,True,LOO_BENEFIT_DISAPPEARS,True
T15_NEG0.30R_MFE0.50R,20260923-8111-093300,False,0.0,499.0,True,499.0,-500.0,999.0,16,17,1,1.0,True,True,LOO_BENEFIT_DISAPPEARS,True
T15_NEG0.30R_MFE0.50R,20260923-3094-094300,False,0.0,499.0,True,499.0,-500.0,999.0,16,17,1,1.0,True,True,LOO_BENEFIT_DISAPPEARS,True
T15_NEG0.30R_MFE0.50R,20260923-4956-095730,False,0.0,499.0,True,499.0,-500.0,999.0,16,17,1,1.0,True,True,LOO_BENEFIT_DISAPPEARS,True
T15_NEG0.30R_MFE0.50R,20260923-1709-095830,False,0.0,499.0,True,499.0,-500.0,999.0,16,17,1,1.0,True,True,LOO_BENEFIT_DISAPPEARS,True
T15_NEG0.30R_MFE0.50R,20260923-2221-100530,False,0.0,499.0,True,499.0,-500.0,999.0,16,17,1,1.0,True,True,LOO_BENEFIT_DISAPPEARS,True
T15_NEG0.30R_MFE0.50R,20260923-2033-113900,False,0.0,499.0,True,499.0,-500.0,999.0,16,17,1,1.0,True,True,LOO_BENEFIT_DISAPPEARS,True
T15_NEG0.30R_MFE0.50R,20260923-3605-121730,False,0.0,499.0,True,499.0,-500.0,999.0,16,17,1,1.0,True,True,LOO_BENEFIT_DISAPPEARS,True
T15_NEG0.30R_MFE0.50R,20260923-6168-124430,False,0.0,499.0,True,499.0,-500.0,999.0,16,17,1,1.0,True,True,LOO_BENEFIT_DISAPPEARS,True
T15_NEG0.30R_MFE0.50R,20260923-2409-130930,False,0.0,499.0,True,499.0,-500.0,999.0,16,17,1,1.0,True,True,LOO_BENEFIT_DISAPPEARS,True
T15_NEG0.30R_MFE0.50R,20260924-2409-090900,False,0.0,499.0,True,499.0,-500.0,999.0,16,17,1,1.0,True,True,LOO_BENEFIT_DISAPPEARS,True
T15_NEG0.30R_MFE0.50R,20260924-3605-090900,True,-500.0,999.0,True,499.0,-500.0,999.0,16,17,1,1.0,True,True,LOO_BENEFIT_DISAPPEARS,True
T15_NEG0.30R_MFE0.50R,20260924-2033-091030,False,0.0,499.0,True,499.0,-500.0,999.0,16,17,1,1.0,True,True,LOO_BENEFIT_DISAPPEARS,True
T15_NEG0.30R_MFE0.50R,20260924-4956-093400,False,0.0,499.0,True,499.0,-500.0,999.0,16,17,1,1.0,True,True,LOO_BENEFIT_DISAPPEARS,True
T15_NEG0.30R_MFE0.50R,20260924-3624-115700,True,999.0,-500.0,False,499.0,-500.0,999.0,16,17,1,1.0,True,True,LOO_BENEFIT_DISAPPEARS,True
T15_NEG0.30R_MFE0.50R,20260924-6456-131000,False,0.0,499.0,True,499.0,-500.0,999.0,16,17,1,1.0,True,True,LOO_BENEFIT_DISAPPEARS,True
T15_NEG0.40R_MFE0.10R,20260922-1709-093200,False,0.0,999.0,True,999.0,0.0,999.0,16,17,1,1.0,True,True,LOO_BENEFIT_DISAPPEARS,True
T15_NEG0.40R_MFE0.10R,20260923-3229-092830,False,0.0,999.0,True,999.0,0.0,999.0,16,17,1,1.0,True,True,LOO_BENEFIT_DISAPPEARS,True
T15_NEG0.40R_MFE0.10R,20260923-8111-093300,False,0.0,999.0,True,999.0,0.0,999.0,16,17,1,1.0,True,True,LOO_BENEFIT_DISAPPEARS,True
T15_NEG0.40R_MFE0.10R,20260923-3094-094300,False,0.0,999.0,True,999.0,0.0,999.0,16,17,1,1.0,True,True,LOO_BENEFIT_DISAPPEARS,True
T15_NEG0.40R_MFE0.10R,20260923-4956-095730,False,0.0,999.0,True,999.0,0.0,999.0,16,17,1,1.0,True,True,LOO_BENEFIT_DISAPPEARS,True
T15_NEG0.40R_MFE0.10R,20260923-1709-095830,False,0.0,999.0,True,999.0,0.0,999.0,16,17,1,1.0,True,True,LOO_BENEFIT_DISAPPEARS,True
T15_NEG0.40R_MFE0.10R,20260923-2221-100530,False,0.0,999.0,True,999.0,0.0,999.0,16,17,1,1.0,True,True,LOO_BENEFIT_DISAPPEARS,True
T15_NEG0.40R_MFE0.10R,20260923-2033-113900,False,0.0,999.0,True,999.0,0.0,999.0,16,17,1,1.0,True,True,LOO_BENEFIT_DISAPPEARS,True
T15_NEG0.40R_MFE0.10R,20260923-3605-121730,False,0.0,999.0,True,999.0,0.0,999.0,16,17,1,1.0,True,True,LOO_BENEFIT_DISAPPEARS,True
T15_NEG0.40R_MFE0.10R,20260923-6168-124430,False,0.0,999.0,True,999.0,0.0,999.0,16,17,1,1.0,True,True,LOO_BENEFIT_DISAPPEARS,True
T15_NEG0.40R_MFE0.10R,20260923-2409-130930,False,0.0,999.0,True,999.0,0.0,999.0,16,17,1,1.0,True,True,LOO_BENEFIT_DISAPPEARS,True
T15_NEG0.40R_MFE0.10R,20260924-2409-090900,False,0.0,999.0,True,999.0,0.0,999.0,16,17,1,1.0,True,True,LOO_BENEFIT_DISAPPEARS,True
T15_NEG0.40R_MFE0.10R,20260924-3605-090900,False,0.0,999.0,True,999.0,0.0,999.0,16,17,1,1.0,True,True,LOO_BENEFIT_DISAPPEARS,True
T15_NEG0.40R_MFE0.10R,20260924-2033-091030,False,0.0,999.0,True,999.0,0.0,999.0,16,17,1,1.0,True,True,LOO_BENEFIT_DISAPPEARS,True
T15_NEG0.40R_MFE0.10R,20260924-4956-093400,False,0.0,999.0,True,999.0,0.0,999.0,16,17,1,1.0,True,True,LOO_BENEFIT_DISAPPEARS,True
T15_NEG0.40R_MFE0.10R,20260924-3624-115700,True,999.0,0.0,False,999.0,0.0,999.0,16,17,1,1.0,True,True,LOO_BENEFIT_DISAPPEARS,True
T15_NEG0.40R_MFE0.10R,20260924-6456-131000,False,0.0,999.0,True,999.0,0.0,999.0,16,17,1,1.0,True,True,LOO_BENEFIT_DISAPPEARS,True
T15_NEG0.40R_MFE0.20R,20260922-1709-093200,False,0.0,999.0,True,999.0,0.0,999.0,16,17,1,1.0,True,True,LOO_BENEFIT_DISAPPEARS,True
T15_NEG0.40R_MFE0.20R,20260923-3229-092830,False,0.0,999.0,True,999.0,0.0,999.0,16,17,1,1.0,True,True,LOO_BENEFIT_DISAPPEARS,True
T15_NEG0.40R_MFE0.20R,20260923-8111-093300,False,0.0,999.0,True,999.0,0.0,999.0,16,17,1,1.0,True,True,LOO_BENEFIT_DISAPPEARS,True
T15_NEG0.40R_MFE0.20R,20260923-3094-094300,False,0.0,999.0,True,999.0,0.0,999.0,16,17,1,1.0,True,True,LOO_BENEFIT_DISAPPEARS,True
T15_NEG0.40R_MFE0.20R,20260923-4956-095730,False,0.0,999.0,True,999.0,0.0,999.0,16,17,1,1.0,True,True,LOO_BENEFIT_DISAPPEARS,True
T15_NEG0.40R_MFE0.20R,20260923-1709-095830,False,0.0,999.0,True,999.0,0.0,999.0,16,17,1,1.0,True,True,LOO_BENEFIT_DISAPPEARS,True
T15_NEG0.40R_MFE0.20R,20260923-2221-100530,False,0.0,999.0,True,999.0,0.0,999.0,16,17,1,1.0,True,True,LOO_BENEFIT_DISAPPEARS,True
T15_NEG0.40R_MFE0.20R,20260923-2033-113900,False,0.0,999.0,True,999.0,0.0,999.0,16,17,1,1.0,True,True,LOO_BENEFIT_DISAPPEARS,True
T15_NEG0.40R_MFE0.20R,20260923-3605-121730,False,0.0,999.0,True,999.0,0.0,999.0,16,17,1,1.0,True,True,LOO_BENEFIT_DISAPPEARS,True
T15_NEG0.40R_MFE0.20R,20260923-6168-124430,False,0.0,999.0,True,999.0,0.0,999.0,16,17,1,1.0,True,True,LOO_BENEFIT_DISAPPEARS,True
T15_NEG0.40R_MFE0.20R,20260923-2409-130930,False,0.0,999.0,True,999.0,0.0,999.0,16,17,1,1.0,True,True,LOO_BENEFIT_DISAPPEARS,True
T15_NEG0.40R_MFE0.20R,20260924-2409-090900,False,0.0,999.0,True,999.0,0.0,999.0,16,17,1,1.0,True,True,LOO_BENEFIT_DISAPPEARS,True
T15_NEG0.40R_MFE0.20R,20260924-3605-090900,False,0.0,999.0,True,999.0,0.0,999.0,16,17,1,1.0,True,True,LOO_BENEFIT_DISAPPEARS,True
T15_NEG0.40R_MFE0.20R,20260924-2033-091030,False,0.0,999.0,True,999.0,0.0,999.0,16,17,1,1.0,True,True,LOO_BENEFIT_DISAPPEARS,True
T15_NEG0.40R_MFE0.20R,20260924-4956-093400,False,0.0,999.0,True,999.0,0.0,999.0,16,17,1,1.0,True,True,LOO_BENEFIT_DISAPPEARS,True
T15_NEG0.40R_MFE0.20R,20260924-3624-115700,True,999.0,0.0,False,999.0,0.0,999.0,16,17,1,1.0,True,True,LOO_BENEFIT_DISAPPEARS,True
T15_NEG0.40R_MFE0.20R,20260924-6456-131000,False,0.0,999.0,True,999.0,0.0,999.0,16,17,1,1.0,True,True,LOO_BENEFIT_DISAPPEARS,True
T15_NEG0.40R_MFE0.30R,20260922-1709-093200,False,0.0,999.0,True,999.0,0.0,999.0,16,17,1,1.0,True,True,LOO_BENEFIT_DISAPPEARS,True
T15_NEG0.40R_MFE0.30R,20260923-3229-092830,False,0.0,999.0,True,999.0,0.0,999.0,16,17,1,1.0,True,True,LOO_BENEFIT_DISAPPEARS,True
T15_NEG0.40R_MFE0.30R,20260923-8111-093300,False,0.0,999.0,True,999.0,0.0,999.0,16,17,1,1.0,True,True,LOO_BENEFIT_DISAPPEARS,True
T15_NEG0.40R_MFE0.30R,20260923-3094-094300,False,0.0,999.0,True,999.0,0.0,999.0,16,17,1,1.0,True,True,LOO_BENEFIT_DISAPPEARS,True
T15_NEG0.40R_MFE0.30R,20260923-4956-095730,False,0.0,999.0,True,999.0,0.0,999.0,16,17,1,1.0,True,True,LOO_BENEFIT_DISAPPEARS,True
T15_NEG0.40R_MFE0.30R,20260923-1709-095830,False,0.0,999.0,True,999.0,0.0,999.0,16,17,1,1.0,True,True,LOO_BENEFIT_DISAPPEARS,True
T15_NEG0.40R_MFE0.30R,20260923-2221-100530,False,0.0,999.0,True,999.0,0.0,999.0,16,17,1,1.0,True,True,LOO_BENEFIT_DISAPPEARS,True
T15_NEG0.40R_MFE0.30R,20260923-2033-113900,False,0.0,999.0,True,999.0,0.0,999.0,16,17,1,1.0,True,True,LOO_BENEFIT_DISAPPEARS,True
T15_NEG0.40R_MFE0.30R,20260923-3605-121730,False,0.0,999.0,True,999.0,0.0,999.0,16,17,1,1.0,True,True,LOO_BENEFIT_DISAPPEARS,True
T15_NEG0.40R_MFE0.30R,20260923-6168-124430,False,0.0,999.0,True,999.0,0.0,999.0,16,17,1,1.0,True,True,LOO_BENEFIT_DISAPPEARS,True
T15_NEG0.40R_MFE0.30R,20260923-2409-130930,False,0.0,999.0,True,999.0,0.0,999.0,16,17,1,1.0,True,True,LOO_BENEFIT_DISAPPEARS,True
T15_NEG0.40R_MFE0.30R,20260924-2409-090900,False,0.0,999.0,True,999.0,0.0,999.0,16,17,1,1.0,True,True,LOO_BENEFIT_DISAPPEARS,True
T15_NEG0.40R_MFE0.30R,20260924-3605-090900,False,0.0,999.0,True,999.0,0.0,999.0,16,17,1,1.0,True,True,LOO_BENEFIT_DISAPPEARS,True
T15_NEG0.40R_MFE0.30R,20260924-2033-091030,False,0.0,999.0,True,999.0,0.0,999.0,16,17,1,1.0,True,True,LOO_BENEFIT_DISAPPEARS,True
T15_NEG0.40R_MFE0.30R,20260924-4956-093400,False,0.0,999.0,True,999.0,0.0,999.0,16,17,1,1.0,True,True,LOO_BENEFIT_DISAPPEARS,True
T15_NEG0.40R_MFE0.30R,20260924-3624-115700,True,999.0,0.0,False,999.0,0.0,999.0,16,17,1,1.0,True,True,LOO_BENEFIT_DISAPPEARS,True
T15_NEG0.40R_MFE0.30R,20260924-6456-131000,False,0.0,999.0,True,999.0,0.0,999.0,16,17,1,1.0,True,True,LOO_BENEFIT_DISAPPEARS,True
T15_NEG0.40R_MFE0.40R,20260922-1709-093200,False,0.0,999.0,True,999.0,0.0,999.0,16,17,1,1.0,True,True,LOO_BENEFIT_DISAPPEARS,True
T15_NEG0.40R_MFE0.40R,20260923-3229-092830,False,0.0,999.0,True,999.0,0.0,999.0,16,17,1,1.0,True,True,LOO_BENEFIT_DISAPPEARS,True
T15_NEG0.40R_MFE0.40R,20260923-8111-093300,False,0.0,999.0,True,999.0,0.0,999.0,16,17,1,1.0,True,True,LOO_BENEFIT_DISAPPEARS,True
T15_NEG0.40R_MFE0.40R,20260923-3094-094300,False,0.0,999.0,True,999.0,0.0,999.0,16,17,1,1.0,True,True,LOO_BENEFIT_DISAPPEARS,True
T15_NEG0.40R_MFE0.40R,20260923-4956-095730,False,0.0,999.0,True,999.0,0.0,999.0,16,17,1,1.0,True,True,LOO_BENEFIT_DISAPPEARS,True
T15_NEG0.40R_MFE0.40R,20260923-1709-095830,False,0.0,999.0,True,999.0,0.0,999.0,16,17,1,1.0,True,True,LOO_BENEFIT_DISAPPEARS,True
T15_NEG0.40R_MFE0.40R,20260923-2221-100530,False,0.0,999.0,True,999.0,0.0,999.0,16,17,1,1.0,True,True,LOO_BENEFIT_DISAPPEARS,True
T15_NEG0.40R_MFE0.40R,20260923-2033-113900,False,0.0,999.0,True,999.0,0.0,999.0,16,17,1,1.0,True,True,LOO_BENEFIT_DISAPPEARS,True
T15_NEG0.40R_MFE0.40R,20260923-3605-121730,False,0.0,999.0,True,999.0,0.0,999.0,16,17,1,1.0,True,True,LOO_BENEFIT_DISAPPEARS,True
T15_NEG0.40R_MFE0.40R,20260923-6168-124430,False,0.0,999.0,True,999.0,0.0,999.0,16,17,1,1.0,True,True,LOO_BENEFIT_DISAPPEARS,True
T15_NEG0.40R_MFE0.40R,20260923-2409-130930,False,0.0,999.0,True,999.0,0.0,999.0,16,17,1,1.0,True,True,LOO_BENEFIT_DISAPPEARS,True
T15_NEG0.40R_MFE0.40R,20260924-2409-090900,False,0.0,999.0,True,999.0,0.0,999.0,16,17,1,1.0,True,True,LOO_BENEFIT_DISAPPEARS,True
T15_NEG0.40R_MFE0.40R,20260924-3605-090900,False,0.0,999.0,True,999.0,0.0,999.0,16,17,1,1.0,True,True,LOO_BENEFIT_DISAPPEARS,True
T15_NEG0.40R_MFE0.40R,20260924-2033-091030,False,0.0,999.0,True,999.0,0.0,999.0,16,17,1,1.0,True,True,LOO_BENEFIT_DISAPPEARS,True
T15_NEG0.40R_MFE0.40R,20260924-4956-093400,False,0.0,999.0,True,999.0,0.0,999.0,16,17,1,1.0,True,True,LOO_BENEFIT_DISAPPEARS,True
T15_NEG0.40R_MFE0.40R,20260924-3624-115700,True,999.0,0.0,False,999.0,0.0,999.0,16,17,1,1.0,True,True,LOO_BENEFIT_DISAPPEARS,True
T15_NEG0.40R_MFE0.40R,20260924-6456-131000,False,0.0,999.0,True,999.0,0.0,999.0,16,17,1,1.0,True,True,LOO_BENEFIT_DISAPPEARS,True
T15_NEG0.40R_MFE0.50R,20260922-1709-093200,False,0.0,999.0,True,999.0,0.0,999.0,16,17,1,1.0,True,True,LOO_BENEFIT_DISAPPEARS,True
T15_NEG0.40R_MFE0.50R,20260923-3229-092830,False,0.0,999.0,True,999.0,0.0,999.0,16,17,1,1.0,True,True,LOO_BENEFIT_DISAPPEARS,True
T15_NEG0.40R_MFE0.50R,20260923-8111-093300,False,0.0,999.0,True,999.0,0.0,999.0,16,17,1,1.0,True,True,LOO_BENEFIT_DISAPPEARS,True
T15_NEG0.40R_MFE0.50R,20260923-3094-094300,False,0.0,999.0,True,999.0,0.0,999.0,16,17,1,1.0,True,True,LOO_BENEFIT_DISAPPEARS,True
T15_NEG0.40R_MFE0.50R,20260923-4956-095730,False,0.0,999.0,True,999.0,0.0,999.0,16,17,1,1.0,True,True,LOO_BENEFIT_DISAPPEARS,True
T15_NEG0.40R_MFE0.50R,20260923-1709-095830,False,0.0,999.0,True,999.0,0.0,999.0,16,17,1,1.0,True,True,LOO_BENEFIT_DISAPPEARS,True
T15_NEG0.40R_MFE0.50R,20260923-2221-100530,False,0.0,999.0,True,999.0,0.0,999.0,16,17,1,1.0,True,True,LOO_BENEFIT_DISAPPEARS,True
T15_NEG0.40R_MFE0.50R,20260923-2033-113900,False,0.0,999.0,True,999.0,0.0,999.0,16,17,1,1.0,True,True,LOO_BENEFIT_DISAPPEARS,True
T15_NEG0.40R_MFE0.50R,20260923-3605-121730,False,0.0,999.0,True,999.0,0.0,999.0,16,17,1,1.0,True,True,LOO_BENEFIT_DISAPPEARS,True
T15_NEG0.40R_MFE0.50R,20260923-6168-124430,False,0.0,999.0,True,999.0,0.0,999.0,16,17,1,1.0,True,True,LOO_BENEFIT_DISAPPEARS,True
T15_NEG0.40R_MFE0.50R,20260923-2409-130930,False,0.0,999.0,True,999.0,0.0,999.0,16,17,1,1.0,True,True,LOO_BENEFIT_DISAPPEARS,True
T15_NEG0.40R_MFE0.50R,20260924-2409-090900,False,0.0,999.0,True,999.0,0.0,999.0,16,17,1,1.0,True,True,LOO_BENEFIT_DISAPPEARS,True
T15_NEG0.40R_MFE0.50R,20260924-3605-090900,False,0.0,999.0,True,999.0,0.0,999.0,16,17,1,1.0,True,True,LOO_BENEFIT_DISAPPEARS,True
T15_NEG0.40R_MFE0.50R,20260924-2033-091030,False,0.0,999.0,True,999.0,0.0,999.0,16,17,1,1.0,True,True,LOO_BENEFIT_DISAPPEARS,True
T15_NEG0.40R_MFE0.50R,20260924-4956-093400,False,0.0,999.0,True,999.0,0.0,999.0,16,17,1,1.0,True,True,LOO_BENEFIT_DISAPPEARS,True
T15_NEG0.40R_MFE0.50R,20260924-3624-115700,True,999.0,0.0,False,999.0,0.0,999.0,16,17,1,1.0,True,True,LOO_BENEFIT_DISAPPEARS,True
T15_NEG0.40R_MFE0.50R,20260924-6456-131000,False,0.0,999.0,True,999.0,0.0,999.0,16,17,1,1.0,True,True,LOO_BENEFIT_DISAPPEARS,True
T15_NEG0.50R_MFE0.10R,20260922-1709-093200,False,0.0,999.0,True,999.0,0.0,999.0,16,17,1,1.0,True,True,LOO_BENEFIT_DISAPPEARS,True
T15_NEG0.50R_MFE0.10R,20260923-3229-092830,False,0.0,999.0,True,999.0,0.0,999.0,16,17,1,1.0,True,True,LOO_BENEFIT_DISAPPEARS,True
T15_NEG0.50R_MFE0.10R,20260923-8111-093300,False,0.0,999.0,True,999.0,0.0,999.0,16,17,1,1.0,True,True,LOO_BENEFIT_DISAPPEARS,True
T15_NEG0.50R_MFE0.10R,20260923-3094-094300,False,0.0,999.0,True,999.0,0.0,999.0,16,17,1,1.0,True,True,LOO_BENEFIT_DISAPPEARS,True
T15_NEG0.50R_MFE0.10R,20260923-4956-095730,False,0.0,999.0,True,999.0,0.0,999.0,16,17,1,1.0,True,True,LOO_BENEFIT_DISAPPEARS,True
T15_NEG0.50R_MFE0.10R,20260923-1709-095830,False,0.0,999.0,True,999.0,0.0,999.0,16,17,1,1.0,True,True,LOO_BENEFIT_DISAPPEARS,True
T15_NEG0.50R_MFE0.10R,20260923-2221-100530,False,0.0,999.0,True,999.0,0.0,999.0,16,17,1,1.0,True,True,LOO_BENEFIT_DISAPPEARS,True
T15_NEG0.50R_MFE0.10R,20260923-2033-113900,False,0.0,999.0,True,999.0,0.0,999.0,16,17,1,1.0,True,True,LOO_BENEFIT_DISAPPEARS,True
T15_NEG0.50R_MFE0.10R,20260923-3605-121730,False,0.0,999.0,True,999.0,0.0,999.0,16,17,1,1.0,True,True,LOO_BENEFIT_DISAPPEARS,True
T15_NEG0.50R_MFE0.10R,20260923-6168-124430,False,0.0,999.0,True,999.0,0.0,999.0,16,17,1,1.0,True,True,LOO_BENEFIT_DISAPPEARS,True
T15_NEG0.50R_MFE0.10R,20260923-2409-130930,False,0.0,999.0,True,999.0,0.0,999.0,16,17,1,1.0,True,True,LOO_BENEFIT_DISAPPEARS,True
T15_NEG0.50R_MFE0.10R,20260924-2409-090900,False,0.0,999.0,True,999.0,0.0,999.0,16,17,1,1.0,True,True,LOO_BENEFIT_DISAPPEARS,True
T15_NEG0.50R_MFE0.10R,20260924-3605-090900,False,0.0,999.0,True,999.0,0.0,999.0,16,17,1,1.0,True,True,LOO_BENEFIT_DISAPPEARS,True
T15_NEG0.50R_MFE0.10R,20260924-2033-091030,False,0.0,999.0,True,999.0,0.0,999.0,16,17,1,1.0,True,True,LOO_BENEFIT_DISAPPEARS,True
T15_NEG0.50R_MFE0.10R,20260924-4956-093400,False,0.0,999.0,True,999.0,0.0,999.0,16,17,1,1.0,True,True,LOO_BENEFIT_DISAPPEARS,True
T15_NEG0.50R_MFE0.10R,20260924-3624-115700,True,999.0,0.0,False,999.0,0.0,999.0,16,17,1,1.0,True,True,LOO_BENEFIT_DISAPPEARS,True
T15_NEG0.50R_MFE0.10R,20260924-6456-131000,False,0.0,999.0,True,999.0,0.0,999.0,16,17,1,1.0,True,True,LOO_BENEFIT_DISAPPEARS,True
T15_NEG0.50R_MFE0.20R,20260922-1709-093200,False,0.0,999.0,True,999.0,0.0,999.0,16,17,1,1.0,True,True,LOO_BENEFIT_DISAPPEARS,True
T15_NEG0.50R_MFE0.20R,20260923-3229-092830,False,0.0,999.0,True,999.0,0.0,999.0,16,17,1,1.0,True,True,LOO_BENEFIT_DISAPPEARS,True
T15_NEG0.50R_MFE0.20R,20260923-8111-093300,False,0.0,999.0,True,999.0,0.0,999.0,16,17,1,1.0,True,True,LOO_BENEFIT_DISAPPEARS,True
T15_NEG0.50R_MFE0.20R,20260923-3094-094300,False,0.0,999.0,True,999.0,0.0,999.0,16,17,1,1.0,True,True,LOO_BENEFIT_DISAPPEARS,True
T15_NEG0.50R_MFE0.20R,20260923-4956-095730,False,0.0,999.0,True,999.0,0.0,999.0,16,17,1,1.0,True,True,LOO_BENEFIT_DISAPPEARS,True
T15_NEG0.50R_MFE0.20R,20260923-1709-095830,False,0.0,999.0,True,999.0,0.0,999.0,16,17,1,1.0,True,True,LOO_BENEFIT_DISAPPEARS,True
T15_NEG0.50R_MFE0.20R,20260923-2221-100530,False,0.0,999.0,True,999.0,0.0,999.0,16,17,1,1.0,True,True,LOO_BENEFIT_DISAPPEARS,True
T15_NEG0.50R_MFE0.20R,20260923-2033-113900,False,0.0,999.0,True,999.0,0.0,999.0,16,17,1,1.0,True,True,LOO_BENEFIT_DISAPPEARS,True
T15_NEG0.50R_MFE0.20R,20260923-3605-121730,False,0.0,999.0,True,999.0,0.0,999.0,16,17,1,1.0,True,True,LOO_BENEFIT_DISAPPEARS,True
T15_NEG0.50R_MFE0.20R,20260923-6168-124430,False,0.0,999.0,True,999.0,0.0,999.0,16,17,1,1.0,True,True,LOO_BENEFIT_DISAPPEARS,True
T15_NEG0.50R_MFE0.20R,20260923-2409-130930,False,0.0,999.0,True,999.0,0.0,999.0,16,17,1,1.0,True,True,LOO_BENEFIT_DISAPPEARS,True
T15_NEG0.50R_MFE0.20R,20260924-2409-090900,False,0.0,999.0,True,999.0,0.0,999.0,16,17,1,1.0,True,True,LOO_BENEFIT_DISAPPEARS,True
T15_NEG0.50R_MFE0.20R,20260924-3605-090900,False,0.0,999.0,True,999.0,0.0,999.0,16,17,1,1.0,True,True,LOO_BENEFIT_DISAPPEARS,True
T15_NEG0.50R_MFE0.20R,20260924-2033-091030,False,0.0,999.0,True,999.0,0.0,999.0,16,17,1,1.0,True,True,LOO_BENEFIT_DISAPPEARS,True
T15_NEG0.50R_MFE0.20R,20260924-4956-093400,False,0.0,999.0,True,999.0,0.0,999.0,16,17,1,1.0,True,True,LOO_BENEFIT_DISAPPEARS,True
T15_NEG0.50R_MFE0.20R,20260924-3624-115700,True,999.0,0.0,False,999.0,0.0,999.0,16,17,1,1.0,True,True,LOO_BENEFIT_DISAPPEARS,True
T15_NEG0.50R_MFE0.20R,20260924-6456-131000,False,0.0,999.0,True,999.0,0.0,999.0,16,17,1,1.0,True,True,LOO_BENEFIT_DISAPPEARS,True
T15_NEG0.50R_MFE0.30R,20260922-1709-093200,False,0.0,999.0,True,999.0,0.0,999.0,16,17,1,1.0,True,True,LOO_BENEFIT_DISAPPEARS,True
T15_NEG0.50R_MFE0.30R,20260923-3229-092830,False,0.0,999.0,True,999.0,0.0,999.0,16,17,1,1.0,True,True,LOO_BENEFIT_DISAPPEARS,True
T15_NEG0.50R_MFE0.30R,20260923-8111-093300,False,0.0,999.0,True,999.0,0.0,999.0,16,17,1,1.0,True,True,LOO_BENEFIT_DISAPPEARS,True
T15_NEG0.50R_MFE0.30R,20260923-3094-094300,False,0.0,999.0,True,999.0,0.0,999.0,16,17,1,1.0,True,True,LOO_BENEFIT_DISAPPEARS,True
T15_NEG0.50R_MFE0.30R,20260923-4956-095730,False,0.0,999.0,True,999.0,0.0,999.0,16,17,1,1.0,True,True,LOO_BENEFIT_DISAPPEARS,True
T15_NEG0.50R_MFE0.30R,20260923-1709-095830,False,0.0,999.0,True,999.0,0.0,999.0,16,17,1,1.0,True,True,LOO_BENEFIT_DISAPPEARS,True
T15_NEG0.50R_MFE0.30R,20260923-2221-100530,False,0.0,999.0,True,999.0,0.0,999.0,16,17,1,1.0,True,True,LOO_BENEFIT_DISAPPEARS,True
T15_NEG0.50R_MFE0.30R,20260923-2033-113900,False,0.0,999.0,True,999.0,0.0,999.0,16,17,1,1.0,True,True,LOO_BENEFIT_DISAPPEARS,True
T15_NEG0.50R_MFE0.30R,20260923-3605-121730,False,0.0,999.0,True,999.0,0.0,999.0,16,17,1,1.0,True,True,LOO_BENEFIT_DISAPPEARS,True
T15_NEG0.50R_MFE0.30R,20260923-6168-124430,False,0.0,999.0,True,999.0,0.0,999.0,16,17,1,1.0,True,True,LOO_BENEFIT_DISAPPEARS,True
T15_NEG0.50R_MFE0.30R,20260923-2409-130930,False,0.0,999.0,True,999.0,0.0,999.0,16,17,1,1.0,True,True,LOO_BENEFIT_DISAPPEARS,True
T15_NEG0.50R_MFE0.30R,20260924-2409-090900,False,0.0,999.0,True,999.0,0.0,999.0,16,17,1,1.0,True,True,LOO_BENEFIT_DISAPPEARS,True
T15_NEG0.50R_MFE0.30R,20260924-3605-090900,False,0.0,999.0,True,999.0,0.0,999.0,16,17,1,1.0,True,True,LOO_BENEFIT_DISAPPEARS,True
T15_NEG0.50R_MFE0.30R,20260924-2033-091030,False,0.0,999.0,True,999.0,0.0,999.0,16,17,1,1.0,True,True,LOO_BENEFIT_DISAPPEARS,True
T15_NEG0.50R_MFE0.30R,20260924-4956-093400,False,0.0,999.0,True,999.0,0.0,999.0,16,17,1,1.0,True,True,LOO_BENEFIT_DISAPPEARS,True
T15_NEG0.50R_MFE0.30R,20260924-3624-115700,True,999.0,0.0,False,999.0,0.0,999.0,16,17,1,1.0,True,True,LOO_BENEFIT_DISAPPEARS,True
T15_NEG0.50R_MFE0.30R,20260924-6456-131000,False,0.0,999.0,True,999.0,0.0,999.0,16,17,1,1.0,True,True,LOO_BENEFIT_DISAPPEARS,True
T15_NEG0.50R_MFE0.40R,20260922-1709-093200,False,0.0,999.0,True,999.0,0.0,999.0,16,17,1,1.0,True,True,LOO_BENEFIT_DISAPPEARS,True
T15_NEG0.50R_MFE0.40R,20260923-3229-092830,False,0.0,999.0,True,999.0,0.0,999.0,16,17,1,1.0,True,True,LOO_BENEFIT_DISAPPEARS,True
T15_NEG0.50R_MFE0.40R,20260923-8111-093300,False,0.0,999.0,True,999.0,0.0,999.0,16,17,1,1.0,True,True,LOO_BENEFIT_DISAPPEARS,True
T15_NEG0.50R_MFE0.40R,20260923-3094-094300,False,0.0,999.0,True,999.0,0.0,999.0,16,17,1,1.0,True,True,LOO_BENEFIT_DISAPPEARS,True
T15_NEG0.50R_MFE0.40R,20260923-4956-095730,False,0.0,999.0,True,999.0,0.0,999.0,16,17,1,1.0,True,True,LOO_BENEFIT_DISAPPEARS,True
T15_NEG0.50R_MFE0.40R,20260923-1709-095830,False,0.0,999.0,True,999.0,0.0,999.0,16,17,1,1.0,True,True,LOO_BENEFIT_DISAPPEARS,True
T15_NEG0.50R_MFE0.40R,20260923-2221-100530,False,0.0,999.0,True,999.0,0.0,999.0,16,17,1,1.0,True,True,LOO_BENEFIT_DISAPPEARS,True
T15_NEG0.50R_MFE0.40R,20260923-2033-113900,False,0.0,999.0,True,999.0,0.0,999.0,16,17,1,1.0,True,True,LOO_BENEFIT_DISAPPEARS,True
T15_NEG0.50R_MFE0.40R,20260923-3605-121730,False,0.0,999.0,True,999.0,0.0,999.0,16,17,1,1.0,True,True,LOO_BENEFIT_DISAPPEARS,True
T15_NEG0.50R_MFE0.40R,20260923-6168-124430,False,0.0,999.0,True,999.0,0.0,999.0,16,17,1,1.0,True,True,LOO_BENEFIT_DISAPPEARS,True
T15_NEG0.50R_MFE0.40R,20260923-2409-130930,False,0.0,999.0,True,999.0,0.0,999.0,16,17,1,1.0,True,True,LOO_BENEFIT_DISAPPEARS,True
T15_NEG0.50R_MFE0.40R,20260924-2409-090900,False,0.0,999.0,True,999.0,0.0,999.0,16,17,1,1.0,True,True,LOO_BENEFIT_DISAPPEARS,True
T15_NEG0.50R_MFE0.40R,20260924-3605-090900,False,0.0,999.0,True,999.0,0.0,999.0,16,17,1,1.0,True,True,LOO_BENEFIT_DISAPPEARS,True
T15_NEG0.50R_MFE0.40R,20260924-2033-091030,False,0.0,999.0,True,999.0,0.0,999.0,16,17,1,1.0,True,True,LOO_BENEFIT_DISAPPEARS,True
T15_NEG0.50R_MFE0.40R,20260924-4956-093400,False,0.0,999.0,True,999.0,0.0,999.0,16,17,1,1.0,True,True,LOO_BENEFIT_DISAPPEARS,True
T15_NEG0.50R_MFE0.40R,20260924-3624-115700,True,999.0,0.0,False,999.0,0.0,999.0,16,17,1,1.0,True,True,LOO_BENEFIT_DISAPPEARS,True
T15_NEG0.50R_MFE0.40R,20260924-6456-131000,False,0.0,999.0,True,999.0,0.0,999.0,16,17,1,1.0,True,True,LOO_BENEFIT_DISAPPEARS,True
T15_NEG0.50R_MFE0.50R,20260922-1709-093200,False,0.0,999.0,True,999.0,0.0,999.0,16,17,1,1.0,True,True,LOO_BENEFIT_DISAPPEARS,True
T15_NEG0.50R_MFE0.50R,20260923-3229-092830,False,0.0,999.0,True,999.0,0.0,999.0,16,17,1,1.0,True,True,LOO_BENEFIT_DISAPPEARS,True
T15_NEG0.50R_MFE0.50R,20260923-8111-093300,False,0.0,999.0,True,999.0,0.0,999.0,16,17,1,1.0,True,True,LOO_BENEFIT_DISAPPEARS,True
T15_NEG0.50R_MFE0.50R,20260923-3094-094300,False,0.0,999.0,True,999.0,0.0,999.0,16,17,1,1.0,True,True,LOO_BENEFIT_DISAPPEARS,True
T15_NEG0.50R_MFE0.50R,20260923-4956-095730,False,0.0,999.0,True,999.0,0.0,999.0,16,17,1,1.0,True,True,LOO_BENEFIT_DISAPPEARS,True
T15_NEG0.50R_MFE0.50R,20260923-1709-095830,False,0.0,999.0,True,999.0,0.0,999.0,16,17,1,1.0,True,True,LOO_BENEFIT_DISAPPEARS,True
T15_NEG0.50R_MFE0.50R,20260923-2221-100530,False,0.0,999.0,True,999.0,0.0,999.0,16,17,1,1.0,True,True,LOO_BENEFIT_DISAPPEARS,True
T15_NEG0.50R_MFE0.50R,20260923-2033-113900,False,0.0,999.0,True,999.0,0.0,999.0,16,17,1,1.0,True,True,LOO_BENEFIT_DISAPPEARS,True
T15_NEG0.50R_MFE0.50R,20260923-3605-121730,False,0.0,999.0,True,999.0,0.0,999.0,16,17,1,1.0,True,True,LOO_BENEFIT_DISAPPEARS,True
T15_NEG0.50R_MFE0.50R,20260923-6168-124430,False,0.0,999.0,True,999.0,0.0,999.0,16,17,1,1.0,True,True,LOO_BENEFIT_DISAPPEARS,True
T15_NEG0.50R_MFE0.50R,20260923-2409-130930,False,0.0,999.0,True,999.0,0.0,999.0,16,17,1,1.0,True,True,LOO_BENEFIT_DISAPPEARS,True
T15_NEG0.50R_MFE0.50R,20260924-2409-090900,False,0.0,999.0,True,999.0,0.0,999.0,16,17,1,1.0,True,True,LOO_BENEFIT_DISAPPEARS,True
T15_NEG0.50R_MFE0.50R,20260924-3605-090900,False,0.0,999.0,True,999.0,0.0,999.0,16,17,1,1.0,True,True,LOO_BENEFIT_DISAPPEARS,True
T15_NEG0.50R_MFE0.50R,20260924-2033-091030,False,0.0,999.0,True,999.0,0.0,999.0,16,17,1,1.0,True,True,LOO_BENEFIT_DISAPPEARS,True
T15_NEG0.50R_MFE0.50R,20260924-4956-093400,False,0.0,999.0,True,999.0,0.0,999.0,16,17,1,1.0,True,True,LOO_BENEFIT_DISAPPEARS,True
T15_NEG0.50R_MFE0.50R,20260924-3624-115700,True,999.0,0.0,False,999.0,0.0,999.0,16,17,1,1.0,True,True,LOO_BENEFIT_DISAPPEARS,True
T15_NEG0.50R_MFE0.50R,20260924-6456-131000,False,0.0,999.0,True,999.0,0.0,999.0,16,17,1,1.0,True,True,LOO_BENEFIT_DISAPPEARS,True
T15_NEG0.60R_MFE0.10R,20260922-1709-093200,False,0.0,999.0,True,999.0,0.0,999.0,16,17,1,1.0,True,True,LOO_BENEFIT_DISAPPEARS,True
T15_NEG0.60R_MFE0.10R,20260923-3229-092830,False,0.0,999.0,True,999.0,0.0,999.0,16,17,1,1.0,True,True,LOO_BENEFIT_DISAPPEARS,True
T15_NEG0.60R_MFE0.10R,20260923-8111-093300,False,0.0,999.0,True,999.0,0.0,999.0,16,17,1,1.0,True,True,LOO_BENEFIT_DISAPPEARS,True
T15_NEG0.60R_MFE0.10R,20260923-3094-094300,False,0.0,999.0,True,999.0,0.0,999.0,16,17,1,1.0,True,True,LOO_BENEFIT_DISAPPEARS,True
T15_NEG0.60R_MFE0.10R,20260923-4956-095730,False,0.0,999.0,True,999.0,0.0,999.0,16,17,1,1.0,True,True,LOO_BENEFIT_DISAPPEARS,True
T15_NEG0.60R_MFE0.10R,20260923-1709-095830,False,0.0,999.0,True,999.0,0.0,999.0,16,17,1,1.0,True,True,LOO_BENEFIT_DISAPPEARS,True
T15_NEG0.60R_MFE0.10R,20260923-2221-100530,False,0.0,999.0,True,999.0,0.0,999.0,16,17,1,1.0,True,True,LOO_BENEFIT_DISAPPEARS,True
T15_NEG0.60R_MFE0.10R,20260923-2033-113900,False,0.0,999.0,True,999.0,0.0,999.0,16,17,1,1.0,True,True,LOO_BENEFIT_DISAPPEARS,True
T15_NEG0.60R_MFE0.10R,20260923-3605-121730,False,0.0,999.0,True,999.0,0.0,999.0,16,17,1,1.0,True,True,LOO_BENEFIT_DISAPPEARS,True
T15_NEG0.60R_MFE0.10R,20260923-6168-124430,False,0.0,999.0,True,999.0,0.0,999.0,16,17,1,1.0,True,True,LOO_BENEFIT_DISAPPEARS,True
T15_NEG0.60R_MFE0.10R,20260923-2409-130930,False,0.0,999.0,True,999.0,0.0,999.0,16,17,1,1.0,True,True,LOO_BENEFIT_DISAPPEARS,True
T15_NEG0.60R_MFE0.10R,20260924-2409-090900,False,0.0,999.0,True,999.0,0.0,999.0,16,17,1,1.0,True,True,LOO_BENEFIT_DISAPPEARS,True
T15_NEG0.60R_MFE0.10R,20260924-3605-090900,False,0.0,999.0,True,999.0,0.0,999.0,16,17,1,1.0,True,True,LOO_BENEFIT_DISAPPEARS,True
T15_NEG0.60R_MFE0.10R,20260924-2033-091030,False,0.0,999.0,True,999.0,0.0,999.0,16,17,1,1.0,True,True,LOO_BENEFIT_DISAPPEARS,True
T15_NEG0.60R_MFE0.10R,20260924-4956-093400,False,0.0,999.0,True,999.0,0.0,999.0,16,17,1,1.0,True,True,LOO_BENEFIT_DISAPPEARS,True
T15_NEG0.60R_MFE0.10R,20260924-3624-115700,True,999.0,0.0,False,999.0,0.0,999.0,16,17,1,1.0,True,True,LOO_BENEFIT_DISAPPEARS,True
T15_NEG0.60R_MFE0.10R,20260924-6456-131000,False,0.0,999.0,True,999.0,0.0,999.0,16,17,1,1.0,True,True,LOO_BENEFIT_DISAPPEARS,True
T15_NEG0.60R_MFE0.20R,20260922-1709-093200,False,0.0,999.0,True,999.0,0.0,999.0,16,17,1,1.0,True,True,LOO_BENEFIT_DISAPPEARS,True
T15_NEG0.60R_MFE0.20R,20260923-3229-092830,False,0.0,999.0,True,999.0,0.0,999.0,16,17,1,1.0,True,True,LOO_BENEFIT_DISAPPEARS,True
T15_NEG0.60R_MFE0.20R,20260923-8111-093300,False,0.0,999.0,True,999.0,0.0,999.0,16,17,1,1.0,True,True,LOO_BENEFIT_DISAPPEARS,True
T15_NEG0.60R_MFE0.20R,20260923-3094-094300,False,0.0,999.0,True,999.0,0.0,999.0,16,17,1,1.0,True,True,LOO_BENEFIT_DISAPPEARS,True
T15_NEG0.60R_MFE0.20R,20260923-4956-095730,False,0.0,999.0,True,999.0,0.0,999.0,16,17,1,1.0,True,True,LOO_BENEFIT_DISAPPEARS,True
T15_NEG0.60R_MFE0.20R,20260923-1709-095830,False,0.0,999.0,True,999.0,0.0,999.0,16,17,1,1.0,True,True,LOO_BENEFIT_DISAPPEARS,True
T15_NEG0.60R_MFE0.20R,20260923-2221-100530,False,0.0,999.0,True,999.0,0.0,999.0,16,17,1,1.0,True,True,LOO_BENEFIT_DISAPPEARS,True
T15_NEG0.60R_MFE0.20R,20260923-2033-113900,False,0.0,999.0,True,999.0,0.0,999.0,16,17,1,1.0,True,True,LOO_BENEFIT_DISAPPEARS,True
T15_NEG0.60R_MFE0.20R,20260923-3605-121730,False,0.0,999.0,True,999.0,0.0,999.0,16,17,1,1.0,True,True,LOO_BENEFIT_DISAPPEARS,True
T15_NEG0.60R_MFE0.20R,20260923-6168-124430,False,0.0,999.0,True,999.0,0.0,999.0,16,17,1,1.0,True,True,LOO_BENEFIT_DISAPPEARS,True
T15_NEG0.60R_MFE0.20R,20260923-2409-130930,False,0.0,999.0,True,999.0,0.0,999.0,16,17,1,1.0,True,True,LOO_BENEFIT_DISAPPEARS,True
T15_NEG0.60R_MFE0.20R,20260924-2409-090900,False,0.0,999.0,True,999.0,0.0,999.0,16,17,1,1.0,True,True,LOO_BENEFIT_DISAPPEARS,True
T15_NEG0.60R_MFE0.20R,20260924-3605-090900,False,0.0,999.0,True,999.0,0.0,999.0,16,17,1,1.0,True,True,LOO_BENEFIT_DISAPPEARS,True
T15_NEG0.60R_MFE0.20R,20260924-2033-091030,False,0.0,999.0,True,999.0,0.0,999.0,16,17,1,1.0,True,True,LOO_BENEFIT_DISAPPEARS,True
T15_NEG0.60R_MFE0.20R,20260924-4956-093400,False,0.0,999.0,True,999.0,0.0,999.0,16,17,1,1.0,True,True,LOO_BENEFIT_DISAPPEARS,True
T15_NEG0.60R_MFE0.20R,20260924-3624-115700,True,999.0,0.0,False,999.0,0.0,999.0,16,17,1,1.0,True,True,LOO_BENEFIT_DISAPPEARS,True
T15_NEG0.60R_MFE0.20R,20260924-6456-131000,False,0.0,999.0,True,999.0,0.0,999.0,16,17,1,1.0,True,True,LOO_BENEFIT_DISAPPEARS,True
T15_NEG0.60R_MFE0.30R,20260922-1709-093200,False,0.0,999.0,True,999.0,0.0,999.0,16,17,1,1.0,True,True,LOO_BENEFIT_DISAPPEARS,True
T15_NEG0.60R_MFE0.30R,20260923-3229-092830,False,0.0,999.0,True,999.0,0.0,999.0,16,17,1,1.0,True,True,LOO_BENEFIT_DISAPPEARS,True
T15_NEG0.60R_MFE0.30R,20260923-8111-093300,False,0.0,999.0,True,999.0,0.0,999.0,16,17,1,1.0,True,True,LOO_BENEFIT_DISAPPEARS,True
T15_NEG0.60R_MFE0.30R,20260923-3094-094300,False,0.0,999.0,True,999.0,0.0,999.0,16,17,1,1.0,True,True,LOO_BENEFIT_DISAPPEARS,True
T15_NEG0.60R_MFE0.30R,20260923-4956-095730,False,0.0,999.0,True,999.0,0.0,999.0,16,17,1,1.0,True,True,LOO_BENEFIT_DISAPPEARS,True
T15_NEG0.60R_MFE0.30R,20260923-1709-095830,False,0.0,999.0,True,999.0,0.0,999.0,16,17,1,1.0,True,True,LOO_BENEFIT_DISAPPEARS,True
T15_NEG0.60R_MFE0.30R,20260923-2221-100530,False,0.0,999.0,True,999.0,0.0,999.0,16,17,1,1.0,True,True,LOO_BENEFIT_DISAPPEARS,True
T15_NEG0.60R_MFE0.30R,20260923-2033-113900,False,0.0,999.0,True,999.0,0.0,999.0,16,17,1,1.0,True,True,LOO_BENEFIT_DISAPPEARS,True
T15_NEG0.60R_MFE0.30R,20260923-3605-121730,False,0.0,999.0,True,999.0,0.0,999.0,16,17,1,1.0,True,True,LOO_BENEFIT_DISAPPEARS,True
T15_NEG0.60R_MFE0.30R,20260923-6168-124430,False,0.0,999.0,True,999.0,0.0,999.0,16,17,1,1.0,True,True,LOO_BENEFIT_DISAPPEARS,True
T15_NEG0.60R_MFE0.30R,20260923-2409-130930,False,0.0,999.0,True,999.0,0.0,999.0,16,17,1,1.0,True,True,LOO_BENEFIT_DISAPPEARS,True
T15_NEG0.60R_MFE0.30R,20260924-2409-090900,False,0.0,999.0,True,999.0,0.0,999.0,16,17,1,1.0,True,True,LOO_BENEFIT_DISAPPEARS,True
T15_NEG0.60R_MFE0.30R,20260924-3605-090900,False,0.0,999.0,True,999.0,0.0,999.0,16,17,1,1.0,True,True,LOO_BENEFIT_DISAPPEARS,True
T15_NEG0.60R_MFE0.30R,20260924-2033-091030,False,0.0,999.0,True,999.0,0.0,999.0,16,17,1,1.0,True,True,LOO_BENEFIT_DISAPPEARS,True
T15_NEG0.60R_MFE0.30R,20260924-4956-093400,False,0.0,999.0,True,999.0,0.0,999.0,16,17,1,1.0,True,True,LOO_BENEFIT_DISAPPEARS,True
T15_NEG0.60R_MFE0.30R,20260924-3624-115700,True,999.0,0.0,False,999.0,0.0,999.0,16,17,1,1.0,True,True,LOO_BENEFIT_DISAPPEARS,True
T15_NEG0.60R_MFE0.30R,20260924-6456-131000,False,0.0,999.0,True,999.0,0.0,999.0,16,17,1,1.0,True,True,LOO_BENEFIT_DISAPPEARS,True
T15_NEG0.60R_MFE0.40R,20260922-1709-093200,False,0.0,999.0,True,999.0,0.0,999.0,16,17,1,1.0,True,True,LOO_BENEFIT_DISAPPEARS,True
T15_NEG0.60R_MFE0.40R,20260923-3229-092830,False,0.0,999.0,True,999.0,0.0,999.0,16,17,1,1.0,True,True,LOO_BENEFIT_DISAPPEARS,True
T15_NEG0.60R_MFE0.40R,20260923-8111-093300,False,0.0,999.0,True,999.0,0.0,999.0,16,17,1,1.0,True,True,LOO_BENEFIT_DISAPPEARS,True
T15_NEG0.60R_MFE0.40R,20260923-3094-094300,False,0.0,999.0,True,999.0,0.0,999.0,16,17,1,1.0,True,True,LOO_BENEFIT_DISAPPEARS,True
T15_NEG0.60R_MFE0.40R,20260923-4956-095730,False,0.0,999.0,True,999.0,0.0,999.0,16,17,1,1.0,True,True,LOO_BENEFIT_DISAPPEARS,True
T15_NEG0.60R_MFE0.40R,20260923-1709-095830,False,0.0,999.0,True,999.0,0.0,999.0,16,17,1,1.0,True,True,LOO_BENEFIT_DISAPPEARS,True
T15_NEG0.60R_MFE0.40R,20260923-2221-100530,False,0.0,999.0,True,999.0,0.0,999.0,16,17,1,1.0,True,True,LOO_BENEFIT_DISAPPEARS,True
T15_NEG0.60R_MFE0.40R,20260923-2033-113900,False,0.0,999.0,True,999.0,0.0,999.0,16,17,1,1.0,True,True,LOO_BENEFIT_DISAPPEARS,True
T15_NEG0.60R_MFE0.40R,20260923-3605-121730,False,0.0,999.0,True,999.0,0.0,999.0,16,17,1,1.0,True,True,LOO_BENEFIT_DISAPPEARS,True
T15_NEG0.60R_MFE0.40R,20260923-6168-124430,False,0.0,999.0,True,999.0,0.0,999.0,16,17,1,1.0,True,True,LOO_BENEFIT_DISAPPEARS,True
T15_NEG0.60R_MFE0.40R,20260923-2409-130930,False,0.0,999.0,True,999.0,0.0,999.0,16,17,1,1.0,True,True,LOO_BENEFIT_DISAPPEARS,True
T15_NEG0.60R_MFE0.40R,20260924-2409-090900,False,0.0,999.0,True,999.0,0.0,999.0,16,17,1,1.0,True,True,LOO_BENEFIT_DISAPPEARS,True
T15_NEG0.60R_MFE0.40R,20260924-3605-090900,False,0.0,999.0,True,999.0,0.0,999.0,16,17,1,1.0,True,True,LOO_BENEFIT_DISAPPEARS,True
T15_NEG0.60R_MFE0.40R,20260924-2033-091030,False,0.0,999.0,True,999.0,0.0,999.0,16,17,1,1.0,True,True,LOO_BENEFIT_DISAPPEARS,True
T15_NEG0.60R_MFE0.40R,20260924-4956-093400,False,0.0,999.0,True,999.0,0.0,999.0,16,17,1,1.0,True,True,LOO_BENEFIT_DISAPPEARS,True
T15_NEG0.60R_MFE0.40R,20260924-3624-115700,True,999.0,0.0,False,999.0,0.0,999.0,16,17,1,1.0,True,True,LOO_BENEFIT_DISAPPEARS,True
T15_NEG0.60R_MFE0.40R,20260924-6456-131000,False,0.0,999.0,True,999.0,0.0,999.0,16,17,1,1.0,True,True,LOO_BENEFIT_DISAPPEARS,True
T15_NEG0.60R_MFE0.50R,20260922-1709-093200,False,0.0,999.0,True,999.0,0.0,999.0,16,17,1,1.0,True,True,LOO_BENEFIT_DISAPPEARS,True
T15_NEG0.60R_MFE0.50R,20260923-3229-092830,False,0.0,999.0,True,999.0,0.0,999.0,16,17,1,1.0,True,True,LOO_BENEFIT_DISAPPEARS,True
T15_NEG0.60R_MFE0.50R,20260923-8111-093300,False,0.0,999.0,True,999.0,0.0,999.0,16,17,1,1.0,True,True,LOO_BENEFIT_DISAPPEARS,True
T15_NEG0.60R_MFE0.50R,20260923-3094-094300,False,0.0,999.0,True,999.0,0.0,999.0,16,17,1,1.0,True,True,LOO_BENEFIT_DISAPPEARS,True
T15_NEG0.60R_MFE0.50R,20260923-4956-095730,False,0.0,999.0,True,999.0,0.0,999.0,16,17,1,1.0,True,True,LOO_BENEFIT_DISAPPEARS,True
T15_NEG0.60R_MFE0.50R,20260923-1709-095830,False,0.0,999.0,True,999.0,0.0,999.0,16,17,1,1.0,True,True,LOO_BENEFIT_DISAPPEARS,True
T15_NEG0.60R_MFE0.50R,20260923-2221-100530,False,0.0,999.0,True,999.0,0.0,999.0,16,17,1,1.0,True,True,LOO_BENEFIT_DISAPPEARS,True
T15_NEG0.60R_MFE0.50R,20260923-2033-113900,False,0.0,999.0,True,999.0,0.0,999.0,16,17,1,1.0,True,True,LOO_BENEFIT_DISAPPEARS,True
T15_NEG0.60R_MFE0.50R,20260923-3605-121730,False,0.0,999.0,True,999.0,0.0,999.0,16,17,1,1.0,True,True,LOO_BENEFIT_DISAPPEARS,True
T15_NEG0.60R_MFE0.50R,20260923-6168-124430,False,0.0,999.0,True,999.0,0.0,999.0,16,17,1,1.0,True,True,LOO_BENEFIT_DISAPPEARS,True
T15_NEG0.60R_MFE0.50R,20260923-2409-130930,False,0.0,999.0,True,999.0,0.0,999.0,16,17,1,1.0,True,True,LOO_BENEFIT_DISAPPEARS,True
T15_NEG0.60R_MFE0.50R,20260924-2409-090900,False,0.0,999.0,True,999.0,0.0,999.0,16,17,1,1.0,True,True,LOO_BENEFIT_DISAPPEARS,True
T15_NEG0.60R_MFE0.50R,20260924-3605-090900,False,0.0,999.0,True,999.0,0.0,999.0,16,17,1,1.0,True,True,LOO_BENEFIT_DISAPPEARS,True
T15_NEG0.60R_MFE0.50R,20260924-2033-091030,False,0.0,999.0,True,999.0,0.0,999.0,16,17,1,1.0,True,True,LOO_BENEFIT_DISAPPEARS,True
T15_NEG0.60R_MFE0.50R,20260924-4956-093400,False,0.0,999.0,True,999.0,0.0,999.0,16,17,1,1.0,True,True,LOO_BENEFIT_DISAPPEARS,True
T15_NEG0.60R_MFE0.50R,20260924-3624-115700,True,999.0,0.0,False,999.0,0.0,999.0,16,17,1,1.0,True,True,LOO_BENEFIT_DISAPPEARS,True
T15_NEG0.60R_MFE0.50R,20260924-6456-131000,False,0.0,999.0,True,999.0,0.0,999.0,16,17,1,1.0,True,True,LOO_BENEFIT_DISAPPEARS,True
