stock_id,name,signal_date,entry_date,entry_price,exit_reason,actual_exit_date,actual_exit_price,counterfactual_day8_date,counterfactual_day8_close,actual_return,counterfactual_day8_return,difference,actual_net_return_slippage_0_1,counterfactual_day8_net_return_slippage_0_1,net_difference,actual_nonpositive_to_day8_positive,day8_available
1101,台泥,20230223,20230224,39.65,Close Confirmed Stop,20230302,37.8,20230309,37.2,-0.046658259773013855,-0.06179066834804525,-0.015132408575031397,-0.05217963664856932,-0.06720904898404272,-0.015029412335473398,False,True
1101,台泥,20240522,20240523,34.2,Close Confirmed Stop,20240530,33.05,20240603,33.0,-0.033625730994152225,-0.03508771929824572,-0.0014619883040934978,-0.039242183682022695,-0.04070066732621456,-0.001458483644191863,False,True
1101,台泥,20240927,20240930,33.5,Day 5 Weakness,20241009,32.9,20241014,32.55,-0.017910447761194104,-0.028358208955224007,-0.010447761194029903,-0.023599173203888883,-0.03398854434382849,-0.010389371139939606,False,True
1101,台泥,20250220,20250221,34.05,Day 8 Time Stop,20250305,35.15,20250305,35.15,0.032305433186490484,0.032305433186490484,0.0,0.026331565284821484,0.026331565284821484,0.0,False,True
1101,台泥,20260112,20260113,25.4,Day 8 Time Stop,20260122,25.7,20260122,25.7,0.011811023622047223,0.011811023622047223,0.0,0.005950708528168755,0.005950708528168755,0.0,False,True
1102,亞泥,20221114,20221115,40.3,Day 8 Time Stop,20221124,41.1,20221124,41.1,0.01985111662531036,0.01985111662531036,0.0,0.013937701838017869,0.013937701838017869,0.0,False,True
1102,亞泥,20231115,20231116,41.05,Day 8 Time Stop,20231127,41.8,20231127,41.8,0.018270401948842885,0.018270401948842885,0.0,0.01239715131727915,0.01239715131727915,0.0,False,True
1102,亞泥,20240703,20240704,45.5,Day 5 Weakness,20240711,44.45,20240715,45.45,-0.023076923076922995,-0.001098901098900984,0.02197802197802201,-0.028754506321499583,-0.006895884748639676,0.021858621572859907,False,True
1102,亞泥,20250520,20250521,44.85,Close Confirmed Stop,20250523,43.3,20250602,41.7,-0.03455964325529548,-0.07023411371237454,-0.035674470457079055,-0.04017378340586548,-0.07559607886734686,-0.03542229546148138,False,True
1104,環泥,20230612,20230613,31.7,Day 5 Weakness,20230620,31.0,20230626,30.7,-0.02208201892744477,-0.03154574132492116,-0.009463722397476393,-0.02775981157563873,-0.03716751226850612,-0.00940770069286739,False,True
1210,大成,20250627,20250630,66.3,Day 5 Weakness,20250707,66.0,20250709,63.6,-0.004524886877828038,-0.040723981900452455,-0.03619909502262442,-0.010276709218562705,-0.04625574145226936,-0.03597903223370665,False,True
1216,統一,20230619,20230620,78.0,Close Confirmed Stop,20230627,75.6,20230703,76.5,-0.030769230769230882,-0.019230769230769273,0.011538461538461608,-0.03639341691284961,-0.02491595639014139,0.011477460522708222,False,True
1216,統一,20240220,20240221,76.1,Day 5 Weakness,20240229,75.0,20240304,76.2,-0.014454664914586024,0.0013140604467807293,0.015768725361366753,-0.02015687072959692,-0.004492736607422506,0.015664134122174416,True,True
1216,統一,20250519,20250520,83.0,Day 5 Weakness,20250527,80.0,20250529,79.6,-0.03614457831325302,-0.04096385542168679,-0.004819277108433773,-0.041754525742957835,-0.046495594745442535,-0.0047410690024847005,False,True
1216,統一,20251226,20251229,79.8,Close Confirmed Stop,20260102,77.1,20260108,75.6,-0.03383458646616544,-0.052631578947368474,-0.018796992481203034,-0.03945474886061877,-0.05810656248513968,-0.01865181362452091,False,True
1218,泰山,20221130,20221201,47.05,Close Confirmed Stop,20221206,40.05,20221212,39.0,-0.14877789585547296,-0.17109458023379376,-0.022316684378320795,-0.15368878224793614,-0.175885215894568,-0.022196433646631847,False,True
1301,台塑,20240927,20240930,53.2,Day 5 Weakness,20241009,51.1,20241014,50.0,-0.03947368421052633,-0.06015037593984962,-0.020676691729323293,-0.045010371495985024,-0.0655708142279488,-0.02056044273196378,False,True
1301,台塑,20250717,20250718,38.0,Day 8 Time Stop,20250729,38.8,20250729,38.8,0.021052631578947212,0.021052631578947212,0.0,0.015136478611445438,0.015136478611445438,0.0,False,True
1301,台塑,20251023,20251027,40.8,Close Confirmed Stop,20251103,38.1,20251105,36.85,-0.06617647058823517,-0.09681372549019596,-0.030637254901960786,-0.07158298252642528,-0.10204675310006801,-0.03046377057364273,False,True
1301,台塑,20260127,20260128,51.3,Close Confirmed Stop,20260202,46.55,20260206,45.75,-0.09259259259259256,-0.10818713450292394,-0.015594541910331383,-0.09783436634675106,-0.11335819317274912,-0.015523826825998052,False,True
1301,台塑,20260603,20260604,52.0,Close Confirmed Stop,20260608,45.5,20260615,47.25,-0.125,-0.09134615384615385,0.033653846153846145,-0.13006488774803657,-0.09662507961605053,0.033439808131986035,False,True
1301,台塑,20260703,20260706,63.2,Close Confirmed Stop,20260708,57.0,20260716,65.6,-0.09810126582278489,0.037974683544303556,0.13607594936708844,-0.10333010866636978,0.0319862855116715,0.13531639417804128,True,True
1303,南亞,20230130,20230131,76.4,Close Confirmed Stop,20230206,74.1,20230209,74.8,-0.030104712041884918,-0.020942408376963484,0.009162303664921434,-0.035730885118813754,-0.026623890097735685,0.00910699502107807,False,True
1303,南亞,20231115,20231116,68.3,Day 8 Time Stop,20231127,67.7,20231127,67.7,-0.008784773060029227,-0.008784773060029227,0.0,-0.014532944430661334,-0.014532944430661334,0.0,False,True
1303,南亞,20250724,20250725,32.35,Trailing Stop,20250805,38.35,20250805,36.8,0.1854714064914993,0.13755795981452845,-0.04791344667697084,0.17862930124995682,0.1309640560342844,-0.04766524521567242,False,True
1303,南亞,20260108,20260109,68.5,Close Confirmed Stop,20260112,63.1,20260120,76.4,-0.07883211678832114,0.11532846715328482,0.19416058394160596,-0.08417642865431488,0.1088848208415184,0.19306124949583328,True,True
1304,台聚,20230110,20230111,22.85,Day 8 Time Stop,20230201,23.9,20230201,23.9,0.045951859956236296,0.045951859956236296,0.0,0.03991094483905748,0.03991094483905748,0.0,False,True
1305,華夏,20230110,20230111,28.05,Day 8 Time Stop,20230201,29.2,20230201,29.2,0.04099821746880572,0.04099821746880572,0.0,0.03500264975675794,0.03500264975675794,0.0,False,True
1307,三芳,20250221,20250224,49.8,Trailing Stop,20250303,51.7,20250306,52.4,0.0381526104417671,0.052208835341365445,0.014056224899598346,0.03216025589554083,0.04611605033220343,0.013955794436662602,False,True
1316,上曜,20220118,20220119,24.65,Trailing Stop,20220121,25.5,20220208,24.2,0.034482758620689724,-0.018255578093306246,-0.05273833671399597,0.02850181073848614,-0.0239433828687885,-0.052445193607274634,False,True
1319,東陽,20220530,20220531,40.05,Day 8 Time Stop,20220610,41.5,20220610,41.5,0.0362047440699127,0.0362047440699127,0.0,0.03022066732669444,0.03022066732669444,0.0,False,True
1319,東陽,20220818,20220819,53.2,Day 5 Weakness,20220826,53.0,20220830,52.5,-0.003759398496240629,-0.013157894736842146,-0.009398496240601517,-0.0095150652315546,-0.018891030564049692,-0.009375965332495092,False,True
1319,東陽,20221201,20221202,49.3,Close Confirmed Stop,20221208,47.0,20221213,47.35,-0.04665314401622711,-0.03955375253549687,0.007099391480730244,-0.052175819747953364,-0.04509345006688689,0.007082369681066472,False,True
1319,東陽,20230517,20230518,50.9,Day 5 Weakness,20230525,50.2,20230529,49.9,-0.013752455795677743,-0.01964636542239684,-0.005893909626719096,-0.01945361471398925,-0.025333393177591645,-0.005879778463602395,False,True
1319,東陽,20230605,20230606,51.8,Close Confirmed Stop,20230607,50.4,20230615,54.2,-0.027027027027026973,0.04633204633204646,0.07335907335907343,-0.032661613034051094,0.04028811573362059,0.07294972876767168,True,True
1319,東陽,20230613,20230614,52.2,Trailing Stop,20230628,51.8,20230627,51.1,-0.00766283524904221,-0.021072796934865967,-0.013409961685823757,-0.013407738054173135,-0.026752226149909592,-0.013344488095736457,False,True
1319,東陽,20230727,20230728,58.8,Day 5 Weakness,20230807,58.5,20230809,60.0,-0.005102040816326481,0.020408163265306145,0.025510204081632626,-0.010857305302997798,0.014491639507530038,0.025348944810527838,True,True
1319,東陽,20240125,20240126,87.1,Day 5 Weakness,20240202,84.9,20240215,89.4,-0.025258323765786295,0.02640642939150406,0.051664753157290355,-0.030927769356631742,0.02047982196082286,0.05140759131745461,True,True
1319,東陽,20250723,20250724,107.0,Day 5 Weakness,20250731,106.0,20250804,104.5,-0.009345794392523366,-0.02336448598130836,-0.014018691588784993,-0.01508701431506461,-0.029038769467061406,-0.013951755151996795,False,True
1319,東陽,20260115,20260116,109.0,Day 8 Time Stop,20260127,115.0,20260127,115.0,0.05504587155963292,0.05504587155963292,0.0,0.04893776105590427,0.04893776105590427,0.0,False,True
1319,東陽,20260603,20260604,94.0,Trailing Stop,20260615,101.5,20260615,105.0,0.07978723404255317,0.11702127659574457,0.037234042553191404,0.07352304872350038,0.11056758005273758,0.0370445313292372,False,True
1324,地球,20231208,20231211,20.8,Close Confirmed Stop,20231213,18.55,20231220,18.2,-0.10817307692307687,-0.1250000000000001,-0.01682692307692324,-0.11334498368204354,-0.13006488774803668,-0.016719904065993135,False,True
1326,台化,20221111,20221114,72.6,Day 5 Weakness,20221121,71.7,20221123,72.5,-0.01239669421487588,-0.0013774104683195176,0.011019283746556363,-0.018136733655901363,-0.007177257766799143,0.01095947588910222,False,True
1326,台化,20230109,20230110,73.1,Close Confirmed Stop,20230112,71.6,20230131,72.2,-0.020519835841313228,-0.012311901504787892,0.008207934336525335,-0.026208670566877822,-0.018053819261084427,0.008154851305793395,False,True
1326,台化,20250718,20250721,25.1,Trailing Stop,20250730,26.95,20250730,29.5,0.07370517928286846,0.17529880478087634,0.10159362549800788,0.06749949570778334,0.16848306828678075,0.10098357257899741,False,True
1326,台化,20250812,20250813,29.5,Day 5 Weakness,20250820,28.75,20250822,31.0,-0.025423728813559365,0.05084745762711873,0.0762711864406781,-0.03106189985023039,0.04475962826389073,0.07582152811412113,True,True
1326,台化,20260127,20260128,40.8,Trailing Stop,20260202,41.55,20260206,39.05,0.018382352941176405,-0.04289215686274506,-0.06127450980392146,0.01250636096781043,-0.04842118017947505,-0.06092754114728548,False,True
1326,台化,20260226,20260302,52.0,Close Confirmed Stop,20260303,48.0,20260311,44.0,-0.07692307692307687,-0.15384615384615385,-0.07692307692307698,-0.08226991894899341,-0.15874186902746246,-0.07647195007846905,False,True
1326,台化,20260603,20260604,57.0,Close Confirmed Stop,20260608,49.65,20260615,51.6,-0.1289473684210527,-0.09473684210526312,0.03421052631578958,-0.13397241291857592,-0.09997739174106106,0.033995021177514864,False,True
1326,台化,20260625,20260626,58.3,Close Confirmed Stop,20260629,54.4,20260707,63.3,-0.06689536878216118,0.08576329331046306,0.15265866209262424,-0.07229791335933072,0.07946162334971348,0.15175953670904418,True,True
1402,遠東新,20221114,20221115,32.75,Close Confirmed Stop,20221116,31.55,20221124,31.8,-0.036641221374045796,-0.02900763358778624,0.007633587786259555,-0.042249578896579494,-0.03463428953395375,0.007615289362625746,False,True
1402,遠東新,20240229,20240301,32.15,Day 5 Weakness,20240308,31.85,20240312,32.35,-0.009331259720062102,0.0062208398133749565,0.015552099533437058,-0.015072037592990464,0.0004094546661734149,0.015481492259163879,True,True
1402,遠東新,20240516,20240517,35.2,Close Confirmed Stop,20240521,34.45,20240528,33.7,-0.021306818181818232,-0.042613636363636354,-0.02130681818181812,-0.026986630718902088,-0.04814236184636592,-0.021155731127463835,False,True
1402,遠東新,20260126,20260127,29.05,Close Confirmed Stop,20260202,27.8,20260205,28.6,-0.04302925989672979,-0.015490533562822706,0.027538726333907082,-0.048557550163985774,-0.02118486749515105,0.027372682668834723,False,True
1402,遠東新,20260820,20260821,29.25,Day 5 Weakness,20260828,28.35,,,-0.03076923076923077,,,-0.03639341691284949,,,False,False
1442,名軒,20240429,20240430,57.5,Trailing Stop,20240510,57.0,20240510,54.6,-0.008695652173912993,-0.050434782608695605,-0.04173913043478261,-0.014438744433961627,-0.05591114772658787,-0.04147240329262624,False,True
1449,佳和,20231128,20231129,25.1,Close Confirmed Stop,20231201,22.85,20231208,22.9,-0.08964143426294824,-0.08764940239043839,0.0019920318725098474,-0.09492243629509277,-0.09293517942570129,0.001987256869391482,False,True
1453,大將,20220822,20220823,24.8,Close Confirmed Stop,20220825,23.7,20220901,22.0,-0.04435483870967749,-0.11290322580645162,-0.06854838709677413,-0.049879004112164296,-0.11806306953986251,-0.06818406542769821,False,True
1477,聚陽,20220812,20220815,185.0,Day 5 Weakness,20220822,174.5,20220824,183.0,-0.05675675675675673,-0.010810810810810811,0.04594594594594592,-0.062216475626225065,-0.016547264308207632,0.04566921131801743,False,True
1477,聚陽,20230616,20230619,269.0,Close Confirmed Stop,20230620,260.5,20230630,302.0,-0.03159851301115246,0.12267657992565062,0.15427509293680308,-0.03723219122233219,0.11620465485623685,0.15343684607856906,True,True
1477,聚陽,20230621,20230626,269.0,Day 8 Time Stop,20230705,306.5,20230705,306.5,0.1394052044609666,0.1394052044609666,0.0,0.13279282377807292,0.13279282377807292,0.0,False,True
1477,聚陽,20240715,20240716,453.5,Day 5 Weakness,20240723,451.5,20240729,445.5,-0.004410143329658167,-0.01764057331863289,-0.013230429988974723,-0.010166840206584933,-0.023332185964729153,-0.01316534575814422,False,True
1503,士電,20230714,20230717,164.0,Close Confirmed Stop,20230719,152.0,20230726,149.0,-0.07317073170731703,-0.09146341463414631,-0.018292682926829285,-0.07853877343237059,-0.096720665826069,-0.018181892393698412,False,True
1503,士電,20240314,20240315,210.0,Day 8 Time Stop,20240326,320.0,20240326,320.0,0.5238095238095237,0.5238095238095237,0.0,0.514996741658747,0.514996741658747,0.0,False,True
1503,士電,20260119,20260120,205.5,Trailing Stop,20260126,229.0,20260129,241.5,0.11435523114355228,0.17518248175182483,0.06082725060827254,0.10789454745038826,0.16837477490882624,0.06048022745843798,False,True
1504,東元,20230323,20230324,41.7,Day 8 Time Stop,20230407,43.05,20230407,43.05,0.03237410071942426,0.03237410071942426,0.0,0.026397012533354122,0.026397012533354122,0.0,False,True
1504,東元,20230519,20230522,51.1,Day 5 Weakness,20230529,51.2,20230531,51.2,0.001956947162426559,0.001956947162426559,0.0,-0.0038466519413507985,-0.0038466519413507985,0.0,False,True
1504,東元,20240216,20240219,47.9,Day 8 Time Stop,20240229,49.2,20240229,49.2,0.02713987473903967,0.02713987473903967,0.0,0.021208286513047854,0.021208286513047854,0.0,False,True
1504,東元,20240306,20240307,51.1,Day 5 Weakness,20240314,51.2,20240318,52.8,0.001956947162426559,0.03326810176125239,0.03131115459882583,-0.0038466519413507985,0.027289392989948077,0.031136044931298876,False,True
1504,東元,20240318,20240319,53.3,Day 8 Time Stop,20240328,57.1,20240328,57.1,0.07129455909943716,0.07129455909943716,0.0,0.06509264900709652,0.06509264900709652,0.0,False,True
1504,東元,20240607,20240611,59.6,Day 5 Weakness,20240618,55.2,20240620,54.3,-0.0738255033557047,-0.08892617449664442,-0.015100671140939714,-0.0791836107377456,-0.09421469809445558,-0.01503108735670998,False,True
1504,東元,20241007,20241008,50.7,Close Confirmed Stop,20241014,49.2,20241018,49.6,-0.029585798816568087,-0.021696252465483234,0.007889546351084853,-0.035211382443108445,-0.027374075381641917,0.007837307061466528,False,True
1504,東元,20250818,20250819,59.4,Trailing Stop,20250827,71.1,20250828,68.5,0.1969696969696968,0.15319865319865333,-0.04377104377104346,0.19006390545529958,0.14653122601864302,-0.04353267943665656,False,True
1504,東元,20260813,20260814,70.8,Day 8 Time Stop,20260825,70.8,20260825,70.8,0.0,0.0,0.0,-0.005798425469441984,-0.005798425469441984,0.0,False,True
1513,中興電,20220810,20220811,62.1,Day 5 Weakness,20220818,61.9,20220822,65.0,-0.0032206119162641045,0.04669887278582929,0.0499194847020934,-0.008980009769890782,0.04065298010529245,0.04963298987518323,True,True
1513,中興電,20230215,20230216,87.8,Day 8 Time Stop,20230301,96.5,20230301,96.5,0.09908883826879267,0.09908883826879267,0.0,0.09271822511113915,0.09271822511113915,0.0,False,True
1513,中興電,20230411,20230412,110.0,Day 5 Weakness,20230419,110.0,20230421,102.5,0.0,-0.06818181818181823,-0.06818181818181823,-0.005802031378496201,-0.07358673943458884,-0.06778470805609263,False,True
1513,中興電,20230620,20230621,134.0,Close Confirmed Stop,20230629,130.0,20230704,134.5,-0.02985074626865669,0.003731343283582156,0.03358208955223885,-0.03548577019519045,-0.002084472195151628,0.03340129800003882,True,True
1513,中興電,20231123,20231124,110.0,Day 8 Time Stop,20231205,129.5,20231205,129.5,0.17727272727272725,0.17727272727272725,0.0,0.1704448847069882,0.1704448847069882,0.0,False,True
1513,中興電,20240226,20240227,154.5,Trailing Stop,20240311,166.0,20240308,161.5,0.0744336569579287,0.0453074433656957,-0.029126213592232997,0.0682056857498021,0.03928330503239629,-0.028922380717405806,False,True
1513,中興電,20250516,20250519,152.5,Day 8 Time Stop,20250528,152.0,20250528,152.0,-0.003278688524590123,-0.003278688524590123,0.0,-0.00904326455830198,-0.00904326455830198,0.0,False,True
1513,中興電,20250829,20250901,173.5,Close Confirmed Stop,20250902,166.0,20250910,164.0,-0.043227665706051854,-0.05475504322766567,-0.011527377521613813,-0.04876862887978048,-0.06023489215342511,-0.011466263273644632,False,True
1513,中興電,20260122,20260123,185.5,Close Confirmed Stop,20260128,177.0,20260203,169.0,-0.04582210242587603,-0.0889487870619946,-0.04312668463611857,-0.051320551788488336,-0.09424348995233306,-0.04292293816384472,False,True
1513,中興電,20260526,20260527,168.5,Day 5 Weakness,20260603,171.0,20260605,170.5,0.014836795252225476,0.011869436201780381,-0.0029673590504450953,0.008953512173886726,0.006026754313206481,-0.0029267578606802453,False,True
1513,中興電,20260813,20260814,172.5,Close Confirmed Stop,20260820,165.0,20260825,165.5,-0.04347826086956519,-0.04057971014492756,0.0028985507246376274,-0.04901856214504292,-0.046126964312499165,0.002891597832543752,False,True
1514,亞力,20220606,20220607,30.3,Close Confirmed Stop,20220609,28.8,20220616,26.9,-0.04950495049504955,-0.11221122112211224,-0.06270627062706269,-0.054982446121139936,-0.11737178579813412,-0.062389339676994185,False,True
1514,亞力,20230131,20230201,34.6,Close Confirmed Stop,20230203,33.4,20230210,32.95,-0.034682080924855585,-0.047687861271676235,-0.01300578034682065,-0.04029546040588285,-0.05320340991695265,-0.0129079495110698,False,True
1514,亞力,20230220,20230221,35.3,Trailing Stop,20230301,38.3,20230306,39.95,0.08498583569405094,0.1317280453257792,0.04674220963172826,0.07871983210584244,0.12515007620519047,0.04643024409934804,False,True
1514,亞力,20230605,20230606,60.4,Close Confirmed Stop,20230607,57.9,20230615,58.2,-0.04139072847682124,-0.03642384105960261,0.004966887417218624,-0.046921999438513294,-0.04203368450424903,0.004888314934264261,False,True
1514,亞力,20231204,20231205,70.0,Day 8 Time Stop,20231214,89.0,20231214,89.0,0.27142857142857135,0.27142857142857135,0.0,0.2640810133737932,0.2640810133737932,0.0,False,True
1514,亞力,20240223,20240226,91.8,Day 8 Time Stop,20240307,113.5,20240307,113.5,0.23638344226579533,0.23638344226579533,0.0,0.22921468255368127,0.22921468255368127,0.0,False,True
1514,亞力,20250829,20250901,114.5,Close Confirmed Stop,20250902,109.5,20250910,107.0,-0.04366812227074235,-0.06550218340611358,-0.02183406113537123,-0.04920286979538061,-0.07091773815844665,-0.02171486836306604,False,True
1514,亞力,20251212,20251215,103.0,Close Confirmed Stop,20251217,99.6,20251224,102.0,-0.03300970873786413,-0.009708737864077666,0.023300970873786464,-0.03863864078039925,-0.0154604175532991,0.02317822322710015,False,True
1514,亞力,20260120,20260121,131.0,Trailing Stop,20260128,133.0,20260130,123.5,0.01526717557251911,-0.057251908396946605,-0.07251908396946571,0.009388473396138177,-0.06268921012957993,-0.0720776835257181,False,True
1515,力山,20230914,20230915,46.4,Close Confirmed Stop,20230919,43.7,20230926,41.35,-0.0581896551724137,-0.10883620689655171,-0.05064655172413801,-0.06361758693581089,-0.11400924119670873,-0.05039165426089784,False,True
1515,力山,20231114,20231115,53.7,Day 8 Time Stop,20231124,60.3,20231124,60.3,0.12290502793296088,0.12290502793296088,0.0,0.11641412626089166,0.11641412626089166,0.0,False,True
1519,華城,20220406,20220407,44.8,Close Confirmed Stop,20220408,42.6,20220418,41.9,-0.049107142857142794,-0.0647321428571428,-0.015625,-0.05459040915945161,-0.07014457770988486,-0.015554168550433248,False,True
1519,華城,20230217,20230220,58.5,Day 8 Time Stop,20230303,63.0,20230303,63.0,0.07692307692307687,0.07692307692307687,0.0,0.07067398120794491,0.07067398120794491,0.0,False,True
1519,華城,20230308,20230309,73.1,Close Confirmed Stop,20230314,67.3,20230320,72.0,-0.07934336525307795,-0.015047879616962967,0.06429548563611498,-0.08465733831823892,-0.020749836123643242,0.06390750219459568,False,True
1519,華城,20231207,20231208,363.0,Close Confirmed Stop,20231212,341.0,20231219,332.5,-0.06060606060606055,-0.08402203856749313,-0.023415977961432577,-0.06604748574582865,-0.08934017396674396,-0.023292688220915306,False,True
1522,堤維西,20230614,20230615,35.75,Day 8 Time Stop,20230628,37.6,20230628,37.6,0.051748251748251706,0.051748251748251706,0.0,0.045660392157006874,0.045660392157006874,0.0,False,True
1522,堤維西,20240219,20240220,44.4,Day 8 Time Stop,20240301,50.8,20240301,50.8,0.14414414414414423,0.14414414414414423,0.0,0.13750313624863686,0.13750313624863686,0.0,False,True
1522,堤維西,20240619,20240620,70.8,Day 8 Time Stop,20240701,71.2,20240701,71.2,0.005649717514124353,0.005649717514124353,0.0,-0.00016225219977753007,-0.00016225219977753007,0.0,False,True
1524,耿鼎,20220802,20220803,27.45,Close Confirmed Stop,20220804,25.8,20220812,25.85,-0.060109289617486295,-0.05828779599271394,0.0018214936247723523,-0.0655302579980936,-0.06374647566948444,0.0017837823286091653,False,True
1524,耿鼎,20221114,20221115,23.9,Day 5 Weakness,20221122,23.8,20221124,24.2,-0.004184100418409997,0.012552301255230214,0.01673640167364021,-0.009939364819686686,0.006690221869865345,0.016629586689552032,True,True
1524,耿鼎,20240216,20240219,34.1,Day 5 Weakness,20240226,34.4,20240229,36.3,0.008797653958944274,0.06451612903225801,0.055718475073313734,0.0029436917466679193,0.05832846297999044,0.05538477123332252,False,True
1524,耿鼎,20240227,20240229,36.0,Close Confirmed Stop,20240306,34.65,20240311,32.85,-0.03750000000000009,-0.08749999999999991,-0.04999999999999982,-0.043041370473620624,-0.09278814609025172,-0.0497467756166311,False,True
1524,耿鼎,20240401,20240402,37.2,Day 5 Weakness,20240411,35.55,20240415,36.1,-0.0443548387096776,-0.029569892473118364,0.014784946236559238,-0.04988050031836129,-0.035197692432819366,0.014682807885541924,False,True
1524,耿鼎,20240920,20240923,34.75,Day 8 Time Stop,20241004,34.9,20241004,34.9,0.004316546762589857,0.004316546762589857,0.0,-0.001491452931545535,-0.001491452931545535,0.0,False,True
1524,耿鼎,20241212,20241213,41.45,Close Confirmed Stop,20241216,39.85,20241224,38.7,-0.0386007237635706,-0.06634499396863691,-0.027744270205066313,-0.04413748246692627,-0.07174860409303188,-0.027611121626105614,False,True
1529,樂事綠能,20230220,20230221,25.7,Close Confirmed Stop,20230301,24.25,20230306,24.7,-0.05642023346303504,-0.03891050583657585,0.017509727626459193,-0.0618812121881675,-0.044446781289820936,0.017434430898346565,False,True
1529,樂事綠能,20230414,20230417,37.5,Trailing Stop,20230421,39.35,20230426,39.75,0.04933333333333345,0.06000000000000005,0.010666666666666602,0.043251794628882526,0.05385956338994597,0.010607768761063445,False,True
1529,樂事綠能,20240325,20240326,36.4,Close Confirmed Stop,20240328,35.3,20240408,34.2,-0.030219780219780223,-0.060439560439560336,-0.030219780219780112,-0.03584464366218912,-0.06585864352215844,-0.030013999859969318,False,True
1532,勤美,20240412,20240415,41.15,Day 8 Time Stop,20240424,43.4,20240424,43.4,0.054678007290400954,0.054678007290400954,0.0,0.04854961725391429,0.04854961725391429,0.0,False,True
1533,車王電,20230621,20230626,65.0,Trailing Stop,20230627,64.7,20230705,68.8,-0.004615384615384577,0.05846153846153834,0.06307692307692292,-0.010367316388045271,0.052325125183436606,0.06269244157148188,True,True
1536,和大,20240712,20240715,75.0,Close Confirmed Stop,20240718,70.0,20240726,62.5,-0.06666666666666665,-0.16666666666666663,-0.09999999999999998,-0.07207462894507836,-0.17150116336594418,-0.09942653442086581,False,True
1536,和大,20241107,20241108,62.0,Close Confirmed Stop,20241113,58.6,20241119,59.5,-0.05483870967741933,-0.040322580645161255,0.014516129032258074,-0.06030589090696625,-0.045857909041185946,0.014447981865780307,False,True
1536,和大,20250218,20250219,83.1,Trailing Stop,20250303,83.0,20250303,79.5,-0.001203369434416346,-0.04332129963898912,-0.04211793020457277,-0.007003023841845169,-0.048853064412090384,-0.04185004057024522,False,True
1536,和大,20250811,20250812,65.6,Day 8 Time Stop,20250821,63.3,20250821,63.3,-0.03506097560975607,-0.03506097560975607,0.0,-0.040679602969651354,-0.040679602969651354,0.0,False,True
1539,巨庭,20220819,20220822,47.0,Day 8 Time Stop,20220831,48.35,20220831,48.35,0.028723404255319274,0.028723404255319274,0.0,0.022788213871486877,0.022788213871486877,0.0,False,True
1560,中砂,20220530,20220531,155.0,Close Confirmed Stop,20220606,154.0,20220610,168.5,-0.006451612903225823,0.08709677419354844,0.09354838709677427,-0.012205429030325439,0.0808182184313708,0.09302364746169624,True,True
1560,中砂,20230613,20230614,130.0,Day 5 Weakness,20230621,128.0,20230627,124.0,-0.01538461538461533,-0.0461538461538461,-0.03076923076923077,-0.02108550225603574,-0.051647357048149864,-0.030561854792114124,False,True
1560,中砂,20230914,20230915,145.0,Close Confirmed Stop,20230920,139.0,20230926,142.0,-0.04137931034482756,-0.020689655172413834,0.020689655172413723,-0.04692130582273851,-0.026381566916411307,0.020539738906327206,False,True
1560,中砂,20231103,20231106,181.0,Close Confirmed Stop,20231108,171.0,20231115,178.0,-0.05524861878453036,-0.016574585635359074,0.03867403314917128,-0.060724519270073885,-0.02227699225579134,0.03844752701428254,False,True
1560,中砂,20240131,20240201,217.0,Day 8 Time Stop,20240221,250.5,20240221,250.5,0.15437788018433185,0.15437788018433185,0.0,0.14767550268364524,0.14767550268364524,0.0,False,True
1560,中砂,20240401,20240402,272.0,Trailing Stop,20240403,265.0,20240415,254.0,-0.02573529411764708,-0.06617647058823528,-0.0404411764705882,-0.03137549262530559,-0.07158620008330564,-0.04021070745800005,False,True
1560,中砂,20240529,20240530,281.0,Trailing Stop,20240603,287.0,20240611,281.0,0.021352313167259718,0.0,-0.021352313167259718,0.015448414441487835,-0.005785612113483478,-0.02123402655497131,False,True
1560,中砂,20241017,20241018,386.0,Close Confirmed Stop,20241021,367.0,20241029,323.5,-0.04922279792746109,-0.16191709844559588,-0.11269430051813478,-0.05473041980435108,-0.16678463466363513,-0.11205421485928405,False,True
1560,中砂,20250513,20250514,284.0,Day 8 Time Stop,20250523,282.5,20250523,282.5,-0.005281690140845119,-0.005281690140845119,0.0,-0.011050314414861583,-0.011050314414861583,0.0,False,True
1560,中砂,20250616,20250617,312.5,Close Confirmed Stop,20250619,292.0,20250626,324.0,-0.06559999999999999,0.036799999999999944,0.10239999999999994,-0.07100522003838802,0.030812564251882137,0.10181778429027016,True,True
1560,中砂,20250625,20250626,325.5,Close Confirmed Stop,20250630,318.0,20250707,322.0,-0.02304147465437789,-0.010752688172043001,0.01228878648233489,-0.028718272335157398,-0.016492293270102466,0.012225979065054932,False,True
1560,中砂,20251205,20251208,344.0,Day 8 Time Stop,20251217,366.0,20251217,366.0,0.06395348837209291,0.06395348837209291,0.0,0.057798937655105714,0.057798937655105714,0.0,False,True
1569,濱川,20240925,20240926,34.7,Close Confirmed Stop,20240927,33.35,20241009,40.1,-0.0389048991354467,0.1556195965417866,0.1945244956772333,-0.04444361415063967,0.14891425687117377,0.19335787102181343,True,True
1569,濱川,20250618,20250619,56.2,Trailing Stop,20250623,56.0,20250630,52.3,-0.003558718861210064,-0.06939501779359436,-0.0658362989323843,-0.009314489738098041,-0.07479293971981704,-0.065478449981719,False,True
1569,濱川,20250908,20250909,65.0,Close Confirmed Stop,20250912,62.1,20250918,63.2,-0.04461538461538461,-0.027692307692307683,0.01692307692307693,-0.05013812959757842,-0.03332227034623462,0.016815859251343802,False,True
1582,信錦,20231201,20231204,94.0,Day 5 Weakness,20231211,90.5,20231213,86.7,-0.037234042553191515,-0.07765957446808502,-0.04042553191489351,-0.04278331063665233,-0.08301167786668025,-0.040228367230027914,False,True
1582,信錦,20240603,20240604,113.0,Close Confirmed Stop,20240607,112.0,20240614,117.0,-0.008849557522123908,0.03539823008849563,0.04424778761061954,-0.014593850757387804,0.029414466862162952,0.044008317619550756,True,True
1584,精剛,20230221,20230222,29.15,Close Confirmed Stop,20230302,28.05,20230307,29.65,-0.037735849056603654,0.0171526586620927,0.054888507718696355,-0.043274940272757974,0.01128204895106196,0.054556989223819935,True,True
1584,精剛,20230414,20230417,39.1,Trailing Stop,20230421,40.65,20230426,40.05,0.039641943734015195,0.024296675191815664,-0.01534526854219953,0.033648738763818284,0.018373599076298545,-0.01527513968751974,False,True
1584,精剛,20230705,20230706,40.15,Close Confirmed Stop,20230707,38.0,20230717,37.5,-0.0535491905354919,-0.06600249066002484,-0.01245330012453294,-0.0590187584409589,-0.071408864294619,-0.0123901058536601,False,True
1584,精剛,20231124,20231127,37.25,Close Confirmed Stop,20231201,35.5,20231206,35.5,-0.046979865771812124,-0.046979865771812124,0.0,-0.05249887224308878,-0.05249887224308878,0.0,False,True
1584,精剛,20240409,20240410,36.6,Close Confirmed Stop,20240412,34.7,20240419,35.35,-0.051912568306010876,-0.03415300546448086,0.01775956284153002,-0.05738762515085168,-0.039770704383042,0.017616920767809685,False,True
1589,永冠-KY,20230322,20230323,79.3,Day 8 Time Stop,20230406,79.9,20230406,79.9,0.007566204287515976,0.007566204287515976,0.0,0.001742989070668199,0.001742989070668199,0.0,False,True
1591,駿吉-KY,20231207,20231208,54.0,Trailing Stop,20231213,58.1,20231219,55.0,0.07592592592592595,0.0185185185185186,-0.05740740740740735,0.06968168034287658,0.012645121263282651,-0.05703655907959393,False,True
1597,直得,20241225,20241226,114.0,Close Confirmed Stop,20241230,108.0,20250107,115.5,-0.052631578947368474,0.013157894736842035,0.06578947368421051,-0.058113395886601735,0.007284251471788602,0.06539764735839033,True,True
1597,直得,20260506,20260507,180.0,Trailing Stop,20260515,178.0,20260518,189.5,-0.011111111111111072,0.05277777777777781,0.06388888888888888,-0.016858165329183737,0.046676980189747454,0.06353514551893119,True,True
1605,華新,20221111,20221114,42.75,Trailing Stop,20221118,43.65,20221123,42.9,0.021052631578947434,0.0035087719298245723,-0.01754385964912286,0.015139549254840897,-0.0022956113940792123,-0.01743516064892011,False,True
1605,華新,20230131,20230201,53.6,Day 5 Weakness,20230208,53.2,20230210,53.0,-0.007462686567164201,-0.011194029850746245,-0.003731343283582045,-0.013208119363336128,-0.016930518076931207,-0.003722398713595079,False,True
1605,華新,20231115,20231116,38.5,Day 8 Time Stop,20231127,39.0,20231127,39.0,0.01298701298701288,0.01298701298701288,0.0,0.007124698611796517,0.007124698611796517,0.0,False,True
1605,華新,20240229,20240301,36.7,Close Confirmed Stop,20240308,35.0,20240312,35.6,-0.04632152588555871,-0.02997275204359673,0.016348773841961983,-0.051842327813843174,-0.03559943845285468,0.016242889360988493,False,True
1605,華新,20240409,20240410,39.1,Day 5 Weakness,20240417,38.2,20240419,38.85,-0.023017902813299185,-0.006393861892583175,0.01662404092071601,-0.02869418514876153,-0.012143338686240169,0.016550846462521362,False,True
1605,華新,20250512,20250513,22.4,Day 8 Time Stop,20250522,22.7,20250522,22.7,0.013392857142857206,0.013392857142857206,0.0,0.007529031752618423,0.007529031752618423,0.0,False,True
1605,華新,20251224,20251226,32.6,Day 8 Time Stop,20260107,39.65,20260107,39.65,0.21625766871165641,0.21625766871165641,0.0,0.20920892837942529,0.20920892837942529,0.0,False,True
1605,華新,20260113,20260114,41.95,Trailing Stop,20260120,41.55,20260123,38.85,-0.00953516090584039,-0.07389749702026227,-0.06436233611442188,-0.015276893566705025,-0.07925155713916536,-0.06397466357246033,False,True
1605,華新,20260420,20260421,32.4,Close Confirmed Stop,20260423,31.65,20260430,30.15,-0.02314814814814814,-0.06944444444444442,-0.04629629629629628,-0.028821708471652913,-0.07484043033496289,-0.04601872186330998,False,True
1608,華榮,20240306,20240307,23.0,Close Confirmed Stop,20240308,22.7,20240318,25.8,-0.013043478260869601,0.12173913043478257,0.13478260869565217,-0.01877470534190329,0.11525164682286686,0.13402635216477016,True,True
1608,華榮,20240311,20240312,23.5,Trailing Stop,20240314,25.15,20240321,25.65,0.07021276595744674,0.09148936170212751,0.02127659574468077,0.06401451950688998,0.08517345544850209,0.02115893594161211,False,True
1608,華榮,20240327,20240328,30.5,Day 5 Weakness,20240408,30.3,20240410,35.35,-0.006557377049180357,0.15901639344262297,0.16557377049180333,-0.012306411596511305,0.15230362960950392,0.16461004120601522,True,True
1608,華榮,20250827,20250828,31.05,Close Confirmed Stop,20250902,29.45,20250908,30.7,-0.05152979066022545,-0.011272141706924366,0.040257648953301084,-0.05700284433072642,-0.01700833604307075,0.039994508287655675,False,True
1608,華榮,20251105,20251106,41.2,Close Confirmed Stop,20251107,38.25,20251117,35.65,-0.07160194174757284,-0.13470873786407778,-0.06310679611650494,-0.07696149325764405,-0.13971696718479573,-0.06275547392715168,False,True
1608,華榮,20251212,20251215,37.65,Close Confirmed Stop,20251217,37.15,20251224,37.05,-0.013280212483399723,-0.015936254980079667,-0.0026560424966799445,-0.019010821945365772,-0.02162717706576907,-0.002616355120403299,False,True
1608,華榮,20251226,20251229,40.3,Close Confirmed Stop,20251231,38.4,20260108,37.85,-0.04714640198511166,-0.06079404466501226,-0.013647642679900596,-0.05266574533228576,-0.06621396872484497,-0.013548223392559212,False,True
1608,華榮,20260128,20260129,40.7,Close Confirmed Stop,20260202,37.3,20260209,33.0,-0.08353808353808367,-0.18918918918918926,-0.10565110565110558,-0.08883535729414772,-0.19389982687424967,-0.10506446958010195,False,True
1608,華榮,20260602,20260603,36.8,Close Confirmed Stop,20260609,34.0,20260612,34.4,-0.07608695652173902,-0.06521739130434778,0.010869565217391242,-0.08143542891693911,-0.07062525715771847,0.010810171759220638,False,True
1609,大亞,20221202,20221205,20.65,Day 8 Time Stop,20221214,20.75,20221214,20.75,0.004842615012106588,0.004842615012106588,0.0,-0.0009655487668105963,-0.0009655487668105963,0.0,False,True
1609,大亞,20230201,20230202,24.4,Close Confirmed Stop,20230207,23.05,20230213,23.3,-0.055327868852458884,-0.04508196721311464,0.010245901639344246,-0.060791823988479265,-0.05060381074681148,0.010188013241667786,False,True
1609,大亞,20230215,20230216,25.1,Day 5 Weakness,20230223,24.9,20230301,24.15,-0.007968127490039945,-0.03784860557768932,-0.029880478087649376,-0.013711470293654777,-0.04338704051271987,-0.02967557021906509,False,True
1609,大亞,20230307,20230308,25.7,Close Confirmed Stop,20230313,24.55,20230317,24.95,-0.04474708171206221,-0.029182879377431914,0.015564202334630295,-0.05026936634335212,-0.0348091213917629,0.015460244951589222,False,True
1609,大亞,20230606,20230607,36.55,Trailing Stop,20230613,38.7,20230616,38.5,0.05882352941176494,0.05335157318741457,-0.005471956224350372,0.052682145594780225,0.04725666807359089,-0.005425477521189333,False,True
1609,大亞,20240229,20240301,38.25,Day 5 Weakness,20240308,36.75,20240312,37.2,-0.039215686274509776,-0.027450980392156765,0.01176470588235301,-0.044753215429212165,-0.03308339834923819,0.011669817079973978,False,True
1609,大亞,20240410,20240411,46.2,Trailing Stop,20240423,57.5,20240422,57.8,0.24458874458874447,0.251082251082251,0.006493506493506551,0.23736865107619307,0.24384658954846603,0.006477938472272959,False,True
1609,大亞,20260120,20260121,42.55,Trailing Stop,20260126,43.25,20260130,41.55,0.016451233842538215,-0.023501762632197387,-0.0399529964747356,0.010580896684496344,-0.029176313359208117,-0.03975721004370446,False,True
1611,中電,20220610,20220613,19.8,Trailing Stop,20220617,20.5,20220622,18.85,0.03535353535353525,-0.0479797979797979,-0.08333333333333315,0.029371499137511692,-0.053462060157328475,-0.08283355929484017,False,True
1612,宏泰,20220325,20220328,30.2,Trailing Stop,20220408,30.0,20220408,30.65,-0.0066225165562913135,0.01490066225165565,0.021523178807946963,-0.012370465547504907,0.00903445206841268,0.021404917615917587,True,True
1612,宏泰,20230605,20230606,24.7,Trailing Stop,20230612,26.75,20230615,26.2,0.082995951417004,0.06072874493927127,-0.022267206477732726,0.0767335420318164,0.05458637352173393,-0.02214716851008247,False,True
1612,宏泰,20230725,20230726,28.1,Close Confirmed Stop,20230731,26.9,20230807,26.15,-0.04270462633451966,-0.06939501779359436,-0.026690391459074703,-0.048233206089608766,-0.07479293971981704,-0.026559733630208276,False,True
1612,宏泰,20231208,20231211,27.9,Trailing Stop,20231214,29.75,20231220,27.45,0.06630824372759858,-0.016129032258064502,-0.08243727598566308,0.060119641286760526,-0.021820088661532358,-0.08193972994829288,False,True
1612,宏泰,20240322,20240325,30.15,Day 8 Time Stop,20240403,31.1,20240403,31.1,0.03150912106136006,0.03150912106136006,0.0,0.025537827307858574,0.025537827307858574,0.0,False,True
1612,宏泰,20250814,20250815,38.7,Day 5 Weakness,20250822,37.85,20250826,37.35,-0.021963824289405687,-0.03488372093023262,-0.012919896640826933,-0.0276422358153907,-0.04049782206173471,-0.01285558624634401,False,True
1612,宏泰,20251103,20251104,40.6,Close Confirmed Stop,20251105,39.1,20251113,36.3,-0.036945812807881784,-0.10591133004926123,-0.06896551724137945,-0.042520536106354374,-0.11108743709182065,-0.06856690098546628,False,True
1616,億泰,20250609,20250610,28.7,Day 8 Time Stop,20250619,43.55,20250619,43.55,0.5174216027874563,0.5174216027874563,0.0,0.508651613136565,0.508651613136565,0.0,False,True
1618,合機,20230522,20230523,20.5,Close Confirmed Stop,20230525,19.6,20230601,19.85,-0.04390243902439017,-0.03170731707317065,0.012195121951219523,-0.049428642051105434,-0.03732943895331263,0.012099203097792804,False,True
1618,合機,20230605,20230606,21.9,Close Confirmed Stop,20230609,20.1,20230615,19.7,-0.08219178082191769,-0.1004566210045662,-0.018264840182648512,-0.0874918193161014,-0.10567954320911695,-0.018187723893015553,False,True
1618,合機,20231201,20231204,30.05,Trailing Stop,20231208,31.5,20231213,35.6,0.048252911813643884,0.18469217970049923,0.13643926788685534,0.04217361073635368,0.1778525021216346,0.13567889138528091,False,True
1618,合機,20240216,20240219,32.3,Day 8 Time Stop,20240229,34.9,20240229,34.9,0.08049535603715174,0.08049535603715174,0.0,0.07423634187066468,0.07423634187066468,0.0,False,True
1618,合機,20240322,20240325,37.15,Trailing Stop,20240401,37.3,20240403,36.3,0.004037685060565233,-0.02288021534320328,-0.026917900403768513,-0.0017711181671723976,-0.028557785106821294,-0.026786666939648898,False,True
1618,合機,20250711,20250714,51.5,Day 5 Weakness,20250721,51.2,20250723,50.0,-0.005825242718446533,-0.029126213592232997,-0.023300970873786464,-0.011579742320148507,-0.034758096634591486,-0.023178354314442977,False,True
1708,東鹼,20220112,20220113,35.65,Close Confirmed Stop,20220120,33.95,20220124,31.8,-0.04768583450210362,-0.1079943899018232,-0.06030855539971958,-0.053170163771803274,-0.11316740399625891,-0.059997240224455635,False,True
1708,東鹼,20240927,20240930,41.95,Day 5 Weakness,20241009,40.35,20241014,39.7,-0.038140643623361226,-0.05363528009535157,-0.015494636471990342,-0.0436804420692291,-0.05910459384913544,-0.015424151779906338,False,True
1708,東鹼,20260303,20260304,38.45,Close Confirmed Stop,20260305,37.5,20260313,39.3,-0.024707412223667125,0.022106631989596837,0.04681404421326396,-0.030379401974779625,0.016189058284615483,0.04656846025939511,True,True
1709,和益,20220103,20220104,24.4,Trailing Stop,20220112,24.1,20220113,24.2,-0.012295081967212962,-0.008196721311475419,0.004098360655737543,-0.01802883045142028,-0.01394029411578061,0.004088536335639669,False,True
1709,和益,20240920,20240923,25.4,Close Confirmed Stop,20240927,24.5,20241004,24.1,-0.03543307086614167,-0.051181102362204633,-0.015748031496062964,-0.04104674082471189,-0.056656980502015813,-0.015610239677303926,False,True
1709,和益,20260706,20260707,24.3,Close Confirmed Stop,20260709,23.95,20260717,26.05,-0.01440329218107006,0.07201646090534974,0.0864197530864198,-0.020132150054989924,0.06581380945497557,0.0859459595099655,True,True
1709,和益,20260824,20260825,34.4,Trailing Stop,20260828,34.5,,,0.0029069767441860517,,,-0.0028966421229467336,,,False,False
1710,東聯,20230605,20230606,22.1,Day 8 Time Stop,20230615,22.6,20230615,22.6,0.02262443438914019,0.02262443438914019,0.0,0.016707564956717467,0.016707564956717467,0.0,False,True
1711,永光,20260102,20260105,20.9,Trailing Stop,20260109,20.5,20260114,24.3,-0.019138755980861122,0.16267942583732076,0.18181818181818188,-0.024824449720083023,0.1559576897832334,0.18078213950331642,True,True
1711,永光,20260421,20260422,54.2,Trailing Stop,20260424,55.0,20260504,58.1,0.014760147601476037,0.0719557195571956,0.05719557195571956,0.008889144515900716,0.06574731195113062,0.05685816743522991,False,True
1712,興農,20220819,20220822,39.5,Trailing Stop,20220825,41.05,20220831,45.4,0.03924050632911391,0.14936708860759484,0.11012658227848093,0.033247008690708554,0.14270934262252669,0.10946233393181813,False,True
1712,興農,20220826,20220829,44.0,Day 8 Time Stop,20220907,44.6,20220907,44.6,0.013636363636363669,0.013636363636363669,0.0,0.00777390121510522,0.00777390121510522,0.0,False,True
1717,長興,20240927,20240930,34.8,Close Confirmed Stop,20241009,32.75,20241014,32.95,-0.05890804597701138,-0.05316091954022972,0.005747126436781658,-0.06436346665603357,-0.058630116882643475,0.005733349773390094,False,True
1717,長興,20250811,20250812,29.5,Trailing Stop,20250821,41.4,20250821,41.95,0.40338983050847443,0.42203389830508486,0.01864406779661043,0.395256189939166,0.41378885900579987,0.018532669066633867,False,True
1717,長興,20251211,20251212,41.55,Close Confirmed Stop,20251215,39.45,20251223,41.95,-0.050541516245487195,0.00962695547533099,0.060168471720818184,-0.05601761952922435,0.0037732786050351515,0.0597908981342595,True,True
1717,長興,20251222,20251223,41.5,Close Confirmed Stop,20251226,40.8,20260105,46.1,-0.01686746987951815,0.110843373493976,0.12771084337349414,-0.022556954994411942,0.10441448636347284,0.12697144135788477,True,True
1717,長興,20260102,20260105,43.0,Trailing Stop,20260109,51.5,20260114,61.0,0.19767441860465107,0.4186046511627908,0.2209302325581397,0.19076548999383672,0.41039858354014086,0.21963309354630414,False,True
1717,長興,20260706,20260707,86.8,Close Confirmed Stop,20260708,78.4,20260717,64.5,-0.09677419354838701,-0.2569124423963134,-0.16013824884792638,-0.10200745326138694,-0.26122824484211077,-0.15922079158072383,False,True
1722,台肥,20240429,20240430,66.6,Day 5 Weakness,20240508,65.9,20240510,64.7,-0.01051051051051033,-0.028528528528528385,-0.018018018018018056,-0.01624768384081394,-0.034155871807148686,-0.017908187966334744,False,True
1727,中華化,20260303,20260304,49.0,Close Confirmed Stop,20260305,48.3,20260313,60.8,-0.014285714285714346,0.24081632653061225,0.2551020408163266,-0.01998437407180589,0.23363885300590506,0.25362322707771096,True,True
1734,杏輝,20230616,20230619,37.6,Trailing Stop,20230628,37.4,20230630,36.2,-0.005319148936170248,-0.037234042553191404,-0.031914893617021156,-0.011069117572846182,-0.042807539157567756,-0.03173842158472157,False,True
1760,寶齡富錦,20220817,20220818,142.5,Trailing Stop,20220823,146.0,20220829,149.0,0.024561403508772006,0.04561403508771922,0.021052631578947212,0.018634377734786208,0.039569792362746714,0.020935414627960506,False,True
1773,勝一,20240327,20240328,191.0,Close Confirmed Stop,20240402,183.0,20240410,188.0,-0.041884816753926746,-0.015706806282722474,0.02617801047120427,-0.047434602743446394,-0.021419946701156902,0.026014656042289492,False,True
1783,和康生,20230206,20230207,59.9,Trailing Stop,20230210,60.5,20230216,59.1,0.01001669449081799,-0.013355592654423987,-0.023372287145241977,0.0041611165662788375,-0.01908845540219935,-0.02324957196847819,False,True
1785,光洋科,20230607,20230608,39.0,Day 5 Weakness,20230615,38.75,20230619,38.7,-0.0064102564102563875,-0.007692307692307665,-0.0012820512820512775,-0.012159518025500592,-0.013438495867433412,-0.0012789778419328192,False,True
1785,光洋科,20230626,20230627,39.6,Close Confirmed Stop,20230629,38.45,20230706,39.45,-0.029040404040403978,-0.0037878787878787845,0.025252525252525193,-0.03467050806013743,-0.009545237282111865,0.025125270778025566,False,True
1785,光洋科,20231106,20231107,40.65,Close Confirmed Stop,20231109,39.2,20231116,39.6,-0.035670356703566886,-0.02583025830258301,0.009840098400983877,-0.04128192648240251,-0.03146541666071037,0.009816509821692139,False,True
1785,光洋科,20240216,20240219,44.25,Day 5 Weakness,20240226,43.6,20240229,44.25,-0.014689265536723117,0.0,0.014689265536723117,-0.02038468699868718,-0.00579730319373686,0.01458738380495032,False,True
1785,光洋科,20240304,20240305,45.85,Close Confirmed Stop,20240311,43.2,20240314,44.25,-0.0577971646673936,-0.034896401308615044,0.022900763358778553,-0.0632579640923466,-0.04051216406830856,0.022745800024038046,False,True
1785,光洋科,20240529,20240530,50.2,Close Confirmed Stop,20240606,48.5,20240611,48.75,-0.033864541832669404,-0.028884462151394508,0.004980079681274896,-0.03947916818484129,-0.03451102601136215,0.0049681421734791426,False,True
1785,光洋科,20240617,20240618,56.7,Day 8 Time Stop,20240627,65.3,20240627,65.3,0.15167548500881822,0.15167548500881822,0.0,0.1450117095868752,0.1450117095868752,0.0,False,True
1785,光洋科,20240830,20240902,67.3,Close Confirmed Stop,20240905,62.3,20240911,59.2,-0.0742942050520059,-0.12035661218424953,-0.04606240713224363,-0.0796477585188496,-0.12546636306556044,-0.04581860454671084,False,True
1785,光洋科,20250609,20250610,60.6,Day 8 Time Stop,20250619,60.5,20250619,60.5,-0.0016501650165017256,-0.0016501650165017256,0.0,-0.0074461570189063376,-0.0074461570189063376,0.0,False,True
1785,光洋科,20250922,20250923,65.1,Close Confirmed Stop,20250930,62.3,20251003,61.5,-0.043010752688172005,-0.055299539170506784,-0.01228878648233478,-0.04853963655930273,-0.060765615624357665,-0.012225979065054932,False,True
1785,光洋科,20251210,20251211,64.7,Close Confirmed Stop,20251217,61.9,20251222,63.0,-0.043276661514683235,-0.026275115919629055,0.01700154559505418,-0.04880368898303373,-0.031909570967166644,0.016894118015867085,False,True
1785,光洋科,20260312,20260313,82.1,Trailing Stop,20260323,91.8,20260324,89.5,0.11814859926918397,0.09013398294762487,-0.028014616321559105,0.11170269230518662,0.08382187740249926,-0.02788081490268736,False,True
1795,美時,20220325,20220328,126.0,Trailing Stop,20220408,131.0,20220408,129.0,0.039682539682539764,0.023809523809523725,-0.01587301587301604,0.0336776233116647,0.01787611914474478,-0.015801504166919916,False,True
1795,美時,20220608,20220609,144.5,Close Confirmed Stop,20220615,136.5,20220620,139.0,-0.05536332179930792,-0.03806228373702425,0.01730103806228367,-0.0608333711837799,-0.04360720313944872,0.017226168044331178,False,True
1795,美時,20220817,20220818,168.0,Trailing Stop,20220824,177.5,20220829,169.5,0.05654761904761907,0.008928571428571397,-0.04761904761904767,0.050407594975259526,0.003103095501809081,-0.047304499473450445,False,True
1795,美時,20221121,20221122,195.0,Trailing Stop,20221130,229.5,20221201,246.5,0.17692307692307696,0.26410256410256405,0.08717948717948709,0.17011679784689396,0.25678591791935135,0.08666912007245739,False,True
1795,美時,20230217,20230220,297.5,Close Confirmed Stop,20230223,279.0,20230303,278.5,-0.06218487394957983,-0.06386554621848739,-0.001680672268907557,-0.06762442622538112,-0.06926749855245157,-0.0016430723270704495,False,True
1795,美時,20231201,20231204,270.0,Day 8 Time Stop,20231213,264.5,20231213,264.5,-0.020370370370370372,-0.020370370370370372,0.0,-0.02605058914826305,-0.02605058914826305,0.0,False,True
1795,美時,20240408,20240409,327.0,Close Confirmed Stop,20240419,319.5,20240418,321.0,-0.022935779816513735,-0.01834862385321101,0.004587155963302725,-0.028602921256077666,-0.024060332449437314,0.004542588806640352,False,True
1795,美時,20260113,20260114,294.5,Trailing Stop,20260120,319.5,20260123,322.0,0.08488964346349737,0.0933786078098473,0.008488964346349936,0.0785928551684319,0.08706144542659623,0.008468590258164335,False,True
1795,美時,20260127,20260128,348.0,Day 8 Time Stop,20260206,331.5,20260206,331.5,-0.04741379310344829,-0.04741379310344829,0.0,-0.052900927890116994,-0.052900927890116994,0.0,False,True
1802,台玻,20221122,20221123,25.0,Close Confirmed Stop,20221125,24.15,20221202,23.9,-0.03400000000000003,-0.04400000000000004,-0.010000000000000009,-0.039616687144383655,-0.04952602948457837,-0.009909342340194714,False,True
1802,台玻,20240617,20240618,20.65,Close Confirmed Stop,20240624,19.8,20240627,18.9,-0.04116222760290544,-0.0847457627118644,-0.04358353510895896,-0.046693473308898094,-0.09003922219836703,-0.04334574888946894,False,True
1802,台玻,20250725,20250728,20.65,Trailing Stop,20250806,23.0,20250806,23.35,0.11380145278450371,0.13075060532687677,0.016949152542373058,0.10736549580383793,0.12417403598426395,0.016808540180426018,False,True
1802,台玻,20251008,20251009,32.05,Close Confirmed Stop,20251015,28.7,20251021,28.1,-0.10452418096723859,-0.12324492979719182,-0.018720748829953227,-0.10970316649744769,-0.1283123927650119,-0.018609226267564227,False,True
1802,台玻,20251113,20251114,35.5,Close Confirmed Stop,20251117,36.5,20251125,32.45,0.028169014084507005,-0.08591549295774636,-0.11408450704225337,0.022238129750997673,-0.09120628135710855,-0.11344441110810623,False,True
1802,台玻,20260417,20260420,75.5,Close Confirmed Stop,20260421,71.4,20260429,66.2,-0.05430463576158928,-0.12317880794701985,-0.06887417218543057,-0.059778840929918815,-0.12825405083210356,-0.06847520990218475,False,True
1808,潤隆,20251020,20251021,34.75,Day 8 Time Stop,20251031,38.0,20251031,38.0,0.09352517985611519,0.09352517985611519,0.0,0.08720328930874169,0.08720328930874169,0.0,False,True
1815,富喬,20240523,20240524,24.6,Trailing Stop,20240531,26.4,20240604,26.5,0.07317073170731692,0.0772357723577235,0.004065040650406582,0.066965435234169,0.07098740337317398,0.004021968139004989,False,True
1815,富喬,20250523,20250526,32.25,Day 8 Time Stop,20250605,39.2,20250605,39.2,0.21550387596899223,0.21550387596899223,0.0,0.20845707359177007,0.20845707359177007,0.0,False,True
1815,富喬,20250717,20250718,48.15,Close Confirmed Stop,20250722,44.95,20250729,46.8,-0.06645898234683267,-0.028037383177570097,0.03842159916926258,-0.07186456884275227,-0.033668450750399294,0.03819611809235298,False,True
1815,富喬,20251224,20251226,92.3,Trailing Stop,20260105,91.4,20260107,87.5,-0.009750812567713929,-0.05200433369447455,-0.04225352112676062,-0.015497952035777833,-0.0574831920649212,-0.04198524002914337,False,True
1904,正隆,20260609,20260610,22.85,Day 8 Time Stop,20260622,22.55,20260622,22.55,-0.013129102844638973,-0.013129102844638973,0.0,-0.018861711504589547,-0.018861711504589547,0.0,False,True
1905,華紙,20230703,20230704,30.0,Close Confirmed Stop,20230707,28.2,20230713,26.8,-0.06000000000000005,-0.10666666666666669,-0.046666666666666634,-0.06541862463543707,-0.11184014911383693,-0.04642152447839985,False,True
1905,華紙,20231218,20231219,24.6,Day 5 Weakness,20231226,23.9,20231228,23.8,-0.028455284552845628,-0.0325203252032521,-0.004065040650406471,-0.0340836888735544,-0.03813898505473263,-0.004055296181178225,False,True
1905,華紙,20240927,20240930,22.1,Close Confirmed Stop,20241008,21.0,20241014,19.35,-0.04977375565610864,-0.1244343891402715,-0.07466063348416285,-0.055250499510696084,-0.1294989068752859,-0.07424840736458982,False,True
1907,永豐餘,20221114,20221115,27.95,Day 5 Weakness,20221122,27.95,20221124,27.1,0.0,-0.030411449016100156,-0.030411449016100156,-0.005796650423073049,-0.03603521333284508,-0.030238562909772032,False,True
1907,永豐餘,20230523,20230524,33.7,Day 5 Weakness,20230531,32.0,20230602,33.3,-0.05044510385756684,-0.011869436201780603,0.03857566765578624,-0.05592122927986554,-0.017604694346946857,0.038316534932918686,False,True
1907,永豐餘,20230626,20230627,38.7,Close Confirmed Stop,20230628,36.55,20230706,36.95,-0.05555555555555569,-0.0452196382428941,0.010335917312661591,-0.06102008678308336,-0.05074228539640825,0.010277801386675112,False,True
1907,永豐餘,20231201,20231204,32.75,Day 8 Time Stop,20231213,35.0,20231213,35.0,0.06870229007633588,0.06870229007633588,0.0,0.06250817224099445,0.06250817224099445,0.0,False,True
2002,中鋼,20240409,20240410,26.15,Close Confirmed Stop,20240415,24.8,20240419,24.45,-0.05162523900573601,-0.06500956022944548,-0.013384321223709472,-0.057097508916391954,-0.07041642459212562,-0.013318915675733664,False,True
2002,中鋼,20240927,20240930,23.45,Day 8 Time Stop,20241014,22.35,20241014,22.35,-0.046908315565031944,-0.046908315565031944,0.0,-0.0524250700552348,-0.0524250700552348,0.0,False,True
2002,中鋼,20250506,20250507,21.95,Close Confirmed Stop,20250509,21.2,20250516,21.0,-0.034168564920273314,-0.0432801822323462,-0.009111617312072884,-0.03978340279848866,-0.048806519746677546,-0.009023116948188886,False,True
2002,中鋼,20250723,20250724,19.75,Close Confirmed Stop,20250730,19.35,20250804,19.15,-0.02025316455696191,-0.03037974683544309,-0.010126582278481178,-0.025934813240166797,-0.03600379009086701,-0.010068976850700212,False,True
2002,中鋼,20260129,20260130,20.8,Day 8 Time Stop,20260210,20.5,20260210,20.5,-0.014423076923076983,-0.014423076923076983,0.0,-0.020119789482892895,-0.020119789482892895,0.0,False,True
2006,東和鋼鐵,20220606,20220607,68.5,Day 5 Weakness,20220614,68.5,20220616,65.0,0.0,-0.051094890510948954,-0.051094890510948954,-0.005800189478838504,-0.05657242191361989,-0.05077223243478139,False,True
2006,東和鋼鐵,20260305,20260306,80.0,Close Confirmed Stop,20260316,77.7,20260317,76.6,-0.028749999999999942,-0.04250000000000009,-0.013750000000000151,-0.03438297011673454,-0.048033250205594145,-0.013650280088859608,False,True
2006,東和鋼鐵,20260612,20260615,69.0,Day 8 Time Stop,20260625,70.0,20260625,70.0,0.01449275362318847,0.01449275362318847,0.0,0.008625932566372048,0.008625932566372048,0.0,False,True
2009,第一銅,20240314,20240315,36.05,Trailing Stop,20240320,35.3,20240326,36.15,-0.020804438280166426,0.00277392510402219,0.023578363384188616,-0.02648516308728534,-0.0030299897372814046,0.02345517335000394,True,True
2009,第一銅,20240401,20240402,40.0,Trailing Stop,20240412,50.0,20240415,50.7,0.25,0.26750000000000007,0.01750000000000007,0.24277047232914145,0.26016185942518444,0.017391387096042987,False,True
2009,第一銅,20260129,20260130,55.6,Close Confirmed Stop,20260202,47.8,20260210,43.95,-0.1402877697841728,-0.20953237410071934,-0.06924460431654655,-0.14524755384209148,-0.21409292163171162,-0.06884536778962014,False,True
2010,春源,20240429,20240430,22.5,Close Confirmed Stop,20240508,21.65,20240510,21.1,-0.0377777777777778,-0.06222222222222218,-0.02444444444444438,-0.043316310125593206,-0.06763552009414894,-0.024319209968555737,False,True
2014,中鴻,20221215,20221216,27.2,Close Confirmed Stop,20221220,26.4,20221227,26.7,-0.02941176470588236,-0.018382352941176516,0.011029411764705843,-0.035039795996599656,-0.024070170958379235,0.01096962503822042,False,True
2014,中鴻,20230918,20230919,24.8,Day 5 Weakness,20230926,24.0,20230928,22.55,-0.032258064516129115,-0.09072580645161288,-0.058467741935483764,-0.03787789415209129,-0.0960054797212022,-0.05812758556911091,False,True
2014,中鴻,20231115,20231116,22.3,Day 8 Time Stop,20231127,23.25,20231127,23.25,0.04260089686098656,0.04260089686098656,0.0,0.0365670326190734,0.0365670326190734,0.0,False,True
2014,中鴻,20250224,20250225,23.0,Day 8 Time Stop,20250307,24.85,20250307,24.85,0.08043478260869574,0.08043478260869574,0.0,0.07417959246834077,0.07417959246834077,0.0,False,True
2020,美亞,20240515,20240516,42.05,Close Confirmed Stop,20240517,40.9,20240527,40.45,-0.02734839476813311,-0.03804994054696775,-0.010701545778834642,-0.032982308887165954,-0.043591490545068445,-0.010609181657902492,False,True
2027,大成鋼,20220818,20220819,40.9,Day 5 Weakness,20220826,40.8,20220830,39.7,-0.0024449877750611915,-0.02933985330073341,-0.026894865525672218,-0.00823876961964641,-0.034969091555542196,-0.026730321935895786,False,True
2027,大成鋼,20221114,20221115,41.4,Day 5 Weakness,20221122,39.9,20221124,40.05,-0.036231884057971064,-0.03260869565217395,0.0036231884057971175,-0.041778687424351785,-0.0382309099844432,0.0035477774399085837,False,True
2027,大成鋼,20221205,20221206,43.3,Day 5 Weakness,20221213,42.95,20221215,44.75,-0.008083140877597983,0.0334872979214782,0.04157043879907618,-0.013826935748675329,0.02751054474444218,0.04133748049311751,True,True
2027,大成鋼,20230605,20230606,47.0,Day 5 Weakness,20230613,46.8,20230615,47.95,-0.004255319148936176,0.02021276595744692,0.024468085106383097,-0.010011380897709615,0.014297979459549331,0.024309360357258947,True,True
2027,大成鋼,20230615,20230616,48.2,Day 5 Weakness,20230627,47.7,20230629,47.35,-0.010373443983402453,-0.01763485477178428,-0.007261410788381828,-0.0161156925837539,-0.023326331696101564,-0.007210639112347664,False,True
2027,大成鋼,20230915,20230918,38.55,Day 5 Weakness,20230925,38.1,20230927,36.95,-0.01167315175097261,-0.04150453955901412,-0.02983138780804151,-0.017409627230857466,-0.04703614707733866,-0.02962651984648119,False,True
2027,大成鋼,20231116,20231117,38.25,Day 8 Time Stop,20231128,38.65,20231128,38.65,0.010457516339869244,0.010457516339869244,0.0,0.004600849606731632,0.004600849606731632,0.0,False,True
2027,大成鋼,20231215,20231218,39.95,Day 5 Weakness,20231225,39.7,20231227,39.35,-0.006257822277847325,-0.015018773466833557,-0.008760951188986232,-0.012006130754717,-0.020712752311426958,-0.008706621556709959,False,True
2027,大成鋼,20240321,20240322,37.85,Close Confirmed Stop,20240327,36.35,20240402,36.1,-0.039630118890356725,-0.04623513870541607,-0.006605019815059343,-0.045167910698943894,-0.05175709529650348,-0.006589184597559583,False,True
2027,大成鋼,20240409,20240410,37.8,Day 5 Weakness,20240417,36.9,20240419,37.7,-0.023809523809523725,-0.002645502645502451,0.021164021164021274,-0.029485524820102645,-0.008405599958286067,0.021079924861816576,False,True
2027,大成鋼,20240520,20240521,39.85,Close Confirmed Stop,20240527,38.25,20240530,37.95,-0.04015056461731492,-0.04767879548306142,-0.007528230865746499,-0.0456837469318374,-0.053193932019546225,-0.007510185087708822,False,True
2027,大成鋼,20250211,20250212,44.4,Close Confirmed Stop,20250213,42.8,20250221,44.2,-0.03603603603603611,-0.0045045045045044585,0.031531531531531654,-0.04164538349198672,-0.010256074492943872,0.03138930899904285,False,True
2027,大成鋼,20250725,20250728,38.9,Day 5 Weakness,20250804,38.9,20250806,39.95,0.0,0.026992287917738,0.026992287917738,-0.005797842056962018,0.021063060175490374,0.02686090223245239,True,True
2027,大成鋼,20251014,20251015,39.5,Close Confirmed Stop,20251016,38.6,20251027,37.7,-0.02278481012658229,-0.04556962025316447,-0.022784810126582178,-0.02846284492238434,-0.05109297316764213,-0.02263012824525779,False,True
2027,大成鋼,20260126,20260127,38.05,Trailing Stop,20260204,38.3,20260205,37.6,0.006570302233902758,-0.011826544021024898,-0.018396846254927657,0.0007557383797202279,-0.017563656336882512,-0.018319394716602738,False,True
2027,大成鋼,20260514,20260515,40.05,Trailing Stop,20260527,41.5,20260526,41.35,0.0362047440699127,0.03245942571785276,-0.0037453183520599342,0.03022066732669444,0.026484327294290906,-0.0037363400324035324,False,True
2030,彰源,20260623,20260624,19.85,Close Confirmed Stop,20260625,19.35,20260703,19.25,-0.02518891687657432,-0.030226700251889227,-0.005037783375314908,-0.030859615655709473,-0.0358519839289849,-0.004992368273275427,False,True
2031,新光鋼,20220325,20220328,67.0,Trailing Stop,20220408,68.7,20220408,69.2,0.025373134328358304,0.032835820895522394,0.00746268656716409,0.019447270574865876,0.02685872327681284,0.007411452701946965,False,True
2031,新光鋼,20220812,20220815,38.4,Day 8 Time Stop,20220824,39.05,20220824,39.05,0.01692708333333326,0.01692708333333326,0.0,0.01105519539405811,0.01105519539405811,0.0,False,True
2031,新光鋼,20230131,20230201,48.55,Day 5 Weakness,20230208,47.2,20230210,45.0,-0.02780638516992784,-0.07312049433573631,-0.04531410916580847,-0.033437261723909706,-0.07847606051721548,-0.04503879879330577,False,True
2031,新光鋼,20231218,20231219,57.4,Trailing Stop,20231229,58.4,20231228,58.2,0.017421602787456525,0.013937282229965264,-0.0034843205574912606,0.011549913002478531,0.008073944847182945,-0.0034759681552955866,False,True
2031,新光鋼,20240223,20240226,63.5,Day 8 Time Stop,20240307,64.5,20240307,64.5,0.015748031496062964,0.015748031496062964,0.0,0.009873387870486203,0.009873387870486203,0.0,False,True
2034,允強,20220728,20220729,28.75,Day 8 Time Stop,20220809,29.9,20220809,29.9,0.040000000000000036,0.040000000000000036,0.0,0.03400683829032595,0.03400683829032595,0.0,False,True
2038,海光,20230131,20230201,24.5,Close Confirmed Stop,20230206,23.1,20230210,22.6,-0.05714285714285705,-0.0775510204081632,-0.020408163265306145,-0.06260242572156872,-0.08289501343646942,-0.020292587714900695,False,True
2049,上銀,20230202,20230203,231.5,Day 8 Time Stop,20230214,241.0,20230214,241.0,0.0410367170626349,0.0410367170626349,0.0,0.03502874994313301,0.03502874994313301,0.0,False,True
2049,上銀,20230221,20230222,248.0,Day 8 Time Stop,20230307,263.0,20230307,263.0,0.06048387096774199,0.06048387096774199,0.0,0.0543149129447391,0.0543149129447391,0.0,False,True
2049,上銀,20230307,20230308,265.0,Close Confirmed Stop,20230313,241.0,20230317,252.5,-0.09056603773584904,-0.047169811320754707,0.04339622641509433,-0.0958476430326597,-0.05268884509575753,0.04315879793690217,False,True
2049,上銀,20230411,20230412,262.0,Day 5 Weakness,20230419,257.5,20230421,238.0,-0.01717557251908397,-0.09160305343511455,-0.07442748091603058,-0.022876162475875674,-0.09685766583790997,-0.0739815033620343,False,True
2049,上銀,20241210,20241211,250.5,Day 8 Time Stop,20241220,285.5,20241220,285.5,0.13972055888223545,0.13972055888223545,0.0,0.13310022463168664,0.13310022463168664,0.0,False,True
2049,上銀,20241223,20241224,301.5,Trailing Stop,20250103,311.0,20250103,303.0,0.031509121061359835,0.004975124378109541,-0.026533996683250294,0.02555548992679047,-0.0008479492970781459,-0.02640343922386862,False,True
2049,上銀,20251008,20251009,228.5,Close Confirmed Stop,20251014,217.0,20251021,216.0,-0.05032822757111599,-0.054704595185995575,-0.004376367614879584,-0.055807716675723776,-0.060173591818113256,-0.00436587514238948,False,True
2049,上銀,20260116,20260119,224.0,Day 8 Time Stop,20260128,259.5,20260128,259.5,0.1584821428571428,0.1584821428571428,0.0,0.15178072234330794,0.15178072234330794,0.0,False,True
2061,風青,20260527,20260528,32.9,Trailing Stop,20260603,41.5,20260608,35.85,0.2613981762917934,0.08966565349544076,-0.17173252279635265,0.2541046496242163,0.08335087503430097,-0.17075377458991534,False,True
2101,南港,20231228,20231229,42.9,Day 8 Time Stop,20240110,43.0,20240110,43.0,0.002331002331002363,0.002331002331002363,0.0,-0.003473544291166132,-0.003473544291166132,0.0,False,True
2101,南港,20240409,20240410,42.5,Day 8 Time Stop,20240419,50.0,20240419,50.0,0.17647058823529416,0.17647058823529416,0.0,0.16965101441160635,0.16965101441160635,0.0,False,True
2101,南港,20240604,20240605,64.4,Close Confirmed Stop,20240607,60.2,20240617,55.9,-0.0652173913043479,-0.13198757763975166,-0.06677018633540377,-0.07062634433181914,-0.13700303115124993,-0.06637668681943079,False,True
2101,南港,20250825,20250826,40.4,Day 5 Weakness,20250902,39.65,20250904,,-0.01856435643564358,,,-0.024253081968884635,,,False,False
2103,台橡,20260511,20260512,21.1,Day 5 Weakness,20260519,20.6,20260521,20.45,-0.023696682464455,-0.03080568720379162,-0.007109004739336622,-0.029369921212405215,-0.036428555668748024,-0.007058634456342808,False,True
2105,正新,20231011,20231012,44.9,Close Confirmed Stop,20231018,43.1,20231023,42.95,-0.04008908685968815,-0.04342984409799544,-0.0033407572383072903,-0.0456246972786817,-0.048957445610745304,-0.0033327483320636023,False,True
2105,正新,20231115,20231116,46.8,Close Confirmed Stop,20231121,45.7,20231127,46.85,-0.02350427350427342,0.0010683760683760646,0.024572649572649485,-0.02917921586325115,-0.004732154002246661,0.02444706186100449,True,True
2105,正新,20240314,20240315,47.7,Day 8 Time Stop,20240326,48.85,20240326,48.85,0.024109014675052443,0.024109014675052443,0.0,0.018187035212962673,0.018187035212962673,0.0,False,True
2105,正新,20240327,20240328,50.0,Close Confirmed Stop,20240403,48.4,20240410,49.1,-0.03200000000000003,-0.018000000000000016,0.014000000000000012,-0.03762148176427341,-0.023688386383679563,0.013933095380593844,False,True
2105,正新,20240513,20240514,51.9,Day 8 Time Stop,20240523,58.5,20240523,58.5,0.12716763005780352,0.12716763005780352,0.0,0.12066391491522473,0.12066391491522473,0.0,False,True
2201,裕隆,20220103,20220104,43.3,Day 5 Weakness,20220111,42.95,20220113,43.45,-0.008083140877597983,0.0034642032332565798,0.011547344110854563,-0.013826935748675329,-0.0023405992613980595,0.011486336487277269,True,True
2201,裕隆,20220601,20220602,45.95,Day 5 Weakness,20220610,44.7,20220614,44.8,-0.027203482045701888,-0.02502720348204579,0.0021762785636560977,-0.032835305456191996,-0.03069757565718854,0.002137729799003455,False,True
2201,裕隆,20221115,20221116,50.7,Day 8 Time Stop,20221125,60.6,20221125,60.6,0.195266272189349,0.195266272189349,0.0,0.1883684945785753,0.1883684945785753,0.0,False,True
2201,裕隆,20221125,20221128,60.8,Trailing Stop,20221130,64.5,20221207,63.4,0.06085526315789469,0.04276315789473695,-0.018092105263157743,0.05470620273391035,0.03675762715014855,-0.017948575583761804,False,True
2201,裕隆,20230109,20230110,67.7,Close Confirmed Stop,20230113,66.8,20230131,82.9,-0.013293943870014813,0.22451994091580496,0.23781388478581977,-0.01899692495893436,0.2174124641684998,0.23640938912743414,True,True
2201,裕隆,20230117,20230130,74.0,Trailing Stop,20230206,78.0,20230208,77.8,0.054054054054053946,0.05135135135135127,-0.002702702702702675,0.04792887637832513,0.04526597221042152,-0.0026629041679036083,False,True
2201,裕隆,20230417,20230418,82.6,Day 5 Weakness,20230425,81.3,20230427,80.5,-0.01573849878934619,-0.025423728813559254,-0.009685230024213065,-0.021438387283679052,-0.031066995826070063,-0.009628608542391011,False,True
2201,裕隆,20230522,20230523,84.2,Day 5 Weakness,20230530,83.5,20230601,89.6,-0.008313539192399078,0.06413301662707838,0.07244655581947745,-0.014065914982953079,0.05797305044808388,0.07203896543103697,True,True
2201,裕隆,20240219,20240220,72.0,Day 5 Weakness,20240227,70.7,20240301,70.7,-0.01805555555555549,-0.01805555555555549,0.0,-0.023743560035036127,-0.023743560035036127,0.0,False,True
2201,裕隆,20240927,20240930,60.1,Day 5 Weakness,20241009,59.2,20241014,57.0,-0.014975041597337757,-0.05158069883527461,-0.03660565723793685,-0.020673194511449066,-0.057057627684872554,-0.03638443317342349,False,True
2201,裕隆,20250916,20250917,35.1,Day 5 Weakness,20250924,35.45,20250926,34.5,0.009971509971510084,-0.017094017094017144,-0.02706552706552723,0.004114797585689761,-0.022785782288590222,-0.026900579874279983,False,True
2201,裕隆,20260603,20260604,29.2,Close Confirmed Stop,20260609,27.5,20260615,28.1,-0.05821917808219179,-0.03767123287671226,0.020547945205479534,-0.06367667953310267,-0.04321132364778726,0.020465355885315416,False,True
2204,中華,20230323,20230324,64.4,Close Confirmed Stop,20230328,63.4,20230407,64.4,-0.015527950310559091,0.0,0.015527950310559091,-0.021222760638557894,-0.005798729929685742,0.015424030708872152,False,True
2204,中華,20230413,20230414,66.6,Day 8 Time Stop,20230425,76.1,20230425,76.1,0.1426426426426426,0.1426426426426426,0.0,0.13600523391166938,0.13600523391166938,0.0,False,True
2204,中華,20230525,20230526,92.6,Day 8 Time Stop,20230606,99.5,20230606,99.5,0.0745140388768899,0.0745140388768899,0.0,0.0682983279972887,0.0682983279972887,0.0,False,True
2204,中華,20231206,20231207,112.5,Trailing Stop,20231219,114.0,20231218,115.5,0.01333333333333342,0.026666666666666616,0.013333333333333197,0.00746659859161405,0.020734593222361198,0.013267994630747147,False,True
2204,中華,20240216,20240219,123.5,Day 5 Weakness,20240226,120.5,20240229,125.5,-0.02429149797570851,0.0161943319838056,0.04048582995951411,-0.0299392356287756,0.010315853041912385,0.040255088670687986,True,True
2204,中華,20240306,20240307,133.5,Close Confirmed Stop,20240314,124.5,20240318,133.5,-0.0674157303370787,0.0,0.0674157303370787,-0.0728243835951654,-0.005804065891615671,0.06702031770354973,False,True
2204,中華,20240412,20240415,148.0,Close Confirmed Stop,20240417,140.0,20240424,138.5,-0.05405405405405406,-0.06418918918918914,-0.010135135135135087,-0.059529099840549896,-0.06960652812742751,-0.010077428286877618,False,True
2206,三陽工業,20240226,20240227,75.4,Day 8 Time Stop,20240308,74.5,20240308,74.5,-0.011936339522546469,-0.011936339522546469,0.0,-0.017674639878207,-0.017674639878207,0.0,False,True
2208,台船,20230217,20230220,21.75,Trailing Stop,20230302,22.85,20230303,22.9,0.05057471264367819,0.05287356321839076,0.0022988505747125743,0.04448850218967696,0.04674849914099986,0.0022599969513228957,False,True
2208,台船,20230412,20230413,25.0,Trailing Stop,20230417,26.45,20230424,26.2,0.05800000000000005,0.04800000000000004,-0.010000000000000009,0.05186267981908487,0.041919995198711764,-0.009942684620373107,False,True
2208,台船,20250829,20250901,21.0,Close Confirmed Stop,20250902,19.4,20250910,28.2,-0.07619047619047625,0.34285714285714275,0.419047619047619,-0.081537321827839,0.3350729000435103,0.41661022187134933,True,True
2208,台船,20260113,20260114,21.3,Day 8 Time Stop,20260123,22.1,20260123,22.1,0.03755868544600949,0.03755868544600949,0.0,0.031572890550573635,0.031572890550573635,0.0,False,True
2231,為升,20250908,20250909,142.0,Close Confirmed Stop,20250910,135.0,20250918,125.0,-0.04929577464788737,-0.11971830985915488,-0.07042253521126751,-0.054774332803114355,-0.12482808103809756,-0.0700537482349832,False,True
2231,為升,20260422,20260423,143.0,Close Confirmed Stop,20260424,137.0,20260505,118.0,-0.04195804195804198,-0.1748251748251748,-0.1328671328671328,-0.04749658749421577,-0.17961072190890348,-0.13211413441468772,False,True
2233,宇隆,20260521,20260522,345.0,Trailing Stop,20260528,365.5,20260602,329.0,0.05942028985507242,-0.04637681159420293,-0.10579710144927534,0.053275261875216064,-0.051897587715533995,-0.10517284959075006,False,True
2241,艾姆勒,20260609,20260610,39.7,Trailing Stop,20260612,40.1,20260622,51.6,0.010075566750629594,0.2997481108312341,0.2896725440806045,0.004217771643008183,0.2921950087507117,0.2879772371077035,False,True
2243,宏旭-KY,20241008,20241009,29.9,Close Confirmed Stop,20241011,25.2,20241021,23.35,-0.15719063545150502,-0.21906354515050164,-0.061872909698996614,-0.16207749920056355,-0.22356876878935605,-0.0614912695887925,False,True
2301,光寶科,20230531,20230601,87.8,Day 8 Time Stop,20230612,103.0,20230612,103.0,0.17312072892938501,0.17312072892938501,0.0,0.16633915287331008,0.16633915287331008,0.0,False,True
2301,光寶科,20240320,20240321,126.0,Close Confirmed Stop,20240326,119.0,20240401,100.0,-0.05555555555555558,-0.2063492063492064,-0.1507936507936508,-0.061031080199607624,-0.2109280065564774,-0.14989692635686977,False,True
2301,光寶科,20240704,20240705,110.5,Close Confirmed Stop,20240708,107.0,20240716,111.0,-0.03167420814479638,0.004524886877828038,0.03619909502262442,-0.037297024849949206,-0.0012847543149348932,0.03601227053501431,True,True
2301,光寶科,20241111,20241112,107.0,Close Confirmed Stop,20241113,105.0,20241121,103.5,-0.01869158878504673,-0.032710280373831724,-0.014018691588784993,-0.0243770740311632,-0.03832882918315987,-0.013951755151996672,False,True
2301,光寶科,20250604,20250605,106.0,Day 5 Weakness,20250612,106.0,20250616,108.5,0.0,0.02358490566037741,0.02358490566037741,-0.005805593205186938,0.01765593996263495,0.023461533167821888,True,True
2301,光寶科,20250703,20250704,115.0,Day 8 Time Stop,20250715,117.0,20250715,117.0,0.017391304347825987,0.017391304347825987,0.0,0.011511627518627875,0.011511627518627875,0.0,False,True
2301,光寶科,20260421,20260422,172.0,Day 8 Time Stop,20260504,171.5,20260504,171.5,-0.0029069767441860517,-0.0029069767441860517,0.0,-0.008667655124163015,-0.008667655124163015,0.0,False,True
2303,聯電,20221115,20221116,46.9,Day 5 Weakness,20221123,46.35,20221125,45.8,-0.011727078891257903,-0.023454157782516027,-0.011727078891258125,-0.01746144891585992,-0.02912709630860817,-0.011665647392748248,False,True
2303,聯電,20230117,20230130,47.95,Day 8 Time Stop,20230208,50.5,20230208,50.5,0.05318039624608972,0.05318039624608972,0.0,0.0470571452074937,0.0470571452074937,0.0,False,True
2303,聯電,20231227,20231228,54.3,Close Confirmed Stop,20240104,50.5,20240109,50.1,-0.06998158379373842,-0.07734806629834245,-0.007366482504604033,-0.0753488960978298,-0.08269771584362698,-0.0073488197457971804,False,True
2303,聯電,20240308,20240311,52.0,Day 5 Weakness,20240318,51.5,20240320,52.9,-0.009615384615384581,0.017307692307692246,0.026923076923076827,-0.01535696263033276,0.011434891940882016,0.026791854571214774,True,True
2303,聯電,20240319,20240320,53.6,Day 5 Weakness,20240327,51.6,20240329,52.2,-0.03731343283582089,-0.026119402985074647,0.011194029850746245,-0.04285399512438893,-0.031753455957457606,0.011100539166931322,False,True
2303,聯電,20240522,20240523,55.4,Day 8 Time Stop,20240603,55.0,20240603,55.0,-0.0072202166064981865,-0.0072202166064981865,0.0,-0.01297206387787437,-0.01297206387787437,0.0,False,True
2303,聯電,20250521,20250522,49.45,Close Confirmed Stop,20250527,47.1,20250603,47.25,-0.04752275025278063,-0.044489383215369105,0.0030333670374115274,-0.053038321092752735,-0.0500122253015659,0.0030260957911868377,False,True
2303,聯電,20250904,20250905,41.85,Close Confirmed Stop,20250912,41.0,20250916,41.05,-0.020310633213859064,-0.019115890083632125,0.0011947431302269385,-0.02599166583701468,-0.024799786644019887,0.0011918791929947936,False,True
2303,聯電,20250919,20250922,43.9,Day 8 Time Stop,20251002,43.8,20251002,43.8,-0.002277904328018221,-0.002277904328018221,0.0,-0.008071959853377015,-0.008071959853377015,0.0,False,True
2303,聯電,20251103,20251104,48.75,Close Confirmed Stop,20251107,45.5,20251113,44.45,-0.06666666666666665,-0.08820512820512816,-0.021538461538461506,-0.0720737415128708,-0.09349384012524653,-0.021420098612375732,False,True
2303,聯電,20260116,20260119,60.3,Trailing Stop,20260126,66.0,20260128,75.9,0.09452736318407973,0.2587064676616917,0.16417910447761197,0.08820508496979883,0.25142418535166444,0.1632191003818656,False,True
2303,聯電,20260420,20260421,78.0,Close Confirmed Stop,20260422,76.5,20260430,77.3,-0.019230769230769273,-0.008974358974359053,0.01025641025641022,-0.02491595639014139,-0.014717473709366352,0.010198482680775039,False,True
2308,台達電,20221111,20221114,284.5,Day 8 Time Stop,20221123,295.5,20221123,295.5,0.03866432337434089,0.03866432337434089,0.0,0.0326632290214345,0.0326632290214345,0.0,False,True
2308,台達電,20230414,20230417,315.5,Close Confirmed Stop,20230424,300.0,20230426,294.0,-0.04912836767036455,-0.06814580031695716,-0.019017432646592614,-0.054644120776235774,-0.07354854463621024,-0.01890442385997447,False,True
2308,台達電,20230526,20230529,324.0,Day 5 Weakness,20230605,319.0,20230607,328.5,-0.015432098765432056,0.01388888888888884,0.029320987654320896,-0.02114439061048564,0.008005746636628322,0.02915013724711396,True,True
2308,台達電,20230607,20230608,331.0,Day 8 Time Stop,20230619,375.5,20230619,375.5,0.1344410876132931,0.1344410876132931,0.0,0.1278976219663656,0.1278976219663656,0.0,False,True
2308,台達電,20240308,20240311,312.5,Day 5 Weakness,20240318,304.0,20240320,316.0,-0.027200000000000002,0.011200000000000099,0.0384000000000001,-0.032865597150947834,0.005341299690750272,0.038206896841698104,True,True
2308,台達電,20240321,20240322,348.0,Day 5 Weakness,20240329,346.5,20240402,338.0,-0.004310344827586188,-0.028735632183908066,-0.02442528735632188,-0.010067658487534416,-0.03436765013249279,-0.02429999164495837,False,True
2308,台達電,20240527,20240528,353.0,Close Confirmed Stop,20240531,332.0,20240606,345.0,-0.059490084985835745,-0.022662889518413554,0.03682719546742219,-0.06494788852512969,-0.028343835914827788,0.0366040526103019,False,True
2308,台達電,20240619,20240620,368.5,Day 8 Time Stop,20240701,390.5,20240701,390.5,0.05970149253731338,0.05970149253731338,0.0,0.05354641482350066,0.05354641482350066,0.0,False,True
2308,台達電,20241211,20241212,412.0,Day 8 Time Stop,20241223,420.0,20241223,420.0,0.01941747572815533,0.01941747572815533,0.0,0.013502340833047913,0.013502340833047913,0.0,False,True
2308,台達電,20250710,20250711,471.0,Day 8 Time Stop,20250722,513.0,20250722,513.0,0.08917197452229297,0.08917197452229297,0.0,0.08285495855868924,0.08285495855868924,0.0,False,True
2312,金寶,20241017,20241018,26.25,Close Confirmed Stop,20241024,24.85,20241029,25.05,-0.05333333333333323,-0.04571428571428571,0.007619047619047525,-0.05880349634235856,-0.05123605470423056,0.007567441638128003,False,True
2312,金寶,20241106,20241107,27.7,Close Confirmed Stop,20241112,26.2,20241118,27.7,-0.054151624548736454,0.0,0.054151624548736454,-0.05962072776846859,-0.005799021749864666,0.05382170601860393,False,True
2312,金寶,20251007,20251008,20.45,Trailing Stop,20251015,21.85,20251020,21.9,0.06845965770171158,0.07090464547677255,0.0024449877750609694,0.06226517352796399,0.06470430021083258,0.002439126682868588,False,True
2313,華通,20220325,20220328,53.0,Close Confirmed Stop,20220330,50.1,20220408,46.65,-0.05471698113207546,-0.11981132075471701,-0.06509433962264155,-0.06018457365363489,-0.12492277055898827,-0.06473819690535339,False,True
2313,華通,20221111,20221114,48.1,Close Confirmed Stop,20221115,47.65,20221123,48.05,-0.00935550935550944,-0.0010395010395011228,0.008316008316008316,-0.015095915421145065,-0.006833165500134297,0.008262749921010767,False,True
2313,華通,20230705,20230706,46.1,Day 5 Weakness,20230713,46.4,20230717,48.5,0.006507592190889255,0.05206073752711493,0.045553145336225676,0.0006956718215255571,0.04597299327006266,0.045277321448537106,False,True
2313,華通,20230918,20230919,58.0,Close Confirmed Stop,20230926,54.7,20230928,53.0,-0.05689655172413788,-0.08620689655172409,-0.02931034482758621,-0.06236095061689814,-0.09150092052273182,-0.029139969905833674,False,True
2313,華通,20231113,20231114,59.1,Close Confirmed Stop,20231116,57.8,20231123,64.9,-0.021996615905245376,0.09813874788494092,0.1201353637901863,-0.027673718811958768,0.09177374070215988,0.11944745951411864,True,True
2313,華通,20231120,20231121,64.0,Day 8 Time Stop,20231130,73.3,20231130,73.3,0.14531249999999996,0.14531249999999996,0.0,0.1386660750807364,0.1386660750807364,0.0,False,True
2313,華通,20240627,20240628,82.2,Close Confirmed Stop,20240702,75.6,20240709,86.1,-0.08029197080291983,0.04744525547445244,0.12773722627737227,-0.08560101124060787,0.041396067075457364,0.12699707831606524,True,True
2313,華通,20240708,20240709,86.4,Day 5 Weakness,20240716,86.0,20240718,82.9,-0.00462962962962965,-0.0405092592592593,-0.03587962962962965,-0.01039041091204674,-0.04605038224102977,-0.035659971328983034,False,True
2313,華通,20241211,20241212,67.5,Day 8 Time Stop,20241223,69.1,20241223,69.1,0.02370370370370356,0.02370370370370356,0.0,0.017784557294972494,0.017784557294972494,0.0,False,True
2313,華通,20250811,20250812,69.3,Day 8 Time Stop,20250821,75.2,20250821,75.2,0.08513708513708518,0.08513708513708518,0.0,0.07886632647729709,0.07886632647729709,0.0,False,True
2313,華通,20251215,20251216,89.0,Trailing Stop,20251222,89.5,20251226,98.8,0.00561797752808979,0.11011235955056176,0.10449438202247197,-0.00019955984631471173,0.1037103171104804,0.10390987695679511,False,True
2313,華通,20251223,20251224,102.5,Close Confirmed Stop,20251230,96.5,20260106,103.5,-0.05853658536585371,0.009756097560975618,0.06829268292682933,-0.06396344846661528,0.003898581105721434,0.06786202957233671,True,True
2316,楠梓電,20240306,20240307,42.0,Day 5 Weakness,20240314,41.3,20240318,43.25,-0.01666666666666672,0.029761904761904656,0.046428571428571375,-0.022358747077909157,0.023825131271078163,0.04618387834898732,True,True
2316,楠梓電,20240408,20240409,46.75,Close Confirmed Stop,20240412,44.5,20240418,41.45,-0.048128342245989275,-0.11336898395721917,-0.0652406417112299,-0.05360913175335949,-0.11852676772658047,-0.06491763597322098,False,True
2316,楠梓電,20240603,20240604,48.0,Day 5 Weakness,20240612,45.65,20240614,49.5,-0.048958333333333326,0.03125,0.08020833333333333,-0.05443889488120802,0.025277095862525883,0.0797159907437339,True,True
2316,楠梓電,20240614,20240617,49.8,Trailing Stop,20240625,58.1,20240626,57.7,0.16666666666666674,0.15863453815261064,-0.008032128514056103,0.15989908263486344,0.1519195765604429,-0.00797950607442055,False,True
2317,鴻海,20220531,20220601,112.5,Day 8 Time Stop,20220613,111.5,20220613,111.5,-0.008888888888888835,-0.008888888888888835,0.0,-0.014635602418332845,-0.014635602418332845,0.0,False,True
2317,鴻海,20220811,20220812,113.0,Day 5 Weakness,20220819,111.5,20220823,110.0,-0.013274336283185861,-0.026548672566371723,-0.013274336283185861,-0.01900802165742448,-0.03218383866712657,-0.01317581700970209,False,True
2317,鴻海,20230612,20230613,111.0,Day 8 Time Stop,20230626,115.5,20230626,115.5,0.04054054054054057,0.04054054054054057,0.0,0.034547715461531014,0.034547715461531014,0.0,False,True
2317,鴻海,20230626,20230627,116.0,Day 5 Weakness,20230704,112.0,20230706,105.5,-0.03448275862068961,-0.09051724137931039,-0.056034482758620774,-0.040100997239632785,-0.09580093085308705,-0.05569993361345427,False,True
2317,鴻海,20240304,20240305,107.0,Day 8 Time Stop,20240314,121.0,20240314,121.0,0.13084112149532712,0.13084112149532712,0.0,0.12426388142641373,0.12426388142641373,0.0,False,True
2317,鴻海,20240318,20240319,133.0,Day 8 Time Stop,20240328,155.5,20240328,155.5,0.16917293233082709,0.16917293233082709,0.0,0.16239862782050576,0.16239862782050576,0.0,False,True
2317,鴻海,20241004,20241007,199.0,Day 5 Weakness,20241015,201.0,20241017,208.5,0.01005025125628145,0.047738693467336724,0.03768844221105527,0.004215195780789869,0.04167942097929716,0.03746422519850729,False,True
2317,鴻海,20241015,20241016,204.0,Day 8 Time Stop,20241025,216.0,20241025,216.0,0.05882352941176472,0.05882352941176472,0.0,0.05266181770779283,0.05266181770779283,0.0,False,True
2317,鴻海,20250624,20250625,161.5,Day 8 Time Stop,20250704,161.0,20250704,161.0,-0.003095975232198178,-0.003095975232198178,0.0,-0.008862567411370726,-0.008862567411370726,0.0,False,True
2317,鴻海,20250724,20250725,175.5,Day 8 Time Stop,20250805,184.5,20250805,184.5,0.05128205128205132,0.05128205128205132,0.0,0.045178814958144096,0.045178814958144096,0.0,False,True
2317,鴻海,20250807,20250808,197.0,Day 8 Time Stop,20250819,208.0,20250819,208.0,0.055837563451776706,0.055837563451776706,0.0,0.04970462160537638,0.04970462160537638,0.0,False,True
2317,鴻海,20250923,20250924,222.0,Close Confirmed Stop,20251001,219.0,20251007,228.5,-0.013513513513513487,0.029279279279279313,0.0427927927927928,-0.019243488514749156,0.02334676797291223,0.04259025648766139,True,True
2317,鴻海,20251020,20251021,241.5,Day 8 Time Stop,20251031,257.5,20251031,257.5,0.0662525879917184,0.0662525879917184,0.0,0.060061599417312664,0.060061599417312664,0.0,False,True
2317,鴻海,20260422,20260423,229.5,Day 5 Weakness,20260430,224.5,20260505,239.5,-0.02178649237472763,0.04357298474945526,0.06535947712418289,-0.02744668235440591,0.03755518280299792,0.06500186515740383,True,True
2317,鴻海,20260505,20260506,246.5,Day 8 Time Stop,20260515,248.5,20260515,248.5,0.008113590263691739,0.008113590263691739,0.0,0.0022801746190903335,0.0022801746190903335,0.0,False,True
2324,仁寶,20230529,20230530,28.4,Close Confirmed Stop,20230531,27.55,20230608,28.2,-0.029929577464788637,-0.007042253521126751,0.022887323943661886,-0.03555454609627874,-0.01278874436649399,0.02276580172978475,False,True
2324,仁寶,20230602,20230605,28.6,Day 8 Time Stop,20230614,28.55,20230614,28.55,-0.0017482517482517723,-0.0017482517482517723,0.0,-0.007543018818671479,-0.007543018818671479,0.0,False,True
2324,仁寶,20231211,20231212,32.55,Day 8 Time Stop,20231221,36.7,20231221,36.7,0.12749615975422435,0.12749615975422435,0.0,0.12099161443067842,0.12099161443067842,0.0,False,True
2324,仁寶,20240514,20240515,37.5,Close Confirmed Stop,20240516,37.1,20240524,38.5,-0.010666666666666602,0.026666666666666616,0.03733333333333322,-0.016404406511197973,0.02073944834039288,0.03714385485159086,True,True
2324,仁寶,20241001,20241004,34.25,Day 8 Time Stop,20241016,35.0,20241016,35.0,0.021897810218978186,0.021897810218978186,0.0,0.01598283113429301,0.01598283113429301,0.0,False,True
2324,仁寶,20241107,20241108,38.1,Day 5 Weakness,20241115,38.7,20241119,36.95,0.015748031496062964,-0.030183727034120644,-0.04593175853018361,0.009878277995640181,-0.03580998153475007,-0.04568825953039025,False,True
2324,仁寶,20250915,20250916,30.75,Day 8 Time Stop,20250925,36.4,20250925,36.4,0.18373983739837385,0.18373983739837385,0.0,0.1769010471485149,0.1769010471485149,0.0,False,True
2327,國巨,20221111,20221114,446.5,Day 8 Time Stop,20221123,449.0,20221123,449.0,0.005599104143336975,0.005599104143336975,0.0,-0.0002169245875031468,-0.0002169245875031468,0.0,False,True
2327,國巨*,20251007,20251008,184.5,Close Confirmed Stop,20251015,172.5,20251020,196.0,-0.06504065040650409,0.06233062330623307,0.12737127371273715,-0.070456777946021,0.056174709678686804,0.1266314876247078,True,True
2327,國巨*,20251021,20251022,206.5,Day 8 Time Stop,20251103,254.0,20251103,254.0,0.2300242130750605,0.2300242130750605,0.0,0.2229065122688208,0.2229065122688208,0.0,False,True
2327,國巨*,20260106,20260107,257.0,Close Confirmed Stop,20260109,238.5,20260116,283.0,-0.07198443579766534,0.10116731517509736,0.1731517509727627,-0.0773595680176452,0.09480732309830332,0.17216689111594852,True,True
2327,國巨*,20260113,20260114,268.0,Trailing Stop,20260122,287.5,20260123,291.5,0.0727611940298507,0.08768656716417911,0.014925373134328401,0.06652756847758505,0.08138355181789407,0.01485598334030902,False,True
2327,國巨*,20260413,20260414,311.5,Close Confirmed Stop,20260424,295.5,20260423,295.0,-0.051364365971107495,-0.052969502407704705,-0.0016051364365972098,-0.05684490272860013,-0.058446190170114584,-0.0016012874415144568,False,True
2327,國巨*,20260508,20260511,394.5,Trailing Stop,20260518,475.0,20260520,520.0,0.2040557667934093,0.3181242078580482,0.11406844106463887,0.1970795590650575,0.3104689774870727,0.11338941842201519,False,True
2328,廣宇,20221205,20221206,40.55,Close Confirmed Stop,20221208,39.8,20221215,38.7,-0.018495684340320562,-0.04562268803945735,-0.027127003699136787,-0.02418083777293071,-0.051142843627124776,-0.026962005854194067,False,True
2328,廣宇,20230529,20230530,40.0,Day 8 Time Stop,20230608,41.75,20230608,41.75,0.043749999999999956,0.043749999999999956,0.0,0.03771484429683944,0.03771484429683944,0.0,False,True
2328,廣宇,20230714,20230717,45.4,Close Confirmed Stop,20230720,42.3,20230726,41.8,-0.06828193832599128,-0.07929515418502209,-0.011013215859030812,-0.07368141880060904,-0.0846349079136401,-0.010953489113031067,False,True
2328,廣宇,20240327,20240328,36.3,Day 5 Weakness,20240408,35.6,20240410,35.15,-0.01928374655647369,-0.031680440771349794,-0.012396694214876103,-0.024969366307931944,-0.03730299632895862,-0.012333630021026679,False,True
2328,廣宇,20240527,20240528,36.5,Day 8 Time Stop,20240606,40.85,20240606,40.85,0.11917808219178094,0.11917808219178094,0.0,0.11269638353562675,0.11269638353562675,0.0,False,True
2328,廣宇,20250826,20250827,62.4,Close Confirmed Stop,20250901,59.0,20250905,54.5,-0.054487179487179516,-0.1266025641025641,-0.07211538461538458,-0.05995448682454363,-0.1316302699957643,-0.07167578317122067,False,True
2328,廣宇,20251029,20251030,58.7,Close Confirmed Stop,20251104,55.7,20251110,50.9,-0.05110732538330498,-0.13287904599659295,-0.08177172061328797,-0.056584527997106684,-0.13789334825314178,-0.0813088202560351,False,True
2328,廣宇,20260115,20260116,50.6,Trailing Stop,20260128,52.8,20260127,52.7,0.04347826086956519,0.04150197628458496,-0.0019762845849802257,0.03744312393996628,0.03547157698474031,-0.0019715469552259723,False,True
2328,廣宇,20260422,20260423,47.6,Close Confirmed Stop,20260424,45.4,20260505,55.1,-0.04621848739495804,0.15756302521008392,0.20378151260504196,-0.05174035713369456,0.1508521896442747,0.20259254677796926,True,True
2328,廣宇,20260429,20260430,48.3,Trailing Stop,20260511,53.0,20260512,54.0,0.09730848861283659,0.11801242236024856,0.020703933747411973,0.09097635429915751,0.11156395973235382,0.020587605433196307,False,True
2328,廣宇,20260525,20260526,57.3,Close Confirmed Stop,20260528,54.0,20260604,57.9,-0.05759162303664922,0.010471204188481797,0.06806282722513102,-0.06304959109800001,0.004616828053415303,0.06766641915141532,True,True
2329,華泰,20230308,20230309,21.1,Close Confirmed Stop,20230315,20.15,20230320,19.65,-0.04502369668246453,-0.06872037914691953,-0.023696682464455,-0.05054582458143376,-0.0741190446781661,-0.023573220096732343,False,True
2329,華泰,20230605,20230606,21.8,Day 8 Time Stop,20230615,23.9,20230615,23.9,0.09633027522935778,0.09633027522935778,0.0,0.0900014806392119,0.0900014806392119,0.0,False,True
2329,華泰,20230705,20230706,27.25,Day 8 Time Stop,20230717,30.25,20230717,30.25,0.11009174311926606,0.11009174311926606,0.0,0.10366251523825387,0.10366251523825387,0.0,False,True
2329,華泰,20240122,20240123,64.3,Close Confirmed Stop,20240129,59.9,20240201,64.1,-0.06842923794712286,-0.0031104199066874783,0.06531881804043538,-0.07382838893106243,-0.008899436847529715,0.06492895208353272,False,True
2329,華泰,20250217,20250218,38.0,Trailing Stop,20250224,37.55,20250227,36.55,-0.011842105263157987,-0.03815789473684217,-0.02631578947368418,-0.017579349844713873,-0.043698654276150134,-0.02611930443143626,False,True
2329,華泰,20250808,20250811,41.0,Day 5 Weakness,20250818,40.95,20250820,39.4,-0.0012195121951218413,-0.039024390243902474,-0.03780487804878063,-0.007017349233098936,-0.04456476443125282,-0.03754741519815388,False,True
2329,華泰,20250825,20250826,43.85,Day 5 Weakness,20250902,44.15,20250904,43.6,0.0068415051311288,-0.005701254275940704,-0.012542759407069504,0.0010268242822824142,-0.011452523386747229,-0.012479347669029642,False,True
2329,華泰,20250908,20250909,46.6,Close Confirmed Stop,20250910,43.8,20250918,46.6,-0.06008583690987135,0.0,0.06008583690987135,-0.06550498807832382,-0.005796473009628872,0.05970851506869495,False,True
2329,華泰,20260120,20260121,70.0,Close Confirmed Stop,20260122,66.5,20260130,58.1,-0.050000000000000044,-0.16999999999999993,-0.11999999999999988,-0.05547710882888981,-0.1748228049100791,-0.11934569608118928,False,True
2330,台積電,20230113,20230116,506.0,Day 8 Time Stop,20230206,526.0,20230206,526.0,0.03952569169960474,0.03952569169960474,0.0,0.033520099476001076,0.033520099476001076,0.0,False,True
2331,精英,20220817,20220818,25.95,Close Confirmed Stop,20220824,24.7,20220829,26.35,-0.048169556840077066,0.015414258188824803,0.06358381502890187,-0.05365269058764516,0.009545266406592248,0.0631979569942374,True,True
2332,友訊,20230519,20230522,20.1,Day 5 Weakness,20230529,19.65,20230531,20.9,-0.022388059701492713,0.03980099502487544,0.062189054726368154,-0.02806355372391587,0.0338098251887999,0.06187337891271577,True,True
2332,友訊,20230530,20230531,20.7,Day 8 Time Stop,20230609,20.8,20230609,20.8,0.004830917874396157,0.004830917874396157,0.0,-0.000978517884313306,-0.000978517884313306,0.0,False,True
2332,友訊,20241107,20241108,20.95,Close Confirmed Stop,20241113,19.1,20241119,21.35,-0.08830548926014314,0.019093078758950055,0.1073985680190932,-0.09359095295160236,0.013216831336094489,0.10680778428769684,True,True
2337,旺宏,20221118,20221121,34.9,Day 5 Weakness,20221128,33.85,20221130,34.65,-0.03008595988538676,-0.007163323782234943,0.022922636103151817,-0.03571274428807656,-0.012911760092182535,0.022800984195894027,False,True
2337,旺宏,20230202,20230203,37.05,Day 5 Weakness,20230210,36.35,20230214,36.35,-0.01889338731443979,-0.01889338731443979,0.0,-0.024581323999019196,-0.024581323999019196,0.0,False,True
2337,旺宏,20230616,20230619,34.85,Close Confirmed Stop,20230621,32.6,20230630,32.7,-0.06456241032998566,-0.061692969870875136,0.0028694404591105283,-0.0699740983965382,-0.06711153740546562,0.002862560991072585,False,True
2337,旺宏,20231215,20231218,30.3,Close Confirmed Stop,20231220,29.65,20231227,31.95,-0.021452145214521545,0.054455445544554504,0.07590759075907605,-0.027130180695432233,0.04832886327468866,0.07545904397012089,True,True
2337,旺宏,20231227,20231228,32.05,Day 5 Weakness,20240105,31.35,20240109,30.25,-0.021840873634945246,-0.05616224648985946,-0.03432137285491421,-0.027517971090849632,-0.06162377803109474,-0.034105806940245106,False,True
2337,旺宏,20240408,20240409,27.85,Close Confirmed Stop,20240415,26.9,20240418,26.25,-0.034111310592459754,-0.05745062836624781,-0.02333931777378806,-0.03972568953026903,-0.06290908943314877,-0.023183399902879737,False,True
2337,旺宏,20250513,20250514,21.25,Day 8 Time Stop,20250523,21.1,20250523,21.1,-0.007058823529411673,-0.007058823529411673,0.0,-0.012805211891397756,-0.012805211891397756,0.0,False,True
2337,旺宏,20250618,20250619,23.05,Close Confirmed Stop,20250623,20.95,20250630,21.25,-0.09110629067245124,-0.07809110629067251,0.013015184381778733,-0.09638428944746653,-0.08343362949235263,0.012950659955113908,False,True
2337,旺宏,20250919,20250922,27.8,Close Confirmed Stop,20250923,26.35,20251002,25.15,-0.05215827338129497,-0.09532374100719432,-0.043165467625899345,-0.05762920591138079,-0.10055791584351216,-0.04292870993213137,False,True
2338,光罩,20220530,20220531,91.7,Day 5 Weakness,20220608,92.0,20220610,93.9,0.0032715376226826187,0.02399127589967298,0.020719738276990363,-0.0025416208103725933,0.018061621412188235,0.020603242222560828,False,True
2338,光罩,20240711,20240712,82.5,Day 5 Weakness,20240719,79.5,20240723,73.1,-0.036363636363636376,-0.11393939393939401,-0.07757575757575763,-0.0419416196313719,-0.11909798604992636,-0.07715636641855446,False,True
2338,光罩,20260525,20260526,59.1,Close Confirmed Stop,20260527,56.9,20260604,52.7,-0.03722504230118451,-0.10829103214890012,-0.07106598984771562,-0.042765659604456475,-0.11346133296828212,-0.07069567336382565,False,True
2340,台亞,20230620,20230621,41.8,Trailing Stop,20230628,45.5,20230704,45.4,0.08851674641148333,0.0861244019138756,-0.0023923444976077235,0.08220331298717065,0.07985007024587291,-0.002353242741297737,False,True
2340,台亞,20260317,20260318,29.95,Close Confirmed Stop,20260320,29.2,20260327,26.8,-0.025041736227045086,-0.10517529215358923,-0.08013355592654414,-0.03071324138643851,-0.11035461182083837,-0.07964137043439987,False,True
2342,茂矽,20260120,20260121,36.95,Trailing Stop,20260126,35.5,20260130,32.9,-0.039242219215155694,-0.10960757780784858,-0.07036535859269288,-0.04477766936615543,-0.1147744118966997,-0.06999674253054426,False,True
2342,茂矽,20260617,20260618,52.0,Trailing Stop,20260624,54.4,20260630,56.6,0.04615384615384621,0.08846153846153859,0.04230769230769238,0.0401118732203079,0.082151441730653,0.0420395685103451,False,True
2344,華邦電,20230130,20230131,21.7,Day 8 Time Stop,20230209,22.9,20230209,22.9,0.055299539170506895,0.055299539170506895,0.0,0.0491710676289828,0.0491710676289828,0.0,False,True
2344,華邦電,20230216,20230217,23.4,Day 5 Weakness,20230224,23.2,20230302,24.0,-0.008547008547008517,0.025641025641025772,0.03418803418803429,-0.014291147762055412,0.019714907858757704,0.034006055620813117,True,True
2344,華邦電,20230302,20230303,24.4,Day 8 Time Stop,20230314,23.85,20230314,23.85,-0.022540983606557208,-0.022540983606557208,0.0,-0.028216843693087947,-0.028216843693087947,0.0,False,True
2344,華邦電,20230331,20230406,26.05,Close Confirmed Stop,20230407,25.9,20230417,26.55,-0.0057581573896353655,0.019193857965451144,0.02495201535508651,-0.01150829144160358,0.013283906883982888,0.02479219832558647,True,True
2344,華邦電,20230529,20230530,26.9,Day 8 Time Stop,20230608,27.2,20230608,27.2,0.011152416356877248,0.011152416356877248,0.0,0.005296240974069177,0.005296240974069177,0.0,False,True
2344,華邦電,20230731,20230801,29.95,Close Confirmed Stop,20230804,27.85,20230811,26.8,-0.07011686143572615,-0.10517529215358923,-0.035058430717863076,-0.07548025386812103,-0.11035461182083837,-0.034874357952717344,False,True
2344,華邦電,20230915,20230918,28.0,Close Confirmed Stop,20230921,26.45,20230927,25.75,-0.05535714285714288,-0.0803571428571429,-0.025000000000000022,-0.06082140966790171,-0.08569481793856125,-0.024873408270659536,False,True
2344,華邦電,20231227,20231228,30.2,Day 5 Weakness,20240105,29.1,20240109,28.1,-0.03642384105960261,-0.06953642384105951,-0.0331125827814569,-0.04203368450424903,-0.07493355812709208,-0.03289987362284305,False,True
2344,華邦電,20250624,20250625,20.2,Day 5 Weakness,20250702,19.9,20250704,19.15,-0.014851485148514865,-0.051980198019802026,-0.03712871287128716,-0.020546598565345586,-0.05745296592036687,-0.036906367355021286,False,True
2344,華邦電,20250916,20250917,28.1,Trailing Stop,20250926,32.95,20250926,31.4,0.17259786476868322,0.11743772241992878,-0.05516014234875444,0.16581973384369966,0.11099184704366001,-0.05482788680003965,False,True
2344,華邦電,20260512,20260513,117.0,Trailing Stop,20260520,117.5,20260522,125.0,0.004273504273504258,0.06837606837606836,0.0641025641025641,-0.0015347093974144937,0.06218080231641374,0.06371551171382824,False,True
2345,智邦,20230207,20230208,275.5,Day 8 Time Stop,20230217,283.0,20230217,283.0,0.02722323049001818,0.02722323049001818,0.0,0.021267526910042307,0.021267526910042307,0.0,False,True
2345,智邦,20240516,20240517,493.5,Day 8 Time Stop,20240528,502.0,20240528,502.0,0.01722391084093222,0.01722391084093222,0.0,0.011340699543802313,0.011340699543802313,0.0,False,True
2347,聯強,20231011,20231012,67.6,Day 8 Time Stop,20231023,66.2,20231023,66.2,-0.020710059171597517,-0.020710059171597517,0.0,-0.026392346611829588,-0.026392346611829588,0.0,False,True
2347,聯強,20240313,20240314,79.4,Day 5 Weakness,20240321,78.6,20240325,78.1,-0.010075566750629816,-0.01637279596977348,-0.006297229219143663,-0.015818328357319396,-0.022067099488320148,-0.006248771131000752,False,True
2347,聯強,20240527,20240528,86.8,Day 5 Weakness,20240604,82.8,20240606,83.2,-0.04608294930875578,-0.041474654377880116,0.004608294930875667,-0.051604468008579145,-0.04700722083466463,0.0045972471739145135,False,True
2347,聯強,20260602,20260603,92.1,Close Confirmed Stop,20260609,86.9,20260612,89.1,-0.05646036916395214,-0.032573289902280145,0.023887079261671995,-0.0619252758163142,-0.038195552159327774,0.023729723656986425,False,True
2348,海悅,20241212,20241213,189.5,Day 5 Weakness,20241220,187.0,20241224,221.0,-0.01319261213720313,0.1662269129287599,0.17941952506596304,-0.018926995854075736,0.15946204209920595,0.17838903795328168,True,True
2348,海悅,20241226,20241227,237.0,Close Confirmed Stop,20241230,218.0,20250108,190.5,-0.08016877637130804,-0.19620253164556967,-0.11603375527426163,-0.08548494505492282,-0.20087254950547853,-0.11538760445055571,False,True
2351,順德,20221128,20221129,107.0,Day 8 Time Stop,20221208,107.0,20221208,107.0,0.0,0.0,0.0,-0.005796954598966023,-0.005796954598966023,0.0,False,True
2351,順德,20250821,20250822,81.1,Day 8 Time Stop,20250902,86.8,20250902,86.8,0.07028360049321836,0.07028360049321836,0.0,0.06408022078104784,0.06408022078104784,0.0,False,True
2352,佳世達,20221116,20221117,28.6,Day 8 Time Stop,20221128,28.15,20221128,28.15,-0.01573426573426584,-0.01573426573426584,0.0,-0.021428805441414508,-0.021428805441414508,0.0,False,True
2352,佳世達,20230220,20230221,29.85,Day 8 Time Stop,20230306,30.55,20230306,30.55,0.02345058626465657,0.02345058626465657,0.0,0.01753196906769619,0.01753196906769619,0.0,False,True
2352,佳世達,20230608,20230609,44.2,Day 8 Time Stop,20230620,46.8,20230620,46.8,0.0588235294117645,0.0588235294117645,0.0,0.052686597190424116,0.052686597190424116,0.0,False,True
2352,佳世達,20241017,20241018,38.5,Close Confirmed Stop,20241025,37.35,20241029,36.05,-0.029870129870129825,-0.06363636363636371,-0.03376623376623389,-0.03549634833566831,-0.06904827955556393,-0.03355193121989562,False,True
2352,佳世達,20260521,20260522,28.2,Day 5 Weakness,20260529,28.05,20260602,31.5,-0.005319148936170137,0.1170212765957448,0.12234042553191493,-0.011071478582756263,0.11057552769210244,0.1216470062748587,True,True
2353,宏碁,20220105,20220106,30.55,Day 5 Weakness,20220113,30.3,20220117,30.45,-0.008183306055646433,-0.00327332242225864,0.004909983633387793,-0.013926114247687136,-0.009061220627197308,0.004864893620489828,False,True
2353,宏碁,20231219,20231220,41.2,Day 8 Time Stop,20231229,53.8,20231229,53.8,0.30582524271844647,0.30582524271844647,0.0,0.29826064856129375,0.29826064856129375,0.0,False,True
2353,宏碁,20260114,20260115,27.5,Close Confirmed Stop,20260122,26.45,20260126,26.15,-0.038181818181818206,-0.049090909090909185,-0.01090909090909098,-0.043722097581157325,-0.05457169059216571,-0.010849593011008386,False,True
2353,宏碁,20260318,20260319,28.65,Close Confirmed Stop,20260324,27.4,20260330,27.0,-0.04363001745200701,-0.05759162303664922,-0.013961605584642212,-0.049154774853240754,-0.06304959109800001,-0.013894816244759259,False,True
2353,宏碁,20260814,20260817,32.5,Close Confirmed Stop,20260818,31.1,20260826,31.4,-0.04307692307692301,-0.03384615384615386,0.009230769230769154,-0.04860335592086694,-0.03946136505308028,0.009141990867786658,False,True
2354,鴻準,20220105,20220106,66.0,Close Confirmed Stop,20220111,64.1,20220117,62.4,-0.028787878787878918,-0.054545454545454564,-0.025757575757575646,-0.034415338230759665,-0.06001118977547248,-0.025595851544712812,False,True
2354,鴻準,20221109,20221110,47.95,Day 8 Time Stop,20221121,49.55,20221121,49.55,0.033368091762252305,0.033368091762252305,0.0,0.027392296294136576,0.027392296294136576,0.0,False,True
2354,鴻準,20221130,20221201,52.8,Day 5 Weakness,20221208,53.2,20221212,52.8,0.007575757575757791,0.0,-0.007575757575757791,0.0017577989595146807,-0.005799795924804102,-0.007557594884318783,False,True
2354,鴻準,20230130,20230131,55.2,Day 8 Time Stop,20230209,55.5,20230209,55.5,0.005434782608695565,0.005434782608695565,0.0,-0.0003804832728345912,-0.0003804832728345912,0.0,False,True
2354,鴻準,20230915,20230918,59.0,Day 5 Weakness,20230925,57.7,20230927,55.9,-0.02203389830508473,-0.05254237288135599,-0.03050847457627126,-0.027717219542583722,-0.058019006765267445,-0.030301787222683722,False,True
2354,鴻準,20241024,20241025,71.5,Day 8 Time Stop,20241106,87.2,20241106,87.2,0.21958041958041963,0.21958041958041963,0.0,0.212490242440795,0.212490242440795,0.0,False,True
2354,鴻準,20250612,20250613,64.3,Close Confirmed Stop,20250620,62.4,20250624,64.6,-0.029548989113530322,0.004665629860031162,0.034214618973561484,-0.035174648678664676,-0.0011420272527772482,0.03403262142588743,True,True
2354,鴻準,20250805,20250806,71.0,Trailing Stop,20250813,71.9,20250815,71.8,0.012676056338028152,0.011267605633802802,-0.0014084507042253502,0.006815639881159742,0.0054105654446569606,-0.001405074436502781,False,True
2355,敬鵬,20220104,20220105,42.65,Close Confirmed Stop,20220107,39.65,20220114,36.7,-0.07033997655334112,-0.13950762016412654,-0.06916764361078542,-0.07570396932613463,-0.14447231616644726,-0.06876834684031263,False,True
2355,敬鵬,20260317,20260318,46.1,Close Confirmed Stop,20260324,44.0,20260327,50.5,-0.045553145336225676,0.0954446854663773,0.14099783080260297,-0.05107364240268868,0.08911964272294805,0.14019328512563672,True,True
2356,英業達,20230322,20230323,30.15,Day 8 Time Stop,20230406,33.9,20230406,33.9,0.12437810945273631,0.12437810945273631,0.0,0.11788431422458066,0.11788431422458066,0.0,False,True
2356,英業達,20230609,20230612,38.8,Trailing Stop,20230621,43.7,20230621,44.75,0.12628865979381465,0.15335051546391765,0.027061855670102997,0.11978808752507934,0.14665171573962918,0.026863628214549837,False,True
2356,英業達,20240123,20240124,57.7,Close Confirmed Stop,20240129,55.6,20240202,56.3,-0.036395147313691534,-0.024263431542461134,0.0121317157712304,-0.04197320134722243,-0.029937262453389936,0.012035938893832497,False,True
2356,英業達,20241106,20241107,52.0,Close Confirmed Stop,20241113,50.3,20241118,48.9,-0.0326923076923078,-0.059615384615384626,-0.026923076923076827,-0.03831188367574896,-0.06503705813758726,-0.026725174461838294,False,True
2356,英業達,20250912,20250915,43.8,Day 8 Time Stop,20250924,44.65,20250924,44.65,0.019406392694063967,0.019406392694063967,0.0,0.013496151842026403,0.013496151842026403,0.0,False,True
2356,英業達,20250925,20250926,47.1,Close Confirmed Stop,20250930,45.65,20251009,46.35,-0.030785562632696495,-0.015923566878980888,0.014861995753715607,-0.036409266627044724,-0.021616234624130256,0.014793032002914468,False,True
2356,英業達,20251205,20251208,47.85,Close Confirmed Stop,20251210,45.3,20251217,42.35,-0.053291536050156796,-0.11494252873563215,-0.06165099268547536,-0.0587614588946883,-0.1200646321010601,-0.0613031732063718,False,True
2356,英業達,20260424,20260427,50.3,Close Confirmed Stop,20260428,46.35,20260507,49.95,-0.07852882703777331,-0.006958250497017815,0.07157057654075549,-0.08387456822647676,-0.012709152623560023,0.07116541560291674,False,True
2357,華碩,20230130,20230131,280.0,Close Confirmed Stop,20230201,274.5,20230209,276.0,-0.019642857142857184,-0.014285714285714235,0.005357142857142949,-0.02532606203061377,-0.020015092347299927,0.005310969683313842,False,True
2357,華碩,20231213,20231214,410.0,Day 8 Time Stop,20231225,471.5,20231225,471.5,0.1499999999999999,0.1499999999999999,0.0,0.1433391343166759,0.1433391343166759,0.0,False,True
2358,廷鑫,20220104,20220105,24.0,Trailing Stop,20220111,26.25,20220114,26.1,0.09375,0.08750000000000013,-0.006249999999999867,0.08742722532862628,0.08119220834920333,-0.0062350169794229415,False,True
2359,所羅門,20220609,20220610,27.85,Close Confirmed Stop,20220614,26.3,20220621,24.6,-0.05565529622980259,-0.11669658886894074,-0.061041292639138156,-0.061118060867325665,-0.12181308919966863,-0.060695028332342964,False,True
2359,所羅門,20220808,20220809,31.55,Close Confirmed Stop,20220811,29.5,20220818,28.15,-0.0649762282091918,-0.1077654516640254,-0.0427892234548336,-0.0703863564563975,-0.11293958630096666,-0.04255322984456916,False,True
2359,所羅門,20230306,20230307,29.3,Trailing Stop,20230310,34.0,20230316,31.3,0.16040955631399312,0.06825938566552892,-0.0921501706484642,0.15369251314137752,0.06206339626073491,-0.09162911688064261,False,True
2359,所羅門,20230726,20230727,44.0,Close Confirmed Stop,20230731,41.15,20230808,37.6,-0.06477272727272732,-0.1454545454545454,-0.08068181818181808,-0.07018061975945847,-0.150402419998904,-0.08022180023944553,False,True
2359,所羅門,20240311,20240312,39.4,Day 8 Time Stop,20240321,54.2,20240321,54.2,0.3756345177664975,0.3756345177664975,0.0,0.36770108021278286,0.36770108021278286,0.0,False,True
2359,所羅門,20241211,20241212,146.0,Day 8 Time Stop,20241223,168.5,20241223,168.5,0.15410958904109595,0.15410958904109595,0.0,0.14740550575154845,0.14740550575154845,0.0,False,True
2359,所羅門,20241225,20241226,179.0,Close Confirmed Stop,20241227,169.0,20250107,164.0,-0.05586592178770955,-0.08379888268156421,-0.027932960893854664,-0.06133698223006838,-0.0891027404039826,-0.027765758173914218,False,True
2359,所羅門,20250221,20250224,158.5,Day 5 Weakness,20250304,155.0,20250306,153.0,-0.02208201892744477,-0.034700315457413256,-0.012618296529968487,-0.02775981157563885,-0.04031452418226899,-0.012554712606630138,False,True
2359,所羅門,20250723,20250724,146.0,Day 5 Weakness,20250731,139.5,20250804,143.5,-0.044520547945205435,-0.017123287671232834,0.0273972602739726,-0.05004774467309902,-0.022816265085364627,0.027231479587734392,False,True
2359,所羅門,20250818,20250819,152.5,Close Confirmed Stop,20250820,146.0,20250828,162.0,-0.042622950819672156,0.062295081967213006,0.10491803278688516,-0.04815953820490434,0.05613938845826321,0.10429892666316755,True,True
2359,所羅門,20260128,20260129,145.5,Close Confirmed Stop,20260130,137.5,20260209,126.5,-0.054982817869415834,-0.13058419243986252,-0.07560137457044669,-0.06043038632188786,-0.1356160429122482,-0.07518565659036036,False,True
2360,致茂,20230529,20230530,225.5,Close Confirmed Stop,20230605,219.0,20230608,225.0,-0.02882483370288247,-0.0022172949002217113,0.026607538802660757,-0.0344767199259413,-0.008000129899033585,0.026476590026907713,False,True
2360,致茂,20240527,20240528,300.5,Close Confirmed Stop,20240603,292.0,20240606,279.0,-0.028286189683860208,-0.07154742096505828,-0.043261231281198076,-0.03394142632386032,-0.0769309961302561,-0.04298956980639578,False,True
2360,致茂,20240618,20240619,331.0,Close Confirmed Stop,20240621,310.0,20240628,318.0,-0.06344410876132933,-0.0392749244712991,0.024169184290030232,-0.06887585357767666,-0.04483170470159505,0.024044148876081604,False,True
2360,致茂,20250630,20250701,442.5,Day 5 Weakness,20250708,418.0,20250710,426.0,-0.05536723163841806,-0.037288135593220306,0.01807909604519775,-0.060835478687961554,-0.04286716215074863,0.017968316537212925,False,True
2362,藍天,20240516,20240517,60.9,Day 8 Time Stop,20240528,66.1,20240528,66.1,0.08538587848932666,0.08538587848932666,0.0,0.079117972564009,0.079117972564009,0.0,False,True
2363,矽統,20240412,20240415,60.5,Trailing Stop,20240422,69.4,20240424,70.0,0.14710743801652892,0.15702479338842967,0.009917355371900749,0.14045605541749345,0.15031629042182293,0.009860235004329476,False,True
2363,矽統,20251027,20251028,61.4,Close Confirmed Stop,20251029,57.3,20251106,53.8,-0.0667752442996743,-0.12377850162866455,-0.05700325732899025,-0.07217843094417813,-0.12884507823640165,-0.056666647292223524,False,True
2363,矽統,20260119,20260120,51.4,Trailing Stop,20260123,55.1,20260129,55.3,0.07198443579766534,0.07587548638132291,0.0038910505836575737,0.06578244358030795,0.06963084268708168,0.003848399106773731,False,True
2363,矽統,20260422,20260423,59.4,Close Confirmed Stop,20260424,54.1,20260505,55.8,-0.08922558922558921,-0.06060606060606066,0.028619528619528545,-0.09451126424311479,-0.06602706240539205,0.02848420183772274,False,True
2363,矽統,20260512,20260513,61.6,Day 5 Weakness,20260520,60.8,20260522,66.7,-0.012987012987013102,0.08279220779220786,0.09577922077922096,-0.018722316784498948,0.07652707091786518,0.09524938770236413,True,True
2363,矽統,20260522,20260525,68.9,Close Confirmed Stop,20260529,66.1,20260603,65.4,-0.04063860667634267,-0.05079825834542817,-0.010159651669085501,-0.04617842608612935,-0.056280320381745075,-0.010101894295615726,False,True
2367,燿華,20231121,20231122,20.3,Day 8 Time Stop,20231201,22.2,20231201,22.2,0.09359605911330049,0.09359605911330049,0.0,0.08727514419810693,0.08727514419810693,0.0,False,True
2367,燿華,20240301,20240304,22.0,Trailing Stop,20240308,25.55,20240313,25.1,0.16136363636363638,0.14090909090909087,-0.020454545454545503,0.1546471528126877,0.13430829284471596,-0.020338859967971745,False,True
2367,燿華,20240516,20240517,37.4,Trailing Stop,20240523,38.3,20240528,36.55,0.024064171122994527,-0.022727272727272818,-0.046791443850267345,0.01814253194636771,-0.02840340673430547,-0.04654593868067318,False,True
2367,燿華,20250711,20250714,25.35,Day 8 Time Stop,20250723,27.25,20250723,27.25,0.07495069033530566,0.07495069033530566,0.0,0.0687079219647458,0.0687079219647458,0.0,False,True
2367,燿華,20260127,20260128,50.0,Trailing Stop,20260206,55.0,20260206,53.5,0.10000000000000009,0.07000000000000006,-0.030000000000000027,0.09362862368068776,0.06380056981956835,-0.02982805386111942,False,True
2367,燿華,20260525,20260526,70.1,Close Confirmed Stop,20260527,67.6,20260604,62.0,-0.03566333808844513,-0.11554921540656193,-0.0798858773181168,-0.0412781671883505,-0.12067226098153301,-0.07939409379318252,False,True
2368,金像電,20231114,20231115,234.5,Close Confirmed Stop,20231117,221.0,20231124,217.5,-0.05756929637526653,-0.07249466950959493,-0.014925373134328401,-0.06301615400706313,-0.07787218183887641,-0.014856027831813279,False,True
2368,金像電,20231208,20231211,239.5,Close Confirmed Stop,20231212,223.0,20231220,213.5,-0.06889352818371608,-0.10855949895615868,-0.039665970772442605,-0.07429467280698634,-0.1137321205576321,-0.039437447750645754,False,True
2368,金像電,20240130,20240131,232.5,Trailing Stop,20240221,256.5,20240220,261.5,0.10322580645161294,0.12473118279569895,0.021505376344086002,0.0968536086459323,0.11824026500448297,0.021386656358550665,False,True
2368,金像電,20240702,20240703,214.5,Trailing Stop,20240715,215.0,20240712,215.0,0.002331002331002363,0.002331002331002363,0.0,-0.0034899487196027056,-0.0034899487196027056,0.0,False,True
2368,金像電,20240903,20240904,210.0,Close Confirmed Stop,20240906,206.5,20240913,202.5,-0.01666666666666672,-0.0357142857142857,-0.01904761904761898,-0.022374490235357272,-0.04127595036069448,-0.018901460125337208,False,True
2368,金像電,20241213,20241216,236.0,Day 5 Weakness,20241223,233.5,20241225,233.5,-0.010593220338983023,-0.010593220338983023,0.0,-0.016326190815849535,-0.016326190815849535,0.0,False,True
2368,金像電,20250522,20250523,248.5,Day 8 Time Stop,20250604,268.0,20250604,268.0,0.07847082494969815,0.07847082494969815,0.0,0.07223337358540129,0.07223337358540129,0.0,False,True
2368,金像電,20250704,20250707,299.5,Day 8 Time Stop,20250716,317.5,20250716,317.5,0.06010016694490816,0.06010016694490816,0.0,0.053957812012890224,0.053957812012890224,0.0,False,True
2369,菱生,20240215,20240216,25.9,Trailing Stop,20240220,28.85,20240227,26.4,0.113899613899614,0.019305019305019266,-0.09459459459459474,0.10746386404868744,0.013395938838359482,-0.09406792521032795,False,True
2369,菱生,20251112,20251113,23.25,Close Confirmed Stop,20251117,22.1,20251124,19.2,-0.04946236559139783,-0.17419354838709677,-0.12473118279569895,-0.054939658941047534,-0.17897200394482476,-0.12403234500377723,False,True
2369,菱生,20260116,20260119,29.5,Trailing Stop,20260122,31.6,20260128,28.85,0.07118644067796609,-0.02203389830508473,-0.09322033898305082,0.06498314917811149,-0.02771354678346921,-0.0926966959615807,False,True
2369,菱生,20260317,20260318,30.25,Trailing Stop,20260324,35.4,20260327,30.7,0.1702479338842975,0.014876033057851235,-0.15537190082644625,0.16347438544841494,0.009008485401406786,-0.15446590004700816,False,True
2369,菱生,20260505,20260506,34.25,Close Confirmed Stop,20260507,31.9,20260515,29.7,-0.06861313868613139,-0.13284671532846715,-0.06423357664233575,-0.0740112647252074,-0.13785761962132256,-0.06384635489611516,False,True
2371,大同,20221207,20221208,33.95,Day 8 Time Stop,20221219,34.7,20221219,34.7,0.022091310751104487,0.022091310751104487,0.0,0.016172654723917948,0.016172654723917948,0.0,False,True
2371,大同,20230215,20230216,34.15,Day 5 Weakness,20230223,33.95,20230301,33.2,-0.005856515373352744,-0.027818448023425923,-0.02196193265007318,-0.011607412274255319,-0.033450009671156786,-0.02184259739690147,False,True
2371,大同,20230621,20230626,51.6,Day 8 Time Stop,20230705,54.8,20230705,54.8,0.06201550387596888,0.06201550387596888,0.0,0.055865599677116365,0.055865599677116365,0.0,False,True
2371,大同,20240301,20240304,54.0,Close Confirmed Stop,20240311,51.9,20240313,48.65,-0.03888888888888886,-0.09907407407407409,-0.06018518518518523,-0.0444247578549492,-0.10429907633520893,-0.05987431848025974,False,True
2371,大同,20250812,20250813,39.7,Day 8 Time Stop,20250822,41.45,20250822,41.45,0.044080604534004975,0.044080604534004975,0.0,0.03804120051266283,0.03804120051266283,0.0,False,True
2371,大同,20251211,20251212,34.05,Close Confirmed Stop,20251216,32.4,20251223,31.6,-0.048458149779735615,-0.07195301027900136,-0.023494860499265746,-0.05393847703076613,-0.07731036403296339,-0.023371887002197257,False,True
2371,大同,20260603,20260604,31.7,Close Confirmed Stop,20260609,29.25,20260615,28.45,-0.07728706624605675,-0.10252365930599372,-0.025236593059936974,-0.08263250977596122,-0.10774193498922174,-0.025109425213260525,False,True
2374,佳能,20231123,20231124,26.35,Day 8 Time Stop,20231205,25.8,20231205,25.8,-0.020872865275142316,-0.020872865275142316,0.0,-0.026553127828450047,-0.026553127828450047,0.0,False,True
2374,佳能,20241212,20241213,51.5,Day 8 Time Stop,20241224,63.8,20241224,63.8,0.23883495145631062,0.23883495145631062,0.0,0.23165948187859664,0.23165948187859664,0.0,False,True
2374,佳能,20250717,20250718,56.4,Day 8 Time Stop,20250729,58.8,20250729,58.8,0.042553191489361764,0.042553191489361764,0.0,0.036519375680210533,0.036519375680210533,0.0,False,True
2374,佳能,20260116,20260119,82.6,Day 8 Time Stop,20260128,91.1,20260128,91.1,0.102905569007264,0.102905569007264,0.0,0.0965204165292006,0.0965204165292006,0.0,False,True
2374,佳能,20260128,20260129,93.1,Close Confirmed Stop,20260202,83.2,20260209,78.1,-0.10633727175080554,-0.16111707841031153,-0.05477980665950599,-0.11152116689495713,-0.16596911394191852,-0.05444794704696139,False,True
2374,佳能,20260430,20260504,80.0,Day 5 Weakness,20260511,79.0,20260513,79.9,-0.012499999999999956,-0.0012499999999999734,0.011249999999999982,-0.018238684303275396,-0.007049034240795972,0.011189650062479423,False,True
2374,佳能,20260515,20260518,81.5,Close Confirmed Stop,20260520,80.1,20260527,80.8,-0.01717791411042957,-0.008588957055214785,0.008588957055214785,-0.02287319079043746,-0.014338214949344308,0.008534975841093152,False,True
2375,凱美,20230308,20230309,81.5,Close Confirmed Stop,20230314,76.0,20230320,76.5,-0.06748466257668717,-0.06134969325153372,0.00613496932515345,-0.07289238039789801,-0.06677212172956822,0.006120258668329798,False,True
2375,凱美,20260114,20260115,100.0,Day 8 Time Stop,20260126,102.0,20260126,102.0,0.020000000000000018,0.020000000000000018,0.0,0.014114067577541927,0.014114067577541927,0.0,False,True
2376,技嘉,20230130,20230131,118.5,Close Confirmed Stop,20230201,117.0,20230209,117.0,-0.012658227848101222,-0.012658227848101222,0.0,-0.01837040312719467,-0.01837040312719467,0.0,False,True
2376,技嘉,20230322,20230323,123.0,Day 8 Time Stop,20230406,138.0,20230406,138.0,0.12195121951219523,0.12195121951219523,0.0,0.11545186646477494,0.11545186646477494,0.0,False,True
2376,技嘉,20230519,20230522,163.5,Day 8 Time Stop,20230531,186.5,20230531,186.5,0.1406727828746177,0.1406727828746177,0.0,0.1340662714482632,0.1340662714482632,0.0,False,True
2376,技嘉,20230602,20230605,201.0,Day 8 Time Stop,20230614,242.5,20230614,242.5,0.20646766169154218,0.20646766169154218,0.0,0.1995074747384622,0.1995074747384622,0.0,False,True
2376,技嘉,20231207,20231208,269.5,Close Confirmed Stop,20231212,253.5,20231219,260.0,-0.05936920222634512,-0.03525046382189234,0.024118738404452778,-0.0647959053978239,-0.04083514400563524,0.02396076139218866,False,True
2376,技嘉,20240130,20240131,302.0,Trailing Stop,20240220,364.5,20240220,357.0,0.20695364238410585,0.18211920529801318,-0.024834437086092676,0.19998453234543426,0.17527644883760132,-0.024708083507832934,False,True
2376,技嘉,20240517,20240520,327.5,Day 5 Weakness,20240527,322.0,20240529,332.0,-0.016793893129770976,0.013740458015267132,0.030534351145038108,-0.022503608519582514,0.007856960302556996,0.03036056882213951,True,True
2376,技嘉,20241105,20241106,297.0,Day 5 Weakness,20241113,296.5,20241115,282.5,-0.0016835016835017313,-0.04882154882154888,-0.047138047138047146,-0.007476035330865247,-0.0543328054549673,-0.046856770124102054,False,True
2376,技嘉,20250106,20250107,290.0,Close Confirmed Stop,20250113,268.0,20250116,250.5,-0.07586206896551728,-0.13620689655172413,-0.06034482758620685,-0.08122106708808213,-0.1411871441003185,-0.05996607701223636,False,True
2376,技嘉,20250514,20250515,266.0,Day 5 Weakness,20250522,258.0,20250526,258.5,-0.03007518796992481,-0.02819548872180455,0.001879699248120259,-0.03572083629194677,-0.03384564724457417,0.0018751890473725982,False,True
2376,技嘉,20250529,20250602,272.0,Close Confirmed Stop,20250603,271.0,20250611,284.0,-0.003676470588235281,0.044117647058823595,0.047794117647058876,-0.009436311157629404,0.038076331556856295,0.0475126427144857,True,True
2376,技嘉,20250925,20250926,293.5,Day 8 Time Stop,20251009,299.0,20251009,299.0,0.01873935264054505,0.01873935264054505,0.0,0.012861196512738338,0.012861196512738338,0.0,False,True
2376,技嘉,20260415,20260416,280.0,Day 8 Time Stop,20260427,285.0,20260427,285.0,0.017857142857142794,0.017857142857142794,0.0,0.011984050375375541,0.011984050375375541,0.0,False,True
2376,技嘉,20260507,20260508,316.0,Trailing Stop,20260520,309.0,20260519,305.0,-0.022151898734177222,-0.034810126582278444,-0.012658227848101222,-0.027827547803205465,-0.040388151512568,-0.012560603709362534,False,True
2376,技嘉,20260601,20260602,387.5,Close Confirmed Stop,20260605,370.0,20260611,340.0,-0.04516129032258065,-0.1225806451612903,-0.07741935483870965,-0.050664694289155376,-0.12763059087237097,-0.07696589658321559,False,True
2376,技嘉,20260813,20260814,390.0,Close Confirmed Stop,20260818,359.0,20260825,347.5,-0.07948717948717954,-0.10897435897435892,-0.029487179487179382,-0.08483102685700641,-0.11414632075586119,-0.029315293898854775,False,True
2377,微星,20221116,20221117,125.5,Day 5 Weakness,20221124,123.5,20221128,123.0,-0.015936254980079667,-0.019920318725099584,-0.003984063745019917,-0.02163969224698884,-0.025614200643919775,-0.003974508396930934,False,True
2377,微星,20230223,20230224,143.0,Close Confirmed Stop,20230301,136.5,20230309,139.0,-0.045454545454545414,-0.027972027972028024,0.01748251748251739,-0.05095129331070679,-0.0336109391572095,0.017340354153497287,False,True
2377,微星,20230526,20230529,170.5,Close Confirmed Stop,20230531,166.5,20230607,178.5,-0.02346041055718473,0.04692082111436946,0.07038123167155419,-0.029116274750067502,0.04086184976490871,0.06997812451497622,True,True
2377,微星,20231225,20231226,194.0,Day 8 Time Stop,20240105,186.0,20240105,186.0,-0.04123711340206182,-0.04123711340206182,0.0,-0.04677872185846338,-0.04677872185846338,0.0,False,True
2377,微星,20240522,20240523,182.0,Trailing Stop,20240531,194.0,20240603,197.0,0.06593406593406592,0.08241758241758235,0.016483516483516425,0.05976397069667277,0.07614103624749116,0.016377065550818394,False,True
2377,微星,20241105,20241106,187.5,Close Confirmed Stop,20241113,178.0,20241115,168.0,-0.05066666666666664,-0.10399999999999998,-0.053333333333333344,-0.05615987639976624,-0.10919777502831446,-0.05303789862854822,False,True
2377,微星,20241225,20241226,185.0,Day 5 Weakness,20250103,183.5,20250107,186.0,-0.008108108108108136,0.00540540540540535,0.013513513513513487,-0.013851040101666106,-0.0004032391075960343,0.013447800994070072,True,True
2377,微星,20250106,20250107,189.5,Day 5 Weakness,20250114,183.5,20250116,180.5,-0.0316622691292876,-0.0474934036939314,-0.0158311345646438,-0.037285668540654425,-0.05297879217385632,-0.015693123633201897,False,True
2377,微星,20250218,20250219,202.0,Close Confirmed Stop,20250226,193.0,20250303,185.5,-0.044554455445544594,-0.08168316831683164,-0.03712871287128705,-0.05008568404406239,-0.08699175119053107,-0.03690606714646868,False,True
2377,微星,20250801,20250804,146.0,Day 8 Time Stop,20250813,143.5,20250813,143.5,-0.017123287671232834,-0.017123287671232834,0.0,-0.022816265085364627,-0.022816265085364627,0.0,False,True
2377,微星,20260421,20260422,94.4,Trailing Stop,20260424,98.5,20260504,95.1,0.04343220338983045,0.00741525423728806,-0.03601694915254239,0.037393165502023755,0.0015960536334620053,-0.03579711186856175,False,True
2377,微星,20260525,20260526,128.0,Close Confirmed Stop,20260527,127.5,20260604,140.0,-0.00390625,0.09375,0.09765625,-0.009661514427975235,0.0874272253286264,0.09708873975660164,True,True
2377,微星,20260602,20260603,151.5,Close Confirmed Stop,20260605,138.5,20260612,136.5,-0.08580858085808585,-0.09900990099009899,-0.013201320132013139,-0.09111314352089228,-0.10424933857039922,-0.013136195049506943,False,True
2379,瑞昱,20221124,20221125,344.5,Close Confirmed Stop,20221129,309.0,20221206,305.5,-0.10304789550072568,-0.1132075471698113,-0.010159651669085612,-0.10826928391394713,-0.11833712426260906,-0.010067840348661927,False,True
2379,瑞昱,20230202,20230203,348.0,Close Confirmed Stop,20230207,333.0,20230214,355.0,-0.0431034482758621,0.02011494252873569,0.06321839080459779,-0.048634284339955675,0.014232333157423713,0.06286661749737939,True,True
2379,瑞昱,20230223,20230224,389.0,Day 5 Weakness,20230307,390.0,20230309,390.5,0.0025706940874035134,0.003856041131105492,0.0012853470437019787,-0.0032333106172894002,-0.001951044897453091,0.0012822657198363091,False,True
2379,瑞昱,20231129,20231130,456.0,Close Confirmed Stop,20231201,444.0,20231211,451.0,-0.02631578947368418,-0.010964912280701733,0.015350877192982448,-0.03195578141908589,-0.016709150842069313,0.015246630577016574,False,True
2382,廣達,20230324,20230327,87.5,Day 8 Time Stop,20230410,89.9,20230410,89.9,0.02742857142857158,0.02742857142857158,0.0,0.021494671208340754,0.021494671208340754,0.0,False,True
2382,廣達,20231220,20231221,207.0,Day 8 Time Stop,20240102,214.0,20240102,214.0,0.033816425120772875,0.033816425120772875,0.0,0.02785197144316666,0.02785197144316666,0.0,False,True
2382,廣達,20240329,20240401,294.5,Day 5 Weakness,20240410,290.0,20240412,271.0,-0.015280135823429575,-0.07979626485568758,-0.06451612903225801,-0.02100078443927357,-0.08512706259427905,-0.06412627815500548,False,True
2382,廣達,20240620,20240621,320.5,Close Confirmed Stop,20240625,301.0,20240702,306.5,-0.060842433697347875,-0.043681747269890825,0.01716068642745705,-0.06627845033687246,-0.049192439108731396,0.017086011228141067,False,True
2382,廣達,20240709,20240710,344.0,Close Confirmed Stop,20240715,330.0,20240719,297.0,-0.04069767441860461,-0.1366279069767442,-0.0959302325581396,-0.04623427857417594,-0.14160084068270035,-0.0953665621085244,False,True
2382,廣達,20241015,20241016,290.0,Day 8 Time Stop,20241025,310.0,20241025,310.0,0.06896551724137923,0.06896551724137923,0.0,0.06275769452060352,0.06275769452060352,0.0,False,True
2382,廣達,20250514,20250515,276.5,Close Confirmed Stop,20250520,270.0,20250526,265.5,-0.023508137432188048,-0.039783001808318286,-0.016274864376130238,-0.02916084885624439,-0.04532979720144485,-0.01616894834520046,False,True
2382,廣達,20260225,20260226,302.0,Close Confirmed Stop,20260305,288.0,20260310,282.5,-0.04635761589403975,-0.06456953642384111,-0.018211920529801362,-0.05185087804908353,-0.06998572607027585,-0.01813484802119232,False,True
2382,廣達,20260408,20260409,304.5,Day 8 Time Stop,20260420,329.0,20260420,329.0,0.08045977011494254,0.08045977011494254,0.0,0.07418695565123816,0.07418695565123816,0.0,False,True
2382,廣達,20260603,20260604,402.0,Close Confirmed Stop,20260608,357.0,20260615,370.0,-0.11194029850746268,-0.07960199004975121,0.03233830845771146,-0.11709283341369649,-0.08493284333925877,0.03215999007443772,False,True
2383,台光電,20230518,20230519,182.0,Trailing Stop,20230524,189.5,20230530,211.5,0.041208791208791284,0.16208791208791218,0.1208791208791209,0.03519837237044499,0.15535261336892717,0.12015424099848218,False,True
2383,台光電,20240202,20240205,480.5,Trailing Stop,20240221,499.5,20240223,510.0,0.03954214360041619,0.06139438085327775,0.02185223725286156,0.03352820726696345,0.05522745089455437,0.021699243627590924,False,True
2385,群光,20230726,20230727,106.0,Close Confirmed Stop,20230804,100.5,20230808,102.0,-0.05188679245283023,-0.037735849056603765,0.014150943396226467,-0.0573675150561778,-0.04328391376570754,0.01408360129047026,False,True
2385,群光,20230914,20230915,117.5,Day 5 Weakness,20230922,114.5,20230926,116.0,-0.025531914893617058,-0.012765957446808529,0.012765957446808529,-0.031200692230364063,-0.01849866499024923,0.012702027240114832,False,True
2385,群光,20231107,20231108,140.5,Day 8 Time Stop,20231117,152.5,20231117,152.5,0.08540925266903909,0.08540925266903909,0.0,0.07913632035368973,0.07913632035368973,0.0,False,True
2385,群光,20231213,20231214,180.0,Day 5 Weakness,20231221,173.5,20231225,178.0,-0.036111111111111094,-0.011111111111111072,0.025000000000000022,-0.04166452776362972,-0.016858165329183737,0.024806362434445985,False,True
2385,群光,20240226,20240227,190.0,Day 8 Time Stop,20240308,223.0,20240308,223.0,0.17368421052631589,0.17368421052631589,0.0,0.16688495482198473,0.16688495482198473,0.0,False,True
2385,群光,20240313,20240314,237.0,Trailing Stop,20240322,244.0,20240325,223.0,0.029535864978903037,-0.05907172995780585,-0.08860759493670889,0.02358872576391651,-0.06450538060936742,-0.08809410637328394,False,True
2385,群光,20250108,20250109,162.0,Close Confirmed Stop,20250114,154.0,20250120,150.5,-0.04938271604938271,-0.07098765432098764,-0.021604938271604923,-0.05486011081578435,-0.07634662103154163,-0.02148651021575728,False,True
2385,群光,20250804,20250805,139.0,Day 5 Weakness,20250812,135.5,20250814,135.0,-0.025179856115107868,-0.02877697841726623,-0.003597122302158362,-0.030825710727995857,-0.03441420649025091,-0.003588495762255055,False,True
2388,威盛,20230221,20230222,79.0,Trailing Stop,20230306,85.8,20230307,87.6,0.08607594936708862,0.1088607594936708,0.022784810126582178,0.0798034055431719,0.10243353378842993,0.02263012824525802,False,True
2388,威盛,20231115,20231116,159.0,Trailing Stop,20231124,163.5,20231127,160.0,0.028301886792452935,0.0062893081761006275,-0.022012578616352307,0.02236160937575371,0.0004686326789714504,-0.02189297669678226,False,True
2388,威盛,20251210,20251211,63.6,Trailing Stop,20251215,62.2,20251222,57.7,-0.022012578616352196,-0.0927672955974842,-0.070754716981132,-0.02769064956745984,-0.09800906244507443,-0.07031841287761459,False,True
2392,正崴,20231211,20231212,48.0,Day 8 Time Stop,20231221,48.8,20231221,48.8,0.016666666666666607,0.016666666666666607,0.0,0.010795403019915484,0.010795403019915484,0.0,False,True
2392,正崴,20240513,20240514,51.9,Day 8 Time Stop,20240523,73.3,20240523,73.3,0.4123314065510597,0.4123314065510597,0.0,0.4041436594443339,0.4041436594443339,0.0,False,True
2392,正崴,20250718,20250721,61.0,Close Confirmed Stop,20250723,56.7,20250730,57.4,-0.07049180327868843,-0.059016393442622994,0.011475409836065431,-0.07585417987046347,-0.06443962116298585,0.011414558707477623,False,True
2392,正崴,20260603,20260604,44.0,Close Confirmed Stop,20260605,41.7,20260615,40.25,-0.05227272727272725,-0.08522727272727271,-0.03295454545454546,-0.05774391051059028,-0.0905194797274301,-0.03277556921683982,False,True
2393,億光,20220117,20220118,55.3,Trailing Stop,20220124,54.1,20220207,53.7,-0.02169981916817354,-0.02893309222423135,-0.00723327305605781,-0.027383405640573785,-0.034565956434382414,-0.007182550793808629,False,True
2393,億光,20230705,20230706,53.5,Day 8 Time Stop,20230717,54.2,20230717,54.2,0.013084112149532867,0.013084112149532867,0.0,0.007222461465851084,0.007222461465851084,0.0,False,True
2393,億光,20240408,20240409,58.9,Day 8 Time Stop,20240418,62.4,20240418,62.4,0.05942275042444822,0.05942275042444822,0.0,0.0532781478052428,0.0532781478052428,0.0,False,True
2393,億光,20240613,20240614,75.5,Day 8 Time Stop,20240625,76.2,20240625,76.2,0.009271523178808083,0.009271523178808083,0.0,0.003444460632431195,0.003444460632431195,0.0,False,True
2393,億光,20240702,20240703,81.9,Close Confirmed Stop,20240709,76.1,20240712,78.6,-0.0708180708180709,-0.04029304029304048,0.030525030525030417,-0.07618640456488399,-0.04583479084716213,0.030351613717721854,False,True
2393,億光,20240902,20240903,83.8,Day 5 Weakness,20240910,84.5,20240912,82.6,0.00835322195704058,-0.014319809069212486,-0.022673031026253065,0.0025307294420578216,-0.020021178218149884,-0.022551907660207704,False,True
2393,億光,20260206,20260209,60.1,Day 5 Weakness,20260225,60.0,20260302,58.5,-0.0016638935108153063,-0.0266222961730449,-0.024958402662229595,-0.007460690507092399,-0.032259159095982474,-0.024798468588890076,False,True
2395,研華,20260223,20260224,314.0,Trailing Stop,20260305,335.5,20260306,375.0,0.06847133757961776,0.19426751592356695,0.12579617834394918,0.06225924223591259,0.18735192989515548,0.1250926876592429,False,True
2395,研華,20260417,20260420,375.0,Close Confirmed Stop,20260424,357.0,20260429,366.0,-0.04800000000000004,-0.02400000000000002,0.02400000000000002,-0.05352236730669559,-0.02968113157462278,0.023841235732072807,False,True
2399,映泰,20230525,20230526,20.65,Close Confirmed Stop,20230531,20.25,20230606,21.6,-0.01937046004842613,0.04600484261501214,0.06537530266343827,-0.025053926517187443,0.03996469681701597,0.06501862333420341,True,True
2399,映泰,20240216,20240219,25.8,Close Confirmed Stop,20240223,24.9,20240229,26.65,-0.03488372093023262,0.032945736434108364,0.06782945736434098,-0.0404978220617346,0.026969002192570295,0.06746682425430489,True,True
2399,映泰,20260814,20260817,46.25,Close Confirmed Stop,20260821,46.35,20260826,47.9,0.00216216216216214,0.035675675675675755,0.033513513513513615,-0.0036387081554458403,0.029694511889756123,0.033333220045201964,False,True
2401,凌陽,20231117,20231120,34.85,Day 8 Time Stop,20231129,36.4,20231129,36.4,0.0444763271162123,0.0444763271162123,0.0,0.03843628456581776,0.03843628456581776,0.0,False,True
2401,凌陽,20240705,20240708,38.7,Day 5 Weakness,20240715,37.7,20240717,36.9,-0.025839793281653756,-0.04651162790697683,-0.02067183462532307,-0.031475575052893015,-0.052031177826243,-0.020555602773349987,False,True
2401,凌陽,20260114,20260115,21.8,Day 8 Time Stop,20260126,23.0,20260126,23.0,0.05504587155963292,0.05504587155963292,0.0,0.04891606287911876,0.04891606287911876,0.0,False,True
2402,毅嘉,20230323,20230324,28.0,Close Confirmed Stop,20230329,26.85,20230407,26.75,-0.04107142857142854,-0.044642857142857095,-0.0035714285714285587,-0.04660327191956781,-0.05016613914557584,-0.003562867226008029,False,True
2402,毅嘉,20231211,20231212,37.3,Day 5 Weakness,20231219,36.4,20231221,34.75,-0.024128686327077764,-0.06836461126005355,-0.04423592493297579,-0.02980214421876222,-0.07376532221925114,-0.04396317800048892,False,True
2402,毅嘉,20240216,20240219,35.6,Day 5 Weakness,20240226,34.6,20240229,34.65,-0.028089887640449396,-0.026685393258427004,0.001404494382022392,-0.03372202406843683,-0.03232089688949784,0.0014011271789389906,False,True
2402,毅嘉,20240401,20240402,36.05,Close Confirmed Stop,20240411,34.9,20240415,34.85,-0.03190013869625519,-0.03328710124826617,-0.001386962552010984,-0.037520930906080704,-0.03890456861849367,-0.001383637712412969,False,True
2402,毅嘉,20240527,20240528,35.0,Close Confirmed Stop,20240531,34.7,20240606,34.15,-0.008571428571428452,-0.024285714285714355,-0.015714285714285903,-0.01431450478568716,-0.029957789424424102,-0.015643284638736942,False,True
2402,毅嘉,20240717,20240718,43.0,Close Confirmed Stop,20240722,40.6,20240731,40.2,-0.05581395348837204,-0.06511627906976736,-0.009302325581395321,-0.06128094802229739,-0.07052760353645139,-0.009246655514154004,False,True
2402,毅嘉,20241017,20241018,46.3,Close Confirmed Stop,20241021,44.0,20241029,41.1,-0.049676025917926525,-0.11231101511879038,-0.06263498920086386,-0.055154377153124656,-0.1174725384955859,-0.06231816134246124,False,True
2402,毅嘉,20250812,20250813,47.6,Day 8 Time Stop,20250822,61.1,20250822,61.1,0.28361344537815114,0.28361344537815114,0.0,0.2762001761543606,0.2762001761543606,0.0,False,True
2404,漢唐,20240312,20240313,409.5,Close Confirmed Stop,20240315,365.0,20240322,380.5,-0.10866910866910862,-0.07081807081807079,0.03785103785103783,-0.11384645737160592,-0.07618640456488399,0.03766005280672194,False,True
2405,輔信,20240226,20240227,21.1,Close Confirmed Stop,20240304,20.4,20240308,18.5,-0.03317535545023709,-0.12322274881516593,-0.09004739336492884,-0.038792543464759764,-0.12829079039628166,-0.08949824693152189,False,True
2405,輔信,20240522,20240523,20.45,Trailing Stop,20240531,21.7,20240603,21.55,0.06112469437652801,0.05378973105134488,-0.00733496332518313,0.0549811254691345,0.047663745420528515,-0.007317380048605986,False,True
2405,輔信,20250211,20250212,21.3,Day 8 Time Stop,20250221,22.55,20250221,22.55,0.05868544600938974,0.05868544600938974,0.0,0.052549045978505515,0.052549045978505515,0.0,False,True
2406,國碩,20240513,20240514,22.1,Close Confirmed Stop,20240516,21.75,20240523,22.6,-0.015837104072398245,0.02262443438914019,0.038461538461538436,-0.02152848746811003,0.016707564956717467,0.0382360524248275,True,True
2406,國碩,20260114,20260115,31.85,Day 5 Weakness,20260122,30.8,20260126,29.95,-0.03296703296703296,-0.05965463108320257,-0.02668759811616961,-0.03858755057671796,-0.06507774823196821,-0.02649019765525025,False,True
2406,國碩,20260601,20260602,36.2,Trailing Stop,20260605,37.8,20260611,39.4,0.044198895027624197,0.08839779005524839,0.044198895027624197,0.03815968260859575,0.08208583022251861,0.04392614761392286,False,True
2408,南亞科,20230130,20230131,60.0,Close Confirmed Stop,20230201,58.2,20230209,58.0,-0.029999999999999916,-0.033333333333333326,-0.0033333333333334103,-0.03562750775967127,-0.03895284961546844,-0.003325341855797165,False,True
2408,南亞科,20230324,20230327,63.2,Close Confirmed Stop,20230330,65.0,20230410,66.7,0.028481012658227778,0.05537974683544311,0.026898734177215333,0.022548707751782672,0.049249620904290414,0.026700913152507742,False,True
2408,南亞科,20230330,20230331,65.0,Day 8 Time Stop,20230414,67.6,20230414,67.6,0.039999999999999813,0.039999999999999813,0.0,0.03400781785162207,0.03400781785162207,0.0,False,True
2408,南亞科,20230525,20230526,72.9,Day 5 Weakness,20230602,72.0,20230606,72.4,-0.012345679012345734,-0.006858710562414272,0.005486968449931462,-0.018079469296584133,-0.012605653940834757,0.005473815355749376,False,True
2408,南亞科,20230728,20230731,75.3,Close Confirmed Stop,20230801,72.5,20230810,67.1,-0.03718459495351922,-0.10889774236387784,-0.07171314741035861,-0.04275794226170842,-0.11406594462164063,-0.0713080023599322,False,True
2408,南亞科,20230914,20230915,70.5,Day 8 Time Stop,20230926,70.3,20230926,70.3,-0.0028368794326241176,-0.0028368794326241176,0.0,-0.008626716775879593,-0.008626716775879593,0.0,False,True
2408,南亞科,20231120,20231121,70.9,Day 5 Weakness,20231128,70.4,20231130,75.0,-0.007052186177715081,0.05782792665726366,0.06488011283497874,-0.012803957935685655,0.05168695957165982,0.06449091750734548,True,True
2408,南亞科,20240617,20240618,68.5,Trailing Stop,20240625,69.5,20240627,68.2,0.014598540145985384,-0.004379562043795526,-0.01897810218978091,0.008729990886674893,-0.010135891912028145,-0.018865882798703038,False,True
2408,南亞科,20250217,20250218,34.35,Trailing Stop,20250303,38.1,20250227,38.65,0.10917030567685582,0.12518195050946135,0.01601164483260553,0.10274405266248172,0.11868397458293385,0.015939921920452127,False,True
2408,南亞科,20250605,20250606,52.6,Day 8 Time Stop,20250617,53.8,20250617,53.8,0.02281368821292773,0.02281368821292773,0.0,0.016891422907653955,0.016891422907653955,0.0,False,True
2408,南亞科,20250619,20250620,60.5,Close Confirmed Stop,20250624,59.7,20250701,49.5,-0.013223140495867702,-0.18181818181818177,-0.16859504132231407,-0.0189566346629091,-0.1865472846740507,-0.16759065001114162,False,True
2408,南亞科,20260428,20260429,236.0,Close Confirmed Stop,20260504,223.0,20260511,301.0,-0.05508474576271183,0.27542372881355925,0.3305084745762711,-0.06054301777677106,0.26803038350531444,0.3285734012820855,True,True
2409,友達,20230621,20230626,20.05,Close Confirmed Stop,20230627,19.6,20230705,18.65,-0.02244389027431415,-0.06982543640897765,-0.0473815461346635,-0.02812103911040446,-0.07522231470697974,-0.04710127559657527,False,True
2409,友達,20260416,20260417,20.4,Close Confirmed Stop,20260420,20.0,20260428,17.2,-0.019607843137254832,-0.1568627450980392,-0.13725490196078438,-0.025290187786644283,-0.161749561496514,-0.1364593737098697,False,True
2412,中華電,20221125,20221128,111.5,Day 8 Time Stop,20221207,112.5,20221207,112.5,0.008968609865470878,0.008968609865470878,0.0,0.0031402342784269902,0.0031402342784269902,0.0,False,True
2412,中華電,20260302,20260303,137.5,Day 5 Weakness,20260310,137.0,20260312,136.0,-0.0036363636363636598,-0.010909090909090868,-0.0072727272727272085,-0.009406717936768082,-0.016628531338755307,-0.007221813401987225,False,True
2413,環科,20230208,20230209,31.2,Close Confirmed Stop,20230213,28.55,20230220,29.4,-0.08493589743589736,-0.05769230769230771,0.027243589743589647,-0.09023019040638572,-0.06315193142937604,0.027078258977009675,False,True
2413,環科,20230703,20230704,34.2,Day 8 Time Stop,20230713,34.4,20230713,34.4,0.005847953216374213,0.005847953216374213,0.0,3.687857501175949e-05,3.687857501175949e-05,0.0,False,True
2413,環科,20260226,20260302,53.6,Close Confirmed Stop,20260304,51.0,20260311,48.4,-0.04850746268656714,-0.09701492537313439,-0.04850746268656725,-0.05398786277824721,-0.10224573210727515,-0.048257869329027946,False,True
2413,環科,20260615,20260616,63.0,Close Confirmed Stop,20260617,58.4,20260626,47.55,-0.07301587301587309,-0.24523809523809526,-0.17222222222222217,-0.07837524203767991,-0.24961724467892518,-0.17124200264124528,False,True
2417,圓剛,20250207,20250210,51.0,Trailing Stop,20250214,52.4,20250219,51.2,0.027450980392156765,0.0039215686274509665,-0.0235294117647058,0.021518581529425197,-0.0018877053579317213,-0.02340628688735692,False,True
2417,圓剛,20250826,20250827,48.85,Close Confirmed Stop,20250901,45.65,20250905,44.65,-0.06550665301944736,-0.08597748208802458,-0.020470829068577223,-0.07091502487842644,-0.09127008209513797,-0.020355057216711533,False,True
2419,仲琦,20220729,20220801,29.8,Close Confirmed Stop,20220804,27.2,20220810,27.7,-0.0872483221476511,-0.07046979865771819,0.016778523489932917,-0.09253741853917338,-0.07583246198711492,0.01670495655205846,False,True
2419,仲琦,20230302,20230303,28.95,Day 5 Weakness,20230310,28.6,20230314,28.25,-0.012089810017271052,-0.024179620034542326,-0.012089810017271274,-0.017824044293369447,-0.02985154588094779,-0.012027501587578343,False,True
2419,仲琦,20260108,20260109,26.65,Trailing Stop,20260119,31.15,20260120,32.05,0.16885553470919334,0.20262664165103184,0.03377110694183849,0.16208637507989007,0.19567651279523957,0.033590137715349494,False,True
2421,建準,20220118,20220119,45.9,Close Confirmed Stop,20220126,41.8,20220208,47.05,-0.08932461873638342,0.025054466230936878,0.1143790849673203,-0.09461130661046296,0.01912649155318814,0.11373779816365111,True,True
2421,建準,20220808,20220809,42.0,Day 8 Time Stop,20220818,43.7,20220818,43.7,0.040476190476190554,0.040476190476190554,0.0,0.03448038421837913,0.03448038421837913,0.0,False,True
2421,建準,20230322,20230323,50.7,Day 8 Time Stop,20230406,53.5,20230406,53.5,0.055226824457593526,0.055226824457593526,0.0,0.04909799079031877,0.04909799079031877,0.0,False,True
2421,建準,20230417,20230418,56.8,Close Confirmed Stop,20230420,53.6,20230427,51.8,-0.05633802816901401,-0.0880281690140845,-0.03169014084507049,-0.06180309664278992,-0.09331717784666889,-0.03151408120387897,False,True
2421,建準,20230526,20230529,87.8,Day 8 Time Stop,20230607,89.8,20230607,89.8,0.02277904328018221,0.02277904328018221,0.0,0.016858207808207407,0.016858207808207407,0.0,False,True
2421,建準,20250509,20250512,94.0,Day 8 Time Stop,20250521,104.0,20250521,104.0,0.1063829787234043,0.1063829787234043,0.0,0.0999882006656535,0.0999882006656535,0.0,False,True
2421,建準,20250612,20250613,107.5,Close Confirmed Stop,20250618,102.0,20250624,101.5,-0.051162790697674376,-0.05581395348837215,-0.0046511627906977715,-0.05664608929395742,-0.0612860977679433,-0.004640008473985879,False,True
2421,建準,20250805,20250806,121.0,Day 8 Time Stop,20250815,136.0,20250815,136.0,0.12396694214876036,0.12396694214876036,0.0,0.11746247028832073,0.11746247028832073,0.0,False,True
2421,建準,20251110,20251111,178.0,Trailing Stop,20251117,177.5,20251120,189.5,-0.002808988764044895,0.06460674157303381,0.0674157303370787,-0.008572925365685897,0.05844739233786372,0.06702031770354962,True,True
2421,建準,20260522,20260525,163.0,Day 5 Weakness,20260601,161.0,20260603,167.5,-0.012269938650306789,0.027607361963190247,0.039877300613497035,-0.017987180737434428,0.021660547151202452,0.03964772788863688,True,True
2426,鼎元,20241011,20241014,26.1,Close Confirmed Stop,20241016,23.9,20241023,25.05,-0.08429118773946376,-0.04022988505747127,0.04406130268199249,-0.08958577736198602,-0.04576340793468955,0.04382236942729647,False,True
2427,三商電,20230915,20230918,26.35,Day 5 Weakness,20230925,25.95,20230927,25.8,-0.015180265654649028,-0.020872865275142316,-0.005692599620493288,-0.02087417437902151,-0.026553127828450047,-0.0056789534494285365,False,True
2427,三商電,20250616,20250617,29.25,Day 5 Weakness,20250624,28.7,20250626,28.15,-0.018803418803418848,-0.037606837606837695,-0.018803418803418848,-0.024489630442830573,-0.04314795196044853,-0.018658321517617957,False,True
2427,三商電,20250717,20250718,31.0,Close Confirmed Stop,20250723,28.8,20250729,28.25,-0.07096774193548383,-0.08870967741935487,-0.01774193548387104,-0.07632956255156638,-0.09399561743908688,-0.017666054887520502,False,True
2428,興勤,20251020,20251021,185.5,Trailing Stop,20251029,199.5,20251031,189.0,0.07547169811320753,0.018867924528301883,-0.05660377358490565,0.06924765740399298,0.01298026400887768,-0.0562673933951153,False,True
2436,偉詮電,20221202,20221205,49.2,Close Confirmed Stop,20221207,46.8,20221214,45.05,-0.0487804878048782,-0.08434959349593507,-0.03556910569105687,-0.054260185652925695,-0.08964404311171562,-0.03538385745878992,False,True
2436,偉詮電,20260211,20260223,61.7,Day 5 Weakness,20260303,60.0,20260305,57.1,-0.027552674230145957,-0.07455429497568888,-0.04700162074554293,-0.033187960078453795,-0.07991003397819434,-0.04672207389974054,False,True
2436,偉詮電,20260813,20260814,71.3,Close Confirmed Stop,20260818,66.6,20260825,63.6,-0.06591865357643767,-0.1079943899018232,-0.04207573632538553,-0.07132592542350177,-0.11316740399625891,-0.041841478572757135,False,True
2439,美律,20240401,20240402,127.0,Close Confirmed Stop,20240409,122.0,20240415,120.5,-0.03937007874015752,-0.051181102362204745,-0.011811023622047223,-0.04491993049115731,-0.05666916330579542,-0.011749232814638105,False,True
2439,美律,20240410,20240411,127.0,Close Confirmed Stop,20240416,118.5,20240422,111.5,-0.06692913385826771,-0.1220472440944882,-0.055118110236220486,-0.07231250070055886,-0.12713110065649277,-0.05481859995593391,False,True
2439,美律,20240626,20240627,136.0,Day 8 Time Stop,20240708,144.5,20240708,144.5,0.0625,0.0625,0.0,0.05634785754718004,0.05634785754718004,0.0,False,True
2439,美律,20250508,20250509,121.0,Day 8 Time Stop,20250520,124.5,20250520,124.5,0.02892561983471076,0.02892561983471076,0.0,0.022983196802474026,0.022983196802474026,0.0,False,True
2439,美律,20250529,20250602,125.5,Close Confirmed Stop,20250604,120.5,20250611,114.5,-0.03984063745019917,-0.08764940239043828,-0.04780876494023911,-0.04538644463990661,-0.09294681475152056,-0.047560370111613945,False,True
2439,美律,20251105,20251106,108.0,Day 8 Time Stop,20251117,110.5,20251117,110.5,0.02314814814814814,0.02314814814814814,0.0,0.01722334424063411,0.01722334424063411,0.0,False,True
2441,超豐,20251110,20251111,78.2,Close Confirmed Stop,20251117,72.5,20251120,76.6,-0.07289002557544766,-0.020460358056266115,0.052429667519181544,-0.07824669969882457,-0.026142771598758278,0.052103928100066296,False,True
2441,超豐,20260706,20260707,145.0,Close Confirmed Stop,20260708,136.5,20260717,126.5,-0.05862068965517242,-0.12758620689655176,-0.06896551724137934,-0.06405447068337747,-0.13262056166999914,-0.06856609098662167,False,True
2442,新美齊,20240429,20240430,32.45,Close Confirmed Stop,20240502,31.1,20240510,27.9,-0.04160246533127898,-0.140215716486903,-0.09861325115562403,-0.047134079490052536,-0.14517751811272356,-0.09804343862267102,False,True
2442,新美齊,20240710,20240711,34.0,Day 8 Time Stop,20240722,32.5,20240722,32.5,-0.044117647058823484,-0.044117647058823484,0.0,-0.04964291184071017,-0.04964291184071017,0.0,False,True
2449,京元電子,20220113,20220114,45.75,Day 8 Time Stop,20220125,45.3,20220125,45.3,-0.009836065573770592,-0.009836065573770592,0.0,-0.0155753259742654,-0.0155753259742654,0.0,False,True
2449,京元電子,20230130,20230131,37.95,Day 8 Time Stop,20230209,40.05,20230209,40.05,0.05533596837944654,0.05533596837944654,0.0,0.049204034303391826,0.049204034303391826,0.0,False,True
2449,京元電子,20230223,20230224,41.8,Day 8 Time Stop,20230309,48.9,20230309,48.9,0.16985645933014348,0.16985645933014348,0.0,0.16308107929627663,0.16308107929627663,0.0,False,True
2449,京元電子,20230309,20230310,48.75,Close Confirmed Stop,20230313,46.5,20230321,49.55,-0.0461538461538461,0.016410256410256396,0.0625641025641025,-0.05167682490736047,0.010537106916035939,0.06221393182339641,True,True
2449,京元電子,20230529,20230530,54.5,Close Confirmed Stop,20230602,52.5,20230608,54.0,-0.03669724770642202,-0.00917431192660545,0.02752293577981657,-0.04224435071926189,-0.014920907341247708,0.027323443378014185,False,True
2449,京元電子,20230704,20230705,61.3,Close Confirmed Stop,20230706,59.5,20230714,60.1,-0.029363784665579096,-0.019575856443719397,0.009787928221859699,-0.03499597400406493,-0.025264897072918818,0.00973107693114611,False,True
2449,京元電子,20231213,20231214,92.0,Close Confirmed Stop,20231219,85.7,20231225,83.5,-0.06847826086956521,-0.09239130434782605,-0.023913043478260843,-0.07385144229324109,-0.09764034680497882,-0.023788904511737735,False,True
2449,京元電子,20240216,20240219,89.3,Trailing Stop,20240227,89.5,20240229,88.8,0.002239641657334923,-0.005599104143337086,-0.007838745800672009,-0.0035683318542615076,-0.01135490142666008,-0.007786569572398571,False,True
2449,京元電子,20240618,20240619,105.0,Day 8 Time Stop,20240628,119.0,20240628,119.0,0.1333333333333333,0.1333333333333333,0.0,0.12674506977275793,0.12674506977275793,0.0,False,True
2449,京元電子,20241016,20241017,135.0,Close Confirmed Stop,20241021,129.0,20241028,128.5,-0.0444444444444444,-0.04814814814814816,-0.0037037037037037646,-0.04996699650172903,-0.05362850222761117,-0.0036615057258821346,False,True
2449,京元電子,20250703,20250704,108.5,Close Confirmed Stop,20250709,105.0,20250715,103.5,-0.032258064516129004,-0.04608294930875578,-0.01382488479262678,-0.037879419950936154,-0.05160446800857903,-0.013725048057642873,False,True
2449,京元電子,20250807,20250808,125.0,Day 8 Time Stop,20250819,137.0,20250819,137.0,0.09600000000000009,0.09600000000000009,0.0,0.08966116949046334,0.08966116949046334,0.0,False,True
2449,京元電子,20250908,20250909,168.0,Day 5 Weakness,20250916,167.0,20250918,167.5,-0.005952380952380931,-0.0029761904761904656,0.0029761904761904656,-0.011708779938651838,-0.008739726140843626,0.002969053797808211,False,True
2451,創見,20240529,20240530,115.0,Day 5 Weakness,20240606,114.0,20240611,118.0,-0.008695652173912993,0.026086956521739202,0.034782608695652195,-0.01444597704220486,0.020153029700854176,0.03459900674305903,True,True
2451,創見,20240607,20240611,120.0,Day 8 Time Stop,20240620,131.0,20240620,131.0,0.09166666666666656,0.09166666666666656,0.0,0.08533892255433162,0.08533892255433162,0.0,False,True
2451,創見,20250704,20250707,120.0,Close Confirmed Stop,20250708,103.5,20250716,91.5,-0.13749999999999996,-0.23750000000000004,-0.10000000000000009,-0.14247605765413124,-0.24190202955161894,-0.0994259718974877,False,True
2455,全新,20220530,20220531,95.6,Day 8 Time Stop,20220610,96.2,20220610,96.2,0.006276150627615218,0.006276150627615218,0.0,0.00045942690983299516,0.00045942690983299516,0.0,False,True
2455,全新,20221117,20221118,72.5,Close Confirmed Stop,20221122,68.3,20221129,77.4,-0.057931034482758714,0.06758620689655181,0.12551724137931053,-0.06339122029699226,0.06139154663289153,0.1247827669298838,True,True
2455,全新,20221123,20221124,75.3,Day 8 Time Stop,20221205,77.8,20221205,77.8,0.033200531208499307,0.033200531208499307,0.0,0.027225222185296254,0.027225222185296254,0.0,False,True
2455,全新,20230410,20230411,101.0,Close Confirmed Stop,20230414,92.8,20230420,100.0,-0.08118811881188126,-0.00990099009900991,0.07128712871287135,-0.08649788882959566,-0.015648928702270713,0.07084896012732494,False,True
2455,全新,20230531,20230601,105.5,Day 8 Time Stop,20230612,122.0,20230612,122.0,0.1563981042654028,0.1563981042654028,0.0,0.14969323051402342,0.14969323051402342,0.0,False,True
2455,全新,20231124,20231127,178.0,Close Confirmed Stop,20231128,165.5,20231206,167.0,-0.0702247191011236,-0.061797752808988804,0.008426966292134797,-0.07559324306923562,-0.06721987754986444,0.008373365519371179,False,True
2455,全新,20240221,20240222,166.5,Day 5 Weakness,20240301,163.5,20240305,188.5,-0.018018018018018056,0.13213213213213204,0.1501501501501501,-0.023703875487013942,0.1255532375915344,0.14925711307854833,True,True
2455,全新,20240305,20240306,187.0,Close Confirmed Stop,20240307,184.5,20240315,173.0,-0.013368983957219305,-0.07486631016042777,-0.06149732620320847,-0.019072208990612162,-0.08022182824064675,-0.061149619250034586,False,True
2455,全新,20250612,20250613,121.0,Day 5 Weakness,20250620,119.5,20250624,125.5,-0.012396694214875992,0.037190082644628086,0.04958677685950408,-0.018106369942858108,0.031194427644436074,0.04930079758729418,True,True
2455,全新,20250918,20250919,167.5,Close Confirmed Stop,20250924,161.5,20251001,161.0,-0.035820895522388096,-0.03880597014925369,-0.0029850746268655914,-0.04138291375017724,-0.04436082683300272,-0.0029779130828254813,False,True
2457,飛宏,20230216,20230217,42.0,Day 8 Time Stop,20230302,47.05,20230302,47.05,0.12023809523809526,0.12023809523809526,0.0,0.113750950131763,0.113750950131763,0.0,False,True
2457,飛宏,20230601,20230602,82.8,Day 5 Weakness,20230609,79.7,20230613,82.3,-0.03743961352656999,-0.006038647342995196,0.0314009661835748,-0.042988534128044285,-0.011796503774395046,0.031192030353649237,False,True
2457,飛宏,20240219,20240220,62.5,Day 5 Weakness,20240227,61.3,20240301,60.3,-0.019199999999999995,-0.03520000000000001,-0.016000000000000014,-0.02488706467557975,-0.0408153488536934,-0.015928284178113653,False,True
2457,飛宏,20240604,20240605,52.1,Day 5 Weakness,20240613,51.4,20240617,51.3,-0.013435700575815779,-0.015355086372360938,-0.0019193857965451588,-0.019167429944358067,-0.021048880633924735,-0.0018814506895666674,False,True
2457,飛宏,20260522,20260525,27.15,Close Confirmed Stop,20260528,25.2,20260603,29.15,-0.07182320441988943,0.07366482504604055,0.14548802946592998,-0.07718292152963704,0.06745612768501343,0.14463904921465048,True,True
2458,義隆,20231208,20231211,157.5,Close Confirmed Stop,20231218,154.0,20231220,160.0,-0.022222222222222254,0.015873015873015817,0.03809523809523807,-0.02790359704907975,0.010000191878212616,0.03790378892729236,True,True
2458,義隆,20240221,20240222,169.0,Day 5 Weakness,20240301,166.5,20240305,167.0,-0.014792899408283988,-0.011834319526627168,0.00295857988165682,-0.02049358313943359,-0.017575480856846355,0.0029181022825872337,False,True
2458,義隆,20260311,20260312,139.0,Close Confirmed Stop,20260324,133.0,20260323,131.0,-0.043165467625899234,-0.05755395683453235,-0.014388489208633115,-0.04870135999787469,-0.06298851350549835,-0.014287153507623655,False,True
2458,義隆,20260422,20260423,142.5,Close Confirmed Stop,20260424,137.0,20260505,140.5,-0.038596491228070184,-0.01403508771929829,0.024561403508771895,-0.04413849602520099,-0.01973609237517686,0.024402403650024135,False,True
2458,義隆,20260508,20260511,151.0,Close Confirmed Stop,20260514,144.0,20260520,153.0,-0.04635761589403975,0.013245033112582849,0.0596026490066226,-0.05185087804908353,0.007375041825459945,0.059225919874543474,True,True
2458,義隆,20260630,20260701,190.0,Close Confirmed Stop,20260707,181.5,20260713,183.0,-0.044736842105263186,-0.0368421052631579,0.007894736842105288,-0.050242167955562,-0.04239984627657544,0.00784232167898656,False,True
2462,良得電,20231108,20231109,41.55,Close Confirmed Stop,20231114,38.5,20231120,42.1,-0.07340553549939821,0.013237063778580138,0.08664259927797835,-0.07876016118137896,0.0073747327229045445,0.08613489390428351,True,True
2464,盟立,20241223,20241224,84.2,Trailing Stop,20241227,85.2,20250103,82.7,0.01187648456057011,-0.017814726840855055,-0.029691211401425166,0.006008874986382077,-0.023510909788165738,-0.029519784774547815,False,True
2464,盟立,20250217,20250218,84.0,Day 5 Weakness,20250225,81.4,20250227,79.8,-0.030952380952380842,-0.050000000000000044,-0.019047619047619202,-0.036582044743080515,-0.055483808403312754,-0.01890176366023224,False,True
2464,盟立,20260209,20260210,75.7,Close Confirmed Stop,20260211,71.0,20260303,71.9,-0.06208718626155885,-0.05019815059445176,0.011889035667107084,-0.06750891344124675,-0.05568178351414071,0.011827129927106043,False,True
2464,盟立,20260811,20260812,185.5,Trailing Stop,20260818,190.0,20260821,179.0,0.0242587601078168,-0.035040431266846306,-0.05929919137466311,0.018324733417258033,-0.04059817639236727,-0.05892290980962531,False,True
2465,麗臺,20231130,20231201,63.2,Day 8 Time Stop,20231212,64.9,20231212,64.9,0.026898734177215333,0.026898734177215333,0.0,0.020970222339347235,0.020970222339347235,0.0,False,True
2467,志聖,20240219,20240220,113.5,Trailing Stop,20240229,126.0,20240301,124.5,0.11013215859030834,0.09691629955947145,-0.013215859030836885,0.10370511675612226,0.09055426447888833,-0.013150852277233935,False,True
2467,志聖,20251231,20260102,250.5,Trailing Stop,20260108,258.0,20260113,256.5,0.029940119760478945,0.0239520958083832,-0.0059880239520957446,0.023985162191963703,0.0180450040223529,-0.005940158169610802,False,True
2472,立隆電,20240628,20240701,85.6,Close Confirmed Stop,20240702,83.2,20240710,87.0,-0.028037383177569986,0.016355140186915973,0.04439252336448596,-0.033667133747261546,0.01048564827097988,0.044152782018241424,True,True
2472,立隆電,20250120,20250121,98.0,Close Confirmed Stop,20250204,92.9,20250210,99.7,-0.05204081632653057,0.0173469387755103,0.06938775510204087,-0.057521409439898155,0.011466081827776546,0.0689874912676747,True,True
2472,立隆電,20251022,20251023,108.0,Trailing Stop,20251103,109.5,20251104,105.0,0.01388888888888884,-0.02777777777777779,-0.04166666666666663,0.00801966665505045,-0.033413572559586595,-0.04143323921463704,False,True
2472,立隆電,20260113,20260114,121.5,Day 5 Weakness,20260121,117.0,20260123,117.5,-0.03703703703703709,-0.03292181069958844,0.004115226337448652,-0.04258714133081709,-0.0385486044200023,0.004038536910814794,False,True
2474,可成,20220601,20220602,170.0,Day 8 Time Stop,20220614,168.0,20220614,168.0,-0.0117647058823529,-0.0117647058823529,0.0,-0.017505153207805026,-0.017505153207805026,0.0,False,True
2474,可成,20220809,20220810,177.5,Day 5 Weakness,20220817,178.5,20220819,178.0,0.005633802816901401,0.0028169014084507005,-0.0028169014084507005,-0.0001944958478752221,-0.0030046393689331296,-0.0028101435210579075,False,True
2474,可成,20221114,20221115,183.0,Day 5 Weakness,20221122,182.0,20221124,180.5,-0.005464480874316946,-0.013661202185792365,-0.008196721311475419,-0.011231526249237856,-0.019375106730382285,-0.008143580481144429,False,True
2474,可成,20240513,20240514,230.5,Close Confirmed Stop,20240520,216.0,20240523,228.0,-0.06290672451193058,-0.010845986984815648,0.05206073752711493,-0.06831897194534664,-0.016582983317373016,0.05173598862797363,False,True
2474,可成,20240702,20240703,238.5,Close Confirmed Stop,20240710,217.5,20240712,224.5,-0.08805031446540879,-0.058700209643605894,0.02935010482180289,-0.09331985119402766,-0.06414064969675654,0.02917920149727113,False,True
2476,鉅祥,20230324,20230327,58.5,Close Confirmed Stop,20230330,56.4,20230410,58.0,-0.03589743589743588,-0.008547008547008517,0.027350427350427364,-0.04150932828058137,-0.014291147762055412,0.027218180518525956,False,True
2476,鉅祥,20231201,20231204,67.1,Day 8 Time Stop,20231213,74.1,20231213,74.1,0.10432190760059612,0.10432190760059612,0.0,0.0979369069148698,0.0979369069148698,0.0,False,True
2476,鉅祥,20240122,20240123,74.4,Close Confirmed Stop,20240126,69.9,20240201,69.0,-0.06048387096774188,-0.07258064516129037,-0.012096774193548487,-0.06590857709517715,-0.07794295672895733,-0.012034379633780179,False,True
2476,鉅祥,20240410,20240411,79.7,Close Confirmed Stop,20240412,79.2,20240422,71.2,-0.006273525721455453,-0.10664993726474281,-0.10037641154328736,-0.012021206639816262,-0.11182377630259592,-0.09980256966277966,False,True
2476,鉅祥,20240515,20240516,91.9,Day 5 Weakness,20240523,90.4,20240527,91.5,-0.016322089227421066,-0.0043525571273123065,0.01196953210010876,-0.022013329169344297,-0.010105822071515835,0.011907507097828462,False,True
2476,鉅祥,20240613,20240614,107.0,Trailing Stop,20240620,111.0,20240625,106.5,0.03738317757009346,-0.004672897196261627,-0.04205607476635509,0.031396615421125915,-0.010425318879166402,-0.04182193430029232,False,True
2476,鉅祥,20240705,20240708,118.0,Close Confirmed Stop,20240709,110.0,20240717,111.0,-0.06779661016949157,-0.05932203389830504,0.008474576271186529,-0.07317683582479344,-0.0647560360710886,0.008420799753704841,False,True
2476,鉅祥,20250818,20250819,93.2,Close Confirmed Stop,20250821,89.0,20250828,98.1,-0.045064377682403456,0.05257510729613735,0.0976394849785408,-0.05059181783901163,0.04647976409665353,0.09707158193566516,True,True
2476,鉅祥,20250829,20250901,102.5,Day 8 Time Stop,20250910,117.5,20250910,117.5,0.14634146341463405,0.14634146341463405,0.0,0.13968936935325815,0.13968936935325815,0.0,False,True
2476,鉅祥,20260414,20260415,107.5,Trailing Stop,20260424,122.5,20260424,123.5,0.13953488372093026,0.14883720930232558,0.009302325581395321,0.13292596272548932,0.14217256490276242,0.009246602177273106,False,True
2478,大毅,20260416,20260417,74.5,Close Confirmed Stop,20260424,66.3,20260428,68.3,-0.11006711409395975,-0.08322147651006717,0.02684563758389258,-0.11523481967843009,-0.08852022655235062,0.026714593126079475,False,True
2478,大毅,20260618,20260622,231.0,Close Confirmed Stop,20260629,221.0,20260701,225.5,-0.04329004329004327,-0.023809523809523836,0.01948051948051943,-0.048802580654760536,-0.02946933491961785,0.019333245735142685,False,True
2481,強茂,20220804,20220805,67.5,Day 5 Weakness,20220812,66.8,20220816,70.2,-0.010370370370370363,0.040000000000000036,0.0503703703703704,-0.016107879622697167,0.03400847062022261,0.05011635024291977,True,True
2481,強茂,20220816,20220817,71.7,Day 5 Weakness,20220824,68.6,20220826,71.6,-0.0432357043235706,-0.0013947001394701841,0.04184100418410042,-0.048769744083214925,-0.007162671267265453,0.04160707281594947,False,True
2481,強茂,20230609,20230612,71.6,Close Confirmed Stop,20230619,68.8,20230621,69.3,-0.03910614525139666,-0.03212290502793291,0.006983240223463749,-0.04464646852364814,-0.037746703043137,0.00689976548051114,False,True
2481,強茂,20240712,20240715,68.0,Close Confirmed Stop,20240719,62.1,20240726,55.7,-0.08676470588235297,-0.18088235294117638,-0.09411764705882342,-0.09205831936004098,-0.18561654259807103,-0.09355822323803005,False,True
2481,強茂,20250919,20250922,76.5,Close Confirmed Stop,20250923,72.5,20251002,71.7,-0.05228758169934644,-0.06274509803921569,-0.010457516339869244,-0.05776500616632606,-0.06816406204682234,-0.010399055880496277,False,True
2481,強茂,20260116,20260119,92.3,Trailing Stop,20260126,90.0,20260128,93.2,-0.024918743228602325,0.009750812567713929,0.034669555796316254,-0.030562726977697935,0.003923517789626065,0.034486244767324,True,True
2481,強茂,20260317,20260318,105.0,Close Confirmed Stop,20260323,91.3,20260327,97.9,-0.13047619047619052,-0.06761904761904758,0.06285714285714294,-0.13549756940360075,-0.07302472642755278,0.062472842976047965,False,True
2482,連宇,20230201,20230202,34.2,Trailing Stop,20230207,39.05,20230213,41.2,0.14181286549707584,0.20467836257309946,0.06286549707602362,0.13517587680411994,0.19772401327746028,0.06254813647334034,False,True
2484,希華,20220808,20220809,38.2,Day 8 Time Stop,20220818,42.15,20220818,42.15,0.10340314136125639,0.10340314136125639,0.0,0.09702343944143214,0.09702343944143214,0.0,False,True
2484,希華,20230306,20230307,39.6,Close Confirmed Stop,20230310,37.05,20230316,36.25,-0.06439393939393945,-0.08459595959595967,-0.02020202020202022,-0.0698058598475515,-0.08989273403603126,-0.020086874188479764,False,True
2484,希華,20240229,20240301,36.75,Close Confirmed Stop,20240308,35.3,20240312,34.7,-0.039455782312925236,-0.05578231292517,-0.01632653061224476,-0.04499255477105834,-0.06124660501186066,-0.01625405024080232,False,True
2484,希華,20260526,20260527,56.5,Close Confirmed Stop,20260528,52.6,20260605,52.8,-0.0690265486725663,-0.06548672566371683,0.003539823008849474,-0.07442648792666252,-0.07089515120663331,0.003531336720029213,False,True
2486,一詮,20230606,20230607,41.5,Day 8 Time Stop,20230616,44.65,20230616,44.65,0.07590361445783134,0.07590361445783134,0.0,0.0696584661677472,0.0696584661677472,0.0,False,True
2486,一詮,20240301,20240304,51.7,Trailing Stop,20240308,51.0,20240313,53.9,-0.013539651837524258,0.04255319148936154,0.0560928433268858,-0.019240685612068435,0.03651751547725254,0.055758201089320975,True,True
2486,一詮,20240321,20240322,59.0,Trailing Stop,20240327,61.6,20240402,72.6,0.04406779661016946,0.2305084745762711,0.18644067796610164,0.038025675454307135,0.22338501867790442,0.1853593432235973,False,True
2486,一詮,20250221,20250224,114.0,Close Confirmed Stop,20250226,107.0,20250306,109.0,-0.06140350877192979,-0.04385964912280704,0.01754385964912275,-0.06683085328226786,-0.04939593849093536,0.017434914791332495,False,True
2486,一詮,20250918,20250919,85.0,Close Confirmed Stop,20250924,82.8,20251001,80.7,-0.025882352941176467,-0.0505882352941176,-0.024705882352941133,-0.03152219884439993,-0.056068716557550274,-0.02454651771315034,False,True
2486,一詮,20260128,20260129,131.0,Day 5 Weakness,20260205,131.5,20260209,142.0,0.003816793893129722,0.08396946564885499,0.08015267175572527,-0.0020010118399717202,0.07769195103101108,0.07969296287098279,False,True
2486,一詮,20260413,20260414,196.0,Close Confirmed Stop,20260416,186.0,20260423,222.0,-0.05102040816326525,0.13265306122448983,0.18367346938775508,-0.05651524284945056,0.12611417281450538,0.18262941566395594,True,True
2489,瑞軒,20240705,20240708,21.4,Day 8 Time Stop,20240717,25.8,20240717,25.8,0.20560747663551404,0.20560747663551404,0.0,0.19865102146659774,0.19865102146659774,0.0,False,True
2492,華新科,20220104,20220105,178.0,Close Confirmed Stop,20220107,172.0,20220114,154.5,-0.0337078651685393,-0.1320224719101124,-0.09831460674157311,-0.03933092151768054,-0.13704244827606465,-0.09771152675838411,False,True
2492,華新科,20230411,20230412,103.0,Trailing Stop,20230420,103.0,20230421,97.1,0.0,-0.057281553398058294,-0.057281553398058294,-0.005808396466018272,-0.06271854618250208,-0.05691014971648381,False,True
2492,華新科,20231103,20231106,123.5,Day 5 Weakness,20231113,123.5,20231115,117.0,0.0,-0.052631578947368474,-0.052631578947368474,-0.005806229947675677,-0.05811111519115298,-0.0523048852434773,False,True
2492,華新科,20240614,20240617,117.5,Day 8 Time Stop,20240626,118.5,20240626,118.5,0.008510638297872353,0.008510638297872353,0.0,0.002660270951362763,0.002660270951362763,0.0,False,True
2492,華新科,20240711,20240712,125.0,Close Confirmed Stop,20240723,116.0,20240723,115.5,-0.07199999999999995,-0.07599999999999996,-0.0040000000000000036,-0.07736767292706859,-0.08135807967911068,-0.003990406752042097,False,True
2492,華新科,20251028,20251029,141.5,Close Confirmed Stop,20251030,131.0,20251107,117.5,-0.0742049469964664,-0.16961130742049468,-0.09540636042402828,-0.07956950744098575,-0.17441256344642217,-0.09484305600543642,False,True
2492,華新科,20260106,20260107,130.0,Close Confirmed Stop,20260109,123.5,20260116,133.5,-0.050000000000000044,0.026923076923076827,0.07692307692307687,-0.05548428790424123,0.020987145104352234,0.07647143300859346,True,True
2492,華新科,20260114,20260115,135.0,Trailing Stop,20260126,154.5,20260126,149.5,0.14444444444444438,0.1074074074074074,-0.03703703703703698,0.1378027167160302,0.10102105926402047,-0.03678165745200973,False,True
2492,華新科,20260416,20260417,149.0,Close Confirmed Stop,20260424,131.0,20260428,142.0,-0.12080536912751683,-0.046979865771812124,0.0738255033557047,-0.12588064485721984,-0.05249887224308878,0.07338177261413106,False,True
2495,普安,20221121,20221122,20.5,Close Confirmed Stop,20221124,19.6,20221201,20.1,-0.04390243902439017,-0.019512195121951126,0.024390243902439046,-0.049428642051105434,-0.025196894131741455,0.02423174791936398,False,True
2495,普安,20221214,20221215,23.4,Close Confirmed Stop,20221221,22.0,20221226,21.5,-0.05982905982905973,-0.08119658119658113,-0.021367521367521403,-0.06525022111124248,-0.0864998383674148,-0.021249617256172318,False,True
2495,普安,20230725,20230726,26.5,Close Confirmed Stop,20230727,25.05,20230807,21.8,-0.05471698113207546,-0.1773584905660377,-0.12264150943396224,-0.06018457365363489,-0.1821318910612601,-0.12194731740762521,False,True
2497,怡利電,20230410,20230411,82.3,Close Confirmed Stop,20230414,77.5,20230420,74.5,-0.05832320777642763,-0.09477521263669497,-0.03645200486026734,-0.06378069847908906,-0.10001198300330895,-0.03623128452421989,False,True
2498,宏達電,20230206,20230207,67.2,Day 5 Weakness,20230214,65.9,20230216,65.6,-0.019345238095238027,-0.023809523809523947,-0.0044642857142859205,-0.025036128480208766,-0.02945631562834119,-0.004420187148132422,False,True
2498,宏達電,20230529,20230530,61.7,Day 8 Time Stop,20230608,60.4,20230608,60.4,-0.021069692058346856,-0.021069692058346856,0.0,-0.026753892510599626,-0.026753892510599626,0.0,False,True
2498,宏達電,20231117,20231120,49.15,Day 5 Weakness,20231127,49.15,20231129,49.65,0.0,0.010172939979654183,0.010172939979654183,-0.005800462475459342,0.004314725486663849,0.010115187962123191,True,True
2498,宏達電,20240620,20240621,48.75,Close Confirmed Stop,20240628,46.2,20240702,45.2,-0.05230769230769228,-0.07282051282051272,-0.02051282051282044,-0.05778255518265417,-0.07817947178816462,-0.02039691660551045,False,True
2498,宏達電,20241230,20241231,51.1,Close Confirmed Stop,20250102,49.2,20250110,46.45,-0.03718199608610562,-0.09099804305283754,-0.05381604696673192,-0.04272502274236659,-0.09627865892891145,-0.05355363618654486,False,True
2498,宏達電,20250121,20250122,58.3,Close Confirmed Stop,20250204,51.8,20250211,46.85,-0.11149228130360211,-0.19639794168096047,-0.08490566037735836,-0.11665462583315064,-0.20105684098750415,-0.0844022151543535,False,True
2498,宏達電,20250512,20250513,40.55,Day 5 Weakness,20250520,39.6,20250522,40.75,-0.023427866831072675,0.004932182490752224,0.0283600493218249,-0.029101197374245054,-0.0008757776353772146,0.02822541973886784,True,True
2498,宏達電,20250521,20250522,41.35,Close Confirmed Stop,20250528,39.8,20250603,37.5,-0.03748488512696502,-0.09310761789600974,-0.055622732769044725,-0.043028055716801704,-0.09835065267319745,-0.05532259695639575,False,True
2501,國建,20240607,20240611,37.4,Close Confirmed Stop,20240612,34.7,20240620,32.9,-0.0721925133689838,-0.1203208556149733,-0.0481283422459895,-0.07755006445571382,-0.12542969670410334,-0.04787963224838952,False,True
2501,國建,20260422,20260423,25.6,Close Confirmed Stop,20260429,23.5,20260505,22.5,-0.08203125,-0.12109375,-0.0390625,-0.08733250623325652,-0.1261680021358972,-0.038835495902640696,False,True
2501,國建,20260605,20260608,23.5,Day 8 Time Stop,20260617,27.0,20260617,27.0,0.14893617021276606,0.14893617021276606,0.0,0.142282585465412,0.142282585465412,0.0,False,True
2504,國產,20240301,20240304,34.2,Day 8 Time Stop,20240313,36.75,20240313,36.75,0.07456140350877183,0.07456140350877183,0.0,0.06835228553435357,0.06835228553435357,0.0,False,True
2504,國產,20240408,20240409,40.9,Day 8 Time Stop,20240418,48.05,20240418,48.05,0.17481662591687042,0.17481662591687042,0.0,0.16803083585118317,0.16803083585118317,0.0,False,True
2514,龍邦,20240520,20240521,23.3,Close Confirmed Stop,20240524,21.95,20240530,23.0,-0.05793991416309019,-0.012875536480686733,0.045064377682403456,-0.06339753630934078,-0.01860781827523424,0.04478971803410654,False,True
2520,冠德,20240327,20240328,41.5,Day 8 Time Stop,20240410,43.5,20240410,43.5,0.04819277108433728,0.04819277108433728,0.0,0.042114032935151466,0.042114032935151466,0.0,False,True
2520,冠德,20240411,20240412,45.05,Trailing Stop,20240423,48.95,20240423,50.8,0.08657047724750289,0.12763596004439504,0.04106548279689215,0.08026577615507083,0.121132817469692,0.04086704131462117,False,True
2520,冠德,20240715,20240716,60.3,Trailing Stop,20240722,63.4,20240729,62.3,0.05140961857379778,0.03316749585406309,-0.018242122719734688,0.045323980144379675,0.027192226884046745,-0.01813175326033293,False,True
2520,冠德,20241108,20241111,52.0,Day 5 Weakness,20241118,52.6,20241120,56.0,0.011538461538461497,0.07692307692307687,0.06538461538461537,0.005679491652183847,0.07067398120794502,0.06499448955576118,False,True
2520,冠德,20250224,20250225,58.0,Close Confirmed Stop,20250303,55.1,20250307,56.6,-0.04999999999999993,-0.024137931034482696,0.025862068965517238,-0.05548093408833007,-0.029814339226974417,0.02566659486135565,False,True
2520,冠德,20250516,20250519,57.1,Day 5 Weakness,20250526,55.9,20250528,53.7,-0.021015761821366108,-0.05954465849387036,-0.038528896672504254,-0.026700602267106084,-0.0649702417573772,-0.038269639490271116,False,True
2530,華建,20240402,20240403,47.65,Day 8 Time Stop,20240416,51.4,20240416,51.4,0.07869884575026243,0.07869884575026243,0.0,0.07244168733706315,0.07244168733706315,0.0,False,True
2542,興富發,20221114,20221115,43.3,Day 8 Time Stop,20221124,44.9,20221124,44.9,0.036951501154734556,0.036951501154734556,0.0,0.03096644383643598,0.03096644383643598,0.0,False,True
2542,興富發,20230918,20230919,44.25,Close Confirmed Stop,20230926,39.45,20230928,39.45,-0.1084745762711864,-0.1084745762711864,0.0,-0.11364516640685558,-0.11364516640685558,0.0,False,True
2542,興富發,20240506,20240507,48.2,Close Confirmed Stop,20240509,46.85,20240516,45.55,-0.028008298755186734,-0.05497925311203333,-0.0269709543568466,-0.03364154275665732,-0.06044774667404721,-0.026806203917389894,False,True
2542,興富發,20240607,20240611,48.45,Day 8 Time Stop,20240620,52.5,20240620,52.5,0.0835913312693497,0.0835913312693497,0.0,0.07732489476460552,0.07732489476460552,0.0,False,True
2542,興富發,20250804,20250805,42.75,Day 5 Weakness,20250812,42.0,20250814,42.3,-0.01754385964912286,-0.010526315789473717,0.007017543859649145,-0.02323113318851533,-0.016263733436813095,0.006967399751702234,False,True
2542,興富發,20250916,20250917,46.6,Close Confirmed Stop,20250922,44.9,20250926,41.3,-0.03648068669527904,-0.11373390557939922,-0.07725321888412018,-0.04208973010712026,-0.11889114784006938,-0.07680141773294911,False,True
2542,興富發,20260429,20260430,40.2,Day 5 Weakness,20260508,39.5,20260512,41.1,-0.017412935323383172,0.02238805970149249,0.03980099502487566,-0.023102853464223437,0.016469352136872988,0.03957220560109642,True,True
2542,興富發,20260513,20260514,42.4,Day 8 Time Stop,20260525,42.4,20260525,42.4,0.0,0.0,0.0,-0.005800202175486693,-0.005800202175486693,0.0,False,True
2542,興富發,20260813,20260814,46.2,Day 8 Time Stop,20260825,47.5,20260825,47.5,0.02813852813852802,0.02813852813852802,0.0,0.022204558618676134,0.022204558618676134,0.0,False,True
2543,皇昌,20240216,20240219,30.65,Trailing Stop,20240223,35.9,20240229,41.9,0.17128874388254478,0.367047308319739,0.1957585644371942,0.16451233749078187,0.3591346392675649,0.19462230177678302,False,True
2543,皇昌,20241007,20241008,89.5,Trailing Stop,20241015,94.5,20241018,93.0,0.05586592178770955,0.03910614525139655,-0.016759776536312998,0.04972605046558895,0.03310668255937985,-0.016619367906209097,False,True
2543,皇昌,20250815,20250818,86.4,Day 5 Weakness,20250825,83.2,20250827,86.0,-0.03703703703703709,-0.00462962962962965,0.03240740740740744,-0.042586486589335656,-0.01039041091204674,0.03219607567728892,False,True
2548,華固,20240607,20240611,173.5,Day 8 Time Stop,20240620,189.5,20240620,189.5,0.09221902017291073,0.09221902017291073,0.0,0.08588467306178377,0.08588467306178377,0.0,False,True
2603,長榮,20230614,20230615,163.0,Day 5 Weakness,20230626,159.0,20230628,157.5,-0.024539877300613466,-0.033742331288343586,-0.00920245398773012,-0.030194207197931998,-0.039307630196671016,-0.009113422998739018,False,True
2603,長榮,20230914,20230915,109.5,Day 8 Time Stop,20230926,115.5,20230926,115.5,0.0547945205479452,0.0547945205479452,0.0,0.04869069117130545,0.04869069117130545,0.0,False,True
2603,長榮,20231114,20231115,115.0,Day 5 Weakness,20231122,113.0,20231124,113.0,-0.017391304347826098,-0.017391304347826098,0.0,-0.02308737922443116,-0.02308737922443116,0.0,False,True
2603,長榮,20231204,20231205,119.0,Day 8 Time Stop,20231214,129.0,20231214,129.0,0.08403361344537807,0.08403361344537807,0.0,0.07775608257988117,0.07775608257988117,0.0,False,True
2603,長榮,20231215,20231218,138.5,Trailing Stop,20231226,142.5,20231227,147.0,0.028880866425992746,0.06137184115523464,0.032490974729241895,0.022942316815361928,0.05522186523254842,0.03227954841718649,False,True
2603,長榮,20240304,20240305,171.5,Day 8 Time Stop,20240314,183.5,20240314,183.5,0.06997084548104948,0.06997084548104948,0.0,0.06375665553352185,0.06375665553352185,0.0,False,True
2603,長榮,20240514,20240515,206.0,Close Confirmed Stop,20240516,205.5,20240524,219.5,-0.0024271844660194164,0.06553398058252435,0.06796116504854377,-0.008196328079789046,0.05936781953117602,0.06756414761096508,True,True
2603,長榮,20240923,20240924,197.0,Close Confirmed Stop,20241007,186.0,20241007,188.0,-0.055837563451776595,-0.045685279187817285,0.01015228426395931,-0.06130258897302006,-0.05120799265149009,0.010094596321529967,False,True
2603,長榮,20250224,20250225,221.5,Day 5 Weakness,20250305,219.0,20250307,227.0,-0.011286681715575675,0.02483069977426644,0.036117381489842115,-0.017030478400762723,0.01890010996212074,0.03593058836288346,True,True
2603,長榮,20250513,20250514,234.5,Day 8 Time Stop,20250523,256.0,20250523,256.0,0.09168443496801704,0.09168443496801704,0.0,0.0853764700574618,0.0853764700574618,0.0,False,True
2603,長榮,20260107,20260108,195.0,Day 5 Weakness,20260115,194.5,20260119,187.5,-0.002564102564102555,-0.038461538461538436,-0.03589743589743588,-0.008337345639188202,-0.04401478603740978,-0.03567744039822157,False,True
2603,長榮,20260303,20260304,221.0,Close Confirmed Stop,20260305,212.0,20260313,207.5,-0.040723981900452455,-0.06108597285067874,-0.020361990950226283,-0.04627180221733643,-0.06651800634170241,-0.02024620412436598,False,True
2603,長榮,20260522,20260525,220.0,Close Confirmed Stop,20260527,213.0,20260603,237.0,-0.03181818181818186,0.07727272727272738,0.10909090909090924,-0.03744379532419803,0.07101841270519399,0.10846220802939202,True,True
2603,長榮,20260601,20260602,225.0,Day 5 Weakness,20260609,226.5,20260611,226.0,0.006666666666666599,0.004444444444444473,-0.0022222222222221255,0.000849286338188062,-0.001367607787585698,-0.00221689412577376,False,True
2603,長榮,20260818,20260819,236.0,Trailing Stop,20260827,226.0,20260828,231.5,-0.0423728813559322,-0.01906779661016944,0.02330508474576276,-0.047895246300793066,-0.024746844420945747,0.02314840187984732,False,True
2605,新興,20230914,20230915,23.15,Trailing Stop,20230922,22.9,20230926,23.3,-0.010799136069114423,0.006479481641468832,0.017278617710583255,-0.016537361565904823,0.000666499853635728,0.017203861419540552,True,True
2605,新興,20231201,20231204,24.65,Day 8 Time Stop,20231213,27.75,20231213,27.75,0.12576064908722118,0.12576064908722118,0.0,0.11926079648086657,0.11926079648086657,0.0,False,True
2605,新興,20240220,20240221,27.4,Day 5 Weakness,20240229,28.0,20240304,27.0,0.021897810218978186,-0.014598540145985384,-0.03649635036496357,0.015980174449421517,-0.02029530484280829,-0.03627547929222981,False,True
2605,新興,20240513,20240514,28.5,Trailing Stop,20240516,28.55,20240523,28.0,0.0017543859649122862,-0.01754385964912286,-0.019298245614035148,-0.00404759841353934,-0.02323290427997683,-0.019185305866437487,False,True
2605,新興,20240826,20240827,27.6,Day 5 Weakness,20240903,27.15,20240905,25.4,-0.01630434782608703,-0.07971014492753636,-0.06340579710144933,-0.021997296847206468,-0.0850510068278767,-0.06305370998067023,False,True
2605,新興,20250516,20250519,25.8,Close Confirmed Stop,20250521,24.15,20250528,23.35,-0.06395348837209314,-0.09496124031007747,-0.03100775193798433,-0.06936454952500636,-0.10019795368503122,-0.030833404160024863,False,True
2605,新興,20250814,20250815,24.5,Day 5 Weakness,20250822,24.15,20250826,23.5,-0.014285714285714346,-0.04081632653061229,-0.026530612244897944,-0.020014653331383907,-0.046348359191318425,-0.02633370585993452,False,True
2605,新興,20260112,20260113,28.35,Day 8 Time Stop,20260122,29.3,20260122,29.3,0.0335097001763669,0.0335097001763669,0.0,0.027533199952194654,0.027533199952194654,0.0,False,True
2605,新興,20260225,20260226,32.7,Trailing Stop,20260305,35.3,20260310,33.15,0.07951070336391419,0.013761467889908063,-0.06574923547400613,0.07325556850298061,0.0078973225580991,-0.06535824594488152,False,True
2605,新興,20260317,20260318,42.2,Close Confirmed Stop,20260323,40.0,20260327,43.0,-0.05213270142180104,0.018957345971563955,0.071090047393365,-0.05760445903777632,0.013081872320728896,0.07068633135850522,True,True
2605,新興,20260818,20260819,35.9,Trailing Stop,20260827,34.7,20260828,35.05,-0.03342618384401097,-0.023676880222841312,0.009749303621169658,-0.039045403644012544,-0.029352826091061684,0.00969257755295086,False,True
2606,裕民,20221111,20221114,40.25,Day 8 Time Stop,20221123,43.3,20221123,43.3,0.0757763975155279,0.0757763975155279,0.0,0.06952923017801882,0.06952923017801882,0.0,False,True
2606,裕民,20221125,20221128,46.5,Day 8 Time Stop,20221207,45.3,20221207,45.3,-0.02580645161290329,-0.02580645161290329,0.0,-0.03144327390745591,-0.03144327390745591,0.0,False,True
2606,裕民,20221215,20221216,49.65,Close Confirmed Stop,20221220,47.1,20221227,48.95,-0.051359516616314105,-0.014098690835850913,0.03726082578046319,-0.05683588144573652,-0.019797805228186575,0.037038076217549946,False,True
2606,裕民,20230915,20230918,50.8,Day 5 Weakness,20230925,48.7,20230927,48.3,-0.04133858267716528,-0.049212598425196874,-0.007874015748031593,-0.046874472476518644,-0.05469623438295188,-0.007821761906433237,False,True
2606,裕民,20240226,20240227,54.5,Close Confirmed Stop,20240229,55.1,20240308,54.3,0.011009174311926717,-0.003669724770642202,-0.01467889908256892,0.00514743460061909,-0.009429518553082227,-0.014576953153701317,False,True
2606,裕民,20240229,20240301,55.3,Close Confirmed Stop,20240304,54.9,20240312,55.5,-0.00723327305605781,0.003616636528029016,0.010849909584086825,-0.012984925343827279,-0.002194409798549589,0.01079051554527769,True,True
2606,裕民,20240927,20240930,56.7,Day 5 Weakness,20241009,55.6,20241014,54.5,-0.01940035273368612,-0.03880070546737213,-0.01940035273368601,-0.025086924622879928,-0.04434069723610394,-0.019253772613224012,False,True
2606,裕民,20241111,20241112,58.6,Day 8 Time Stop,20241121,61.2,20241121,61.2,0.04436860068259385,0.04436860068259385,0.0,0.03832993148533705,0.03832993148533705,0.0,False,True
2606,裕民,20250724,20250725,57.2,Close Confirmed Stop,20250730,53.7,20250805,51.9,-0.06118881118881114,-0.09265734265734271,-0.03146853146853157,-0.06661102097531736,-0.09790395636145484,-0.03129293538613748,False,True
2606,裕民,20250818,20250819,59.7,Close Confirmed Stop,20250825,57.2,20250828,57.3,-0.041876046901172526,-0.04020100502512569,0.0016750418760468344,-0.04740482785167396,-0.04573380113737816,0.0016710267142957952,False,True
2606,裕民,20260415,20260416,64.0,Day 5 Weakness,20260423,63.4,20260427,60.4,-0.009375000000000022,-0.05625000000000002,-0.046875,-0.015117154284970433,-0.06171308135720158,-0.04659592707223115,False,True
2606,裕民,20260526,20260527,70.2,Day 8 Time Stop,20260605,70.8,20260605,70.8,0.008547008547008517,0.008547008547008517,0.0,0.002722600380086263,0.002722600380086263,0.0,False,True
2606,裕民,20260821,20260824,73.5,Trailing Stop,20260827,70.2,,,-0.04489795918367345,,,-0.05042612492893628,,,False,False
2607,榮運,20220111,20220112,30.4,Close Confirmed Stop,20220117,29.15,20220121,28.7,-0.041118421052631526,-0.05592105263157887,-0.014802631578947345,-0.04665208305598111,-0.061385877996703996,-0.014733794940722883,False,True
2607,榮運,20231113,20231114,33.3,Close Confirmed Stop,20231116,31.35,20231123,29.45,-0.058558558558558405,-0.11561561561561551,-0.0570570570570571,-0.06401395843058601,-0.12073432700352545,-0.05672036857293944,False,True
2607,榮運,20231215,20231218,33.6,Close Confirmed Stop,20231226,32.25,20231227,32.35,-0.04017857142857151,-0.03720238095238093,0.0029761904761905766,-0.04571525979773615,-0.04274620466461091,0.0029690551331252382,False,True
2607,榮運,20240429,20240430,33.85,Day 5 Weakness,20240508,33.8,20240510,34.15,-0.001477104874446189,0.008862629246676468,0.010339734121122657,-0.0072708671326638585,0.003010746225635912,0.01028161335829977,True,True
2607,榮運,20250516,20250519,33.7,Day 8 Time Stop,20250528,34.2,20250528,34.2,0.014836795252225476,0.014836795252225476,0.0,0.008970853433475874,0.008970853433475874,0.0,False,True
2609,陽明,20230302,20230303,66.4,Day 8 Time Stop,20230314,67.5,20230314,67.5,0.016566265060240948,0.016566265060240948,0.0,0.010694524323622062,0.010694524323622062,0.0,False,True
2609,陽明,20230915,20230918,46.15,Day 5 Weakness,20230925,45.75,20230927,45.9,-0.008667388949079036,-0.005417118093174467,0.003250270855904569,-0.014411321213228035,-0.0111688422054947,0.003242479007733336,False,True
2609,陽明,20231201,20231204,44.05,Day 5 Weakness,20231211,44.45,20231213,43.2,0.009080590238365716,-0.01929625425652659,-0.028376844494892306,0.0032277686517323966,-0.024981035775691433,-0.02820880442742383,False,True
2609,陽明,20231219,20231220,49.7,Trailing Stop,20231226,51.6,20231229,51.3,0.03822937625754519,0.03219315895372232,-0.006036217303822866,0.03224197367897177,0.026220225523388787,-0.006021748155582981,False,True
2609,陽明,20240429,20240430,53.0,Close Confirmed Stop,20240502,53.1,20240510,60.6,0.0018867924528302993,0.1433962264150943,0.141509433962264,-0.003916587701748151,0.13675337717796857,0.14066996487971672,False,True
2609,陽明,20240516,20240517,74.1,Close Confirmed Stop,20240520,72.0,20240528,79.5,-0.028340080971659853,0.07287449392712553,0.10121457489878538,-0.033972011869210755,0.0666663277552656,0.10063833962447635,True,True
2609,陽明,20240925,20240926,70.7,Close Confirmed Stop,20241007,64.1,20241009,62.5,-0.09335219236209347,-0.11598302687411599,-0.022630834512022524,-0.09859823021740327,-0.12110801593565843,-0.022509785718255154,False,True
2609,陽明,20241105,20241106,71.0,Day 8 Time Stop,20241115,72.2,20241115,72.2,0.016901408450704203,0.016901408450704203,0.0,0.011030863190668086,0.011030863190668086,0.0,False,True
2609,陽明,20250516,20250519,84.2,Day 5 Weakness,20250526,83.5,20250528,81.3,-0.008313539192399078,-0.03444180522565332,-0.026128266033254244,-0.014065914982953079,-0.04003129868077222,-0.025965383697819144,False,True
2609,陽明,20251224,20251226,55.4,Day 8 Time Stop,20260107,57.6,20260107,57.6,0.03971119133574019,0.03971119133574019,0.0,0.03371329300743106,0.03371329300743106,0.0,False,True
2609,陽明,20260107,20260108,58.0,Close Confirmed Stop,20260114,55.5,20260119,54.0,-0.0431034482758621,-0.06896551724137934,-0.025862068965517238,-0.048634284339955675,-0.07436761276169893,-0.02573332842174325,False,True
2609,陽明,20260302,20260303,61.1,Trailing Stop,20260305,64.2,20260312,62.1,0.0507364975450082,0.016366612111292866,-0.03436988543371533,0.044648468148379306,0.010494401125995468,-0.03415406702238384,False,True
2609,陽明,20260522,20260525,53.0,Day 5 Weakness,20260601,53.6,20260603,53.7,0.01132075471698113,0.013207547169811429,0.0018867924528302993,0.005461409956899599,0.007343679057669992,0.0018822691007703927,False,True
2609,陽明,20260601,20260602,55.0,Close Confirmed Stop,20260605,53.8,20260611,51.1,-0.021818181818181848,-0.07090909090909092,-0.049090909090909074,-0.027501148124018625,-0.07627409725411433,-0.0487729491300957,False,True
2609,陽明,20260817,20260818,55.1,Trailing Stop,20260827,56.7,20260827,57.9,0.029038112522685955,0.05081669691470059,0.021778584392014633,0.023099613973320627,0.044725849992360116,0.02162623601903949,False,True
2610,華航,20230519,20230522,20.25,Day 8 Time Stop,20230531,22.2,20230531,22.2,0.09629629629629632,0.09629629629629632,0.0,0.08996990200909846,0.08996990200909846,0.0,False,True
2610,華航,20230601,20230602,23.45,Day 5 Weakness,20230609,22.9,20230613,22.75,-0.023454157782516027,-0.02985074626865669,-0.006396588486140664,-0.02912709630860817,-0.03547503077789363,-0.006347934469285461,False,True
2610,華航,20231116,20231117,22.05,Day 5 Weakness,20231124,21.55,20231128,21.4,-0.0226757369614512,-0.02947845804988669,-0.006802721088435493,-0.028350932514525314,-0.03510402227716178,-0.006753089762636465,False,True
2610,華航,20231222,20231225,22.45,Day 5 Weakness,20240102,21.9,20240104,22.1,-0.024498886414253906,-0.015590200445434244,0.008908685968819663,-0.03017190424528763,-0.02128457535978448,0.00888732888550315,False,True
2610,華航,20240102,20240103,22.3,Close Confirmed Stop,20240108,22.0,20240112,21.1,-0.013452914798206317,-0.053811659192825045,-0.04035874439461873,-0.019185682336587535,-0.05928095619860888,-0.040095273862021344,False,True
2610,華航,20240516,20240517,24.0,Close Confirmed Stop,20240523,22.1,20240528,23.3,-0.07916666666666661,-0.029166666666666674,0.04999999999999993,-0.08450813017237602,-0.03479469461043328,0.049713435561942736,False,True
2610,華航,20240627,20240628,24.25,Day 8 Time Stop,20240709,23.8,20240709,23.8,-0.01855670103092777,-0.01855670103092777,0.0,-0.024243908288398903,-0.024243908288398903,0.0,False,True
2610,華航,20241024,20241025,22.35,Day 8 Time Stop,20241106,22.5,20241106,22.5,0.006711409395973034,0.006711409395973034,0.0,0.0008969706160349132,0.0008969706160349132,0.0,False,True
2610,華航,20241107,20241108,23.2,Day 8 Time Stop,20241119,24.15,20241119,24.15,0.04094827586206895,0.04094827586206895,0.0,0.03495201764594869,0.03495201764594869,0.0,False,True
2610,華航,20250821,20250822,21.6,Day 5 Weakness,20250829,21.3,20250902,21.55,-0.01388888888888895,-0.0023148148148148806,0.01157407407407407,-0.01961931857619696,-0.008106321771726837,0.011512996804470122,False,True
2610,華航,20260114,20260115,21.3,Day 8 Time Stop,20260126,22.5,20260126,22.5,0.05633802816901401,0.05633802816901401,0.0,0.050207255029111976,0.050207255029111976,0.0,False,True
2610,華航,20260617,20260618,22.1,Day 8 Time Stop,20260630,23.7,20260630,23.7,0.07239819004524883,0.07239819004524883,0.0,0.06619539563109192,0.06619539563109192,0.0,False,True
2611,志信,20240605,20240606,34.85,Close Confirmed Stop,20240612,32.05,20240618,33.85,-0.08034433285509335,-0.028694404591104727,0.05164992826398862,-0.08568482614758244,-0.03432551680754973,0.05135930934003271,False,True
2612,中航,20250814,20250815,54.9,Close Confirmed Stop,20250825,54.3,20250826,52.7,-0.010928961748633892,-0.04007285974499086,-0.02914389799635697,-0.016671350033285716,-0.04561186904108753,-0.028940519007801813,False,True
2614,東森,20230201,20230202,25.0,Day 5 Weakness,20230209,24.15,20230213,23.1,-0.03400000000000003,-0.07599999999999996,-0.041999999999999926,-0.039616687144383655,-0.08134928872580792,-0.041732601581424264,False,True
2615,萬海,20231115,20231116,47.85,Close Confirmed Stop,20231123,45.6,20231127,46.0,-0.047021943573667735,-0.03866248693834906,0.008359456635318674,-0.05254023395030471,-0.044200817066802,0.00833941688350271,False,True
2615,萬海,20231220,20231221,54.5,Trailing Stop,20231226,54.0,20240102,54.7,-0.00917431192660545,0.003669724770642313,0.012844036697247763,-0.014920907341247708,-0.0021410419762313863,0.01277986536501632,True,True
2615,萬海,20240429,20240430,49.65,Day 8 Time Stop,20240510,63.8,20240510,63.8,0.2849949647532728,0.2849949647532728,0.0,0.2775781486626002,0.2775781486626002,0.0,False,True
2615,萬海,20240926,20240927,105.0,Close Confirmed Stop,20241001,100.0,20241011,83.0,-0.04761904761904767,-0.20952380952380956,-0.16190476190476188,-0.053106049419484845,-0.21408869945781875,-0.1609826500383339,False,True
2615,萬海,20250513,20250514,93.0,Day 8 Time Stop,20250523,126.5,20250523,126.5,0.36021505376344076,0.36021505376344076,0.0,0.35235227514415307,0.35235227514415307,0.0,False,True
2615,萬海,20260522,20260525,84.4,Close Confirmed Stop,20260527,81.8,20260603,83.9,-0.03080568720379162,-0.005924170616113722,0.0248815165876779,-0.036428555668748024,-0.011673341674009501,0.024755213994738522,False,True
2615,萬海,20260814,20260817,91.3,Trailing Stop,20260827,113.0,20260826,115.0,0.23767798466593648,0.25958378970427165,0.02190580503833517,0.2305091953986502,0.2522957918079806,0.021786596409330422,False,True
2617,台航,20230303,20230306,32.4,Day 8 Time Stop,20230315,33.15,20230315,33.15,0.02314814814814814,0.02314814814814814,0.0,0.017230333430294863,0.017230333430294863,0.0,False,True
2617,台航,20240229,20240301,35.8,Close Confirmed Stop,20240308,35.0,20240312,36.25,-0.022346368715083775,0.012569832402234749,0.034916201117318524,-0.028022521445190452,0.006710003383726389,0.03473252482891684,True,True
2617,台航,20240703,20240704,40.1,Close Confirmed Stop,20240705,39.05,20240715,36.55,-0.026184538653366674,-0.0885286783042395,-0.06234413965087282,-0.03181938317941849,-0.09381404620429226,-0.061994663024873775,False,True
2618,長榮航,20230201,20230202,29.8,Day 5 Weakness,20230209,29.1,20230213,28.2,-0.023489932885906062,-0.05369127516778527,-0.030201342281879207,-0.029165282499063225,-0.05916084882809158,-0.029995566329028358,False,True
2618,長榮航,20230216,20230217,29.6,Close Confirmed Stop,20230223,28.55,20230302,28.3,-0.03547297297297303,-0.04391891891891897,-0.008445945945945943,-0.04108548933333512,-0.04944451532523994,-0.008359025991904821,False,True
2618,長榮航,20230519,20230522,29.95,Day 8 Time Stop,20230531,33.95,20230531,33.95,0.13355592654424053,0.13355592654424053,0.0,0.12697073714780166,0.12697073714780166,0.0,False,True
2618,長榮航,20230601,20230602,36.35,Day 5 Weakness,20230609,36.15,20230613,36.2,-0.005502063273727709,-0.004126547455295726,0.0013755158184319827,-0.01125345183315246,-0.009881233508478743,0.0013722183246737164,False,True
2618,長榮航,20230615,20230616,41.5,Day 5 Weakness,20230627,41.0,20230629,40.45,-0.012048192771084376,-0.025301204819277,-0.013253012048192625,-0.01778255817212623,-0.030970473118063682,-0.013187914945937452,False,True
2618,長榮航,20231103,20231106,30.8,Close Confirmed Stop,20231109,29.25,20231115,30.25,-0.05032467532467533,-0.017857142857142905,0.03246753246753242,-0.055800003108258944,-0.02354358468988318,0.03225641841837576,False,True
2618,長榮航,20231116,20231117,32.5,Day 5 Weakness,20231124,31.8,20231128,31.45,-0.021538461538461506,-0.03230769230769237,-0.010769230769230864,-0.02721650123562981,-0.03792659137636881,-0.010710090140738995,False,True
2618,長榮航,20240411,20240412,32.6,Close Confirmed Stop,20240416,31.7,20240423,32.6,-0.027607361963190247,0.0,0.027607361963190247,-0.03323821719891797,-0.005797030650551104,0.02744118654836687,False,True
2618,長榮航,20241111,20241112,39.2,Day 8 Time Stop,20241121,41.15,20241121,41.15,0.049744897959183465,0.049744897959183465,0.0,0.04366055041613365,0.04366055041613365,0.0,False,True
2618,長榮航,20250506,20250507,43.3,Day 8 Time Stop,20250516,43.4,20250516,43.4,0.002309468822170979,0.002309468822170979,0.0,-0.003492565625396073,-0.003492565625396073,0.0,False,True
2618,長榮航,20260120,20260121,38.2,Day 8 Time Stop,20260130,37.4,20260130,37.4,-0.020942408376963484,-0.020942408376963484,0.0,-0.026623890097735685,-0.026623890097735685,0.0,False,True
2618,長榮航,20260529,20260601,36.45,Day 8 Time Stop,20260610,37.25,20260610,37.25,0.021947873799725626,0.021947873799725626,0.0,0.016031889548191774,0.016031889548191774,0.0,False,True
2630,亞航,20230609,20230612,62.6,Close Confirmed Stop,20230613,60.4,20230621,61.5,-0.03514376996805113,-0.01757188498402562,0.01757188498402551,-0.04076106454086738,-0.023264683763401958,0.01749638077746542,False,True
2630,亞航,20231115,20231116,34.9,Day 5 Weakness,20231123,34.4,20231127,38.35,-0.014326647564469885,0.09885386819484254,0.11318051575931243,-0.02002456187748182,0.0924844315262117,0.11250899340369352,True,True
2630,亞航,20250507,20250508,41.0,Trailing Stop,20250514,42.15,20250519,39.4,0.028048780487804903,-0.039024390243902474,-0.06707317073170738,0.022114041371376528,-0.04456476443125282,-0.06667880580262935,False,True
2633,台灣高鐵,20230306,20230307,30.1,Day 5 Weakness,20230314,29.7,20230316,29.2,-0.013289036544850585,-0.029900332225913706,-0.01661129568106312,-0.01902212162169743,-0.03552690909454039,-0.016504787472842963,False,True
2633,台灣高鐵,20230517,20230518,33.65,Day 5 Weakness,20230525,33.0,20230529,32.4,-0.019316493313521477,-0.03714710252600295,-0.017830609212481474,-0.025001910191506396,-0.042689741702262245,-0.01768783151075585,False,True
2633,台灣高鐵,20251110,20251111,28.7,Day 5 Weakness,20251118,28.25,20251120,27.9,-0.015679442508710784,-0.027874564459930307,-0.012195121951219523,-0.0213718003463102,-0.03350436084767176,-0.012132560501361564,False,True
2634,漢翔,20220801,20220802,37.4,Day 5 Weakness,20220809,37.1,20220811,36.8,-0.008021390374331472,-0.016042780748663166,-0.008021390374331694,-0.013766111536775674,-0.021734938895724424,-0.00796882735894875,False,True
2634,漢翔,20230209,20230210,37.75,Day 8 Time Stop,20230221,38.8,20230221,38.8,0.027814569536423805,0.027814569536423805,0.0,0.021881137038738892,0.021881137038738892,0.0,False,True
2634,漢翔,20230309,20230310,41.75,Close Confirmed Stop,20230314,39.05,20230321,41.0,-0.06467065868263477,-0.017964071856287456,0.04670658682634732,-0.07008225284151884,-0.02365444197427449,0.046427810867244346,False,True
2634,漢翔,20231124,20231127,53.2,Day 5 Weakness,20231204,52.4,20231206,52.0,-0.015037593984962516,-0.022556390977443663,-0.007518796992481147,-0.02073288313078604,-0.028233655396781916,-0.007500772265995877,False,True
2634,漢翔,20240401,20240402,54.7,Day 8 Time Stop,20240415,58.0,20240415,58.0,0.06032906764168189,0.06032906764168189,0.0,0.05418225157832194,0.05418225157832194,0.0,False,True
2634,漢翔,20250806,20250807,47.7,Day 8 Time Stop,20250818,50.0,20250818,50.0,0.04821802935010466,0.04821802935010466,0.0,0.04213824675767936,0.04213824675767936,0.0,False,True
2634,漢翔,20250818,20250819,50.4,Close Confirmed Stop,20250820,47.1,20250828,60.0,-0.06547619047619047,0.19047619047619047,0.25595238095238093,-0.07088551625959683,0.18358596698302662,0.2544714832426235,True,True
2634,漢翔,20250829,20250901,63.0,Close Confirmed Stop,20250902,61.0,20250910,67.2,-0.031746031746031744,0.06666666666666665,0.0984126984126984,-0.03737120174992922,0.060471836866812415,0.09784303861674164,True,True
2634,漢翔,20260108,20260109,55.6,Day 8 Time Stop,20260120,57.4,20260120,57.4,0.03237410071942448,0.03237410071942448,0.0,0.026400642252695623,0.026400642252695623,0.0,False,True
2634,漢翔,20260622,20260623,51.0,Close Confirmed Stop,20260626,48.5,20260702,54.6,-0.0490196078431373,0.07058823529411762,0.11960784313725492,-0.05450181572482031,0.06438563181876666,0.11888744754358697,True,True
2636,台驊投控,20220530,20220531,135.0,Close Confirmed Stop,20220613,113.0,20220610,116.5,-0.16296296296296298,-0.13703703703703707,0.025925925925925908,-0.16780158050271266,-0.14203776026698678,0.025763820235725876,False,True
2637,慧洋-KY,20230223,20230224,67.5,Day 8 Time Stop,20230309,67.0,20230309,67.0,-0.007407407407407418,-0.007407407407407418,0.0,-0.01315201901108103,-0.01315201901108103,0.0,False,True
2637,慧洋-KY,20231127,20231128,47.6,Trailing Stop,20231207,52.0,20231207,51.2,0.09243697478991586,0.07563025210084029,-0.01680672268907557,0.08611574565406523,0.06938266900605274,-0.01673307664801249,False,True
2637,慧洋-KY,20240221,20240222,55.9,Day 8 Time Stop,20240305,61.7,20240305,61.7,0.10375670840787121,0.10375670840787121,0.0,0.09737805326601456,0.09737805326601456,0.0,False,True
2637,慧洋-KY,20240412,20240415,66.7,Close Confirmed Stop,20240417,63.5,20240424,67.5,-0.04797601199400303,0.011994002998500619,0.05997001499250365,-0.053459370658161566,0.006133467057690274,0.05959283771585184,True,True
2637,慧洋-KY,20240507,20240508,74.2,Close Confirmed Stop,20240509,71.3,20240517,70.8,-0.03908355795148255,-0.04582210242587603,-0.006738544474393482,-0.044627106278933286,-0.05134949211011435,-0.006722385831181066,False,True
2637,慧洋-KY,20240924,20240925,70.4,Trailing Stop,20241007,73.4,20241008,73.7,0.042613636363636465,0.046875,0.0042613636363635354,0.03660930274161343,0.04082707316487073,0.0042177704232573,False,True
2637,慧洋-KY,20241111,20241112,79.1,Day 8 Time Stop,20241121,79.9,20241121,79.9,0.010113780025284624,0.010113780025284624,0.0,0.004251528832708749,0.004251528832708749,0.0,False,True
2637,慧洋-KY,20250724,20250725,62.0,Close Confirmed Stop,20250801,58.1,20250805,58.4,-0.06290322580645158,-0.058064516129032295,0.004838709677419284,-0.06831772672926645,-0.06352396392870643,0.004793762800560014,False,True
2637,慧洋-KY,20260109,20260112,70.9,Day 5 Weakness,20260119,71.1,20260121,72.3,0.0028208744710858102,0.019746121297602226,0.016925246826516416,-0.002987945972313687,0.013863343051489382,0.01685128902380307,False,True
2637,慧洋-KY,20260303,20260304,77.0,Close Confirmed Stop,20260305,73.0,20260313,66.9,-0.051948051948051965,-0.13116883116883105,-0.07922077922077908,-0.05742132684788655,-0.13618548093740965,-0.0787641540895231,False,True
2637,慧洋-KY,20260416,20260417,75.0,Day 5 Weakness,20260424,73.8,20260428,71.5,-0.016000000000000014,-0.046666666666666634,-0.03066666666666662,-0.021696293496913707,-0.05215595193701043,-0.03045965844009672,False,True
2637,慧洋-KY,20260506,20260507,77.0,Close Confirmed Stop,20260511,75.0,20260518,72.8,-0.025974025974025983,-0.054545454545454564,-0.02857142857142858,-0.0316095844524244,-0.06001250277004931,-0.02840291831762491,False,True
2637,慧洋-KY,20260605,20260608,78.5,Close Confirmed Stop,20260611,76.0,20260617,77.4,-0.031847133757961776,-0.01401273885350307,0.017834394904458706,-0.03747409655531063,-0.019715854626824035,0.017758241928486594,False,True
2637,慧洋-KY,20260820,20260821,93.5,Trailing Stop,20260825,97.8,,,0.04598930481283414,,,0.039943501618053844,,,False,False
2641,正德,20240229,20240301,21.05,Close Confirmed Stop,20240308,20.6,20240312,20.8,-0.02137767220902609,-0.01187648456057011,0.009501187648455978,-0.02705744539162096,-0.01761237217200422,0.00944507321961674,False,True
2641,正德,20240528,20240529,23.7,Day 5 Weakness,20240605,23.15,20240607,23.95,-0.02320675105485237,0.010548523206751037,0.03375527426160341,-0.028881810195547798,0.004692541125571074,0.03357435132111887,True,True
2641,正德,20250513,20250514,21.55,Close Confirmed Stop,20250516,20.9,20250523,20.95,-0.030162412993039567,-0.02784222737819031,0.0023201856148492572,-0.0357877461818029,-0.03347312263187628,0.00231462354992662,False,True
2641,正德,20250814,20250815,20.7,Day 8 Time Stop,20250826,20.65,20250826,20.65,-0.0024154589371980784,-0.0024154589371980784,0.0,-0.008207523164749271,-0.008207523164749271,0.0,False,True
2727,王品,20230214,20230215,217.5,Day 8 Time Stop,20230224,278.5,20230224,278.5,0.2804597701149425,0.2804597701149425,0.0,0.2730643373893102,0.2730643373893102,0.0,False,True
2727,王品,20230601,20230602,348.0,Day 8 Time Stop,20230613,339.0,20230613,339.0,-0.025862068965517238,-0.025862068965517238,0.0,-0.03150097657892254,-0.03150097657892254,0.0,False,True
2731,雄獅,20230206,20230207,113.0,Day 5 Weakness,20230214,114.5,20230216,137.0,0.01327433628318575,0.21238938053097356,0.1991150442477878,0.007410308052387514,0.20538104164995816,0.19797073359757064,False,True
2731,雄獅,20230328,20230329,140.0,Day 8 Time Stop,20230412,148.5,20230412,148.5,0.06071428571428572,0.06071428571428572,0.0,0.05457180130898123,0.05457180130898123,0.0,False,True
2731,雄獅,20250522,20250523,164.5,Day 8 Time Stop,20250604,169.5,20250604,169.5,0.03039513677811545,0.03039513677811545,0.0,0.024455938488117633,0.024455938488117633,0.0,False,True
2732,六角,20230214,20230215,155.5,Day 5 Weakness,20230222,154.0,20230224,162.5,-0.009646302250803873,0.045016077170418,0.054662379421221874,-0.015399900247027715,0.03896413174242337,0.054364031989451084,True,True
2739,寒舍,20240506,20240507,77.6,Close Confirmed Stop,20240508,75.4,20240516,71.1,-0.028350515463917425,-0.08376288659793818,-0.055412371134020755,-0.03398030300064177,-0.08905980651745653,-0.05507950351681476,False,True
2743,山富,20240517,20240520,175.0,Close Confirmed Stop,20240521,161.0,20240529,167.5,-0.07999999999999996,-0.042857142857142816,0.037142857142857144,-0.08534262357582552,-0.04838893213100757,0.03695369144481795,False,True
2745,五福,20250522,20250523,135.0,Close Confirmed Stop,20250527,126.0,20250604,126.0,-0.06666666666666665,-0.06666666666666665,0.0,-0.07206931101157303,-0.07206931101157303,0.0,False,True
2748,雲品,20230117,20230130,65.8,Close Confirmed Stop,20230131,61.5,20230208,76.7,-0.06534954407294824,0.1656534954407296,0.23100303951367784,-0.0707590079149956,0.1588897032211032,0.2296487111360988,True,True
2748,雲品,20230220,20230221,97.2,Trailing Stop,20230301,97.4,20230306,95.2,0.002057613168724215,-0.020576131687242816,-0.02263374485596703,-0.0037471158327670034,-0.026259884675472675,-0.02251276884270567,False,True
2748,雲品,20230523,20230524,93.5,Trailing Stop,20230526,92.9,20230602,91.6,-0.0064171122994651775,-0.02032085561497332,-0.013903743315508144,-0.012170381604383078,-0.02600741207506061,-0.013837030470677534,False,True
2903,遠百,20240314,20240315,25.9,Day 8 Time Stop,20240326,28.85,20240326,28.85,0.113899613899614,0.113899613899614,0.0,0.10746386404868744,0.10746386404868744,0.0,False,True
2903,遠百,20260204,20260205,22.9,Day 8 Time Stop,20260225,22.95,20260225,22.95,0.0021834061135370675,0.0021834061135370675,0.0,-0.0036196447898121727,-0.0036196447898121727,0.0,False,True
2903,遠百,20260605,20260608,22.8,Day 8 Time Stop,20260617,24.15,20260617,24.15,0.05921052631578938,0.05921052631578938,0.0,0.05307153931572093,0.05307153931572093,0.0,False,True
2906,高林,20240216,20240219,21.1,Day 5 Weakness,20240226,21.3,20240229,21.4,0.009478672985781866,0.0142180094786728,0.004739336492890933,0.003625921136681925,0.00835389672870529,0.004727975592023365,False,True
2913,農林,20230728,20230731,26.9,Trailing Stop,20230804,30.5,20230810,24.9,0.13382899628252787,-0.07434944237918217,-0.20817843866171004,0.12724554461058488,-0.07970074785244814,-0.20694629246303303,False,True
2913,農林,20240614,20240617,22.2,Day 5 Weakness,20240624,22.15,20240626,21.7,-0.0022522522522522292,-0.022522522522522515,-0.020270270270270285,-0.008042541026130497,-0.028197582497916526,-0.02015504147178603,False,True
2913,農林,20240716,20240717,23.45,Close Confirmed Stop,20240723,22.3,20240730,22.2,-0.049040511727078795,-0.05330490405117272,-0.004264392324093924,-0.054518834185750244,-0.0587730045245205,-0.0042541703387702565,False,True
2913,農林,20240927,20240930,23.0,Close Confirmed Stop,20241004,21.85,20241014,20.9,-0.04999999999999993,-0.09130434782608698,-0.04130434782608705,-0.055476034445938516,-0.09658140995047503,-0.04110537550453651,False,True
2915,潤泰全,20221114,20221115,65.3,Day 5 Weakness,20221122,64.7,20221124,66.8,-0.009188361408882018,0.02297090352220521,0.03215926493108723,-0.014936572456429925,0.01704540920368681,0.03198198166011674,True,True
2915,潤泰全,20221205,20221206,69.9,Close Confirmed Stop,20221213,66.5,20221215,69.1,-0.048640915593705425,-0.011444921316166146,0.03719599427753928,-0.05412640129462828,-0.017186487724678467,0.036939913569949814,False,True
2915,潤泰全,20230605,20230606,61.0,Day 5 Weakness,20230613,60.3,20230615,60.7,-0.011475409836065653,-0.004918032786885185,0.006557377049180468,-0.017212654400028785,-0.010670997328672105,0.00654165707135668,False,True
2915,潤泰全,20231115,20231116,64.9,Close Confirmed Stop,20231121,61.7,20231127,61.1,-0.04930662557781207,-0.05855161787365182,-0.009244992295839749,-0.054790311489116124,-0.06397975991237004,-0.009189448423253914,False,True
2915,潤泰全,20240711,20240712,76.5,Trailing Stop,20240723,78.5,20240723,79.8,0.02614379084967311,0.04313725490196085,0.016993464052287743,0.020211220347972732,0.037097166711711566,0.016885946363738833,False,True
2915,潤泰全,20250703,20250704,56.5,Close Confirmed Stop,20250709,54.6,20250715,53.4,-0.03362831858407078,-0.05486725663716818,-0.0212389380530974,-0.039246512107185126,-0.06033448889174938,-0.021087976784564255,False,True
2915,潤泰全,20260603,20260604,47.65,Day 8 Time Stop,20260615,53.4,20260615,53.4,0.12067156348373564,0.12067156348373564,0.0,0.11418028494989688,0.11418028494989688,0.0,False,True
3003,健和興,20230607,20230608,83.3,Day 8 Time Stop,20230619,83.1,20230619,83.1,-0.0024009603841537164,-0.0024009603841537164,0.0,-0.008165787155162859,-0.008165787155162859,0.0,False,True
3003,健和興,20241204,20241205,83.9,Close Confirmed Stop,20241209,77.7,20241216,74.0,-0.07389749702026227,-0.11799761620977356,-0.04410011918951129,-0.07925155713916536,-0.12311259714248636,-0.043861040003321,False,True
3005,神基,20230307,20230308,56.6,Day 8 Time Stop,20230317,56.1,20230317,56.1,-0.00883392226148405,-0.00883392226148405,0.0,-0.014578705360704004,-0.014578705360704004,0.0,False,True
3005,神基,20230417,20230418,58.8,Close Confirmed Stop,20230427,56.8,20230427,57.2,-0.03401360544217691,-0.027210884353741416,0.006802721088435493,-0.03963282104165745,-0.03284641007119587,0.006786410970461579,False,True
3005,神基,20240313,20240314,139.5,Close Confirmed Stop,20240315,131.5,20240325,144.0,-0.05734767025089604,0.032258064516129004,0.08960573476702505,-0.06278652716572967,0.026303223501383276,0.08908975066711294,True,True
3005,神基,20250219,20250220,126.0,Day 5 Weakness,20250227,124.5,20250304,123.5,-0.011904761904761862,-0.019841269841269882,-0.00793650793650802,-0.017618744361514137,-0.025536216693348823,-0.007917472331834687,False,True
3005,神基,20250520,20250521,122.5,Day 5 Weakness,20250528,121.0,20250602,120.0,-0.01224489795918371,-0.020408163265306145,-0.008163265306122436,-0.017954562842506554,-0.02609825173084621,-0.008143688888339655,False,True
3005,神基,20250805,20250806,122.0,Close Confirmed Stop,20250813,118.0,20250815,125.0,-0.032786885245901676,0.024590163934426146,0.05737704918032782,-0.038413878976569664,0.01865852774415529,0.05707240672072496,True,True
3005,神基,20250815,20250818,126.5,Day 8 Time Stop,20250827,150.0,20250827,150.0,0.18577075098814233,0.18577075098814233,0.0,0.17891263450778155,0.17891263450778155,0.0,False,True
3005,神基,20250828,20250829,157.0,Day 8 Time Stop,20250909,162.5,20250909,162.5,0.035031847133758065,0.035031847133758065,0.0,0.029033875728403716,0.029033875728403716,0.0,False,True
3005,神基,20260514,20260515,104.0,Close Confirmed Stop,20260520,98.7,20260526,104.0,-0.05096153846153839,0.0,0.05096153846153839,-0.05643729775922807,-0.005797968870524252,0.050639328888703816,False,True
3005,神基,20260817,20260818,122.0,Close Confirmed Stop,20260825,115.5,20260827,116.0,-0.05327868852459017,-0.049180327868852514,0.004098360655737654,-0.05875631308280221,-0.054667780751566114,0.004088532331236093,False,True
3006,晶豪科,20221111,20221114,70.9,Day 8 Time Stop,20221123,75.1,20221123,75.1,0.05923836389280668,0.05923836389280668,0.0,0.05309401498374592,0.05309401498374592,0.0,False,True
3006,晶豪科,20230130,20230131,76.4,Day 8 Time Stop,20230209,79.4,20230209,79.4,0.03926701570680624,0.03926701570680624,0.0,0.03327447429388627,0.03327447429388627,0.0,False,True
3006,晶豪科,20230331,20230406,82.7,Trailing Stop,20230414,90.4,20230417,90.2,0.09310761789600974,0.09068923821039898,-0.002418379685610761,0.08678436635494174,0.08437178468127204,-0.0024125816736697003,False,True
3006,晶豪科,20230529,20230530,88.0,Day 8 Time Stop,20230608,85.5,20230608,85.5,-0.02840909090909094,-0.02840909090909094,0.0,-0.03404287842701663,-0.03404287842701663,0.0,False,True
3006,晶豪科,20230914,20230915,85.0,Day 5 Weakness,20230922,82.9,20230926,81.5,-0.024705882352941133,-0.04117647058823526,-0.016470588235294126,-0.030348549091646786,-0.04671289423374738,-0.016364345142100594,False,True
3006,晶豪科,20231012,20231013,96.2,Day 5 Weakness,20231020,91.8,20231024,92.8,-0.04573804573804574,-0.0353430353430354,0.01039501039501034,-0.05126374968707574,-0.04092704146941584,0.010336708217659904,False,True
3006,晶豪科,20231123,20231124,98.5,Close Confirmed Stop,20231127,93.0,20231205,90.0,-0.055837563451776595,-0.08629441624365486,-0.030456852791878264,-0.06130258897302006,-0.0915863779376096,-0.03028378896458954,False,True
3006,晶豪科,20240613,20240614,99.7,Day 8 Time Stop,20240625,104.0,20240625,104.0,0.04312938816449341,0.04312938816449341,0.0,0.03708912052687135,0.03708912052687135,0.0,False,True
3006,晶豪科,20251223,20251224,89.3,Trailing Stop,20251230,105.0,20260106,144.5,0.1758118701007838,0.6181410974244121,0.44232922732362834,0.16902023807761396,0.6087867292824378,0.43976649120482386,False,True
3010,華立,20240702,20240703,151.5,Close Confirmed Stop,20240709,144.0,20240712,146.0,-0.04950495049504955,-0.0363036303630363,0.01320132013201325,-0.05499697187895119,-0.041860776829444245,0.013136195049506943,False,True
3011,今皓,20230309,20230310,21.55,Day 8 Time Stop,20230321,23.2,20230321,23.2,0.07656612529002316,0.07656612529002316,0.0,0.07031822710914067,0.07031822710914067,0.0,False,True
3011,今皓,20230410,20230411,24.0,Day 8 Time Stop,20230420,31.3,20230420,31.3,0.3041666666666667,0.3041666666666667,0.0,0.2966059824327252,0.2966059824327252,0.0,False,True
3011,今皓,20230619,20230620,30.15,Trailing Stop,20230704,31.6,20230703,31.6,0.04809286898839149,0.04809286898839149,0.0,0.04201518099200297,0.04201518099200297,0.0,False,True
3011,今皓,20230731,20230801,35.35,Close Confirmed Stop,20230802,32.6,20230811,31.7,-0.07779349363507782,-0.10325318246110327,-0.02545968882602545,-0.08313948254175879,-0.1084380783081827,-0.025298595766423904,False,True
3013,晟銘電,20230530,20230531,27.8,Day 8 Time Stop,20230609,29.3,20230609,29.3,0.05395683453237421,0.05395683453237421,0.0,0.0478316754018923,0.0478316754018923,0.0,False,True
3013,晟銘電,20240215,20240216,47.5,Close Confirmed Stop,20240229,44.75,20240227,44.75,-0.05789473684210522,-0.05789473684210522,0.0,-0.06332373108018247,-0.06332373108018247,0.0,False,True
3013,晟銘電,20240603,20240604,94.8,Close Confirmed Stop,20240605,92.7,20240614,95.1,-0.02215189873417711,0.0031645569620253333,0.025316455696202445,-0.027829486587257223,-0.0026403894177374557,0.025189097169519767,True,True
3013,晟銘電,20241018,20241021,161.0,Close Confirmed Stop,20241030,153.5,20241030,162.5,-0.04658385093167705,0.009316770186335477,0.05590062111801253,-0.05210416878835248,0.0034623578420477745,0.05556652663040025,True,True
3013,晟銘電,20250107,20250108,157.0,Close Confirmed Stop,20250114,144.0,20250117,141.0,-0.08280254777070062,-0.10191082802547768,-0.019108280254777066,-0.08811612813811537,-0.10711161652968686,-0.01899548839157149,False,True
3013,晟銘電,20250224,20250225,150.5,Close Confirmed Stop,20250303,137.5,20250307,136.0,-0.08637873754152825,-0.09634551495016608,-0.009966777408637828,-0.09166986077148416,-0.10157940182250937,-0.009909541051025206,False,True
3013,晟銘電,20251020,20251021,136.0,Close Confirmed Stop,20251022,128.0,20251031,124.5,-0.05882352941176472,-0.0845588235294118,-0.02573529411764708,-0.06425088912860051,-0.0898577260736294,-0.025606836945028882,False,True
3014,聯陽,20230608,20230609,123.0,Day 5 Weakness,20230616,121.5,20230620,113.0,-0.012195121951219523,-0.08130081300813008,-0.06910569105691056,-0.017905031153601845,-0.08661112605108383,-0.06870609489748199,False,True
3014,聯陽,20230714,20230717,125.0,Day 8 Time Stop,20230726,133.0,20230726,133.0,0.06400000000000006,0.06400000000000006,0.0,0.057838193327344516,0.057838193327344516,0.0,False,True
3014,聯陽,20240320,20240321,184.0,Close Confirmed Stop,20240325,175.5,20240401,167.5,-0.04619565217391308,-0.08967391304347827,-0.04347826086956519,-0.05170013153853433,-0.09494007465642636,-0.043239943117892025,False,True
3014,聯陽,20260521,20260522,146.0,Day 8 Time Stop,20260602,151.0,20260602,151.0,0.03424657534246567,0.03424657534246567,0.0,0.028263611986281887,0.028263611986281887,0.0,False,True
3014,聯陽,20260624,20260625,166.0,Close Confirmed Stop,20260629,154.5,20260706,158.0,-0.06927710843373491,-0.048192771084337394,0.02108433734939752,-0.07465072381815566,-0.05368379259591953,0.020966931222236126,False,True
3016,嘉晶,20240711,20240712,70.9,Day 5 Weakness,20240719,69.0,20240723,63.7,-0.026798307475317418,-0.10155148095909738,-0.07475317348377997,-0.032435981862429714,-0.10677628725437836,-0.07434030539194865,False,True
3016,嘉晶,20260318,20260319,64.0,Close Confirmed Stop,20260323,60.7,20260330,54.5,-0.051562499999999956,-0.1484375,-0.09687500000000004,-0.05703681862263413,-0.15334618125680788,-0.09630936263417375,False,True
3016,嘉晶,20260420,20260421,68.0,Trailing Stop,20260424,69.3,20260430,89.7,0.01911764705882346,0.3191176470588235,0.30000000000000004,0.013236401405517396,0.3114824417126809,0.2982460403071635,False,True
3017,奇鋐,20220117,20220118,88.2,Trailing Stop,20220126,91.6,20220207,95.4,0.038548752834467015,0.08163265306122458,0.043083900226757565,0.03255151866828892,0.07536511337275542,0.0428135947044665,False,True
3017,奇鋐,20231227,20231228,327.5,Day 5 Weakness,20240105,320.0,20240109,315.0,-0.022900763358778664,-0.03816793893129766,-0.015267175572518998,-0.02856231939077809,-0.04372585018530753,-0.01516353079452944,False,True
3019,亞光,20241213,20241216,130.0,Day 8 Time Stop,20241225,185.0,20241225,185.0,0.42307692307692313,0.42307692307692313,0.0,0.4148217047014385,0.4148217047014385,0.0,False,True
3019,亞光,20250211,20250212,196.0,Trailing Stop,20250220,199.0,20250221,204.0,0.015306122448979664,0.04081632653061229,0.025510204081632626,0.009417508843663012,0.034799464982527346,0.025381956138864334,False,True
3019,亞光,20250612,20250613,148.5,Close Confirmed Stop,20250618,139.5,20250624,141.5,-0.06060606060606055,-0.047138047138047146,0.013468013468013407,-0.06603763753373419,-0.05263538496381189,0.0134022525699223,False,True
3019,亞光,20250801,20250804,143.0,Trailing Stop,20250808,149.5,20250813,168.5,0.045454545454545414,0.17832167832167833,0.13286713286713292,0.03940565848639837,0.17148638036556466,0.13208072187916628,False,True
3019,亞光,20260106,20260107,144.5,Close Confirmed Stop,20260112,141.0,20260116,138.5,-0.02422145328719727,-0.04152249134948094,-0.01730103806228367,-0.029866330918599922,-0.047059113784084276,-0.017192782865484355,False,True
3019,亞光,20260128,20260129,165.0,Close Confirmed Stop,20260203,152.0,20260209,146.0,-0.07878787878787874,-0.11515151515151512,-0.036363636363636376,-0.0841070102132068,-0.12028311894275759,-0.03617610872955079,False,True
3022,威強電,20220808,20220809,58.2,Day 8 Time Stop,20220818,63.0,20220818,63.0,0.08247422680412364,0.08247422680412364,0.0,0.07620672744796438,0.07620672744796438,0.0,False,True
3022,威強電,20221124,20221125,70.8,Day 8 Time Stop,20221206,76.0,20221206,76.0,0.07344632768361592,0.07344632768361592,0.0,0.06723841861070236,0.06723841861070236,0.0,False,True
3022,威強電,20230217,20230220,88.4,Close Confirmed Stop,20230222,82.5,20230303,82.7,-0.0667420814479639,-0.06447963800904977,0.00226244343891413,-0.0721448282380449,-0.06988780804692431,0.00225702019112059,False,True
3022,威強電,20230517,20230518,97.5,Close Confirmed Stop,20230522,92.9,20230529,91.2,-0.04717948717948717,-0.06461538461538463,-0.017435897435897463,-0.052666645148327425,-0.07002737749914013,-0.01736073235081271,False,True
3022,威強電,20250514,20250515,86.6,Close Confirmed Stop,20250520,85.0,20250526,85.2,-0.018475750577367167,-0.016166281755196188,0.002309468822170979,-0.024161305871954707,-0.021857373143959042,0.0023039327279956653,False,True
3023,信邦,20260130,20260202,231.0,Day 8 Time Stop,20260211,233.0,20260211,233.0,0.008658008658008587,0.008658008658008587,0.0,0.002819763639706962,0.002819763639706962,0.0,False,True
3023,信邦,20260506,20260507,310.0,Day 5 Weakness,20260514,302.0,20260518,294.0,-0.02580645161290318,-0.05161290322580647,-0.02580645161290329,-0.03146632950537139,-0.05711018409650952,-0.025643854591138125,False,True
3023,信邦,20260605,20260608,316.0,Close Confirmed Stop,20260611,306.5,20260617,313.0,-0.030063291139240556,-0.009493670886076,0.020569620253164556,-0.03565271139657678,-0.015233325793869145,0.02041938560270764,False,True
3024,憶聲,20240516,20240517,21.1,Close Confirmed Stop,20240524,20.25,20240528,21.9,-0.04028436018957349,0.03791469194312791,0.0781990521327014,-0.04581784898941015,0.031927116825437876,0.07774496581484802,True,True
3027,盛達,20221129,20221130,29.25,Day 8 Time Stop,20221209,34.8,20221209,34.8,0.18974358974358974,0.18974358974358974,0.0,0.18285729069647116,0.18285729069647116,0.0,False,True
3027,盛達,20230131,20230201,40.95,Close Confirmed Stop,20230206,38.55,20230210,38.55,-0.05860805860805873,-0.05860805860805873,0.0,-0.06403422344685072,-0.06403422344685072,0.0,False,True
3027,盛達,20250516,20250519,40.5,Close Confirmed Stop,20250520,38.65,20250528,37.0,-0.04567901234567906,-0.0864197530864198,-0.040740740740740744,-0.051198605089902344,-0.09170840834507027,-0.040509803255167925,False,True
3029,零壹,20230727,20230728,68.4,Close Confirmed Stop,20230804,64.2,20230809,66.7,-0.061403508771929904,-0.024853801169590684,0.03654970760233922,-0.06682004474013796,-0.03052461386225366,0.0362954308778843,False,True
3029,零壹,20240625,20240626,93.5,Day 8 Time Stop,20240705,106.0,20240705,106.0,0.1336898395721926,0.1336898395721926,0.0,0.1270999989319778,0.1270999989319778,0.0,False,True
3029,零壹,20241210,20241211,154.0,Trailing Stop,20241213,148.5,20241220,139.0,-0.0357142857142857,-0.09740259740259738,-0.06168831168831168,-0.041269139560575804,-0.10264238009409493,-0.06137324053351913,False,True
3029,零壹,20250718,20250721,118.0,Close Confirmed Stop,20250723,112.5,20250730,114.0,-0.04661016949152541,-0.03389830508474578,0.012711864406779627,-0.052108111713416644,-0.03946018735574493,0.012647924357671717,False,True
3030,德律,20250618,20250619,138.5,Day 8 Time Stop,20250630,146.0,20250630,146.0,0.054151624548736566,0.054151624548736566,0.0,0.04801896099848889,0.04801896099848889,0.0,False,True
3030,德律,20250807,20250808,166.0,Day 8 Time Stop,20250819,198.5,20250819,198.5,0.19578313253012047,0.19578313253012047,0.0,0.18887148802147496,0.18887148802147496,0.0,False,True
3030,德律,20251222,20251223,192.5,Day 5 Weakness,20251231,193.5,20260105,183.5,0.0051948051948051965,-0.04675324675324677,-0.051948051948051965,-0.0006302013891705087,-0.05225283191101528,-0.051622630521844765,False,True
3032,偉訓,20250722,20250723,102.5,Day 8 Time Stop,20250801,117.0,20250801,117.0,0.14146341463414625,0.14146341463414625,0.0,0.13485638062013355,0.13485638062013355,0.0,False,True
3033,威健,20230714,20230717,36.3,Close Confirmed Stop,20230720,35.35,20230726,35.1,-0.0261707988980715,-0.03305785123966931,-0.00688705234159781,-0.03180656295852048,-0.03867710467156807,-0.006870541713047587,False,True
3033,威健,20240130,20240131,31.0,Day 8 Time Stop,20240220,32.0,20240220,32.0,0.032258064516129004,0.032258064516129004,0.0,0.02628196009156491,0.02628196009156491,0.0,False,True
3033,威健,20240410,20240411,34.1,Close Confirmed Stop,20240416,33.3,20240422,32.5,-0.02346041055718484,-0.04692082111436957,-0.02346041055718473,-0.029136974899635286,-0.0524410794866546,-0.023304104587019314,False,True
3033,威健,20240826,20240827,36.4,Close Confirmed Stop,20240903,34.35,20240905,33.2,-0.05631868131868123,-0.08791208791208782,-0.03159340659340659,-0.06178097730025544,-0.09319864492726457,-0.03141766762700913,False,True
3033,威健,20260427,20260428,36.0,Day 8 Time Stop,20260508,43.85,20260508,43.85,0.21805555555555567,0.21805555555555567,0.0,0.2110013645417586,0.2110013645417586,0.0,False,True
3033,威健,20260515,20260518,47.3,Trailing Stop,20260526,49.2,20260527,50.7,0.04016913319238924,0.07188160676532784,0.031712473572938604,0.03417339615740052,0.06567643161525806,0.03150303545785754,False,True
3034,聯詠,20221111,20221114,301.0,Close Confirmed Stop,20221123,297.0,20221123,291.0,-0.013289036544850474,-0.03322259136212624,-0.019933554817275767,-0.019007600969397673,-0.03879279505887226,-0.019785194089474586,False,True
3034,聯詠,20230914,20230915,451.0,Close Confirmed Stop,20230921,424.5,20230926,427.0,-0.05875831485587579,-0.053215077605321515,0.005543237250554278,-0.0642041741739383,-0.05867423945826725,0.0055299347156710504,False,True
3034,聯詠,20231106,20231107,493.5,Close Confirmed Stop,20231109,479.0,20231116,485.0,-0.029381965552178313,-0.01722391084093211,0.012158054711246202,-0.03498460960467223,-0.02292320720527483,0.0120614023993974,False,True
3034,聯詠,20260506,20260507,448.0,Trailing Stop,20260518,469.0,20260518,475.5,0.046875,0.0613839285714286,0.014508928571428603,0.040813766685147274,0.05522029230551419,0.014406525620366914,False,True
3035,智原,20230202,20230203,184.0,Day 8 Time Stop,20230214,192.0,20230214,192.0,0.04347826086956519,0.04347826086956519,0.0,0.03745712535236432,0.03745712535236432,0.0,False,True
3035,智原,20230529,20230530,175.0,Day 5 Weakness,20230606,173.0,20230608,168.5,-0.011428571428571455,-0.037142857142857144,-0.02571428571428569,-0.017169195704931167,-0.04268834723616107,-0.025519151531229904,False,True
3035,智原,20230615,20230616,192.0,Day 8 Time Stop,20230629,210.0,20230629,210.0,0.09375,0.09375,0.0,0.08742722532862628,0.08742722532862628,0.0,False,True
3035,智原,20231129,20231130,380.0,Day 5 Weakness,20231207,360.5,20231211,361.5,-0.051315789473684204,-0.048684210526315774,0.0026315789473684292,-0.05679467172299087,-0.054203103332565054,0.002591568390425819,False,True
3035,智原,20240617,20240618,334.0,Close Confirmed Stop,20240625,310.5,20240627,329.0,-0.07035928143712578,-0.014970059880239472,0.0553892215568863,-0.07574849687880074,-0.020693787627580094,0.05505470925122065,False,True
3035,智原,20240716,20240717,361.0,Close Confirmed Stop,20240719,331.5,20240730,308.0,-0.0817174515235457,-0.146814404432133,-0.0650969529085873,-0.08701818762449391,-0.15175912731503768,-0.06474093969054377,False,True
3035,智原,20251022,20251023,176.5,Trailing Stop,20251031,179.0,20251104,174.0,0.014164305949008416,-0.014164305949008527,-0.028328611898016942,0.008283152962311876,-0.019877066300091034,-0.028160219262402912,False,True
3035,智原,20260127,20260128,180.5,Close Confirmed Stop,20260130,171.5,20260206,160.0,-0.049861495844875314,-0.11357340720221609,-0.06371191135734078,-0.05533857848783207,-0.11873112458095664,-0.06339254609312456,False,True
3035,智原,20260421,20260422,179.0,Close Confirmed Stop,20260424,180.0,20260504,169.0,0.005586592178770999,-0.05586592178770955,-0.06145251396648055,-0.000232270748387098,-0.06133698223006838,-0.061104711481681284,False,True
3036,文曄,20250617,20250618,134.5,Close Confirmed Stop,20250625,127.5,20250627,133.5,-0.052044609665427455,-0.0074349442379182396,0.044609665427509215,-0.05752891580807072,-0.013193467117449436,0.04433544869062128,False,True
3036,文曄,20250918,20250919,133.5,Day 8 Time Stop,20251001,143.0,20251001,143.0,0.07116104868913853,0.07116104868913853,0.0,0.06495258917546795,0.06495258917546795,0.0,False,True
3036,文曄,20251105,20251106,158.0,Close Confirmed Stop,20251110,149.5,20251117,143.0,-0.05379746835443033,-0.09493670886075944,-0.04113924050632911,-0.05927720974635306,-0.10018401636551157,-0.040906806619158506,False,True
3036,文曄,20260128,20260129,167.5,Close Confirmed Stop,20260130,158.5,20260209,156.0,-0.05373134328358209,-0.06865671641791049,-0.014925373134328401,-0.05921689905637954,-0.07403947808900577,-0.014822579032626224,False,True
3036,文曄,20260513,20260514,288.0,Close Confirmed Stop,20260515,273.0,20260525,301.5,-0.05208333333333337,0.046875,0.09895833333333337,-0.0575564033709195,0.0408312982563955,0.098387701627315,True,True
3037,欣興,20230323,20230324,149.0,Close Confirmed Stop,20230329,139.5,20230407,144.5,-0.06375838926174493,-0.030201342281879207,0.03355704697986572,-0.06917048540211224,-0.03582725908406544,0.033343226318046794,False,True
3037,欣興,20230915,20230918,188.0,Close Confirmed Stop,20230919,184.5,20230927,173.5,-0.018617021276595702,-0.0771276595744681,-0.0585106382978724,-0.024311155395362584,-0.08248103854988177,-0.05816988315451919,False,True
3037,欣興,20231121,20231122,167.5,Day 8 Time Stop,20231201,176.0,20231201,176.0,0.05074626865671639,0.05074626865671639,0.0,0.04467512693500642,0.04467512693500642,0.0,False,True
3037,欣興,20231211,20231212,179.5,Close Confirmed Stop,20231213,176.5,20231221,179.0,-0.01671309192200554,-0.0027855153203342198,0.013927576601671321,-0.02242369221520552,-0.00856304629171205,0.013860645923493469,False,True
3037,欣興,20240226,20240227,191.5,Close Confirmed Stop,20240229,175.0,20240308,173.5,-0.08616187989556134,-0.09399477806788514,-0.007832898172323799,-0.09146227852142988,-0.09924296378571452,-0.007780685264284645,False,True
3037,欣興,20240716,20240717,198.0,Trailing Stop,20240722,195.0,20240730,183.5,-0.015151515151515138,-0.0732323232323232,-0.058080808080808066,-0.02085321065556059,-0.07859433923255177,-0.05774112857699118,False,True
3037,欣興,20241023,20241024,168.0,Close Confirmed Stop,20241025,164.5,20241105,165.0,-0.02083333333333337,-0.017857142857142905,0.0029761904761904656,-0.026520655379112756,-0.023551601581304545,0.002969053797808211,False,True
3037,欣興,20241107,20241108,179.0,Close Confirmed Stop,20241113,168.5,20241119,159.5,-0.05865921787709494,-0.10893854748603349,-0.05027932960893855,-0.06409017396521158,-0.11411530684275362,-0.05002513287754204,False,True
3037,欣興,20250703,20250704,118.5,Day 8 Time Stop,20250715,132.0,20250715,132.0,0.11392405063291133,0.11392405063291133,0.0,0.10747354304938941,0.10747354304938941,0.0,False,True
3037,欣興,20250716,20250717,137.0,Close Confirmed Stop,20250723,130.0,20250728,133.0,-0.051094890510948954,-0.029197080291970767,0.021897810218978186,-0.05658063333572495,-0.03483565159747597,0.021744981738248986,False,True
3037,欣興,20250729,20250730,142.0,Close Confirmed Stop,20250805,136.5,20250808,137.0,-0.03873239436619713,-0.035211267605633756,0.0035211267605633756,-0.044269603461036276,-0.04082357523316417,0.003446028227872107,False,True
3037,欣興,20250919,20250922,159.0,Close Confirmed Stop,20250930,152.5,20251002,153.0,-0.04088050314465408,-0.037735849056603765,0.0031446540880503138,-0.04642102670778667,-0.043283913765707414,0.0031371129420792523,False,True
3037,欣興,20251016,20251017,165.5,Close Confirmed Stop,20251023,157.5,20251029,166.0,-0.048338368580060465,0.0030211480362538623,0.05135951661631433,-0.05381999816617767,-0.0027836194306545387,0.05103637873552313,True,True
3037,欣興,20251209,20251210,227.5,Close Confirmed Stop,20251217,220.0,20251219,215.0,-0.03296703296703296,-0.05494505494505497,-0.02197802197802201,-0.03853742267891817,-0.06039569864298204,-0.021858275964063867,False,True
3037,欣興,20260113,20260114,255.5,Day 8 Time Stop,20260123,339.0,20260123,339.0,0.32681017612524466,0.32681017612524466,0.0,0.3191186880506515,0.3191186880506515,0.0,False,True
3038,全台,20230331,20230406,26.35,Day 8 Time Stop,20230417,28.3,20230417,28.3,0.07400379506641364,0.07400379506641364,0.0,0.06779611542697803,0.06779611542697803,0.0,False,True
3038,全台,20230519,20230522,32.8,Day 8 Time Stop,20230531,34.7,20230531,34.7,0.057926829268292845,0.057926829268292845,0.0,0.051789201021100975,0.051789201021100975,0.0,False,True
3042,晶技,20240312,20240313,110.5,Day 8 Time Stop,20240322,117.0,20240322,117.0,0.05882352941176472,0.05882352941176472,0.0,0.052683630554659945,0.052683630554659945,0.0,False,True
3042,晶技,20240522,20240523,115.0,Day 8 Time Stop,20240603,114.5,20240603,114.5,-0.004347826086956497,-0.004347826086956497,0.0,-0.01010857694401473,-0.01010857694401473,0.0,False,True
3044,健鼎,20230725,20230726,154.5,Close Confirmed Stop,20230728,148.0,20230807,162.0,-0.04207119741100329,0.04854368932038833,0.09061488673139162,-0.0476177941638498,0.04247829774488182,0.09009609190873162,True,True
3044,健鼎,20230731,20230801,171.0,Close Confirmed Stop,20230802,161.5,20230811,177.0,-0.05555555555555558,0.03508771929824572,0.0906432748538013,-0.0610235284401051,0.029102085048766338,0.09012561348887144,True,True
3044,健鼎,20231213,20231214,211.0,Close Confirmed Stop,20231220,200.5,20231225,194.5,-0.049763033175355464,-0.0781990521327014,-0.028436018957345932,-0.055240471241764705,-0.08354166693052077,-0.028301195688756067,False,True
3044,健鼎,20250617,20250618,231.0,Day 8 Time Stop,20250627,245.5,20250627,245.5,0.06277056277056281,0.06277056277056281,0.0,0.05660141673820479,0.05660141673820479,0.0,False,True
3044,健鼎,20251015,20251016,325.5,Day 8 Time Stop,20251028,328.5,20251028,328.5,0.009216589861751112,0.009216589861751112,0.0,0.003362417686093011,0.003362417686093011,0.0,False,True
3044,健鼎,20251222,20251223,316.5,Day 8 Time Stop,20260105,312.0,20260105,312.0,-0.014218009478673022,-0.014218009478673022,0.0,-0.019940387512385076,-0.019940387512385076,0.0,False,True
3044,健鼎,20260123,20260126,368.0,Trailing Stop,20260202,378.5,20260204,417.0,0.028532608695652106,0.13315217391304346,0.10461956521739135,0.022580832010712055,0.1266143822432631,0.10403355023255105,False,True
3044,健鼎,20260415,20260416,405.0,Day 8 Time Stop,20260427,485.0,20260427,485.0,0.19753086419753085,0.19753086419753085,0.0,0.19059528581429355,0.19059528581429355,0.0,False,True
3045,台灣大,20240702,20240703,111.5,Close Confirmed Stop,20240709,103.0,20240712,101.0,-0.07623318385650224,-0.094170403587444,-0.017937219730941756,-0.08158988195448696,-0.09941724806961869,-0.01782736611513172,False,True
3045,台灣大,20251226,20251229,110.0,Day 5 Weakness,20260106,107.5,20260108,107.0,-0.022727272727272707,-0.027272727272727226,-0.004545454545454519,-0.028408059296600365,-0.03290923946128933,-0.004501180164688968,False,True
3045,台灣大,20260417,20260420,112.5,Day 8 Time Stop,20260429,112.0,20260429,112.0,-0.004444444444444473,-0.004444444444444473,0.0,-0.010201814166785325,-0.010201814166785325,0.0,False,True
3046,建碁,20230220,20230221,55.3,Close Confirmed Stop,20230223,53.3,20230306,53.6,-0.03616636528028938,-0.030741410488245857,0.005424954792043524,-0.04171512851906181,-0.03636993881011694,0.005345189708944868,False,True
3046,建碁,20230608,20230609,98.0,Day 5 Weakness,20230616,97.4,20230620,94.2,-0.006122448979591799,-0.038775510204081653,-0.032653061224489854,-0.011880205359567695,-0.04432132417966242,-0.032441118820094726,False,True
3047,訊舟,20240703,20240704,35.1,Trailing Stop,20240710,40.45,20240715,43.3,0.1524216524216524,0.23361823361823353,0.08119658119658113,0.1457564813794122,0.22645822100225116,0.08070173962283897,False,True
3048,益登,20260506,20260507,42.25,Day 8 Time Stop,20260518,57.3,20260518,57.3,0.3562130177514793,0.3562130177514793,0.0,0.3483614211027211,0.3483614211027211,0.0,False,True
3048,益登,20260518,20260519,56.1,Trailing Stop,20260526,73.0,20260528,72.2,0.30124777183600715,0.28698752228164004,-0.01426024955436711,0.2936949776130874,0.2795355809854783,-0.014159396627609067,False,True
3055,蔚華科,20260513,20260514,112.5,Close Confirmed Stop,20260515,109.5,20260525,118.0,-0.026666666666666616,0.04888888888888898,0.0755555555555556,-0.03230401517673222,0.04280342410841304,0.07510743928514527,True,True
3056,富華新,20230725,20230726,48.25,Trailing Stop,20230804,52.1,20230807,51.7,0.07979274611398957,0.07150259067357512,-0.008290155440414448,0.07353830921364977,0.06530135392388879,-0.008236955289760983,False,True
3056,富華新,20240607,20240611,36.0,Close Confirmed Stop,20240613,34.45,20240620,34.5,-0.043055555555555514,-0.04166666666666663,0.001388888888888884,-0.0485836077886632,-0.047198048459902706,0.0013855593287604925,False,True
3056,富華新,20240716,20240717,38.4,Day 5 Weakness,20240726,36.65,20240730,38.35,-0.04557291666666663,-0.0013020833333332593,0.04427083333333337,-0.051094934072042165,-0.007096930741237246,0.04399800333080492,False,True
3059,華晶科,20221117,20221118,37.0,Day 8 Time Stop,20221129,37.35,20221129,37.35,0.009459459459459474,0.009459459459459474,0.0,0.0036077771635783973,0.0036077771635783973,0.0,False,True
3059,華晶科,20231116,20231117,35.35,Trailing Stop,20231128,39.45,20231128,39.6,0.11598302687411599,0.12022630834512027,0.004243281471004279,0.1095387893486613,0.11373854607764892,0.004199756728987619,False,True
3059,華晶科,20240410,20240411,40.4,Close Confirmed Stop,20240417,38.7,20240422,36.4,-0.042079207920792006,-0.09900990099009899,-0.05693069306930698,-0.047611484538548056,-0.10423889966088971,-0.05662741512234166,False,True
3059,華晶科,20250207,20250210,40.5,Close Confirmed Stop,20250217,40.15,20250219,41.05,-0.00864197530864197,0.013580246913580174,0.022222222222222143,-0.01438362759925446,0.007718686910589411,0.02210231450984387,True,True
3059,華晶科,20250217,20250218,41.9,Trailing Stop,20250303,48.45,20250227,48.3,0.15632458233890234,0.1527446300715991,-0.0035799522673032325,0.1496193716506033,0.14608133405694457,-0.003538037593658727,False,True
3059,華晶科,20250815,20250818,47.95,Day 5 Weakness,20250825,49.1,20250827,51.5,0.023983315954118734,0.07403545359749741,0.05005213764337868,0.01806333778660345,0.06782889030273571,0.049765552516132266,False,True
3060,銘異,20240515,20240516,31.8,Trailing Stop,20240520,33.0,20240527,35.6,0.037735849056603765,0.11949685534591192,0.08176100628930816,0.03174786681618822,0.11301284828687852,0.0812649814706903,False,True
3060,銘異,20251112,20251113,30.0,Close Confirmed Stop,20251119,28.6,20251124,27.0,-0.046666666666666634,-0.09999999999999998,-0.053333333333333344,-0.052183891960441015,-0.1052227827763389,-0.05303889081589788,False,True
3060,銘異,20260603,20260604,33.5,Close Confirmed Stop,20260605,31.5,20260615,33.7,-0.05970149253731338,0.005970149253731405,0.06567164179104479,-0.06512331437061218,0.000157487513983102,0.06528080188459529,True,True
3062,建漢,20230217,20230220,25.45,Close Confirmed Stop,20230301,23.95,20230303,24.1,-0.058939096267190516,-0.05304518664047142,0.005893909626719096,-0.06436207772602007,-0.058515634368638186,0.005846443357381881,False,True
3062,建漢,20230418,20230419,24.55,Close Confirmed Stop,20230424,23.1,20230428,22.8,-0.05906313645621175,-0.07128309572301428,-0.012219959266802527,-0.06448625211970621,-0.07664357535208845,-0.012157323232382236,False,True
3062,建漢,20240513,20240514,23.0,Day 8 Time Stop,20240523,22.85,20240523,22.85,-0.006521739130434745,-0.006521739130434745,0.0,-0.012268599191182028,-0.012268599191182028,0.0,False,True
3062,建漢,20240614,20240617,26.0,Trailing Stop,20240620,28.25,20240626,33.8,0.08653846153846145,0.2999999999999998,0.21346153846153837,0.08023297496775353,0.29244930444644324,0.2122163294786897,False,True
3062,建漢,20260119,20260120,26.1,Day 8 Time Stop,20260129,25.9,20260129,25.9,-0.00766283524904221,-0.00766283524904221,0.0,-0.013407738054173135,-0.013407738054173135,0.0,False,True
3071,協禧,20230704,20230705,37.65,Close Confirmed Stop,20230711,35.6,20230714,41.25,-0.05444887118193886,0.09561752988047822,0.1500664010624171,-0.059914193718864424,0.08929267986018663,0.14920687357905105,True,True
3078,僑威,20230330,20230331,42.2,Day 8 Time Stop,20230414,49.35,20230414,49.35,0.16943127962085303,0.16943127962085303,0.0,0.16266183446039578,0.16266183446039578,0.0,False,True
3078,僑威,20230523,20230524,59.8,Close Confirmed Stop,20230529,57.8,20230602,59.9,-0.03344481605351168,0.0016722408026756952,0.03511705685618738,-0.0390616286448636,-0.004128747807653458,0.03493288083721014,True,True
3078,僑威,20230612,20230613,75.7,Trailing Stop,20230627,79.6,20230626,79.6,0.05151915455746359,0.05151915455746359,0.0,0.045424248143618465,0.045424248143618465,0.0,False,True
3078,僑威,20231012,20231013,85.3,Close Confirmed Stop,20231019,79.9,20231024,85.3,-0.06330597889800693,0.0,0.06330597889800693,-0.06872018833095637,-0.005799453218310602,0.06292073511264577,False,True
3078,僑威,20240215,20240216,82.3,Day 8 Time Stop,20240227,81.8,20240227,81.8,-0.0060753341433779084,-0.0060753341433779084,0.0,-0.011824745529850992,-0.011824745529850992,0.0,False,True
3078,僑威,20250808,20250811,92.0,Close Confirmed Stop,20250821,88.5,20250820,88.3,-0.03804347826086951,-0.04021739130434787,-0.0021739130434783593,-0.043589835648372065,-0.04575853569746731,-0.0021687000490952443,False,True
3081,聯亞,20220809,20220810,163.5,Day 8 Time Stop,20220819,181.5,20220819,181.5,0.11009174311926606,0.11009174311926606,0.0,0.1036586813805649,0.1036586813805649,0.0,False,True
3081,聯亞,20230207,20230208,134.5,Close Confirmed Stop,20230215,126.0,20230217,128.5,-0.06319702602230481,-0.044609665427509326,0.018587360594795488,-0.06862113894453652,-0.05011180448026578,0.018509334464270735,False,True
3081,聯亞,20240205,20240215,135.0,Trailing Stop,20240221,137.0,20240226,155.5,0.014814814814814836,0.1518518518518519,0.13703703703703707,0.00895029549876272,0.14519236824507029,0.13624207274630756,False,True
3081,聯亞,20240903,20240904,185.5,Trailing Stop,20240912,199.0,20240913,209.0,0.07277628032345018,0.12668463611859848,0.0539083557951483,0.06655870441012263,0.12017058139072806,0.05361187698060543,False,True
3081,聯亞,20250710,20250711,363.0,Close Confirmed Stop,20250714,348.0,20250722,346.0,-0.04132231404958675,-0.04683195592286504,-0.005509641873278293,-0.04687711249477724,-0.052339984150439035,-0.005462871655661797,False,True
3088,艾訊,20230330,20230331,81.5,Close Confirmed Stop,20230406,77.0,20230414,78.8,-0.05521472392638038,-0.03312883435582825,0.02208588957055213,-0.06068524935580715,-0.03875247703352626,0.021932772322280893,False,True
3088,艾訊,20250206,20250207,150.0,Day 5 Weakness,20250214,145.0,20250218,146.5,-0.033333333333333326,-0.023333333333333317,0.010000000000000009,-0.03893051115939623,-0.028987951565393088,0.009942559594003145,False,True
3090,日電貿,20251017,20251020,80.0,Trailing Stop,20251030,93.0,20251030,92.0,0.1625000000000001,0.1499999999999999,-0.012500000000000178,0.1557743295489744,0.14333767662419508,-0.012436652924779329,False,True
3090,日電貿,20251209,20251210,94.5,Trailing Stop,20251216,97.2,20251219,94.6,0.028571428571428692,0.0010582010582009804,-0.02751322751322771,0.022638868103097193,-0.0047417339622124535,-0.027380602065309647,False,True
3090,日電貿,20260413,20260414,105.0,Trailing Stop,20260423,106.5,20260423,98.5,0.014285714285714235,-0.06190476190476191,-0.07619047619047614,0.008416696074088468,-0.06732414153270641,-0.07574083760679488,False,True
3093,港建*,20260608,20260609,66.0,Close Confirmed Stop,20260611,60.8,20260618,65.0,-0.07878787878787885,-0.015151515151515138,0.06363636363636371,-0.08412884851824781,-0.020844989349450487,0.06328385916879732,False,True
3105,穩懋,20220606,20220607,231.5,Close Confirmed Stop,20220609,221.5,20220616,212.0,-0.043196544276457916,-0.08423326133909292,-0.04103671706263501,-0.048734970233683936,-0.08953950685133781,-0.040804536617653875,False,True
3105,穩懋,20230110,20230111,176.5,Day 8 Time Stop,20230201,191.5,20230201,191.5,0.08498583569405094,0.08498583569405094,0.0,0.07870044013744291,0.07870044013744291,0.0,False,True
3105,穩懋,20230328,20230329,188.0,Close Confirmed Stop,20230330,179.5,20230412,183.5,-0.04521276595744683,-0.02393617021276595,0.021276595744680882,-0.050742900388629684,-0.02958414161446167,0.021158758774168014,False,True
3105,穩懋,20240202,20240205,159.5,Day 8 Time Stop,20240223,158.0,20240223,158.0,-0.009404388714733591,-0.009404388714733591,0.0,-0.015162299099683208,-0.015162299099683208,0.0,False,True
3105,穩懋,20240620,20240621,159.0,Day 8 Time Stop,20240702,171.0,20240702,171.0,0.07547169811320753,0.07547169811320753,0.0,0.06925126876251184,0.06925126876251184,0.0,False,True
3105,穩懋,20250217,20250218,109.5,Day 8 Time Stop,20250227,111.0,20250227,111.0,0.013698630136986356,0.013698630136986356,0.0,0.007826972443171843,0.007826972443171843,0.0,False,True
3105,穩懋,20250925,20250926,96.5,Close Confirmed Stop,20250930,93.0,20251009,101.5,-0.03626943005181349,0.051813471502590636,0.08808290155440412,-0.041818224606906255,0.04571966105321602,0.08753788566012227,True,True
3105,穩懋,20251104,20251105,120.0,Trailing Stop,20251110,121.0,20251114,120.0,0.008333333333333304,0.0,-0.008333333333333304,0.0025062262130589874,-0.00580712174502399,-0.008313347958082976,False,True
3105,穩懋,20251210,20251211,175.0,Day 5 Weakness,20251218,167.0,20251222,191.0,-0.04571428571428571,0.09142857142857141,0.13714285714285712,-0.05123922457843094,0.08510763116335776,0.1363468557417887,True,True
3141,晶宏,20230131,20230201,96.9,Trailing Stop,20230213,100.0,20230210,101.0,0.03199174406604732,0.04231166150670784,0.01031991744066052,0.02601576856777437,0.03627759380714058,0.01026182523936621,False,True
3147,大綜,20241226,20241227,184.0,Close Confirmed Stop,20250106,176.5,20250108,182.0,-0.040760869565217406,-0.010869565217391353,0.029891304347826053,-0.04631188917530038,-0.016592803545000707,0.029719085630299673,False,True
3149,正達,20251008,20251009,46.5,Close Confirmed Stop,20251014,44.0,20251021,38.35,-0.053763440860215006,-0.1752688172043011,-0.12150537634408609,-0.05923319989971957,-0.18004712293399475,-0.12081392303427518,False,True
3149,正達,20260526,20260527,68.4,Day 8 Time Stop,20260605,90.8,20260605,90.8,0.3274853801169588,0.3274853801169588,0.0,0.31980332279960694,0.31980332279960694,0.0,False,True
3162,精確,20221202,20221205,48.75,Close Confirmed Stop,20221207,46.55,20221214,48.95,-0.045128205128205146,0.004102564102564266,0.04923076923076941,-0.05065364290049531,-0.001707715400449781,0.048945927500045526,True,True
3162,精確,20250516,20250519,53.1,Close Confirmed Stop,20250523,51.2,20250528,48.8,-0.03578154425612046,-0.08097928436911495,-0.04519774011299449,-0.041394157328295475,-0.08628347912090271,-0.04488932179260724,False,True
3163,波若威,20220531,20220601,55.2,Day 8 Time Stop,20220613,57.0,20220613,57.0,0.032608695652173836,0.032608695652173836,0.0,0.026628141575424757,0.026628141575424757,0.0,False,True
3163,波若威,20230523,20230524,64.2,Trailing Stop,20230531,64.8,20230602,64.6,0.009345794392523255,0.006230529595015355,-0.0031152647975078995,0.003520998275609975,0.000413203096651852,-0.003107795178958123,False,True
3163,波若威,20230731,20230801,100.5,Close Confirmed Stop,20230802,95.0,20230811,87.9,-0.05472636815920395,-0.12537313432835817,-0.07064676616915422,-0.06019346036699255,-0.13043745964824238,-0.07024399928124983,False,True
3163,波若威,20231129,20231130,94.4,Close Confirmed Stop,20231206,91.7,20231211,94.3,-0.028601694915254217,-0.0010593220338983578,0.02754237288135586,-0.03423442858193167,-0.006858203603218012,0.027376224978713656,False,True
3163,波若威,20231211,20231212,94.6,Day 5 Weakness,20231219,92.5,20231221,91.5,-0.022198731501057,-0.032769556025369906,-0.010570824524312905,-0.02788407671353694,-0.03839614657297622,-0.010512069859439283,False,True
3163,波若威,20240515,20240516,111.5,Close Confirmed Stop,20240517,106.0,20240527,113.5,-0.04932735426008972,0.017937219730941756,0.06726457399103147,-0.0548154146577639,0.012053917335992727,0.06686933199375662,True,True
3163,波若威,20240523,20240524,113.5,Day 5 Weakness,20240531,109.5,20240604,105.5,-0.03524229074889873,-0.07048458149779735,-0.03524229074889862,-0.04085427816949977,-0.07584545525682825,-0.034991177087328476,False,True
3163,波若威,20240618,20240619,128.0,Trailing Stop,20240625,127.0,20240628,137.0,-0.0078125,0.0703125,0.078125,-0.013558400040114575,0.06411259176516658,0.07767099180528116,True,True
3163,波若威,20241011,20241014,172.0,Close Confirmed Stop,20241017,165.5,20241023,164.5,-0.03779069767441856,-0.043604651162790664,-0.005813953488372103,-0.04333427160719234,-0.04913428554115966,-0.00580001393396732,False,True
3163,波若威,20250106,20250107,157.0,Trailing Stop,20250114,154.5,20250116,168.5,-0.015923566878980888,0.0732484076433122,0.08917197452229308,-0.021631918767614885,0.06702485251154693,0.08865677127916181,True,True
3163,波若威,20250829,20250901,249.0,Close Confirmed Stop,20250902,244.5,20250910,241.0,-0.01807228915662651,-0.032128514056224855,-0.014056224899598346,-0.023769228404097523,-0.03775832267223849,-0.013989094268140968,False,True
3167,大量,20250711,20250714,152.0,Trailing Stop,20250723,174.0,20250723,172.0,0.14473684210526305,0.13157894736842102,-0.013157894736842035,0.13809063339810165,0.12499763222395155,-0.013093001174150104,False,True
3189,景碩,20221109,20221110,111.5,Day 8 Time Stop,20221121,117.0,20221121,117.0,0.049327354260089606,0.049327354260089606,0.0,0.043268517099486044,0.043268517099486044,0.0,False,True
3189,景碩,20230201,20230202,119.0,Close Confirmed Stop,20230207,108.5,20230213,105.0,-0.08823529411764708,-0.11764705882352944,-0.02941176470588236,-0.09353130128048094,-0.12277222704562664,-0.029240925765145698,False,True
3189,景碩,20230526,20230529,118.0,Day 5 Weakness,20230605,118.5,20230607,116.0,0.004237288135593209,-0.016949152542372836,-0.021186440677966045,-0.0015833131911867637,-0.022652037302563557,-0.021068724111376794,False,True
3189,景碩,20241225,20241226,106.5,Close Confirmed Stop,20241231,104.0,20250107,109.5,-0.023474178403755874,0.028169014084507005,0.05164319248826288,-0.029152364739603285,0.022233533015155384,0.05138589775475867,True,True
3189,景碩,20250106,20250107,108.0,Close Confirmed Stop,20250110,102.0,20250116,97.7,-0.05555555555555558,-0.09537037037037033,-0.03981481481481475,-0.06102460531633771,-0.1006104329820538,-0.03958582766571609,False,True
3189,景碩,20250219,20250220,106.5,Day 5 Weakness,20250227,104.5,20250304,97.5,-0.018779342723004744,-0.08450704225352113,-0.06572769953051638,-0.024468785506639595,-0.08980531560440765,-0.06533653009776805,False,True
3189,景碩,20250716,20250717,102.0,Day 8 Time Stop,20250728,100.0,20250728,100.0,-0.019607843137254943,-0.019607843137254943,0.0,-0.025300350315421473,-0.025300350315421473,0.0,False,True
3189,景碩,20250729,20250730,106.0,Close Confirmed Stop,20250801,101.0,20250808,101.5,-0.047169811320754707,-0.04245283018867929,0.004716981132075415,-0.052661845643059035,-0.04798958317882618,0.004672262464232857,False,True
3189,景碩,20250826,20250827,115.5,Close Confirmed Stop,20250902,107.5,20250905,103.0,-0.06926406926406925,-0.10822510822510822,-0.038961038961038974,-0.0746336648533153,-0.11340113817693354,-0.03876747332361824,False,True
3189,景碩,20251007,20251008,114.0,Trailing Stop,20251015,127.0,20251020,151.0,0.11403508771929816,0.32456140350877183,0.21052631578947367,0.10758516219463102,0.31687100725419437,0.20928584505956335,False,True
3189,景碩,20251017,20251020,158.0,Close Confirmed Stop,20251022,150.0,20251030,137.5,-0.05063291139240511,-0.129746835443038,-0.07911392405063289,-0.05612024293049506,-0.1347768893529537,-0.07865664642245865,False,True
3189,景碩,20251205,20251208,157.5,Day 5 Weakness,20251215,146.5,20251217,136.0,-0.06984126984126982,-0.13650793650793647,-0.06666666666666665,-0.07520825042943162,-0.14148148333537713,-0.06627323290594551,False,True
3189,景碩,20260107,20260108,174.5,Close Confirmed Stop,20260109,166.0,20260119,211.5,-0.04871060171919772,0.21203438395415475,0.26074498567335247,-0.05420525073850846,0.2050441547307477,0.2592494054692561,True,True
3189,景碩,20260422,20260423,496.0,Close Confirmed Stop,20260424,499.0,20260505,527.0,0.006048387096774244,0.0625,0.056451612903225756,0.00021139691078657475,0.056326203553078845,0.05611480664229227,False,True
3207,耀勝,20220817,20220818,40.75,Trailing Stop,20220824,42.5,20220829,46.1,0.042944785276073594,0.13128834355828234,0.08834355828220875,0.03691040648753699,0.12470877045843842,0.08779836397090143,False,True
3207,耀勝,20230202,20230203,61.0,Day 5 Weakness,20230210,60.7,20230214,61.2,-0.004918032786885185,0.003278688524590123,0.008196721311475308,-0.010670997328672105,-0.0025272671568727675,0.008143730171799337,True,True
3207,耀勝,20240314,20240315,105.0,Trailing Stop,20240321,132.5,20240326,122.5,0.26190476190476186,0.16666666666666674,-0.09523809523809512,0.25460778842006676,0.15989837128767823,-0.09470941713238853,False,True
3209,全科,20260317,20260318,45.8,Close Confirmed Stop,20260320,43.6,20260327,44.45,-0.048034934497816484,-0.029475982532750966,0.018558951965065518,-0.05351756629801085,-0.03510312126027048,0.018414445037740368,False,True
3211,順達,20251211,20251212,294.5,Day 8 Time Stop,20251223,335.0,20251223,335.0,0.13752122241086595,0.13752122241086595,0.0,0.13096382459359737,0.13096382459359737,0.0,False,True
3217,優群,20230614,20230615,129.5,Trailing Stop,20230628,132.0,20230628,128.5,0.019305019305019266,-0.007722007722007707,-0.027027027027026973,0.013422617716816635,-0.01347284068325315,-0.026895458400069787,False,True
3217,優群,20231108,20231109,153.0,Day 8 Time Stop,20231120,152.0,20231120,152.0,-0.006535947712418277,-0.006535947712418277,0.0,-0.01229966293283726,-0.01229966293283726,0.0,False,True
3217,優群,20240102,20240103,175.0,Close Confirmed Stop,20240105,165.0,20240112,166.5,-0.05714285714285716,-0.0485714285714286,0.008571428571428563,-0.06260702424422913,-0.05405614690195938,0.008550877342269753,False,True
3217,優群,20240222,20240223,198.5,Close Confirmed Stop,20240227,188.0,20240306,185.0,-0.052896725440806036,-0.06801007556675065,-0.015113350125944613,-0.05838911149847666,-0.07339911844926202,-0.015010006950785353,False,True
3217,優群,20260521,20260522,200.5,Close Confirmed Stop,20260529,190.0,20260602,192.0,-0.052369077306733125,-0.04239401496259354,0.009975062344139585,-0.05785074324430587,-0.047933030788874446,0.009917712455431424,False,True
3227,原相,20231120,20231121,150.0,Day 8 Time Stop,20231130,161.5,20231130,161.5,0.07666666666666666,0.07666666666666666,0.0,0.07043764437463751,0.07043764437463751,0.0,False,True
3227,原相,20240529,20240530,168.0,Close Confirmed Stop,20240603,164.5,20240611,163.5,-0.02083333333333337,-0.0267857142857143,-0.005952380952380931,-0.026520655379112756,-0.03242536942614904,-0.0059047140470362865,False,True
3227,原相,20240620,20240621,172.5,Close Confirmed Stop,20240624,166.0,20240702,170.0,-0.03768115942028982,-0.01449275362318836,0.023188405797101463,-0.04323536647995517,-0.02020297083665117,0.023032395643304,False,True
3227,原相,20250217,20250218,286.0,Day 5 Weakness,20250225,281.5,20250227,271.5,-0.01573426573426573,-0.05069930069930073,-0.034965034965035,-0.021453887470462153,-0.05620071132015357,-0.03474682384969142,False,True
3227,原相,20250909,20250910,223.5,Close Confirmed Stop,20250912,218.0,20250919,246.5,-0.02460850111856827,0.1029082774049217,0.12751677852348997,-0.030281169162069414,0.09652978970422045,0.12681095886628987,True,True
3231,緯創,20221209,20221212,28.4,Day 8 Time Stop,20221221,30.05,20221221,30.05,0.05809859154929575,0.05809859154929575,0.0,0.05196264579991161,0.05196264579991161,0.0,False,True
3231,緯創,20230130,20230131,31.2,Day 8 Time Stop,20230209,31.8,20230209,31.8,0.019230769230769384,0.019230769230769384,0.0,0.013353358703781609,0.013353358703781609,0.0,False,True
3231,緯創,20230323,20230324,40.2,Day 8 Time Stop,20230407,40.6,20230407,40.6,0.00995024875621886,0.00995024875621886,0.0,0.004094702038271738,0.004094702038271738,0.0,False,True
3231,緯創,20230410,20230411,43.55,Day 8 Time Stop,20230420,45.8,20230420,45.8,0.051664753157290466,0.051664753157290466,0.0,0.0455776124074546,0.0455776124074546,0.0,False,True
3231,緯創,20231229,20240102,98.6,Close Confirmed Stop,20240103,92.7,20240111,97.6,-0.0598377281947261,-0.010141987829614618,0.049695740365111485,-0.06526790092430886,-0.015891896254855337,0.04937600466945352,False,True
3231,緯創,20240329,20240401,127.0,Day 5 Weakness,20240410,128.0,20240412,122.5,0.007874015748031482,-0.03543307086614178,-0.04330708661417326,0.0020435412302638296,-0.04099236637390117,-0.043035907604165,False,True
3231,緯創,20240716,20240717,113.5,Close Confirmed Stop,20240719,107.0,20240730,97.0,-0.05726872246696035,-0.14537444933920707,-0.08810572687224671,-0.06272792968757798,-0.15032251588384218,-0.0875945861962642,False,True
3231,緯創,20241009,20241011,105.5,Day 8 Time Stop,20241022,113.0,20241022,113.0,0.07109004739336489,0.07109004739336489,0.0,0.06488963024283259,0.06488963024283259,0.0,False,True
3231,緯創,20241025,20241028,116.0,Day 5 Weakness,20241105,116.0,20241107,120.0,0.0,0.034482758620689724,0.034482758620689724,-0.005801014937373094,0.0284989673648866,0.034299982302259696,True,True
3231,緯創,20241105,20241106,119.5,Day 5 Weakness,20241113,117.5,20241115,117.5,-0.01673640167364021,-0.01673640167364021,0.0,-0.022437169657592796,-0.022437169657592796,0.0,False,True
3231,緯創,20250514,20250515,114.0,Close Confirmed Stop,20250520,110.5,20250526,116.0,-0.030701754385964897,0.01754385964912286,0.04824561403508776,-0.03633646928832984,0.011659697060515332,0.047996166348845175,True,True
3231,緯創,20250625,20250626,127.0,Close Confirmed Stop,20250630,122.5,20250707,118.0,-0.03543307086614178,-0.07086614173228345,-0.03543307086614167,-0.04099236637390117,-0.07624006481781513,-0.03524769844391396,False,True
3231,緯創,20250811,20250812,127.5,Close Confirmed Stop,20250814,117.5,20250821,111.5,-0.07843137254901966,-0.12549019607843137,-0.04705882352941171,-0.08377337204424179,-0.13055274694555855,-0.046779374901316756,False,True
3231,緯創,20250925,20250926,125.5,Day 8 Time Stop,20251009,151.0,20251009,151.0,0.20318725099601598,0.20318725099601598,0.0,0.19622275100064795,0.19622275100064795,0.0,False,True
3231,緯創,20251205,20251208,151.0,Close Confirmed Stop,20251212,145.0,20251217,138.0,-0.039735099337748325,-0.08609271523178808,-0.04635761589403975,-0.04527764256244294,-0.09139049171109394,-0.046112849148651,False,True
3231,緯創,20260102,20260105,157.0,Close Confirmed Stop,20260112,150.5,20260114,146.0,-0.04140127388535031,-0.07006369426751591,-0.0286624203821656,-0.046948077837882574,-0.07544131042523998,-0.028493232587357406,False,True
3231,緯創,20260420,20260421,142.0,Day 8 Time Stop,20260430,137.0,20260430,137.0,-0.035211267605633756,-0.035211267605633756,0.0,-0.04082357523316417,-0.04082357523316417,0.0,False,True
3234,光環,20241009,20241011,56.3,Close Confirmed Stop,20241015,53.6,20241022,55.0,-0.047957371225577194,-0.023090586145648295,0.0248667850799289,-0.05344038016491506,-0.028766569944987566,0.024673810219927497,False,True
3236,千如,20260105,20260106,31.6,Close Confirmed Stop,20260109,29.7,20260115,37.9,-0.06012658227848111,0.1993670886075949,0.259493670886076,-0.06554646291208971,0.1924251074297852,0.2579715703418749,True,True
3236,千如,20260701,20260702,72.9,Close Confirmed Stop,20260706,69.7,20260714,54.5,-0.04389574759945136,-0.25240054869684503,-0.20850480109739367,-0.049420591420599645,-0.25672566503847294,-0.2073050736178733,False,True
3260,威剛,20230322,20230323,73.5,Trailing Stop,20230329,74.1,20230406,79.6,0.008163265306122325,0.08299319727891152,0.0748299319727892,0.002340961065283637,0.07672441239588265,0.07438345133059901,False,True
3260,威剛,20230331,20230406,79.5,Day 8 Time Stop,20230417,78.3,20230417,78.3,-0.015094339622641506,-0.015094339622641506,0.0,-0.02079692142939518,-0.02079692142939518,0.0,False,True
3260,威剛,20230529,20230530,80.0,Trailing Stop,20230607,82.3,20230608,84.3,0.028750000000000053,0.053749999999999964,0.02499999999999991,0.022812283057961624,0.04765221320930053,0.024839930151338903,False,True
3260,威剛,20230616,20230619,92.0,Close Confirmed Stop,20230627,84.9,20230630,89.0,-0.0771739130434782,-0.03260869565217395,0.04456521739130426,-0.08252624248962134,-0.03823488155394259,0.04429136093567875,False,True
3260,威剛,20230915,20230918,91.9,Close Confirmed Stop,20230920,90.3,20230927,87.2,-0.017410228509249226,-0.05114254624591952,-0.03373231773667029,-0.02309885998032481,-0.05661698782889147,-0.033518127848566656,False,True
3260,威剛,20231013,20231016,97.2,Trailing Stop,20231026,97.8,20231025,99.1,0.006172839506172867,0.019547325102880597,0.01337448559670773,0.000358244351307193,0.013667308864697128,0.013309064513389935,False,True
3260,威剛,20240219,20240220,100.0,Day 5 Weakness,20240227,99.5,20240301,99.2,-0.0050000000000000044,-0.008000000000000007,-0.0030000000000000027,-0.010759186958743425,-0.013751993026494524,-0.0029928060677510988,False,True
3260,威剛,20240412,20240415,111.5,Close Confirmed Stop,20240417,105.5,20240424,99.5,-0.053811659192825156,-0.1076233183856502,-0.053811659192825045,-0.05928896524855964,-0.11280448171798028,-0.05351551646942065,False,True
3260,威剛,20250217,20250218,84.0,Day 8 Time Stop,20250227,85.7,20250227,85.7,0.020238095238095166,0.020238095238095166,0.0,0.014352106384900098,0.014352106384900098,0.0,False,True
3260,威剛,20250514,20250515,91.1,Day 8 Time Stop,20250526,91.8,20250526,91.8,0.007683863885839859,0.007683863885839859,0.0,0.001858416375581076,0.001858416375581076,0.0,False,True
3260,威剛,20250606,20250609,100.5,Day 5 Weakness,20250616,96.2,20250618,99.0,-0.042786069651741254,-0.014925373134328401,0.027860696517412853,-0.0483151300080565,-0.020621254765895998,0.0276938752421605,False,True
3260,威剛,20250812,20250813,96.5,Day 5 Weakness,20250820,96.0,20250822,96.4,-0.005181347150259086,-0.0010362694300517505,0.004145077720207335,-0.010938209091289917,-0.006836451617264176,0.0041017574740257415,False,True
3260,威剛,20250905,20250908,113.0,Day 8 Time Stop,20250917,134.0,20250917,134.0,0.18584070796460184,0.18584070796460184,0.0,0.17899605978535024,0.17899605978535024,0.0,False,True
3260,威剛,20250918,20250919,138.5,Trailing Stop,20250930,153.5,20251001,,0.10830324909747291,,,0.1019072221178536,,,False,False
3260,威剛,20260824,20260825,437.5,Close Confirmed Stop,20260826,421.0,,,-0.0377142857142857,,,-0.043279699916923216,,,False,False
3264,欣銓,20221111,20221114,48.6,Day 8 Time Stop,20221123,50.1,20221123,50.1,0.030864197530864113,0.030864197530864113,0.0,0.024923693286050087,0.024923693286050087,0.0,False,True
3264,欣銓,20230307,20230308,59.0,Close Confirmed Stop,20230313,56.3,20230317,57.7,-0.045762711864406835,-0.02203389830508473,0.023728813559322104,-0.05128898554971592,-0.027717219542583722,0.0235717660071322,False,True
3264,欣銓,20230613,20230614,61.3,Trailing Stop,20230621,61.3,20230627,60.4,0.0,-0.014681892332789492,-0.014681892332789492,-0.0058027432106267166,-0.02038266763550845,-0.014579924424881735,False,True
3264,欣銓,20230728,20230731,65.3,Close Confirmed Stop,20230801,61.7,20230810,59.5,-0.05513016845329244,-0.0888208269525268,-0.03369065849923436,-0.060601267861038866,-0.09411097099360619,-0.03350970313256732,False,True
3264,欣銓,20231201,20231204,75.5,Day 8 Time Stop,20231213,80.4,20231213,80.4,0.0649006622516557,0.0649006622516557,0.0,0.0587397993139458,0.0587397993139458,0.0,False,True
3264,欣銓,20240319,20240320,86.4,Close Confirmed Stop,20240325,82.1,20240329,83.6,-0.0497685185185186,-0.03240740740740755,0.01736111111111105,-0.0552540330442502,-0.038034767589672225,0.017219265454577977,False,True
3264,欣銓,20240604,20240605,76.0,Day 8 Time Stop,20240617,74.9,20240617,74.9,-0.014473684210526194,-0.014473684210526194,0.0,-0.020171270912798182,-0.020171270912798182,0.0,False,True
3264,欣銓,20250512,20250513,82.9,Close Confirmed Stop,20250514,79.4,20250522,74.9,-0.04221954161640529,-0.09650180940892639,-0.0542822677925211,-0.0477526299169221,-0.10173790953425668,-0.05398527961733458,False,True
3264,欣銓,20250908,20250909,85.1,Day 8 Time Stop,20250918,84.8,20250918,84.8,-0.003525264394829586,-0.003525264394829586,0.0,-0.009281040090094953,-0.009281040090094953,0.0,False,True
3264,欣銓,20251031,20251103,95.5,Close Confirmed Stop,20251110,89.8,20251112,89.3,-0.0596858638743456,-0.06492146596858639,-0.005235602094240788,-0.06511453605248821,-0.07033758269589976,-0.005223046643411555,False,True
3264,欣銓,20251208,20251209,92.9,Day 5 Weakness,20251216,92.9,20251218,89.0,0.0,-0.041980624327233595,-0.041980624327233595,-0.005802819494155967,-0.04751586991060107,-0.0417130504164451,False,True
3264,欣銓,20260706,20260707,259.5,Close Confirmed Stop,20260708,235.5,20260717,214.0,-0.09248554913294793,-0.17533718689788058,-0.08285163776493265,-0.09774098258979584,-0.1801261814610777,-0.08238519887128186,False,True
3265,台星科,20230918,20230919,92.0,Trailing Stop,20230921,88.0,20230928,88.4,-0.04347826086956519,-0.03913043478260858,0.004347826086956608,-0.04901158577110982,-0.04467418567291969,0.004337400098190128,False,True
3265,台星科,20240123,20240124,122.0,Day 5 Weakness,20240131,120.0,20240202,120.5,-0.016393442622950838,-0.012295081967213073,0.004098360655737765,-0.022093158834941506,-0.018004626503705535,0.004088532331235972,False,True
3265,台星科,20260113,20260114,138.0,Day 8 Time Stop,20260123,142.0,20260123,142.0,0.02898550724637672,0.02898550724637672,0.0,0.023050595062429596,0.023050595062429596,0.0,False,True
3265,台星科,20260505,20260506,192.0,Close Confirmed Stop,20260511,180.5,20260515,183.5,-0.05989583333333337,-0.04427083333333337,0.015625,-0.06531683454050993,-0.04979597220132905,0.015520862339180881,False,True
3276,宇環,20231115,20231116,27.7,Close Confirmed Stop,20231120,27.05,20231127,24.8,-0.023465703971119134,-0.10469314079422376,-0.08122743682310463,-0.02914177060004188,-0.10987432962794771,-0.08073255902790583,False,True
3290,東浦,20230223,20230224,27.3,Close Confirmed Stop,20230306,26.0,20230309,28.9,-0.04761904761904767,0.05860805860805862,0.1062271062271063,-0.05310328595304912,0.05246902554984572,0.10557231150289484,True,True
3290,東浦,20230330,20230331,30.3,Day 5 Weakness,20230412,30.75,20230414,29.2,0.014851485148514865,-0.0363036303630363,-0.051155115511551164,0.00898645556951716,-0.04191274182801322,-0.05089919739753038,False,True
3293,鈊象,20230109,20230110,485.0,Day 5 Weakness,20230117,475.0,20230131,494.5,-0.020618556701030966,0.019587628865979312,0.04020618556701028,-0.02631285381018438,0.013695486671852266,0.04000834048203664,True,True
3294,英濟,20250731,20250801,41.35,Trailing Stop,20250806,49.15,20250812,47.5,0.18863361547763002,0.14873035066505436,-0.03990326481257567,0.1817477793888803,0.142073607003736,-0.039674172385144285,False,True
3311,閎暉,20250909,20250910,38.65,Close Confirmed Stop,20250912,36.4,20250919,35.45,-0.05821474773609314,-0.08279430789133235,-0.02457956015523921,-0.06367291015800887,-0.08809353239461816,-0.02442062223660929,False,True
3312,弘憶股,20240201,20240202,26.1,Day 8 Time Stop,20240222,35.15,20240222,35.15,0.3467432950191569,0.3467432950191569,0.0,0.3389490217866345,0.3389490217866345,0.0,False,True
3312,弘憶股,20240227,20240229,39.9,Trailing Stop,20240311,39.15,20240311,38.2,-0.018796992481203034,-0.04260651629072676,-0.023809523809523725,-0.024481616205097083,-0.04813408880979088,-0.023652472604693796,False,True
3312,弘憶股,20260514,20260515,48.95,Close Confirmed Stop,20260519,45.9,20260526,52.8,-0.06230847803881523,0.0786516853932584,0.14096016343207363,-0.06772305729455402,0.07239918412385726,0.1401222414184113,True,True
3312,弘憶股,20260525,20260526,51.1,Day 8 Time Stop,20260604,73.2,20260604,73.2,0.4324853228962817,0.4324853228962817,0.0,0.42418225806517257,0.42418225806517257,0.0,False,True
3317,尼克森,20260505,20260506,62.8,Trailing Stop,20260511,64.0,20260515,75.3,0.019108280254777066,0.19904458598726116,0.1799363057324841,0.013231624779453883,0.19210319590173544,0.17887157112228155,False,True
3324,雙鴻,20220106,20220107,214.0,Day 8 Time Stop,20220118,224.0,20220118,224.0,0.04672897196261672,0.04672897196261672,0.0,0.0406533439815268,0.0406533439815268,0.0,False,True
3324,雙鴻,20221214,20221215,162.5,Close Confirmed Stop,20221220,154.0,20221226,148.5,-0.05230769230769228,-0.08615384615384614,-0.03384615384615386,-0.057786446417895904,-0.09145124390903712,-0.03366479749114122,False,True
3324,雙鴻,20231116,20231117,348.0,Trailing Stop,20231128,352.0,20231128,362.0,0.011494252873563315,0.04022988505747116,0.028735632183907844,0.005632312496713592,0.03423231447202684,0.02860000197531325,False,True
3324,雙鴻,20240130,20240131,384.5,Close Confirmed Stop,20240201,376.0,20240220,447.5,-0.022106631989596837,0.16384915474642403,0.18595578673602087,-0.02779464179272265,0.15710736872859013,0.18490201052131278,True,True
3325,旭品,20230607,20230608,26.6,Day 5 Weakness,20230615,26.3,20230619,29.5,-0.011278195488721776,0.10902255639097747,0.12030075187969924,-0.0170158374975506,0.10259643276123406,0.11961227025878467,True,True
3338,泰碩,20240216,20240219,68.0,Close Confirmed Stop,20240221,65.5,20240229,66.5,-0.03676470588235292,-0.022058823529411797,0.014705882352941124,-0.0423117076609242,-0.027741212846172755,0.014570494814751447,False,True
3338,泰碩,20240301,20240304,69.5,Trailing Stop,20240311,69.2,20240313,71.0,-0.004316546762589857,0.021582733812949728,0.025899280575539585,-0.010070513500186869,0.01566666820573762,0.02573718170592449,True,True
3339,泰谷,20240409,20240410,37.75,Day 5 Weakness,20240417,37.65,20240419,39.85,-0.0026490066225165476,0.05562913907284761,0.05827814569536416,-0.008409328261772146,0.049495588564571064,0.05790491682634321,True,True
3346,麗清,20230324,20230327,44.6,Day 5 Weakness,20230406,43.0,20230410,42.7,-0.0358744394618834,-0.04260089686098656,-0.006726457399103158,-0.04145614552835563,-0.04813310708441699,-0.006676961556061359,False,True
3346,麗清,20230613,20230614,48.65,Day 5 Weakness,20230621,47.5,20230627,46.75,-0.023638232271325776,-0.039054470709146916,-0.01541623843782114,-0.02931081645768781,-0.044590135721226214,-0.015279319263538402,False,True
3346,麗清,20231012,20231013,52.3,Day 5 Weakness,20231020,51.5,20231024,50.7,-0.015296367112810683,-0.030592734225621254,-0.015296367112810572,-0.020989009418465238,-0.03621538767253274,-0.015226378254067502,False,True
3346,麗清,20231222,20231225,54.5,Day 5 Weakness,20240102,53.3,20240104,50.4,-0.022018348623853212,-0.0752293577981652,-0.053211009174311985,-0.027700772706263907,-0.08058394681431037,-0.052883174108046466,False,True
3356,奇偶,20240401,20240402,56.1,Day 5 Weakness,20240411,55.4,20240415,55.4,-0.012477718360071388,-0.012477718360071388,0.0,-0.018211756762496412,-0.018211756762496412,0.0,False,True
3362,先進光,20231121,20231122,165.0,Day 8 Time Stop,20231201,193.0,20231201,193.0,0.16969696969696968,0.16969696969696968,0.0,0.16291249517460282,0.16291249517460282,0.0,False,True
3362,先進光,20240123,20240124,185.0,Day 8 Time Stop,20240202,210.0,20240202,210.0,0.1351351351351351,0.1351351351351351,0.0,0.12854904226546937,0.12854904226546937,0.0,False,True
3363,上詮,20231129,20231130,77.0,Close Confirmed Stop,20231205,73.7,20231211,76.0,-0.042857142857142816,-0.012987012987012991,0.029870129870129825,-0.04838555006237204,-0.018720382725720432,0.029665167336651605,False,True
3363,上詮,20240201,20240202,78.8,Day 8 Time Stop,20240222,91.8,20240222,91.8,0.1649746192893402,0.1649746192893402,0.0,0.15821319482221416,0.15821319482221416,0.0,False,True
3363,上詮,20240620,20240621,165.0,Close Confirmed Stop,20240625,148.0,20240702,155.5,-0.10303030303030303,-0.05757575757575761,0.045454545454545414,-0.10822441603290744,-0.06301263940570156,0.04521177662720588,False,True
3363,上詮,20250108,20250109,304.5,Close Confirmed Stop,20250114,275.0,20250120,324.5,-0.09688013136288998,0.06568144499178974,0.16256157635467972,-0.10212519619536824,0.05951100834087375,0.161636204536242,True,True
3363,上詮,20250710,20250711,294.5,Close Confirmed Stop,20250715,280.5,20250722,285.5,-0.04753820033955858,-0.03056027164685904,0.01697792869269954,-0.05304713724484459,-0.03614352927237934,0.01690360797246525,False,True
3363,上詮,20250731,20250801,300.0,Day 5 Weakness,20250808,296.5,20250812,299.0,-0.011666666666666714,-0.0033333333333332993,0.008333333333333415,-0.017401611205815223,-0.009121906279735048,0.008279704926080175,False,True
3372,典範,20260120,20260121,25.0,Close Confirmed Stop,20260122,24.0,20260130,21.3,-0.040000000000000036,-0.14800000000000002,-0.10799999999999998,-0.04553561872435762,-0.15290994416835174,-0.10737432544399411,False,True
3374,精材,20231106,20231107,129.0,Day 5 Weakness,20231114,129.5,20231116,128.0,0.003875968992248069,-0.007751937984496138,-0.011627906976744207,-0.0019343389813948817,-0.013501000069135842,-0.011566661087740961,False,True
3374,精材,20240607,20240611,140.0,Trailing Stop,20240620,172.5,20240620,184.5,0.2321428571428572,0.31785714285714284,0.08571428571428563,0.22498946735479963,0.31023163153340666,0.08524216417860703,False,True
3374,精材,20240708,20240709,207.5,Trailing Stop,20240715,221.5,20240718,218.5,0.06746987951807237,0.053012048192771166,-0.014457831325301207,0.061267005950160956,0.04691068876688239,-0.014356317183278566,False,True
3374,精材,20250922,20250923,154.0,Close Confirmed Stop,20250930,143.0,20251003,140.5,-0.0714285714285714,-0.08766233766233766,-0.016233766233766267,-0.07679749725548694,-0.09295890523779167,-0.016161407982304726,False,True
3374,精材,20251103,20251104,159.5,Close Confirmed Stop,20251105,146.0,20251113,139.5,-0.08463949843260188,-0.12539184952978055,-0.040752351097178674,-0.08994908034100912,-0.1304362666585956,-0.040487186317586465,False,True
3374,精材,20260108,20260109,175.0,Day 8 Time Stop,20260120,178.0,20260120,178.0,0.017142857142857126,0.017142857142857126,0.0,0.011266988521511838,0.011266988521511838,0.0,False,True
3374,精材,20260512,20260513,247.0,Trailing Stop,20260519,247.0,20260522,253.0,0.0,0.02429149797570851,0.02429149797570851,-0.005806229947675677,0.018360188268945653,0.02416641821662133,True,True
3374,精材,20260624,20260625,317.5,Close Confirmed Stop,20260626,297.5,20260706,322.0,-0.06299212598425197,0.014173228346456623,0.07716535433070859,-0.0684183961204334,0.008294184280743121,0.07671258040117652,True,True
3376,新日興,20231117,20231120,131.5,Close Confirmed Stop,20231124,122.0,20231129,123.5,-0.07224334600760451,-0.06083650190114065,0.011406844106463865,-0.07761331782858616,-0.06626728801403552,0.011346029814550643,False,True
3376,新日興,20240215,20240216,186.0,Close Confirmed Stop,20240220,157.5,20240227,163.0,-0.15322580645161288,-0.12365591397849462,0.029569892473118253,-0.15812365074953766,-0.12872468824640404,0.02939896250313362,False,True
3376,新日興,20240520,20240521,198.5,Day 5 Weakness,20240528,194.5,20240530,184.5,-0.02015113350125941,-0.07052896725440805,-0.05037783375314864,-0.025822712214851995,-0.07591196566362383,-0.05008925344877184,False,True
3376,新日興,20241204,20241205,212.0,Close Confirmed Stop,20241211,197.5,20241216,177.0,-0.06839622641509435,-0.16509433962264153,-0.09669811320754718,-0.0737705441043216,-0.1699361045332828,-0.09616556042896121,False,True
3376,新日興,20250217,20250218,290.5,Close Confirmed Stop,20250303,273.5,20250227,277.0,-0.058519793459552494,-0.04647160068846812,0.012048192771084376,-0.06394770370266284,-0.05199514681592674,0.011952556886736097,False,True
3376,新日興,20250723,20250724,241.5,Day 5 Weakness,20250731,235.5,20250804,229.0,-0.024844720496894457,-0.051759834368530044,-0.026915113871635588,-0.030517195142341445,-0.05723439678062636,-0.026717201638284917,False,True
3380,明泰,20220804,20220805,31.8,Day 5 Weakness,20220812,31.9,20220816,31.25,0.0031446540880502027,-0.01729559748427678,-0.020440251572326984,-0.002660396769128664,-0.022984976149189842,-0.02032457938006118,False,True
3380,明泰,20221123,20221124,30.45,Close Confirmed Stop,20221128,29.3,20221205,31.6,-0.0377668308702791,0.03776683087027921,0.07553366174055831,-0.0433062580318081,0.031779714652501866,0.07508597268430997,True,True
3380,明泰,20221129,20221130,31.3,Day 8 Time Stop,20221209,30.85,20221209,30.85,-0.014376996805111841,-0.014376996805111841,0.0,-0.020073558608497025,-0.020073558608497025,0.0,False,True
3380,明泰,20230307,20230308,33.9,Day 8 Time Stop,20230317,34.3,20230317,34.3,0.01179941002949847,0.01179941002949847,0.0,0.005941811704078007,0.005941811704078007,0.0,False,True
3380,明泰,20230418,20230419,38.4,Close Confirmed Stop,20230424,35.85,20230428,35.4,-0.06640624999999989,-0.078125,-0.011718750000000111,-0.07181164389407564,-0.08346896067580555,-0.011657316781729904,False,True
3380,明泰,20230531,20230601,38.65,Day 5 Weakness,20230608,38.1,20230612,36.8,-0.014230271668822736,-0.04786545924967667,-0.03363518758085393,-0.01992722874521646,-0.05334843160664292,-0.033421202861426455,False,True
3380,明泰,20230616,20230619,40.3,Close Confirmed Stop,20230628,38.5,20230630,40.9,-0.04466501240694787,0.01488833746898277,0.05955334987593064,-0.050190304648886144,0.009020170654287646,0.05921047530317379,True,True
3380,明泰,20230703,20230704,43.1,Day 5 Weakness,20230711,42.25,20230713,43.8,-0.019721577726218076,0.016241299303944245,0.03596287703016232,-0.02540527748037678,0.01037137572375445,0.03577665320413123,True,True
3380,明泰,20231226,20231227,38.1,Close Confirmed Stop,20240104,37.45,20240108,36.8,-0.017060367454068248,-0.03412073490813661,-0.01706036745406836,-0.02275142937403948,-0.03973755100222149,-0.01698612162818201,False,True
3380,明泰,20240122,20240123,38.65,Day 8 Time Stop,20240201,38.3,20240201,38.3,-0.009055627425614499,-0.009055627425614499,0.0,-0.014798327577161766,-0.014798327577161766,0.0,False,True
3380,明泰,20260114,20260115,35.3,Close Confirmed Stop,20260119,33.5,20260126,34.6,-0.050991501416430496,-0.019830028328611804,0.031161473087818692,-0.05646507565022268,-0.02551157958399077,0.03095349606623191,False,True
3380,明泰,20260529,20260601,39.1,Day 5 Weakness,20260608,33.75,20260610,33.3,-0.13682864450127885,-0.1483375959079285,-0.011508951406649648,-0.14179864716140533,-0.15324666652392008,-0.011448019362514744,False,True
3390,旭軟,20220822,20220823,25.25,Close Confirmed Stop,20220830,24.6,20220901,24.6,-0.025742574257425654,-0.025742574257425654,0.0,-0.03137948809719074,-0.03137948809719074,0.0,False,True
3406,玉晶光,20221115,20221116,373.0,Day 8 Time Stop,20221125,391.5,20221125,391.5,0.04959785522788196,0.04959785522788196,0.0,0.043532794499937216,0.043532794499937216,0.0,False,True
3406,玉晶光,20230605,20230606,410.0,Close Confirmed Stop,20230607,388.5,20230615,397.5,-0.05243902439024395,-0.030487804878048808,0.02195121951219514,-0.05791387141235147,-0.036115375286142566,0.021798496126208905,False,True
3406,玉晶光,20231214,20231215,433.5,Close Confirmed Stop,20231220,414.0,20231226,411.0,-0.04498269896193774,-0.05190311418685123,-0.00692041522491349,-0.05051102442871971,-0.057381460539144113,-0.006870436110424406,False,True
3406,玉晶光,20240321,20240322,478.0,Trailing Stop,20240327,508.0,20240402,484.5,0.06276150627615062,0.013598326359832713,-0.04916317991631791,0.056603834618094324,0.007727199026229742,-0.04887663559186458,False,True
3413,京鼎,20240314,20240315,262.0,Day 8 Time Stop,20240326,299.5,20240326,299.5,0.14312977099236646,0.14312977099236646,0.0,0.13650976326609005,0.13650976326609005,0.0,False,True
3413,京鼎,20240926,20240927,377.0,Close Confirmed Stop,20241001,356.5,20241011,366.0,-0.05437665782493373,-0.02917771883289122,0.025198938992042508,-0.0598309969262809,-0.03482664064982444,0.025004356276456453,False,True
3413,京鼎,20260630,20260701,333.5,Day 8 Time Stop,20260713,334.0,20260713,334.0,0.0014992503748125774,0.0014992503748125774,0.0,-0.00430329101882966,-0.00430329101882966,0.0,False,True
3441,聯一光,20220810,20220811,45.4,Day 5 Weakness,20220818,42.7,20220822,38.75,-0.05947136563876643,-0.1464757709251101,-0.08700440528634368,-0.06489196614379719,-0.15142119746594368,-0.08652923132214649,False,True
3441,聯一光,20230323,20230324,49.35,Close Confirmed Stop,20230327,47.05,20230407,47.3,-0.046605876393110535,-0.041540020263424626,0.005065856129685908,-0.05212500136407629,-0.04707128929378792,0.005053712070288367,False,True
3450,聯鈞,20240215,20240216,65.4,Trailing Stop,20240229,68.7,20240227,69.7,0.050458715596330306,0.06574923547400613,0.015290519877675823,0.04437324227435513,0.059560429249616346,0.015187186975261217,False,True
3450,聯鈞,20240304,20240305,78.0,Close Confirmed Stop,20240311,71.1,20240314,69.3,-0.08846153846153848,-0.11153846153846159,-0.023076923076923106,-0.0937473794717015,-0.11670230051711758,-0.022954921045416077,False,True
3450,聯鈞,20240410,20240411,76.0,Close Confirmed Stop,20240412,73.0,20240422,58.3,-0.03947368421052633,-0.23289473684210527,-0.19342105263157894,-0.04501128928940823,-0.2373350060281577,-0.19232371673874948,False,True
3450,聯鈞,20240516,20240517,74.4,Day 8 Time Stop,20240528,97.9,20240528,97.9,0.3158602150537635,0.3158602150537635,0.0,0.3082309491119624,0.3082309491119624,0.0,False,True
3450,聯鈞,20241015,20241016,234.0,Close Confirmed Stop,20241028,224.0,20241025,224.0,-0.042735042735042694,-0.042735042735042694,0.0,-0.04826386332818017,-0.04826386332818017,0.0,False,True
3450,聯鈞,20250917,20250918,220.5,Day 8 Time Stop,20250930,272.0,20250930,272.0,0.2335600907029478,0.2335600907029478,0.0,0.22640651938193387,0.22640651938193387,0.0,False,True
3450,聯鈞,20251208,20251209,270.0,Day 5 Weakness,20251216,261.0,20251218,241.0,-0.033333333333333326,-0.1074074074074074,-0.07407407407407407,-0.038949159285445074,-0.11257911426674083,-0.07362995498129576,False,True
3454,晶睿,20221129,20221130,200.0,Trailing Stop,20221206,211.0,20221209,217.0,0.05499999999999994,0.08499999999999996,0.030000000000000027,0.04888314377819028,0.07871063407703284,0.02982749029884256,False,True
3454,晶睿,20230302,20230303,257.0,Trailing Stop,20230315,270.0,20230314,264.0,0.05058365758754868,0.027237354085603016,-0.023346303501945664,0.04451250647656005,0.0212892075558058,-0.023223298920754247,False,True
3455,由田,20240704,20240705,134.0,Day 5 Weakness,20240712,130.0,20240716,123.5,-0.02985074626865669,-0.07835820895522383,-0.04850746268656714,-0.03548577019519045,-0.0837098107792298,-0.048224040584039354,False,True
3483,力致,20230703,20230704,91.8,Close Confirmed Stop,20230707,89.6,20230713,99.9,-0.023965141612200425,0.08823529411764719,0.11220043572984761,-0.02964211345808659,0.08192225903971354,0.11156437249780013,True,True
3483,力致,20231120,20231121,158.0,Trailing Stop,20231124,163.5,20231130,160.0,0.034810126582278444,0.012658227848101333,-0.02215189873417711,0.028816896626930755,0.006785009909422559,-0.022031886717508196,False,True
3483,力致,20240124,20240125,167.0,Close Confirmed Stop,20240126,163.0,20240205,166.0,-0.0239520958083832,-0.005988023952095856,0.017964071856287345,-0.029599905367959718,-0.011745724295723936,0.017854181072235784,False,True
3483,力致,20240202,20240205,175.5,Close Confirmed Stop,20240215,171.5,20240223,165.0,-0.022792022792022748,-0.05982905982905984,-0.03703703703703709,-0.02844980065659559,-0.06526410846396531,-0.03681430780736972,False,True
3483,力致,20240517,20240520,171.0,Day 8 Time Stop,20240529,198.0,20240529,198.0,0.1578947368421053,0.1578947368421053,0.0,0.15118084354667685,0.15118084354667685,0.0,False,True
3483,力致,20240529,20240530,197.0,Close Confirmed Stop,20240606,195.0,20240611,186.0,-0.010152284263959421,-0.055837563451776595,-0.045685279187817174,-0.015893580005351685,-0.06130258897302006,-0.04540900896766838,False,True
3490,單井,20260818,20260819,43.7,Trailing Stop,20260825,50.9,20260828,50.3,0.16475972540045758,0.15102974828375282,-0.013729977116704761,0.1580307691363362,0.14436706940580266,-0.013663699730533552,False,True
3491,昇達科,20220607,20220608,169.5,Day 8 Time Stop,20220617,174.0,20220617,174.0,0.026548672566371723,0.026548672566371723,0.0,0.020604788833250634,0.020604788833250634,0.0,False,True
3491,昇達科,20230308,20230309,160.0,Trailing Stop,20230317,166.0,20230320,162.0,0.03750000000000009,0.012499999999999956,-0.025000000000000133,0.031507927395841386,0.0066346215462828725,-0.024873305849558512,False,True
3491,昇達科,20240522,20240523,261.0,Trailing Stop,20240531,269.5,20240603,293.0,0.03256704980842917,0.12260536398467425,0.09003831417624508,0.026598521386638,0.11611869261640438,0.08952017122976638,False,True
3491,昇達科,20250108,20250109,411.0,Close Confirmed Stop,20250110,375.0,20250120,402.0,-0.08759124087591241,-0.021897810218978075,0.06569343065693434,-0.09288755814684893,-0.02758815063661525,0.06529940751023368,False,True
3498,陽程,20260505,20260506,102.0,Close Confirmed Stop,20260508,95.9,20260515,149.0,-0.05980392156862735,0.4607843137254901,0.5205882352941175,-0.06523296366472382,0.45233589168309457,0.5175688553478184,True,True
3515,華擎,20230613,20230614,218.0,Close Confirmed Stop,20230615,214.0,20230627,208.0,-0.01834862385321101,-0.04587155963302747,-0.02752293577981646,-0.024046650469812775,-0.05136983026472024,-0.027323179794907462,False,True
3515,華擎,20231208,20231211,238.5,Close Confirmed Stop,20231213,226.0,20231220,250.5,-0.052410901467505266,0.05031446540880502,0.10272536687631029,-0.05789992651815378,0.04424402672143262,0.1021439532395864,True,True
3515,華擎,20231218,20231219,245.0,Day 8 Time Stop,20231228,254.5,20231228,254.5,0.038775510204081653,0.038775510204081653,0.0,0.032776446793035964,0.032776446793035964,0.0,False,True
3532,台勝科,20250922,20250923,122.0,Close Confirmed Stop,20250924,110.5,20251003,108.0,-0.09426229508196726,-0.11475409836065575,-0.020491803278688492,-0.09950799966189901,-0.11988384295144741,-0.020375843289548404,False,True
3535,晶彩科,20240520,20240521,26.75,Trailing Stop,20240530,28.8,20240530,29.3,0.07663551401869162,0.09532710280373835,0.01869158878504673,0.07038820130418158,0.08900165189207658,0.018613450587895,False,True
3535,晶彩科,20240618,20240619,34.5,Trailing Stop,20240627,39.55,20240628,43.7,0.1463768115942028,0.26666666666666683,0.12028985507246404,0.1397269622934496,0.25932827810214165,0.11960131580869204,False,True
3535,晶彩科,20260505,20260506,150.5,Close Confirmed Stop,20260507,137.0,20260515,122.5,-0.0897009966777409,-0.18604651162790697,-0.09634551495016608,-0.09498415540069172,-0.1907652712817364,-0.09578111588104468,False,True
3540,曜越,20230522,20230523,47.1,Trailing Stop,20230531,51.4,20230601,52.0,0.09129511677282376,0.10403397027600847,0.01273885350318471,0.08497872406643701,0.09765370349042721,0.012674979423990193,False,True
3543,州巧,20250924,20250925,37.0,Close Confirmed Stop,20250930,35.2,20251008,36.0,-0.048648648648648596,-0.027027027027026973,0.021621621621621623,-0.05412780300660025,-0.03265796947018131,0.021469833536418938,False,True
3545,敦泰,20230216,20230217,72.5,Day 8 Time Stop,20230302,74.7,20230302,74.7,0.030344827586207046,0.030344827586207046,0.0,0.024406203316936822,0.024406203316936822,0.0,False,True
3545,敦泰,20230918,20230919,82.7,Close Confirmed Stop,20230921,79.0,20230928,75.6,-0.044740024183796856,-0.0858524788391779,-0.04111245465538105,-0.05026580073781067,-0.09114626395978975,-0.04088046322197908,False,True
3545,敦泰,20231116,20231117,104.0,Day 8 Time Stop,20231128,132.5,20231128,132.5,0.27403846153846145,0.27403846153846145,0.0,0.2666833633660548,0.2666833633660548,0.0,False,True
3545,敦泰,20241217,20241218,90.9,Day 5 Weakness,20241225,89.9,20241227,90.2,-0.011001100110010986,-0.007700770077007757,0.0033003300330032292,-0.016745128150618186,-0.013452711965355073,0.0032924161852631133,False,True
3545,敦泰,20260508,20260511,57.1,Day 5 Weakness,20260518,55.0,20260520,57.4,-0.03677758318739055,0.005253940455341555,0.042031523642732105,-0.04232450568147575,-0.0005606374865412248,0.04176386819493452,True,True
3551,世禾,20250805,20250806,170.5,Day 8 Time Stop,20250815,169.5,20250815,169.5,-0.0058651026392961825,-0.0058651026392961825,0.0,-0.011630110607371827,-0.011630110607371827,0.0,False,True
3552,同致,20221202,20221205,161.5,Close Confirmed Stop,20221207,154.0,20221214,158.0,-0.04643962848297212,-0.021671826625387025,0.024767801857585092,-0.05193515473375062,-0.027360445584136722,0.024574709149613898,False,True
3558,神準,20230207,20230208,253.0,Day 8 Time Stop,20230217,295.0,20230217,295.0,0.16600790513833985,0.16600790513833985,0.0,0.15926409059931843,0.15926409059931843,0.0,False,True
3558,神準,20230731,20230801,328.0,Close Confirmed Stop,20230804,296.0,20230811,291.0,-0.09756097560975607,-0.11280487804878048,-0.015243902439024404,-0.10280360074096048,-0.11794402567721315,-0.015140424936252672,False,True
3563,牧德,20240429,20240430,460.5,Close Confirmed Stop,20240503,445.5,20240510,400.0,-0.032573289902280145,-0.13137893593919647,-0.09880564603691633,-0.03819555215932777,-0.13639732795608386,-0.0982017757967561,False,True
3580,友威科,20260512,20260513,105.0,Close Confirmed Stop,20260515,96.0,20260522,104.0,-0.08571428571428574,-0.00952380952380949,0.07619047619047625,-0.09100983834677721,-0.015269000739982334,0.07574083760679488,False,True
3581,博磊,20260120,20260121,80.8,Close Confirmed Stop,20260123,75.1,20260130,72.3,-0.07054455445544561,-0.10519801980198018,-0.03465346534653457,-0.07591325055040613,-0.11038340837312006,-0.03447015782271394,False,True
3583,辛耘,20230609,20230612,149.0,Trailing Stop,20230615,160.0,20230621,158.0,0.0738255033557047,0.06040268456375841,-0.01342281879194629,0.06761676664516376,0.05425947008212408,-0.013357296563039682,False,True
3583,辛耘,20231201,20231204,232.0,Close Confirmed Stop,20231206,216.5,20231213,213.0,-0.06681034482758619,-0.0818965517241379,-0.015086206896551713,-0.07221760759652124,-0.08720091019237669,-0.014983302595855452,False,True
3583,辛耘,20240122,20240123,221.0,Close Confirmed Stop,20240129,211.5,20240201,218.5,-0.042986425339366474,-0.011312217194570096,0.03167420814479638,-0.04852881839726321,-0.01703100412075097,0.03149781427651224,False,True
3583,辛耘,20240620,20240621,362.0,Close Confirmed Stop,20240625,344.5,20240702,389.0,-0.048342541436464104,0.07458563535911611,0.12292817679558021,-0.05385689358737708,0.06833881433981474,0.12219570792719182,True,True
3587,閎康,20240216,20240219,279.0,Day 8 Time Stop,20240229,271.0,20240229,271.0,-0.028673835125448077,-0.028673835125448077,0.0,-0.034315271595414844,-0.034315271595414844,0.0,False,True
3587,閎康,20260513,20260514,393.0,Close Confirmed Stop,20260515,370.0,20260525,344.0,-0.058524173027989845,-0.12468193384223913,-0.06615776081424929,-0.06395842335379072,-0.129723474540242,-0.06576505118645128,False,True
3588,通嘉,20231115,20231116,78.2,Trailing Stop,20231128,81.7,20231127,81.0,0.04475703324808178,0.03580562659846542,-0.008951406649616356,0.03871822425132476,0.029821618438813282,-0.00889660581251148,False,True
3588,通嘉,20240220,20240221,95.6,Trailing Stop,20240226,104.5,20240304,116.0,0.09309623430962355,0.2133891213389123,0.12029288702928875,0.08677099125375536,0.2063749843866404,0.11960399313288504,False,True
3591,艾笛森,20230523,20230524,26.35,Close Confirmed Stop,20230526,25.45,20230602,25.2,-0.034155597722960285,-0.0436432637571158,-0.009487666034155517,-0.03977068799914851,-0.04916894799225937,-0.009398259993110857,False,True
3591,艾笛森,20241204,20241205,26.75,Close Confirmed Stop,20241217,24.8,20241216,24.85,-0.07289719626168223,-0.07102803738317753,0.0018691588785046953,-0.07825275415339511,-0.07638807597903585,0.0018646781743592578,False,True
3594,磐儀,20230530,20230531,58.1,Day 8 Time Stop,20230609,61.1,20230609,61.1,0.051635111876075834,0.051635111876075834,0.0,0.045542595994919916,0.045542595994919916,0.0,False,True
3596,智易,20220325,20220328,119.0,Day 8 Time Stop,20220408,125.0,20220408,125.0,0.050420168067226934,0.050420168067226934,0.0,0.0443235534213334,0.0443235534213334,0.0,False,True
3596,智易,20220729,20220801,125.5,Day 5 Weakness,20220808,124.5,20220810,134.0,-0.007968127490039834,0.06772908366533859,0.07569721115537842,-0.013724108116016289,0.061524090122557294,0.07524819823857358,True,True
3596,智易,20220808,20220809,131.0,Close Confirmed Stop,20220812,117.0,20220818,115.5,-0.10687022900763354,-0.11832061068702293,-0.011450381679389388,-0.11205479074665241,-0.12341084220097509,-0.011356051454322683,False,True
3596,智易,20230608,20230609,119.0,Day 5 Weakness,20230616,116.5,20230620,118.0,-0.021008403361344574,-0.008403361344537785,0.012605042016806789,-0.026699675626274694,-0.014158298108958111,0.012541377517316583,False,True
3596,智易,20230703,20230704,127.0,Day 8 Time Stop,20230713,126.0,20230713,126.0,-0.007874015748031482,-0.007874015748031482,0.0,-0.013633255701630417,-0.013633255701630417,0.0,False,True
3596,智易,20240313,20240314,188.0,Day 8 Time Stop,20240325,193.5,20240325,193.5,0.0292553191489362,0.0292553191489362,0.0,0.023312755320958552,0.023312755320958552,0.0,False,True
3596,智易,20260625,20260626,195.5,Close Confirmed Stop,20260629,183.0,20260707,193.5,-0.06393861892583119,-0.010230179028132946,0.053708439897698246,-0.06935472108076898,-0.01597537562624544,0.05337934545452354,False,True
3605,宏致,20240828,20240829,54.5,Close Confirmed Stop,20240905,51.4,20240909,51.4,-0.05688073394495419,-0.05688073394495419,0.0,-0.06234606780183202,-0.06234606780183202,0.0,False,True
3605,宏致,20250624,20250625,62.6,Close Confirmed Stop,20250627,58.8,20250704,56.4,-0.060702875399361034,-0.09904153354632594,-0.03833865814696491,-0.06612539729551574,-0.10427201415659362,-0.038146616861077884,False,True
3605,宏致,20250813,20250814,78.3,Close Confirmed Stop,20250815,72.6,20250825,75.1,-0.07279693486590044,-0.040868454661558196,0.03192848020434225,-0.0781585167021023,-0.046406754297250725,0.03175176240485158,False,True
3605,宏致,20260430,20260504,87.5,Close Confirmed Stop,20260505,85.0,20260513,80.3,-0.02857142857142858,-0.0822857142857143,-0.053714285714285714,-0.03420421014168093,-0.08758948740986926,-0.05338527726818833,False,True
3615,安可,20260515,20260518,38.15,Trailing Stop,20260521,42.5,20260527,47.3,0.11402359108781135,0.23984272608125812,0.12581913499344677,0.10758493723065311,0.23266895879269092,0.1250840215620378,False,True
3622,洋華,20240202,20240205,70.9,Close Confirmed Stop,20240215,64.0,20240223,56.9,-0.09732016925246834,-0.1974612129760227,-0.10014104372355437,-0.10255512101811995,-0.2021222960639262,-0.09956717504580626,False,True
3622,洋華,20240322,20240325,64.4,Day 5 Weakness,20240401,63.0,20240403,66.4,-0.021739130434782705,0.03105590062111796,0.052795031055900665,-0.027419050307747047,0.025082678220108956,0.052501728527856006,True,True
3622,洋華,20240402,20240403,67.7,Close Confirmed Stop,20240410,64.1,20240416,59.4,-0.05317577548005925,-0.12259970457902514,-0.06942392909896589,-0.05864964567677577,-0.12767351611496364,-0.06902387043818786,False,True
3624,光頡,20230209,20230210,56.2,Day 8 Time Stop,20230221,56.1,20230221,56.1,-0.001779359430605032,-0.001779359430605032,0.0,-0.007572733036480061,-0.007572733036480061,0.0,False,True
3624,光頡,20260512,20260513,65.2,Trailing Stop,20260521,91.9,20260522,91.5,0.4095092024539877,0.40337423312883436,-0.006134969325153339,0.40135809506595427,0.3952378350621156,-0.006120260003838696,False,True
3628,盈正,20251028,20251029,94.5,Trailing Stop,20251105,95.0,20251107,91.5,0.005291005291005346,-0.031746031746031744,-0.03703703703703709,-0.0005190767064964891,-0.03736732254874512,-0.036848245842248634,False,True
3645,達邁,20250630,20250701,63.7,Close Confirmed Stop,20250707,58.5,20250710,58.0,-0.08163265306122458,-0.0894819466248038,-0.007849293563579218,-0.08693636980482837,-0.09476684502776904,-0.00783047522294067,False,True
3645,達邁,20250804,20250805,72.4,Day 5 Weakness,20250812,70.6,20250814,72.4,-0.024861878453038777,0.0,0.024861878453038777,-0.030506492761010306,-0.005804422155177329,0.024702070605832977,False,True
3663,鑫科,20250617,20250618,62.0,Close Confirmed Stop,20250620,58.9,20250627,62.3,-0.050000000000000044,0.004838709677419395,0.05483870967741944,-0.0554787813743561,-0.0009716203970754682,0.05450716097728063,True,True
3663,鑫科,20250717,20250718,66.6,Close Confirmed Stop,20250721,65.6,20250729,63.7,-0.01501501501501501,-0.043543543543543395,-0.028528528528528385,-0.020708070813078853,-0.049068255099548326,-0.028360184286469473,False,True
3665,貿聯-KY,20230216,20230217,278.0,Close Confirmed Stop,20230223,275.5,20230302,283.0,-0.008992805755395739,0.017985611510791477,0.026978417266187216,-0.014728355075942862,0.012084600157393642,0.026812955233336502,True,True
3665,貿聯-KY,20240604,20240605,289.5,Close Confirmed Stop,20240607,276.5,20240617,351.0,-0.04490500863557856,0.21243523316062185,0.2573402417962004,-0.05041131761538307,0.20544082609165754,0.2558521437070406,True,True
3665,貿聯-KY,20240614,20240617,330.0,Trailing Stop,20240624,335.0,20240626,360.5,0.015151515151515138,0.09242424242424252,0.07727272727272738,0.009284943362350005,0.08610318172801162,0.07681823836566162,False,True
3673,TPK-KY,20230414,20230417,38.4,Trailing Stop,20230421,38.9,20230426,37.2,0.01302083333333326,-0.03124999999999989,-0.04427083333333315,0.007158309781918889,-0.03687303360357415,-0.04403134338549304,False,True
3673,TPK-KY,20230601,20230602,43.5,Close Confirmed Stop,20230605,42.8,20230613,42.7,-0.016091954022988575,-0.018390804597701038,-0.0022988505747124632,-0.02178765327697815,-0.024080992119834176,-0.002293338842856027,False,True
3673,TPK-KY,20230621,20230626,45.15,Day 5 Weakness,20230703,44.8,20230705,45.55,-0.007751937984496138,0.008859357696566983,0.01661129568106312,-0.013500188812797211,0.0030045618126573327,0.016504750625454544,True,True
3673,TPK-KY,20240401,20240402,38.1,Day 8 Time Stop,20240415,38.05,20240415,38.05,-0.001312335958005395,-0.001312335958005395,0.0,-0.00710784363254183,-0.00710784363254183,0.0,False,True
3673,TPK-KY,20250508,20250509,31.85,Day 8 Time Stop,20250520,32.15,20250520,32.15,0.009419152276294973,0.009419152276294973,0.0,0.0035635975244137667,0.0035635975244137667,0.0,False,True
3673,TPK-KY,20251112,20251113,42.4,Close Confirmed Stop,20251120,41.35,20251124,40.65,-0.024764150943396124,-0.041273584905660354,-0.01650943396226423,-0.030404901674702244,-0.04680803467417944,-0.016403132999477196,False,True
3673,TPK-KY,20260416,20260417,69.0,Trailing Stop,20260422,71.1,20260428,60.1,0.030434782608695476,-0.1289855072463768,-0.15942028985507228,0.02449639598524023,-0.13400815781114167,-0.1585045537963819,False,True
3673,TPK-KY,20260522,20260525,78.5,Trailing Stop,20260529,81.7,20260603,94.0,0.040764331210191074,0.197452229299363,0.15668789808917194,0.034762924852928326,0.190540890285353,0.15577796543242467,False,True
3675,德微,20230214,20230215,252.0,Trailing Stop,20230222,260.0,20230224,256.5,0.031746031746031855,0.017857142857142794,-0.013888888888889062,0.025777110791767466,0.011955139907211193,-0.013821970884556273,False,True
3675,德微,20230303,20230306,299.5,Close Confirmed Stop,20230314,284.0,20230315,290.0,-0.05175292153589317,-0.03171953255425708,0.02003338898163609,-0.057227022584393314,-0.03734168668592742,0.019885335898465896,False,True
3680,家登,20230306,20230307,315.0,Day 5 Weakness,20230314,311.5,20230316,324.0,-0.011111111111111072,0.02857142857142847,0.03968253968253954,-0.016852496544106484,0.02263478818730991,0.0394872847314164,True,True
3680,家登,20260106,20260107,425.5,Day 5 Weakness,20260114,431.0,20260116,426.5,0.01292596944770863,0.00235017626321965,-0.01057579318448898,0.007075687171782193,-0.003441202261658298,-0.010516889433440492,False,True
3689,湧德,20240704,20240705,83.3,Close Confirmed Stop,20240710,79.3,20240716,84.4,-0.04801920768307322,0.013205282112845218,0.061224489795918435,-0.05350768195768107,0.007336247370975044,0.060843929328656114,True,True
3689,湧德,20240717,20240718,87.2,Close Confirmed Stop,20240723,82.1,20240731,73.2,-0.05848623853211021,-0.16055045871559637,-0.10206422018348615,-0.06391563983138938,-0.16540125242969383,-0.10148561259830445,False,True
3689,湧德,20240828,20240829,89.0,Close Confirmed Stop,20240904,83.0,20240909,83.8,-0.0674157303370787,-0.05842696629213484,0.008988764044943864,-0.07282438359516528,-0.06385717392268395,0.008967209672481338,False,True
3689,湧德,20250218,20250219,108.0,Close Confirmed Stop,20250224,103.0,20250303,101.0,-0.04629629629629628,-0.06481481481481477,-0.01851851851851849,-0.051820927730753925,-0.07022828290192137,-0.01840735517116745,False,True
3689,湧德,20250606,20250609,99.9,Day 5 Weakness,20250616,99.8,20250618,100.5,-0.0010010010010010895,0.006006006006005871,0.00700700700700696,-0.006794289078657611,0.00019592182719110597,0.006990210905848717,True,True
3689,湧德,20250804,20250805,101.5,Day 8 Time Stop,20250814,115.0,20250814,115.0,0.13300492610837433,0.13300492610837433,0.0,0.12641997595919977,0.12641997595919977,0.0,False,True
3689,湧德,20251226,20251229,116.0,Trailing Stop,20260108,123.0,20260108,123.0,0.06034482758620685,0.06034482758620685,0.0,0.05419892900643617,0.05419892900643617,0.0,False,True
3689,湧德,20260408,20260409,126.0,Trailing Stop,20260417,135.5,20260420,136.5,0.07539682539682535,0.08333333333333326,0.007936507936507908,0.06917248681792337,0.07705651865300872,0.007884031835085348,False,True
3693,營邦,20230414,20230417,180.5,Trailing Stop,20230426,186.0,20230426,178.5,0.030470914127423754,-0.011080332409972304,-0.04155124653739606,0.024501313332731114,-0.016817017904671216,-0.041318331237402334,False,True
3694,海華,20231123,20231124,45.0,Trailing Stop,20231127,44.8,20231205,41.35,-0.004444444444444473,-0.08111111111111113,-0.07666666666666666,-0.010196158399465255,-0.08644581145456287,-0.07624965305509762,False,True
3694,海華,20240527,20240528,56.5,Close Confirmed Stop,20240531,52.8,20240606,50.5,-0.06548672566371683,-0.10619469026548678,-0.04070796460176995,-0.07089515120663331,-0.11137213210615472,-0.04047698089952141,False,True
3694,海華,20241224,20241225,57.1,Trailing Stop,20250102,56.3,20250106,57.1,-0.014010507880910739,0.0,0.014010507880910739,-0.019712144857779394,-0.005801980543536091,0.013910164314243302,False,True
3694,海華,20250224,20250225,62.4,Trailing Stop,20250304,63.7,20250307,59.4,0.02083333333333348,-0.04807692307692313,-0.06891025641025661,0.014918740951509456,-0.053559597614878926,-0.06847833856638838,False,True
3694,海華,20250611,20250612,59.7,Close Confirmed Stop,20250616,58.1,20250623,58.3,-0.02680067001675046,-0.02345058626465668,0.00335008375209378,-0.03243222883391648,-0.02912349611077728,0.0033087327231391996,False,True
3701,大眾控,20230410,20230411,54.2,Trailing Stop,20230421,57.0,20230420,57.0,0.05166051660516602,0.05166051660516602,0.0,0.04556752641186884,0.04556752641186884,0.0,False,True
3701,大眾控,20231115,20231116,70.6,Close Confirmed Stop,20231127,68.4,20231127,64.8,-0.03116147308781858,-0.0821529745042493,-0.05099150141643072,-0.03678688612440865,-0.0874559766053317,-0.05066909048092306,False,True
3701,大眾控,20260421,20260422,74.7,Close Confirmed Stop,20260424,73.4,20260504,66.6,-0.01740294511378848,-0.10843373493975916,-0.09103078982597068,-0.023092178342140245,-0.11360471139470091,-0.09051253305256066,False,True
3702,大聯大,20230519,20230522,52.0,Day 8 Time Stop,20230531,53.2,20230531,53.2,0.023076923076923217,0.023076923076923217,0.0,0.017156952174891948,0.017156952174891948,0.0,False,True
3702,大聯大,20230704,20230705,56.4,Day 8 Time Stop,20230714,58.3,20230714,58.3,0.03368794326241131,0.03368794326241131,0.0,0.027708724450830273,0.027708724450830273,0.0,False,True
3702,大聯大,20230915,20230918,59.3,Day 8 Time Stop,20230927,60.0,20230927,60.0,0.01180438448566612,0.01180438448566612,0.0,0.0059440724947190104,0.0059440724947190104,0.0,False,True
3702,大聯大,20240307,20240308,96.2,Close Confirmed Stop,20240315,85.7,20240319,91.0,-0.10914760914760913,-0.05405405405405406,0.05509355509355507,-0.11432100758534398,-0.05952644072011706,0.05479456686522692,False,True
3702,大聯大,20260226,20260302,69.0,Close Confirmed Stop,20260303,67.5,20260311,72.8,-0.021739130434782594,0.05507246376811592,0.07681159420289851,-0.027419050307746808,0.04894162474482251,0.07636067505256933,True,True
3702,大聯大,20260305,20260306,70.1,Day 8 Time Stop,20260317,90.0,20260317,90.0,0.28388017118402287,0.28388017118402287,0.0,0.2764650156997589,0.2764650156997589,0.0,False,True
3702,大聯大,20260318,20260319,92.6,Close Confirmed Stop,20260323,89.4,20260330,90.4,-0.03455723542116618,-0.023758099352051754,0.010799136069114423,-0.040177539380405976,-0.029437685056630452,0.010739854323775524,False,True
3703,欣陸,20240409,20240410,32.4,Close Confirmed Stop,20240417,31.85,20240419,39.1,-0.016975308641975273,0.20679012345679015,0.22376543209876543,-0.022663665530786237,0.1998323502255937,0.22249601575637995,True,True
3704,合勤控,20230213,20230214,39.95,Day 8 Time Stop,20230223,39.55,20230223,39.55,-0.010012515644555853,-0.010012515644555853,0.0,-0.01575182358290883,-0.01575182358290883,0.0,False,True
3704,合勤控,20230530,20230531,44.95,Close Confirmed Stop,20230605,43.3,20230609,42.1,-0.036707452725250445,-0.06340378197997776,-0.026696329254727313,-0.04225257181224647,-0.06881818278280791,-0.02656561097056144,False,True
3704,合勤控,20230704,20230705,54.1,Day 8 Time Stop,20230714,61.8,20230714,61.8,0.14232902033271722,0.14232902033271722,0.0,0.13571807498455593,0.13571807498455593,0.0,False,True
3704,合勤控,20231130,20231201,55.8,Close Confirmed Stop,20231207,53.0,20231212,52.7,-0.05017921146953397,-0.05555555555555547,-0.005376344086021501,-0.055655341498173166,-0.061018797866650654,-0.005363456368477487,False,True
3704,合勤控,20260526,20260527,45.65,Day 8 Time Stop,20260605,47.7,20260605,47.7,0.04490690032858713,0.04490690032858713,0.0,0.038867178084884546,0.038867178084884546,0.0,False,True
3706,神達,20230704,20230705,37.6,Close Confirmed Stop,20230707,35.3,20230714,47.5,-0.06117021276595758,0.26329787234042556,0.32446808510638314,-0.06658636298310873,0.2560042819182267,0.32259064490133543,True,True
3706,神達,20231121,20231122,41.7,Close Confirmed Stop,20231123,40.8,20231201,41.4,-0.021582733812949728,-0.007194244604316613,0.014388489208633115,-0.02726370026161163,-0.012943059268299762,0.014320640993311868,False,True
3706,神達,20240122,20240123,46.8,Close Confirmed Stop,20240126,45.4,20240201,44.65,-0.02991452991452992,-0.04594017094017089,-0.01602564102564097,-0.03554076501822761,-0.05146130793301258,-0.015920542914784973,False,True
3706,神達,20240319,20240320,50.5,Trailing Stop,20240325,55.0,20240329,51.5,0.08910891089108919,0.01980198019801982,-0.06930693069306937,0.0827965029799061,0.013889148942743885,-0.06890735403716221,False,True
3706,神達,20240521,20240522,48.3,Day 8 Time Stop,20240531,47.5,20240531,47.5,-0.0165631469979296,-0.0165631469979296,0.0,-0.022255475583422654,-0.022255475583422654,0.0,False,True
3706,神達,20240711,20240712,48.85,Close Confirmed Stop,20240719,47.4,20240723,44.8,-0.029682702149437135,-0.08290685772773809,-0.05322415557830096,-0.03531034864395323,-0.08820681917576802,-0.05289647053181479,False,True
3706,神達,20250701,20250702,69.4,Day 5 Weakness,20250709,67.8,20250711,67.6,-0.023054755043227737,-0.025936599423631246,-0.0028818443804035088,-0.02873582785240908,-0.03157737678379031,-0.0028415489313812284,False,True
3706,神達,20250721,20250722,76.0,Trailing Stop,20250728,76.5,20250731,76.6,0.006578947368421018,0.007894736842105177,0.001315789473684159,0.0007641913824692167,0.0020768263957273068,0.00131263501325809,False,True
3706,神達,20251030,20251031,99.7,Trailing Stop,20251105,91.6,20251111,96.4,-0.08124373119358086,-0.033099297893681046,0.048144433299899814,-0.08655174244313633,-0.03872307308615693,0.0478286693569794,False,True
3706,神達,20260311,20260312,83.1,Close Confirmed Stop,20260323,79.1,20260323,79.3,-0.048134777376654614,-0.04572803850782192,0.002406738868832692,-0.05362162040910978,-0.051254032490110346,0.0023675879189994364,False,True
3706,神達,20260506,20260507,88.4,Close Confirmed Stop,20260514,82.4,20260518,80.1,-0.0678733031674208,-0.09389140271493224,-0.026018099547511442,-0.07327333833360533,-0.09912910241332508,-0.025855764079719748,False,True
3706,神達,20260529,20260601,90.8,Trailing Stop,20260605,92.5,20260610,86.1,0.018722466960352513,-0.05176211453744495,-0.07048458149779746,0.012847812521537461,-0.05723452177707074,-0.0700823342986082,False,True
3707,漢磊,20220608,20220609,134.5,Close Confirmed Stop,20220616,129.0,20220620,108.5,-0.040892193308550207,-0.19330855018587356,-0.15241635687732336,-0.04643669267160493,-0.1979858170629813,-0.15154912439137636,False,True
3707,漢磊,20221115,20221116,101.5,Day 5 Weakness,20221123,99.8,20221125,96.0,-0.016748768472906406,-0.054187192118226646,-0.03743842364532024,-0.022441087573997747,-0.05965635345729697,-0.03721526588329922,False,True
3707,漢磊,20230130,20230131,95.0,Day 8 Time Stop,20230209,98.3,20230209,98.3,0.03473684210526318,0.03473684210526318,0.0,0.02875204913417063,0.02875204913417063,0.0,False,True
3707,漢磊,20240823,20240826,66.6,Close Confirmed Stop,20240830,63.5,20240904,59.3,-0.04654654654654644,-0.10960960960960953,-0.06306306306306309,-0.052064059773483544,-0.11477603769429318,-0.06271197792080963,False,True
3707,漢磊,20260318,20260319,61.3,Close Confirmed Stop,20260320,61.4,20260330,51.7,0.0016313213703100793,-0.15660685154975518,-0.15823817292006526,-0.004175333398156514,-0.16149997410896424,-0.15732464071080773,False,True
3707,漢磊,20260422,20260423,63.1,Close Confirmed Stop,20260424,59.0,20260505,75.5,-0.0649762282091918,0.19651347068145797,0.26148969889064977,-0.07039009119247383,0.1896045185924325,0.2599946097849063,True,True
3707,漢磊,20260504,20260505,69.7,Trailing Stop,20260507,73.2,20260514,80.0,0.050215208034433356,0.14777618364418932,0.09756097560975596,0.04412340172859202,0.14111646439086656,0.09699306266227453,False,True
3709,鑫聯大投控,20251113,20251114,58.5,Trailing Stop,20251119,60.9,20251125,55.0,0.0410256410256411,-0.05982905982905984,-0.10085470085470094,0.03502930190726462,-0.06525022111124261,-0.10027952301850723,False,True
3711,日月光投控,20220105,20220106,110.0,Close Confirmed Stop,20220111,107.0,20220117,108.0,-0.027272727272727226,-0.018181818181818188,0.009090909090909038,-0.03290923946128933,-0.023873503433691663,0.00903573602759767,False,True
3711,日月光投控,20221111,20221114,91.5,Day 8 Time Stop,20221123,95.8,20221123,95.8,0.04699453551912569,0.04699453551912569,0.0,0.04094638815979509,0.04094638815979509,0.0,False,True
3711,日月光投控,20221201,20221202,100.0,Close Confirmed Stop,20221209,98.3,20221213,96.3,-0.017000000000000015,-0.03700000000000003,-0.020000000000000018,-0.02269701321559411,-0.04254885962480668,-0.01985184640921257,False,True
3711,日月光投控,20230130,20230131,104.0,Close Confirmed Stop,20230201,101.0,20230209,106.0,-0.028846153846153855,0.019230769230769162,0.04807692307692302,-0.03447495014995014,0.013353358703781485,0.04782830885373163,True,True
3711,日月光投控,20230203,20230206,104.5,Day 8 Time Stop,20230215,104.5,20230215,104.5,0.0,0.0,0.0,-0.005806229947675435,-0.005806229947675435,0.0,False,True
3711,日月光投控,20230518,20230519,109.5,Day 5 Weakness,20230526,109.0,20230530,111.5,-0.004566210045662156,0.0182648401826484,0.022831050228310557,-0.010327256930829806,0.012382232423302036,0.02270948935413184,True,True
3711,日月光投控,20230530,20230531,110.5,Day 8 Time Stop,20230609,126.0,20230609,126.0,0.14027149321266963,0.14027149321266963,0.0,0.1336695551476701,0.1336695551476701,0.0,False,True
3711,日月光投控,20231113,20231114,123.5,Day 8 Time Stop,20231123,127.0,20231123,127.0,0.028340080971659853,0.028340080971659853,0.0,0.022399062150222988,0.022399062150222988,0.0,False,True
3711,日月光投控,20241015,20241016,163.5,Day 8 Time Stop,20241025,162.0,20241025,162.0,-0.00917431192660545,-0.00917431192660545,0.0,-0.014920907341247468,-0.014920907341247468,0.0,False,True
3711,日月光投控,20250107,20250108,175.0,Close Confirmed Stop,20250110,165.0,20250117,166.0,-0.05714285714285716,-0.05142857142857138,0.005714285714285783,-0.06260702424422913,-0.05690643934938251,0.005700584894846622,False,True
3711,日月光投控,20251017,20251020,193.5,Day 8 Time Stop,20251030,225.0,20251030,225.0,0.16279069767441867,0.16279069767441867,0.0,0.15604645840749787,0.15604645840749787,0.0,False,True
3712,永崴投控,20240124,20240125,43.7,Day 5 Weakness,20240201,43.55,20240205,41.95,-0.003432494279176357,-0.040045766590389054,-0.0366132723112127,-0.009191094758117555,-0.04558314798913124,-0.03639205323101369,False,True
3712,永崴投控,20240220,20240221,45.2,Day 8 Time Stop,20240304,47.8,20240304,47.8,0.05752212389380529,0.05752212389380529,0.0,0.0513883112397794,0.0513883112397794,0.0,False,True
3712,永崴投控,20240412,20240415,46.95,Trailing Stop,20240417,46.5,20240424,46.05,-0.009584664536741228,-0.019169329073482566,-0.009584664536741339,-0.015326052502352264,-0.024854402432885322,-0.009528349930533059,False,True
4114,健喬,20221108,20221109,35.6,Close Confirmed Stop,20221116,35.25,20221118,36.1,-0.0098314606741573,0.014044943820224809,0.02387640449438211,-0.01557407845726489,0.008178375869663735,0.023752454326928626,True,True
4114,健喬,20221116,20221117,36.5,Day 8 Time Stop,20221128,36.2,20221128,36.2,-0.008219178082191747,-0.008219178082191747,0.0,-0.013962282944381635,-0.013962282944381635,0.0,False,True
4114,健喬,20221205,20221206,39.3,Day 8 Time Stop,20221215,50.8,20221215,50.8,0.2926208651399491,0.2926208651399491,0.0,0.28515365929738,0.28515365929738,0.0,False,True
4114,健喬,20230417,20230418,49.1,Close Confirmed Stop,20230421,46.5,20230427,45.8,-0.052953156822810654,-0.06720977596741351,-0.014256619144602856,-0.05842426108721343,-0.07261336171955869,-0.014189100632345263,False,True
4123,晟德,20230607,20230608,55.0,Day 5 Weakness,20230615,53.4,20230619,52.8,-0.029090909090909167,-0.040000000000000036,-0.010909090909090868,-0.03472306180645294,-0.04553924448099436,-0.010816182674541423,False,True
4123,晟德,20230705,20230706,57.5,Day 5 Weakness,20230713,55.2,20230717,59.2,-0.039999999999999925,0.029565217391304355,0.06956521739130428,-0.045534713419400775,0.023630403983138974,0.06916511740253975,True,True
4123,晟德,20240617,20240618,52.4,Day 8 Time Stop,20240627,52.9,20240627,52.9,0.009541984732824416,0.009541984732824416,0.0,0.0036837500743101244,0.0036837500743101244,0.0,False,True
4123,晟德,20260703,20260706,40.0,Close Confirmed Stop,20260714,38.15,20260716,38.0,-0.04625000000000001,-0.050000000000000044,-0.003750000000000031,-0.05176942939727937,-0.055477108828889565,-0.0037076794316101974,False,True
4128,中天,20221118,20221121,64.9,Day 8 Time Stop,20221130,68.4,20221130,68.4,0.05392912172573183,0.05392912172573183,0.0,0.047797381799868185,0.047797381799868185,0.0,False,True
4129,聯合,20230608,20230609,75.0,Close Confirmed Stop,20230612,76.6,20230620,75.0,0.021333333333333204,0.0,-0.021333333333333204,0.015414047320504295,-0.005801396039133096,-0.02121544335963739,False,True
4129,聯合,20230725,20230726,82.4,Close Confirmed Stop,20230727,74.7,20230807,67.5,-0.09344660194174759,-0.1808252427184467,-0.0873786407766991,-0.09869182804622981,-0.1855604802749171,-0.08686865222868728,False,True
4147,中裕,20230413,20230414,106.0,Close Confirmed Stop,20230417,103.0,20230425,112.0,-0.028301886792452824,0.05660377358490565,0.08490566037735847,-0.03393938883724169,0.05046199805892269,0.08440138689616437,True,True
4155,訊映,20230201,20230202,31.15,Day 8 Time Stop,20230213,33.4,20230213,33.4,0.07223113964687,0.07223113964687,0.0,0.06602856960117023,0.06602856960117023,0.0,False,True
4162,智擎,20221116,20221117,130.0,Trailing Stop,20221123,134.0,20221128,137.5,0.03076923076923066,0.05769230769230771,0.02692307692307705,0.024824075960443597,0.05154899989646636,0.02672492393602276,False,True
4164,承業醫,20230306,20230307,68.5,Trailing Stop,20230313,66.9,20230316,68.3,-0.023357664233576547,-0.0029197080291971655,0.02043795620437938,-0.029035134248537577,-0.008679537921696092,0.020355596326841485,False,True
4164,承業醫,20250224,20250225,59.9,Close Confirmed Stop,20250227,56.7,20250307,52.6,-0.05342237061769606,-0.12186978297161932,-0.06844741235392326,-0.058892469479310025,-0.12694239620964937,-0.06804992673033934,False,True
4167,松瑞藥,20240513,20240514,23.0,Day 5 Weakness,20240521,22.9,20240523,22.05,-0.004347826086956608,-0.04130434782608694,-0.03695652173913033,-0.01009989714094193,-0.04683454739498722,-0.03673465025404529,False,True
4167,松瑞藥,20240617,20240618,25.1,Close Confirmed Stop,20240620,23.95,20240627,26.15,-0.045816733067729154,0.041832669322709126,0.08764940239043828,-0.0513360679902863,0.035803347913874135,0.08713941590416044,True,True
4167,松瑞藥,20260123,20260126,22.2,Close Confirmed Stop,20260129,20.75,20260204,20.95,-0.06531531531531531,-0.056306306306306286,0.009009009009009028,-0.0707211989083022,-0.06176710492513483,0.008954093983167363,False,True
4168,醣聯,20221118,20221121,32.0,Trailing Stop,20221128,31.75,20221130,31.8,-0.0078125,-0.006249999999999978,0.0015625000000000222,-0.013558400040114575,-0.011999645795258961,0.001558754244855614,False,True
4303,信立,20241017,20241018,49.0,Close Confirmed Stop,20241022,48.05,20241029,46.4,-0.019387755102040827,-0.053061224489796,-0.03367346938775517,-0.025074182966717627,-0.05853350357038506,-0.033459320603667436,False,True
4303,信立,20250217,20250218,57.7,Trailing Stop,20250226,61.7,20250227,62.3,0.06932409012131724,0.07972270363951472,0.010398613518197486,0.06312577871550962,0.07346611662316509,0.01034033790765547,False,True
4306,炎洲,20240607,20240611,20.8,Day 5 Weakness,20240618,20.7,20240620,20.9,-0.004807692307692402,0.004807692307692291,0.009615384615384692,-0.010560795723084508,-0.00100180196327588,0.00955899375980863,True,True
4306,炎洲,20240704,20240705,21.65,Day 8 Time Stop,20240716,21.9,20240716,21.9,0.011547344110854452,0.011547344110854452,0.0,0.0056898381338854115,0.0056898381338854115,0.0,False,True
4426,利勤,20220825,20220826,32.8,Close Confirmed Stop,20220905,31.15,20220906,30.2,-0.05030487804878048,-0.07926829268292679,-0.02896341463414631,-0.05578288071262224,-0.08461016710144421,-0.028827286388821975,False,True
4510,高鋒,20250813,20250814,52.0,Trailing Stop,20250821,52.0,20250825,53.0,0.0,0.019230769230769162,0.019230769230769162,-0.005797968870524252,0.013353358703781485,0.019151327574305738,True,True
4510,高鋒,20260526,20260527,52.2,Close Confirmed Stop,20260528,48.9,20260605,49.4,-0.06321839080459779,-0.05363984674329514,0.009578544061302652,-0.06863015094390285,-0.05910789603042612,0.009522254913476726,False,True
4526,東台,20250221,20250224,35.0,Day 5 Weakness,20250304,33.65,20250306,33.6,-0.03857142857142859,-0.039999999999999925,-0.0014285714285713347,-0.04410926486136235,-0.04553441175176539,-0.0014251468904030382,False,True
4526,東台,20250513,20250514,26.8,Day 5 Weakness,20250521,26.9,20250523,27.25,0.003731343283581934,0.01679104477611948,0.013059701492537545,-0.0020742517094780918,0.010920815301177786,0.012995067010655878,False,True
4526,東台,20260116,20260119,36.35,Day 8 Time Stop,20260128,36.2,20260128,36.2,-0.004126547455295726,-0.004126547455295726,0.0,-0.009881233508478743,-0.009881233508478743,0.0,False,True
4532,瑞智,20240523,20240524,30.0,Day 5 Weakness,20240531,29.2,20240604,29.2,-0.026666666666666727,-0.026666666666666727,0.0,-0.03229847290930912,-0.03229847290930912,0.0,False,True
4532,瑞智,20260703,20260706,29.6,Close Confirmed Stop,20260708,28.25,20260716,25.4,-0.045608108108108114,-0.141891891891892,-0.09628378378378388,-0.05112965512142968,-0.14684925855902511,-0.09571960343759543,False,True
4533,協易機,20240521,20240522,48.95,Close Confirmed Stop,20240523,43.85,20240531,50.9,-0.10418794688457611,0.0398365679264554,0.1440245148110315,-0.10936879601294386,0.03384378493387325,0.1432125809468171,True,True
4533,協易機,20250221,20250224,40.1,Day 5 Weakness,20250304,38.6,20250306,38.85,-0.03740648379052369,-0.03117206982543641,0.006234413965087282,-0.042947752437207595,-0.03679495800576711,0.006152794431440484,False,True
4540,全球傳動,20250224,20250225,59.8,Close Confirmed Stop,20250304,55.1,20250307,51.7,-0.07859531772575246,-0.13545150501672232,-0.05685618729096986,-0.08393723957485982,-0.14045714411725924,-0.05651990454239941,False,True
4540,全球傳動,20250815,20250818,43.8,Trailing Stop,20250821,43.6,20250827,45.1,-0.004566210045662045,0.029680365296803846,0.03424657534246589,-0.01031898794097231,0.023745495807375606,0.03406448374834792,True,True
4543,萬在,20240517,20240520,60.0,Trailing Stop,20240524,63.8,20240529,72.9,0.06333333333333324,0.21500000000000008,0.15166666666666684,0.05718188349386332,0.20798463675132436,0.15080275325746104,False,True
4551,智伸科,20250806,20250807,163.0,Day 5 Weakness,20250814,163.0,20250818,162.5,0.0,-0.0030674846625766694,-0.0030674846625766694,-0.005780154276936855,-0.008840280261388032,-0.0030601259844511763,False,True
4576,大銀微系統,20241021,20241022,139.0,Trailing Stop,20241101,136.0,20241101,140.0,-0.021582733812949617,0.007194244604316502,0.02877697841726612,-0.027270629736439088,0.0013705068202055342,0.028641136556644624,True,True
4576,大銀微系統,20241225,20241226,159.0,Close Confirmed Stop,20241230,156.0,20250107,143.5,-0.018867924528301883,-0.09748427672955973,-0.07861635220125784,-0.024561456959890187,-0.10272202492078207,-0.07816056796089188,False,True
4576,大銀微系統,20250206,20250207,166.5,Close Confirmed Stop,20250214,156.0,20250218,168.5,-0.06306306306306309,0.012012012012011963,0.07507507507507505,-0.06847434540285091,0.00615421113642338,0.07462855653927429,True,True
4576,大銀微系統,20250514,20250515,140.0,Day 5 Weakness,20250522,135.0,20250526,133.5,-0.0357142857142857,-0.046428571428571375,-0.010714285714285676,-0.04132563339195156,-0.05194757275857961,-0.010621939366628051,False,True
4722,國精化,20250609,20250610,69.2,Trailing Stop,20250620,70.7,20250619,70.9,0.021676300578034713,0.024566473988439252,0.0028901734104045396,0.015761187035327084,0.018644432327876877,0.002883245292549793,False,True
4722,國精化,20251223,20251224,192.0,Day 5 Weakness,20260102,187.5,20260106,175.0,-0.0234375,-0.08854166666666663,-0.06510416666666663,-0.029112602433983944,-0.09382731558682232,-0.06471471315283837,False,True
4722,國精化,20260226,20260302,210.0,Close Confirmed Stop,20260303,199.5,20260311,178.5,-0.050000000000000044,-0.15000000000000002,-0.09999999999999998,-0.05549390492608949,-0.15491912415251308,-0.09942521922642358,False,True
4726,永昕,20240618,20240619,59.0,Trailing Stop,20240628,60.5,20240628,59.0,0.025423728813559254,0.0,-0.025423728813559254,0.01949307948248777,-0.00580292121028685,-0.025296000692774618,False,True
4743,合一,20221111,20221114,256.0,Day 8 Time Stop,20221123,289.5,20221123,289.5,0.130859375,0.130859375,0.0,0.12428093837050913,0.12428093837050913,0.0,False,True
4743,合一,20230208,20230209,292.5,Close Confirmed Stop,20230215,274.0,20230220,280.0,-0.06324786324786325,-0.042735042735042694,0.02051282051282055,-0.06867471069141012,-0.04827803882171566,0.02039667186969446,False,True
4743,合一,20230413,20230414,280.0,Day 5 Weakness,20230421,270.5,20230425,242.0,-0.03392857142857142,-0.13571428571428568,-0.10178571428571426,-0.03954419977894767,-0.14071927300749673,-0.10117507322854906,False,True
4743,合一,20231108,20231109,228.0,Trailing Stop,20231113,223.0,20231120,206.0,-0.021929824561403466,-0.0964912280701754,-0.07456140350877194,-0.02761901189266372,-0.10173411664671994,-0.07411510475405622,False,True
4743,合一,20250825,20250826,74.3,Close Confirmed Stop,20250901,70.3,20250904,74.8,-0.053835800807537026,0.006729475100942128,0.060565275908479155,-0.05930575677620106,0.0009142185634063939,0.060219975339607455,True,True
4743,合一,20260113,20260114,72.7,Day 5 Weakness,20260121,70.8,20260123,69.5,-0.02613480055020645,-0.044016506189821225,-0.017881705639614776,-0.03177004748400577,-0.049542206485511636,-0.017772159001505868,False,True
4743,合一,20260706,20260707,58.8,Close Confirmed Stop,20260708,58.3,20260717,48.6,-0.008503401360544172,-0.173469387755102,-0.16496598639455784,-0.01425051078822865,-0.17825376429260442,-0.16400325350437578,False,True
4746,台耀,20230406,20230407,79.7,Day 8 Time Stop,20230418,83.9,20230418,83.9,0.05269761606022594,0.05269761606022594,0.0,0.04657531449256633,0.04657531449256633,0.0,False,True
4746,台耀,20231117,20231120,95.2,Day 8 Time Stop,20231129,101.5,20231129,101.5,0.06617647058823528,0.06617647058823528,0.0,0.05997844080096937,0.05997844080096937,0.0,False,True
4763,材料-KY,20221117,20221118,153.5,Day 8 Time Stop,20221129,167.5,20221129,167.5,0.0912052117263844,0.0912052117263844,0.0,0.08488584396051557,0.08488584396051557,0.0,False,True
4763,材料-KY,20230111,20230112,251.0,Trailing Stop,20230202,273.0,20230202,269.5,0.08764940239043817,0.07370517928286846,-0.013944223107569709,0.08136319944432228,0.06748585271795357,-0.013877346726368714,False,True
4763,材料*-KY,20260603,20260604,44.15,Close Confirmed Stop,20260609,42.8,20260615,44.8,-0.0305775764439411,0.014722536806341946,0.04530011325028305,-0.03620447563715719,0.008853587639083086,0.045058063276240276,True,True
4763,材料*-KY,20260623,20260624,46.4,Close Confirmed Stop,20260625,45.35,20260703,51.3,-0.022629310344827513,0.1056034482758621,0.1282327586206896,-0.028309335611349885,0.09921557035439024,0.12752490596574012,True,True
4764,雙鍵,20260415,20260416,190.0,Trailing Stop,20260423,218.0,20260427,218.0,0.1473684210526316,0.1473684210526316,0.0,0.14069924741805276,0.14069924741805276,0.0,False,True
4904,遠傳,20231130,20231201,82.5,Day 5 Weakness,20231208,82.1,20231212,80.0,-0.00484848484848488,-0.030303030303030276,-0.025454545454545396,-0.010602055939843457,-0.035928887986349176,-0.025326832046505716,False,True
4904,遠傳,20240702,20240703,90.0,Day 5 Weakness,20240710,80.2,20240712,79.2,-0.10888888888888881,-0.12,-0.011111111111111183,-0.11405704457254878,-0.1251082018274708,-0.011051157254922006,False,True
4904,遠傳,20260223,20260224,94.8,Close Confirmed Stop,20260302,92.8,20260306,93.0,-0.021097046413502074,-0.01898734177215189,0.002109704641350185,-0.026777162978967012,-0.024672515762386472,0.0021046472165805394,False,True
4906,正文,20220606,20220607,31.4,Day 5 Weakness,20220614,30.8,20220616,30.55,-0.019108280254776955,-0.027070063694267454,-0.0079617834394905,-0.02479331349251656,-0.03270267461392742,-0.007909361121410857,False,True
4906,正文,20230417,20230418,32.25,Close Confirmed Stop,20230424,31.05,20230427,30.95,-0.037209302325581395,-0.04031007751937987,-0.0031007751937984773,-0.042750373699550905,-0.04584371579757189,-0.003093342098020986,False,True
4906,正文,20230529,20230530,31.2,Trailing Stop,20230609,31.4,20230608,31.15,0.0064102564102563875,-0.0016025641025640969,-0.008012820512820484,0.0005969203391404465,-0.007396691172940337,-0.007993611512080783,False,True
4906,正文,20240520,20240521,35.15,Day 8 Time Stop,20240530,38.0,20240530,38.0,0.08108108108108114,0.08108108108108114,0.0,0.07482144281320066,0.07482144281320066,0.0,False,True
4908,前鼎,20240522,20240523,108.5,Trailing Stop,20240530,108.0,20240603,109.0,-0.004608294930875556,0.004608294930875667,0.009216589861751223,-0.010362630371549863,-0.001201482755771109,0.009161147615778754,True,True
4908,前鼎,20240627,20240628,115.0,Close Confirmed Stop,20240703,109.0,20240709,108.5,-0.05217391304347829,-0.05652173913043479,-0.004347826086956497,-0.057652987953336114,-0.06199038805152637,-0.004337400098190253,False,True
4908,前鼎,20240830,20240902,106.5,Close Confirmed Stop,20240904,95.0,20240911,98.8,-0.107981220657277,-0.07230046948356805,0.03568075117370895,-0.11315647486530514,-0.07766137805066262,0.035495096814642524,False,True
4909,新復興,20260420,20260421,67.6,Close Confirmed Stop,20260423,64.1,20260430,54.8,-0.05177514792899407,-0.18934911242603547,-0.1375739644970414,-0.05724957803171683,-0.1940602332872409,-0.13681065525552405,False,True
4915,致伸,20221123,20221124,58.5,Close Confirmed Stop,20221130,56.7,20221205,57.8,-0.03076923076923077,-0.011965811965812034,0.018803418803418737,-0.03639341691284949,-0.01770175534054329,0.018691661572306197,False,True
4915,致伸,20230525,20230526,65.1,Day 5 Weakness,20230602,65.2,20230606,64.6,0.001536098310291889,-0.007680491551459334,-0.009216589861751223,-0.004266314205047411,-0.013427461820826044,-0.009161147615778634,False,True
4915,致伸,20230728,20230731,66.4,Close Confirmed Stop,20230801,64.8,20230810,63.3,-0.024096385542168752,-0.046686746987951944,-0.02259036144578319,-0.029770604490549798,-0.05220676989378774,-0.02243616540323794,False,True
4915,致伸,20240222,20240223,72.2,Day 8 Time Stop,20240306,76.9,20240306,76.9,0.06509695290858719,0.06509695290858719,0.0,0.0589110374840324,0.0589110374840324,0.0,False,True
4915,致伸,20240319,20240320,87.8,Close Confirmed Stop,20240326,82.4,20240329,83.7,-0.061503416856491966,-0.046697038724373474,0.014806378132118492,-0.0669220069743917,-0.05221783360283826,0.014704173371553442,False,True
4915,致伸,20240605,20240606,108.0,Day 8 Time Stop,20240618,114.0,20240618,114.0,0.05555555555555558,0.05555555555555558,0.0,0.04941952571066697,0.04941952571066697,0.0,False,True
4915,致伸,20250808,20250811,77.8,Day 8 Time Stop,20250820,78.7,20250820,78.7,0.011568123393316254,0.011568123393316254,0.0,0.005709210479509835,0.005709210479509835,0.0,False,True
4916,事欣科,20230531,20230601,36.1,Day 8 Time Stop,20230612,36.05,20230612,36.05,-0.0013850415512466352,-0.0013850415512466352,0.0,-0.007178295803930961,-0.007178295803930961,0.0,False,True
4916,事欣科,20250206,20250207,36.5,Trailing Stop,20250212,39.5,20250218,43.05,0.08219178082191791,0.17945205479452042,0.0972602739726025,0.07593203738018413,0.17262593041867028,0.09669389303848615,False,True
4916,事欣科,20250731,20250801,55.0,Trailing Stop,20250812,61.7,20250812,61.0,0.12181818181818183,0.10909090909090913,-0.012727272727272698,0.11532355736882045,0.1026935523491153,-0.012630005019705154,False,True
4916,事欣科,20260112,20260113,62.5,Day 5 Weakness,20260120,62.1,20260122,63.9,-0.006399999999999961,0.022399999999999975,0.028799999999999937,-0.012151108572333843,0.01647977551279955,0.028630884085133396,True,True
4919,新唐,20220607,20220608,183.0,Close Confirmed Stop,20220609,174.0,20220617,167.5,-0.049180327868852514,-0.08469945355191255,-0.03551912568306004,-0.0546751146411102,-0.09000860002914536,-0.035333485388035164,False,True
4919,新唐,20220825,20220826,131.0,Close Confirmed Stop,20220830,123.0,20220906,113.0,-0.06106870229007633,-0.13740458015267176,-0.07633587786259544,-0.06649684980221233,-0.14238217300056272,-0.07588532319835038,False,True
4919,新唐,20230130,20230131,129.0,Day 8 Time Stop,20230209,150.5,20230209,150.5,0.16666666666666674,0.16666666666666674,0.0,0.15989881590639815,0.15989881590639815,0.0,False,True
4919,新唐,20231115,20231116,138.0,Day 8 Time Stop,20231127,141.5,20231127,141.5,0.0253623188405796,0.0253623188405796,0.0,0.01943609275540258,0.01943609275540258,0.0,False,True
4919,新唐,20231129,20231130,150.5,Close Confirmed Stop,20231207,145.5,20231211,145.5,-0.03322259136212624,-0.03322259136212624,0.0,-0.038841203723747955,-0.038841203723747955,0.0,False,True
4919,新唐,20260421,20260422,148.0,Trailing Stop,20260424,151.0,20260504,162.0,0.020270270270270174,0.09459459459459452,0.07432432432432434,0.014383175090193344,0.08826204754001409,0.07387887244982075,False,True
4927,泰鼎-KY,20250812,20250813,28.0,Close Confirmed Stop,20250815,26.6,20250822,28.9,-0.04999999999999993,0.03214285714285703,0.08214285714285696,-0.05547710882888968,0.02616885696801137,0.08164596579690106,True,True
4927,泰鼎-KY,20251002,20251003,27.95,Close Confirmed Stop,20251008,25.65,20251016,23.15,-0.08228980322003576,-0.17173524150268338,-0.08944543828264762,-0.08758923669046194,-0.1765203049273927,-0.08893106823693077,False,True
4927,泰鼎-KY,20251212,20251215,28.55,Trailing Stop,20251224,34.2,20251224,34.2,0.19789842381786338,0.19789842381786338,0.0,0.190958772511219,0.190958772511219,0.0,False,True
4927,泰鼎-KY,20260423,20260424,55.9,Close Confirmed Stop,20260504,53.0,20260506,57.3,-0.051878354203935606,0.025044722719141266,0.07692307692307687,-0.05735067378068978,0.01912137949646961,0.07647205327715939,True,True
4931,新盛力,20220801,20220802,35.45,Close Confirmed Stop,20220804,32.45,20220811,35.0,-0.08462623413258108,-0.012693935119887256,0.07193229901269382,-0.0899208935472412,-0.018427725029484077,0.07149316851775712,False,True
4931,新盛力,20230209,20230210,50.1,Day 5 Weakness,20230217,49.1,20230221,50.6,-0.019960079840319334,0.009980039920159722,0.029940119760479056,-0.02564254914140056,0.004125804646966193,0.02976835378836675,True,True
4938,和碩,20220118,20220119,70.3,Day 5 Weakness,20220126,70.0,20220208,69.7,-0.004267425320056861,-0.008534850640113723,-0.004267425320056861,-0.010022351705138042,-0.0142795465589074,-0.004257194853769358,False,True
4938,和碩,20231114,20231115,80.4,Day 8 Time Stop,20231124,80.8,20231124,80.8,0.004975124378109319,0.004975124378109319,0.0,-0.0008402605817462952,-0.0008402605817462952,0.0,False,True
4938,和碩,20231213,20231214,85.1,Day 8 Time Stop,20231225,86.8,20231225,86.8,0.0199764982373678,0.0199764982373678,0.0,0.014064373677674671,0.014064373677674671,0.0,False,True
4938,和碩,20240313,20240314,89.9,Trailing Stop,20240326,101.5,20240325,101.5,0.12903225806451601,0.12903225806451601,0.0,0.12252270964676669,0.12252270964676669,0.0,False,True
4938,和碩,20260417,20260420,84.3,Day 5 Weakness,20260427,84.0,20260429,82.0,-0.003558718861209953,-0.027283511269276306,-0.023724792408066353,-0.009318023420415279,-0.03291919580762745,-0.02360117238721217,False,True
4938,和碩,20260601,20260602,92.0,Trailing Stop,20260609,91.2,20260611,95.4,-0.008695652173912993,0.036956521739130554,0.04565217391304355,-0.01444597704220486,0.030963131932175602,0.04540910897438046,True,True
4938,和碩,20260813,20260814,95.3,Close Confirmed Stop,20260818,89.9,20260825,88.8,-0.056663168940188746,-0.06820566631689406,-0.011542497376705319,-0.06212858184709781,-0.07361003329219337,-0.011481451445095561,False,True
4939,亞電,20250923,20250924,26.15,Close Confirmed Stop,20251001,26.25,20251007,23.75,0.003824091778202643,-0.0917782026768642,-0.09560229445506685,-0.001981028380334787,-0.09705425594359236,-0.09507322756325758,False,True
4939,亞電,20251106,20251107,28.15,Close Confirmed Stop,20251111,26.5,20251118,22.6,-0.05861456483126104,-0.19715808170515092,-0.13854351687388988,-0.06407202540161984,-0.20181664648210565,-0.1377446210804858,False,True
4953,緯軟,20230417,20230418,128.0,Close Confirmed Stop,20230421,119.0,20230427,116.5,-0.0703125,-0.08984375,-0.01953125,-0.07567518945152674,-0.09512627745753544,-0.0194510880060087,False,True
4956,光鋐,20240607,20240611,23.9,Close Confirmed Stop,20240613,23.6,20240620,27.2,-0.012552301255229992,0.13807531380753146,0.15062761506276146,-0.018287504117349477,0.13147881394727984,0.1497663180646293,True,True
4958,臻鼎-KY,20220530,20220531,120.0,Close Confirmed Stop,20220606,116.5,20220610,116.5,-0.029166666666666674,-0.029166666666666674,0.0,-0.03480357851846199,-0.03480357851846199,0.0,False,True
4958,臻鼎-KY,20221205,20221206,125.0,Close Confirmed Stop,20221209,118.0,20221215,115.5,-0.05600000000000005,-0.07599999999999996,-0.019999999999999907,-0.06147289782104562,-0.08135807967911068,-0.019885181858065065,False,True
4958,臻鼎-KY,20231123,20231124,107.0,Day 5 Weakness,20231201,103.0,20231205,103.0,-0.03738317757009346,-0.03738317757009346,0.0,-0.04292386230766243,-0.04292386230766243,0.0,False,True
4958,臻鼎-KY,20240312,20240313,108.5,Day 5 Weakness,20240320,108.5,20240322,115.0,0.0,0.05990783410138256,0.05990783410138256,-0.005798729929685742,0.05376540293890105,0.05956413286858679,True,True
4958,臻鼎-KY,20240320,20240321,112.0,Day 8 Time Stop,20240401,126.5,20240401,126.5,0.1294642857142858,0.1294642857142858,0.0,0.12294905173007961,0.12294905173007961,0.0,False,True
4958,臻鼎-KY,20240402,20240403,130.0,Close Confirmed Stop,20240409,124.0,20240416,112.5,-0.0461538461538461,-0.13461538461538458,-0.08846153846153848,-0.051647357048149864,-0.13962958262501704,-0.08798222557686718,False,True
4958,臻鼎-KY,20240530,20240531,126.5,Close Confirmed Stop,20240605,119.0,20240612,119.0,-0.059288537549407105,-0.059288537549407105,0.0,-0.06472262006631416,-0.06472262006631416,0.0,False,True
4958,臻鼎-KY,20241218,20241219,122.5,Day 8 Time Stop,20241230,122.0,20241230,122.0,-0.004081632653061273,-0.004081632653061273,0.0,-0.009844283137482994,-0.009844283137482994,0.0,False,True
4958,臻鼎-KY,20250707,20250708,107.0,Day 8 Time Stop,20250717,114.0,20250717,114.0,0.06542056074766345,0.06542056074766345,0.0,0.059233463413723736,0.059233463413723736,0.0,False,True
4958,臻鼎-KY,20250808,20250811,131.5,Day 8 Time Stop,20250820,161.5,20250820,161.5,0.22813688212927752,0.22813688212927752,0.0,0.221009351539619,0.221009351539619,0.0,False,True
4961,天鈺,20230109,20230110,138.0,Day 5 Weakness,20230117,137.0,20230131,144.0,-0.007246376811594235,0.04347826086956519,0.050724637681159424,-0.012994387811689259,0.03744191082643687,0.05043629863812613,True,True
4961,天鈺,20230217,20230220,165.5,Trailing Stop,20230223,170.5,20230303,174.5,0.030211480362537735,0.05438066465256797,0.024169184290030232,0.024274858912616812,0.04825275930486847,0.023977900392251658,False,True
4961,天鈺,20230411,20230412,179.0,Close Confirmed Stop,20230421,165.0,20230421,156.0,-0.07821229050279332,-0.12849162011173187,-0.05027932960893855,-0.08356295110191297,-0.1335212723158889,-0.04995832121397592,False,True
4961,天鈺,20230612,20230613,171.0,Close Confirmed Stop,20230619,160.0,20230626,150.0,-0.06432748538011701,-0.1228070175438597,-0.05847953216374269,-0.06974105618110632,-0.12788015453704374,-0.05813909835593742,False,True
4967,十銓,20230302,20230303,56.9,Trailing Stop,20230310,59.0,20230314,60.3,0.03690685413005279,0.05975395430579966,0.02284710017574687,0.0309174340461523,0.05360966070460678,0.022692226658454478,False,True
4967,十銓,20230411,20230412,76.4,Day 8 Time Stop,20230421,73.2,20230421,73.2,-0.041884816753926746,-0.041884816753926746,0.0,-0.047416061849045815,-0.047416061849045815,0.0,False,True
4967,十銓,20240408,20240409,87.5,Close Confirmed Stop,20240417,81.7,20240418,81.9,-0.06628571428571428,-0.06399999999999995,0.0022857142857143353,-0.07169458995208865,-0.0694143559941501,0.0022802339579385406,False,True
4967,十銓,20251223,20251224,153.0,Trailing Stop,20260106,190.0,20260106,203.0,0.24183006535947715,0.326797385620915,0.08496732026143783,0.23463378902082493,0.3190960488284653,0.08446225980764038,False,True
4967,十銓,20260108,20260109,210.0,Close Confirmed Stop,20260114,194.5,20260120,209.5,-0.07380952380952377,-0.0023809523809523725,0.0714285714285714,-0.07917933334270981,-0.008156535669962377,0.07102279767274744,False,True
4968,立積,20230609,20230612,186.0,Day 5 Weakness,20230619,184.0,20230621,175.0,-0.010752688172043001,-0.05913978494623651,-0.048387096774193505,-0.016492293270102466,-0.06456330820390298,-0.04807101493380051,False,True
4968,立積,20231124,20231127,158.0,Day 8 Time Stop,20231206,169.5,20231206,169.5,0.07278481012658222,0.07278481012658222,0.0,0.06656673643023114,0.06656673643023114,0.0,False,True
4968,立積,20231221,20231222,189.0,Day 5 Weakness,20231229,188.0,20240103,171.0,-0.005291005291005346,-0.09523809523809523,-0.08994708994708989,-0.011054291248401136,-0.10048467987178371,-0.08943038862338257,False,True
4968,立積,20240202,20240205,190.0,Day 8 Time Stop,20240223,223.5,20240223,223.5,0.1763157894736842,0.1763157894736842,0.0,0.16951022083347436,0.16951022083347436,0.0,False,True
4968,立積,20240528,20240529,204.0,Close Confirmed Stop,20240531,194.5,20240607,184.0,-0.04656862745098034,-0.0980392156862745,-0.05147058823529416,-0.05207511058217269,-0.10328808121188023,-0.05121297062970753,False,True
4968,立積,20240617,20240618,235.0,Close Confirmed Stop,20240620,223.0,20240627,228.5,-0.051063829787234005,-0.02765957446808509,0.023404255319148914,-0.05655217203421765,-0.03330443544643123,0.023247736587786415,False,True
4968,立積,20240621,20240624,244.5,Close Confirmed Stop,20240628,233.0,20240703,222.0,-0.04703476482617586,-0.09202453987730064,-0.04498977505112478,-0.05253469865198566,-0.09728263651470796,-0.044747937862722305,False,True
4968,立積,20251009,20251013,160.5,Close Confirmed Stop,20251014,158.5,20251022,151.5,-0.012461059190031154,-0.05607476635514019,-0.04361370716510904,-0.01817483431010667,-0.061516676466012256,-0.043341842155905586,False,True
4971,IET-KY,20260129,20260130,390.0,Day 5 Weakness,20260206,375.0,20260210,400.5,-0.038461538461538436,0.026923076923076827,0.06538461538461526,-0.04400498085685279,0.020986778358608297,0.06499175921546109,True,True
4973,廣穎,20260529,20260601,158.0,Trailing Stop,20260609,166.5,20260610,193.0,0.053797468354430444,0.22151898734177222,0.16772151898734178,0.04769181652858083,0.21444256932432354,0.1667507527957427,False,True
4977,眾達-KY,20230117,20230130,115.0,Day 5 Weakness,20230206,110.5,20230208,109.5,-0.03913043478260869,-0.047826086956521685,-0.008695652173912993,-0.04467418567291969,-0.05331558785514587,-0.008641402182226178,False,True
4977,眾達-KY,20230220,20230221,120.0,Close Confirmed Stop,20230223,109.5,20230306,121.0,-0.08750000000000002,0.008333333333333304,0.09583333333333333,-0.09279649206533798,0.0025062262130589874,0.09530271827839697,True,True
4977,眾達-KY,20230418,20230419,127.5,Close Confirmed Stop,20230424,116.0,20230428,107.0,-0.09019607843137256,-0.16078431372549018,-0.07058823529411762,-0.09547654786350518,-0.1656289460276117,-0.07015239816410651,False,True
4977,眾達-KY,20240717,20240718,85.7,Close Confirmed Stop,20240722,79.6,20240731,74.2,-0.07117852975495931,-0.13418903150525086,-0.06301050175029155,-0.07654414474676989,-0.1392032307690494,-0.0626590860222795,False,True
4977,眾達-KY,20250814,20250815,118.0,Close Confirmed Stop,20250821,110.0,20250826,110.0,-0.06779661016949157,-0.06779661016949157,0.0,-0.07317683582479344,-0.07317683582479344,0.0,False,True
4979,華星光,20220809,20220810,34.0,Day 8 Time Stop,20220819,39.9,20220819,39.9,0.17352941176470593,0.17352941176470593,0.0,0.16674895887625377,0.16674895887625377,0.0,False,True
4979,華星光,20221118,20221121,36.85,Day 5 Weakness,20221128,35.4,20221130,46.65,-0.03934871099050208,0.26594301221166883,0.3052917232021709,-0.04488479863313134,0.25860845170472696,0.3034932503378583,True,True
4979,華星光,20240220,20240221,166.5,Close Confirmed Stop,20240229,158.0,20240304,164.5,-0.05105105105105101,-0.012012012012011963,0.03903903903903905,-0.05652444674574832,-0.01774558617778167,0.03877886056796666,False,True
4991,環宇-KY,20250625,20250626,117.5,Close Confirmed Stop,20250701,111.0,20250707,137.0,-0.05531914893617018,0.16595744680851054,0.22127659574468073,-0.060783208497735906,0.15919640286840683,0.21997961136614275,True,True
5009,榮剛,20221116,20221117,32.3,Day 8 Time Stop,20221128,32.95,20221128,32.95,0.020123839009288158,0.020123839009288158,0.0,0.014209666881437797,0.014209666881437797,0.0,False,True
5009,榮剛,20230201,20230202,40.0,Day 5 Weakness,20230209,39.5,20230213,39.0,-0.012499999999999956,-0.025000000000000022,-0.012500000000000067,-0.01823365873429579,-0.030670362869625684,-0.012436704135329893,False,True
5009,榮剛,20230605,20230606,60.1,Close Confirmed Stop,20230613,57.2,20230615,58.6,-0.048252911813643884,-0.024958402662229595,0.02329450915141429,-0.05373781929663583,-0.030599254901864117,0.023138564394771716,False,True
5009,榮剛,20231122,20231123,48.6,Day 5 Weakness,20231130,47.9,20231204,49.45,-0.01440329218107006,0.017489711934156382,0.03189300411522644,-0.02010184439936114,0.011614628772660151,0.03171647317202129,True,True
5009,榮剛,20240409,20240410,51.3,Day 8 Time Stop,20240419,54.9,20240419,54.9,0.07017543859649122,0.07017543859649122,0.0,0.06397683460177764,0.06397683460177764,0.0,False,True
5009,榮剛,20241111,20241112,49.45,Day 5 Weakness,20241119,48.35,20241121,48.55,-0.022244691607684608,-0.018200202224469275,0.004044489383215333,-0.02792082728553869,-0.023886032897289654,0.004034794388249035,False,True
5009,榮剛,20260107,20260108,33.5,Day 5 Weakness,20260115,33.3,20260119,33.75,-0.005970149253731405,0.00746268656716409,0.013432835820895495,-0.01172084284495283,0.0016464467329795457,0.013367289577932377,True,True
5009,榮剛,20260129,20260130,35.1,Close Confirmed Stop,20260204,33.1,20260210,33.7,-0.056980056980056926,-0.03988603988603989,0.017094017094017033,-0.06244278550459058,-0.04542310335628909,0.01701968214830149,False,True
5009,榮剛,20260505,20260506,35.0,Trailing Stop,20260513,38.05,20260515,37.3,0.08714285714285697,0.06571428571428561,-0.021428571428571352,0.08083702531434622,0.05952648426969434,-0.02131054104465188,False,True
5009,榮剛,20260820,20260821,34.35,Day 5 Weakness,20260828,33.95,,,-0.011644832605531286,,,-0.01738139480481107,,,False,False
5202,力新,20250210,20250211,29.0,Day 5 Weakness,20250218,28.4,20250220,28.0,-0.020689655172413834,-0.03448275862068961,-0.013793103448275779,-0.02637072348881983,-0.0400974273872253,-0.013726703898405468,False,True
5225,東科-KY,20231122,20231123,65.5,Day 8 Time Stop,20231204,63.4,20231204,63.4,-0.032061068702290085,-0.032061068702290085,0.0,-0.03768443582308802,-0.03768443582308802,0.0,False,True
5225,東科-KY,20240401,20240402,126.0,Close Confirmed Stop,20240409,124.0,20240415,115.0,-0.015873015873015928,-0.08730158730158732,-0.0714285714285714,-0.02157748052743142,-0.09260064803669824,-0.07102316750926682,False,True
5225,東科-KY,20240716,20240717,142.0,Close Confirmed Stop,20240722,136.5,20240730,131.0,-0.03873239436619713,-0.07746478873239437,-0.03873239436619724,-0.044269603461036276,-0.08280916366978465,-0.03853956020874837,False,True
5230,雷笛克光學,20241014,20241015,38.0,Trailing Stop,20241018,38.15,20241024,35.3,0.003947368421052699,-0.07105263157894748,-0.07500000000000018,-0.0018610786440473271,-0.07641448273230944,-0.07455340408826211,False,True
5243,乙盛-KY,20220531,20220601,66.3,Day 5 Weakness,20220609,66.0,20220613,65.6,-0.004524886877828038,-0.010558069381598867,-0.006033182503770829,-0.010276709218562705,-0.0162954297282178,-0.006018720509655094,False,True
5243,乙盛-KY,20230525,20230526,86.5,Day 8 Time Stop,20230606,87.9,20230606,87.9,0.016184971098266,0.016184971098266,0.0,0.010311912587027374,0.010311912587027374,0.0,False,True
5243,乙盛-KY,20250827,20250828,77.9,Trailing Stop,20250902,77.2,20250908,75.6,-0.00898587933247752,-0.029525032092426295,-0.020539152759948776,-0.014733795116769335,-0.03515693351356861,-0.020423138396799278,False,True
5243,乙盛-KY,20260410,20260413,117.5,Trailing Stop,20260416,128.0,20260422,120.0,0.08936170212765959,0.02127659574468077,-0.06808510638297882,0.08305089617919344,0.015362298191477353,-0.06768859798771608,False,True
5258,虹堡,20230130,20230131,71.5,Trailing Stop,20230206,80.3,20230209,80.2,0.12307692307692308,0.12167832167832171,-0.0013986013986013734,0.11658474486314971,0.11518949618720013,-0.0013952486759495758,False,True
5258,虹堡,20230614,20230615,107.5,Trailing Stop,20230626,109.0,20230628,105.0,0.013953488372093092,-0.023255813953488413,-0.037209302325581506,0.008080125946953905,-0.028906282762138365,-0.03698640870909227,False,True
5258,虹堡,20240220,20240221,132.5,Day 8 Time Stop,20240304,140.0,20240304,140.0,0.05660377358490565,0.05660377358490565,0.0,0.05046912914936832,0.05046912914936832,0.0,False,True
5284,jpp-KY,20230116,20230117,75.2,Day 8 Time Stop,20230207,87.8,20230207,87.8,0.16755319148936154,0.16755319148936154,0.0,0.1607834523066852,0.1607834523066852,0.0,False,True
5284,jpp-KY,20230327,20230328,106.5,Close Confirmed Stop,20230329,101.0,20230411,121.0,-0.05164319248826288,0.136150234741784,0.18779342723004688,-0.057120366329543384,0.12955543394979413,0.1866758002793375,True,True
5284,jpp-KY,20240222,20240223,187.0,Day 8 Time Stop,20240306,232.0,20240306,232.0,0.2406417112299466,0.2406417112299466,0.0,0.23346167401822043,0.23346167401822043,0.0,False,True
5284,jpp-KY,20250610,20250611,198.0,Day 8 Time Stop,20250620,207.0,20250620,207.0,0.045454545454545414,0.045454545454545414,0.0,0.03940711488061866,0.03940711488061866,0.0,False,True
5284,jpp-KY,20250826,20250827,262.0,Trailing Stop,20250902,288.5,20250905,298.0,0.10114503816793885,0.13740458015267176,0.03625954198473291,0.09475946199428238,0.13079830375714144,0.036038841762859056,False,True
5284,jpp-KY,20251205,20251208,327.0,Close Confirmed Stop,20251209,302.5,20251217,288.0,-0.07492354740061158,-0.11926605504587151,-0.04434250764525993,-0.08026457278066984,-0.12436642910977788,-0.04410185632910804,False,True
5289,宜鼎,20250910,20250911,351.0,Day 5 Weakness,20250918,344.0,20250922,351.0,-0.019943019943019946,0.0,0.019943019943019946,-0.025641102881211936,-0.005779393968604594,0.019861708912607343,False,True
5289,宜鼎,20250918,20250919,355.0,Close Confirmed Stop,20250925,344.5,20251001,336.0,-0.029577464788732355,-0.05352112676056342,-0.023943661971831065,-0.03522082712975949,-0.059006584327412,-0.02378575719765251,False,True
5309,系統電,20220530,20220531,42.3,Day 8 Time Stop,20220610,46.85,20220610,46.85,0.10756501182033107,0.10756501182033107,0.0,0.10117527677671143,0.10117527677671143,0.0,False,True
5309,系統電,20221110,20221111,42.5,Close Confirmed Stop,20221116,40.9,20221122,40.5,-0.03764705882352948,-0.04705882352941182,-0.009411764705882342,-0.043186809295450594,-0.05257601265145141,-0.009389203356000818,False,True
5309,系統電,20221117,20221118,42.15,Close Confirmed Stop,20221121,41.25,20221129,41.5,-0.021352313167259718,-0.01542111506524313,0.005931198102016588,-0.02703034580728279,-0.021113365152170653,0.005916980655112137,False,True
5309,系統電,20221130,20221201,44.25,Day 5 Weakness,20221208,43.65,20221212,41.1,-0.013559322033898313,-0.07118644067796609,-0.057627118644067776,-0.01929078642569791,-0.07654642107251017,-0.057255634646812256,False,True
5309,系統電,20230330,20230331,45.25,Day 8 Time Stop,20230414,45.0,20230414,45.0,-0.0055248618784530246,-0.0055248618784530246,0.0,-0.011275806376310728,-0.011275806376310728,0.0,False,True
5309,系統電,20250807,20250808,49.05,Trailing Stop,20250814,50.9,20250819,58.5,0.03771661569826712,0.19266055045871577,0.15494393476044865,0.03173050096358773,0.18576989881207143,0.1540393978484837,False,True
5309,系統電,20251211,20251212,70.4,Close Confirmed Stop,20251218,65.3,20251223,71.5,-0.07244318181818188,0.015625,0.08806818181818188,-0.07780450985784614,0.009752128702032481,0.08755663855987862,True,True
5309,系統電,20251222,20251223,72.5,Close Confirmed Stop,20251230,67.8,20260105,67.0,-0.06482758620689655,-0.07586206896551728,-0.011034482758620734,-0.07023788753117556,-0.08121256548291655,-0.010974677951740994,False,True
5309,系統電,20260505,20260506,65.0,Day 8 Time Stop,20260515,64.9,20260515,64.9,-0.0015384615384614886,-0.0015384615384614886,0.0,-0.007331094630863055,-0.007331094630863055,0.0,False,True
5309,系統電,20260602,20260603,82.3,Close Confirmed Stop,20260608,66.9,20260612,69.7,-0.18712029161603883,-0.1530984204131226,0.03402187120291622,-0.1918356826371107,-0.15799537194998242,0.03384031068712828,False,True
5340,建榮,20230609,20230612,68.0,Close Confirmed Stop,20230613,61.4,20230621,56.0,-0.09705882352941175,-0.17647058823529416,-0.0794117647058824,-0.10229437899840858,-0.1812487317234676,-0.078954352725059,False,True
5340,建榮,20250609,20250610,47.3,Close Confirmed Stop,20250612,44.55,20250619,42.0,-0.05813953488372092,-0.11205073995771664,-0.053911205073995716,-0.06359941195565612,-0.11721460657185398,-0.05361519461619786,False,True
5347,世界,20221115,20221116,87.4,Day 5 Weakness,20221123,85.8,20221125,83.9,-0.01830663615560646,-0.040045766590389054,-0.021739130434782594,-0.024001664427709866,-0.04558843737496513,-0.021586772947255264,False,True
5347,世界,20231122,20231123,82.5,Day 5 Weakness,20231130,80.3,20231204,80.9,-0.026666666666666727,-0.019393939393939297,0.007272727272727431,-0.03230124196185999,-0.02507929497534079,0.0072219469865192,False,True
5347,世界,20240530,20240531,105.5,Day 5 Weakness,20240607,107.5,20240612,115.5,0.018957345971563955,0.09478672985782,0.07582938388625604,0.013081872320728896,0.0884628503395653,0.0753809780188364,False,True
5347,世界,20240607,20240611,111.0,Trailing Stop,20240614,114.5,20240620,126.5,0.03153153153153143,0.13963963963963955,0.10810810810810811,0.025560301439725604,0.1330427492763722,0.1074824478366466,False,True
5347,世界,20241217,20241218,95.4,Day 8 Time Stop,20241227,101.5,20241227,101.5,0.06394129979035634,0.06394129979035634,0.0,0.05775715271947041,0.05775715271947041,0.0,False,True
5347,世界,20260108,20260109,111.0,Day 8 Time Stop,20260120,141.5,20260120,141.5,0.27477477477477485,0.27477477477477485,0.0,0.26738747906252075,0.26738747906252075,0.0,False,True
5347,世界,20260420,20260421,138.0,Trailing Stop,20260424,140.0,20260430,145.5,0.01449275362318847,0.05434782608695654,0.03985507246376807,0.008625932566372048,0.04821872428341725,0.0395927917170452,False,True
5351,鈺創,20230412,20230413,49.55,Close Confirmed Stop,20230414,47.7,20230424,43.55,-0.03733602421796156,-0.12108980827447025,-0.08375378405650868,-0.042880664087382586,-0.12616670755515824,-0.08328604346777566,False,True
5351,鈺創,20230529,20230530,44.5,Day 8 Time Stop,20230608,43.2,20230608,43.2,-0.02921348314606731,-0.02921348314606731,0.0,-0.03484182972455356,-0.03484182972455356,0.0,False,True
5351,鈺創,20230726,20230727,44.25,Close Confirmed Stop,20230802,42.25,20230808,41.6,-0.04519774011299438,-0.059887005649717495,-0.014689265536723117,-0.05072002360995721,-0.06530740741490765,-0.014587383804950435,False,True
5351,鈺創,20240516,20240517,50.0,Day 8 Time Stop,20240528,53.3,20240528,53.3,0.06599999999999984,0.06599999999999984,0.0,0.0598101590593476,0.0598101590593476,0.0,False,True
5351,鈺創,20251112,20251113,47.15,Close Confirmed Stop,20251117,46.5,20251124,39.15,-0.01378579003181335,-0.1696712619300106,-0.15588547189819724,-0.019485492725135257,-0.1744969415635003,-0.15501144883836504,False,True
5351,鈺創,20260106,20260107,63.0,Day 5 Weakness,20260114,60.7,20260116,64.9,-0.03650793650793649,0.030158730158730274,0.06666666666666676,-0.042054948914511454,0.024218283991434057,0.06627323290594551,True,True
5351,鈺創,20260506,20260507,79.0,Close Confirmed Stop,20260508,78.0,20260518,85.3,-0.012658227848101222,0.07974683544303796,0.09240506329113918,-0.018393892713860212,0.07348946522624315,0.09188335794010337,True,True
5351,鈺創,20260512,20260513,81.8,Trailing Stop,20260519,84.0,20260522,80.5,0.02689486552567244,-0.0158924205378973,-0.04278728606356974,0.020964033081132816,-0.021587253213386302,-0.04255128629451912,False,True
5353,台林,20230323,20230324,44.6,Trailing Stop,20230410,44.3,20230407,44.15,-0.0067264573991032695,-0.010089686098654793,-0.0033632286995515237,-0.012478154331417817,-0.015833319279700633,-0.003355164948282816,False,True
5371,中光電,20230111,20230112,58.7,Close Confirmed Stop,20230113,57.0,20230202,61.5,-0.028960817717206155,0.047700170357751315,0.07666098807495747,-0.03459118647202194,0.04161915414145606,0.076210340613478,True,True
5371,中光電,20230202,20230203,62.1,Day 5 Weakness,20230210,60.0,20230214,60.5,-0.033816425120772986,-0.025764895330112725,0.008051529790660261,-0.039435743864504554,-0.03140351799742835,0.008032225867076206,False,True
5371,中光電,20230216,20230217,62.4,Day 8 Time Stop,20230302,64.5,20230302,64.5,0.033653846153846256,0.033653846153846256,0.0,0.027675179316150374,0.027675179316150374,0.0,False,True
5371,中光電,20230413,20230414,73.5,Trailing Stop,20230421,77.0,20230425,73.5,0.04761904761904767,0.0,-0.04761904761904767,0.0415686096211548,-0.005802730497002501,-0.0473713401181573,False,True
5371,中光電,20240403,20240408,93.2,Trailing Stop,20240417,97.4,20240417,98.0,0.04506437768240357,0.05150214592274671,0.006437768240343145,0.03902042213713842,0.04540937541377223,0.006388953276633809,False,True
5371,中光電,20241225,20241226,93.0,Close Confirmed Stop,20241227,89.9,20250107,86.2,-0.033333333333333326,-0.07311827956989247,-0.03978494623655915,-0.03895211095818284,-0.07847494456605988,-0.03952283360787705,False,True
5371,中光電,20250731,20250801,80.0,Day 8 Time Stop,20250812,93.1,20250812,93.1,0.16374999999999984,0.16374999999999984,0.0,0.15702133241127406,0.15702133241127406,0.0,False,True
5371,中光電,20260121,20260122,99.0,Trailing Stop,20260128,94.6,20260202,84.6,-0.04444444444444451,-0.1454545454545455,-0.101010101010101,-0.04997569463997501,-0.15040957053360698,-0.10043387589363198,False,True
5381,合正,20260119,20260120,31.15,Trailing Stop,20260123,33.2,20260129,28.95,0.0658105939004816,-0.0706260032102729,-0.1364365971107545,0.059623414498957805,-0.0759862691567755,-0.1356096836557333,False,True
5388,中磊,20220809,20220810,104.0,Close Confirmed Stop,20220816,99.0,20220819,98.4,-0.04807692307692313,-0.053846153846153766,-0.005769230769230638,-0.05355959761487916,-0.05931499790357721,-0.005755400288698045,False,True
5388,中磊,20230216,20230217,84.5,Day 8 Time Stop,20230302,85.8,20230302,85.8,0.01538461538461533,0.01538461538461533,0.0,0.009511421381861415,0.009511421381861415,0.0,False,True
5388,中磊,20230307,20230308,89.4,Day 8 Time Stop,20230317,89.7,20230317,89.7,0.003355704697986628,0.003355704697986628,0.0,-0.0024506893729836373,-0.0024506893729836373,0.0,False,True
5388,中磊,20230330,20230331,95.7,Day 5 Weakness,20230412,94.5,20230414,88.6,-0.012539184952978122,-0.07419017763845359,-0.06165099268547547,-0.018273490178829795,-0.0795433256669583,-0.06126983548812851,False,True
5388,中磊,20230529,20230530,93.8,Day 8 Time Stop,20230608,94.7,20230608,94.7,0.009594882729211163,0.009594882729211163,0.0,0.003736752214954134,0.003736752214954134,0.0,False,True
5388,中磊,20231114,20231115,123.0,Close Confirmed Stop,20231116,121.5,20231124,121.0,-0.012195121951219523,-0.016260162601625994,-0.004065040650406471,-0.017905031153601845,-0.021960323330189012,-0.004055292176587167,False,True
5388,中磊,20231213,20231214,139.5,Day 5 Weakness,20231221,132.5,20231225,131.5,-0.05017921146953408,-0.05734767025089604,-0.007168458781361964,-0.055668713273151024,-0.06278652716572967,-0.0071178138925786505,False,True
5388,中磊,20240305,20240306,144.5,Close Confirmed Stop,20240307,140.0,20240315,137.5,-0.03114186851211076,-0.04844290657439443,-0.01730103806228367,-0.036770152207871026,-0.05392954989450855,-0.017159397686637524,False,True
5388,中磊,20240702,20240703,122.5,Day 5 Weakness,20240710,117.5,20240712,118.0,-0.04081632653061229,-0.03673469387755102,0.004081632653061273,-0.04635724640174736,-0.042285401957577476,0.0040718444441698864,False,True
5388,中磊,20260409,20260410,87.5,Close Confirmed Stop,20260415,81.8,20260421,83.6,-0.06514285714285717,-0.044571428571428595,0.020571428571428574,-0.0705544729731195,-0.050099107599461665,0.02045536537365783,False,True
5392,能率,20250819,20250820,43.5,Close Confirmed Stop,20250821,40.45,20250829,40.6,-0.07011494252873551,-0.06666666666666665,0.0034482758620688614,-0.07548091540293307,-0.07207427391884266,0.0034066414840904086,False,True
5425,台半,20220325,20220328,85.0,Trailing Stop,20220331,86.4,20220408,83.0,0.016470588235294237,-0.02352941176470591,-0.04000000000000015,0.010595689461823756,-0.02920827503711373,-0.039803964498937486,False,True
5425,台半,20220819,20220822,86.0,Close Confirmed Stop,20220825,86.0,20220831,95.5,0.0,0.11046511627906974,0.11046511627906974,-0.005801014937373094,0.10403221522587576,0.10983323016324885,True,True
5425,台半,20220825,20220826,91.1,Trailing Stop,20220830,92.3,20220906,91.6,0.01317233809001106,0.005488474204171201,-0.007683863885839859,0.007300308467014374,-0.000331708247209969,-0.007632016714224343,False,True
5425,台半,20221125,20221128,80.8,Day 8 Time Stop,20221207,79.8,20221207,79.8,-0.012376237623762387,-0.012376237623762387,0.0,-0.018084838026025566,-0.018084838026025566,0.0,False,True
5425,台半,20230131,20230201,88.6,Day 8 Time Stop,20230210,89.1,20230210,89.1,0.0056433408577878375,0.0056433408577878375,0.0,-0.00016881665758695442,-0.00016881665758695442,0.0,False,True
5425,台半,20230308,20230309,110.0,Close Confirmed Stop,20230313,103.5,20230320,108.0,-0.05909090909090908,-0.018181818181818188,0.040909090909090895,-0.06451762770877144,-0.023873503433691663,0.040644124275079775,False,True
5425,台半,20231214,20231215,96.2,Close Confirmed Stop,20231219,91.0,20231226,94.6,-0.05405405405405406,-0.016632016632016744,0.03742203742203731,-0.05952644072011706,-0.02232764221871473,0.037198798501402335,False,True
5425,台半,20240412,20240415,80.8,Close Confirmed Stop,20240416,77.0,20240424,71.4,-0.04702970297029696,-0.11633663366336622,-0.06930693069306926,-0.052521593367817004,-0.12146190901324512,-0.06894031564542812,False,True
5425,台半,20240607,20240611,81.0,Close Confirmed Stop,20240614,78.1,20240620,76.8,-0.03580246913580254,-0.05185185185185193,-0.016049382716049387,-0.041412376461791814,-0.05732332799213122,-0.015910951530339404,False,True
5425,台半,20260120,20260121,69.0,Close Confirmed Stop,20260126,66.1,20260130,63.6,-0.04202898550724643,-0.07826086956521738,-0.03623188405797095,-0.04756022303094721,-0.08360520590506582,-0.03604498287411861,False,True
5425,台半,20260506,20260507,69.8,Trailing Stop,20260514,78.5,20260518,77.9,0.12464183381088834,0.1160458452722064,-0.008595988538681931,0.11814387593053755,0.10960184404102241,-0.008542031889515134,False,True
5425,台半,20260521,20260522,89.5,Trailing Stop,20260601,115.5,20260602,103.5,0.2905027932960893,0.15642458100558665,-0.13407821229050265,0.2830319119563917,0.14970950455710694,-0.13332240739928478,False,True
5426,振發,20240412,20240415,39.45,Close Confirmed Stop,20240416,38.0,20240424,33.25,-0.03675538656527255,-0.15716096324461348,-0.12040557667934093,-0.04229968367431971,-0.1620497426093677,-0.11975005893504798,False,True
5439,高技,20230524,20230525,79.0,Trailing Stop,20230530,80.6,20230605,81.3,0.02025316455696191,0.029113924050632844,0.008860759493670933,0.014338540038483744,0.02317805648218431,0.008839516443700565,False,True
5439,高技,20231013,20231016,110.0,Close Confirmed Stop,20231019,103.0,20231025,117.5,-0.0636363636363636,0.06818181818181812,0.13181818181818172,-0.06905218357168014,0.061982676677596195,0.13103486024927632,True,True
5439,高技,20231103,20231106,121.5,Day 8 Time Stop,20231115,117.5,20231115,117.5,-0.03292181069958844,-0.03292181069958844,0.0,-0.0385486044200023,-0.0385486044200023,0.0,False,True
5439,高技,20250211,20250212,122.5,Day 8 Time Stop,20250221,132.5,20250221,132.5,0.08163265306122458,0.08163265306122458,0.0,0.07536376754023907,0.07536376754023907,0.0,False,True
5439,高技,20260410,20260413,337.5,Trailing Stop,20260415,380.0,20260422,418.0,0.125925925925926,0.23851851851851857,0.11259259259259258,0.11942357027338722,0.23134239132262124,0.11191882104923402,False,True
5443,均豪,20240219,20240220,45.8,Trailing Stop,20240227,48.8,20240301,49.85,0.06550218340611358,0.08842794759825345,0.022925764192139875,0.059313969431568185,0.08211809699975152,0.022804127568183334,False,True
5443,均豪,20240403,20240408,69.4,Close Confirmed Stop,20240415,65.9,20240417,63.6,-0.050432276657060515,-0.08357348703170031,-0.033141210374639796,-0.05591416179781694,-0.08887574947723476,-0.032961587679417814,False,True
5443,均豪,20240621,20240624,70.9,Day 8 Time Stop,20240703,98.2,20240703,98.2,0.38504936530324385,0.38504936530324385,0.0,0.37702240977502244,0.37702240977502244,0.0,False,True
5443,均豪,20250910,20250911,110.5,Close Confirmed Stop,20250915,99.0,20250922,116.0,-0.10407239819004521,0.04977375565610864,0.15384615384615385,-0.10925487134274241,0.04368889974306083,0.15294377108580323,True,True
5443,均豪,20250917,20250918,109.5,Trailing Stop,20250924,115.0,20250930,108.0,0.05022831050228316,-0.013698630136986356,-0.06392694063926951,0.044135431191175384,-0.019404371617830752,-0.06353980280900613,False,True
5443,均豪,20260430,20260504,133.5,Close Confirmed Stop,20260508,124.0,20260513,125.5,-0.07116104868913853,-0.05992509363295884,0.011235955056179692,-0.07652732741011915,-0.06535170886809762,0.011175618542021537,False,True
5452,佶優,20260522,20260525,35.45,Close Confirmed Stop,20260527,33.8,20260603,35.35,-0.046544428772919755,-0.0028208744710860323,0.04372355430183372,-0.05206372516986397,-0.008611668915389952,0.043452056254474014,False,True
5452,佶優,20260604,20260605,36.35,Close Confirmed Stop,20260609,33.3,20260616,33.9,-0.08390646492434672,-0.06740027510316371,0.016506189821183015,-0.08920317946254441,-0.07280323878571225,0.01639994067683216,False,True
5457,宣德,20240220,20240221,66.0,Day 8 Time Stop,20240304,69.1,20240304,69.1,0.046969696969696884,0.046969696969696884,0.0,0.0408940236014413,0.0408940236014413,0.0,False,True
5465,富驊,20230613,20230614,51.5,Trailing Stop,20230628,54.5,20230627,55.7,0.058252427184465994,0.08155339805825257,0.023300970873786575,0.05211067100597989,0.07528902532042286,0.023178354314442977,False,True
5469,瀚宇博,20230714,20230717,50.9,Trailing Stop,20230719,49.15,20230726,49.25,-0.03438113948919452,-0.03241650294695475,0.0019646365422397727,-0.03999947389369618,-0.038039547739162086,0.0019599261545340946,False,True
5469,瀚宇博,20231201,20231204,59.5,Day 8 Time Stop,20231213,61.8,20231213,61.8,0.03865546218487381,0.03865546218487381,0.0,0.03266173188014312,0.03266173188014312,0.0,False,True
5469,瀚宇博,20240216,20240219,61.5,Close Confirmed Stop,20240226,58.4,20240229,56.6,-0.05040650406504066,-0.0796747967479674,-0.029268292682926744,-0.055883773151513584,-0.08501521741279523,-0.02913144426128165,False,True
5469,瀚宇博,20250207,20250210,55.3,Day 5 Weakness,20250217,56.0,20250219,56.5,0.012658227848101333,0.02169981916817365,0.009041591320072317,0.006792123370993572,0.015778656540536614,0.00898653316954304,False,True
5469,瀚宇博,20250522,20250523,59.3,Trailing Stop,20250602,59.9,20250604,60.8,0.010118043844856706,0.025295109612141653,0.015177065767284947,0.004261774613766796,0.01936910936683579,0.015107334753068993,False,True
5469,瀚宇博,20260116,20260119,101.5,Day 8 Time Stop,20260128,102.5,20260128,102.5,0.009852216748768461,0.009852216748768461,0.0,0.003996072296491746,0.003996072296491746,0.0,False,True
5469,瀚宇博,20260420,20260421,97.7,Close Confirmed Stop,20260424,93.1,20260430,82.3,-0.04708290685772787,-0.15762538382804514,-0.11054247697031727,-0.052574645678371446,-0.16248461383459648,-0.10990996815622503,False,True
5475,德宏,20250731,20250801,36.0,Close Confirmed Stop,20250807,35.1,20250812,40.3,-0.02499999999999991,0.11944444444444446,0.14444444444444438,-0.03067135667883956,0.1129933928013222,0.14366474948016175,True,True
5483,中美晶,20220104,20220105,244.0,Close Confirmed Stop,20220112,231.0,20220114,222.5,-0.05327868852459017,-0.08811475409836067,-0.0348360655737705,-0.05873745813788277,-0.09338928769925338,-0.03465182956137061,False,True
5483,中美晶,20220530,20220531,170.0,Day 5 Weakness,20220608,170.0,20220610,171.0,0.0,0.00588235294117645,0.00588235294117645,-0.005802031378496322,6.621738526783385e-05,0.005868248763764156,True,True
5483,中美晶,20220809,20220810,154.5,Day 8 Time Stop,20220819,166.0,20220819,166.0,0.0744336569579287,0.0744336569579287,0.0,0.0682056857498021,0.0682056857498021,0.0,False,True
5483,中美晶,20221115,20221116,163.0,Day 5 Weakness,20221123,160.0,20221125,158.0,-0.018404907975460127,-0.030674846625766916,-0.012269938650306789,-0.0241074327063369,-0.03631445916683447,-0.01220702646049757,False,True
5483,中美晶,20230714,20230717,187.0,Day 5 Weakness,20230724,180.5,20230726,165.5,-0.03475935828877008,-0.11497326203208558,-0.0802139037433155,-0.04037791970608011,-0.120099112473433,-0.07972119276735289,False,True
5483,中美晶,20231128,20231129,185.0,Day 5 Weakness,20231206,181.0,20231208,184.5,-0.021621621621621623,-0.002702702702702675,0.018918918918918948,-0.02729884109573606,-0.008491911727220853,0.018806929368515204,False,True
5483,中美晶,20231212,20231213,192.0,Day 8 Time Stop,20231222,199.0,20231222,199.0,0.03645833333333326,0.03645833333333326,0.0,0.030472943345378457,0.030472943345378457,0.0,False,True
5483,中美晶,20240308,20240311,210.0,Day 5 Weakness,20240318,207.5,20240320,240.0,-0.011904761904761862,0.1428571428571428,0.15476190476190466,-0.0176240095211878,0.13623081245550347,0.1538548219766913,True,True
5483,中美晶,20250516,20250519,120.0,Close Confirmed Stop,20250521,113.5,20250528,113.0,-0.054166666666666696,-0.05833333333333335,-0.004166666666666652,-0.05964336131285862,-0.06376661493194934,-0.0041232536190907165,False,True
5483,中美晶,20260107,20260108,122.5,Close Confirmed Stop,20260109,115.0,20260119,118.0,-0.061224489795918324,-0.03673469387755102,0.024489795918367308,-0.06664965025596425,-0.042285401957577476,0.02436424829838678,False,True
5483,中美晶,20260420,20260421,133.0,Close Confirmed Stop,20260424,128.0,20260430,134.0,-0.03759398496240607,0.007518796992481258,0.04511278195488733,-0.04313839341206998,0.0016993735593494013,0.044837766971419384,True,True
5508,永信建,20240702,20240703,250.0,Close Confirmed Stop,20240705,236.5,20240712,219.5,-0.05400000000000005,-0.122,-0.06799999999999995,-0.05945919591833305,-0.12706103199711322,-0.06760183607878018,False,True
5515,建國,20240315,20240318,20.45,Close Confirmed Stop,20240320,18.95,20240327,21.55,-0.07334963325183375,0.05378973105134488,0.12713936430317863,-0.07870419423177066,0.047663745420528515,0.12636793965229917,True,True
5519,隆大,20240607,20240611,53.4,Close Confirmed Stop,20240613,49.6,20240620,48.75,-0.07116104868913853,-0.0870786516853932,-0.015917602996254665,-0.0765210724147043,-0.0923671835050705,-0.01584611109036621,False,True
5519,隆大,20240715,20240716,52.0,Day 5 Weakness,20240723,52.6,20240729,54.5,0.011538461538461497,0.04807692307692313,0.03653846153846163,0.005679491652183847,0.04199699992851902,0.036317508276335175,False,True
5522,遠雄,20241213,20241216,77.8,Day 8 Time Stop,20241225,82.0,20241225,82.0,0.05398457583547556,0.05398457583547556,0.0,0.04785728452383327,0.04785728452383327,0.0,False,True
5522,遠雄,20241225,20241226,81.5,Close Confirmed Stop,20250102,73.9,20250107,72.5,-0.0932515337423312,-0.11042944785276076,-0.01717791411042957,-0.09849730792117697,-0.115600645897932,-0.01710333797675502,False,True
5522,遠雄,20251223,20251224,81.0,Close Confirmed Stop,20251230,77.0,20260106,71.9,-0.04938271604938271,-0.1123456790123456,-0.06296296296296289,-0.05486011081578435,-0.11750554861943407,-0.06264543780364973,False,True
5608,四維航,20221201,20221202,26.0,Close Confirmed Stop,20221207,25.1,20221213,25.6,-0.0346153846153846,-0.01538461538461533,0.019230769230769273,-0.040230350438648185,-0.02107902286434269,0.019151327574305495,False,True
5608,四維航,20240514,20240515,22.95,Close Confirmed Stop,20240516,21.7,20240524,20.75,-0.05446623093681913,-0.0958605664488017,-0.04139433551198257,-0.05993385719994071,-0.10109558728827955,-0.041161730088338844,False,True
5706,鳳凰,20230216,20230217,71.0,Close Confirmed Stop,20230221,68.6,20230302,69.0,-0.03380281690140852,-0.028169014084507005,0.005633802816901512,-0.03941850079666163,-0.033798203050650504,0.005620297746011124,False,True
5706,鳳凰,20230519,20230522,71.4,Trailing Stop,20230529,90.0,20230531,99.1,0.26050420168067223,0.38795518207282886,0.12745098039215663,0.25320924601453726,0.3799206967410394,0.12671145072650214,False,True
5871,中租-KY,20230130,20230131,236.5,Close Confirmed Stop,20230201,231.0,20230209,230.5,-0.023255813953488413,-0.025369978858350906,-0.002114164904862492,-0.028916953597656645,-0.03102604591787239,-0.002109092320215746,False,True
5871,中租-KY,20230714,20230717,213.0,Close Confirmed Stop,20230724,205.0,20230726,203.5,-0.03755868544600938,-0.04460093896713613,-0.007042253521126751,-0.04311592528519685,-0.05010779651072822,-0.006991871225531368,False,True
5871,中租-KY,20231011,20231012,183.5,Close Confirmed Stop,20231019,177.0,20231023,172.0,-0.03542234332425065,-0.06267029972752047,-0.027247956403269824,-0.041007100246572704,-0.06808956160640221,-0.02708246135982951,False,True
5871,中租-KY,20240925,20240926,154.0,Day 8 Time Stop,20241009,157.5,20241009,157.5,0.022727272727272707,0.022727272727272707,0.0,0.016798284744545353,0.016798284744545353,0.0,False,True
5871,中租-KY,20250211,20250212,122.5,Day 8 Time Stop,20250221,129.0,20250221,129.0,0.05306122448979589,0.05306122448979589,0.0,0.04696108398099838,0.04696108398099838,0.0,False,True
5871,中租-KY,20250516,20250519,125.0,Close Confirmed Stop,20250527,124.0,20250528,122.5,-0.008000000000000007,-0.020000000000000018,-0.01200000000000001,-0.013755146551904069,-0.025692940856957707,-0.011937794305053638,False,True
5871,中租-KY,20251219,20251222,109.5,Day 5 Weakness,20251230,108.0,20260102,104.0,-0.013698630136986356,-0.05022831050228316,-0.0365296803652968,-0.019404371617830752,-0.055712830365834166,-0.03630845874800341,False,True
5871,中租-KY,20260414,20260415,113.5,Day 8 Time Stop,20260424,121.5,20260424,121.5,0.07048458149779746,0.07048458149779746,0.0,0.06428588663240424,0.06428588663240424,0.0,False,True
6104,創惟,20230130,20230131,103.0,Day 8 Time Stop,20230209,117.0,20230209,117.0,0.13592233009708732,0.13592233009708732,0.0,0.129319898755912,0.129319898755912,0.0,False,True
6104,創惟,20230217,20230220,125.5,Day 5 Weakness,20230301,122.5,20230303,127.0,-0.0239043824701195,0.01195219123505975,0.03585657370517925,-0.02955527637796139,0.006081568542859871,0.03563684492082126,True,True
6104,創惟,20231115,20231116,117.5,Close Confirmed Stop,20231117,114.0,20231127,126.5,-0.029787234042553234,0.07659574468085117,0.10638297872340441,-0.035412482393243926,0.07034886893907862,0.10576135133232253,True,True
6104,創惟,20231122,20231123,130.0,Day 8 Time Stop,20231204,129.5,20231204,129.5,-0.0038461538461538325,-0.0038461538461538325,0.0,-0.009608107701916089,-0.009608107701916089,0.0,False,True
6104,創惟,20250514,20250515,168.5,Day 8 Time Stop,20250526,166.0,20250526,166.0,-0.014836795252225476,-0.014836795252225476,0.0,-0.020548444118056664,-0.020548444118056664,0.0,False,True
6104,創惟,20260622,20260623,110.0,Close Confirmed Stop,20260626,101.5,20260702,104.5,-0.07727272727272727,-0.050000000000000044,0.027272727272727226,-0.08262247546218651,-0.05548189168117377,0.027140583781012743,False,True
6111,大宇資,20240122,20240123,83.9,Close Confirmed Stop,20240126,76.9,20240201,76.2,-0.08343265792610255,-0.09177592371871279,-0.008343265792610244,-0.08873051988030357,-0.0970537845345789,-0.008323264654275325,False,True
6117,迎廣,20240306,20240307,88.0,Close Confirmed Stop,20240308,78.8,20240318,82.2,-0.10454545454545461,-0.06590909090909092,0.03863636363636369,-0.10972968354497975,-0.0713194615031346,0.038410222041845146,False,True
6117,迎廣,20250527,20250528,103.0,Close Confirmed Stop,20250602,94.2,20250609,96.5,-0.08543689320388348,-0.06310679611650483,0.022330097087378653,-0.09073949572527557,-0.06852981776131013,0.022209677963965432,False,True
6122,擎邦,20231114,20231115,68.0,Trailing Stop,20231124,71.1,20231124,67.8,0.045588235294117485,-0.002941176470588225,-0.04852941176470571,0.039543393747797154,-0.008702780062158914,-0.048246173809956064,False,True
6125,廣運,20220609,20220610,27.8,Close Confirmed Stop,20220617,27.1,20220621,27.8,-0.025179856115107868,0.0,0.025179856115107868,-0.03084874492910238,-0.0057958901964027835,0.025052854732699595,False,True
6125,廣運,20220819,20220822,32.15,Day 5 Weakness,20220829,30.0,20220831,33.4,-0.06687402799377917,0.038880248833592645,0.10575427682737182,-0.07227690701211201,0.0328905941731103,0.1051675011852223,True,True
6125,廣運,20230308,20230309,28.85,Close Confirmed Stop,20230313,27.5,20230320,29.45,-0.04679376083188913,0.020797227036394972,0.0675909878682841,-0.05231353925487791,0.014881983945823437,0.06719552320070135,True,True
6125,廣運,20240215,20240216,66.0,Trailing Stop,20240229,76.8,20240227,77.5,0.16363636363636358,0.1742424242424243,0.01060606060606073,0.15691443207756967,0.16746174193903607,0.010547309861466403,False,True
6125,廣運,20240520,20240521,97.2,Trailing Stop,20240530,114.5,20240530,111.5,0.17798353909465026,0.14711934156378592,-0.030864197530864335,0.17115662250908104,0.14046648938307843,-0.030690133126002606,False,True
6125,廣運,20250724,20250725,74.1,Day 5 Weakness,20250801,72.4,20250805,74.6,-0.022941970310391246,0.006747638326585648,0.029689608636976894,-0.028620200552556013,0.0009315126639250449,0.02955171321648106,True,True
6125,廣運,20260526,20260527,69.5,Close Confirmed Stop,20260528,67.0,20260605,64.8,-0.03597122302158273,-0.06762589928057561,-0.031654676258992875,-0.041582631040611585,-0.07302807403454961,-0.031445442993938026,False,True
6127,九豪,20220105,20220106,31.8,Close Confirmed Stop,20220111,29.95,20220117,29.35,-0.05817610062893086,-0.07704402515723263,-0.01886792452830177,-0.06363413490931231,-0.08239015648328349,-0.018756021573971174,False,True
6129,普誠,20220805,20220808,37.4,Day 8 Time Stop,20220817,41.9,20220817,41.9,0.1203208556149733,0.1203208556149733,0.0,0.11383512834844936,0.11383512834844936,0.0,False,True
6129,普誠,20221124,20221125,32.35,Day 8 Time Stop,20221206,35.0,20221206,35.0,0.08191653786707875,0.08191653786707875,0.0,0.07565603225870392,0.07565603225870392,0.0,False,True
6129,普誠,20230308,20230309,38.9,Close Confirmed Stop,20230313,35.85,20230320,36.0,-0.07840616966580971,-0.07455012853470433,0.003856041131105381,-0.08374933943053683,-0.07990254227102803,0.003846797159508808,False,True
6134,萬旭,20241016,20241017,44.6,Close Confirmed Stop,20241018,42.15,20241028,36.55,-0.05493273542600907,-0.18049327354260103,-0.12556053811659196,-0.06040201022094951,-0.18526108153745532,-0.12485907131650581,False,True
6134,萬旭,20260303,20260304,34.3,Close Confirmed Stop,20260306,32.0,20260313,30.3,-0.06705539358600576,-0.11661807580174921,-0.04956268221574345,-0.07246018845579312,-0.12173730418172396,-0.04927711572593084,False,True
6138,茂達,20221202,20221205,146.5,Close Confirmed Stop,20221208,133.5,20221214,134.0,-0.0887372013651877,-0.08532423208191131,0.0034129692832763903,-0.09403002938463464,-0.09062524496384379,0.0034047844207908545,False,True
6138,茂達,20230410,20230411,168.0,Day 8 Time Stop,20230420,168.0,20230420,168.0,0.0,0.0,0.0,-0.005804065891615671,-0.005804065891615671,0.0,False,True
6138,茂達,20231114,20231115,184.5,Trailing Stop,20231124,198.0,20231124,199.0,0.07317073170731714,0.07859078590785917,0.005420054200542035,0.06695541184894307,0.07232905778374975,0.005373645934806673,False,True
6139,亞翔,20221205,20221206,37.0,Day 8 Time Stop,20221215,38.35,20221215,38.35,0.03648648648648645,0.03648648648648645,0.0,0.03050337915171854,0.03050337915171854,0.0,False,True
6139,亞翔,20230406,20230407,50.0,Close Confirmed Stop,20230414,47.0,20230418,45.9,-0.06000000000000005,-0.08200000000000007,-0.02200000000000002,-0.06542098796510383,-0.08730156258596052,-0.021880574620856685,False,True
6139,亞翔,20230517,20230518,62.0,Day 8 Time Stop,20230529,63.8,20230529,63.8,0.029032258064516148,0.029032258064516148,0.0,0.023097233801875,0.023097233801875,0.0,False,True
6139,亞翔,20231120,20231121,146.0,Trailing Stop,20231124,139.5,20231130,146.0,-0.044520547945205435,0.0,0.044520547945205435,-0.05004774467309902,-0.005800760911959735,0.04424698376113929,False,True
6139,亞翔,20231212,20231213,167.0,Close Confirmed Stop,20231214,160.5,20231222,157.0,-0.038922155688622784,-0.05988023952095811,-0.020958083832335328,-0.04446725431756171,-0.06530826751243105,-0.020841013194869334,False,True
6139,亞翔,20231229,20240102,171.5,Close Confirmed Stop,20240105,161.0,20240111,156.5,-0.061224489795918324,-0.08746355685131191,-0.026239067055393583,-0.06665547629825411,-0.09276467388090699,-0.026109197582652885,False,True
6139,亞翔,20240321,20240322,197.0,Day 8 Time Stop,20240402,279.0,20240402,279.0,0.41624365482233494,0.41624365482233494,0.0,0.40804611654047007,0.40804611654047007,0.0,False,True
6139,亞翔,20241021,20241022,234.5,Close Confirmed Stop,20241025,228.5,20241101,233.0,-0.02558635394456288,-0.006396588486140775,0.019189765458422103,-0.031244080233088903,-0.012167423628415865,0.019076656604673038,False,True
6139,亞翔,20250120,20250121,241.5,Day 8 Time Stop,20250210,247.5,20250210,247.5,0.024844720496894457,0.024844720496894457,0.0,0.0189197352829702,0.0189197352829702,0.0,False,True
6139,亞翔,20250624,20250625,342.0,Close Confirmed Stop,20250630,309.5,20250704,298.5,-0.09502923976608191,-0.1271929824561403,-0.032163742690058394,-0.1002888028945332,-0.13224110723964216,-0.03195230434510897,False,True
6143,振曜,20221125,20221128,75.7,Day 5 Weakness,20221205,74.0,20221207,69.2,-0.022457067371202122,-0.08586525759577279,-0.06340819022457067,-0.028140807583266703,-0.0911631732954586,-0.0630223657121919,False,True
6143,振曜,20230202,20230203,79.3,Close Confirmed Stop,20230208,77.3,20230214,77.1,-0.02522068095838592,-0.02774274905422447,-0.0025220680958385477,-0.030865065147095652,-0.03338108524905577,-0.0025160201019601147,False,True
6143,振曜,20230216,20230217,81.7,Day 8 Time Stop,20230302,88.4,20230302,88.4,0.08200734394124853,0.08200734394124853,0.0,0.07573923522075063,0.07573923522075063,0.0,False,True
6143,振曜,20230324,20230327,106.5,Day 5 Weakness,20230406,101.0,20230410,101.5,-0.05164319248826288,-0.04694835680751175,0.0046948356807511304,-0.057120366329543384,-0.052436787096579576,0.004683579232963808,False,True
6143,振曜,20230614,20230615,96.0,Close Confirmed Stop,20230619,93.4,20230628,87.0,-0.027083333333333237,-0.09375,-0.06666666666666676,-0.0327163556172923,-0.09898982301498642,-0.06627346739769412,False,True
6143,振曜,20231113,20231114,91.4,Day 8 Time Stop,20231123,90.6,20231123,90.6,-0.00875273522975939,-0.00875273522975939,0.0,-0.014504461352918002,-0.014504461352918002,0.0,False,True
6143,振曜,20240305,20240306,104.5,Trailing Stop,20240311,99.9,20240315,94.1,-0.04401913875598085,-0.09952153110047857,-0.05550239234449772,-0.04955274147013869,-0.10475496800131581,-0.05520222653117712,False,True
6143,振曜,20240614,20240617,141.0,Day 5 Weakness,20240624,138.5,20240626,135.0,-0.01773049645390068,-0.04255319148936165,-0.024822695035460973,-0.02342675653403163,-0.048089703804637195,-0.024662947270605563,False,True
6143,振曜,20250905,20250908,150.5,Day 5 Weakness,20250915,144.5,20250917,140.0,-0.039867109634551534,-0.06976744186046513,-0.029900332225913595,-0.04540310730896811,-0.07513173046204372,-0.029728623153075603,False,True
6147,頎邦,20221116,20221117,58.8,Close Confirmed Stop,20221128,57.8,20221128,57.7,-0.017006802721088454,-0.018707482993197133,-0.001700680272108679,-0.022700159058404636,-0.02439676180101976,-0.001696602742615124,False,True
6147,頎邦,20230301,20230302,69.2,Day 8 Time Stop,20230313,70.3,20230313,70.3,0.01589595375722541,0.01589595375722541,0.0,0.01002802360292939,0.01002802360292939,0.0,False,True
6147,頎邦,20230728,20230731,70.4,Close Confirmed Stop,20230802,68.7,20230810,67.4,-0.024147727272727293,-0.042613636363636354,-0.01846590909090906,-0.02982510800375945,-0.048146614102166974,-0.018321506098407523,False,True
6147,頎邦,20231212,20231213,71.7,Trailing Stop,20231220,73.3,20231222,73.3,0.02231520223152006,0.02231520223152006,0.0,0.016390177217348752,0.016390177217348752,0.0,False,True
6147,頎邦,20240313,20240314,78.4,Close Confirmed Stop,20240318,76.9,20240325,75.1,-0.01913265306122447,-0.042091836734693966,-0.022959183673469497,-0.024818473355356592,-0.04762258553544355,-0.02280411218008696,False,True
6147,頎邦,20260508,20260511,191.0,Trailing Stop,20260512,196.5,20260520,215.5,0.028795811518324665,0.12827225130890052,0.09947643979057585,0.02284183456445666,0.12174444788080203,0.09890261331634537,False,True
6153,嘉聯益,20220601,20220602,23.45,Day 8 Time Stop,20220614,24.3,20220614,24.3,0.03624733475479758,0.03624733475479758,0.0,0.030264683239825244,0.030264683239825244,0.0,False,True
6153,嘉聯益,20240830,20240902,24.0,Close Confirmed Stop,20240904,21.65,20240911,20.5,-0.09791666666666676,-0.14583333333333337,-0.04791666666666661,-0.1031465010012685,-0.15078159757007,-0.04763509656880151,False,True
6160,欣技,20230324,20230327,28.55,Day 5 Weakness,20230406,27.9,20230410,30.25,-0.022767075306479923,0.05954465849387036,0.08231173380035028,-0.028444164058643334,0.053403494262382147,0.08184765832102547,True,True
6163,華電網,20230331,20230406,21.6,Day 8 Time Stop,20230417,24.45,20230417,24.45,0.13194444444444442,0.13194444444444442,0.0,0.12536444425120732,0.12536444425120732,0.0,False,True
6163,華電網,20240711,20240712,26.05,Trailing Stop,20240722,25.85,20240723,25.6,-0.007677543186180413,-0.017274472168905874,-0.009596928982725461,-0.01342307606729202,-0.022963665259613297,-0.009540589192321277,False,True
6166,凌華,20230725,20230726,82.8,Close Confirmed Stop,20230727,77.9,20230807,70.5,-0.05917874396135259,-0.14855072463768115,-0.08937198067632857,-0.06460871536480756,-0.15346569844632865,-0.0888569830815211,False,True
6166,凌華,20260511,20260512,96.5,Day 8 Time Stop,20260521,118.5,20260521,118.5,0.22797927461139889,0.22797927461139889,0.0,0.2208621949222743,0.2208621949222743,0.0,False,True
6168,宏齊,20240223,20240226,29.9,Close Confirmed Stop,20240227,26.65,20240307,25.75,-0.10869565217391308,-0.1387959866220735,-0.030100334448160404,-0.11386542398756216,-0.1437602770221497,-0.029894853034587526,False,True
6168,宏齊,20260624,20260625,34.3,Close Confirmed Stop,20260626,32.5,20260706,29.9,-0.052478134110787056,-0.1282798833819242,-0.07580174927113714,-0.0579512254447503,-0.1333044557068476,-0.0753532302620973,False,True
6173,信昌電,20260102,20260105,71.1,Close Confirmed Stop,20260108,67.0,20260114,76.6,-0.057665260196905654,0.07735583684950775,0.1350210970464134,-0.06312720635494451,0.0711031174807946,0.13423032383573913,True,True
6173,信昌電,20260415,20260416,76.3,Trailing Stop,20260424,84.5,20260427,77.4,0.10747051114023587,0.014416775884665833,-0.09305373525557004,0.10107558652068753,0.008545465768443634,-0.0925301207522439,False,True
6175,立敦,20251209,20251210,52.4,Close Confirmed Stop,20251216,50.7,20251219,53.0,-0.03244274809160297,0.011450381679389388,0.043893129770992356,-0.038066814745095316,0.005587571248320534,0.04365438599341585,True,True
6176,瑞儀,20240308,20240311,170.0,Trailing Stop,20240318,172.5,20240320,188.5,0.014705882352941124,0.10882352941176476,0.09411764705882364,0.00883521483269434,0.10242681376894412,0.09359159893624978,False,True
6176,瑞儀,20240830,20240902,197.5,Day 5 Weakness,20240909,192.0,20240911,196.5,-0.027848101265822822,-0.005063291139240533,0.02278481012658229,-0.03349530196106074,-0.010832122510061801,0.02266317945099894,False,True
6176,瑞儀,20241021,20241022,213.0,Day 8 Time Stop,20241101,208.0,20241101,208.0,-0.023474178403755874,-0.023474178403755874,0.0,-0.02913218283413386,-0.02913218283413386,0.0,False,True
6176,瑞儀,20251224,20251226,130.5,Close Confirmed Stop,20251231,125.5,20260107,124.0,-0.03831417624521072,-0.04980842911877392,-0.011494252873563204,-0.04386176352175106,-0.0552950357234098,-0.01143327220165874,False,True
6177,達麗,20240408,20240409,45.4,Day 8 Time Stop,20240418,47.45,20240418,47.45,0.045154185022026505,0.045154185022026505,0.0,0.03911619036802178,0.03911619036802178,0.0,False,True
6177,達麗,20240430,20240502,65.0,Trailing Stop,20240510,64.5,20240513,60.0,-0.007692307692307665,-0.07692307692307687,-0.0692307692307692,-0.013436863741467983,-0.0822684000197954,-0.06883153627832743,False,True
6177,達麗,20250917,20250918,54.2,Close Confirmed Stop,20250922,50.2,20250930,49.15,-0.07380073800738007,-0.09317343173431747,-0.019372693726937396,-0.07915899852386064,-0.09841848676748374,-0.0192594882436231,False,True
6179,亞通,20240129,20240130,33.6,Day 8 Time Stop,20240219,34.55,20240219,34.55,0.028273809523809312,0.028273809523809312,0.0,0.02233951567018145,0.02233951567018145,0.0,False,True
6179,亞通,20240229,20240301,36.5,Day 5 Weakness,20240308,35.4,20240312,34.3,-0.03013698630136985,-0.06027397260273981,-0.03013698630136996,-0.035760904343446,-0.06569235385620263,-0.029931449512756635,False,True
6182,合晶,20220825,20220826,54.5,Close Confirmed Stop,20220830,51.5,20220906,47.3,-0.05504587155963303,-0.13211009174311927,-0.07706422018348624,-0.06051560487244345,-0.13712804678113374,-0.07661244190869029,False,True
6182,合晶,20221111,20221114,45.25,Day 8 Time Stop,20221123,45.2,20221123,45.2,-0.001104972375690516,-0.001104972375690516,0.0,-0.006899848555488129,-0.006899848555488129,0.0,False,True
6182,合晶,20221201,20221202,47.65,Close Confirmed Stop,20221207,45.75,20221213,43.85,-0.039874081846799525,-0.07974816369359905,-0.039874081846799525,-0.045413120192567255,-0.0850914847372887,-0.03967836454472144,False,True
6182,合晶,20230130,20230131,44.4,Day 8 Time Stop,20230209,46.65,20230209,46.65,0.05067567567567566,0.05067567567567566,0.0,0.04459191615878605,0.04459191615878605,0.0,False,True
6182,合晶,20230322,20230323,48.75,Day 5 Weakness,20230330,48.55,20230406,47.6,-0.004102564102564155,-0.023589743589743528,-0.019487179487179374,-0.009859809689474397,-0.02926690605401778,-0.01940709636454338,False,True
6182,合晶,20240705,20240708,42.0,Close Confirmed Stop,20240711,40.2,20240717,40.05,-0.042857142857142816,-0.046428571428571486,-0.0035714285714286698,-0.048386394986838846,-0.05194926154662279,-0.0035628665597839462,False,True
6182,合晶,20250821,20250822,25.4,Close Confirmed Stop,20250826,24.2,20250902,23.2,-0.047244094488189003,-0.08661417322834641,-0.03937007874015741,-0.05276275709873835,-0.09190506751667639,-0.03914231041793804,False,True
6182,合晶,20250905,20250908,25.8,Day 8 Time Stop,20250917,33.1,20250917,33.1,0.2829457364341086,0.2829457364341086,0.0,0.2755362360655196,0.2755362360655196,0.0,False,True
6182,合晶,20260422,20260423,46.2,Close Confirmed Stop,20260424,41.15,20260505,48.5,-0.10930735930735935,0.04978354978354971,0.15909090909090906,-0.1144781766080341,0.043697618605031595,0.15817579521306568,True,True
6182,合晶,20260506,20260507,51.5,Trailing Stop,20260513,54.1,20260518,55.0,0.05048543689320395,0.06796116504854366,0.01747572815533971,0.04439567757640775,0.061762756299376734,0.017367078722968984,False,True
6185,幃翔,20230605,20230606,27.05,Close Confirmed Stop,20230609,24.9,20230615,22.65,-0.07948243992606296,-0.16266173752310542,-0.08317929759704246,-0.08482404062041082,-0.16750378827652637,-0.08267974765611555,False,True
6187,萬潤,20231225,20231226,142.0,Day 5 Weakness,20240103,140.0,20240105,142.5,-0.014084507042253502,0.0035211267605634866,0.01760563380281699,-0.019814116549007655,-0.002284015024415794,0.017530101524591862,True,True
6187,萬潤,20240709,20240710,352.5,Close Confirmed Stop,20240712,300.0,20240719,256.5,-0.14893617021276595,-0.27234042553191484,-0.12340425531914889,-0.15384253258994385,-0.27655102970099865,-0.1227084971110548,False,True
6187,萬潤,20250612,20250613,350.0,Day 8 Time Stop,20250624,402.0,20250624,402.0,0.14857142857142858,0.14857142857142858,0.0,0.14192116945127445,0.14192116945127445,0.0,False,True
6187,萬潤,20250625,20250626,416.0,Close Confirmed Stop,20250627,404.5,20250707,394.0,-0.027644230769230727,-0.05288461538461542,-0.025240384615384692,-0.03327590842313802,-0.05835576452212766,-0.02507985609898964,False,True
6188,廣明,20230303,20230306,53.1,Day 5 Weakness,20230313,52.2,20230315,52.0,-0.016949152542372836,-0.020715630885122405,-0.0037664783427495685,-0.0226402571568656,-0.02639770600330861,-0.0037574488464430095,False,True
6188,廣明,20230601,20230602,72.2,Close Confirmed Stop,20230609,66.2,20230613,68.4,-0.08310249307479223,-0.05263157894736836,0.030470914127423865,-0.08839990904171413,-0.05810202132227241,0.030297887719441724,False,True
6188,廣明,20240520,20240521,99.5,Trailing Stop,20240524,110.0,20240530,120.0,0.10552763819095468,0.20603015075376874,0.10050251256281406,0.09914294072382199,0.1990710885780962,0.0999281478542742,False,True
6188,廣明,20241219,20241220,108.5,Day 8 Time Stop,20241231,111.5,20241231,111.5,0.02764976958525356,0.02764976958525356,0.0,0.02171805964970067,0.02171805964970067,0.0,False,True
6188,廣明,20250217,20250218,112.5,Day 5 Weakness,20250225,110.0,20250227,107.5,-0.022222222222222254,-0.0444444444444444,-0.022222222222222143,-0.02790359704907975,-0.049972427935131715,-0.022068830886051966,False,True
6188,廣明,20250925,20250926,125.5,Close Confirmed Stop,20250930,118.0,20251009,110.0,-0.05976095617529875,-0.12350597609561753,-0.06374501992031878,-0.06519212129878266,-0.12855022700945262,-0.06335810571066997,False,True
6189,豐藝,20240325,20240326,91.0,Day 8 Time Stop,20240408,94.1,20240408,94.1,0.034065934065933945,0.034065934065933945,0.0,0.028084580673073702,0.028084580673073702,0.0,False,True
6189,豐藝,20240516,20240517,94.5,Close Confirmed Stop,20240523,89.0,20240528,104.5,-0.05820105820105825,0.10582010582010581,0.16402116402116407,-0.0636589252517042,0.09943568263253816,0.16309460788424235,True,True
6189,豐藝,20240628,20240701,97.3,Trailing Stop,20240708,101.5,20240710,94.7,0.043165467625899234,-0.02672147995888996,-0.0698869475847892,0.03713281973572859,-0.03235335158364781,-0.0694861713193764,False,True
6190,萬泰科,20230601,20230602,36.45,Day 5 Weakness,20230609,35.75,20230613,34.6,-0.019204389574760006,-0.050754458161865634,-0.03155006858710563,-0.024888409448385055,-0.05622953157240057,-0.03134112212401552,False,True
6190,萬泰科,20240314,20240315,35.5,Day 5 Weakness,20240322,35.35,20240326,35.2,-0.004225352112676051,-0.00845070422535199,-0.00422535211267594,-0.009978595493488427,-0.014193818802996772,-0.004215223309508345,False,True
6190,萬泰科,20240618,20240619,45.0,Close Confirmed Stop,20240620,41.8,20240628,40.85,-0.07111111111111112,-0.0922222222222222,-0.02111111111111108,-0.07646978189035908,-0.09749696870948475,-0.021027186819125673,False,True
6190,萬泰科,20250521,20250522,39.55,Day 8 Time Stop,20250603,40.0,20250603,40.0,0.01137800252844512,0.01137800252844512,0.0,0.005517796385231369,0.005517796385231369,0.0,False,True
6190,萬泰科,20250605,20250606,41.1,Close Confirmed Stop,20250609,39.95,20250617,41.9,-0.027980535279805263,0.019464720194647178,0.04744525547445244,-0.033610188360452146,0.013554688438290772,0.04716487679874292,True,True
6190,萬泰科,20250612,20250613,41.75,Close Confirmed Stop,20250616,40.05,20250624,39.95,-0.040718562874251574,-0.04311377245508974,-0.0023952095808381646,-0.0462543010197283,-0.04864376805377025,-0.002389467034041949,False,True
6190,萬泰科,20260122,20260123,51.9,Trailing Stop,20260128,52.5,20260203,48.2,0.011560693641618602,-0.07129094412331394,-0.08285163776493254,0.005700940238042703,-0.07665195480270537,-0.08235289504074807,False,True
6190,萬泰科,20260423,20260424,70.0,Day 5 Weakness,20260504,70.3,20260506,75.0,0.004285714285714226,0.0714285714285714,0.06714285714285717,-0.0015215139277566607,0.0652270718313071,0.06674858575906377,False,True
6191,精成科,20230607,20230608,42.0,Day 8 Time Stop,20230619,42.15,20230619,42.15,0.0035714285714285587,0.0035714285714285587,0.0,-0.0022358633699019166,-0.0022358633699019166,0.0,False,True
6191,精成科,20231201,20231204,70.5,Day 8 Time Stop,20231213,71.1,20231213,71.1,0.008510638297872353,0.008510638297872353,0.0,0.002660270951362642,0.002660270951362642,0.0,False,True
6191,精成科,20240702,20240703,76.0,Close Confirmed Stop,20240709,69.0,20240712,67.0,-0.09210526315789469,-0.11842105263157898,-0.026315789473684292,-0.09734994502757685,-0.12353594737587698,-0.026186002348300125,False,True
6191,精成科,20250513,20250514,73.5,Close Confirmed Stop,20250520,71.4,20250523,86.8,-0.02857142857142847,0.18095238095238098,0.20952380952380945,-0.034205505468619925,0.1741148928220366,0.20832039829065652,True,True
6191,精成科,20250526,20250527,89.4,Trailing Stop,20250602,83.4,20250606,79.1,-0.06711409395973156,-0.11521252796420589,-0.04809843400447433,-0.07251814539113102,-0.12033455493522392,-0.0478164095440929,False,True
6191,精成科,20250723,20250724,108.5,Trailing Stop,20250805,113.0,20250804,111.5,0.041474654377880116,0.02764976958525356,-0.013824884792626557,0.035476454439393935,0.02171805964970067,-0.013758394789693266,False,True
6196,帆宣,20240216,20240219,162.5,Close Confirmed Stop,20240220,155.5,20240229,159.0,-0.043076923076923124,-0.021538461538461506,0.021538461538461617,-0.0486112103774308,-0.02722459162578178,0.021386618751649017,False,True
6196,帆宣,20251219,20251222,279.0,Day 5 Weakness,20251230,269.5,20260102,276.0,-0.03405017921146958,-0.010752688172043001,0.023297491039426577,-0.03961181879703495,-0.01650401157684241,0.023107807220192542,False,True
6196,帆宣,20260410,20260413,330.0,Day 8 Time Stop,20260422,390.5,20260422,390.5,0.18333333333333335,0.18333333333333335,0.0,0.1764914244982636,0.1764914244982636,0.0,False,True
6196,帆宣,20260508,20260511,420.0,Day 5 Weakness,20260518,398.0,20260520,404.0,-0.05238095238095242,-0.03809523809523807,0.014285714285714346,-0.05786914528317423,-0.043651190717779335,0.014217954565394895,False,True
6197,佳必琪,20260312,20260313,168.0,Trailing Stop,20260324,188.0,20260324,173.5,0.11904761904761907,0.032738095238095344,-0.08630952380952372,0.11259075698633127,0.026755345238534362,-0.08583541174779691,False,True
6202,盛群,20260522,20260525,62.0,Close Confirmed Stop,20260601,58.8,20260603,58.4,-0.05161290322580647,-0.058064516129032295,-0.006451612903225823,-0.0570878178852262,-0.06352396392870643,-0.006436146043480237,False,True
6203,海韻電,20230727,20230728,113.0,Close Confirmed Stop,20230801,104.5,20230809,102.5,-0.0752212389380531,-0.09292035398230092,-0.017699115044247815,-0.08057297934151003,-0.09816296725124879,-0.017589987909738758,False,True
6206,飛捷,20250221,20250224,170.0,Close Confirmed Stop,20250227,163.0,20250306,141.5,-0.04117647058823526,-0.16764705882352937,-0.1264705882352941,-0.04671289423374738,-0.17247973427604107,-0.1257668400422937,False,True
6206,飛捷,20250611,20250612,122.5,Close Confirmed Stop,20250616,119.0,20250623,113.5,-0.02857142857142858,-0.07346938775510203,-0.04489795918367345,-0.03420853143586977,-0.07883177440515769,-0.04462324296928792,False,True
6207,雷科,20240401,20240402,44.25,Trailing Stop,20240411,57.8,20240415,61.5,0.30621468926553663,0.38983050847457634,0.08361581920903971,0.2986499634919518,0.3817653298155069,0.08311536632355515,False,True
6207,雷科,20260422,20260423,61.0,Close Confirmed Stop,20260424,57.0,20260505,68.1,-0.06557377049180324,0.1163934426229507,0.18196721311475395,-0.07098127823434242,0.1099495644826679,0.18093084271701032,True,True
6209,今國光,20250814,20250815,32.15,Day 8 Time Stop,20250826,38.25,20250826,38.25,0.18973561430793162,0.18973561430793162,0.0,0.18285110942585006,0.18285110942585006,0.0,False,True
6209,今國光,20250922,20250923,41.95,Close Confirmed Stop,20250924,37.7,20251003,39.85,-0.10131108462455307,-0.050059594755661574,0.0512514898688915,-0.10653274727571711,-0.05553748042587464,0.05099526684984247,False,True
6209,今國光,20251031,20251103,46.4,Day 8 Time Stop,20251112,48.4,20251112,48.4,0.0431034482758621,0.0431034482758621,0.0,0.03706562124540329,0.03706562124540329,0.0,False,True
6209,今國光,20260421,20260422,67.5,Close Confirmed Stop,20260424,61.0,20260504,62.5,-0.09629629629629632,-0.07407407407407407,0.022222222222222254,-0.10152795701181884,-0.07942564250197497,0.022102314509843873,False,True
6209,今國光,20260507,20260508,72.2,Close Confirmed Stop,20260511,68.0,20260519,71.8,-0.05817174515235457,-0.005540166204986208,0.05263157894736836,-0.06362890699115334,-0.011290132235790406,0.05233877475536293,False,True
6213,聯茂,20221111,20221114,71.3,Trailing Stop,20221122,72.4,20221123,76.3,0.015427769985974837,0.07012622720897621,0.05469845722300137,0.009558707355282163,0.06392595211422622,0.054367244758944056,False,True
6213,聯茂,20240205,20240215,91.0,Trailing Stop,20240220,93.1,20240226,89.0,0.023076923076922995,-0.02197802197802201,-0.045054945054945006,0.017155269886643502,-0.02765823979028801,-0.04481350967693151,False,True
6213,聯茂,20241023,20241024,78.2,Day 5 Weakness,20241101,76.0,20241105,78.0,-0.02813299232736577,-0.002557544757033292,0.025575447570332477,-0.03376367063626777,-0.00834955997373556,0.02541411066253221,False,True
6213,聯茂,20241226,20241227,81.2,Close Confirmed Stop,20250106,78.0,20250108,77.6,-0.039408866995073955,-0.044334975369458185,-0.0049261083743842304,-0.044944357967062594,-0.04985865777282549,-0.004914299805762898,False,True
6213,聯茂,20250508,20250509,71.3,Day 8 Time Stop,20250520,78.3,20250520,78.3,0.09817671809256656,0.09817671809256656,0.0,0.09180915558538105,0.09180915558538105,0.0,False,True
6213,聯茂,20250520,20250521,78.0,Trailing Stop,20250529,88.5,20250602,86.8,0.13461538461538458,0.11282051282051286,-0.021794871794871717,0.1280279437667969,0.1063853406180019,-0.021642603148795014,False,True
6213,聯茂,20250725,20250728,99.5,Day 5 Weakness,20250804,98.6,20250806,90.7,-0.009045226130653283,-0.08844221105527639,-0.0793969849246231,-0.014788484964689793,-0.09372838748590653,-0.07893990252121674,False,True
6213,聯茂,20260105,20260106,122.0,Close Confirmed Stop,20260108,113.5,20260115,115.5,-0.069672131147541,-0.05327868852459017,0.016393442622950838,-0.07504362404111452,-0.05875631308280221,0.01628731095831231,False,True
6213,聯茂,20260122,20260123,125.0,Close Confirmed Stop,20260127,118.5,20260203,107.5,-0.052000000000000046,-0.14,-0.08799999999999997,-0.05748249106900352,-0.1449706060542753,-0.08748811498527179,False,True
6214,精誠,20260817,20260818,175.0,Day 8 Time Stop,20260827,182.5,20260827,182.5,0.04285714285714293,0.04285714285714293,0.0,0.036819510176636545,0.036819510176636545,0.0,False,True
6215,和椿,20240515,20240516,51.3,Day 8 Time Stop,20240527,54.6,20240527,54.6,0.06432748538011701,0.06432748538011701,0.0,0.05814290002500983,0.05814290002500983,0.0,False,True
6215,和椿,20240705,20240708,67.7,Close Confirmed Stop,20240709,64.9,20240717,61.1,-0.041358936484490405,-0.0974889217134417,-0.056129985228951296,-0.04689451140714183,-0.10272305621103348,-0.05582854480389165,False,True
6215,和椿,20241224,20241225,92.7,Close Confirmed Stop,20241230,87.4,20250106,105.0,-0.057173678532901784,0.1326860841423947,0.18985976267529647,-0.0626357278227006,0.12610184068544916,0.18873756850814977,True,True
6215,和椿,20250207,20250210,135.0,Day 5 Weakness,20250217,133.0,20250219,133.0,-0.014814814814814836,-0.014814814814814836,0.0,-0.020508350501483218,-0.020508350501483218,0.0,False,True
6215,和椿,20260512,20260513,123.5,Close Confirmed Stop,20260515,119.0,20260522,134.5,-0.036437246963562764,0.08906882591093113,0.1255060728744939,-0.04198903220156492,0.08274828262073368,0.1247373148222986,True,True
6215,和椿,20260522,20260525,136.0,Close Confirmed Stop,20260529,126.5,20260603,117.5,-0.06985294117647056,-0.13602941176470584,-0.06617647058823528,-0.07522047986243872,-0.14100464856724804,-0.06578416870480931,False,True
6217,中探針,20220112,20220113,60.6,Close Confirmed Stop,20220114,57.2,20220124,48.3,-0.05610561056105612,-0.20297029702970304,-0.14686468646864692,-0.06157090157944844,-0.2076164773439528,-0.14604557576450436,False,True
6217,中探針,20220325,20220328,57.8,Trailing Stop,20220408,58.4,20220408,60.1,0.01038062283737018,0.03979238754325265,0.02941176470588247,0.004522942445146966,0.03379748833750172,0.029274545892354755,False,True
6217,中探針,20220607,20220608,69.8,Close Confirmed Stop,20220615,64.9,20220617,63.3,-0.07020057306590244,-0.09312320916905448,-0.02292263610315204,-0.07556444352722042,-0.09836542772311456,-0.022800984195894144,False,True
6217,中探針,20240704,20240705,52.2,Trailing Stop,20240709,52.1,20240716,48.6,-0.0019157088122605526,-0.06896551724137934,-0.06704980842911878,-0.007707716322956522,-0.0743635007172927,-0.06665578439433617,False,True
6220,岳豐,20220818,20220819,31.1,Close Confirmed Stop,20220823,28.55,20220830,30.0,-0.08199356913183287,-0.03536977491961424,0.04662379421221863,-0.08729522814509748,-0.040983264408395136,0.04631196373670234,False,True
6223,旺矽,20221121,20221122,107.5,Day 8 Time Stop,20221201,126.5,20221201,126.5,0.17674418604651154,0.17674418604651154,0.0,0.16994578620528014,0.16994578620528014,0.0,False,True
6223,旺矽,20230208,20230209,125.5,Close Confirmed Stop,20230210,125.0,20230220,123.5,-0.003984063745019917,-0.015936254980079667,-0.01195219123505975,-0.009749599719085353,-0.02163969224698884,-0.011890092527903488,False,True
6223,旺矽,20230519,20230522,152.0,Day 8 Time Stop,20230531,163.0,20230531,163.0,0.07236842105263164,0.07236842105263164,0.0,0.06616249933635585,0.06616249933635585,0.0,False,True
6223,旺矽,20230714,20230717,187.5,Day 5 Weakness,20230724,190.0,20230726,198.5,0.01333333333333342,0.058666666666666645,0.045333333333333226,0.007452105956216695,0.05250919779177645,0.045057091835559754,False,True
6223,旺矽,20231113,20231114,228.0,Day 5 Weakness,20231121,225.0,20231123,217.0,-0.013157894736842146,-0.04824561403508776,-0.03508771929824561,-0.018868120715210015,-0.053737950297875,-0.03486982958266499,False,True
6223,旺矽,20240410,20240411,336.0,Trailing Stop,20240417,380.0,20240422,368.5,0.13095238095238093,0.09672619047619047,-0.034226190476190466,0.12443357862898398,0.09038964059993009,-0.034043938029053894,False,True
6227,茂綸,20250513,20250514,117.0,Close Confirmed Stop,20250519,101.0,20250523,100.5,-0.1367521367521367,-0.14102564102564108,-0.004273504273504369,-0.14172217118971175,-0.14598543066282152,-0.004263259473109765,False,True
6231,系微,20230307,20230308,117.0,Trailing Stop,20230313,117.5,20230317,128.0,0.004273504273504258,0.09401709401709413,0.08974358974358987,-0.0015347093974144937,0.08769367904569571,0.08922838844311021,False,True
6231,系微,20231201,20231204,185.5,Day 5 Weakness,20231211,186.0,20231213,203.0,0.0026954177897573484,0.09433962264150941,0.09164420485175206,-0.003120017374984092,0.08800345520236476,0.09112347257734885,False,True
6235,華孚,20220531,20220601,45.95,Close Confirmed Stop,20220607,42.0,20220613,43.8,-0.08596300326441786,-0.04678998911860732,0.039173014145810536,-0.09125397831139621,-0.05230819640792686,0.038945781903469354,False,True
6235,華孚,20221202,20221205,41.0,Close Confirmed Stop,20221207,38.85,20221214,38.0,-0.05243902439024384,-0.07317073170731703,-0.02073170731707319,-0.05791387141235123,-0.07852914376885288,-0.02061527235650165,False,True
6235,華孚,20240305,20240306,111.0,Day 8 Time Stop,20240315,111.0,20240315,111.0,0.0,0.0,0.0,-0.005795687520679206,-0.005795687520679206,0.0,False,True
6235,華孚,20251007,20251008,73.4,Close Confirmed Stop,20251015,71.0,20251020,71.1,-0.032697547683923744,-0.0313351498637604,0.0013623978201633413,-0.03831770181180744,-0.036958570132331184,0.0013591316794762595,False,True
6237,驊訊,20260522,20260525,54.8,Close Confirmed Stop,20260528,51.1,20260603,56.1,-0.06751824817518237,0.023722627737226443,0.09124087591240881,-0.07292466577334307,0.017797068682761492,0.09072173445610457,True,True
6239,力成,20231201,20231204,116.5,Day 8 Time Stop,20231213,135.0,20231213,135.0,0.15879828326180268,0.15879828326180268,0.0,0.15208450092646741,0.15208450092646741,0.0,False,True
6239,力成,20231213,20231214,139.5,Day 8 Time Stop,20231225,143.5,20231225,143.5,0.028673835125448077,0.028673835125448077,0.0,0.0227275912679685,0.0227275912679685,0.0,False,True
6239,力成,20240125,20240126,144.0,Day 8 Time Stop,20240215,151.0,20240215,151.0,0.04861111111111116,0.04861111111111116,0.0,0.04252990736265776,0.04252990736265776,0.0,False,True
6239,力成,20250606,20250609,125.0,Day 8 Time Stop,20250618,133.0,20250618,133.0,0.06400000000000006,0.06400000000000006,0.0,0.057838193327344516,0.057838193327344516,0.0,False,True
6239,力成,20250918,20250919,152.0,Day 5 Weakness,20250926,149.5,20251001,147.0,-0.016447368421052655,-0.03289473684210531,-0.016447368421052655,-0.0221402234326855,-0.038514812139981154,-0.016374588707295655,False,True
6239,力成,20260102,20260105,192.0,Day 8 Time Stop,20260114,251.5,20260114,251.5,0.30989583333333326,0.30989583333333326,0.0,0.3022880746091748,0.3022880746091748,0.0,False,True
6239,力成,20260114,20260115,250.0,Trailing Stop,20260121,251.0,20260126,257.5,0.0040000000000000036,0.030000000000000027,0.026000000000000023,-0.0018333599066854128,0.02403710758851043,0.025870467495195844,False,True
6239,力成,20260506,20260507,236.0,Close Confirmed Stop,20260508,227.5,20260518,250.0,-0.03601694915254239,0.05932203389830515,0.09533898305084754,-0.041588151631137805,0.05318617909702762,0.09477433072816543,True,True
6243,迅杰,20231120,20231121,70.1,Close Confirmed Stop,20231122,68.8,20231130,75.3,-0.01854493580599137,0.0741797432239657,0.09272467902995707,-0.024234168514098126,0.06796794544208058,0.09220211395617871,True,True
6244,茂迪,20260525,20260526,30.7,Day 5 Weakness,20260602,30.7,20260604,30.2,0.0,-0.016286644951140072,-0.016286644951140072,-0.005796549041932779,-0.02197749752615895,-0.01618094848422617,False,True
6245,立端,20220801,20220802,70.3,Day 5 Weakness,20220809,69.7,20220811,72.7,-0.008534850640113723,0.034139402560455334,0.04267425320056906,-0.0142795465589074,0.028159023064542325,0.042438569623449725,True,True
6245,立端,20221121,20221122,87.6,Day 8 Time Stop,20221201,96.6,20221201,96.6,0.10273972602739723,0.10273972602739723,0.0,0.09636306319790484,0.09636306319790484,0.0,False,True
6245,立端,20230209,20230210,105.5,Day 5 Weakness,20230217,105.0,20230221,116.5,-0.004739336492891044,0.10426540284360186,0.1090047393364929,-0.01049134777600369,0.09788547259191961,0.1083768203679233,True,True
6245,立端,20230303,20230306,125.0,Close Confirmed Stop,20230313,111.0,20230315,111.5,-0.11199999999999999,-0.10799999999999998,0.0040000000000000036,-0.1171714625942716,-0.1131810558422295,0.003990406752042097,False,True
6245,立端,20250207,20250210,113.0,Close Confirmed Stop,20250217,112.0,20250219,117.5,-0.008849557522123908,0.03982300884955747,0.04867256637168138,-0.014593850757387804,0.03382863776219963,0.048422488519587435,True,True
6257,矽格,20220608,20220609,62.7,Day 5 Weakness,20220616,62.2,20220620,57.2,-0.00797448165869219,-0.08771929824561409,-0.0797448165869219,-0.01372554045663824,-0.09301202562972016,-0.07928648517308193,False,True
6257,矽格,20231130,20231201,64.4,Day 8 Time Stop,20231212,65.8,20231212,65.8,0.021739130434782483,0.021739130434782483,0.0,0.015821590448375562,0.015821590448375562,0.0,False,True
6257,矽格,20240222,20240223,72.5,Close Confirmed Stop,20240304,67.4,20240306,70.2,-0.07034482758620686,-0.03172413793103446,0.0386206896551724,-0.07570855119283937,-0.037347204304365396,0.03836134688847397,False,True
6257,矽格,20240320,20240321,78.0,Close Confirmed Stop,20240322,76.0,20240401,71.6,-0.02564102564102566,-0.08205128205128209,-0.05641025641025643,-0.03127750554511773,-0.08735249026203681,-0.05607498471691908,False,True
6257,矽格,20240516,20240517,80.8,Day 5 Weakness,20240524,78.0,20240528,81.2,-0.03465346534653457,0.004950495049504955,0.03960396039603953,-0.04024183930627582,-0.0008664603551296676,0.03937537895114615,True,True
6257,矽格,20250211,20250212,75.5,Day 5 Weakness,20250219,75.9,20250221,78.9,0.005298013245033095,0.04503311258278164,0.03973509933774855,-0.0005195208079866291,0.038986692606634954,0.039506213414621585,False,True
6257,矽格,20250219,20250220,80.0,Day 5 Weakness,20250227,77.7,20250304,82.0,-0.028749999999999942,0.02499999999999991,0.05374999999999985,-0.03438297011673454,0.01907127447106219,0.053454244587796726,True,True
6257,矽格,20251029,20251030,99.5,Trailing Stop,20251105,100.0,20251110,98.0,0.005025125628140614,-0.015075376884422065,-0.02010050251256268,-0.0007852071304522095,-0.0207708367013071,-0.01998562957085489,False,True
6257,矽格,20260113,20260114,127.5,Day 8 Time Stop,20260123,133.5,20260123,133.5,0.04705882352941182,0.04705882352941182,0.0,0.04098273715118213,0.04098273715118213,0.0,False,True
6266,泰詠,20230411,20230412,43.3,Trailing Stop,20230424,45.4,20230421,45.0,0.04849884526558901,0.03926096997690531,-0.009237875288683695,0.04241945317101147,0.03327037656443176,-0.009149076606579709,False,True
6269,台郡,20240507,20240508,100.0,Day 5 Weakness,20240515,100.0,20240517,100.0,0.0,0.0,0.0,-0.00580457485997868,-0.00580457485997868,0.0,False,True
6269,台郡,20250710,20250711,65.2,Close Confirmed Stop,20250715,61.3,20250722,62.3,-0.0598159509202455,-0.04447852760736204,0.015337423312883458,-0.06524012558317956,-0.0500062118087712,0.015233913774408359,False,True
6269,台郡,20250827,20250828,69.8,Close Confirmed Stop,20250903,64.2,20250908,64.8,-0.08022922636103147,-0.07163323782234954,0.008595988538681931,-0.08556905425673209,-0.07699367363143662,0.008575380625295462,False,True
6271,同欣電,20231130,20231201,168.0,Close Confirmed Stop,20231204,165.5,20231212,158.0,-0.014880952380952328,-0.059523809523809534,-0.044642857142857206,-0.020582547783496455,-0.0649513870077187,-0.044368839224222245,False,True
6271,同欣電,20250918,20250919,122.0,Day 5 Weakness,20250926,119.5,20251001,114.5,-0.020491803278688492,-0.061475409836065587,-0.040983606557377095,-0.026181691166177478,-0.06689996856195843,-0.04071827739578095,False,True
6271,同欣電,20251031,20251103,127.0,Close Confirmed Stop,20251110,122.0,20251112,127.0,-0.03937007874015752,0.0,0.03937007874015752,-0.04491993049115731,-0.005778127467117772,0.039141803024039544,False,True
6271,同欣電,20260409,20260410,175.5,Day 8 Time Stop,20260421,187.5,20260421,187.5,0.06837606837606836,0.06837606837606836,0.0,0.062164884600393745,0.062164884600393745,0.0,False,True
6274,台燿,20230524,20230525,77.4,Day 5 Weakness,20230601,75.0,20230605,75.8,-0.03100775193798455,-0.02067183462532307,0.01033591731266148,-0.03663114477223118,-0.02635334338555619,0.01027780138667499,False,True
6274,台燿,20230714,20230717,97.8,Trailing Stop,20230719,110.5,20230726,127.0,0.12985685071574649,0.2985685071574642,0.1687116564417177,0.12334391863454144,0.2910838107410023,0.16773989210646087,False,True
6274,台燿,20240202,20240205,148.5,Trailing Stop,20240220,155.5,20240223,165.5,0.047138047138047146,0.1144781144781144,0.06734006734006726,0.04108001617980481,0.10802436779885663,0.06694435161905182,False,True
6274,台燿,20240223,20240226,167.5,Close Confirmed Stop,20240229,156.0,20240307,164.0,-0.06865671641791049,-0.020895522388059695,0.047761194029850795,-0.07403947808900577,-0.026560334717551013,0.04747914337145476,False,True
6274,台燿,20240830,20240902,178.0,Close Confirmed Stop,20240905,174.0,20240911,175.0,-0.022471910112359605,-0.016853932584269704,0.005617977528089901,-0.028155302975658877,-0.022550796930358042,0.005604506045300835,False,True
6274,台燿,20241211,20241212,188.0,Day 5 Weakness,20241219,178.0,20241223,177.5,-0.05319148936170215,-0.05585106382978722,-0.0026595744680850686,-0.05866908319172126,-0.06132227977571375,-0.00265319658399249,False,True
6274,台燿,20250508,20250509,154.0,Day 8 Time Stop,20250520,157.0,20250520,157.0,0.01948051948051943,0.01948051948051943,0.0,0.013592743014243305,0.013592743014243305,0.0,False,True
6274,台燿,20250528,20250529,172.0,Day 8 Time Stop,20250610,217.0,20250610,217.0,0.2616279069767442,0.2616279069767442,0.0,0.2543320758061215,0.2543320758061215,0.0,False,True
6274,台燿,20250610,20250611,217.0,Day 5 Weakness,20250618,215.5,20250620,208.0,-0.00691244239631339,-0.04147465437788023,-0.03456221198156684,-0.012661253958506997,-0.04700722083466463,-0.03434596687615764,False,True
6274,台燿,20250710,20250711,256.0,Day 5 Weakness,20250718,257.0,20250722,254.0,0.00390625,-0.0078125,-0.01171875,-0.0019010832583847906,-0.013558400040114575,-0.011657316781729784,False,True
6274,台燿,20251030,20251031,376.0,Trailing Stop,20251110,381.0,20251111,377.5,0.013297872340425565,0.003989361702127603,-0.009308510638297962,0.00743626709927592,-0.001816279083527366,-0.009252546182803287,False,True
6275,元山,20240527,20240528,67.8,Day 5 Weakness,20240604,66.6,20240606,62.1,-0.017699115044247815,-0.0840707964601769,-0.06637168141592908,-0.023386035059032126,-0.0893653595995163,-0.06597932454048418,False,True
6278,台表科,20220105,20220106,129.0,Day 8 Time Stop,20220117,141.0,20220117,141.0,0.09302325581395343,0.09302325581395343,0.0,0.08669890698436128,0.08669890698436128,0.0,False,True
6278,台表科,20220810,20220811,94.5,Day 8 Time Stop,20220822,103.0,20220822,103.0,0.08994708994709,0.08994708994709,0.0,0.08363405297202547,0.08363405297202547,0.0,False,True
6278,台表科,20230406,20230407,101.0,Close Confirmed Stop,20230410,97.3,20230418,101.5,-0.036633663366336666,0.004950495049504955,0.04158415841584162,-0.04218388626909515,-0.0008664603551297891,0.04131742591396537,True,True
6278,台表科,20230411,20230412,102.5,Day 5 Weakness,20230419,102.0,20230421,98.1,-0.004878048780487809,-0.04292682926829272,-0.03804878048780491,-0.010633749645084461,-0.048457847058898065,-0.0378240974138136,False,True
6278,台表科,20240314,20240315,109.5,Day 5 Weakness,20240322,107.0,20240326,103.0,-0.022831050228310557,-0.05936073059360736,-0.0365296803652968,-0.028514891578091138,-0.06478994505283499,-0.03627505347474385,False,True
6278,台表科,20240430,20240502,119.0,Day 8 Time Stop,20240513,116.5,20240513,116.5,-0.021008403361344574,-0.021008403361344574,0.0,-0.026699675626274694,-0.026699675626274694,0.0,False,True
6278,台表科,20240701,20240702,124.5,Trailing Stop,20240711,127.0,20240711,130.5,0.02008032128514059,0.04819277108433728,0.028112449799196693,0.014191621649441917,0.04213638982577296,0.027944768176331042,False,True
6278,台表科,20260814,20260817,172.5,Day 8 Time Stop,20260826,199.5,20260826,199.5,0.15652173913043477,0.15652173913043477,0.0,0.14983244152017064,0.14983244152017064,0.0,False,True
6279,胡連,20230613,20230614,175.0,Day 5 Weakness,20230621,169.5,20230627,165.0,-0.03142857142857147,-0.05714285714285716,-0.02571428571428569,-0.0370545025891043,-0.06260702424422913,-0.02555252165512483,False,True
6282,康舒,20230201,20230202,37.0,Day 5 Weakness,20230209,37.2,20230213,37.4,0.005405405405405572,0.0108108108108107,0.005405405405405128,-0.0004032391075959131,0.004955889266849342,0.005359128374445255,False,True
6282,康舒,20230531,20230601,45.4,Trailing Stop,20230608,47.95,20230612,47.6,0.05616740088105732,0.04845814977973584,-0.007709251101321479,0.050036352773068934,0.042378908406342244,-0.00765744436672669,False,True
6282,康舒,20240216,20240219,43.55,Close Confirmed Stop,20240222,41.65,20240229,42.6,-0.04362801377726744,-0.021814006888633664,0.021814006888633775,-0.049153439101241994,-0.027491709005620937,0.021661730095621057,False,True
6282,康舒,20240618,20240619,39.9,Day 5 Weakness,20240626,39.45,20240628,38.85,-0.011278195488721665,-0.02631578947368418,-0.015037593984962516,-0.017014168314531182,-0.03194906409566275,-0.014934895781131566,False,True
6282,康舒,20251027,20251028,44.1,Trailing Stop,20251031,46.8,20251106,42.25,0.06122448979591821,-0.04195011337868482,-0.10317460317460303,0.05507861994839519,-0.04748179356726383,-0.10256041351565902,False,True
6282,康舒,20260113,20260114,53.5,Trailing Stop,20260119,56.6,20260123,59.5,0.05794392523364489,0.11214953271028039,0.0542056074766355,0.051808081871984525,0.10571709314991438,0.05390901127792986,False,True
6284,佳邦,20240703,20240704,98.5,Trailing Stop,20240715,100.5,20240715,99.0,0.020304568527918843,0.0050761421319796,-0.015228426395939243,0.014390208959237852,-0.0007350110438409822,-0.015125220003078834,False,True
6284,佳邦,20240828,20240829,95.7,Close Confirmed Stop,20240903,95.7,20240909,84.9,0.0,-0.11285266457680243,-0.11285266457680243,-0.005797702571819085,-0.11801311559842792,-0.11221541302660884,False,True
6284,佳邦,20260521,20260522,96.1,Trailing Stop,20260528,122.0,20260602,110.0,0.2695109261186266,0.1446409989594173,-0.1248699271592093,0.26215624584234604,0.1379867245824703,-0.12416952125987574,False,True
6285,啟碁,20220804,20220805,76.6,Day 8 Time Stop,20220816,81.2,20220816,81.2,0.060052219321149014,0.060052219321149014,0.0,0.05391005992001265,0.05391005992001265,0.0,False,True
6285,啟碁,20221201,20221202,92.0,Day 5 Weakness,20221209,88.6,20221213,85.0,-0.036956521739130443,-0.07608695652173914,-0.03913043478260869,-0.04250548562382468,-0.08144189246507373,-0.03893640684124905,False,True
6285,啟碁,20230327,20230328,93.0,Day 8 Time Stop,20230411,98.4,20230411,98.4,0.058064516129032295,0.058064516129032295,0.0,0.051926504069335314,0.051926504069335314,0.0,False,True
6285,啟碁,20230705,20230706,106.0,Day 8 Time Stop,20230717,118.0,20230717,118.0,0.1132075471698113,0.1132075471698113,0.0,0.10676299627191821,0.10676299627191821,0.0,False,True
6285,啟碁,20231103,20231106,142.0,Day 5 Weakness,20231113,139.5,20231115,136.0,-0.017605633802816878,-0.04225352112676062,-0.02464788732394374,-0.023293473708572186,-0.04778228955229311,-0.024488815843720927,False,True
6285,啟碁,20231121,20231122,142.0,Close Confirmed Stop,20231124,138.5,20231201,136.5,-0.02464788732394363,-0.03873239436619713,-0.014084507042253502,-0.03031884589108597,-0.044269603461036276,-0.013950757569950307,False,True
6285,啟碁,20231211,20231212,151.5,Trailing Stop,20231220,158.5,20231221,152.0,0.0462046204620461,0.0033003300330032292,-0.04290429042904287,0.040148430043745575,-0.0025191096345438804,-0.04266753967828946,False,True
6285,啟碁,20240516,20240517,154.5,Day 8 Time Stop,20240528,158.0,20240528,158.0,0.02265372168284796,0.02265372168284796,0.0,0.016750909739961538,0.016750909739961538,0.0,False,True
6285,啟碁,20240529,20240530,163.5,Close Confirmed Stop,20240603,158.0,20240611,158.5,-0.033639143730886834,-0.030581039755351647,0.003058103975535187,-0.03926032945168733,-0.03620955790270657,0.0030507715489807574,False,True
6285,啟碁,20241219,20241220,130.0,Trailing Stop,20241231,135.5,20241231,137.5,0.04230769230769238,0.05769230769230771,0.01538461538461533,0.03630147051456325,0.05154899989646636,0.015247529381903109,False,True
6285,啟碁,20250826,20250827,133.5,Close Confirmed Stop,20250902,123.0,20250905,122.0,-0.0786516853932584,-0.08614232209737827,-0.0074906367041198685,-0.08400000213718706,-0.09143928331567483,-0.007439281178487772,False,True
6285,啟碁,20251021,20251022,123.0,Day 8 Time Stop,20251103,128.0,20251103,128.0,0.04065040650406515,0.04065040650406515,0.0,0.03464671563881719,0.03464671563881719,0.0,False,True
6285,啟碁,20260129,20260130,176.5,Trailing Stop,20260203,190.5,20260210,172.5,0.07932011331444766,-0.022662889518413554,-0.10198300283286121,0.07308178750026144,-0.02832178427498713,-0.10140357177524857,False,True
6285,啟碁,20260409,20260410,229.5,Trailing Stop,20260415,231.0,20260421,249.5,0.006535947712418277,0.08714596949891074,0.08061002178649246,0.0007074042481409319,0.08085628882711317,0.08014888457897223,False,True
6288,聯嘉,20240223,20240226,35.75,Close Confirmed Stop,20240308,34.35,20240307,33.8,-0.03916083916083912,-0.054545454545454675,-0.015384615384615552,-0.04469744354073769,-0.06001184615228455,-0.01531440261154686,False,True
6288,聯嘉,20240402,20240403,36.0,Day 5 Weakness,20240412,35.25,20240416,32.9,-0.02083333333333337,-0.08611111111111114,-0.06527777777777777,-0.026514678692557477,-0.09140258676149086,-0.06488790806893338,False,True
6290,良維,20230216,20230217,69.9,Day 8 Time Stop,20230302,73.2,20230302,73.2,0.047210300429184615,0.047210300429184615,0.0,0.04116119950290139,0.04116119950290139,0.0,False,True
6290,良維,20240219,20240220,76.4,Day 8 Time Stop,20240301,101.0,20240301,101.0,0.32198952879581144,0.32198952879581144,0.0,0.31431890090053394,0.31431890090053394,0.0,False,True
6290,良維,20240412,20240415,105.0,Close Confirmed Stop,20240417,97.1,20240424,88.9,-0.07523809523809533,-0.15333333333333332,-0.078095238095238,-0.08059213616345344,-0.15823316873519702,-0.07764103257174358,False,True
6290,良維,20240830,20240902,87.2,Close Confirmed Stop,20240905,85.7,20240911,86.3,-0.017201834862385357,-0.010321100917431214,0.006880733944954143,-0.02289716642529432,-0.016066318740742238,0.006830847684552083,False,True
6290,良維,20250506,20250507,84.9,Day 8 Time Stop,20250516,96.5,20250516,96.5,0.1366313309776206,0.1366313309776206,0.0,0.13004160844806317,0.13004160844806317,0.0,False,True
6290,良維,20250520,20250521,101.5,Day 5 Weakness,20250528,100.0,20250602,97.6,-0.014778325123152691,-0.03842364532019715,-0.02364532019704446,-0.020475368184684355,-0.04396394897120394,-0.023488580786519584,False,True
6290,良維,20250814,20250815,114.0,Close Confirmed Stop,20250821,107.5,20250826,108.0,-0.05701754385964908,-0.052631578947368474,0.004385964912280604,-0.062455407693541125,-0.058113395886601735,0.00434201180693939,False,True
6290,良維,20250919,20250922,121.5,Trailing Stop,20250926,120.5,20251002,132.0,-0.008230452674897082,0.08641975308641969,0.09465020576131677,-0.013983279948684306,0.08013925012384374,0.09412253007252805,True,True
6290,良維,20251001,20251002,131.5,Day 8 Time Stop,20251015,150.0,20251015,150.0,0.14068441064638781,0.14068441064638781,0.0,0.13406772746091014,0.13406772746091014,0.0,False,True
6290,良維,20260223,20260224,196.0,Trailing Stop,20260303,215.0,20260306,239.5,0.09693877551020402,0.22193877551020402,0.125,0.0905861380276435,0.21485046218730777,0.12426432415966428,False,True
6290,良維,20260421,20260422,266.5,Trailing Stop,20260428,284.0,20260504,292.5,0.06566604127579745,0.09756097560975618,0.031894934333958735,0.059496588942172225,0.09121464920129417,0.031718060259121945,False,True
6290,良維,20260528,20260529,347.5,Close Confirmed Stop,20260609,321.0,20260609,317.5,-0.07625899280575543,-0.08633093525179858,-0.010071942446043147,-0.08161527669852715,-0.09162965006214308,-0.010014373363615922,False,True
6411,晶焱,20230217,20230220,130.5,Day 5 Weakness,20230301,126.0,20230303,127.0,-0.03448275862068961,-0.026819923371647514,0.007662835249042099,-0.04007294967422463,-0.03246190664963204,0.00761104302459259,False,True
6412,群電,20260601,20260602,106.5,Close Confirmed Stop,20260605,102.5,20260611,91.4,-0.03755868544600938,-0.1417840375586854,-0.10422535211267603,-0.043102997082612796,-0.14674477153480153,-0.10364177445218874,False,True
6414,樺漢,20240328,20240329,353.5,Close Confirmed Stop,20240408,338.0,20240411,337.5,-0.04384724186704381,-0.04526166902404527,-0.0014144271570014633,-0.04937116988088455,-0.05078220135033656,-0.0014110314694520051,False,True
6415,矽力*-KY,20231113,20231114,355.5,Day 8 Time Stop,20231123,406.5,20231123,406.5,0.14345991561181437,0.14345991561181437,0.0,0.13683824517381743,0.13683824517381743,0.0,False,True
6415,矽力*-KY,20231229,20240102,500.0,Close Confirmed Stop,20240103,465.0,20240111,445.5,-0.06999999999999995,-0.10899999999999999,-0.039000000000000035,-0.07538327437672408,-0.11415413909246297,-0.03877086471573889,False,True
6415,矽力*-KY,20240927,20240930,479.0,Trailing Stop,20241014,526.0,20241014,524.0,0.09812108559498967,0.09394572025052184,-0.00417536534446783,0.09175244482980312,0.08762072836112869,-0.004131716468674426,False,True
6415,矽力*-KY,20260422,20260423,411.0,Close Confirmed Stop,20260430,401.5,20260505,436.0,-0.02311435523114358,0.06082725060827254,0.08394160583941612,-0.028801773338851276,0.05466822921770683,0.0834700025565581,True,True
6425,易發,20240401,20240402,76.3,Trailing Stop,20240416,78.5,20240415,80.1,0.028833551769331667,0.04980340760157276,0.02096985583224109,0.022894285101409558,0.043713696487605536,0.020819411386195977,False,True
6438,迅得,20250206,20250207,247.0,Close Confirmed Stop,20250211,227.5,20250218,225.0,-0.07894736842105265,-0.08906882591093113,-0.010121457489878471,-0.08426355781289158,-0.0943607425160848,-0.010097184703193221,False,True
6438,迅得,20250522,20250523,187.5,Close Confirmed Stop,20250529,177.0,20250604,173.5,-0.05600000000000005,-0.07466666666666666,-0.01866666666666661,-0.0614469182634836,-0.08003530478218161,-0.018588386518698014,False,True
6438,迅得,20250814,20250815,186.0,Close Confirmed Stop,20250821,178.5,20250826,193.5,-0.040322580645161255,0.040322580645161255,0.08064516129032251,-0.045857909041186064,0.03432714264591524,0.0801850516871013,True,True
6442,光聖,20241009,20241011,422.0,Trailing Stop,20241018,435.0,20241022,493.5,0.0308056872037914,0.16943127962085303,0.13862559241706163,0.02483515343740277,0.16266183446039553,0.13782668102299275,False,True
6442,光聖,20250606,20250609,495.0,Day 5 Weakness,20250616,473.5,20250618,478.0,-0.04343434343434338,-0.03434343434343434,0.009090909090909038,-0.0489585329688618,-0.03992307097442303,0.009035461994438769,False,True
6443,元晶,20220809,20220810,37.0,Day 5 Weakness,20220817,36.55,20220819,37.0,-0.01216216216216226,0.0,0.01216216216216226,-0.017895376411478457,-0.005795687520679085,0.012099688890799373,False,True
6443,元晶,20230131,20230201,37.2,Day 8 Time Stop,20230210,36.85,20230210,36.85,-0.009408602150537626,-0.009408602150537626,0.0,-0.015151429511044135,-0.015151429511044135,0.0,False,True
6443,元晶,20230308,20230309,38.2,Close Confirmed Stop,20230310,37.0,20230320,39.9,-0.03141361256544506,0.04450261780104703,0.07591623036649209,-0.0370366477811983,0.03846418132780996,0.07550082910900827,True,True
6443,元晶,20240410,20240411,29.9,Close Confirmed Stop,20240412,29.05,20240422,28.0,-0.02842809364548493,-0.0635451505016722,-0.03511705685618727,-0.0340569322203558,-0.06895648167945125,-0.034899549459095444,False,True
6443,元晶,20240927,20240930,24.4,Day 5 Weakness,20241009,24.0,20241014,23.2,-0.016393442622950727,-0.0491803278688524,-0.032786885245901676,-0.02208403918962844,-0.05465901948501964,-0.0325749802953912,False,True
6443,元晶,20260204,20260205,44.05,Close Confirmed Stop,20260209,41.9,20260225,41.0,-0.0488081725312145,-0.0692395005675368,-0.020431328036322305,-0.05428885509025638,-0.07463786616021599,-0.020349011069959608,False,True
6446,藥華藥,20230915,20230918,365.0,Close Confirmed Stop,20230920,346.0,20230927,336.0,-0.05205479452054795,-0.07945205479452055,-0.0273972602739726,-0.05753056276322533,-0.08479540690239155,-0.027264844139166224,False,True
6446,藥華藥,20240520,20240521,432.0,Close Confirmed Stop,20240523,406.5,20240530,419.0,-0.05902777777777779,-0.03009259259259256,0.02893518518518523,-0.06446796910720491,-0.035736209760545104,0.028731759346659808,False,True
6449,鈺邦,20240716,20240717,198.5,Close Confirmed Stop,20240718,172.0,20240730,158.5,-0.1335012594458438,-0.20151133501259444,-0.06801007556675065,-0.13849837884881896,-0.20611048646273772,-0.06761210761391875,False,True
6449,鈺邦,20240902,20240903,176.5,Close Confirmed Stop,20240905,162.5,20240912,158.5,-0.07932011331444755,-0.10198300283286121,-0.022662889518413665,-0.08464222279979258,-0.10718378942501414,-0.022541566625221554,False,True
6449,鈺邦,20250826,20250827,181.0,Close Confirmed Stop,20250902,173.0,20250905,174.0,-0.04419889502762431,-0.03867403314917128,0.0055248618784530246,-0.04973473481757449,-0.044223124021859225,0.005511610795715265,False,True
6451,訊芯-KY,20240222,20240223,230.5,Close Confirmed Stop,20240229,216.5,20240306,207.0,-0.06073752711496749,-0.10195227765726678,-0.04121475054229928,-0.06615497435345417,-0.10717095181068784,-0.04101597745723366,False,True
6456,GIS-KY,20221118,20221121,92.3,Close Confirmed Stop,20221123,88.4,20221130,88.9,-0.04225352112676051,-0.03683640303358604,0.005417118093174467,-0.04778915325678953,-0.0423850249138603,0.005404128342929228,False,True
6462,神盾,20231212,20231213,134.0,Close Confirmed Stop,20231218,123.0,20231222,129.0,-0.08208955223880599,-0.03731343283582089,0.04477611940298509,-0.08739878736321705,-0.042863723363165046,0.044535064000052,False,True
6462,神盾,20240717,20240718,291.0,Close Confirmed Stop,20240719,286.5,20240731,240.5,-0.015463917525773141,-0.1735395189003437,-0.15807560137457055,-0.021192024595068394,-0.17834980874845835,-0.15715778415338996,False,True
6462,神盾,20251023,20251027,145.0,Trailing Stop,20251030,139.5,20251105,127.0,-0.037931034482758585,-0.12413793103448278,-0.0862068965517242,-0.04348130023298431,-0.12918055608024495,-0.08569925584726064,False,True
6462,神盾,20260522,20260525,147.0,Trailing Stop,20260527,152.0,20260603,122.0,0.03401360544217691,-0.17006802721088432,-0.20408163265306123,0.028052988669986473,-0.17486981910454888,-0.20292280777453536,False,True
6472,保瑞,20220816,20220817,300.0,Day 8 Time Stop,20220826,350.0,20220826,350.0,0.16666666666666674,0.16666666666666674,0.0,0.159898391820239,0.159898391820239,0.0,False,True
6472,保瑞,20221114,20221115,372.0,Day 8 Time Stop,20221124,462.0,20221124,462.0,0.24193548387096775,0.24193548387096775,0.0,0.23472707652165534,0.23472707652165534,0.0,False,True
6477,安集,20220818,20220819,60.0,Close Confirmed Stop,20220823,55.8,20220830,57.8,-0.07000000000000006,-0.036666666666666736,0.033333333333333326,-0.07536484296880047,-0.04221148464709091,0.03315335832170956,False,True
6488,環球晶,20250915,20250916,415.0,Day 8 Time Stop,20250925,489.0,20250925,489.0,0.17831325301204815,0.17831325301204815,0.0,0.171476925915083,0.171476925915083,0.0,False,True
6488,環球晶,20251230,20251231,414.0,Trailing Stop,20260112,441.0,20260112,472.0,0.0652173913043479,0.14009661835748788,0.07487922705313999,0.059043595858305355,0.13347516339133605,0.07443156753303071,False,True
6505,台塑化,20250507,20250508,38.1,Day 8 Time Stop,20250519,38.25,20250519,38.25,0.003937007874015741,0.003937007874015741,0.0,-0.00187108434258001,-0.00187108434258001,0.0,False,True
6505,台塑化,20251008,20251009,42.15,Day 8 Time Stop,20251021,43.5,20251021,43.5,0.03202846975088969,0.03202846975088969,0.0,0.02605587239368707,0.02605587239368707,0.0,False,True
6505,台塑化,20251023,20251027,46.35,Day 5 Weakness,20251103,45.0,20251105,45.05,-0.029126213592232997,-0.028047464940668898,0.0010787486515640987,-0.03475555752371354,-0.0336793950806253,0.0010761624430882383,False,True
6505,台塑化,20251106,20251107,47.5,Day 8 Time Stop,20251118,54.1,20251118,54.1,0.1389473684210527,0.1389473684210527,0.0,0.13234564440629148,0.13234564440629148,0.0,False,True
6505,台塑化,20260225,20260226,55.6,Trailing Stop,20260306,58.0,20260310,61.4,0.043165467625899234,0.10431654676258995,0.06115107913669071,0.03713281973572859,0.09793738486729162,0.06080456513156303,False,True
6505,台塑化,20260604,20260605,57.5,Close Confirmed Stop,20260608,52.8,20260616,52.7,-0.08173913043478265,-0.08347826086956511,-0.0017391304347824654,-0.08704045064814903,-0.08877541202203379,-0.0017349613738847636,False,True
6509,聚和,20230221,20230222,47.0,Close Confirmed Stop,20230302,46.05,20230307,47.55,-0.02021276595744692,0.011702127659574346,0.03191489361702127,-0.025897215894405533,0.005841099573298799,0.03173831546770433,True,True
6509,聚和,20260410,20260413,46.4,Day 5 Weakness,20260420,44.85,20260422,44.05,-0.03340517241379304,-0.05064655172413801,-0.017241379310344973,-0.03902599465704389,-0.05612593563788322,-0.017099940980839327,False,True
6509,聚和,20260521,20260522,49.95,Day 8 Time Stop,20260602,49.5,20260602,49.5,-0.009009009009009028,-0.009009009009009028,0.0,-0.014749781503846576,-0.014749781503846576,0.0,False,True
6509,聚和,20260703,20260706,58.0,Close Confirmed Stop,20260709,54.4,20260716,50.3,-0.06206896551724139,-0.13275862068965527,-0.07068965517241388,-0.06748759623313073,-0.1377741981895985,-0.07028660195646776,False,True
6531,愛普*,20221108,20221109,173.0,Day 8 Time Stop,20221118,203.0,20221118,203.0,0.17341040462427748,0.17341040462427748,0.0,0.16662653333168304,0.16662653333168304,0.0,False,True
6531,愛普*,20230131,20230201,212.0,Trailing Stop,20230213,246.5,20230210,247.0,0.16273584905660377,0.16509433962264142,0.002358490566037652,0.1560054903652354,0.15835832507179473,0.002352834706559337,False,True
6531,愛普*,20230519,20230522,314.0,Close Confirmed Stop,20230523,309.0,20230531,340.0,-0.015923566878980888,0.08280254777070062,0.0987261146496815,-0.021631918767614885,0.07652259670733272,0.0981545154749476,True,True
6531,愛普*,20230531,20230601,342.5,Close Confirmed Stop,20230606,332.5,20230612,333.0,-0.029197080291970767,-0.027737226277372296,0.0014598540145984717,-0.034844151408054934,-0.03338780009817585,0.0014563513098790823,False,True
6531,愛普*,20230918,20230919,375.0,Day 8 Time Stop,20230928,383.0,20230928,383.0,0.021333333333333426,0.021333333333333426,0.0,0.015408493551255186,0.015408493551255186,0.0,False,True
6531,愛普*,20240704,20240705,412.0,Close Confirmed Stop,20240709,383.0,20240716,385.0,-0.07038834951456308,-0.06553398058252424,0.004854368932038833,-0.07578487388802332,-0.07094216106396405,0.004842712824059278,False,True
6531,愛普*,20250606,20250609,306.0,Day 5 Weakness,20250616,308.0,20250618,300.5,0.006535947712418277,-0.017973856209150374,-0.02450980392156865,0.0006877344468966778,-0.023662293924420146,-0.024350028371316824,False,True
6531,愛普*,20250909,20250910,335.5,Close Confirmed Stop,20250915,322.0,20250919,338.5,-0.04023845007451565,0.008941877794336861,0.049180327868852514,-0.04578445672344758,0.003110694682628033,0.048895151406075615,True,True
6531,愛普*,20260102,20260105,469.5,Day 8 Time Stop,20260114,468.5,20260114,468.5,-0.0021299254526091493,-0.0021299254526091493,0.0,-0.007903220107941217,-0.007903220107941217,0.0,False,True
6538,倉和,20260814,20260817,187.0,Trailing Stop,20260825,200.0,20260826,212.0,0.06951871657754016,0.1336898395721926,0.06417112299465244,0.06331636957845165,0.1270999989319778,0.06378362935352615,False,True
6548,長科*,20251031,20251103,40.8,Day 8 Time Stop,20251112,47.7,20251112,47.7,0.1691176470588236,0.1691176470588236,0.0,0.16234676389864156,0.16234676389864156,0.0,False,True
6548,長科*,20251112,20251113,47.65,Close Confirmed Stop,20251117,47.3,20251124,43.9,-0.007345225603357819,-0.07869884575026231,-0.0713536201469045,-0.013095740956716695,-0.08404468269540175,-0.07094894173868505,False,True
6548,長科*,20260106,20260107,49.05,Close Confirmed Stop,20260109,45.35,20260116,47.9,-0.07543323139653402,-0.023445463812436285,0.05198776758409773,-0.08078159441280243,-0.029118367317058916,0.051663227095743516,False,True
6548,長科*,20260529,20260601,71.3,Trailing Stop,20260608,80.8,20260610,81.8,0.13323983169705467,0.14726507713884995,0.014025245441795287,0.12665482324131178,0.14061309834291433,0.013958275101602552,False,True
6558,興能高,20250815,20250818,53.7,Day 8 Time Stop,20250827,56.0,20250827,56.0,0.04283054003724396,0.04283054003724396,0.0,0.036798194485749385,0.036798194485749385,0.0,False,True
6589,台康生技,20220826,20220829,115.5,Trailing Stop,20220901,129.0,20220907,119.0,0.11688311688311681,0.030303030303030276,-0.08658008658008653,0.11043292580959597,0.0243608760320767,-0.08607204977751928,False,True
6589,台康生技,20221205,20221206,158.5,Close Confirmed Stop,20221207,151.0,20221215,124.5,-0.04731861198738174,-0.21451104100946372,-0.16719242902208198,-0.052835901740477795,-0.21906083734674808,-0.16622493560627027,False,True
6591,動力-KY,20250814,20250815,78.1,Day 8 Time Stop,20250826,83.5,20250826,83.5,0.06914212548015364,0.06914212548015364,0.0,0.06293963537141663,0.06293963537141663,0.0,False,True
6603,富強鑫,20260817,20260818,29.9,Close Confirmed Stop,20260819,27.1,20260827,26.75,-0.09364548494983271,-0.1053511705685618,-0.01170568561872909,-0.09888466609215359,-0.1105289597045569,-0.011644293612403309,False,True
6605,帝寶,20240328,20240329,228.5,Close Confirmed Stop,20240402,216.5,20240411,218.0,-0.05251641137855578,-0.045951859956236296,0.006564551422319487,-0.05799065424691839,-0.05147520218514915,0.0065154520617692405,False,True
6643,M31,20221121,20221122,482.0,Trailing Stop,20221129,504.0,20221201,500.0,0.045643153526971014,0.03734439834024905,-0.008298755186721962,0.03959341685612369,0.03134797956177341,-0.008245437294350282,False,True
6672,騰輝電子-KY,20250226,20250227,84.2,Close Confirmed Stop,20250304,79.1,20250311,79.0,-0.060570071258907454,-0.061757719714964354,-0.0011876484560569,-0.06599668237859149,-0.06718148273750096,-0.0011848003589094713,False,True
8011,台通,20240219,20240220,24.55,Close Confirmed Stop,20240227,23.75,20240301,24.2,-0.03258655804480659,-0.014256619144602856,0.018329938900203735,-0.03820651058977144,-0.019953855157500127,0.018252655432271312,False,True
8011,台通,20240711,20240712,27.05,Trailing Stop,20240722,28.55,20240723,27.45,0.055452865064695045,0.014787430683918634,-0.04066543438077641,0.04932089249634162,0.008919691672405633,-0.04040120082393599,False,True
8011,台通,20250828,20250829,24.5,Close Confirmed Stop,20250903,23.4,20250909,23.7,-0.044897959183673564,-0.032653061224489854,0.01224489795918371,-0.05042020763985181,-0.03827131682201802,0.01214889081783379,False,True
8016,矽創,20230411,20230412,252.0,Day 5 Weakness,20230419,247.5,20230421,229.5,-0.017857142857142905,-0.0892857142857143,-0.0714285714285714,-0.02357267859450426,-0.09456115132460034,-0.07098847273009608,False,True
8021,尖點,20240823,20240826,41.8,Close Confirmed Stop,20240827,39.8,20240904,35.55,-0.04784688995215314,-0.1495215311004785,-0.10167464114832536,-0.053332890590234674,-0.15443009847661757,-0.10109720788638289,False,True
8021,尖點,20241022,20241023,40.0,Day 5 Weakness,20241030,39.25,20241104,40.2,-0.018750000000000044,0.0050000000000001155,0.02375000000000016,-0.024435345224111945,-0.0008089404825548377,0.023626404741557108,True,True
8021,尖點,20250625,20250626,41.6,Day 8 Time Stop,20250707,48.85,20250707,48.85,0.17427884615384626,0.17427884615384626,0.0,0.16749630058753193,0.16749630058753193,0.0,False,True
8021,尖點,20250708,20250709,49.9,Trailing Stop,20250717,51.9,20250718,53.4,0.04008016032064132,0.0701402805611222,0.03006012024048088,0.03408451888036605,0.06393915803980665,0.029854639159440602,False,True
8027,鈦昇,20240403,20240408,105.0,Close Confirmed Stop,20240409,97.0,20240417,99.2,-0.07619047619047614,-0.0552380952380952,0.020952380952380945,-0.08154223364592773,-0.06070682927928018,0.020835404366647554,False,True
8027,鈦昇,20240529,20240530,122.0,Close Confirmed Stop,20240531,118.0,20240611,117.0,-0.032786885245901676,-0.040983606557377095,-0.008196721311475419,-0.038413878976569664,-0.046524125272410025,-0.00811024629584036,False,True
8028,昇陽半導體,20240429,20240430,55.5,Close Confirmed Stop,20240506,54.5,20240510,52.4,-0.018018018018018056,-0.05585585585585584,-0.037837837837837784,-0.023703875487013942,-0.061317734224044476,-0.037613858737030534,False,True
8028,昇陽半導體,20241008,20241009,141.0,Close Confirmed Stop,20241011,134.0,20241021,135.0,-0.049645390070921946,-0.04255319148936165,0.007092198581560294,-0.05513148774639782,-0.048089703804637195,0.007041783941760624,False,True
8028,昇陽半導體,20250217,20250218,144.0,Trailing Stop,20250227,174.0,20250227,168.0,0.20833333333333326,0.16666666666666674,-0.04166666666666652,0.2013691293498104,0.15990236965105512,-0.041466759698755296,False,True
8028,昇陽半導體,20250908,20250909,182.5,Close Confirmed Stop,20250916,175.0,20250918,173.5,-0.04109589041095896,-0.049315068493150704,-0.008219178082191747,-0.04663129801784528,-0.05479740543902227,-0.008166107421176988,False,True
8028,昇陽半導體,20251016,20251017,183.5,Close Confirmed Stop,20251020,180.0,20251029,171.0,-0.019073569482288777,-0.0681198910081744,-0.04904632152588562,-0.02476430068958885,-0.07352608565510939,-0.04876178496552054,False,True
8028,昇陽半導體,20251210,20251211,170.0,Close Confirmed Stop,20251218,164.5,20251222,167.0,-0.032352941176470584,-0.01764705882352946,0.014705882352941124,-0.03797727248454036,-0.023340026273349575,0.014637246211190783,False,True
8028,昇陽半導體,20260102,20260105,190.0,Trailing Stop,20260109,193.5,20260114,188.5,0.018421052631578894,-0.007894736842105288,-0.02631578947368418,0.012529881831812998,-0.013655825572119076,-0.026185707403932074,False,True
8028,昇陽半導體,20260318,20260319,191.5,Close Confirmed Stop,20260320,192.5,20260330,188.5,0.005221932114882533,-0.015665796344647487,-0.02088772845953002,-0.0005984782527162213,-0.021369257003823416,-0.020770778751107194,False,True
8033,雷虎,20221108,20221109,32.3,Day 8 Time Stop,20221118,42.0,20221118,42.0,0.30030959752321995,0.30030959752321995,0.0,0.29275652264375673,0.29275652264375673,0.0,False,True
8033,雷虎,20230619,20230620,73.9,Close Confirmed Stop,20230627,69.7,20230703,70.7,-0.05683355886332886,-0.043301759133964834,0.013531799729364025,-0.06229792943309547,-0.04883193842989699,0.01346599100319848,False,True
8033,雷虎,20250619,20250620,67.0,Close Confirmed Stop,20250623,65.2,20250701,59.6,-0.02686567164179099,-0.11044776119402988,-0.08358208955223889,-0.032499585124832045,-0.1156145542443488,-0.08311496911951675,False,True
8033,雷虎,20260423,20260424,158.5,Close Confirmed Stop,20260429,145.0,20260506,150.5,-0.08517350157728709,-0.050473186119873836,0.034700315457413256,-0.09046670451194712,-0.05594957860581909,0.03451712590612803,False,True
8039,台虹,20250818,20250819,52.4,Close Confirmed Stop,20250821,49.3,20250828,51.8,-0.059160305343511466,-0.011450381679389388,0.04770992366412208,-0.06458681017241893,-0.017191532335392716,0.04739527783702622,False,True
8039,台虹,20250905,20250908,65.0,Close Confirmed Stop,20250911,61.5,20250917,62.4,-0.05384615384615388,-0.040000000000000036,0.013846153846153841,-0.05931344606160606,-0.045533808567444226,0.013779637494161834,False,True
8039,台虹,20251112,20251113,69.0,Close Confirmed Stop,20251118,64.3,20251124,61.5,-0.06811594202898552,-0.10869565217391308,-0.04057971014492756,-0.07351794617744078,-0.11386698508794164,-0.04034903891050086,False,True
8039,台虹,20260123,20260126,95.2,Close Confirmed Stop,20260129,93.8,20260204,88.9,-0.014705882352941235,-0.06617647058823528,-0.051470588235294046,-0.020409295798752943,-0.07158942349326515,-0.051180127694512204,False,True
8039,台虹,20260527,20260528,162.0,Close Confirmed Stop,20260529,161.0,20260608,130.5,-0.006172839506172867,-0.19444444444444442,-0.18827160493827155,-0.01192041042290784,-0.1991076393852186,-0.18718722896231077,False,True
8046,南電,20230324,20230327,287.0,Close Confirmed Stop,20230329,275.5,20230410,275.5,-0.04006968641114983,-0.04006968641114983,0.0,-0.04561749527799539,-0.04561749527799539,0.0,False,True
8046,南電,20230525,20230526,308.5,Close Confirmed Stop,20230531,295.5,20230606,296.5,-0.04213938411669371,-0.03889789303079416,0.0032414910858995505,-0.04767295477643642,-0.04443923565188747,0.0032337191245489505,False,True
8046,南電,20230915,20230918,269.5,Day 5 Weakness,20230925,267.0,20230927,265.0,-0.00927643784786647,-0.016697588126159513,-0.007421150278293043,-0.01502354362201784,-0.02239351775560444,-0.007369974133586598,False,True
8046,南電,20250711,20250714,144.5,Trailing Stop,20250723,169.0,20250723,171.5,0.16955017301038056,0.18685121107266434,0.01730103806228378,0.1627729616040564,0.17999912964838746,0.017226168044331053,False,True
8046,南電,20260121,20260122,374.5,Day 8 Time Stop,20260202,368.0,20260202,368.0,-0.01735647530040052,-0.01735647530040052,0.0,-0.02304516104947791,-0.02304516104947791,0.0,False,True
8050,廣積,20230217,20230220,83.5,Day 8 Time Stop,20230303,83.6,20230303,83.6,0.0011976047904191933,0.0011976047904191933,0.0,-0.004610733033186343,-0.004610733033186343,0.0,False,True
8050,廣積,20230330,20230331,88.8,Close Confirmed Stop,20230412,81.6,20230414,82.0,-0.08108108108108114,-0.07657657657657657,0.0045045045045045695,-0.08638767292819127,-0.0819273380382128,0.004460334889978476,False,True
8050,廣積,20230613,20230614,86.3,Day 5 Weakness,20230621,85.0,20230627,84.6,-0.015063731170335992,-0.01969872537659334,-0.004634994206257348,-0.02075964195613248,-0.025383524403745573,-0.004623882447613092,False,True
8050,廣積,20230704,20230705,102.5,Close Confirmed Stop,20230710,93.7,20230714,103.5,-0.08585365853658533,0.009756097560975618,0.09560975609756095,-0.09114829775726811,0.003898581105721434,0.09504687886298954,True,True
8054,安國,20251002,20251003,107.5,Trailing Stop,20251015,104.5,20251016,119.5,-0.027906976744186074,0.1116279069767443,0.13953488372093037,-0.03354629123612412,0.10518615619367028,0.1387324474297944,True,True
8054,安國,20251016,20251017,118.0,Trailing Stop,20251030,129.0,20251029,129.0,0.09322033898305082,0.09322033898305082,0.0,0.0868852584040585,0.0868852584040585,0.0,False,True
8064,東捷,20240528,20240529,38.55,Close Confirmed Stop,20240603,37.05,20240607,36.55,-0.03891050583657585,-0.05188067444876787,-0.012970168612192023,-0.04444833194194029,-0.05735406906628243,-0.012905737124342141,False,True
8064,東捷,20241023,20241024,71.6,Close Confirmed Stop,20241029,65.7,20241105,65.3,-0.08240223463687135,-0.08798882681564246,-0.00558659217877111,-0.08770528796750496,-0.09327848577375908,-0.005573197806254121,False,True
8064,東捷,20250814,20250815,42.3,Day 8 Time Stop,20250826,42.75,20250826,42.75,0.010638297872340496,0.010638297872340496,0.0,0.004781024817971267,0.004781024817971267,0.0,False,True
8064,東捷,20260318,20260319,67.5,Close Confirmed Stop,20260323,63.0,20260330,66.7,-0.06666666666666665,-0.01185185185185178,0.05481481481481487,-0.07206931101157303,-0.017585809928504996,0.054483501083068035,False,True
8069,元太,20220325,20220328,172.5,Trailing Stop,20220406,178.0,20220408,174.5,0.03188405797101446,0.011594202898550732,-0.020289855072463725,0.025928745127988113,0.005754484978212285,-0.020174260149775827,False,True
8069,元太,20230517,20230518,202.0,Close Confirmed Stop,20230519,198.0,20230529,205.0,-0.01980198019801982,0.014851485148514865,0.034653465346534684,-0.025492773440057282,0.00897738438265678,0.034470157822714065,True,True
8069,元太,20231227,20231228,202.0,Close Confirmed Stop,20240103,193.5,20240109,190.0,-0.04207920792079212,-0.05940594059405946,-0.017326732673267342,-0.04761637223938503,-0.0648347499102808,-0.017218377670895776,False,True
8069,元太,20240215,20240216,230.0,Close Confirmed Stop,20240220,221.5,20240227,230.0,-0.036956521739130443,0.0,0.036956521739130443,-0.042505485623824564,-0.0058045748599785596,0.036700910763846004,False,True
8069,元太,20240229,20240301,248.0,Day 5 Weakness,20240308,241.0,20240312,236.0,-0.028225806451612878,-0.048387096774193505,-0.020161290322580627,-0.03387987823537928,-0.0538921191231657,-0.02001224088778642,False,True
8069,元太,20240612,20240613,249.0,Day 5 Weakness,20240620,240.0,20240624,234.0,-0.03614457831325302,-0.06024096385542166,-0.02409638554216864,-0.04169791470322053,-0.065669670488619,-0.023971755785398473,False,True
8069,元太,20240703,20240704,270.0,Day 5 Weakness,20240711,270.0,20240715,268.0,0.0,-0.007407407407407418,-0.007407407407407418,-0.005795687520679085,-0.01315201901108103,-0.0073563314904019446,False,True
8069,元太,20250811,20250812,261.0,Trailing Stop,20250814,268.5,20250821,250.0,0.028735632183908066,-0.04214559386973182,-0.07088122605363989,0.022776298931720354,-0.04766632185243566,-0.07044262078415602,False,True
8070,長華*,20240325,20240326,40.9,Close Confirmed Stop,20240328,39.7,20240408,43.65,-0.02933985330073341,0.06723716381418088,0.09657701711491429,-0.034969091555542196,0.06104283861076849,0.09601193016631068,True,True
8070,長華*,20240408,20240409,43.65,Close Confirmed Stop,20240416,41.2,20240418,41.05,-0.056128293241695215,-0.0595647193585338,-0.003436426116838587,-0.06159263371607139,-0.06498747230522312,-0.0033948385891517247,False,True
8070,長華*,20240513,20240514,47.75,Trailing Stop,20240524,48.75,20240523,49.2,0.020942408376963373,0.030366492146596924,0.009424083769633551,0.015025904951385623,0.02442739492063367,0.009401489969248049,False,True
8070,長華*,20240530,20240531,54.8,Close Confirmed Stop,20240604,51.5,20240612,51.9,-0.06021897810218968,-0.0529197080291971,0.007299270072992581,-0.06564289715638891,-0.058394503345637366,0.007248393810751541,False,True
8070,長華*,20240823,20240826,54.8,Trailing Stop,20240903,60.9,20240904,58.8,0.11131386861313874,0.07299270072992692,-0.038321167883211826,0.10487791883038891,0.06678213281618949,-0.038095786014199426,False,True
8070,長華*,20250529,20250602,48.3,Close Confirmed Stop,20250604,43.65,20250611,42.05,-0.09627329192546585,-0.12939958592132506,-0.0331262939958592,-0.10150775248161373,-0.1344212437890878,-0.03291349130747406,False,True
8070,長華*,20251112,20251113,47.3,Close Confirmed Stop,20251117,46.65,20251124,43.8,-0.013742071881606699,-0.07399577167019022,-0.060253699788583526,-0.019441798458797586,-0.07935092968458483,-0.05990913122578725,False,True
8070,長華*,20260112,20260113,47.6,Day 5 Weakness,20260120,46.85,20260122,48.55,-0.015756302521008347,0.01995798319327724,0.03571428571428559,-0.021451262357090536,0.01404398870743265,0.035495251064523184,True,True
8070,長華*,20260122,20260123,49.5,Close Confirmed Stop,20260130,47.0,20260203,46.3,-0.0505050505050505,-0.06464646464646473,-0.014141414141414232,-0.05598244182391143,-0.07005660907891026,-0.014074167254998826,False,True
8070,長華*,20260409,20260410,47.05,Day 5 Weakness,20260417,46.9,20260421,48.05,-0.0031880977683315104,0.02125398512221044,0.02444208289054195,-0.008948630835341052,0.015334733880180935,0.024283364715521987,True,True
8070,長華*,20260417,20260420,49.0,Day 5 Weakness,20260427,47.25,20260429,46.85,-0.0357142857142857,-0.043877551020408134,-0.008163265306122436,-0.041328216904747146,-0.04940520208523139,-0.00807698518048424,False,True
8071,能率網通,20260617,20260618,29.45,Close Confirmed Stop,20260623,27.7,20260630,31.1,-0.05942275042444822,0.05602716468590829,0.11544991511035652,-0.06484504537288255,0.04989466126872885,0.1147397066416114,True,True
8086,宏捷科,20230220,20230221,82.0,Close Confirmed Stop,20230223,78.0,20230306,79.3,-0.04878048780487809,-0.03292682926829271,0.01585365853658538,-0.05426410644893399,-0.038548551928420965,0.01571555452051302,False,True
8086,宏捷科,20230607,20230608,93.2,Close Confirmed Stop,20230613,91.5,20230619,89.3,-0.018240343347639465,-0.04184549356223177,-0.023605150214592308,-0.023932237228939376,-0.047380651790367115,-0.02344841456142774,False,True
8086,宏捷科,20231107,20231108,120.5,Day 8 Time Stop,20231117,127.0,20231117,127.0,0.053941908713692976,0.053941908713692976,0.0,0.047838854150473974,0.047838854150473974,0.0,False,True
8086,宏捷科,20240205,20240215,130.0,Trailing Stop,20240226,143.0,20240226,141.5,0.10000000000000009,0.08846153846153837,-0.01153846153846172,0.0936216472568542,0.08214425270273432,-0.01147739455411989,False,True
8086,宏捷科,20240305,20240306,153.5,Close Confirmed Stop,20240311,147.0,20240315,153.5,-0.04234527687296419,0.0,0.04234527687296419,-0.0478773868362643,-0.00580044342791137,0.04207694340835293,False,True
8086,宏捷科,20250718,20250721,94.5,Close Confirmed Stop,20250724,90.0,20250730,95.5,-0.04761904761904767,0.010582010582010692,0.058201058201058364,-0.05313561716083635,0.0047259098147266485,0.057861526975562995,True,True
8086,宏捷科,20250801,20250804,102.0,Day 8 Time Stop,20250813,107.0,20250813,107.0,0.0490196078431373,0.0490196078431373,0.0,0.042962038815571625,0.042962038815571625,0.0,False,True
8086,宏捷科,20251105,20251106,120.0,Close Confirmed Stop,20251111,114.5,20251117,110.0,-0.04583333333333328,-0.08333333333333337,-0.03750000000000009,-0.051330013354775765,-0.08863981808629662,-0.03730980473152085,False,True
8086,宏捷科,20260112,20260113,116.5,Close Confirmed Stop,20260120,110.5,20260122,125.5,-0.05150214592274682,0.07725321888412018,0.128755364806867,-0.056977983496706894,0.07100175851262022,0.1279797420093271,True,True
8086,宏捷科,20260121,20260122,128.0,Day 5 Weakness,20260129,123.5,20260202,103.5,-0.03515625,-0.19140625,-0.15625,-0.04076991921571385,-0.1961119028262764,-0.15534198361056256,False,True
8086,宏捷科,20260417,20260420,150.0,Close Confirmed Stop,20260424,137.0,20260429,142.0,-0.08666666666666667,-0.053333333333333344,0.033333333333333326,-0.09196864697233507,-0.058815630347402156,0.03315301662493292,False,True
8088,品安,20230915,20230918,37.7,Day 5 Weakness,20230925,37.7,20230927,39.3,0.0,0.04244031830238715,0.04244031830238715,-0.005800278357155606,0.03640484690986956,0.04220512526702516,True,True
8088,品安,20231114,20231115,40.9,Day 5 Weakness,20231122,40.0,20231124,39.75,-0.022004889975550057,-0.028117359413202925,-0.006112469437652868,-0.027685068254555304,-0.033749528547308304,-0.006064460292753,False,True
8088,品安,20251224,20251226,44.9,Day 8 Time Stop,20260107,49.25,20260107,49.25,0.0968819599109132,0.0968819599109132,0.0,0.0905511659268256,0.0905511659268256,0.0,False,True
8088,品安,20260107,20260108,49.5,Trailing Stop,20260112,54.0,20260119,73.1,0.09090909090909083,0.47676767676767673,0.3858585858585859,0.08459250541377929,0.4681922532917621,0.38359974787798284,False,True
8088,品安,20260525,20260526,59.6,Trailing Stop,20260528,61.2,20260604,67.6,0.02684563758389258,0.1342281879194629,0.10738255033557031,0.020912383006039554,0.127636940879031,0.10672455787299144,False,True
8089,康全電訊,20240516,20240517,92.8,Day 8 Time Stop,20240528,109.5,20240528,109.5,0.1799568965517242,0.1799568965517242,0.0,0.173116867523865,0.173116867523865,0.0,False,True
8096,擎亞,20250206,20250207,52.4,Day 8 Time Stop,20250218,77.7,20250218,77.7,0.48282442748091614,0.48282442748091614,0.0,0.4742293891230138,0.4742293891230138,0.0,False,True
8103,瀚荃,20220103,20220104,54.1,Close Confirmed Stop,20220111,51.0,20220113,48.2,-0.0573012939001849,-0.10905730129390012,-0.05175600739371522,-0.06276600223464443,-0.11423101831168321,-0.05146501607703878,False,True
8103,瀚荃,20240711,20240712,71.5,Trailing Stop,20240716,73.4,20240723,68.7,0.02657342657342676,-0.03916083916083912,-0.06573426573426588,0.020645914461607483,-0.04469744354073769,-0.06534335800234517,False,True
8103,瀚荃,20260424,20260427,106.5,Trailing Stop,20260504,121.5,20260507,121.5,0.14084507042253525,0.14084507042253525,0.0,0.13423901318275783,0.13423901318275783,0.0,False,True
8110,華東,20240620,20240621,20.55,Trailing Stop,20240626,21.5,20240702,20.15,0.04622871046228716,-0.01946472019464729,-0.06569343065693445,0.04018786328302644,-0.02514811601635856,-0.065335979299385,False,True
8111,立碁,20241211,20241212,46.3,Trailing Stop,20241223,53.6,20241223,53.0,0.15766738660907142,0.14470842332613398,-0.012958963282937441,0.15095860494773877,0.13806404275642412,-0.012894562191314657,False,True
8111,立碁,20251030,20251031,57.0,Trailing Stop,20251104,58.2,20251111,65.4,0.021052631578947434,0.1473684210526316,0.12631578947368416,0.015134018588827776,0.140713136232697,0.12557911764386923,False,True
8111,立碁,20251106,20251107,67.3,Close Confirmed Stop,20251111,63.0,20251118,63.4,-0.0638930163447251,-0.05794947994056465,0.005943536404160454,-0.06930484884212369,-0.06340890500520507,0.0058959438369186185,False,True
8112,至上,20230607,20230608,49.2,Day 8 Time Stop,20230619,48.85,20230619,48.85,-0.0071138211382114624,-0.0071138211382114624,0.0,-0.012860040006715099,-0.012860040006715099,0.0,False,True
8112,至上,20231213,20231214,72.8,Close Confirmed Stop,20231218,68.9,20231225,59.0,-0.05357142857142849,-0.18956043956043955,-0.13598901098901106,-0.05904466125786511,-0.1942737389856796,-0.13522907772781448,False,True
8112,至上,20240306,20240307,69.8,Day 5 Weakness,20240314,68.3,20240318,70.1,-0.021489971346704828,0.004297994269340855,0.025787965616045683,-0.027170712398561427,-0.0015112679942355825,0.025659444404325844,True,True
8112,至上,20260312,20260313,88.4,Trailing Stop,20260323,83.8,20260324,79.3,-0.05203619909502277,-0.10294117647058831,-0.05090497737556554,-0.05750751970181668,-0.10815718317780759,-0.05064966347599091,False,True
8112,至上,20260601,20260602,93.0,Close Confirmed Stop,20260609,86.0,20260611,95.5,-0.07526881720430112,0.026881720430107503,0.10215053763440862,-0.08062032658055325,0.020951851787381622,0.10157217836793488,True,True
8112,至上,20260612,20260615,101.0,Close Confirmed Stop,20260616,98.0,20260625,95.1,-0.02970297029702973,-0.05841584158415847,-0.02871287128712874,-0.03533661817784373,-0.06384702518841001,-0.02851040701056628,False,True
8114,振樺電,20220803,20220804,158.0,Day 5 Weakness,20220811,155.5,20220815,151.0,-0.015822784810126556,-0.044303797468354444,-0.02848101265822789,-0.021527369943052672,-0.04983974979552802,-0.02831237985247535,False,True
8121,越峰,20260521,20260522,37.55,Trailing Stop,20260529,41.0,20260602,38.75,0.09187749667110534,0.031957390146471365,-0.059920106524633976,0.08556099107841186,0.025984473972821012,-0.05957651710559085,False,True
8131,福懋科,20251027,20251028,37.55,Day 8 Time Stop,20251106,39.85,20251106,39.85,0.06125166444740349,0.06125166444740349,0.0,0.05510854951061574,0.05510854951061574,0.0,False,True
8131,福懋科,20251223,20251224,58.6,Trailing Stop,20260106,66.5,20260106,67.8,0.1348122866894197,0.15699658703071662,0.022184300341296925,0.12822330652928918,0.1502877260489693,0.022064419519680134,False,True
8131,福懋科,20260429,20260430,64.7,Close Confirmed Stop,20260504,61.5,20260512,67.0,-0.04945904173106652,0.03554868624420404,0.08500772797527056,-0.05493791312697741,0.029566012445720068,0.08450392557269748,True,True
8150,南茂,20220112,20220113,50.9,Close Confirmed Stop,20220120,47.8,20220124,47.0,-0.06090373280943029,-0.0766208251473477,-0.015717092337917404,-0.06632501520830249,-0.08197105900167401,-0.01564604379337152,False,True
8150,南茂,20230331,20230406,38.3,Day 8 Time Stop,20230417,38.85,20230417,38.85,0.01436031331592691,0.01436031331592691,0.0,0.008494399272598428,0.008494399272598428,0.0,False,True
8150,南茂,20231204,20231205,41.85,Day 8 Time Stop,20231214,43.35,20231214,43.35,0.03584229390680993,0.03584229390680993,0.0,0.029860026029104463,0.029860026029104463,0.0,False,True
8150,南茂,20240304,20240305,45.35,Day 8 Time Stop,20240314,47.55,20240314,47.55,0.04851157662624028,0.04851157662624028,0.0,0.04242781595166658,0.04242781595166658,0.0,False,True
8150,南茂,20250918,20250919,30.05,Day 5 Weakness,20250926,29.7,20251001,29.55,-0.011647254575707255,-0.016638935108153063,-0.004991680532445808,-0.017382976314010472,-0.022329359573619093,-0.0049463832596086214,False,True
8150,南茂,20260107,20260108,53.2,Day 8 Time Stop,20260119,70.8,20260119,70.8,0.3308270676691729,0.3308270676691729,0.0,0.3231357236133382,0.3231357236133382,0.0,False,True
8155,博智,20220118,20220119,184.5,Close Confirmed Stop,20220124,177.5,20220208,194.5,-0.03794037940379402,0.05420054200542013,0.09214092140921415,-0.043488317370058746,0.04809753562615527,0.09158585299621402,True,True
8155,博智,20230418,20230419,162.0,Close Confirmed Stop,20230424,150.5,20230428,156.0,-0.07098765432098764,-0.03703703703703709,0.033950617283950546,-0.07634662103154163,-0.04261066501132709,0.03373595602021454,False,True
8155,博智,20230714,20230717,182.5,Close Confirmed Stop,20230718,181.0,20230726,171.0,-0.008219178082191747,-0.06301369863013695,-0.0547945205479452,-0.013966868333136965,-0.06842982750860538,-0.054462959175468416,False,True
8155,博智,20251112,20251113,174.5,Close Confirmed Stop,20251117,163.0,20251124,152.5,-0.06590257879656158,-0.1260744985673352,-0.06017191977077363,-0.07132252220486975,-0.13111584238049295,-0.05979332017562321,False,True
8155,博智,20260129,20260130,228.0,Close Confirmed Stop,20260203,220.5,20260210,214.0,-0.03289473684210531,-0.06140350877192979,-0.028508771929824483,-0.03852419208269309,-0.06683085328226786,-0.02830666119957477,False,True
8171,天宇,20230302,20230303,66.6,Day 5 Weakness,20230310,63.5,20230314,59.1,-0.04654654654654644,-0.11261261261261246,-0.06606606606606602,-0.052064059773483544,-0.11777184236822827,-0.06570778259474472,False,True
8183,精星,20220826,20220829,65.2,Close Confirmed Stop,20220907,61.1,20220907,62.2,-0.06288343558282206,-0.04601226993865026,0.016871165644171793,-0.06830025558509867,-0.05153627680973069,0.016763978775367977,False,True
8210,勤誠,20230531,20230601,115.0,Trailing Stop,20230613,118.0,20230612,115.5,0.026086956521739202,0.004347826086956497,-0.021739130434782705,0.020153029700854176,-0.001467174761788431,-0.02162020446264261,False,True
8210,勤誠,20231130,20231201,252.5,Trailing Stop,20231205,242.5,20231212,268.0,-0.03960396039603964,0.06138613861386144,0.10099009900990108,-0.04515934100830858,0.055219771426522506,0.10037911243483108,True,True
8210,勤誠,20240119,20240122,317.0,Close Confirmed Stop,20240126,298.5,20240131,280.0,-0.05835962145110407,-0.11671924290220825,-0.05835962145110418,-0.06380261019193204,-0.12182113297147627,-0.05801852277954424,False,True
8210,勤誠,20240513,20240514,303.0,Day 5 Weakness,20240521,297.0,20240523,300.0,-0.01980198019801982,-0.00990099009900991,0.00990099009900991,-0.025484523751152382,-0.015640933081972036,0.009843590669180346,False,True
8210,勤誠,20240716,20240717,315.0,Close Confirmed Stop,20240719,297.0,20240730,266.0,-0.05714285714285716,-0.15555555555555556,-0.0984126984126984,-0.06260702424422926,-0.16045006286097077,-0.09784303861674151,False,True
8210,勤誠,20250611,20250612,374.0,Day 8 Time Stop,20250623,470.0,20250623,470.0,0.25668449197860954,0.25668449197860954,0.0,0.24939923743204695,0.24939923743204695,0.0,False,True
8215,明基材,20230605,20230606,38.35,Day 8 Time Stop,20230615,38.9,20230615,38.9,0.014341590612777066,0.014341590612777066,0.0,0.008475817551174753,0.008475817551174753,0.0,False,True
8222,寶一,20250804,20250805,53.8,Day 5 Weakness,20250812,51.4,20250814,49.4,-0.044609665427509215,-0.0817843866171003,-0.03717472118959109,-0.05013223124092832,-0.08708454605092657,-0.03695231480999825,False,True
8234,新漢,20230620,20230621,58.0,Close Confirmed Stop,20230628,54.9,20230704,55.0,-0.05344827586206902,-0.051724137931034475,0.0017241379310345417,-0.05892094235261429,-0.05720093822047212,0.0017200041321421694,False,True
8234,新漢,20240507,20240508,56.9,Trailing Stop,20240509,55.8,20240517,51.0,-0.019332161687170446,-0.1036906854130053,-0.08435852372583486,-0.025019917868574628,-0.10887589791062109,-0.08385598004204646,False,True
8234,新漢,20250724,20250725,93.9,Day 8 Time Stop,20250805,105.5,20250805,105.5,0.1235356762513311,0.1235356762513311,0.0,0.11704177450460054,0.11704177450460054,0.0,False,True
8249,菱光,20250523,20250526,51.5,Close Confirmed Stop,20250528,50.4,20250605,50.7,-0.021359223300970953,-0.015533980582524198,0.005825242718446755,-0.027043103205019462,-0.021231827613545234,0.005811275591474228,False,True
8261,富鼎,20221123,20221124,108.5,Day 8 Time Stop,20221205,117.0,20221205,117.0,0.07834101382488479,0.07834101382488479,0.0,0.07208769817045832,0.07208769817045832,0.0,False,True
8261,富鼎,20230131,20230201,115.0,Day 5 Weakness,20230208,114.0,20230210,111.5,-0.008695652173912993,-0.0304347826086957,-0.021739130434782705,-0.01444597704220486,-0.03606618150484759,-0.02162020446264273,False,True
8261,富鼎,20260416,20260417,115.0,Trailing Stop,20260422,128.0,20260428,118.5,0.11304347826086958,0.0304347826086957,-0.08260869565217388,0.10660044953727077,0.024490429799044425,-0.08211001973822635,False,True
8271,宇瞻,20260108,20260109,130.0,Close Confirmed Stop,20260115,120.5,20260120,129.5,-0.07307692307692304,-0.0038461538461538325,0.0692307692307692,-0.07843907701248078,-0.009608107701916089,0.06883096931056469,False,True
8299,群聯,20230412,20230413,418.0,Close Confirmed Stop,20230414,413.5,20230424,385.0,-0.010765550239234423,-0.07894736842105265,-0.06818181818181823,-0.016505444641762092,-0.08428802627000184,-0.06778258162823975,False,True
8299,群聯,20230915,20230918,467.5,Day 5 Weakness,20230925,459.5,20230927,466.5,-0.01711229946524062,-0.002139037433155133,0.014973262032085488,-0.02280654911300737,-0.007902564321645543,0.014903984791361827,False,True
8358,金居,20221114,20221115,52.3,Day 5 Weakness,20221122,50.9,20221124,52.9,-0.026768642447418722,0.01147227533460815,0.03824091778202687,-0.0324004625158646,0.005615499560396308,0.03801596207626091,True,True
8358,金居,20230109,20230110,58.4,Day 8 Time Stop,20230131,65.7,20230131,65.7,0.125,0.125,0.0,0.11850331103206178,0.11850331103206178,0.0,False,True
8358,金居,20230201,20230202,68.1,Day 5 Weakness,20230209,68.0,20230213,63.8,-0.001468428781204012,-0.06314243759177673,-0.06167400881057272,-0.007261356442338962,-0.06855423808413531,-0.06129288164179635,False,True
8358,金居,20230609,20230612,62.8,Close Confirmed Stop,20230615,61.1,20230621,65.0,-0.027070063694267454,0.035031847133758065,0.06210191082802552,-0.03270267461392742,0.0290503470222756,0.06175302163620301,True,True
8358,金居,20230621,20230626,65.3,Close Confirmed Stop,20230628,61.3,20230705,63.0,-0.061255742725880524,-0.03522205206738127,0.026033690658499253,-0.06667876399705985,-0.04080766822674483,0.025871095770315024,False,True
8358,金居,20240402,20240403,63.5,Close Confirmed Stop,20240417,63.0,20240416,62.5,-0.007874015748031482,-0.015748031496062964,-0.007874015748031482,-0.013625239869432721,-0.021446986273993364,-0.007821746404560643,False,True
8358,金居,20240515,20240516,72.0,Day 5 Weakness,20240523,70.7,20240527,70.4,-0.01805555555555549,-0.022222222222222143,-0.004166666666666652,-0.023743560035036127,-0.027900238021318212,-0.004156677986282085,False,True
8358,金居,20240710,20240711,73.5,Day 5 Weakness,20240718,71.5,20240722,66.2,-0.027210884353741527,-0.0993197278911564,-0.07210884353741487,-0.03284822354157235,-0.10455049285020389,-0.07170226930863154,False,True
8358,金居,20250609,20250610,57.8,Day 5 Weakness,20250617,57.9,20250619,57.1,0.0017301038062282892,-0.01211072664359858,-0.013840830449826869,-0.00407348453691739,-0.01784777948822146,-0.01377429495130407,False,True
8358,金居,20250718,20250721,86.4,Day 8 Time Stop,20250730,114.0,20250730,114.0,0.3194444444444444,0.3194444444444444,0.0,0.3118041757365933,0.3118041757365933,0.0,False,True
8358,金居,20260102,20260105,295.0,Close Confirmed Stop,20260106,274.0,20260114,261.0,-0.07118644067796609,-0.11525423728813555,-0.04406779661016946,-0.07656549572432274,-0.12039349400630986,-0.04382799828198712,False,True
8383,千附,20260421,20260422,71.9,Close Confirmed Stop,20260424,69.9,20260504,66.5,-0.02781641168289295,-0.07510431154381092,-0.04728789986091797,-0.03345280502969132,-0.08046038411781403,-0.04700757908812271,False,True
8390,金益鼎,20260113,20260114,105.0,Close Confirmed Stop,20260119,98.5,20260123,96.7,-0.06190476190476191,-0.07904761904761903,-0.017142857142857126,-0.06732414153270641,-0.0843925260933511,-0.01706838456064469,False,True
8404,百和興業-KY,20250221,20250224,30.0,Day 5 Weakness,20250304,28.2,20250306,27.7,-0.06000000000000005,-0.07666666666666666,-0.016666666666666607,-0.06541862463543707,-0.08201202053713891,-0.016593395901701835,False,True
8404,百和興業-KY,20251022,20251023,27.95,Close Confirmed Stop,20251029,26.1,20251104,24.95,-0.06618962432915909,-0.10733452593917714,-0.04114490161001805,-0.07159430923284649,-0.1125072666100046,-0.04091295737715811,False,True
8431,匯鑽科,20260105,20260106,76.6,Close Confirmed Stop,20260113,74.3,20260115,70.5,-0.030026109660574396,-0.07963446475195812,-0.04960835509138373,-0.035652249595604306,-0.08497497041815406,-0.04932272082254976,False,True
8436,大江,20230203,20230206,200.0,Day 5 Weakness,20230213,200.0,20230215,208.0,0.0,0.040000000000000036,0.040000000000000036,-0.0057838334148743896,0.03398615365024906,0.03976998706512345,True,True
8436,大江,20230215,20230216,208.0,Trailing Stop,20230301,212.5,20230301,212.5,0.02163461538461542,0.02163461538461542,0.0,0.015718102102717253,0.015718102102717253,0.0,False,True
8478,東哥遊艇,20220812,20220815,226.5,Close Confirmed Stop,20220817,220.0,20220824,309.0,-0.028697571743929395,0.3642384105960266,0.39293598233995597,-0.034333383500504855,0.35635772707041297,0.3906911105709178,True,True
8478,東哥遊艇,20220822,20220823,294.0,Trailing Stop,20220825,309.0,20220901,308.0,0.05102040816326525,0.04761904761904767,-0.00340136054421758,0.04493243036466538,0.04157286525749156,-0.0033595651071738133,False,True
8478,東哥遊艇,20221122,20221123,309.5,Day 8 Time Stop,20221202,318.5,20221202,318.5,0.029079159935379684,0.029079159935379684,0.0,0.023113485806409744,0.023113485806409744,0.0,False,True
8926,台汽電,20230412,20230413,46.0,Trailing Stop,20230420,49.8,20230424,48.95,0.08260869565217388,0.06413043478260883,-0.018478260869565055,0.07634514881412698,0.05794453378033984,-0.018400615033787135,False,True
8926,台汽電,20260511,20260512,52.5,Trailing Stop,20260519,57.3,20260521,61.0,0.09142857142857141,0.161904761904762,0.07047619047619058,0.08510763116335776,0.15518125399920107,0.07007362283584331,False,True
8926,台汽電,20260525,20260526,63.5,Trailing Stop,20260529,68.8,20260604,72.4,0.08346456692913384,0.14015748031496078,0.05669291338582694,0.077193828591687,0.13355046893600817,0.05635664034432117,False,True
8932,智通*,20260525,20260526,105.5,Close Confirmed Stop,20260528,101.0,20260604,100.0,-0.042654028436018954,-0.05213270142180093,-0.009478672985781977,-0.04818183678542189,-0.05760445903777632,-0.009422622252354428,False,True
8932,智通*,20260825,20260826,112.0,Close Confirmed Stop,20260828,88.5,,,-0.2098214285714286,,,-0.21438770056833142,,,False,False
8936,國統,20230413,20230414,32.0,Close Confirmed Stop,20230417,29.6,20230425,27.5,-0.07499999999999996,-0.140625,-0.06562500000000004,-0.08035145218609394,-0.14558575008721755,-0.06523429790112362,False,True
8936,國統,20230620,20230621,30.1,Day 8 Time Stop,20230704,32.4,20230704,32.4,0.07641196013289031,0.07641196013289031,0.0,0.07016374783752938,0.07016374783752938,0.0,False,True
8936,國統,20231103,20231106,41.5,Day 8 Time Stop,20231115,42.35,20231115,42.35,0.02048192771084345,0.02048192771084345,0.0,0.014569599702556103,0.014569599702556103,0.0,False,True
8936,國統,20240717,20240718,84.5,Close Confirmed Stop,20240723,83.0,20240731,75.5,-0.017751479289940808,-0.10650887573964496,-0.08875739644970415,-0.023445068927424182,-0.11168919101851506,-0.08824412209109088,False,True
8936,國統,20250513,20250514,59.2,Close Confirmed Stop,20250520,57.1,20250523,58.0,-0.03547297297297303,-0.020270270270270285,0.015202702702702742,-0.04108548933333512,-0.02595256766214948,0.015132921671185639,False,True
8936,國統,20251029,20251030,57.9,Day 8 Time Stop,20251110,61.4,20251110,61.4,0.060449050086355705,0.060449050086355705,0.0,0.054303748886830754,0.054303748886830754,0.0,False,True
8936,國統,20260504,20260505,52.5,Day 5 Weakness,20260512,50.6,20260514,49.85,-0.03619047619047622,-0.05047619047619045,-0.014285714285714235,-0.04173824975368665,-0.055956341866908094,-0.01421809211322144,False,True
8936,國統,20260603,20260604,55.5,Trailing Stop,20260609,58.5,20260615,57.9,0.054054054054053946,0.043243243243243246,-0.0108108108108107,0.04792887637832513,0.03721061962943462,-0.010718256748890508,False,True
8996,高力,20220610,20220613,71.0,Close Confirmed Stop,20220615,66.5,20220622,66.2,-0.06338028169014087,-0.06760563380281681,-0.00422535211267594,-0.06879174823644962,-0.07300697154595773,-0.004215223309508104,False,True
8996,高力,20220728,20220729,74.8,Trailing Stop,20220804,79.5,20220809,77.1,0.06283422459893062,0.03074866310160429,-0.03208556149732633,0.056681280772393844,0.024806153944740457,-0.03187512682765339,False,True
8996,高力,20230523,20230524,242.5,Trailing Stop,20230530,258.5,20230602,270.5,0.06597938144329896,0.11546391752577323,0.04948453608247427,0.059806401734354434,0.10900483112651271,0.04919842939215828,False,True
8996,高力,20240205,20240215,282.0,Day 5 Weakness,20240222,277.0,20240226,264.5,-0.01773049645390068,-0.06205673758865249,-0.04432624113475181,-0.02342675653403163,-0.06747966485614366,-0.04405290832211203,False,True
8996,高力,20240306,20240307,314.0,Close Confirmed Stop,20240311,284.0,20240318,327.0,-0.09554140127388533,0.04140127388535042,0.13694267515923575,-0.10079094585099065,0.03538802276258279,0.13617896861357343,True,True
8996,高力,20250731,20250801,309.0,Close Confirmed Stop,20250806,304.0,20250812,336.5,-0.016181229773462813,0.08899676375404542,0.10517799352750823,-0.021876232088264197,0.08267891268143351,0.10455514476969771,True,True
8996,高力,20251003,20251007,416.0,Day 8 Time Stop,20251017,543.0,20251017,543.0,0.30528846153846145,0.30528846153846145,0.0,0.2977250880444166,0.2977250880444166,0.0,False,True
9802,鈺齊-KY,20220825,20220826,188.0,Day 8 Time Stop,20220906,188.0,20220906,188.0,0.0,0.0,0.0,-0.005805593205186938,-0.005805593205186938,0.0,False,True
9904,寶成,20221115,20221116,32.65,Day 5 Weakness,20221123,32.4,20221125,31.7,-0.007656967840735107,-0.029096477794793296,-0.02143950995405819,-0.013404742291281024,-0.03472614553816108,-0.021321403246880054,False,True
9904,寶成,20231115,20231116,30.2,Day 8 Time Stop,20231127,30.75,20231127,30.75,0.01821192052980125,0.01821192052980125,0.0,0.012337772604743344,0.012337772604743344,0.0,False,True
9904,寶成,20231218,20231219,31.75,Day 5 Weakness,20231226,31.0,20231228,31.1,-0.023622047244094446,-0.020472440944881876,0.0031496062992125706,-0.02929816810164482,-0.026156112794327762,0.0031420553073170585,False,True
9904,寶成,20240312,20240313,32.0,Day 8 Time Stop,20240322,35.1,20240322,35.1,0.09687500000000004,0.09687500000000004,0.0,0.09054473381833798,0.09054473381833798,0.0,False,True
9904,寶成,20240514,20240515,38.25,Close Confirmed Stop,20240521,36.65,20240524,37.05,-0.0418300653594772,-0.031372549019607954,0.010457516339869244,-0.047361327028488956,-0.0369955657481535,0.010365761280335457,False,True
9904,寶成,20241028,20241029,38.05,Day 8 Time Stop,20241108,39.2,20241108,39.2,0.030223390275952777,0.030223390275952777,0.0,0.024285426261358562,0.024285426261358562,0.0,False,True
9904,寶成,20251022,20251023,30.0,Close Confirmed Stop,20251029,29.35,20251104,28.65,-0.021666666666666612,-0.04500000000000004,-0.023333333333333428,-0.027343778165845083,-0.05052122036640703,-0.023177442200561945,False,True
9907,統一實,20230413,20230414,20.6,Day 5 Weakness,20230421,20.45,20230425,20.5,-0.00728155339805836,-0.004854368932038944,0.0024271844660194164,-0.013028676025023982,-0.010607310194835106,0.002421365830188876,False,True
9907,統一實,20250509,20250512,21.2,Day 5 Weakness,20250519,20.5,20250521,20.45,-0.03301886792452824,-0.035377358490566,-0.002358490566037763,-0.03863721816053555,-0.04099005486967073,-0.002352836709135178,False,True
9921,巨大,20240307,20240308,222.0,Close Confirmed Stop,20240315,211.0,20240319,220.0,-0.0495495495495496,-0.009009009009009028,0.04054054054054057,-0.05502654440878084,-0.014749781503846576,0.04027676290493426,False,True
9921,巨大,20240320,20240321,235.0,Close Confirmed Stop,20240325,224.0,20240401,209.0,-0.04680851063829783,-0.11063829787234047,-0.06382978723404265,-0.05230706017982152,-0.11581644031010965,-0.06350938013028813,False,True
9921,巨大,20240604,20240605,229.5,Close Confirmed Stop,20240607,225.5,20240617,215.0,-0.017429193899782147,-0.0631808278867102,-0.04575163398692805,-0.02313330712573798,-0.06860783613793082,-0.045474529012192844,False,True
9921,巨大,20251023,20251027,110.0,Close Confirmed Stop,20251029,104.5,20251105,99.5,-0.050000000000000044,-0.09545454545454546,-0.045454545454545414,-0.05548189168117377,-0.10069394751738198,-0.04521205583620821,False,True
9921,巨大,20260515,20260518,76.3,Close Confirmed Stop,20260519,72.3,20260527,66.2,-0.05242463958060284,-0.13237221494102225,-0.07994757536041941,-0.05790196297818643,-0.13739073772762328,-0.07948877474943686,False,True
9933,中鼎,20220325,20220328,46.5,Day 5 Weakness,20220406,45.6,20220408,45.95,-0.019354838709677358,-0.011827956989247213,0.007526881720430145,-0.025040474596025812,-0.01756498427734903,0.007475490318676781,False,True
9933,中鼎,20240327,20240328,47.9,Day 5 Weakness,20240408,48.0,20240410,49.5,0.0020876826722338038,0.03340292275574108,0.03131524008350728,-0.0037171311169528366,0.027422962822434793,0.03114009393938763,False,True
9933,中鼎,20240619,20240620,53.0,Day 5 Weakness,20240627,51.9,20240701,53.1,-0.02075471698113207,0.0018867924528302993,0.02264150943396237,-0.026437121220584555,-0.003916587701748151,0.022520533518836403,True,True
9933,中鼎,20250721,20250722,28.0,Day 8 Time Stop,20250731,29.15,20250731,29.15,0.041071428571428426,0.041071428571428426,0.0,0.03507602503303106,0.03507602503303106,0.0,False,True
9933,中鼎,20251106,20251107,32.0,Day 5 Weakness,20251114,31.65,20251118,30.5,-0.010937500000000044,-0.046875,-0.035937499999999956,-0.01667590852982617,-0.05239389594275527,-0.0357179874129291,False,True
9933,中鼎,20251203,20251204,35.7,Close Confirmed Stop,20251205,33.95,20251215,32.15,-0.0490196078431373,-0.09943977591036424,-0.050420168067226934,-0.05449998665244262,-0.10466592461116304,-0.05016593795872042,False,True
9933,中鼎,20260311,20260312,32.1,Day 8 Time Stop,20260323,34.65,20260323,34.65,0.07943925233644844,0.07943925233644844,0.0,0.07318375530291765,0.07318375530291765,0.0,False,True
9933,中鼎,20260521,20260522,39.75,Day 5 Weakness,20260529,39.2,20260602,39.35,-0.01383647798742127,-0.010062893081761004,0.0037735849056602655,-0.01953711775831465,-0.01580594282515856,0.003731174933156091,False,True
9938,百和,20231129,20231130,65.5,Close Confirmed Stop,20231201,62.3,20231211,62.3,-0.04885496183206106,-0.04885496183206106,0.0,-0.054337983135422964,-0.054337983135422964,0.0,False,True
9938,百和,20240513,20240514,68.2,Day 5 Weakness,20240521,67.5,20240523,65.7,-0.01026392961876832,-0.03665689149560114,-0.02639296187683282,-0.01600548544551092,-0.042201757084156834,-0.026196271638645914,False,True
9938,百和,20240923,20240924,72.5,Close Confirmed Stop,20240927,72.2,20241007,77.2,-0.004137931034482678,0.06482758620689655,0.06896551724137923,-0.00989383411080576,0.05863953948785275,0.0685333735986585,True,True
9938,百和,20241017,20241018,80.1,Day 8 Time Stop,20241029,81.4,20241029,81.4,0.01622971285892638,0.01622971285892638,0.0,0.010360188581906305,0.010360188581906305,0.0,False,True
9945,潤泰新,20220111,20220112,67.5,Day 5 Weakness,20220119,66.5,20220121,64.8,-0.014814814814814836,-0.040000000000000036,-0.0251851851851852,-0.020508350501483218,-0.04553320558430519,-0.02502485508282197,False,True
9945,潤泰新,20230605,20230606,37.3,Day 5 Weakness,20230613,36.0,20230615,36.7,-0.03485254691688999,-0.0160857908847184,0.018766756032171594,-0.04046695649650767,-0.021778529885986216,0.01868842661052145,False,True
9945,潤泰新,20231114,20231115,36.15,Day 5 Weakness,20231122,35.85,20231124,35.85,-0.008298755186721962,-0.008298755186721962,0.0,-0.014041437184554193,-0.014041437184554193,0.0,False,True
9945,潤泰新,20231214,20231215,36.8,Day 5 Weakness,20231222,36.55,20231226,36.7,-0.006793478260869512,-0.0027173913043476716,0.0040760869565218405,-0.012541419260983464,-0.008508440160352012,0.004032979100631452,False,True
9945,潤泰新,20240102,20240103,39.1,Close Confirmed Stop,20240109,37.9,20240112,36.9,-0.03069053708439906,-0.05626598465473154,-0.025575447570332477,-0.03631508418627127,-0.0617291948488036,-0.02541411066253233,False,True
9945,潤泰新,20240429,20240430,39.1,Trailing Stop,20240509,40.9,20240510,40.5,0.04603580562659837,0.03580562659846542,-0.010230179028132946,0.039993931026326264,0.029821618438813282,-0.010172312587512982,False,True
9945,潤泰新,20240712,20240715,47.25,Day 8 Time Stop,20240726,51.3,20240726,51.3,0.08571428571428563,0.08571428571428563,0.0,0.0794447307647312,0.0794447307647312,0.0,False,True
9946,三發地產,20240517,20240520,39.5,Day 8 Time Stop,20240529,44.3,20240529,44.3,0.12151898734177213,0.12151898734177213,0.0,0.11502806212372563,0.11502806212372563,0.0,False,True
9958,世紀鋼,20220110,20220111,119.5,Close Confirmed Stop,20220117,115.0,20220120,113.5,-0.03765690376569042,-0.05020920502092052,-0.012552301255230103,-0.043207220005431604,-0.055695990974993094,-0.01248877096956149,False,True
9958,世紀鋼,20221202,20221205,89.0,Day 5 Weakness,20221212,88.6,20221214,90.3,-0.004494382022471988,0.014606741573033766,0.019101123595505753,-0.010254277179276208,0.008734256277586496,0.018988533456862702,True,True
9958,世紀鋼,20230220,20230221,108.0,Day 5 Weakness,20230302,104.5,20230306,103.0,-0.03240740740740744,-0.04629629629629628,-0.01388888888888884,-0.038032101431888635,-0.051820927730753925,-0.01378882629886529,False,True
9958,世紀鋼,20230412,20230413,114.0,Day 8 Time Stop,20230424,113.5,20230424,113.5,-0.004385964912280715,-0.004385964912280715,0.0,-0.01015066331954389,-0.01015066331954389,0.0,False,True
9958,世紀鋼,20230609,20230612,116.5,Close Confirmed Stop,20230614,108.5,20230621,112.0,-0.06866952789699576,-0.03862660944206009,0.030042918454935674,-0.07407085490589058,-0.044166668153648024,0.029904186752242552,False,True
9958,世紀鋼,20230915,20230918,178.0,Trailing Stop,20230926,177.0,20230927,183.0,-0.005617977528089901,0.028089887640449396,0.0337078651685393,-0.011375178388336255,0.022151677237728616,0.033526855626064875,True,True
9958,世紀鋼,20231205,20231206,183.0,Day 5 Weakness,20231213,183.0,20231215,172.0,0.0,-0.060109289617486295,-0.060109289617486295,-0.005780154276936734,-0.06554438110840506,-0.05976422683146833,False,True
9958,世紀鋼,20240514,20240515,258.0,Close Confirmed Stop,20240516,246.0,20240524,299.5,-0.046511627906976716,0.16085271317829464,0.20736434108527135,-0.05203429250814338,0.15413216875262425,0.20616646126076763,True,True
9958,世紀鋼,20250605,20250606,209.0,Day 8 Time Stop,20250617,232.5,20250617,232.5,0.1124401913875599,0.1124401913875599,0.0,0.10599677495524668,0.10599677495524668,0.0,False,True
3219,倚強科,20250829,20250901,108.5,Close Confirmed Stop,20250902,107.0,20250910,109.5,-0.01382488479262678,0.009216589861751112,0.02304147465437789,-0.019557124719378767,0.0033624176860931323,0.0229195424054719,True,True
3714,富采,20220105,20220106,83.0,Trailing Stop,20220114,89.4,20220117,94.2,0.07710843373493992,0.13493975903614452,0.057831325301204606,0.0708603973282689,0.1283531261145033,0.057492728786234404,False,True
3714,富采,20221114,20221115,45.75,Day 5 Weakness,20221122,45.7,20221124,46.5,-0.0010928961748633004,0.016393442622950838,0.017486338797814138,-0.006886438976525079,0.010524659225621314,0.017411098202146393,True,True
3714,富采,20230605,20230606,52.8,Day 5 Weakness,20230613,52.6,20230615,51.7,-0.0037878787878786735,-0.02083333333333326,-0.017045454545454586,-0.009545237282111744,-0.026516469686977042,-0.016971232404865297,False,True
3714,富采,20230619,20230620,54.0,Close Confirmed Stop,20230628,51.8,20230703,51.6,-0.040740740740740744,-0.0444444444444444,-0.0037037037037036535,-0.046272170737209226,-0.04996699650172903,-0.0036948257645198074,False,True
3714,富采,20240429,20240430,42.8,Day 8 Time Stop,20240510,43.0,20240510,43.0,0.004672897196261738,0.004672897196261738,0.0,-0.001135259163067693,-0.001135259163067693,0.0,False,True
3714,富采,20240516,20240517,44.25,Day 8 Time Stop,20240528,48.4,20240528,48.4,0.09378531073446328,0.09378531073446328,0.0,0.08746317621443142,0.08746317621443142,0.0,False,True
3714,富采,20240920,20240923,46.2,Day 5 Weakness,20240930,45.7,20241004,46.1,-0.010822510822510845,-0.0021645021645021467,0.008658008658008698,-0.016563003960407677,-0.007959108748895372,0.008603895211512304,False,True
3714,富采,20241016,20241017,47.2,Day 8 Time Stop,20241028,47.75,20241028,47.75,0.01165254237288127,0.01165254237288127,0.0,0.005789811904970033,0.005789811904970033,0.0,False,True
3714,富采,20250219,20250220,52.3,Close Confirmed Stop,20250225,46.6,20250304,43.25,-0.10898661567877621,-0.17304015296367103,-0.06405353728489482,-0.11415477440338874,-0.17782151416934422,-0.06366673976595548,False,True
3714,富采,20250917,20250918,40.05,Day 5 Weakness,20250925,39.95,20250930,39.25,-0.0024968789013731785,-0.019975031210986205,-0.017478152309613026,-0.00828817753276237,-0.025657762922614936,-0.017369585389852567,False,True
3714,富采,20260311,20260312,39.3,Trailing Stop,20260324,48.5,20260323,46.8,0.23409669211195938,0.19083969465648853,-0.04325699745547085,0.22693651982453902,0.1839499550805175,-0.042986564744021516,False,True
2211,長榮鋼,20220406,20220407,64.9,Close Confirmed Stop,20220408,62.1,20220418,58.5,-0.04314329738058553,-0.09861325115562414,-0.055469953775038605,-0.04867513818188721,-0.10384520564623156,-0.05517006746434435,False,True
2211,長榮鋼,20231215,20231218,99.9,Day 8 Time Stop,20231227,101.0,20231227,101.0,0.011011011011010874,0.011011011011010874,0.0,0.0051556095784449744,0.0051556095784449744,0.0,False,True
6768,志強-KY,20250224,20250225,167.0,Close Confirmed Stop,20250227,159.5,20250307,143.5,-0.04491017964071853,-0.14071856287425155,-0.09580838323353302,-0.05044091856282893,-0.14568548816927446,-0.09524456960644553,False,True
3357,臺慶科,20260416,20260417,175.0,Trailing Stop,20260424,172.0,20260428,169.5,-0.017142857142857126,-0.03142857142857147,-0.014285714285714346,-0.022836410475882862,-0.0370545025891043,-0.01421809211322144,False,True
3357,臺慶科,20260512,20260513,188.0,Trailing Stop,20260518,220.5,20260522,279.0,0.1728723404255319,0.48404255319148937,0.31117021276595747,0.1660842666232645,0.47543924458603654,0.309354977962772,False,True
6788,華景電,20250807,20250808,291.0,Close Confirmed Stop,20250811,262.0,20250819,274.5,-0.09965635738831613,-0.05670103092783507,0.04295532646048106,-0.10487953679493653,-0.06216191520283367,0.04271762159210286,False,True
6806,森崴能源,20230417,20230418,110.0,Trailing Stop,20230424,111.5,20230427,107.0,0.013636363636363669,-0.027272727272727226,-0.040909090909090895,0.007768260512010048,-0.03290923946128933,-0.04067749997329938,False,True
6806,森崴能源,20231107,20231108,112.5,Day 5 Weakness,20231115,111.5,20231117,111.5,-0.008888888888888835,-0.008888888888888835,0.0,-0.014635602418332845,-0.014635602418332845,0.0,False,True
6806,森崴能源,20240219,20240220,123.5,Day 8 Time Stop,20240301,151.0,20240301,151.0,0.22267206477732793,0.22267206477732793,0.0,0.21556334520558684,0.21556334520558684,0.0,False,True
6806,森崴能源,20240710,20240711,181.0,Day 5 Weakness,20240718,170.5,20240722,176.0,-0.058011049723756924,-0.027624309392265234,0.03038674033149169,-0.06344688752900038,-0.03326677670829073,0.03018011082070965,False,True
6770,力積電,20220406,20220407,54.3,Day 5 Weakness,20220414,52.8,20220418,51.0,-0.027624309392265234,-0.06077348066298338,-0.03314917127071815,-0.033260064953364324,-0.0661962478943571,-0.03293618294099278,False,True
6770,力積電,20221111,20221114,33.65,Day 5 Weakness,20221121,33.75,20221123,32.95,0.002971768202080227,-0.02080237741456159,-0.023774145616641817,-0.0028337688914520077,-0.026484232138108587,-0.02365046324665658,False,True
6770,力積電,20230130,20230131,33.9,Day 5 Weakness,20230207,33.6,20230209,34.15,-0.008849557522123797,0.007374631268436627,0.016224188790560423,-0.014591013300704532,0.0015609621779424114,0.016151975478646944,True,True
6770,力積電,20230614,20230615,32.5,Day 5 Weakness,20230626,31.75,20230628,30.7,-0.023076923076923106,-0.055384615384615365,-0.03230769230769226,-0.028751274912341168,-0.060848219738317416,-0.03209694482597625,False,True
6770,力積電,20240927,20240930,21.8,Close Confirmed Stop,20241001,21.5,20241014,20.15,-0.013761467889908285,-0.07568807339449546,-0.06192660550458717,-0.019492955948629785,-0.0810377357899277,-0.06154477984129792,False,True
6770,力積電,20260130,20260202,66.3,Close Confirmed Stop,20260203,66.0,20260211,63.1,-0.004524886877828038,-0.04826546003016585,-0.043740573152337814,-0.010276709218562705,-0.053745819383282184,-0.04346911016471948,False,True
6770,力積電,20260506,20260507,60.5,Trailing Stop,20260511,64.9,20260518,62.0,0.07272727272727275,0.024793388429751984,-0.04793388429752077,0.0665209654162522,0.018868720405736273,-0.04765224501051593,False,True
6770,力積電,20260525,20260526,69.9,Trailing Stop,20260602,87.0,20260604,81.0,0.24463519313304705,0.15879828326180245,-0.0858369098712446,0.23741176191933985,0.1520810766747161,-0.08533068524462376,False,True
6770,力積電,20260814,20260817,79.9,Close Confirmed Stop,20260818,75.0,20260826,70.2,-0.06132665832290374,-0.12140175219023785,-0.06007509386733412,-0.06674298864710546,-0.1264741036437496,-0.05973111499664416,False,True
6719,力智,20230208,20230209,330.5,Close Confirmed Stop,20230213,307.0,20230220,299.5,-0.07110438729198187,-0.09379727685325268,-0.0226928895612708,-0.07648955936608717,-0.0990608406524446,-0.022571281286357422,False,True
5244,弘凱,20250827,20250828,50.1,Close Confirmed Stop,20250829,50.8,20250908,46.95,0.013972055888223478,-0.06287425149700598,-0.07684630738522946,0.008108251036660864,-0.068287190940046,-0.07639544197670686,False,True
8438,昶昕,20260408,20260409,81.0,Trailing Stop,20260414,87.2,20260420,88.4,0.07654320987654328,0.09135802469135812,0.014814814814814836,0.07029748463696342,0.08504346765640523,0.014745983019441813,False,True
6799,來頡,20231129,20231130,172.0,Close Confirmed Stop,20231204,166.5,20231211,166.5,-0.03197674418604646,-0.03197674418604646,0.0,-0.0376009912336125,-0.0376009912336125,0.0,False,True
6799,來頡,20231222,20231225,185.0,Close Confirmed Stop,20231226,178.0,20240104,180.5,-0.037837837837837784,-0.024324324324324298,0.013513513513513487,-0.04337622621907182,-0.029995065302277583,0.013381160916794237,False,True
6799,來頡,20240220,20240221,198.0,Close Confirmed Stop,20240223,189.0,20240304,212.5,-0.045454545454545414,0.07323232323232332,0.11868686868686873,-0.05098337342365022,0.0670180806895201,0.11800145411317031,True,True
6585,鼎基,20231122,20231123,146.5,Close Confirmed Stop,20231124,141.0,20231204,133.5,-0.03754266211604096,-0.0887372013651877,-0.05119453924914674,-0.043091917685064506,-0.09403002938463464,-0.05093811169957014,False,True
6546,正基,20220816,20220817,138.5,Day 5 Weakness,20220824,140.5,20220826,142.5,0.014440433212996373,0.028880866425992746,0.014440433212996373,0.008569888506263279,0.022942316815361928,0.014372428309098649,False,True
6550,北極星藥業-KY,20240401,20240402,74.2,Close Confirmed Stop,20240403,71.3,20240415,68.6,-0.03908355795148255,-0.07547169811320764,-0.03638814016172509,-0.044627106278933286,-0.08082780443312487,-0.036200698154191586,False,True
6789,采鈺,20231130,20231201,303.0,Day 5 Weakness,20231208,299.5,20231212,291.0,-0.011551155115511524,-0.03960396039603964,-0.028052805280528115,-0.017287136462999595,-0.04513807547252793,-0.027850939009528338,False,True
6789,采鈺,20260224,20260225,309.0,Trailing Stop,20260305,364.0,20260309,311.5,0.1779935275080906,0.008090614886731462,-0.16990291262135915,0.17115900859849514,0.0022363411906901223,-0.168922667407805,False,True
3715,定穎投控,20231201,20231204,109.0,Close Confirmed Stop,20231205,99.5,20231213,94.5,-0.08715596330275233,-0.1330275229357798,-0.04587155963302747,-0.09245490801650647,-0.13804926770769932,-0.045594359691192854,False,True
3715,定穎投控,20240924,20240925,79.3,Close Confirmed Stop,20240927,76.8,20241008,73.4,-0.031525851197982346,-0.07440100882723821,-0.04287515762925587,-0.03715511540199576,-0.079760445289122,-0.042605329887126245,False,True
3715,定穎投控,20241218,20241219,65.0,Close Confirmed Stop,20241225,62.6,20241230,60.8,-0.03692307692307695,-0.06461538461538463,-0.027692307692307683,-0.04249758681026226,-0.07002353620234505,-0.027525949392082798,False,True
3715,定穎投控,20250703,20250704,50.0,Day 8 Time Stop,20250715,61.4,20250715,61.4,0.22799999999999998,0.22799999999999998,0.0,0.2208883183654282,0.2208883183654282,0.0,False,True
3715,定穎投控,20250729,20250730,76.6,Trailing Stop,20250808,92.5,20250808,94.4,0.20757180156657973,0.2323759791122717,0.024804177545691974,0.20060921060845047,0.22522055860097537,0.0246113479925249,False,True
3715,定穎投控,20251009,20251013,100.0,Close Confirmed Stop,20251015,94.5,20251022,92.0,-0.05500000000000005,-0.07999999999999996,-0.02499999999999991,-0.06047229801715981,-0.08531215453929096,-0.02483985652213115,False,True
3715,定穎投控,20260112,20260113,146.5,Close Confirmed Stop,20260114,139.0,20260122,136.5,-0.05119453924914674,-0.06825938566552903,-0.017064846416382284,-0.056677641715154846,-0.07363473651296308,-0.016957094797808235,False,True
6834,天二科技,20260518,20260519,52.7,Trailing Stop,20260528,75.8,20260528,70.5,0.4383301707779885,0.3377609108159392,-0.10056925996204935,0.4300110941144348,0.3300165572365326,-0.09999453687790216,False,True
6695,芯鼎,20231227,20231228,74.8,Trailing Stop,20240104,75.9,20240109,76.9,0.014705882352941346,0.02807486631016065,0.013368983957219305,0.00883521483269434,0.022138768143029786,0.013303553310335446,False,True
6695,芯鼎,20260511,20260512,53.1,Close Confirmed Stop,20260514,51.2,20260521,51.5,-0.03578154425612046,-0.030131826741996215,0.005649717514124242,-0.041394157328295475,-0.03575798405863114,0.005636173269664334,False,True
6695,芯鼎,20260526,20260527,65.1,Close Confirmed Stop,20260528,61.0,20260605,52.8,-0.06298003072196612,-0.18894009216589858,-0.12596006144393246,-0.06839434751549821,-0.19365227615122405,-0.12525792863572582,False,True
3447,展達,20241028,20241029,79.7,Day 8 Time Stop,20241108,92.1,20241108,92.1,0.15558343789209528,0.15558343789209528,0.0,0.14888127918458205,0.14888127918458205,0.0,False,True
6753,龍德造船,20250908,20250909,188.5,Trailing Stop,20250912,186.5,20250918,156.5,-0.010610079575596787,-0.16976127320954904,-0.15915119363395225,-0.016337084497815003,-0.17456992059254867,-0.15823283609473365,False,True
2645,長榮航太,20230414,20230417,114.0,Trailing Stop,20230420,117.5,20230426,109.0,0.030701754385964897,-0.04385964912280704,-0.07456140350877194,0.024752600044908188,-0.04939593849093536,-0.07414853853584355,False,True
2645,長榮航太,20230619,20230620,119.0,Close Confirmed Stop,20230627,112.5,20230703,112.5,-0.054621848739495826,-0.054621848739495826,0.0,-0.06009877212193316,-0.06009877212193316,0.0,False,True
2645,長榮航太,20250804,20250805,131.0,Trailing Stop,20250814,170.0,20250814,162.5,0.2977099236641221,0.24045801526717558,-0.057251908396946494,0.2902176632808948,0.23327023710034464,-0.05694742618055018,False,True
2645,長榮航太,20260108,20260109,153.0,Close Confirmed Stop,20260112,145.0,20260120,161.0,-0.05228758169934644,0.05228758169934644,0.10457516339869288,-0.05777419194503034,0.04618193326033365,0.10395612520536399,True,True
6584,南俊國際,20251110,20251111,310.0,Trailing Stop,20251120,357.0,20251120,363.5,0.15161290322580645,0.17258064516129035,0.020967741935483897,0.144923252854865,0.16577356505119178,0.020850312196326798,False,True
6757,台灣虎航,20260625,20260626,64.9,Close Confirmed Stop,20260629,62.2,20260707,60.2,-0.04160246533127898,-0.07241910631741144,-0.03081664098613246,-0.04713800062387465,-0.07778062100966128,-0.030642620385786627,False,True
4949,有成精密,20260430,20260504,109.5,Close Confirmed Stop,20260506,102.0,20260513,89.0,-0.06849315068493156,-0.18721461187214616,-0.1187214611872146,-0.07386705973983594,-0.19193636121736612,-0.11806930147753018,False,True
6903,巨漢,20260114,20260115,283.0,Close Confirmed Stop,20260116,291.0,20260126,262.0,0.028268551236749095,-0.0742049469964664,-0.1024734982332155,0.02230521749460595,-0.07955263206976963,-0.10185784956437557,False,True
4772,台特化,20250605,20250606,234.0,Day 8 Time Stop,20250617,230.0,20250617,230.0,-0.017094017094017144,-0.017094017094017144,0.0,-0.02278432665358657,-0.02278432665358657,0.0,False,True
6919,康霈*,20260821,20260824,117.5,Close Confirmed Stop,20260825,110.5,,,-0.05957446808510636,,,-0.06499499866061588,,,False,False
2646,星宇航空,20250506,20250507,26.05,Close Confirmed Stop,20250508,25.5,20250516,26.15,-0.021113243761996192,0.0038387715930900956,0.024952015355086288,-0.026793234510990662,-0.0019677022492823027,0.02482553226170836,True,True
6962,奕力-KY,20250206,20250207,58.2,Day 8 Time Stop,20250218,64.0,20250218,64.0,0.09965635738831602,0.09965635738831602,0.0,0.09328089607475923,0.09328089607475923,0.0,False,True
6962,奕力-KY,20250513,20250514,56.8,Close Confirmed Stop,20250520,55.0,20250523,56.3,-0.03169014084507038,-0.008802816901408494,0.022887323943661886,-0.03731438495560246,-0.014548655107177011,0.022765729848425446,False,True
3717,聯嘉投控,20260522,20260525,25.0,Close Confirmed Stop,20260526,23.5,20260603,23.35,-0.06000000000000005,-0.06599999999999995,-0.005999999999999894,-0.06542098796510383,-0.07140660410543483,-0.005985616140330996,False,True
7777,能率亞洲,20260601,20260602,43.75,Close Confirmed Stop,20260603,43.0,20260611,37.55,-0.017142857142857126,-0.1417142857142858,-0.12457142857142867,-0.022830967685503852,-0.14667061247908303,-0.12383964479357917,False,True
