stock_id,name,signal_date,entry_date,entry_price,baseline_status,baseline_trade_completed,forward_1d_date,forward_1d_close,forward_1d_close_return,forward_1d_mfe,forward_1d_mae,forward_1d_observed_stock_bars,forward_1d_complete_stock_window,forward_3d_date,forward_3d_close,forward_3d_close_return,forward_3d_mfe,forward_3d_mae,forward_3d_observed_stock_bars,forward_3d_complete_stock_window,forward_5d_date,forward_5d_close,forward_5d_close_return,forward_5d_mfe,forward_5d_mae,forward_5d_observed_stock_bars,forward_5d_complete_stock_window,forward_8d_date,forward_8d_close,forward_8d_close_return,forward_8d_mfe,forward_8d_mae,forward_8d_observed_stock_bars,forward_8d_complete_stock_window
1101,台泥,20230223,20230224,39.65,entered,True,20230224,39.15,-0.01261034047919296,0.0012610340479193294,-0.015132408575031508,1,True,20230302,37.9,-0.04413619167717531,0.0012610340479193294,-0.05548549810844883,3,True,20230306,37.95,-0.04287515762925587,0.0012610340479193294,-0.05548549810844883,5,True,20230309,37.2,-0.06179066834804525,0.0012610340479193294,-0.06305170239596469,8,True
1101,台泥,20240522,20240523,34.2,entered,True,20240523,34.0,-0.005847953216374324,0.0029239766081869956,-0.008771929824561542,1,True,20240527,33.8,-0.011695906432748648,0.0029239766081869956,-0.016081871345029364,3,True,20240529,33.2,-0.029239766081871288,0.0029239766081869956,-0.029239766081871288,5,True,20240603,33.0,-0.03508771929824572,0.0029239766081869956,-0.03947368421052633,8,True
1101,台泥,20240927,20240930,33.5,entered,True,20240930,33.8,0.008955223880596996,0.020895522388059806,-0.0014925373134327957,1,True,20241004,33.8,0.008955223880596996,0.020895522388059806,-0.0014925373134327957,3,True,20241008,33.05,-0.013432835820895606,0.020895522388059806,-0.017910447761194104,5,True,20241014,32.55,-0.028358208955224007,0.020895522388059806,-0.032835820895522394,8,True
1101,台泥,20250220,20250221,34.05,entered,True,20250221,34.2,0.004405286343612591,0.007342143906020615,-0.008810572687224627,1,True,20250225,34.95,0.026431718061674214,0.03083700440528636,-0.010279001468428639,3,True,20250227,35.1,0.03083700440528636,0.038179148311306976,-0.010279001468428639,5,True,20250305,35.15,0.032305433186490484,0.038179148311306976,-0.010279001468428639,8,True
1101,台泥,20260112,20260113,25.4,entered,True,20260113,24.95,-0.017716535433070835,0.0,-0.027559055118110187,1,True,20260115,25.0,-0.015748031496062964,0.015748031496063186,-0.027559055118110187,3,True,20260119,26.2,0.03149606299212593,0.04133858267716528,-0.027559055118110187,5,True,20260122,25.7,0.011811023622047223,0.051181102362204856,-0.027559055118110187,8,True
1102,亞泥,20221114,20221115,40.3,entered,True,20221115,40.75,0.011166253101737134,0.01488833746898277,-0.012406947890818865,1,True,20221117,41.45,0.02853598014888359,0.032258064516129226,-0.012406947890818865,3,True,20221121,41.05,0.018610421836228186,0.032258064516129226,-0.012406947890818865,5,True,20221124,41.1,0.01985111662531036,0.032258064516129226,-0.012406947890818865,8,True
1102,亞泥,20231115,20231116,41.05,entered,True,20231116,41.5,0.010962241169305775,0.015834348355663996,-0.0012180267965894442,1,True,20231120,41.35,0.0073081607795373316,0.01705237515225333,-0.0012180267965894442,3,True,20231122,41.6,0.013398294762484886,0.01705237515225333,-0.0012180267965894442,5,True,20231127,41.8,0.018270401948842885,0.02436053593179044,-0.0012180267965894442,8,True
1102,亞泥,20240703,20240704,45.5,entered,True,20240704,45.95,0.009890109890109855,0.01098901098901095,-0.01098901098901095,1,True,20240708,44.7,-0.01758241758241752,0.01098901098901095,-0.01978021978021971,3,True,20240710,44.4,-0.0241758241758242,0.01098901098901095,-0.02637362637362639,5,True,20240715,45.45,-0.001098901098900984,0.01098901098901095,-0.02637362637362639,8,True
1102,亞泥,20250520,20250521,44.85,entered,True,20250521,44.8,-0.0011148272017837968,0.00557413600891854,-0.004459308807134965,1,True,20250523,42.95,-0.0423634336677815,0.00557413600891854,-0.04905239687848395,3,True,20250527,42.0,-0.06354515050167231,0.00557413600891854,-0.06465997770345588,5,True,20250602,41.7,-0.07023411371237454,0.00557413600891854,-0.07692307692307698,8,True
1102,亞泥,20260820,20260821,34.7,censored,False,20260821,34.95,0.007204610951008661,0.010086455331411948,-0.0028818443804035088,1,True,20260825,34.9,0.0057636887608067955,0.012968299711815456,-0.0028818443804035088,3,True,20260827,35.1,0.011527377521613813,0.01729106628242061,-0.0028818443804035088,5,True,,,,,,0,False
1104,環泥,20230612,20230613,31.7,entered,True,20230613,31.8,0.003154574132492094,0.004731861198738141,-0.02208201892744477,1,True,20230615,31.25,-0.014195583596214534,0.006309148264984188,-0.041009463722397554,3,True,20230619,30.95,-0.023659305993690816,0.006309148264984188,-0.041009463722397554,5,True,20230626,30.7,-0.03154574132492116,0.006309148264984188,-0.041009463722397554,8,True
1210,大成,20250627,20250630,66.3,entered,True,20250630,65.9,-0.006033182503770607,0.009049773755656298,-0.012066365007541435,1,True,20250702,66.2,-0.0015082956259425684,0.009049773755656298,-0.019607843137254832,3,True,20250704,66.0,-0.004524886877828038,0.009049773755656298,-0.019607843137254832,5,True,20250709,63.6,-0.040723981900452455,0.009049773755656298,-0.04675716440422317,8,True
1216,統一,20230619,20230620,78.0,entered,True,20230620,78.2,0.002564102564102555,0.008974358974358942,-0.011538461538461608,1,True,20230626,76.2,-0.023076923076922995,0.008974358974358942,-0.028205128205128216,3,True,20230628,76.3,-0.02179487179487183,0.008974358974358942,-0.030769230769230882,5,True,20230703,76.5,-0.019230769230769273,0.008974358974358942,-0.030769230769230882,8,True
1216,統一,20240220,20240221,76.1,entered,True,20240221,76.8,0.009198423127463995,0.009198423127463995,-0.006570302233902758,1,True,20240223,75.8,-0.003942181340341633,0.009198423127463995,-0.006570302233902758,3,True,20240227,75.3,-0.010512483574244391,0.009198423127463995,-0.014454664914586024,5,True,20240304,76.2,0.0013140604467807293,0.009198423127463995,-0.014454664914586024,8,True
1216,統一,20250519,20250520,83.0,entered,True,20250520,81.5,-0.01807228915662651,0.008433734939758963,-0.01807228915662651,1,True,20250522,80.4,-0.031325301204819245,0.008433734939758963,-0.03734939759036138,3,True,20250526,79.7,-0.03975903614457832,0.008433734939758963,-0.051807228915662584,5,True,20250529,79.6,-0.04096385542168679,0.008433734939758963,-0.051807228915662584,8,True
1216,統一,20251226,20251229,79.8,entered,True,20251229,79.6,-0.0025062656641604564,0.00877192982456143,-0.016290726817042578,1,True,20251231,77.1,-0.03383458646616544,0.00877192982456143,-0.03508771929824561,3,True,20260105,77.0,-0.03508771929824561,0.00877192982456143,-0.045112781954887105,5,True,20260108,75.6,-0.052631578947368474,0.00877192982456143,-0.057644110275689164,8,True
1218,泰山,20221130,20221201,47.05,entered,True,20221201,45.15,-0.040382571732199724,0.012752391073326264,-0.05313496280552599,1,True,20221205,41.55,-0.1168969181721573,0.012752391073326264,-0.1168969181721573,3,True,20221207,38.4,-0.18384697130712002,0.012752391073326264,-0.1923485653560042,5,True,20221212,39.0,-0.17109458023379376,0.012752391073326264,-0.1923485653560042,8,True
1301,台塑,20240927,20240930,53.2,entered,True,20240930,53.5,0.005639097744360777,0.02819548872180455,-0.018796992481203034,1,True,20241004,53.0,-0.003759398496240629,0.03571428571428559,-0.018796992481203034,3,True,20241008,50.8,-0.04511278195488733,0.03571428571428559,-0.048872180451127845,5,True,20241014,50.0,-0.06015037593984962,0.03571428571428559,-0.0892857142857143,8,True
1301,台塑,20250717,20250718,38.0,entered,True,20250718,38.8,0.021052631578947212,0.03815789473684217,-0.003947368421052588,1,True,20250722,38.95,0.025000000000000133,0.047368421052631504,-0.003947368421052588,3,True,20250724,39.3,0.03421052631578947,0.06842105263157894,-0.003947368421052588,5,True,20250729,38.8,0.021052631578947212,0.07631578947368411,-0.003947368421052588,8,True
1301,台塑,20251023,20251027,40.8,entered,True,20251027,40.0,-0.019607843137254832,0.011029411764705843,-0.022058823529411686,1,True,20251029,39.15,-0.0404411764705882,0.011029411764705843,-0.0404411764705882,3,True,20251031,38.1,-0.06617647058823517,0.011029411764705843,-0.06740196078431371,5,True,20251105,36.85,-0.09681372549019596,0.011029411764705843,-0.10539215686274506,8,True
1301,台塑,20260127,20260128,51.3,entered,True,20260128,51.3,0.0,0.029239766081871288,-0.015594541910331383,1,True,20260130,47.3,-0.07797270955165692,0.029239766081871288,-0.08089668615984402,3,True,20260203,44.95,-0.12378167641325521,0.029239766081871288,-0.14814814814814803,5,True,20260206,45.75,-0.10818713450292394,0.029239766081871288,-0.14814814814814803,8,True
1301,台塑,20260603,20260604,52.0,entered,True,20260604,50.8,-0.023076923076923106,0.02115384615384608,-0.02692307692307694,1,True,20260608,45.85,-0.1182692307692308,0.02115384615384608,-0.1317307692307692,3,True,20260610,44.4,-0.1461538461538462,0.02115384615384608,-0.1461538461538462,5,True,20260615,47.25,-0.09134615384615385,0.02115384615384608,-0.1711538461538461,8,True
1301,台塑,20260703,20260706,63.2,entered,True,20260706,60.4,-0.044303797468354444,0.0015822784810126667,-0.05063291139240511,1,True,20260708,58.0,-0.08227848101265822,0.0015822784810126667,-0.10601265822784811,3,True,20260713,60.2,-0.04746835443037978,0.0015822784810126667,-0.1344936708860759,5,True,20260716,65.6,0.037974683544303556,0.08544303797468333,-0.1344936708860759,8,True
1301,台塑,20260827,20260828,63.2,censored,False,20260828,62.7,-0.007911392405063333,0.025316455696202445,-0.017405063291139222,1,True,,,,,,0,False,,,,,,0,False,,,,,,0,False
1303,南亞,20230130,20230131,76.4,entered,True,20230131,75.4,-0.01308900523560208,0.005235602094240788,-0.017015706806282838,1,True,20230202,75.2,-0.015706806282722585,0.005235602094240788,-0.028795811518324665,3,True,20230206,74.4,-0.02617801047120416,0.005235602094240788,-0.030104712041884918,5,True,20230209,74.8,-0.020942408376963484,0.005235602094240788,-0.030104712041884918,8,True
1303,南亞,20231115,20231116,68.3,entered,True,20231116,68.4,0.0014641288433383526,0.0014641288433383526,-0.014641288433382194,1,True,20231120,67.4,-0.013177159590043841,0.007320644216691097,-0.020497803806734827,3,True,20231122,68.5,0.002928257686676483,0.019033674963396807,-0.020497803806734827,5,True,20231127,67.7,-0.008784773060029227,0.019033674963396807,-0.020497803806734827,8,True
1303,南亞,20250724,20250725,32.35,entered,True,20250725,33.65,0.04018547140649131,0.057187017001545604,-0.010819165378670781,1,True,20250729,35.85,0.10819165378670781,0.15301391035548662,-0.010819165378670781,3,True,20250731,40.95,0.26584234930448236,0.2921174652241112,-0.010819165378670781,5,True,20250805,36.8,0.13755795981452845,0.2921174652241112,-0.010819165378670781,8,True
1303,南亞,20260108,20260109,68.5,entered,True,20260109,61.9,-0.09635036496350369,0.021897810218978186,-0.1021897810218978,1,True,20260113,62.2,-0.09197080291970794,0.021897810218978186,-0.1021897810218978,3,True,20260115,69.7,0.01751824817518255,0.021897810218978186,-0.10510948905109496,5,True,20260120,76.4,0.11532846715328482,0.18394160583941588,-0.10510948905109496,8,True
1304,台聚,20230110,20230111,22.85,entered,True,20230111,23.3,0.01969365426695835,0.02188183807439814,-0.006564551422319598,1,True,20230113,23.35,0.02188183807439814,0.026258205689277725,-0.006564551422319598,3,True,20230117,23.45,0.026258205689277725,0.0393873085339167,-0.006564551422319598,5,True,20230201,23.9,0.045951859956236296,0.06345733041575485,-0.006564551422319598,8,True
1305,華夏,20230110,20230111,28.05,entered,True,20230111,28.3,0.00891265597147961,0.01426024955436711,-0.0089126559714795,1,True,20230113,28.05,0.0,0.017825311942959,-0.0089126559714795,3,True,20230117,29.1,0.03743315508021383,0.04099821746880572,-0.0089126559714795,5,True,20230201,29.2,0.04099821746880572,0.05882352941176472,-0.0089126559714795,8,True
1307,三芳,20250221,20250224,49.8,entered,True,20250224,52.2,0.048192771084337505,0.07429718875502012,-0.007028112449799062,1,True,20250226,53.5,0.07429718875502012,0.12851405622489964,-0.007028112449799062,3,True,20250303,51.2,0.028112449799196915,0.12851405622489964,-0.007028112449799062,5,True,20250306,52.4,0.052208835341365445,0.12851405622489964,-0.007028112449799062,8,True
1316,上曜,20220118,20220119,24.65,entered,True,20220119,26.65,0.08113590263691695,0.10547667342799194,-0.006085192697768749,1,True,20220121,24.1,-0.022312373225152005,0.12576064908722118,-0.024340770791074995,3,True,20220125,23.55,-0.04462474645030412,0.12576064908722118,-0.05679513184584173,5,True,20220208,24.2,-0.018255578093306246,0.12576064908722118,-0.0831643002028396,8,True
1319,東陽,20220530,20220531,40.05,entered,True,20220531,40.0,-0.0012484394506865337,0.006242197253433224,-0.024968789013732784,1,True,20220602,41.1,0.02621722846441954,0.0362047440699127,-0.024968789013732784,3,True,20220607,40.65,0.014981273408239737,0.048689138576779145,-0.024968789013732784,5,True,20220610,41.5,0.0362047440699127,0.0586766541822723,-0.024968789013732784,8,True
1319,東陽,20220818,20220819,53.2,entered,True,20220819,52.1,-0.020676691729323293,0.011278195488721776,-0.03007518796992481,1,True,20220823,51.5,-0.03195488721804518,0.011278195488721776,-0.05639097744360899,3,True,20220825,52.1,-0.020676691729323293,0.011278195488721776,-0.05639097744360899,5,True,20220830,52.5,-0.013157894736842146,0.043233082706766846,-0.05639097744360899,8,True
1319,東陽,20221201,20221202,49.3,entered,True,20221202,48.75,-0.011156186612576002,0.008113590263691739,-0.013184584178498993,1,True,20221206,48.65,-0.013184584178498993,0.008113590263691739,-0.02535496957403649,3,True,20221208,48.15,-0.02332657200811361,0.008113590263691739,-0.05273833671399586,5,True,20221213,47.35,-0.03955375253549687,0.008113590263691739,-0.05273833671399586,8,True
1319,東陽,20230517,20230518,50.9,entered,True,20230518,49.55,-0.026522593320235766,0.003929273084479323,-0.03045186640471509,1,True,20230522,51.1,0.003929273084479323,0.011787819253438192,-0.03536345776031424,3,True,20230524,50.2,-0.013752455795677743,0.011787819253438192,-0.03536345776031424,5,True,20230529,49.9,-0.01964636542239684,0.011787819253438192,-0.03536345776031424,8,True
1319,東陽,20230605,20230606,51.8,entered,True,20230606,50.2,-0.030888030888030826,0.0,-0.03474903474903468,1,True,20230608,50.3,-0.02895752895752901,0.0,-0.03571428571428559,3,True,20230612,50.9,-0.01737451737451734,0.0,-0.03571428571428559,5,True,20230615,54.2,0.04633204633204646,0.050193050193050315,-0.03571428571428559,8,True
1319,東陽,20230613,20230614,52.2,entered,True,20230614,53.4,0.02298850574712641,0.04214559386973171,-0.003831417624521105,1,True,20230616,54.0,0.0344827586206895,0.05555555555555558,-0.003831417624521105,3,True,20230620,54.5,0.044061302681992265,0.08812260536398453,-0.003831417624521105,5,True,20230627,51.1,-0.021072796934865967,0.08812260536398453,-0.021072796934865967,8,True
1319,東陽,20230727,20230728,58.8,entered,True,20230728,60.6,0.03061224489795933,0.04931972789115657,-0.010204081632652962,1,True,20230801,61.0,0.03741496598639471,0.07823129251700678,-0.010204081632652962,3,True,20230804,58.3,-0.008503401360544172,0.07823129251700678,-0.020408163265306034,5,True,20230809,60.0,0.020408163265306145,0.07823129251700678,-0.020408163265306034,8,True
1319,東陽,20240125,20240126,87.1,entered,True,20240126,86.3,-0.00918484500574046,0.016073478760046056,-0.02066590126291612,1,True,20240130,86.0,-0.012629161882893203,0.016073478760046056,-0.021814006888633664,3,True,20240201,84.1,-0.03444316877152698,0.016073478760046056,-0.036739380022961954,5,True,20240215,89.4,0.02640642939150406,0.03788748564867972,-0.06429391504018367,8,True
1319,東陽,20250723,20250724,107.0,entered,True,20250724,108.5,0.014018691588784993,0.02336448598130847,-0.02336448598130836,1,True,20250728,104.5,-0.02336448598130836,0.02336448598130847,-0.032710280373831724,3,True,20250730,106.0,-0.009345794392523366,0.02336448598130847,-0.032710280373831724,5,True,20250804,104.5,-0.02336448598130836,0.02336448598130847,-0.03738317757009346,8,True
1319,東陽,20260115,20260116,109.0,entered,True,20260116,112.0,0.02752293577981657,0.032110091743119185,-0.01834862385321101,1,True,20260120,108.0,-0.00917431192660545,0.04587155963302747,-0.022935779816513735,3,True,20260122,110.5,0.013761467889908285,0.04587155963302747,-0.022935779816513735,5,True,20260127,115.0,0.05504587155963292,0.06422018348623859,-0.022935779816513735,8,True
1319,東陽,20260603,20260604,94.0,entered,True,20260604,96.5,0.02659574468085113,0.03191489361702127,-0.014893617021276673,1,True,20260608,97.8,0.04042553191489362,0.042553191489361764,-0.014893617021276673,3,True,20260610,107.0,0.13829787234042556,0.14893617021276606,-0.014893617021276673,5,True,20260615,105.0,0.11702127659574457,0.14893617021276606,-0.014893617021276673,8,True
1324,地球,20231208,20231211,20.8,entered,True,20231211,20.55,-0.012019230769230727,0.03125,-0.04086538461538469,1,True,20231213,18.55,-0.10817307692307687,0.03125,-0.12019230769230771,3,True,20231215,18.05,-0.13221153846153844,0.03125,-0.1346153846153847,5,True,20231220,18.2,-0.1250000000000001,0.03125,-0.14423076923076927,8,True
1326,台化,20221111,20221114,72.6,entered,True,20221114,74.0,0.019283746556473913,0.019283746556473913,-0.004132231404958664,1,True,20221116,73.3,0.009641873278236845,0.024793388429752206,-0.004132231404958664,3,True,20221118,72.0,-0.008264462809917328,0.024793388429752206,-0.01377410468319562,5,True,20221123,72.5,-0.0013774104683195176,0.024793388429752206,-0.016528925619834545,8,True
1326,台化,20230109,20230110,73.1,entered,True,20230110,72.5,-0.008207934336525224,0.0,-0.013679890560875485,1,True,20230112,71.2,-0.025991792065663377,0.0,-0.025991792065663377,3,True,20230116,72.9,-0.002735978112174964,0.004103967168262779,-0.025991792065663377,5,True,20230131,72.2,-0.012311901504787892,0.015047879616963078,-0.025991792065663377,8,True
1326,台化,20250718,20250721,25.1,entered,True,20250721,25.75,0.02589641434262946,0.047808764940239,-0.003984063745020028,1,True,20250723,26.8,0.06772908366533859,0.07968127490039834,-0.003984063745020028,3,True,20250725,26.65,0.06175298804780871,0.0816733067729083,-0.003984063745020028,5,True,20250730,29.5,0.17529880478087634,0.17928286852589648,-0.003984063745020028,8,True
1326,台化,20250812,20250813,29.5,entered,True,20250813,28.75,-0.025423728813559365,0.016949152542372836,-0.03050847457627115,1,True,20250815,29.5,0.0,0.016949152542372836,-0.047457627118643986,3,True,20250819,29.0,-0.016949152542372836,0.03389830508474567,-0.047457627118643986,5,True,20250822,31.0,0.05084745762711873,0.11016949152542366,-0.05084745762711862,8,True
1326,台化,20260127,20260128,40.8,entered,True,20260128,44.1,0.08088235294117663,0.0931372549019609,-0.008578431372548878,1,True,20260130,42.35,0.03799019607843146,0.13970588235294135,-0.008578431372548878,3,True,20260203,39.4,-0.03431372549019607,0.13970588235294135,-0.056372549019607754,5,True,20260206,39.05,-0.04289215686274506,0.13970588235294135,-0.056372549019607754,8,True
1326,台化,20260226,20260302,52.0,entered,True,20260302,48.2,-0.07307692307692304,0.017307692307692246,-0.07403846153846161,1,True,20260304,43.55,-0.1625000000000001,0.017307692307692246,-0.16538461538461546,3,True,20260306,46.0,-0.11538461538461542,0.017307692307692246,-0.17307692307692313,5,True,20260311,44.0,-0.15384615384615385,0.017307692307692246,-0.19519230769230766,8,True
1326,台化,20260603,20260604,57.0,entered,True,20260604,55.2,-0.03157894736842104,0.03508771929824572,-0.03157894736842104,1,True,20260608,48.75,-0.14473684210526316,0.03508771929824572,-0.1578947368421053,3,True,20260610,46.2,-0.18947368421052624,0.03508771929824572,-0.1903508771929825,5,True,20260615,51.6,-0.09473684210526312,0.03508771929824572,-0.20614035087719296,8,True
1326,台化,20260625,20260626,58.3,entered,True,20260626,54.2,-0.07032590051457965,0.0,-0.07718696397941682,1,True,20260630,54.6,-0.0634648370497426,0.0,-0.08919382504288154,3,True,20260702,61.9,0.061749571183533414,0.061749571183533414,-0.08919382504288154,5,True,20260707,63.3,0.08576329331046306,0.25214408233276164,-0.08919382504288154,8,True
1402,遠東新,20221114,20221115,32.75,entered,True,20221115,31.65,-0.03358778625954206,0.007633587786259444,-0.03358778625954206,1,True,20221117,31.55,-0.036641221374045796,0.007633587786259444,-0.04427480916030535,3,True,20221121,30.6,-0.06564885496183204,0.007633587786259444,-0.0778625954198473,5,True,20221124,31.8,-0.02900763358778624,0.007633587786259444,-0.0778625954198473,8,True
1402,遠東新,20240229,20240301,32.15,entered,True,20240301,31.9,-0.007776049766718529,0.0,-0.013996889580093264,1,True,20240305,31.85,-0.009331259720062102,0.0,-0.013996889580093264,3,True,20240307,32.05,-0.0031104199066874783,0.0015552099533437946,-0.015552099533437058,5,True,20240312,32.35,0.0062208398133749565,0.010886469673405896,-0.015552099533437058,8,True
1402,遠東新,20240516,20240517,35.2,entered,True,20240517,34.7,-0.014204545454545414,0.0014204545454543638,-0.017045454545454586,1,True,20240521,34.4,-0.022727272727272818,0.0014204545454543638,-0.03693181818181834,3,True,20240523,33.65,-0.04403409090909105,0.0014204545454543638,-0.05255681818181823,5,True,20240528,33.7,-0.042613636363636354,0.0014204545454543638,-0.05397727272727293,8,True
1402,遠東新,20260126,20260127,29.05,entered,True,20260127,28.3,-0.025817555938037917,0.008605851979345935,-0.027538726333907082,1,True,20260129,28.25,-0.027538726333907082,0.008605851979345935,-0.030981067125645523,3,True,20260202,27.75,-0.04475043029259895,0.008605851979345935,-0.061962134251290935,5,True,20260205,28.6,-0.015490533562822706,0.008605851979345935,-0.061962134251290935,8,True
1402,遠東新,20260820,20260821,29.25,entered,True,20260821,30.35,0.037606837606837695,0.04615384615384621,-0.006837606837606813,1,True,20260825,29.0,-0.008547008547008517,0.047863247863247915,-0.013675213675213627,3,True,20260827,28.4,-0.029059829059829068,0.047863247863247915,-0.03589743589743588,5,True,,,,,,0,False
1442,名軒,20240429,20240430,57.5,entered,True,20240430,57.9,0.006956521739130306,0.006956521739130306,-0.05739130434782602,1,True,20240503,61.3,0.06608695652173902,0.08695652173913038,-0.05739130434782602,3,True,20240507,61.5,0.06956521739130439,0.09565217391304337,-0.05739130434782602,5,True,20240510,54.6,-0.050434782608695605,0.09565217391304337,-0.05739130434782602,8,True
1449,佳和,20231128,20231129,25.1,entered,True,20231129,25.35,0.009960159362549792,0.013944223107569709,-0.017928286852589737,1,True,20231201,22.95,-0.08565737051792832,0.013944223107569709,-0.10159362549800799,3,True,20231205,22.7,-0.09561752988047811,0.013944223107569709,-0.10159362549800799,5,True,20231208,22.9,-0.08764940239043839,0.013944223107569709,-0.10159362549800799,8,True
1453,大將,20220822,20220823,24.8,entered,True,20220823,24.1,-0.028225806451612878,0.03427419354838701,-0.032258064516129115,1,True,20220825,23.3,-0.06048387096774188,0.03427419354838701,-0.06451612903225812,3,True,20220829,21.8,-0.12096774193548387,0.03427419354838701,-0.12096774193548387,5,True,20220901,22.0,-0.11290322580645162,0.03427419354838701,-0.12096774193548387,8,True
1477,聚陽,20220812,20220815,185.0,entered,True,20220815,185.0,0.0,0.008108108108108025,-0.01621621621621616,1,True,20220817,183.5,-0.008108108108108136,0.008108108108108025,-0.032432432432432434,3,True,20220819,178.0,-0.037837837837837784,0.008108108108108025,-0.05135135135135138,5,True,20220824,183.0,-0.010810810810810811,0.008108108108108025,-0.05945945945945941,8,True
1477,聚陽,20230616,20230619,269.0,entered,True,20230619,260.0,-0.03345724907063197,0.005576208178438735,-0.04646840148698883,1,True,20230621,272.5,0.013011152416356975,0.027881040892193232,-0.0780669144981413,3,True,20230627,270.5,0.005576208178438735,0.027881040892193232,-0.0780669144981413,5,True,20230630,302.0,0.12267657992565062,0.13011152416356886,-0.0780669144981413,8,True
1477,聚陽,20230621,20230626,269.0,entered,True,20230626,266.0,-0.01115241635687736,0.011152416356877248,-0.020446096654275103,1,True,20230628,289.5,0.07620817843866168,0.07620817843866168,-0.020446096654275103,3,True,20230630,302.0,0.12267657992565062,0.13011152416356886,-0.020446096654275103,5,True,20230705,306.5,0.1394052044609666,0.19516728624535307,-0.020446096654275103,8,True
1477,聚陽,20240715,20240716,453.5,entered,True,20240716,454.0,0.0011025358324145973,0.015435501653803696,-0.016538037486218293,1,True,20240718,450.0,-0.007717750826901848,0.015435501653803696,-0.023153252480705655,3,True,20240722,438.0,-0.034178610804851184,0.030871003307607392,-0.03858875413450935,5,True,20240729,445.5,-0.01764057331863289,0.030871003307607392,-0.05071664829106948,8,True
1503,士電,20230714,20230717,164.0,entered,True,20230717,163.5,-0.0030487804878048808,0.060975609756097615,-0.018292682926829285,1,True,20230719,144.0,-0.12195121951219512,0.060975609756097615,-0.12804878048780488,3,True,20230721,157.5,-0.03963414634146345,0.060975609756097615,-0.14634146341463417,5,True,20230726,149.0,-0.09146341463414631,0.060975609756097615,-0.14634146341463417,8,True
1503,士電,20240314,20240315,210.0,entered,True,20240315,205.0,-0.023809523809523836,0.03333333333333344,-0.03809523809523807,1,True,20240319,239.0,0.13809523809523805,0.16666666666666674,-0.042857142857142816,3,True,20240321,266.5,0.269047619047619,0.269047619047619,-0.042857142857142816,5,True,20240326,320.0,0.5238095238095237,0.5452380952380953,-0.042857142857142816,8,True
1503,士電,20260119,20260120,205.5,entered,True,20260120,218.0,0.06082725060827254,0.07785888077858871,-0.007299270072992692,1,True,20260122,237.0,0.15328467153284664,0.15328467153284664,-0.007299270072992692,3,True,20260126,228.0,0.10948905109489049,0.197080291970803,-0.007299270072992692,5,True,20260129,241.5,0.17518248175182483,0.22627737226277378,-0.007299270072992692,8,True
1504,東元,20230323,20230324,41.7,entered,True,20230324,44.0,0.05515587529976007,0.05515587529976007,-0.021582733812949728,1,True,20230328,40.9,-0.01918465227817756,0.0695443645083933,-0.03117505995203851,3,True,20230330,42.7,0.023980815347721895,0.0695443645083933,-0.03117505995203851,5,True,20230407,43.05,0.03237410071942426,0.0695443645083933,-0.03117505995203851,8,True
1504,東元,20230519,20230522,51.1,entered,True,20230522,51.9,0.015655577299412915,0.043052837573385405,-0.015655577299413026,1,True,20230524,52.4,0.02544031311154593,0.043052837573385405,-0.015655577299413026,3,True,20230526,50.9,-0.00391389432485334,0.043052837573385405,-0.015655577299413026,5,True,20230531,51.2,0.001956947162426559,0.043052837573385405,-0.015655577299413026,8,True
1504,東元,20240216,20240219,47.9,entered,True,20240219,47.35,-0.01148225469728592,0.012526096033403045,-0.014613778705636626,1,True,20240221,47.05,-0.017745302713987554,0.012526096033403045,-0.025052192066805756,3,True,20240223,47.95,0.0010438413361169019,0.012526096033403045,-0.025052192066805756,5,True,20240229,49.2,0.02713987473903967,0.03340292275574108,-0.025052192066805756,8,True
1504,東元,20240306,20240307,51.1,entered,True,20240307,50.1,-0.019569471624266144,0.001956947162426559,-0.03131115459882583,1,True,20240311,50.3,-0.015655577299413026,0.001956947162426559,-0.045988258317025466,3,True,20240313,51.0,-0.00195694716242667,0.023483365949119372,-0.045988258317025466,5,True,20240318,52.8,0.03326810176125239,0.041095890410958846,-0.045988258317025466,8,True
1504,東元,20240318,20240319,53.3,entered,True,20240319,55.0,0.031894934333958735,0.05628517823639778,0.0,1,True,20240321,58.1,0.0900562851782365,0.11444652908067554,0.0,3,True,20240325,56.0,0.05065666041275807,0.11819887429643527,0.0,5,True,20240328,57.1,0.07129455909943716,0.11819887429643527,0.0,8,True
1504,東元,20240607,20240611,59.6,entered,True,20240611,58.5,-0.01845637583892623,0.0,-0.030201342281879318,1,True,20240613,57.3,-0.038590604026845665,0.0,-0.04026845637583887,3,True,20240617,57.6,-0.03355704697986572,0.0,-0.04026845637583887,5,True,20240620,54.3,-0.08892617449664442,0.0,-0.10906040268456374,8,True
1504,東元,20241007,20241008,50.7,entered,True,20241008,49.8,-0.01775147928994092,0.0,-0.027613412228796985,1,True,20241011,49.05,-0.03254437869822491,0.0,-0.03254437869822491,3,True,20241015,49.5,-0.023668639053254448,0.0,-0.044378698224852076,5,True,20241018,49.6,-0.021696252465483234,0.0,-0.044378698224852076,8,True
1504,東元,20250818,20250819,59.4,entered,True,20250819,57.8,-0.026936026936026924,0.0,-0.03198653198653201,1,True,20250821,63.8,0.07407407407407396,0.07407407407407396,-0.05555555555555547,3,True,20250825,74.2,0.24915824915824913,0.24915824915824913,-0.05555555555555547,5,True,20250828,68.5,0.15319865319865333,0.2727272727272727,-0.05555555555555547,8,True
1504,東元,20260813,20260814,70.8,entered,True,20260814,70.6,-0.0028248587570621764,0.04237288135593231,-0.004237288135593209,1,True,20260818,71.0,0.0028248587570622874,0.04237288135593231,-0.007062146892655385,3,True,20260820,73.1,0.03248587570621475,0.04519774011299438,-0.008474576271186307,5,True,20260825,70.8,0.0,0.06638418079096042,-0.01412429378531077,8,True
1513,中興電,20220810,20220811,62.1,entered,True,20220811,62.9,0.012882447665056418,0.01449275362318847,-0.017713365539452464,1,True,20220815,64.7,0.041867954911433136,0.04508856682769724,-0.017713365539452464,3,True,20220817,62.0,-0.0016103059581320522,0.06924315619967802,-0.017713365539452464,5,True,20220822,65.0,0.04669887278582929,0.06924315619967802,-0.017713365539452464,8,True
1513,中興電,20230215,20230216,87.8,entered,True,20230216,87.8,0.0,0.011389521640091216,-0.007972665148063829,1,True,20230220,92.1,0.048974943052391806,0.06378132118451041,-0.011389521640091105,3,True,20230222,94.2,0.07289293849658329,0.11047835990888388,-0.011389521640091105,5,True,20230301,96.5,0.09908883826879267,0.11047835990888388,-0.011389521640091105,8,True
1513,中興電,20230411,20230412,110.0,entered,True,20230412,115.0,0.045454545454545414,0.06363636363636371,0.0,1,True,20230414,105.5,-0.040909090909090895,0.06363636363636371,-0.045454545454545414,3,True,20230418,109.0,-0.009090909090909038,0.06363636363636371,-0.045454545454545414,5,True,20230421,102.5,-0.06818181818181823,0.06363636363636371,-0.07727272727272727,8,True
1513,中興電,20230620,20230621,134.0,entered,True,20230621,132.5,-0.011194029850746245,0.0,-0.03358208955223885,1,True,20230627,132.0,-0.014925373134328401,0.05597014925373145,-0.03358208955223885,3,True,20230629,132.0,-0.014925373134328401,0.05597014925373145,-0.04850746268656714,5,True,20230704,134.5,0.003731343283582156,0.05597014925373145,-0.04850746268656714,8,True
1513,中興電,20231123,20231124,110.0,entered,True,20231124,117.0,0.06363636363636371,0.06363636363636371,-0.018181818181818188,1,True,20231128,124.0,0.1272727272727272,0.13181818181818183,-0.018181818181818188,3,True,20231130,121.5,0.1045454545454545,0.13181818181818183,-0.018181818181818188,5,True,20231205,129.5,0.17727272727272725,0.209090909090909,-0.018181818181818188,8,True
1513,中興電,20240226,20240227,154.5,entered,True,20240227,155.5,0.006472491909385036,0.03883495145631066,-0.01941747572815533,1,True,20240301,171.0,0.10679611650485432,0.1618122977346279,-0.01941747572815533,3,True,20240305,169.0,0.09385113268608425,0.1618122977346279,-0.01941747572815533,5,True,20240308,161.5,0.0453074433656957,0.1618122977346279,-0.01941747572815533,8,True
1513,中興電,20250516,20250519,152.5,entered,True,20250519,151.5,-0.006557377049180357,0.013114754098360715,-0.016393442622950838,1,True,20250521,151.5,-0.006557377049180357,0.013114754098360715,-0.02950819672131144,3,True,20250523,153.5,0.006557377049180246,0.026229508196721207,-0.02950819672131144,5,True,20250528,152.0,-0.003278688524590123,0.026229508196721207,-0.02950819672131144,8,True
1513,中興電,20250829,20250901,173.5,entered,True,20250901,165.0,-0.04899135446685876,0.0057636887608070175,-0.05187319884726227,1,True,20250903,165.0,-0.04899135446685876,0.0057636887608070175,-0.08645533141210371,3,True,20250905,165.5,-0.04610951008645536,0.0057636887608070175,-0.08645533141210371,5,True,20250910,164.0,-0.05475504322766567,0.0057636887608070175,-0.08645533141210371,8,True
1513,中興電,20260122,20260123,185.5,entered,True,20260123,184.0,-0.008086253369272267,0.016172506738544534,-0.035040431266846306,1,True,20260127,177.0,-0.04582210242587603,0.016172506738544534,-0.05121293800539084,3,True,20260129,178.0,-0.040431266846361225,0.016172506738544534,-0.06469002695417791,5,True,20260203,169.0,-0.0889487870619946,0.016172506738544534,-0.13207547169811318,8,True
1513,中興電,20260526,20260527,168.5,entered,True,20260527,169.0,0.0029673590504450953,0.041543026706231556,-0.011869436201780381,1,True,20260529,166.5,-0.011869436201780381,0.05044510385756684,-0.020771513353115778,3,True,20260602,168.0,-0.0029673590504450953,0.05044510385756684,-0.020771513353115778,5,True,20260605,170.5,0.011869436201780381,0.19287833827893186,-0.020771513353115778,8,True
1513,中興電,20260813,20260814,172.5,entered,True,20260814,170.0,-0.01449275362318836,0.008695652173912993,-0.023188405797101463,1,True,20260818,167.0,-0.03188405797101446,0.008695652173912993,-0.03768115942028982,3,True,20260820,166.0,-0.03768115942028982,0.008695652173912993,-0.05507246376811592,5,True,20260825,165.5,-0.04057971014492756,0.008695652173912993,-0.060869565217391286,8,True
1514,亞力,20220606,20220607,30.3,entered,True,20220607,31.95,0.054455445544554504,0.05610561056105601,-0.0016501650165017256,1,True,20220609,28.65,-0.054455445544554504,0.06600660066006592,-0.06600660066006603,3,True,20220613,27.3,-0.09900990099009899,0.06600660066006592,-0.10066006600660071,5,True,20220616,26.9,-0.11221122112211224,0.06600660066006592,-0.11716171617161719,8,True
1514,亞力,20230131,20230201,34.6,entered,True,20230201,33.65,-0.027456647398844014,0.0014450867052022698,-0.037572254335260236,1,True,20230203,32.7,-0.054913294797687806,0.0014450867052022698,-0.05780346820809246,3,True,20230207,32.8,-0.05202312138728338,0.0014450867052022698,-0.05780346820809246,5,True,20230210,32.95,-0.047687861271676235,0.0014450867052022698,-0.06502890173410403,8,True
1514,亞力,20230220,20230221,35.3,entered,True,20230221,37.1,0.05099150141643083,0.05382436260623247,0.0,1,True,20230223,40.15,0.13739376770538247,0.1841359773371105,0.0,3,True,20230301,37.5,0.062322946175637384,0.1841359773371105,0.0,5,True,20230306,39.95,0.1317280453257792,0.1841359773371105,0.0,8,True
1514,亞力,20230605,20230606,60.4,entered,True,20230606,57.3,-0.05132450331125826,0.011589403973510048,-0.056291390728476776,1,True,20230608,57.6,-0.04635761589403964,0.011589403973510048,-0.05960264900662249,3,True,20230612,55.6,-0.07947019867549665,0.011589403973510048,-0.08774834437086088,5,True,20230615,58.2,-0.03642384105960261,0.011589403973510048,-0.0960264900662251,8,True
1514,亞力,20231204,20231205,70.0,entered,True,20231205,77.5,0.1071428571428572,0.1071428571428572,-0.0071428571428571175,1,True,20231207,85.0,0.2142857142857142,0.23571428571428577,-0.0071428571428571175,3,True,20231211,88.5,0.26428571428571423,0.3142857142857143,-0.0071428571428571175,5,True,20231214,89.0,0.27142857142857135,0.3214285714285714,-0.0071428571428571175,8,True
1514,亞力,20240223,20240226,91.8,entered,True,20240226,94.4,0.028322440087146017,0.06862745098039214,-0.011982570806100101,1,True,20240229,100.0,0.08932461873638342,0.08932461873638342,-0.02614379084967311,3,True,20240304,107.5,0.17102396514161233,0.24183006535947715,-0.02614379084967311,5,True,20240307,113.5,0.23638344226579533,0.3017429193899783,-0.02614379084967311,8,True
1514,亞力,20250829,20250901,114.5,entered,True,20250901,108.0,-0.05676855895196509,0.0,-0.06550218340611358,1,True,20250903,106.5,-0.06986899563318782,0.0,-0.0786026200873362,3,True,20250905,106.5,-0.06986899563318782,0.0,-0.0786026200873362,5,True,20250910,107.0,-0.06550218340611358,0.0,-0.0873362445414847,8,True
1514,亞力,20251212,20251215,103.0,entered,True,20251215,102.0,-0.009708737864077666,0.06796116504854366,-0.014563106796116498,1,True,20251217,98.3,-0.04563106796116512,0.06796116504854366,-0.04563106796116512,3,True,20251219,99.7,-0.03203883495145632,0.06796116504854366,-0.058252427184465994,5,True,20251224,102.0,-0.009708737864077666,0.06796116504854366,-0.058252427184465994,8,True
1514,亞力,20260120,20260121,131.0,entered,True,20260121,139.5,0.06488549618320616,0.06488549618320616,-0.003816793893129722,1,True,20260123,142.5,0.08778625954198471,0.12977099236641232,-0.003816793893129722,3,True,20260127,133.0,0.01526717557251911,0.12977099236641232,-0.003816793893129722,5,True,20260130,123.5,-0.057251908396946605,0.12977099236641232,-0.057251908396946605,8,True
1515,力山,20230914,20230915,46.4,entered,True,20230915,44.75,-0.03556034482758619,0.0,-0.0581896551724137,1,True,20230919,42.25,-0.08943965517241381,0.0,-0.09590517241379304,3,True,20230921,40.4,-0.1293103448275862,0.0,-0.1368534482758621,5,True,20230926,41.35,-0.10883620689655171,0.0,-0.14655172413793094,8,True
1515,力山,20231114,20231115,53.7,entered,True,20231115,58.1,0.08193668528864051,0.08193668528864051,-0.0018621973929237035,1,True,20231117,59.9,0.11545623836126628,0.13594040968342647,-0.0018621973929237035,3,True,20231121,59.5,0.10800744878957169,0.13594040968342647,-0.0018621973929237035,5,True,20231124,60.3,0.12290502793296088,0.13966480446927365,-0.0018621973929237035,8,True
1519,華城,20220406,20220407,44.8,entered,True,20220407,42.3,-0.0558035714285714,0.0,-0.0558035714285714,1,True,20220411,43.5,-0.029017857142857095,0.0,-0.0558035714285714,3,True,20220413,42.15,-0.0591517857142857,0.0,-0.0680803571428571,5,True,20220418,41.9,-0.0647321428571428,0.0,-0.0680803571428571,8,True
1519,華城,20230217,20230220,58.5,entered,True,20230220,58.7,0.0034188034188034067,0.05128205128205132,-0.017094017094017144,1,True,20230222,64.8,0.10769230769230775,0.14017094017094012,-0.017094017094017144,3,True,20230224,63.0,0.07692307692307687,0.14017094017094012,-0.017094017094017144,5,True,20230303,63.0,0.07692307692307687,0.14017094017094012,-0.017094017094017144,8,True
1519,華城,20230308,20230309,73.1,entered,True,20230309,75.5,0.03283173734610134,0.03830369357045149,-0.024623803009575895,1,True,20230313,67.0,-0.0834473324213405,0.03830369357045149,-0.09575923392612862,3,True,20230315,67.4,-0.07797537619699024,0.03830369357045149,-0.09575923392612862,5,True,20230320,72.0,-0.015047879616962967,0.03830369357045149,-0.10396716826265384,8,True
1519,華城,20231207,20231208,363.0,entered,True,20231208,367.0,0.011019283746556363,0.026170798898071723,-0.02066115702479343,1,True,20231212,356.0,-0.019283746556473802,0.026170798898071723,-0.08953168044077131,3,True,20231214,355.0,-0.02203856749311295,0.026170798898071723,-0.08953168044077131,5,True,20231219,332.5,-0.08402203856749313,0.026170798898071723,-0.10468319559228645,8,True
1522,堤維西,20230614,20230615,35.75,entered,True,20230615,36.95,0.03356643356643363,0.036363636363636376,-0.011188811188811099,1,True,20230619,37.1,0.03776223776223775,0.08531468531468533,-0.011188811188811099,3,True,20230621,37.05,0.036363636363636376,0.08531468531468533,-0.011188811188811099,5,True,20230628,37.6,0.051748251748251706,0.08531468531468533,-0.011188811188811099,8,True
1522,堤維西,20240219,20240220,44.4,entered,True,20240220,43.55,-0.019144144144144226,0.021396396396396566,-0.021396396396396344,1,True,20240222,45.0,0.013513513513513598,0.021396396396396566,-0.021396396396396344,3,True,20240226,45.95,0.03490990990990994,0.04054054054054057,-0.021396396396396344,5,True,20240301,50.8,0.14414414414414423,0.1936936936936937,-0.021396396396396344,8,True
1522,堤維西,20240619,20240620,70.8,entered,True,20240620,70.8,0.0,0.02824858757062154,-0.009887005649717562,1,True,20240624,71.8,0.01412429378531077,0.038135593220339103,-0.009887005649717562,3,True,20240626,72.6,0.025423728813559254,0.05790960451977423,-0.016949152542372947,5,True,20240701,71.2,0.005649717514124353,0.05790960451977423,-0.016949152542372947,8,True
1524,耿鼎,20220802,20220803,27.45,entered,True,20220803,25.5,-0.07103825136612019,0.005464480874316946,-0.09653916211293256,1,True,20220805,24.95,-0.09107468123861562,0.005464480874316946,-0.1202185792349727,3,True,20220809,25.9,-0.0564663023679417,0.005464480874316946,-0.13661202185792354,5,True,20220812,25.85,-0.05828779599271394,0.005464480874316946,-0.13661202185792354,8,True
1524,耿鼎,20221114,20221115,23.9,entered,True,20221115,23.4,-0.02092050209205021,0.006276150627615218,-0.03556485355648531,1,True,20221117,23.85,-0.0020920502092048876,0.023012552301255207,-0.03556485355648531,3,True,20221121,23.85,-0.0020920502092048876,0.023012552301255207,-0.03556485355648531,5,True,20221124,24.2,0.012552301255230214,0.023012552301255207,-0.03556485355648531,8,True
1524,耿鼎,20240216,20240219,34.1,entered,True,20240219,33.85,-0.007331378299120228,0.008797653958944274,-0.014662756598240456,1,True,20240221,34.15,0.0014662756598240456,0.008797653958944274,-0.02639296187683282,3,True,20240223,33.85,-0.007331378299120228,0.04398826979472137,-0.02639296187683282,5,True,20240229,36.3,0.06451612903225801,0.1158357771260996,-0.02639296187683282,8,True
1524,耿鼎,20240227,20240229,36.0,entered,True,20240229,36.3,0.008333333333333304,0.02777777777777768,-0.022222222222222143,1,True,20240304,35.4,-0.01666666666666672,0.02777777777777768,-0.022222222222222143,3,True,20240306,34.4,-0.04444444444444451,0.02777777777777768,-0.04444444444444451,5,True,20240311,32.85,-0.08749999999999991,0.02777777777777768,-0.10000000000000009,8,True
1524,耿鼎,20240401,20240402,37.2,entered,True,20240402,37.45,0.006720430107526987,0.025537634408602017,-0.013440860215053752,1,True,20240408,37.6,0.010752688172043001,0.04704301075268824,-0.013440860215053752,3,True,20240410,37.1,-0.0026881720430107503,0.04704301075268824,-0.013440860215053752,5,True,20240415,36.1,-0.029569892473118364,0.04704301075268824,-0.05107526881720448,8,True
1524,耿鼎,20240920,20240923,34.75,entered,True,20240923,36.0,0.03597122302158273,0.048920863309352525,-0.012949640287769904,1,True,20240925,36.5,0.050359712230215736,0.05611510791366925,-0.012949640287769904,3,True,20240927,35.65,0.025899280575539585,0.05611510791366925,-0.012949640287769904,5,True,20241004,34.9,0.004316546762589857,0.05611510791366925,-0.012949640287769904,8,True
1524,耿鼎,20241212,20241213,41.45,entered,True,20241213,39.55,-0.0458383594692402,0.0,-0.04704463208685172,1,True,20241217,38.25,-0.0772014475271412,0.0,-0.08685162846803385,3,True,20241219,38.3,-0.07599517490952967,0.0,-0.08805790108564548,5,True,20241224,38.7,-0.06634499396863691,0.0,-0.08805790108564548,8,True
1529,樂事綠能,20230220,20230221,25.7,entered,True,20230221,25.3,-0.015564202334630295,0.027237354085603016,-0.023346303501945442,1,True,20230223,24.65,-0.040856031128404746,0.027237354085603016,-0.04474708171206221,3,True,20230301,24.45,-0.048638132295719894,0.027237354085603016,-0.060311284046692615,5,True,20230306,24.7,-0.03891050583657585,0.027237354085603016,-0.060311284046692615,8,True
1529,樂事綠能,20230414,20230417,37.5,entered,True,20230417,40.15,0.07066666666666666,0.07066666666666666,-0.010666666666666602,1,True,20230419,42.25,0.1266666666666667,0.19999999999999996,-0.010666666666666602,3,True,20230421,38.6,0.029333333333333433,0.19999999999999996,-0.010666666666666602,5,True,20230426,39.75,0.06000000000000005,0.19999999999999996,-0.010666666666666602,8,True
1529,樂事綠能,20240325,20240326,36.4,entered,True,20240326,36.55,0.004120879120879106,0.030219780219780334,-0.028846153846153744,1,True,20240328,34.35,-0.05631868131868123,0.030219780219780334,-0.05769230769230771,3,True,20240401,33.95,-0.06730769230769218,0.030219780219780334,-0.0755494505494505,5,True,20240408,34.2,-0.060439560439560336,0.030219780219780334,-0.09340659340659341,8,True
1532,勤美,20240412,20240415,41.15,entered,True,20240415,41.35,0.00486026731470246,0.03159173754556521,-0.007290400972053357,1,True,20240417,41.75,0.014580801944106936,0.03159173754556521,-0.03280680437424066,3,True,20240419,42.15,0.024301336573511634,0.052247873633049835,-0.03280680437424066,5,True,20240424,43.4,0.054678007290400954,0.08019441069258826,-0.03280680437424066,8,True
1533,車王電,20230621,20230626,65.0,entered,True,20230626,65.5,0.007692307692307665,0.09076923076923094,0.0,1,True,20230628,64.6,-0.006153846153846287,0.09076923076923094,-0.04307692307692301,3,True,20230630,69.0,0.06153846153846154,0.09692307692307689,-0.04307692307692301,5,True,20230705,68.8,0.05846153846153834,0.09692307692307689,-0.04307692307692301,8,True
1536,和大,20240712,20240715,75.0,entered,True,20240715,75.0,0.0,0.029333333333333433,-0.013333333333333308,1,True,20240717,71.1,-0.052000000000000046,0.029333333333333433,-0.052000000000000046,3,True,20240719,67.0,-0.10666666666666669,0.029333333333333433,-0.10799999999999987,5,True,20240726,62.5,-0.16666666666666663,0.029333333333333433,-0.19199999999999995,8,True
1536,和大,20241107,20241108,62.0,entered,True,20241108,61.4,-0.009677419354838679,0.00967741935483879,-0.032258064516129004,1,True,20241112,58.8,-0.05161290322580647,0.00967741935483879,-0.05483870967741933,3,True,20241114,57.4,-0.0741935483870968,0.00967741935483879,-0.0741935483870968,5,True,20241119,59.5,-0.040322580645161255,0.00967741935483879,-0.09354838709677415,8,True
1536,和大,20250218,20250219,83.1,entered,True,20250219,82.0,-0.013237063778579916,0.022864019253911128,-0.034897713598074476,1,True,20250221,88.2,0.06137184115523486,0.07942238267148016,-0.03610108303249093,3,True,20250225,86.5,0.04091456077015643,0.09386281588447676,-0.03610108303249093,5,True,20250303,79.5,-0.04332129963898912,0.09386281588447676,-0.04332129963898912,8,True
1536,和大,20250811,20250812,65.6,entered,True,20250812,64.8,-0.012195121951219523,0.0,-0.027439024390243816,1,True,20250814,64.9,-0.010670731707316916,0.030487804878048808,-0.03353658536585358,3,True,20250818,66.1,0.007621951219512146,0.030487804878048808,-0.03353658536585358,5,True,20250821,63.3,-0.03506097560975607,0.030487804878048808,-0.05030487804878048,8,True
1539,巨庭,20220819,20220822,47.0,entered,True,20220822,46.55,-0.009574468085106425,0.07021276595744674,-0.019148936170212738,1,True,20220824,47.3,0.006382978723404209,0.07021276595744674,-0.02765957446808509,3,True,20220826,48.95,0.04148936170212769,0.07021276595744674,-0.02765957446808509,5,True,20220831,48.35,0.028723404255319274,0.07021276595744674,-0.02765957446808509,8,True
1560,中砂,20220530,20220531,155.0,entered,True,20220531,156.5,0.00967741935483879,0.032258064516129004,-0.006451612903225823,1,True,20220602,152.0,-0.01935483870967747,0.10967741935483866,-0.032258064516129004,3,True,20220607,147.0,-0.05161290322580647,0.10967741935483866,-0.06774193548387097,5,True,20220610,168.5,0.08709677419354844,0.10967741935483866,-0.06774193548387097,8,True
1560,中砂,20230613,20230614,130.0,entered,True,20230614,129.0,-0.007692307692307665,0.011538461538461497,-0.03076923076923077,1,True,20230616,129.5,-0.0038461538461538325,0.03846153846153855,-0.03076923076923077,3,True,20230620,127.5,-0.019230769230769273,0.03846153846153855,-0.03076923076923077,5,True,20230627,124.0,-0.0461538461538461,0.03846153846153855,-0.050000000000000044,8,True
1560,中砂,20230914,20230915,145.0,entered,True,20230915,143.0,-0.01379310344827589,0.006896551724137945,-0.020689655172413834,1,True,20230919,139.0,-0.04137931034482756,0.006896551724137945,-0.0482758620689655,3,True,20230921,137.5,-0.051724137931034475,0.006896551724137945,-0.06896551724137934,5,True,20230926,142.0,-0.020689655172413834,0.006896551724137945,-0.06896551724137934,8,True
1560,中砂,20231103,20231106,181.0,entered,True,20231106,178.5,-0.013812154696132617,0.013812154696132506,-0.016574585635359074,1,True,20231108,169.5,-0.06353591160220995,0.013812154696132506,-0.09116022099447518,3,True,20231110,171.0,-0.05524861878453036,0.013812154696132506,-0.09116022099447518,5,True,20231115,178.0,-0.016574585635359074,0.022099447513812098,-0.09116022099447518,8,True
1560,中砂,20240131,20240201,217.0,entered,True,20240201,217.5,0.0023041474654377225,0.025345622119815614,-0.004608294930875556,1,True,20240205,220.5,0.016129032258064502,0.034562211981566726,-0.004608294930875556,3,True,20240216,238.0,0.09677419354838701,0.12442396313364057,-0.004608294930875556,5,True,20240221,250.5,0.15437788018433185,0.19354838709677424,-0.004608294930875556,8,True
1560,中砂,20240401,20240402,272.0,entered,True,20240402,272.5,0.0018382352941177516,0.0808823529411764,-0.009191176470588203,1,True,20240408,264.0,-0.02941176470588236,0.0808823529411764,-0.0404411764705882,3,True,20240410,257.5,-0.0533088235294118,0.0808823529411764,-0.05514705882352944,5,True,20240415,254.0,-0.06617647058823528,0.0808823529411764,-0.08088235294117652,8,True
1560,中砂,20240529,20240530,281.0,entered,True,20240530,295.5,0.05160142348754437,0.06049822064056931,-0.016014234875444844,1,True,20240603,290.0,0.03202846975088969,0.09608540925266906,-0.03380782918149461,3,True,20240605,281.5,0.001779359430605032,0.09608540925266906,-0.03380782918149461,5,True,20240611,281.0,0.0,0.09608540925266906,-0.03380782918149461,8,True
1560,中砂,20241017,20241018,386.0,entered,True,20241018,363.5,-0.05829015544041449,0.031088082901554515,-0.06347150259067358,1,True,20241022,359.0,-0.06994818652849744,0.031088082901554515,-0.07642487046632129,3,True,20241024,339.5,-0.1204663212435233,0.031088082901554515,-0.12694300518134716,5,True,20241029,323.5,-0.16191709844559588,0.031088082901554515,-0.17487046632124348,8,True
1560,中砂,20250513,20250514,284.0,entered,True,20250514,278.5,-0.01936619718309862,0.0035211267605634866,-0.01936619718309862,1,True,20250516,286.0,0.007042253521126751,0.045774647887323994,-0.02464788732394363,3,True,20250520,286.0,0.007042253521126751,0.045774647887323994,-0.02464788732394363,5,True,20250523,282.5,-0.005281690140845119,0.045774647887323994,-0.02464788732394363,8,True
1560,中砂,20250616,20250617,312.5,entered,True,20250617,306.0,-0.02080000000000004,0.009600000000000053,-0.03839999999999999,1,True,20250619,286.5,-0.08320000000000005,0.009600000000000053,-0.08320000000000005,3,True,20250623,287.5,-0.07999999999999996,0.009600000000000053,-0.11519999999999997,5,True,20250626,324.0,0.036799999999999944,0.05600000000000005,-0.11519999999999997,8,True
1560,中砂,20250625,20250626,325.5,entered,True,20250626,324.0,-0.004608294930875556,0.01228878648233489,-0.015360983102918557,1,True,20250630,320.5,-0.015360983102918557,0.01228878648233489,-0.044546850998463894,3,True,20250702,319.5,-0.018433179723502335,0.01228878648233489,-0.044546850998463894,5,True,20250707,322.0,-0.010752688172043001,0.02764976958525356,-0.044546850998463894,8,True
1560,中砂,20251205,20251208,344.0,entered,True,20251208,361.0,0.04941860465116288,0.061046511627907085,0.0,1,True,20251210,355.0,0.03197674418604657,0.061046511627907085,0.0,3,True,20251212,369.0,0.07267441860465107,0.10319767441860472,0.0,5,True,20251217,366.0,0.06395348837209291,0.12209302325581395,0.0,8,True
1569,濱川,20240925,20240926,34.7,entered,True,20240926,33.5,-0.03458213256484155,0.0028818443804032867,-0.0389048991354467,1,True,20240930,35.5,0.023054755043227626,0.03890489913544659,-0.08501440922190207,3,True,20241004,37.95,0.09365994236311237,0.13544668587896247,-0.08501440922190207,5,True,20241009,40.1,0.1556195965417866,0.19596541786743504,-0.08501440922190207,8,True
1569,濱川,20250618,20250619,56.2,entered,True,20250619,57.7,0.026690391459074814,0.0462633451957295,-0.019572953736654797,1,True,20250623,52.3,-0.06939501779359436,0.12099644128113862,-0.06939501779359436,3,True,20250625,54.7,-0.026690391459074703,0.12099644128113862,-0.08007117437722422,5,True,20250630,52.3,-0.06939501779359436,0.12099644128113862,-0.08007117437722422,8,True
1569,濱川,20250908,20250909,65.0,entered,True,20250909,63.1,-0.02923076923076917,0.05384615384615388,-0.03076923076923077,1,True,20250911,60.2,-0.07384615384615378,0.05384615384615388,-0.08307692307692305,3,True,20250915,62.9,-0.03230769230769237,0.05384615384615388,-0.08923076923076922,5,True,20250918,63.2,-0.027692307692307683,0.05384615384615388,-0.08923076923076922,8,True
1582,信錦,20231201,20231204,94.0,entered,True,20231204,91.0,-0.03191489361702127,0.0031914893617019935,-0.05638297872340425,1,True,20231206,94.6,0.006382978723404209,0.0478723404255319,-0.06702127659574464,3,True,20231208,91.7,-0.024468085106382986,0.0478723404255319,-0.06702127659574464,5,True,20231213,86.7,-0.07765957446808502,0.0478723404255319,-0.08510638297872342,8,True
1582,信錦,20240603,20240604,113.0,entered,True,20240604,115.5,0.022123893805309658,0.06194690265486735,-0.008849557522123908,1,True,20240606,110.5,-0.02212389380530977,0.06194690265486735,-0.030973451327433676,3,True,20240611,114.5,0.01327433628318575,0.06194690265486735,-0.03982300884955747,5,True,20240614,117.0,0.03539823008849563,0.06194690265486735,-0.03982300884955747,8,True
1584,精剛,20230221,20230222,29.15,entered,True,20230222,30.1,0.032590051457976,0.046312178387650116,-0.005145797598627766,1,True,20230224,29.1,-0.0017152658662091813,0.046312178387650116,-0.005145797598627766,3,True,20230302,28.45,-0.02401372212692965,0.046312178387650116,-0.04459691252144071,5,True,20230307,29.65,0.0171526586620927,0.046312178387650116,-0.04459691252144071,8,True
1584,精剛,20230414,20230417,39.1,entered,True,20230417,42.55,0.08823529411764697,0.08823529411764697,-0.010230179028132946,1,True,20230419,44.2,0.1304347826086958,0.17647058823529416,-0.010230179028132946,3,True,20230421,39.85,0.019181585677749302,0.17647058823529416,-0.010230179028132946,5,True,20230426,40.05,0.024296675191815664,0.17647058823529416,-0.010230179028132946,8,True
1584,精剛,20230705,20230706,40.15,entered,True,20230706,38.4,-0.043586550435865457,0.001245330012453305,-0.048567870485678566,1,True,20230710,38.25,-0.04732254047322537,0.001245330012453305,-0.07347447073474456,3,True,20230712,37.7,-0.06102117061021162,0.001245330012453305,-0.07347447073474456,5,True,20230717,37.5,-0.06600249066002484,0.001245330012453305,-0.09464508094645074,8,True
1584,精剛,20231124,20231127,37.25,entered,True,20231127,35.5,-0.046979865771812124,0.0013422818791946067,-0.051006711409395944,1,True,20231129,35.5,-0.046979865771812124,0.0013422818791946067,-0.051006711409395944,3,True,20231201,35.8,-0.03892617449664437,0.0013422818791946067,-0.06711409395973156,5,True,20231206,35.5,-0.046979865771812124,0.0013422818791946067,-0.06711409395973156,8,True
1584,精剛,20240409,20240410,36.6,entered,True,20240410,36.35,-0.006830601092896127,0.017759562841529908,-0.010928961748633892,1,True,20240412,34.8,-0.049180327868852625,0.017759562841529908,-0.060109289617486406,3,True,20240416,35.6,-0.02732240437158473,0.017759562841529908,-0.060109289617486406,5,True,20240419,35.35,-0.03415300546448086,0.017759562841529908,-0.060109289617486406,8,True
1589,永冠-KY,20230322,20230323,79.3,entered,True,20230323,78.0,-0.016393442622950838,0.017654476670870167,-0.02395964691046648,1,True,20230327,81.8,0.031525851197982346,0.04539722572509475,-0.03783102143757877,3,True,20230329,79.6,0.003783102143757766,0.04539722572509475,-0.03783102143757877,5,True,20230406,79.9,0.007566204287515976,0.04539722572509475,-0.03783102143757877,8,True
1591,駿吉-KY,20231207,20231208,54.0,entered,True,20231208,54.5,0.0092592592592593,0.051851851851851816,-0.022222222222222254,1,True,20231212,59.4,0.09999999999999987,0.21851851851851856,-0.022222222222222254,3,True,20231214,52.8,-0.022222222222222254,0.21851851851851856,-0.022222222222222254,5,True,20231219,55.0,0.0185185185185186,0.21851851851851856,-0.09074074074074068,8,True
1597,直得,20241225,20241226,114.0,entered,True,20241226,110.5,-0.030701754385964897,0.00877192982456143,-0.04385964912280704,1,True,20241230,109.0,-0.04385964912280704,0.00877192982456143,-0.06578947368421051,3,True,20250102,124.5,0.09210526315789469,0.14912280701754388,-0.06578947368421051,5,True,20250107,115.5,0.013157894736842035,0.14912280701754388,-0.06578947368421051,8,True
1597,直得,20260506,20260507,180.0,entered,True,20260507,180.5,0.002777777777777768,0.002777777777777768,-0.05555555555555558,1,True,20260511,182.0,0.011111111111111072,0.022222222222222143,-0.07777777777777772,3,True,20260513,189.0,0.050000000000000044,0.050000000000000044,-0.07777777777777772,5,True,20260518,189.5,0.05277777777777781,0.08333333333333326,-0.07777777777777772,8,True
1605,華新,20221111,20221114,42.75,entered,True,20221114,44.55,0.042105263157894646,0.04795321637426886,-0.009356725146198785,1,True,20221116,48.0,0.12280701754385959,0.1532163742690058,-0.009356725146198785,3,True,20221118,43.7,0.022222222222222365,0.1532163742690058,-0.009356725146198785,5,True,20221123,42.9,0.0035087719298245723,0.1532163742690058,-0.024561403508771895,8,True
1605,華新,20230131,20230201,53.6,entered,True,20230201,54.6,0.018656716417910557,0.02425373134328357,-0.013059701492537323,1,True,20230203,54.2,0.011194029850746245,0.03171641791044766,-0.013059701492537323,3,True,20230207,52.6,-0.018656716417910446,0.033582089552238736,-0.02985074626865669,5,True,20230210,53.0,-0.011194029850746245,0.033582089552238736,-0.02985074626865669,8,True
1605,華新,20231115,20231116,38.5,entered,True,20231116,38.15,-0.00909090909090915,0.006493506493506551,-0.023376623376623384,1,True,20231120,38.05,-0.011688311688311748,0.006493506493506551,-0.023376623376623384,3,True,20231122,38.9,0.010389610389610393,0.01298701298701288,-0.023376623376623384,5,True,20231127,39.0,0.01298701298701288,0.051948051948051965,-0.023376623376623384,8,True
1605,華新,20240229,20240301,36.7,entered,True,20240301,36.1,-0.016348773841961872,0.0,-0.016348773841961872,1,True,20240305,36.1,-0.016348773841961872,0.0013623978201633413,-0.019073569482288888,3,True,20240307,35.1,-0.043596730245231696,0.0013623978201633413,-0.043596730245231696,5,True,20240312,35.6,-0.02997275204359673,0.0013623978201633413,-0.05449591280653954,8,True
1605,華新,20240409,20240410,39.1,entered,True,20240410,39.0,-0.002557544757033292,0.002557544757033181,-0.020460358056266115,1,True,20240412,39.2,0.002557544757033181,0.019181585677749302,-0.020460358056266115,3,True,20240416,38.05,-0.02685421994884918,0.056265984654731316,-0.03196930946291565,5,True,20240419,38.85,-0.006393861892583175,0.07416879795396425,-0.038363171355498715,8,True
1605,華新,20250512,20250513,22.4,entered,True,20250513,22.25,-0.006696428571428492,0.022321428571428603,-0.011160714285714302,1,True,20250515,22.7,0.013392857142857206,0.03125000000000022,-0.011160714285714302,3,True,20250519,22.95,0.024553571428571397,0.046875,-0.011160714285714302,5,True,20250522,22.7,0.013392857142857206,0.0758928571428572,-0.011160714285714302,8,True
1605,華新,20251224,20251226,32.6,entered,True,20251226,33.45,0.0260736196319018,0.033742331288343586,-0.004601226993865004,1,True,20251230,31.75,-0.026073619631901912,0.0690184049079754,-0.03834355828220859,3,True,20260102,32.9,0.009202453987730008,0.0690184049079754,-0.03834355828220859,5,True,20260107,39.65,0.21625766871165641,0.21625766871165641,-0.03834355828220859,8,True
1605,華新,20260113,20260114,41.95,entered,True,20260114,40.9,-0.025029797377830842,0.0011918951132299238,-0.042908224076281365,1,True,20260116,42.95,0.023837902264600697,0.09773539928486286,-0.042908224076281365,3,True,20260120,42.4,0.010727056019070202,0.09773539928486286,-0.042908224076281365,5,True,20260123,38.85,-0.07389749702026227,0.09773539928486286,-0.08820023837902269,8,True
1605,華新,20260420,20260421,32.4,entered,True,20260421,32.65,0.007716049382715973,0.04166666666666674,-0.007716049382716084,1,True,20260423,30.35,-0.06327160493827155,0.04166666666666674,-0.08796296296296291,3,True,20260427,30.0,-0.07407407407407407,0.04166666666666674,-0.08796296296296291,5,True,20260430,30.15,-0.06944444444444442,0.04166666666666674,-0.08796296296296291,8,True
1608,華榮,20240306,20240307,23.0,entered,True,20240307,22.7,-0.013043478260869601,0.0021739130434783593,-0.030434782608695587,1,True,20240311,23.5,0.021739130434782705,0.0304347826086957,-0.034782608695652195,3,True,20240313,24.8,0.07826086956521738,0.16086956521739126,-0.034782608695652195,5,True,20240318,25.8,0.12173913043478257,0.16086956521739126,-0.034782608695652195,8,True
1608,華榮,20240311,20240312,23.5,entered,True,20240312,24.35,0.036170212765957555,0.04042553191489362,-0.004255319148936176,1,True,20240314,25.95,0.10425531914893615,0.13617021276595742,-0.004255319148936176,3,True,20240318,25.8,0.09787234042553195,0.13617021276595742,-0.004255319148936176,5,True,20240321,25.65,0.09148936170212751,0.13617021276595742,-0.004255319148936176,8,True
1608,華榮,20240327,20240328,30.5,entered,True,20240328,30.7,0.006557377049180246,0.022950819672131084,-0.019672131147541072,1,True,20240401,29.95,-0.0180327868852459,0.022950819672131084,-0.032786885245901676,3,True,20240403,30.0,-0.016393442622950838,0.022950819672131084,-0.03770491803278686,5,True,20240410,35.35,0.15901639344262297,0.263934426229508,-0.03770491803278686,8,True
1608,華榮,20250827,20250828,31.05,entered,True,20250828,29.85,-0.03864734299516903,0.008051529790660261,-0.04508856682769735,1,True,20250901,29.2,-0.05958132045088571,0.008051529790660261,-0.0628019323671497,3,True,20250903,29.05,-0.06441223832528176,0.008051529790660261,-0.08695652173913038,5,True,20250908,30.7,-0.011272141706924366,0.04669887278582929,-0.08695652173913038,8,True
1608,華榮,20251105,20251106,41.2,entered,True,20251106,38.65,-0.061893203883495285,0.0024271844660193054,-0.07645631067961178,1,True,20251110,36.6,-0.11165048543689327,0.0024271844660193054,-0.1165048543689321,3,True,20251112,36.45,-0.11529126213592233,0.0024271844660193054,-0.1395631067961165,5,True,20251117,35.65,-0.13470873786407778,0.0024271844660193054,-0.1395631067961165,8,True
1608,華榮,20251212,20251215,37.65,entered,True,20251215,37.95,0.007968127490040056,0.04116865869853936,-0.0013280212483398612,1,True,20251217,36.6,-0.027888446215139417,0.04116865869853936,-0.030544488711819362,3,True,20251219,36.3,-0.03585657370517936,0.04116865869853936,-0.038512616201859085,5,True,20251224,37.05,-0.015936254980079667,0.04116865869853936,-0.038512616201859085,8,True
1608,華榮,20251226,20251229,40.3,entered,True,20251229,39.2,-0.027295285359801302,0.03101736972704705,-0.028535980148883366,1,True,20251231,38.35,-0.048387096774193394,0.03101736972704705,-0.06699751861042169,3,True,20260105,37.6,-0.06699751861042169,0.03101736972704705,-0.06699751861042169,5,True,20260108,37.85,-0.06079404466501226,0.03101736972704705,-0.06823821339950376,8,True
1608,華榮,20260128,20260129,40.7,entered,True,20260129,40.5,-0.004914004914004955,0.01228501228501222,-0.04791154791154795,1,True,20260202,34.8,-0.1449631449631451,0.017199017199017064,-0.1547911547911549,3,True,20260204,34.55,-0.15110565110565122,0.017199017199017064,-0.16953316953316966,5,True,20260209,33.0,-0.18918918918918926,0.017199017199017064,-0.21130221130221127,8,True
1608,華榮,20260602,20260603,36.8,entered,True,20260603,39.4,0.07065217391304346,0.07065217391304346,-0.008152173913043348,1,True,20260605,36.1,-0.0190217391304347,0.07065217391304346,-0.036684782608695454,3,True,20260609,34.3,-0.06793478260869568,0.07065217391304346,-0.1032608695652173,5,True,20260612,34.4,-0.06521739130434778,0.07065217391304346,-0.11005434782608692,8,True
1609,大亞,20221202,20221205,20.65,entered,True,20221205,20.6,-0.002421307506053183,0.004842615012106588,-0.014527845036319431,1,True,20221207,20.0,-0.03147699757869238,0.05084745762711873,-0.03147699757869238,3,True,20221209,20.8,0.007263922518159882,0.05084745762711873,-0.03147699757869238,5,True,20221214,20.75,0.004842615012106588,0.05084745762711873,-0.03147699757869238,8,True
1609,大亞,20230201,20230202,24.4,entered,True,20230202,23.95,-0.018442622950819665,0.00819672131147553,-0.030737704918032738,1,True,20230206,23.15,-0.05122950819672134,0.00819672131147553,-0.05327868852459006,3,True,20230208,23.25,-0.047131147540983576,0.00819672131147553,-0.055327868852458884,5,True,20230213,23.3,-0.04508196721311464,0.00819672131147553,-0.055327868852458884,8,True
1609,大亞,20230215,20230216,25.1,entered,True,20230216,24.5,-0.02390438247011961,0.019920318725099584,-0.029880478087649376,1,True,20230220,25.05,-0.0019920318725099584,0.019920318725099584,-0.04183266932270924,3,True,20230222,24.9,-0.007968127490039945,0.02589641434262946,-0.04183266932270924,5,True,20230301,24.15,-0.03784860557768932,0.02589641434262946,-0.045816733067729154,8,True
1609,大亞,20230307,20230308,25.7,entered,True,20230308,27.05,0.05252918287937747,0.054474708171206254,-0.005836575875486361,1,True,20230310,24.95,-0.029182879377431914,0.054474708171206254,-0.03696498054474706,3,True,20230314,25.55,-0.005836575875486361,0.054474708171206254,-0.060311284046692615,5,True,20230317,24.95,-0.029182879377431914,0.054474708171206254,-0.060311284046692615,8,True
1609,大亞,20230606,20230607,36.55,entered,True,20230607,39.2,0.07250341997264043,0.07250341997264043,-0.01094391244870041,1,True,20230609,39.5,0.08071135430916554,0.12995896032831733,-0.01094391244870041,3,True,20230613,37.8,0.03419972640218871,0.12995896032831733,-0.01094391244870041,5,True,20230616,38.5,0.05335157318741457,0.12995896032831733,-0.01094391244870041,8,True
1609,大亞,20240229,20240301,38.25,entered,True,20240301,37.85,-0.010457516339869244,0.005228758169934622,-0.036601307189542465,1,True,20240305,36.35,-0.04967320261437902,0.005228758169934622,-0.053594771241829986,3,True,20240307,36.7,-0.04052287581699343,0.030065359477124076,-0.053594771241829986,5,True,20240312,37.2,-0.027450980392156765,0.030065359477124076,-0.06405228758169945,8,True
1609,大亞,20240410,20240411,46.2,entered,True,20240411,46.0,-0.0043290043290044045,0.037878787878787845,-0.008658008658008809,1,True,20240415,55.6,0.20346320346320335,0.20346320346320335,-0.011904761904761973,3,True,20240417,58.9,0.27489177489177474,0.27489177489177474,-0.011904761904761973,5,True,20240422,57.8,0.251082251082251,0.47186147186147176,-0.011904761904761973,8,True
1609,大亞,20260120,20260121,42.55,entered,True,20260121,43.0,0.01057579318448898,0.06462984723854293,0.0,1,True,20260123,42.95,0.009400705052879044,0.1750881316098709,0.0,3,True,20260127,43.5,0.022326674500587673,0.1750881316098709,-0.016451233842538104,5,True,20260130,41.55,-0.023501762632197387,0.1750881316098709,-0.024676850763807212,8,True
1611,中電,20220610,20220613,19.8,entered,True,20220613,20.55,0.037878787878787845,0.05050505050505061,-0.010101010101010055,1,True,20220615,21.0,0.06060606060606055,0.09090909090909105,-0.010101010101010055,3,True,20220617,21.1,0.06565656565656575,0.13131313131313127,-0.010101010101010055,5,True,20220622,18.85,-0.0479797979797979,0.13131313131313127,-0.05808080808080818,8,True
1612,宏泰,20220325,20220328,30.2,entered,True,20220328,31.3,0.036423841059602724,0.038079470198675525,-0.01986754966887405,1,True,20220330,32.95,0.0910596026490067,0.0927152317880795,-0.01986754966887405,3,True,20220401,31.9,0.056291390728476776,0.0976821192052979,-0.01986754966887405,5,True,20220408,30.65,0.01490066225165565,0.0976821192052979,-0.01986754966887405,8,True
1612,宏泰,20230605,20230606,24.7,entered,True,20230606,24.8,0.004048582995951566,0.012145748987854255,-0.0161943319838056,1,True,20230608,28.1,0.13765182186234837,0.1740890688259109,-0.0161943319838056,3,True,20230612,25.5,0.03238866396761142,0.1740890688259109,-0.0161943319838056,5,True,20230615,26.2,0.06072874493927127,0.1740890688259109,-0.0161943319838056,8,True
1612,宏泰,20230725,20230726,28.1,entered,True,20230726,27.7,-0.014234875444839923,0.010676156583629748,-0.051601423487544595,1,True,20230728,26.65,-0.051601423487544595,0.039145907473309594,-0.05693950177935947,3,True,20230801,26.55,-0.05516014234875444,0.039145907473309594,-0.06939501779359436,5,True,20230807,26.15,-0.06939501779359436,0.039145907473309594,-0.12989323843416378,8,True
1612,宏泰,20231208,20231211,27.9,entered,True,20231211,29.5,0.057347670250896154,0.06989247311827973,-0.0017921146953403522,1,True,20231213,29.45,0.05555555555555558,0.13799283154121866,-0.0017921146953403522,3,True,20231215,28.55,0.023297491039426577,0.13799283154121866,-0.0017921146953403522,5,True,20231220,27.45,-0.016129032258064502,0.13799283154121866,-0.028673835125447966,8,True
1612,宏泰,20240322,20240325,30.15,entered,True,20240325,30.8,0.021558872305140975,0.04311774461028195,-0.016583747927031545,1,True,20240327,31.45,0.04311774461028195,0.0862354892205639,-0.016583747927031545,3,True,20240329,30.95,0.026533996683250516,0.0862354892205639,-0.016583747927031545,5,True,20240403,31.1,0.03150912106136006,0.0862354892205639,-0.016583747927031545,8,True
1612,宏泰,20250814,20250815,38.7,entered,True,20250815,38.15,-0.01421188630490966,0.0012919896640826156,-0.03100775193798455,1,True,20250819,38.15,-0.01421188630490966,0.0025839793281652312,-0.03100775193798455,3,True,20250821,37.5,-0.03100775193798455,0.0025839793281652312,-0.043927648578811485,5,True,20250826,37.35,-0.03488372093023262,0.003875968992248069,-0.043927648578811485,8,True
1612,宏泰,20251103,20251104,40.6,entered,True,20251104,39.25,-0.03325123152709364,0.008620689655172376,-0.03325123152709364,1,True,20251106,39.15,-0.03571428571428581,0.008620689655172376,-0.041871921182266125,3,True,20251110,35.45,-0.12684729064039402,0.008620689655172376,-0.13177339901477836,5,True,20251113,36.3,-0.10591133004926123,0.008620689655172376,-0.13177339901477836,8,True
1616,億泰,20250609,20250610,28.7,entered,True,20250610,29.25,0.019163763066202044,0.03658536585365857,-0.019163763066202155,1,True,20250612,35.35,0.23170731707317072,0.23170731707317072,-0.019163763066202155,3,True,20250616,37.5,0.3066202090592334,0.3066202090592334,-0.019163763066202155,5,True,20250619,43.55,0.5174216027874563,0.5627177700348434,-0.019163763066202155,8,True
1618,合機,20230522,20230523,20.5,entered,True,20230523,20.25,-0.012195121951219523,0.004878048780487809,-0.024390243902439046,1,True,20230525,20.35,-0.007317073170731603,0.004878048780487809,-0.07073170731707312,3,True,20230529,18.85,-0.08048780487804874,0.004878048780487809,-0.08048780487804874,5,True,20230601,19.85,-0.03170731707317065,0.004878048780487809,-0.09024390243902447,8,True
1618,合機,20230605,20230606,21.9,entered,True,20230606,21.55,-0.015981735159817267,0.020547945205479534,-0.03424657534246578,1,True,20230608,20.1,-0.08219178082191769,0.03424657534246567,-0.08219178082191769,3,True,20230612,19.25,-0.12100456621004563,0.03424657534246567,-0.12557077625570778,5,True,20230615,19.7,-0.1004566210045662,0.03424657534246567,-0.12557077625570778,8,True
1618,合機,20231201,20231204,30.05,entered,True,20231204,29.8,-0.008319467554076532,0.016638935108153063,-0.008319467554076532,1,True,20231206,33.3,0.10815307820299491,0.10815307820299491,-0.014975041597337757,3,True,20231208,33.0,0.09816971713810307,0.16472545757071555,-0.014975041597337757,5,True,20231213,35.6,0.18469217970049923,0.32445923460898496,-0.014975041597337757,8,True
1618,合機,20240216,20240219,32.3,entered,True,20240219,32.45,0.004643962848297489,0.02941176470588247,0.0,1,True,20240221,31.85,-0.013931888544891469,0.02941176470588247,-0.02786377708978327,3,True,20240223,32.45,0.004643962848297489,0.040247678018576094,-0.02786377708978327,5,True,20240229,34.9,0.08049535603715174,0.1083591331269349,-0.02786377708978327,8,True
1618,合機,20240322,20240325,37.15,entered,True,20240325,37.2,0.0013458950201885589,0.044414535666218,-0.024226110363391617,1,True,20240327,39.25,0.05652759084791392,0.09825033647375503,-0.024226110363391617,3,True,20240329,37.3,0.004037685060565233,0.09825033647375503,-0.024226110363391617,5,True,20240403,36.3,-0.02288021534320328,0.09825033647375503,-0.024226110363391617,8,True
1618,合機,20250711,20250714,51.5,entered,True,20250714,51.9,0.007766990291262044,0.023300970873786353,-0.011650485436893177,1,True,20250716,49.85,-0.03203883495145632,0.023300970873786353,-0.03300970873786413,3,True,20250718,50.9,-0.011650485436893177,0.023300970873786353,-0.03786407766990296,5,True,20250723,50.0,-0.029126213592232997,0.023300970873786353,-0.05631067961165048,8,True
1708,東鹼,20220112,20220113,35.65,entered,True,20220113,35.85,0.005610098176718203,0.02384291725105192,-0.0042075736325385416,1,True,20220117,35.85,0.005610098176718203,0.03786816269284721,-0.02384291725105192,3,True,20220119,33.95,-0.04768583450210362,0.03786816269284721,-0.04908835904628328,5,True,20220124,31.8,-0.1079943899018232,0.03786816269284721,-0.11500701262272084,8,True
1708,東鹼,20240927,20240930,41.95,entered,True,20240930,41.35,-0.014302741358760418,0.0011918951132299238,-0.027413587604290912,1,True,20241004,40.3,-0.03933253873659126,0.0011918951132299238,-0.042908224076281365,3,True,20241008,40.2,-0.04171632896305122,0.0011918951132299238,-0.050059594755661574,5,True,20241014,39.7,-0.05363528009535157,0.0011918951132299238,-0.07985697258641244,8,True
1708,東鹼,20260303,20260304,38.45,entered,True,20260304,36.65,-0.04681404421326407,0.002600780234070177,-0.05071521456436934,1,True,20260306,36.35,-0.054616384915474714,0.002600780234070177,-0.08192457737321213,3,True,20260310,36.2,-0.05851755526657998,0.014304291287386084,-0.08192457737321213,5,True,20260313,39.3,0.022106631989596837,0.0962288686605981,-0.08452535760728219,8,True
1709,和益,20220103,20220104,24.4,entered,True,20220104,23.85,-0.022540983606557208,0.002049180327868827,-0.032786885245901565,1,True,20220106,25.6,0.049180327868852514,0.0963114754098362,-0.032786885245901565,3,True,20220110,25.4,0.040983606557376984,0.0963114754098362,-0.032786885245901565,5,True,20220113,24.2,-0.008196721311475419,0.0963114754098362,-0.032786885245901565,8,True
1709,和益,20240920,20240923,25.4,entered,True,20240923,24.8,-0.023622047244094446,0.007874015748031704,-0.03149606299212593,1,True,20240925,24.75,-0.025590551181102317,0.007874015748031704,-0.04330708661417315,3,True,20240927,25.2,-0.007874015748031482,0.007874015748031704,-0.04527559055118102,5,True,20241004,24.1,-0.051181102362204633,0.007874015748031704,-0.053149606299212504,8,True
1709,和益,20260706,20260707,24.3,entered,True,20260707,24.5,0.008230452674897082,0.034979423868312765,-0.010288065843621408,1,True,20260709,24.4,0.00411522633744843,0.034979423868312765,-0.03703703703703709,3,True,20260714,28.05,0.154320987654321,0.1646090534979423,-0.03703703703703709,5,True,20260717,26.05,0.07201646090534974,0.1646090534979423,-0.03703703703703709,8,True
1709,和益,20260824,20260825,34.4,entered,True,20260825,33.75,-0.018895348837209225,0.01744186046511631,-0.04651162790697683,1,True,20260827,34.15,-0.007267441860465129,0.0959302325581397,-0.04651162790697683,3,True,20260831,,,0.0959302325581397,-0.04651162790697683,4,False,,,,,,0,False
1710,東聯,20230605,20230606,22.1,entered,True,20230606,22.6,0.02262443438914019,0.02714932126696823,-0.004524886877828149,1,True,20230608,23.15,0.0475113122171944,0.07013574660633481,-0.004524886877828149,3,True,20230612,22.95,0.038461538461538325,0.07918552036199089,-0.004524886877828149,5,True,20230615,22.6,0.02262443438914019,0.07918552036199089,-0.004524886877828149,8,True
1711,永光,20260102,20260105,20.9,entered,True,20260105,20.65,-0.011961722488038284,0.06459330143540676,-0.01674641148325351,1,True,20260107,22.3,0.06698564593301448,0.09569377990430628,-0.03588516746411485,3,True,20260109,21.05,0.0071770334928231705,0.09569377990430628,-0.05023923444976064,5,True,20260114,24.3,0.16267942583732076,0.16267942583732076,-0.05023923444976064,8,True
1711,永光,20260421,20260422,54.2,entered,True,20260422,59.6,0.09963099630996308,0.09963099630996308,-0.011070110701107083,1,True,20260424,50.9,-0.060885608856088624,0.1863468634686345,-0.060885608856088624,3,True,20260428,56.3,0.03874538745387435,0.1863468634686345,-0.15405904059040587,5,True,20260504,58.1,0.0719557195571956,0.1863468634686345,-0.15405904059040587,8,True
1712,興農,20220819,20220822,39.5,entered,True,20220822,40.55,0.026582278481012578,0.03544303797468351,-0.008860759493670933,1,True,20220824,41.55,0.05189873417721502,0.1518987341772151,-0.008860759493670933,3,True,20220826,45.1,0.14177215189873427,0.17721518987341778,-0.008860759493670933,5,True,20220831,45.4,0.14936708860759484,0.18734177215189862,-0.008860759493670933,8,True
1712,興農,20220826,20220829,44.0,entered,True,20220829,44.85,0.01931818181818179,0.0386363636363638,0.0,1,True,20220831,45.4,0.031818181818181746,0.06590909090909092,0.0,3,True,20220902,44.5,0.011363636363636465,0.07499999999999996,0.0,5,True,20220907,44.6,0.013636363636363669,0.07499999999999996,-0.00454545454545463,8,True
1717,長興,20240927,20240930,34.8,entered,True,20240930,34.15,-0.01867816091954022,0.004310344827586299,-0.01867816091954022,1,True,20241004,33.5,-0.03735632183908033,0.004310344827586299,-0.050287356321839116,3,True,20241008,32.55,-0.06465517241379315,0.004310344827586299,-0.07471264367816077,5,True,20241014,32.95,-0.05316091954022972,0.004310344827586299,-0.08764367816091945,8,True
1717,長興,20250811,20250812,29.5,entered,True,20250812,29.0,-0.016949152542372836,0.01016949152542379,-0.016949152542372836,1,True,20250814,35.05,0.1881355932203388,0.1881355932203388,-0.016949152542372836,3,True,20250818,42.4,0.43728813559322033,0.43728813559322033,-0.016949152542372836,5,True,20250821,41.95,0.42203389830508486,0.535593220338983,-0.016949152542372836,8,True
1717,長興,20251211,20251212,41.55,entered,True,20251212,40.15,-0.03369434416365824,0.0,-0.03369434416365824,1,True,20251216,38.85,-0.06498194945848368,0.0,-0.07220216606498198,3,True,20251218,38.25,-0.07942238267148005,0.0,-0.08543922984356189,5,True,20251223,41.95,0.00962695547533099,0.020457280385078214,-0.08543922984356189,8,True
1717,長興,20251222,20251223,41.5,entered,True,20251223,41.95,0.010843373493975905,0.02168674698795181,-0.01807228915662651,1,True,20251226,40.2,-0.031325301204819245,0.027710843373493832,-0.031325301204819245,3,True,20251230,41.0,-0.012048192771084376,0.027710843373493832,-0.031325301204819245,5,True,20260105,46.1,0.110843373493976,0.110843373493976,-0.031325301204819245,8,True
1717,長興,20260102,20260105,43.0,entered,True,20260105,46.1,0.0720930232558139,0.0720930232558139,-0.006976744186046435,1,True,20260107,55.7,0.2953488372093025,0.2953488372093025,-0.006976744186046435,3,True,20260109,51.4,0.19534883720930218,0.3395348837209302,-0.006976744186046435,5,True,20260114,61.0,0.4186046511627908,0.5046511627906978,-0.006976744186046435,8,True
1717,長興,20260706,20260707,86.8,entered,True,20260707,77.1,-0.11175115207373276,0.0011520737327190833,-0.11405529953917037,1,True,20260709,73.8,-0.14976958525345618,0.0011520737327190833,-0.1555299539170507,3,True,20260714,70.0,-0.19354838709677413,0.0011520737327190833,-0.23271889400921664,5,True,20260717,64.5,-0.2569124423963134,0.0011520737327190833,-0.26152073732718895,8,True
1722,台肥,20240429,20240430,66.6,entered,True,20240430,65.4,-0.018018018018017834,0.0045045045045046805,-0.019519519519519468,1,True,20240503,65.7,-0.013513513513513375,0.02402402402402415,-0.019519519519519468,3,True,20240507,65.9,-0.01051051051051033,0.02402402402402415,-0.019519519519519468,5,True,20240510,64.7,-0.028528528528528385,0.02402402402402415,-0.039039039039038936,8,True
1727,中華化,20260303,20260304,49.0,entered,True,20260304,46.5,-0.05102040816326525,0.0,-0.07448979591836735,1,True,20260306,47.5,-0.030612244897959218,0.01632653061224487,-0.07448979591836735,3,True,20260310,46.4,-0.053061224489796,0.01632653061224487,-0.11020408163265305,5,True,20260313,60.8,0.24081632653061225,0.24081632653061225,-0.11020408163265305,8,True
1727,中華化,20260827,20260828,97.1,censored,False,20260828,98.1,0.01029866117404743,0.03501544799176104,-0.018537590113285263,1,True,,,,,,0,False,,,,,,0,False,,,,,,0,False
1734,杏輝,20230616,20230619,37.6,entered,True,20230619,38.8,0.03191489361702127,0.037234042553191404,0.0,1,True,20230621,38.2,0.015957446808510634,0.04122340425531901,0.0,3,True,20230627,37.15,-0.01196808510638303,0.09308510638297873,-0.019946808510638347,5,True,20230630,36.2,-0.037234042553191404,0.09308510638297873,-0.042553191489361764,8,True
1760,寶齡富錦,20220817,20220818,142.5,entered,True,20220818,149.0,0.04561403508771922,0.08070175438596494,0.0,1,True,20220822,145.5,0.021052631578947434,0.10175438596491237,0.0,3,True,20220824,149.0,0.04561403508771922,0.10175438596491237,-0.01754385964912286,5,True,20220829,149.0,0.04561403508771922,0.12280701754385959,-0.01754385964912286,8,True
1773,勝一,20240327,20240328,191.0,entered,True,20240328,192.0,0.005235602094240788,0.018324607329842868,-0.020942408376963373,1,True,20240401,181.5,-0.04973821989528793,0.018324607329842868,-0.05235602094240843,3,True,20240403,184.0,-0.03664921465968585,0.018324607329842868,-0.06282722513089001,5,True,20240410,188.0,-0.015706806282722474,0.018324607329842868,-0.06282722513089001,8,True
1783,和康生,20230206,20230207,59.9,entered,True,20230207,63.3,0.056761268781302165,0.08180300500834714,-0.011686143572620988,1,True,20230209,60.0,0.0016694490818029983,0.08180300500834714,-0.015025041736226985,3,True,20230213,58.0,-0.03171953255425708,0.08180300500834714,-0.04006677796327207,5,True,20230216,59.1,-0.013355592654423987,0.08180300500834714,-0.045075125208681066,8,True
1785,光洋科,20230607,20230608,39.0,entered,True,20230608,38.55,-0.011538461538461608,0.0012820512820512775,-0.015384615384615441,1,True,20230612,38.1,-0.023076923076922995,0.0012820512820512775,-0.030769230769230882,3,True,20230614,38.8,-0.005128205128205221,0.024358974358974494,-0.030769230769230882,5,True,20230619,38.7,-0.007692307692307665,0.024358974358974494,-0.030769230769230882,8,True
1785,光洋科,20230626,20230627,39.6,entered,True,20230627,38.95,-0.016414141414141326,0.03409090909090917,-0.025252525252525304,1,True,20230629,38.3,-0.032828282828282984,0.03409090909090917,-0.032828282828282984,3,True,20230703,38.45,-0.029040404040403978,0.03409090909090917,-0.04040404040404044,5,True,20230706,39.45,-0.0037878787878787845,0.03409090909090917,-0.04040404040404044,8,True
1785,光洋科,20231106,20231107,40.65,entered,True,20231107,40.05,-0.014760147601476037,0.0,-0.019680196801967975,1,True,20231109,39.05,-0.03936039360393606,0.0,-0.045510455104551095,3,True,20231113,38.4,-0.05535055350553508,0.0,-0.06519065190651907,5,True,20231116,39.6,-0.02583025830258301,0.0,-0.06519065190651907,8,True
1785,光洋科,20240216,20240219,44.25,entered,True,20240219,43.35,-0.02033898305084747,0.003389830508474523,-0.025988700564971712,1,True,20240221,44.5,0.005649717514124353,0.03502824858757059,-0.025988700564971712,3,True,20240223,42.65,-0.0361581920903955,0.03502824858757059,-0.037288135593220306,5,True,20240229,44.25,0.0,0.03502824858757059,-0.037288135593220306,8,True
1785,光洋科,20240304,20240305,45.85,entered,True,20240305,44.85,-0.021810250817884458,0.009814612868047856,-0.028353326063249806,1,True,20240307,46.2,0.007633587786259666,0.0730643402399127,-0.03380588876772095,3,True,20240311,42.9,-0.06434023991275906,0.0730643402399127,-0.06434023991275906,5,True,20240314,44.25,-0.034896401308615044,0.0730643402399127,-0.07524536532170123,8,True
1785,光洋科,20240529,20240530,50.2,entered,True,20240530,50.4,0.003984063745019917,0.041832669322709126,0.0,1,True,20240603,48.85,-0.02689243027888444,0.041832669322709126,-0.029880478087649376,3,True,20240605,47.75,-0.04880478087649409,0.041832669322709126,-0.054780876494023856,5,True,20240611,48.75,-0.028884462151394508,0.041832669322709126,-0.056772908366533925,8,True
1785,光洋科,20240617,20240618,56.7,entered,True,20240618,56.6,-0.0017636684303351524,0.022927689594356204,-0.01940035273368612,1,True,20240620,60.2,0.06172839506172845,0.08641975308641969,-0.01940035273368612,3,True,20240624,66.5,0.17283950617283939,0.23633156966490287,-0.01940035273368612,5,True,20240627,65.3,0.15167548500881822,0.23633156966490287,-0.01940035273368612,8,True
1785,光洋科,20240830,20240902,67.3,entered,True,20240902,68.3,0.014858841010401136,0.03417533432392261,-0.008915304606240682,1,True,20240904,61.2,-0.09063893016344715,0.03417533432392261,-0.10995542347696874,3,True,20240906,61.0,-0.09361069836552749,0.03417533432392261,-0.10995542347696874,5,True,20240911,59.2,-0.12035661218424953,0.03417533432392261,-0.14561664190193158,8,True
1785,光洋科,20250609,20250610,60.6,entered,True,20250610,62.3,0.028052805280528004,0.04785478547854782,-0.008250825082508295,1,True,20250612,62.3,0.028052805280528004,0.04785478547854782,-0.008250825082508295,3,True,20250616,61.1,0.008250825082508184,0.04785478547854782,-0.008250825082508295,5,True,20250619,60.5,-0.0016501650165017256,0.04785478547854782,-0.008250825082508295,8,True
1785,光洋科,20250922,20250923,65.1,entered,True,20250923,62.9,-0.03379416282642078,0.004608294930875667,-0.04608294930875567,1,True,20250925,62.5,-0.03993855606758823,0.006144393241167556,-0.04608294930875567,3,True,20250930,62.3,-0.043010752688172005,0.006144393241167556,-0.06912442396313356,5,True,20251003,61.5,-0.055299539170506784,0.006144393241167556,-0.06912442396313356,8,True
1785,光洋科,20251210,20251211,64.7,entered,True,20251211,63.5,-0.018547140649149974,0.001545595054095683,-0.02472952086553326,1,True,20251215,64.2,-0.007727975270479082,0.026275115919629055,-0.03091190108191655,3,True,20251217,63.3,-0.021638330757341673,0.026275115919629055,-0.0602782071097373,5,True,20251222,63.0,-0.026275115919629055,0.026275115919629055,-0.0602782071097373,8,True
1785,光洋科,20260312,20260313,82.1,entered,True,20260313,82.0,-0.0012180267965894442,0.023142509135201106,-0.02679658952496944,1,True,20260317,90.6,0.10353227771010953,0.10353227771010953,-0.04872107186358099,3,True,20260319,101.5,0.23629719853836795,0.2728380024360537,-0.04872107186358099,5,True,20260324,89.5,0.09013398294762487,0.3032886723507917,-0.04872107186358099,8,True
1795,美時,20220325,20220328,126.0,entered,True,20220328,125.0,-0.007936507936507908,0.02777777777777768,-0.023809523809523836,1,True,20220330,133.5,0.059523809523809534,0.09126984126984117,-0.023809523809523836,3,True,20220401,130.5,0.03571428571428581,0.09126984126984117,-0.023809523809523836,5,True,20220408,129.0,0.023809523809523725,0.1071428571428572,-0.023809523809523836,8,True
1795,美時,20220608,20220609,144.5,entered,True,20220609,145.5,0.006920415224913601,0.04152249134948094,-0.02422145328719727,1,True,20220613,143.0,-0.01038062283737029,0.05190311418685112,-0.03460207612456745,3,True,20220615,140.0,-0.03114186851211076,0.05190311418685112,-0.07612456747404839,5,True,20220620,139.0,-0.03806228373702425,0.05190311418685112,-0.07612456747404839,8,True
1795,美時,20220817,20220818,168.0,entered,True,20220818,184.5,0.09821428571428581,0.09821428571428581,-0.005952380952380931,1,True,20220822,180.0,0.0714285714285714,0.14880952380952372,-0.005952380952380931,3,True,20220824,174.0,0.03571428571428581,0.14880952380952372,-0.005952380952380931,5,True,20220829,169.5,0.008928571428571397,0.14880952380952372,-0.005952380952380931,8,True
1795,美時,20221121,20221122,195.0,entered,True,20221122,198.0,0.01538461538461533,0.02051282051282044,-0.038461538461538436,1,True,20221124,239.0,0.22564102564102573,0.22564102564102573,-0.038461538461538436,3,True,20221128,246.5,0.26410256410256405,0.30000000000000004,-0.038461538461538436,5,True,20221201,246.5,0.26410256410256405,0.30000000000000004,-0.038461538461538436,8,True
1795,美時,20230217,20230220,297.5,entered,True,20230220,284.5,-0.043697478991596594,0.015126050420168013,-0.04705882352941182,1,True,20230222,276.5,-0.07058823529411762,0.015126050420168013,-0.07058823529411762,3,True,20230224,281.0,-0.055462184873949605,0.015126050420168013,-0.07058823529411762,5,True,20230303,278.5,-0.06386554621848739,0.015126050420168013,-0.07058823529411762,8,True
1795,美時,20231201,20231204,270.0,entered,True,20231204,277.0,0.025925925925925908,0.040740740740740744,-0.007407407407407418,1,True,20231206,270.0,0.0,0.04444444444444451,-0.007407407407407418,3,True,20231208,272.0,0.007407407407407307,0.04444444444444451,-0.007407407407407418,5,True,20231213,264.5,-0.020370370370370372,0.04444444444444451,-0.022222222222222254,8,True
1795,美時,20240408,20240409,327.0,entered,True,20240409,323.0,-0.012232415902140636,0.00917431192660545,-0.01834862385321101,1,True,20240411,325.0,-0.006116207951070374,0.021406727828746197,-0.030581039755351647,3,True,20240415,332.5,0.01681957186544336,0.06116207951070329,-0.030581039755351647,5,True,20240418,321.0,-0.01834862385321101,0.06116207951070329,-0.030581039755351647,8,True
1795,美時,20260113,20260114,294.5,entered,True,20260114,298.5,0.013582342954159499,0.039049235993208864,-0.005093378607809895,1,True,20260116,337.5,0.14601018675721567,0.16977928692699495,-0.005093378607809895,3,True,20260120,314.0,0.06621392190152808,0.16977928692699495,-0.005093378607809895,5,True,20260123,322.0,0.0933786078098473,0.16977928692699495,-0.005093378607809895,8,True
1795,美時,20260127,20260128,348.0,entered,True,20260128,346.0,-0.005747126436781658,0.015804597701149392,-0.031609195402298895,1,True,20260130,361.0,0.03735632183908044,0.051724137931034475,-0.031609195402298895,3,True,20260203,362.0,0.04022988505747116,0.056034482758620774,-0.031609195402298895,5,True,20260206,331.5,-0.04741379310344829,0.06178160919540221,-0.054597701149425304,8,True
1802,台玻,20221122,20221123,25.0,entered,True,20221123,24.7,-0.01200000000000001,0.008000000000000007,-0.020000000000000018,1,True,20221125,23.55,-0.05799999999999994,0.008000000000000007,-0.08200000000000007,3,True,20221129,23.35,-0.06599999999999995,0.008000000000000007,-0.08200000000000007,5,True,20221202,23.9,-0.04400000000000004,0.008000000000000007,-0.08200000000000007,8,True
1802,台玻,20240617,20240618,20.65,entered,True,20240618,19.9,-0.03631961259079908,0.016949152542373058,-0.03631961259079908,1,True,20240620,19.75,-0.04358353510895874,0.016949152542373058,-0.0556900726392251,3,True,20240624,19.35,-0.06295399515738487,0.016949152542373058,-0.07263922518159804,5,True,20240627,18.9,-0.0847457627118644,0.016949152542373058,-0.10411622276029053,8,True
1802,台玻,20250725,20250728,20.65,entered,True,20250728,22.35,0.08232445520581133,0.10411622276029076,-0.01210653753026636,1,True,20250730,21.75,0.053268765133172025,0.10411622276029076,-0.01210653753026636,3,True,20250801,25.0,0.21065375302663436,0.23486682808716708,-0.01210653753026636,5,True,20250806,23.35,0.13075060532687677,0.23486682808716708,-0.01210653753026636,8,True
1802,台玻,20251008,20251009,32.05,entered,True,20251009,31.75,-0.009360374414976502,0.018720748829953227,-0.02808112324492973,1,True,20251014,28.55,-0.1092043681747269,0.018720748829953227,-0.12168486739469575,3,True,20251016,29.25,-0.08736349453978154,0.018720748829953227,-0.1294851794071763,5,True,20251021,28.1,-0.12324492979719182,0.018720748829953227,-0.13104524180967225,8,True
1802,台玻,20251113,20251114,35.5,entered,True,20251114,35.0,-0.014084507042253502,0.04366197183098586,-0.018309859154929553,1,True,20251118,30.8,-0.13239436619718303,0.04507042253521121,-0.14084507042253525,3,True,20251120,34.25,-0.035211267605633756,0.04507042253521121,-0.14929577464788735,5,True,20251125,32.45,-0.08591549295774636,0.04507042253521121,-0.14929577464788735,8,True
1802,台玻,20260417,20260420,75.5,entered,True,20260420,70.9,-0.060927152317880706,0.0066225165562914245,-0.06754966887417213,1,True,20260422,70.9,-0.060927152317880706,0.018543046357615944,-0.06754966887417213,3,True,20260424,65.0,-0.13907284768211925,0.018543046357615944,-0.1642384105960265,5,True,20260429,66.2,-0.12317880794701985,0.018543046357615944,-0.18278145695364234,8,True
1808,潤隆,20251020,20251021,34.75,entered,True,20251021,35.95,0.03453237410071952,0.03884892086330938,-0.004316546762589857,1,True,20251023,36.0,0.03597122302158273,0.050359712230215736,-0.004316546762589857,3,True,20251028,36.15,0.04028776978417259,0.05899280575539567,-0.004316546762589857,5,True,20251031,38.0,0.09352517985611519,0.09352517985611519,-0.004316546762589857,8,True
1815,富喬,20240523,20240524,24.6,entered,True,20240524,25.9,0.05284552845528445,0.05691056910569103,-0.0487804878048782,1,True,20240528,25.15,0.022357723577235644,0.06504065040650397,-0.0487804878048782,3,True,20240530,25.85,0.05081300813008127,0.17682926829268286,-0.0487804878048782,5,True,20240604,26.5,0.0772357723577235,0.17682926829268286,-0.0487804878048782,8,True
1815,富喬,20250523,20250526,32.25,entered,True,20250526,32.5,0.007751937984496138,0.010852713178294726,-0.010852713178294615,1,True,20250528,35.3,0.09457364341085261,0.11627906976744184,-0.010852713178294615,3,True,20250602,34.9,0.08217054263565893,0.11627906976744184,-0.010852713178294615,5,True,20250605,39.2,0.21550387596899223,0.2310077519379845,-0.010852713178294615,8,True
1815,富喬,20250717,20250718,48.15,entered,True,20250718,46.1,-0.0425752855659397,0.012461059190031154,-0.06022845275181721,1,True,20250722,44.1,-0.08411214953271018,0.012461059190031154,-0.09968847352024912,3,True,20250724,45.0,-0.06542056074766356,0.012461059190031154,-0.09968847352024912,5,True,20250729,46.8,-0.028037383177570097,0.012461059190031154,-0.09968847352024912,8,True
1815,富喬,20251224,20251226,92.3,entered,True,20251226,92.6,0.003250270855904569,0.0455037919826653,-0.005417118093174467,1,True,20251230,96.9,0.04983748645720487,0.09967497291440952,-0.005417118093174467,3,True,20260102,90.7,-0.01733477789815807,0.09967497291440952,-0.018418201516793076,5,True,20260107,87.5,-0.05200433369447455,0.09967497291440952,-0.07258938244853741,8,True
1815,富喬,20260821,20260824,113.0,censored,False,20260824,107.5,-0.04867256637168138,0.022123893805309658,-0.053097345132743334,1,True,20260826,118.0,0.04424778761061954,0.053097345132743445,-0.09292035398230092,3,True,20260828,125.5,0.11061946902654873,0.1327433628318584,-0.09292035398230092,5,True,,,,,,0,False
1904,正隆,20260609,20260610,22.85,entered,True,20260610,23.15,0.013129102844638751,0.04814004376367609,-0.002188183807439903,1,True,20260612,22.9,0.002188183807439792,0.04814004376367609,-0.035010940919037226,3,True,20260616,23.05,0.008752735229759168,0.04814004376367609,-0.035010940919037226,5,True,20260622,22.55,-0.013129102844638973,0.04814004376367609,-0.035010940919037226,8,True
1905,華紙,20230703,20230704,30.0,entered,True,20230704,29.25,-0.025000000000000022,0.02499999999999991,-0.025000000000000022,1,True,20230706,28.25,-0.05833333333333335,0.02499999999999991,-0.06499999999999995,3,True,20230710,27.75,-0.07499999999999996,0.02499999999999991,-0.07833333333333337,5,True,20230713,26.8,-0.10666666666666669,0.02499999999999991,-0.12,8,True
1905,華紙,20231218,20231219,24.6,entered,True,20231219,25.3,0.028455284552845406,0.03252032520325199,-0.022357723577235755,1,True,20231221,24.55,-0.002032520325203291,0.03658536585365857,-0.022357723577235755,3,True,20231225,23.75,-0.03455284552845539,0.03658536585365857,-0.03658536585365857,5,True,20231228,23.8,-0.0325203252032521,0.03658536585365857,-0.0487804878048782,8,True
1905,華紙,20240927,20240930,22.1,entered,True,20240930,21.7,-0.018099547511312264,0.006787330316742057,-0.022624434389140302,1,True,20241004,21.0,-0.04977375565610864,0.006787330316742057,-0.06561085972850689,3,True,20241008,20.3,-0.08144796380090502,0.006787330316742057,-0.08371040723981904,5,True,20241014,19.35,-0.1244343891402715,0.006787330316742057,-0.12895927601809964,8,True
1907,永豐餘,20221114,20221115,27.95,entered,True,20221115,28.1,0.005366726296959001,0.028622540250447193,-0.007155635062611743,1,True,20221117,27.65,-0.01073345259391778,0.028622540250447193,-0.01073345259391778,3,True,20221121,27.6,-0.012522361359570633,0.028622540250447193,-0.03220035778175312,5,True,20221124,27.1,-0.030411449016100156,0.028622540250447193,-0.03935599284436486,8,True
1907,永豐餘,20230523,20230524,33.7,entered,True,20230524,33.95,0.007418397626112849,0.007418397626112849,-0.01928783382789334,1,True,20230526,32.2,-0.04451038575667654,0.007418397626112849,-0.04747774480712175,3,True,20230530,32.1,-0.04747774480712175,0.007418397626112849,-0.05934718100890213,5,True,20230602,33.3,-0.011869436201780603,0.007418397626112849,-0.07270029673590517,8,True
1907,永豐餘,20230626,20230627,38.7,entered,True,20230627,36.5,-0.05684754521963831,0.018087855297157507,-0.0620155038759691,1,True,20230629,37.5,-0.03100775193798455,0.018087855297157507,-0.07493540051679604,3,True,20230703,37.95,-0.019379844961240345,0.018087855297157507,-0.07493540051679604,5,True,20230706,36.95,-0.0452196382428941,0.018087855297157507,-0.07493540051679604,8,True
1907,永豐餘,20231201,20231204,32.75,entered,True,20231204,34.55,0.05496183206106853,0.05648854961832073,-0.010687022900763399,1,True,20231206,34.4,0.05038167938931304,0.07480916030534357,-0.010687022900763399,3,True,20231208,33.55,0.02442748091603053,0.07480916030534357,-0.010687022900763399,5,True,20231213,35.0,0.06870229007633588,0.07480916030534357,-0.010687022900763399,8,True
2002,中鋼,20240409,20240410,26.15,entered,True,20240410,25.6,-0.021032504780114647,0.003824091778202643,-0.02294455066921597,1,True,20240412,24.85,-0.04971319311663469,0.003824091778202643,-0.05162523900573601,3,True,20240416,24.25,-0.07265774378585077,0.003824091778202643,-0.0745697896749522,5,True,20240419,24.45,-0.06500956022944548,0.003824091778202643,-0.0745697896749522,8,True
2002,中鋼,20240927,20240930,23.45,entered,True,20240930,23.15,-0.01279317697228144,0.014925373134328401,-0.017057569296375252,1,True,20241004,23.7,0.010660980810234477,0.019189765458422103,-0.017057569296375252,3,True,20241008,23.7,0.010660980810234477,0.021321961620469176,-0.017057569296375252,5,True,20241014,22.35,-0.046908315565031944,0.021321961620469176,-0.05117270788912576,8,True
2002,中鋼,20250506,20250507,21.95,entered,True,20250507,21.55,-0.018223234624145768,0.006833712984054774,-0.02050113895216399,1,True,20250509,21.3,-0.029612756264236872,0.006833712984054774,-0.04783599088838275,3,True,20250513,21.4,-0.02505694760820054,0.006833712984054774,-0.04783599088838275,5,True,20250516,21.0,-0.0432801822323462,0.006833712984054774,-0.04783599088838275,8,True
2002,中鋼,20250723,20250724,19.75,entered,True,20250724,19.65,-0.005063291139240533,0.0025316455696202667,-0.0151898734177216,1,True,20250728,19.4,-0.017721518987341867,0.012658227848101333,-0.025316455696202556,3,True,20250730,19.8,0.0025316455696202667,0.012658227848101333,-0.027848101265822822,5,True,20250804,19.15,-0.03037974683544309,0.012658227848101333,-0.05063291139240511,8,True
2002,中鋼,20260129,20260130,20.8,entered,True,20260130,20.75,-0.0024038461538461453,0.03605769230769229,-0.021634615384615308,1,True,20260203,20.65,-0.007211538461538547,0.03846153846153855,-0.021634615384615308,3,True,20260205,20.95,0.007211538461538325,0.03846153846153855,-0.03125000000000011,5,True,20260210,20.5,-0.014423076923076983,0.03846153846153855,-0.03125000000000011,8,True
2006,東和鋼鐵,20220606,20220607,68.5,entered,True,20220607,69.3,0.011678832116788218,0.013138686131386912,-0.010218978102189857,1,True,20220609,70.0,0.021897810218978186,0.0262773722627736,-0.010218978102189857,3,True,20220613,68.5,0.0,0.0262773722627736,-0.010218978102189857,5,True,20220616,65.0,-0.051094890510948954,0.0262773722627736,-0.056934306569343174,8,True
2006,東和鋼鐵,20260305,20260306,80.0,entered,True,20260306,80.4,0.0050000000000001155,0.010000000000000009,-0.030000000000000027,1,True,20260310,81.6,0.020000000000000018,0.028750000000000053,-0.030000000000000027,3,True,20260312,81.0,0.012499999999999956,0.050000000000000044,-0.030000000000000027,5,True,20260317,76.6,-0.04250000000000009,0.050000000000000044,-0.04875000000000007,8,True
2006,東和鋼鐵,20260612,20260615,69.0,entered,True,20260615,69.0,0.0,0.021739130434782705,-0.007246376811594235,1,True,20260617,69.6,0.008695652173912993,0.021739130434782705,-0.01449275362318836,3,True,20260622,69.6,0.008695652173912993,0.02608695652173898,-0.01449275362318836,5,True,20260625,70.0,0.01449275362318847,0.04057971014492745,-0.01449275362318836,8,True
2009,第一銅,20240314,20240315,36.05,entered,True,20240315,37.45,0.038834951456310884,0.038834951456310884,-0.03883495145631066,1,True,20240319,36.0,-0.001386962552010984,0.11789181692094308,-0.03883495145631066,3,True,20240321,34.9,-0.03190013869625519,0.11789181692094308,-0.0568654646324549,5,True,20240326,36.15,0.00277392510402219,0.11789181692094308,-0.0568654646324549,8,True
2009,第一銅,20240401,20240402,40.0,entered,True,20240402,42.0,0.050000000000000044,0.07250000000000001,-0.03125,1,True,20240408,45.25,0.1312500000000001,0.1312500000000001,-0.03125,3,True,20240410,51.5,0.2875000000000001,0.3374999999999999,-0.03125,5,True,20240415,50.7,0.26750000000000007,0.4075,-0.03125,8,True
2009,第一銅,20260129,20260130,55.6,entered,True,20260130,50.1,-0.09892086330935257,0.021582733812949506,-0.1007194244604317,1,True,20260203,45.15,-0.18794964028776984,0.021582733812949506,-0.1942446043165469,3,True,20260205,44.5,-0.19964028776978415,0.021582733812949506,-0.19964028776978415,5,True,20260210,43.95,-0.20953237410071934,0.021582733812949506,-0.24640287769784175,8,True
2009,第一銅,20260824,20260825,42.1,censored,False,20260825,41.25,-0.02019002375296919,0.0011876484560569,-0.026128266033254244,1,True,20260827,41.8,-0.0071258907363421775,0.04988123515439424,-0.028503562945368266,3,True,20260831,,,0.04988123515439424,-0.028503562945368266,4,False,,,,,,0,False
2010,春源,20240429,20240430,22.5,entered,True,20240430,22.55,0.0022222222222223476,0.011111111111111072,-0.02444444444444449,1,True,20240503,22.55,0.0022222222222223476,0.01777777777777767,-0.02444444444444449,3,True,20240507,21.6,-0.039999999999999925,0.01777777777777767,-0.0444444444444444,5,True,20240510,21.1,-0.06222222222222218,0.01777777777777767,-0.07555555555555549,8,True
2014,中鴻,20221215,20221216,27.2,entered,True,20221216,27.5,0.011029411764705843,0.03308823529411775,-0.005514705882352922,1,True,20221220,24.7,-0.09191176470588236,0.03308823529411775,-0.09191176470588236,3,True,20221222,27.3,0.003676470588235281,0.03308823529411775,-0.09191176470588236,5,True,20221227,26.7,-0.018382352941176516,0.040441176470588314,-0.09191176470588236,8,True
2014,中鴻,20230918,20230919,24.8,entered,True,20230919,24.8,0.0,0.014112903225806273,-0.012096774193548376,1,True,20230921,24.3,-0.020161290322580627,0.01814516129032251,-0.028225806451612878,3,True,20230925,24.0,-0.032258064516129115,0.01814516129032251,-0.03629032258064524,5,True,20230928,22.55,-0.09072580645161288,0.01814516129032251,-0.09475806451612911,8,True
2014,中鴻,20231115,20231116,22.3,entered,True,20231116,22.45,0.006726457399103047,0.013452914798206317,-0.008968609865470767,1,True,20231120,22.2,-0.004484304932735439,0.022421524663677195,-0.011210762331838597,3,True,20231122,22.7,0.017937219730941534,0.047085201793722,-0.011210762331838597,5,True,20231127,23.25,0.04260089686098656,0.053811659192825045,-0.011210762331838597,8,True
2014,中鴻,20250224,20250225,23.0,entered,True,20250225,24.3,0.0565217391304349,0.06956521739130439,-0.006521739130434745,1,True,20250227,24.65,0.07173913043478253,0.10000000000000009,-0.006521739130434745,3,True,20250304,23.7,0.0304347826086957,0.10000000000000009,-0.008695652173912993,5,True,20250307,24.85,0.08043478260869574,0.13695652173913042,-0.008695652173912993,8,True
2020,美亞,20240515,20240516,42.05,entered,True,20240516,40.9,-0.02734839476813311,0.0,-0.030915576694411362,1,True,20240520,40.9,-0.02734839476813311,0.0,-0.04399524375743147,3,True,20240522,40.4,-0.03923900118906065,0.0,-0.04399524375743147,5,True,20240527,40.45,-0.03804994054696775,0.0,-0.06302021403091551,8,True
2027,大成鋼,20220818,20220819,40.9,entered,True,20220819,40.65,-0.006112469437652757,0.004889975550122383,-0.011002444987774918,1,True,20220823,39.85,-0.025672371638141733,0.004889975550122383,-0.03422982885085568,3,True,20220825,40.35,-0.013447432762836109,0.004889975550122383,-0.03422982885085568,5,True,20220830,39.7,-0.02933985330073341,0.004889975550122383,-0.05134474327628369,8,True
2027,大成鋼,20221114,20221115,41.4,entered,True,20221115,41.3,-0.0024154589371980784,0.009661835748792313,-0.007246376811594124,1,True,20221117,41.1,-0.007246376811594124,0.01690821256038655,-0.022946859903381522,3,True,20221121,40.15,-0.03019323671497587,0.01690821256038655,-0.050724637681159424,5,True,20221124,40.05,-0.03260869565217395,0.01690821256038655,-0.050724637681159424,8,True
2027,大成鋼,20221205,20221206,43.3,entered,True,20221206,42.8,-0.011547344110854452,0.011547344110854452,-0.016166281755196188,1,True,20221208,43.2,-0.002309468822170757,0.011547344110854452,-0.016166281755196188,3,True,20221212,42.45,-0.019630484988452546,0.011547344110854452,-0.04503464203233243,5,True,20221215,44.75,0.0334872979214782,0.04734411085450363,-0.04503464203233243,8,True
2027,大成鋼,20230605,20230606,47.0,entered,True,20230606,46.9,-0.0021276595744681437,0.0021276595744681437,-0.009574468085106425,1,True,20230608,47.25,0.005319148936170137,0.014893617021276562,-0.009574468085106425,3,True,20230612,46.95,-0.0010638297872339608,0.014893617021276562,-0.009574468085106425,5,True,20230615,47.95,0.02021276595744692,0.02021276595744692,-0.017021276595744594,8,True
2027,大成鋼,20230615,20230616,48.2,entered,True,20230616,48.35,0.003112033195020736,0.012448132780082943,-0.0020746887966804906,1,True,20230620,47.5,-0.014522821576763545,0.012448132780082943,-0.022821576763485507,3,True,20230626,47.6,-0.012448132780083054,0.012448132780082943,-0.025933609958506243,5,True,20230629,47.35,-0.01763485477178428,0.012448132780082943,-0.025933609958506243,8,True
2027,大成鋼,20230915,20230918,38.55,entered,True,20230918,38.7,0.0038910505836577958,0.011673151750972943,-0.0038910505836575737,1,True,20230920,38.4,-0.0038910505836575737,0.011673151750972943,-0.009079118028534228,3,True,20230922,38.15,-0.01037613488975353,0.011673151750972943,-0.027237354085603016,5,True,20230927,36.95,-0.04150453955901412,0.011673151750972943,-0.045395590142671804,8,True
2027,大成鋼,20231116,20231117,38.25,entered,True,20231117,38.1,-0.0039215686274509665,0.0039215686274509665,-0.010457516339869244,1,True,20231121,38.5,0.006535947712418277,0.009150326797385588,-0.010457516339869244,3,True,20231123,38.65,0.010457516339869244,0.01437908496732021,-0.010457516339869244,5,True,20231128,38.65,0.010457516339869244,0.01437908496732021,-0.010457516339869244,8,True
2027,大成鋼,20231215,20231218,39.95,entered,True,20231218,39.75,-0.005006257822277926,0.016270337922402955,-0.008760951188986232,1,True,20231220,39.7,-0.006257822277847325,0.016270337922402955,-0.03128911138923651,3,True,20231222,39.2,-0.018773466833541974,0.016270337922402955,-0.03128911138923651,5,True,20231227,39.35,-0.015018773466833557,0.016270337922402955,-0.03128911138923651,8,True
2027,大成鋼,20240321,20240322,37.85,entered,True,20240322,37.1,-0.019815059445178362,0.005284015852047519,-0.02774108322324975,1,True,20240326,36.45,-0.036988110964332854,0.005284015852047519,-0.04623513870541607,3,True,20240328,37.1,-0.019815059445178362,0.005284015852047519,-0.04623513870541607,5,True,20240402,36.1,-0.04623513870541607,0.005284015852047519,-0.05416116248348757,8,True
2027,大成鋼,20240409,20240410,37.8,entered,True,20240410,37.0,-0.021164021164021052,0.0,-0.023809523809523725,1,True,20240412,36.5,-0.034391534391534306,0.0,-0.03835978835978826,3,True,20240416,36.7,-0.02910052910052896,0.0,-0.03835978835978826,5,True,20240419,37.7,-0.002645502645502451,0.030423280423280685,-0.03835978835978826,8,True
2027,大成鋼,20240520,20240521,39.85,entered,True,20240521,40.05,0.005018820577164185,0.023839397741530544,-0.012547051442910906,1,True,20240523,39.35,-0.012547051442910906,0.023839397741530544,-0.04391468005018817,3,True,20240527,38.45,-0.035131744040150514,0.023839397741530544,-0.04516938519447944,5,True,20240530,37.95,-0.04767879548306142,0.023839397741530544,-0.04893350062735269,8,True
2027,大成鋼,20250211,20250212,44.4,entered,True,20250212,42.0,-0.05405405405405406,0.009009009009008917,-0.057432432432432345,1,True,20250214,43.5,-0.020270270270270285,0.011261261261261257,-0.057432432432432345,3,True,20250218,42.75,-0.03716216216216217,0.011261261261261257,-0.057432432432432345,5,True,20250221,44.2,-0.0045045045045044585,0.05855855855855863,-0.057432432432432345,8,True
2027,大成鋼,20250725,20250728,38.9,entered,True,20250728,37.8,-0.028277634961439646,0.006426735218509005,-0.06426735218508994,1,True,20250730,40.45,0.03984575835475579,0.041131105398457546,-0.06426735218508994,3,True,20250801,38.9,0.0,0.04755784061696655,-0.06426735218508994,5,True,20250806,39.95,0.026992287917738,0.04755784061696655,-0.06426735218508994,8,True
2027,大成鋼,20251014,20251015,39.5,entered,True,20251015,38.4,-0.027848101265822822,0.010126582278481067,-0.032911392405063244,1,True,20251017,38.7,-0.02025316455696191,0.010126582278481067,-0.032911392405063244,3,True,20251021,38.15,-0.03417721518987349,0.010126582278481067,-0.03544303797468351,5,True,20251027,37.7,-0.04556962025316447,0.010126582278481067,-0.055696202531645644,8,True
2027,大成鋼,20260126,20260127,38.05,entered,True,20260127,37.85,-0.00525624178712214,0.01182654402102501,-0.013140604467805517,1,True,20260129,40.2,0.05650459921156381,0.08015768725361383,-0.013140604467805517,3,True,20260202,38.5,0.01182654402102501,0.08015768725361383,-0.013140604467805517,5,True,20260205,37.6,-0.011826544021024898,0.08015768725361383,-0.013140604467805517,8,True
2027,大成鋼,20260514,20260515,40.05,entered,True,20260515,39.85,-0.004993757802746468,0.02871410736579283,-0.0074906367041197575,1,True,20260519,40.0,-0.0012484394506865337,0.02871410736579283,-0.019975031210986205,3,True,20260521,42.35,0.05742821473158566,0.05992509363295895,-0.019975031210986205,5,True,20260526,41.35,0.03245942571785276,0.11735330836454438,-0.019975031210986205,8,True
2030,彰源,20260623,20260624,19.85,entered,True,20260624,19.3,-0.027707808564231717,0.0,-0.032745591939546737,1,True,20260626,18.75,-0.055415617128463546,0.0,-0.057934508816121055,3,True,20260630,18.15,-0.08564231738035277,0.0,-0.09068010075566757,5,True,20260703,19.25,-0.030226700251889227,0.0,-0.10075566750629728,8,True
2030,彰源,20260824,20260825,22.8,censored,False,20260825,23.65,0.037280701754385914,0.04166666666666674,-0.002192982456140413,1,True,20260827,23.0,0.00877192982456143,0.04385964912280693,-0.002192982456140413,3,True,20260831,,,0.04385964912280693,-0.013157894736842146,4,False,,,,,,0,False
2031,新光鋼,20220325,20220328,67.0,entered,True,20220328,67.9,0.013432835820895717,0.013432835820895717,-0.020895522388059806,1,True,20220330,67.4,0.005970149253731405,0.013432835820895717,-0.03731343283582089,3,True,20220401,69.5,0.03731343283582089,0.0432835820895523,-0.03731343283582089,5,True,20220408,69.2,0.032835820895522394,0.09701492537313428,-0.03731343283582089,8,True
2031,新光鋼,20220812,20220815,38.4,entered,True,20220815,40.0,0.04166666666666674,0.05208333333333326,-0.01432291666666663,1,True,20220817,39.25,0.02213541666666674,0.05208333333333326,-0.01432291666666663,3,True,20220819,39.3,0.0234375,0.05208333333333326,-0.01432291666666663,5,True,20220824,39.05,0.01692708333333326,0.05208333333333326,-0.01432291666666663,8,True
2031,新光鋼,20230131,20230201,48.55,entered,True,20230201,47.9,-0.013388259526261548,0.00720906282183309,-0.029866117404737325,1,True,20230203,47.6,-0.019567456230689895,0.00720906282183309,-0.03810504634397516,3,True,20230207,47.05,-0.03089598352214218,0.00720906282183309,-0.044284243048403726,5,True,20230210,45.0,-0.07312049433573631,0.00720906282183309,-0.07312049433573631,8,True
2031,新光鋼,20231218,20231219,57.4,entered,True,20231219,60.1,0.04703832752613235,0.05226480836236935,-0.0331010452961672,1,True,20231221,61.7,0.07491289198606288,0.08013937282229966,-0.0331010452961672,3,True,20231225,60.5,0.054006968641115094,0.11149825783972123,-0.0331010452961672,5,True,20231228,58.2,0.013937282229965264,0.11149825783972123,-0.0331010452961672,8,True
2031,新光鋼,20240223,20240226,63.5,entered,True,20240226,65.6,0.03307086614173227,0.04251968503937009,0.0,1,True,20240229,66.8,0.051968503937007915,0.058267716535433056,0.0,3,True,20240304,66.2,0.04251968503937009,0.07874015748031504,0.0,5,True,20240307,64.5,0.015748031496062964,0.07874015748031504,0.0,8,True
2034,允強,20220728,20220729,28.75,entered,True,20220729,30.45,0.05913043478260871,0.05913043478260871,-0.006956521739130417,1,True,20220802,29.7,0.03304347826086951,0.07304347826086954,-0.006956521739130417,3,True,20220804,29.35,0.02086956521739136,0.07304347826086954,-0.008695652173912993,5,True,20220809,29.9,0.040000000000000036,0.07304347826086954,-0.008695652173912993,8,True
2038,海光,20230131,20230201,24.5,entered,True,20230201,23.9,-0.02448979591836742,0.006122448979591688,-0.03469387755102049,1,True,20230203,23.1,-0.05714285714285705,0.006122448979591688,-0.05714285714285705,3,True,20230207,23.3,-0.048979591836734615,0.006122448979591688,-0.0714285714285714,5,True,20230210,22.6,-0.0775510204081632,0.006122448979591688,-0.0775510204081632,8,True
2049,上銀,20230202,20230203,231.5,entered,True,20230203,229.5,-0.008639308855291628,0.00647948164146861,-0.01943844492440605,1,True,20230207,232.0,0.002159827213822796,0.012958963282937441,-0.030237580993520474,3,True,20230209,246.0,0.06263498920086397,0.08855291576673863,-0.030237580993520474,5,True,20230214,241.0,0.0410367170626349,0.08855291576673863,-0.030237580993520474,8,True
2049,上銀,20230221,20230222,248.0,entered,True,20230222,247.0,-0.0040322580645161255,0.010080645161290258,-0.012096774193548376,1,True,20230224,251.0,0.012096774193548487,0.016129032258064502,-0.028225806451612878,3,True,20230302,249.5,0.006048387096774244,0.02016129032258074,-0.028225806451612878,5,True,20230307,263.0,0.06048387096774199,0.092741935483871,-0.028225806451612878,8,True
2049,上銀,20230307,20230308,265.0,entered,True,20230308,261.5,-0.013207547169811318,0.026415094339622636,-0.024528301886792447,1,True,20230310,247.0,-0.06792452830188678,0.026415094339622636,-0.07169811320754715,3,True,20230314,241.5,-0.08867924528301885,0.026415094339622636,-0.10377358490566035,5,True,20230317,252.5,-0.047169811320754707,0.026415094339622636,-0.10377358490566035,8,True
2049,上銀,20230411,20230412,262.0,entered,True,20230412,261.5,-0.001908396946564861,0.007633587786259444,-0.007633587786259555,1,True,20230414,262.0,0.0,0.009541984732824416,-0.009541984732824416,3,True,20230418,255.0,-0.026717557251908386,0.009541984732824416,-0.03053435114503822,5,True,20230421,238.0,-0.09160305343511455,0.009541984732824416,-0.0992366412213741,8,True
2049,上銀,20241210,20241211,250.5,entered,True,20241211,252.5,0.007984031936127733,0.029940119760478945,-0.0119760479041916,1,True,20241213,248.0,-0.009980039920159722,0.029940119760478945,-0.0239520958083832,3,True,20241217,270.5,0.07984031936127733,0.07984031936127733,-0.0239520958083832,5,True,20241220,285.5,0.13972055888223545,0.18962075848303384,-0.0239520958083832,8,True
2049,上銀,20241223,20241224,301.5,entered,True,20241224,321.5,0.06633499170812596,0.09286898839137647,-0.0016583747927031434,1,True,20241226,320.0,0.06135986733001664,0.11940298507462677,-0.0016583747927031434,3,True,20241230,317.5,0.05306799336650081,0.11940298507462677,-0.0016583747927031434,5,True,20250103,303.0,0.004975124378109541,0.11940298507462677,-0.00995024875621886,8,True
2049,上銀,20251008,20251009,228.5,entered,True,20251009,224.5,-0.017505470459518557,0.015317286652078765,-0.017505470459518557,1,True,20251014,208.5,-0.08752735229759301,0.015317286652078765,-0.08752735229759301,3,True,20251016,210.0,-0.08096280087527352,0.015317286652078765,-0.09628008752735229,5,True,20251021,216.0,-0.054704595185995575,0.015317286652078765,-0.09628008752735229,8,True
2049,上銀,20260116,20260119,224.0,entered,True,20260119,230.0,0.02678571428571419,0.060267857142857206,-0.013392857142857095,1,True,20260121,231.5,0.033482142857142794,0.060267857142857206,-0.013392857142857095,3,True,20260123,231.0,0.03125,0.1071428571428572,-0.013392857142857095,5,True,20260128,259.5,0.1584821428571428,0.1830357142857142,-0.013392857142857095,8,True
2061,風青,20260527,20260528,32.9,entered,True,20260528,33.0,0.003039513677811634,0.03039513677811545,-0.006079027355622935,1,True,20260601,39.9,0.2127659574468086,0.2127659574468086,-0.006079027355622935,3,True,20260603,41.55,0.262917933130699,0.30395136778115495,-0.006079027355622935,5,True,20260608,35.85,0.08966565349544076,0.3662613981762919,-0.006079027355622935,8,True
2101,南港,20231228,20231229,42.9,entered,True,20231229,42.0,-0.020979020979020935,0.0,-0.02564102564102566,1,True,20240103,42.8,-0.002331002331002363,0.004662004662004726,-0.02564102564102566,3,True,20240105,45.55,0.061771561771561734,0.07109557109557119,-0.02564102564102566,5,True,20240110,43.0,0.002331002331002363,0.07808857808857805,-0.02564102564102566,8,True
2101,南港,20240409,20240410,42.5,entered,True,20240410,42.0,-0.0117647058823529,0.004705882352941337,-0.015294117647058791,1,True,20240412,46.7,0.09882352941176475,0.10352941176470587,-0.015294117647058791,3,True,20240416,46.2,0.08705882352941186,0.131764705882353,-0.015294117647058791,5,True,20240419,50.0,0.17647058823529416,0.1976470588235293,-0.015294117647058791,8,True
2101,南港,20240604,20240605,64.4,entered,True,20240605,63.4,-0.015527950310559091,0.012422360248447228,-0.02795031055900632,1,True,20240607,59.5,-0.07608695652173925,0.012422360248447228,-0.09627329192546585,3,True,20240612,57.0,-0.1149068322981367,0.012422360248447228,-0.11801242236024856,5,True,20240617,55.9,-0.13198757763975166,0.012422360248447228,-0.13509316770186341,8,True
2101,南港,20250825,20250826,40.4,entered,True,20250826,40.3,-0.0024752475247524774,0.014851485148514865,-0.014851485148514865,1,True,20250828,40.95,0.013613861386138737,0.03836633663366351,-0.016089108910891103,3,True,20250901,39.85,-0.013613861386138515,0.03836633663366351,-0.030940594059405968,5,True,20250904,,,0.03836633663366351,-0.030940594059405968,7,False
2103,台橡,20260511,20260512,21.1,entered,True,20260512,21.3,0.009478672985781866,0.023696682464454888,-0.0165876777251186,1,True,20260514,22.0,0.04265402843601884,0.06398104265402837,-0.0165876777251186,3,True,20260518,20.4,-0.03317535545023709,0.06398104265402837,-0.04739336492891,5,True,20260521,20.45,-0.03080568720379162,0.06398104265402837,-0.06872037914691953,8,True
2105,正新,20231011,20231012,44.9,entered,True,20231012,44.95,0.0011135857461026522,0.0055679287305121505,-0.020044543429844075,1,True,20231016,44.3,-0.013363028953229383,0.0055679287305121505,-0.027839643652561197,3,True,20231018,43.4,-0.03340757238307346,0.0055679287305121505,-0.04454342984409798,5,True,20231023,42.95,-0.04342984409799544,0.0055679287305121505,-0.05345211581291753,8,True
2105,正新,20231115,20231116,46.8,entered,True,20231116,45.9,-0.019230769230769162,0.008547008547008739,-0.03418803418803407,1,True,20231120,45.65,-0.024572649572649596,0.008547008547008739,-0.03418803418803407,3,True,20231122,46.2,-0.012820512820512664,0.008547008547008739,-0.03418803418803407,5,True,20231127,46.85,0.0010683760683760646,0.008547008547008739,-0.03418803418803407,8,True
2105,正新,20240314,20240315,47.7,entered,True,20240315,48.2,0.01048218029350112,0.01048218029350112,-0.010482180293501009,1,True,20240319,47.8,0.002096436058700135,0.05870020964360578,-0.010482180293501009,3,True,20240321,49.15,0.030398322851152848,0.05870020964360578,-0.010482180293501009,5,True,20240326,48.85,0.024109014675052443,0.05870020964360578,-0.010482180293501009,8,True
2105,正新,20240327,20240328,50.0,entered,True,20240328,49.7,-0.005999999999999894,0.0040000000000000036,-0.010999999999999899,1,True,20240401,49.75,-0.0050000000000000044,0.010000000000000009,-0.010999999999999899,3,True,20240403,48.7,-0.025999999999999912,0.010000000000000009,-0.03799999999999992,5,True,20240410,49.1,-0.018000000000000016,0.010000000000000009,-0.03799999999999992,8,True
2105,正新,20240513,20240514,51.9,entered,True,20240514,51.5,-0.0077071290944122905,0.005780346820809301,-0.019267822736030782,1,True,20240516,53.2,0.025048169556840083,0.028901734104046284,-0.019267822736030782,3,True,20240520,53.4,0.028901734104046284,0.032755298651252485,-0.019267822736030782,5,True,20240523,58.5,0.12716763005780352,0.1541425818882467,-0.019267822736030782,8,True
2201,裕隆,20220103,20220104,43.3,entered,True,20220104,43.25,-0.0011547344110853786,0.004618937644341958,-0.01385681293302532,1,True,20220106,43.6,0.006928406466512715,0.010392609699769073,-0.01385681293302532,3,True,20220110,43.3,0.0,0.01847575057736739,-0.01385681293302532,5,True,20220113,43.45,0.0034642032332565798,0.01847575057736739,-0.01732101616628179,8,True
2201,裕隆,20220601,20220602,45.95,entered,True,20220602,45.15,-0.017410228509249226,0.0043525571273121955,-0.021762785636561532,1,True,20220607,44.35,-0.03482045701849845,0.0043525571273121955,-0.04026115342763881,3,True,20220609,45.2,-0.016322089227421066,0.0043525571273121955,-0.04026115342763881,5,True,20220614,44.8,-0.02502720348204579,0.005440696409140466,-0.04134929270946697,8,True
2201,裕隆,20221115,20221116,50.7,entered,True,20221116,50.9,0.0039447731755424265,0.015779092702169484,-0.03451676528599601,1,True,20221118,49.2,-0.029585798816568087,0.027613412228796763,-0.04240631163708097,3,True,20221122,54.9,0.08284023668639051,0.09861932938856022,-0.04240631163708097,5,True,20221125,60.6,0.195266272189349,0.22287968441814598,-0.04240631163708097,8,True
2201,裕隆,20221125,20221128,60.8,entered,True,20221128,64.8,0.06578947368421062,0.06907894736842102,-0.009868421052631526,1,True,20221130,65.2,0.07236842105263164,0.16776315789473695,-0.009868421052631526,3,True,20221202,66.7,0.09703947368421062,0.16776315789473695,-0.009868421052631526,5,True,20221207,63.4,0.04276315789473695,0.16776315789473695,-0.009868421052631526,8,True
2201,裕隆,20230109,20230110,67.7,entered,True,20230110,67.2,-0.00738552437223039,0.01624815361890697,-0.011816838995568624,1,True,20230112,66.2,-0.02215657311669128,0.01624815361890697,-0.03545051698670609,3,True,20230116,69.2,0.02215657311669128,0.02215657311669128,-0.03545051698670609,5,True,20230131,82.9,0.22451994091580496,0.22451994091580496,-0.03545051698670609,8,True
2201,裕隆,20230117,20230130,74.0,entered,True,20230130,78.1,0.055405405405405395,0.055405405405405395,-0.005405405405405461,1,True,20230201,84.5,0.14189189189189189,0.14189189189189189,-0.005405405405405461,3,True,20230203,78.1,0.055405405405405395,0.14729729729729746,-0.005405405405405461,5,True,20230208,77.8,0.05135135135135127,0.14729729729729746,-0.005405405405405461,8,True
2201,裕隆,20230417,20230418,82.6,entered,True,20230418,85.7,0.037530266343825724,0.03874092009685226,-0.007263922518159771,1,True,20230420,82.0,-0.007263922518159771,0.04600484261501214,-0.05447941888619856,3,True,20230424,80.9,-0.020581113801452666,0.04600484261501214,-0.05447941888619856,5,True,20230427,80.5,-0.025423728813559254,0.04600484261501214,-0.05447941888619856,8,True
2201,裕隆,20230522,20230523,84.2,entered,True,20230523,83.7,-0.005938242280285055,0.016627078384797933,-0.014251781472684133,1,True,20230525,83.4,-0.009501187648455978,0.017814726840855055,-0.02137767220902609,3,True,20230529,82.8,-0.016627078384798155,0.017814726840855055,-0.02375296912114011,5,True,20230601,89.6,0.06413301662707838,0.1104513064133017,-0.02375296912114011,8,True
2201,裕隆,20240219,20240220,72.0,entered,True,20240220,70.9,-0.015277777777777724,0.001388888888888884,-0.015277777777777724,1,True,20240222,70.9,-0.015277777777777724,0.001388888888888884,-0.023611111111111138,3,True,20240226,70.6,-0.019444444444444486,0.005555555555555536,-0.023611111111111138,5,True,20240301,70.7,-0.01805555555555549,0.005555555555555536,-0.04861111111111116,8,True
2201,裕隆,20240927,20240930,60.1,entered,True,20240930,60.0,-0.0016638935108153063,0.011647254575707144,-0.014975041597337757,1,True,20241004,59.6,-0.008319467554076532,0.011647254575707144,-0.014975041597337757,3,True,20241008,59.0,-0.01830282861896837,0.011647254575707144,-0.02329450915141429,5,True,20241014,57.0,-0.05158069883527461,0.011647254575707144,-0.05490848585690522,8,True
2201,裕隆,20250916,20250917,35.1,entered,True,20250917,35.45,0.009971509971510084,0.017094017094017033,-0.002849002849002913,1,True,20250919,35.05,-0.0014245014245015675,0.03418803418803407,-0.002849002849002913,3,True,20250923,35.05,-0.0014245014245015675,0.03418803418803407,-0.002849002849002913,5,True,20250926,34.5,-0.017094017094017144,0.03418803418803407,-0.02279202279202286,8,True
2201,裕隆,20260603,20260604,29.2,entered,True,20260604,28.8,-0.013698630136986245,0.022260273972602773,-0.015410958904109595,1,True,20260608,27.4,-0.06164383561643838,0.022260273972602773,-0.0702054794520548,3,True,20260610,27.6,-0.05479452054794509,0.022260273972602773,-0.0702054794520548,5,True,20260615,28.1,-0.03767123287671226,0.022260273972602773,-0.0702054794520548,8,True
2204,中華,20230323,20230324,64.4,entered,True,20230324,64.6,0.0031055900621115295,0.004658385093167627,-0.017080745341615078,1,True,20230328,63.1,-0.02018633540372672,0.004658385093167627,-0.03260869565217406,3,True,20230330,63.9,-0.007763975155279601,0.004658385093167627,-0.03260869565217406,5,True,20230407,64.4,0.0,0.004658385093167627,-0.03260869565217406,8,True
2204,中華,20230413,20230414,66.6,entered,True,20230414,66.8,0.0030030030030030463,0.012012012012012185,-0.01501501501501501,1,True,20230418,69.8,0.048048048048048075,0.06606606606606613,-0.01501501501501501,3,True,20230420,75.0,0.12612612612612617,0.14714714714714727,-0.01501501501501501,5,True,20230425,76.1,0.1426426426426426,0.1726726726726726,-0.01501501501501501,8,True
2204,中華,20230525,20230526,92.6,entered,True,20230526,92.4,-0.002159827213822796,0.023758099352051865,-0.017278617710583144,1,True,20230530,92.2,-0.004319654427645703,0.05183585313174954,-0.017278617710583144,3,True,20230601,95.9,0.0356371490280778,0.06371490280777548,-0.017278617710583144,5,True,20230606,99.5,0.0745140388768899,0.11231101511879049,-0.017278617710583144,8,True
2204,中華,20231206,20231207,112.5,entered,True,20231207,112.0,-0.004444444444444473,0.03111111111111109,-0.008888888888888835,1,True,20231211,121.0,0.0755555555555556,0.0755555555555556,-0.01777777777777778,3,True,20231213,121.5,0.08000000000000007,0.12888888888888883,-0.01777777777777778,5,True,20231218,115.5,0.026666666666666616,0.12888888888888883,-0.01777777777777778,8,True
2204,中華,20240216,20240219,123.5,entered,True,20240219,120.5,-0.02429149797570851,0.00809716599190291,-0.028340080971659964,1,True,20240221,123.0,-0.004048582995951455,0.00809716599190291,-0.04453441295546556,3,True,20240223,121.0,-0.020242914979757054,0.012145748987854255,-0.04453441295546556,5,True,20240229,125.5,0.0161943319838056,0.0161943319838056,-0.04453441295546556,8,True
2204,中華,20240306,20240307,133.5,entered,True,20240307,132.0,-0.011235955056179803,0.02621722846441954,-0.0337078651685393,1,True,20240311,127.0,-0.048689138576779034,0.02621722846441954,-0.0561797752808989,3,True,20240313,122.5,-0.08239700374531833,0.02621722846441954,-0.11610486891385763,5,True,20240318,133.5,0.0,0.02621722846441954,-0.11610486891385763,8,True
2204,中華,20240412,20240415,148.0,entered,True,20240415,146.5,-0.010135135135135087,0.013513513513513598,-0.013513513513513487,1,True,20240417,145.0,-0.020270270270270285,0.013513513513513598,-0.07770270270270274,3,True,20240419,130.0,-0.1216216216216216,0.013513513513513598,-0.1351351351351351,5,True,20240424,138.5,-0.06418918918918914,0.013513513513513598,-0.1351351351351351,8,True
2206,三陽工業,20240226,20240227,75.4,entered,True,20240227,73.7,-0.022546419098143256,0.0,-0.02785145888594176,1,True,20240301,78.2,0.037135278514588865,0.04774535809018565,-0.02785145888594176,3,True,20240305,77.0,0.021220159151193574,0.06366047745358094,-0.02785145888594176,5,True,20240308,74.5,-0.011936339522546469,0.06366047745358094,-0.02785145888594176,8,True
2208,台船,20230217,20230220,21.75,entered,True,20230220,23.25,0.06896551724137923,0.07586206896551717,-0.006896551724137834,1,True,20230222,24.2,0.11264367816091947,0.14022988505747125,-0.006896551724137834,3,True,20230224,23.55,0.08275862068965512,0.14252873563218404,-0.006896551724137834,5,True,20230303,22.9,0.05287356321839076,0.14252873563218404,-0.006896551724137834,8,True
2208,台船,20230412,20230413,25.0,entered,True,20230413,26.85,0.07400000000000007,0.07400000000000007,-0.0040000000000000036,1,True,20230417,28.0,0.1200000000000001,0.1379999999999999,-0.0040000000000000036,3,True,20230419,26.35,0.05400000000000005,0.1379999999999999,-0.0040000000000000036,5,True,20230424,26.2,0.04800000000000004,0.1379999999999999,-0.0040000000000000036,8,True
2208,台船,20250829,20250901,21.0,entered,True,20250901,19.55,-0.06904761904761902,0.021428571428571352,-0.08095238095238089,1,True,20250903,20.6,-0.01904761904761898,0.021428571428571352,-0.1357142857142858,3,True,20250905,24.85,0.18333333333333335,0.18571428571428572,-0.1357142857142858,5,True,20250910,28.2,0.34285714285714275,0.34285714285714275,-0.1357142857142858,8,True
2208,台船,20260113,20260114,21.3,entered,True,20260114,21.6,0.014084507042253502,0.016431924882629012,-0.021126760563380254,1,True,20260116,21.5,0.009389671361502261,0.025821596244131495,-0.021126760563380254,3,True,20260120,22.7,0.06572769953051627,0.07981220657277,-0.021126760563380254,5,True,20260123,22.1,0.03755868544600949,0.11502347417840375,-0.021126760563380254,8,True
2231,為升,20250908,20250909,142.0,entered,True,20250909,134.5,-0.052816901408450745,0.0035211267605634866,-0.07746478873239437,1,True,20250911,147.0,0.035211267605633756,0.059859154929577496,-0.07746478873239437,3,True,20250915,134.5,-0.052816901408450745,0.059859154929577496,-0.07746478873239437,5,True,20250918,125.0,-0.11971830985915488,0.059859154929577496,-0.12323943661971826,8,True
2231,為升,20260422,20260423,143.0,entered,True,20260423,135.5,-0.05244755244755239,0.020979020979021046,-0.10139860139860135,1,True,20260427,126.5,-0.11538461538461542,0.020979020979021046,-0.12587412587412583,3,True,20260429,120.5,-0.1573426573426573,0.020979020979021046,-0.16083916083916083,5,True,20260505,118.0,-0.1748251748251748,0.020979020979021046,-0.18181818181818177,8,True
2233,宇隆,20260521,20260522,345.0,entered,True,20260522,347.0,0.005797101449275255,0.07971014492753614,-0.020289855072463725,1,True,20260526,377.0,0.09275362318840585,0.1420289855072463,-0.020289855072463725,3,True,20260528,351.5,0.018840579710144967,0.1420289855072463,-0.020289855072463725,5,True,20260602,329.0,-0.04637681159420293,0.1420289855072463,-0.07391304347826089,8,True
2241,艾姆勒,20260609,20260610,39.7,entered,True,20260610,41.55,0.04659949622166226,0.07556675062972285,-0.0025188916876575096,1,True,20260612,43.1,0.08564231738035266,0.10075566750629728,-0.021410579345088165,3,True,20260616,43.3,0.09068010075566746,0.1536523929471032,-0.021410579345088165,5,True,20260622,51.6,0.2997481108312341,0.38539042821158676,-0.021410579345088165,8,True
2243,宏旭-KY,20241008,20241009,29.9,entered,True,20241009,27.95,-0.06521739130434778,0.02006688963210701,-0.07525083612040129,1,True,20241014,23.3,-0.22073578595317722,0.02006688963210701,-0.23578595317725748,3,True,20241016,23.0,-0.23076923076923073,0.02006688963210701,-0.24080267558528423,5,True,20241021,23.35,-0.21906354515050164,0.02006688963210701,-0.24749163879598657,8,True
2301,光寶科,20230531,20230601,87.8,entered,True,20230601,86.2,-0.018223234624145768,0.004555808656036442,-0.018223234624145768,1,True,20230605,96.0,0.09339407744874717,0.09339407744874717,-0.018223234624145768,3,True,20230607,96.2,0.0956719817767655,0.11047835990888388,-0.018223234624145768,5,True,20230612,103.0,0.17312072892938501,0.21867881548974943,-0.018223234624145768,8,True
2301,光寶科,20240320,20240321,126.0,entered,True,20240321,123.5,-0.019841269841269882,0.0,-0.02777777777777779,1,True,20240325,119.0,-0.05555555555555558,0.0,-0.06349206349206349,3,True,20240327,112.5,-0.1071428571428571,0.0,-0.11111111111111116,5,True,20240401,100.0,-0.2063492063492064,0.0,-0.21111111111111103,8,True
2301,光寶科,20240704,20240705,110.5,entered,True,20240705,107.0,-0.03167420814479638,0.004524886877828038,-0.03167420814479638,1,True,20240709,107.0,-0.03167420814479638,0.004524886877828038,-0.04977375565610864,3,True,20240711,109.5,-0.009049773755656076,0.009049773755656076,-0.04977375565610864,5,True,20240716,111.0,0.004524886877828038,0.009049773755656076,-0.04977375565610864,8,True
2301,光寶科,20241111,20241112,107.0,entered,True,20241112,105.0,-0.01869158878504673,0.009345794392523255,-0.01869158878504673,1,True,20241114,105.0,-0.01869158878504673,0.009345794392523255,-0.01869158878504673,3,True,20241118,100.5,-0.06074766355140182,0.009345794392523255,-0.06074766355140182,5,True,20241121,103.5,-0.032710280373831724,0.009345794392523255,-0.06074766355140182,8,True
2301,光寶科,20250604,20250605,106.0,entered,True,20250605,106.0,0.0,0.014150943396226356,-0.009433962264150941,1,True,20250609,105.5,-0.004716981132075526,0.014150943396226356,-0.014150943396226467,3,True,20250611,106.0,0.0,0.014150943396226356,-0.018867924528301883,5,True,20250616,108.5,0.02358490566037741,0.02358490566037741,-0.018867924528301883,8,True
2301,光寶科,20250703,20250704,115.0,entered,True,20250704,113.5,-0.013043478260869601,0.01304347826086949,-0.021739130434782594,1,True,20250708,114.5,-0.004347826086956497,0.01304347826086949,-0.0304347826086957,3,True,20250710,117.5,0.021739130434782705,0.026086956521739202,-0.0304347826086957,5,True,20250715,117.0,0.017391304347825987,0.0304347826086957,-0.0304347826086957,8,True
2301,光寶科,20260421,20260422,172.0,entered,True,20260422,176.0,0.023255813953488413,0.03488372093023262,-0.011627906976744207,1,True,20260424,169.5,-0.014534883720930258,0.05232558139534893,-0.06686046511627908,3,True,20260428,172.5,0.0029069767441860517,0.05232558139534893,-0.06686046511627908,5,True,20260504,171.5,-0.0029069767441860517,0.05232558139534893,-0.06686046511627908,8,True
2301,光寶科,20260825,20260826,295.0,censored,False,20260826,307.0,0.04067796610169494,0.05932203389830515,-0.013559322033898313,1,True,20260828,317.5,0.07627118644067798,0.09152542372881345,-0.013559322033898313,3,True,,,,,,0,False,,,,,,0,False
2303,聯電,20221115,20221116,46.9,entered,True,20221116,45.25,-0.03518123667377393,0.0,-0.039445628997867854,1,True,20221118,45.6,-0.02771855010660973,0.0,-0.056503198294242996,3,True,20221122,46.1,-0.017057569296375252,0.0,-0.056503198294242996,5,True,20221125,45.8,-0.023454157782516027,0.0,-0.056503198294242996,8,True
2303,聯電,20230117,20230130,47.95,entered,True,20230130,48.8,0.017726798748696426,0.017726798748696426,-0.009384775808133572,1,True,20230201,49.25,0.027111574556829998,0.03232533889468181,-0.009384775808133572,3,True,20230203,50.1,0.044838373305526646,0.05318039624608972,-0.009384775808133572,5,True,20230208,50.5,0.05318039624608972,0.05735140771637126,-0.009384775808133572,8,True
2303,聯電,20231227,20231228,54.3,entered,True,20231228,52.5,-0.03314917127071815,0.009208103130755152,-0.03314917127071815,1,True,20240102,51.9,-0.04419889502762431,0.009208103130755152,-0.05524861878453036,3,True,20240104,50.8,-0.06445672191528551,0.009208103130755152,-0.07550644567219145,5,True,20240109,50.1,-0.07734806629834245,0.009208103130755152,-0.07734806629834245,8,True
2303,聯電,20240308,20240311,52.0,entered,True,20240311,51.6,-0.007692307692307665,0.007692307692307665,-0.023076923076923106,1,True,20240313,53.0,0.019230769230769162,0.023076923076923217,-0.023076923076923106,3,True,20240315,51.9,-0.0019230769230769162,0.023076923076923217,-0.023076923076923106,5,True,20240320,52.9,0.017307692307692246,0.044230769230769074,-0.023076923076923106,8,True
2303,聯電,20240319,20240320,53.6,entered,True,20240320,52.9,-0.013059701492537323,0.013059701492537323,-0.014925373134328401,1,True,20240322,52.4,-0.022388059701492602,0.013059701492537323,-0.02985074626865669,3,True,20240326,51.7,-0.035447761194029814,0.013059701492537323,-0.052238805970149294,5,True,20240329,52.2,-0.026119402985074647,0.013059701492537323,-0.052238805970149294,8,True
2303,聯電,20240522,20240523,55.4,entered,True,20240523,56.0,0.010830324909747224,0.010830324909747224,-0.012635379061371799,1,True,20240527,56.6,0.02166064981949467,0.045126353790613694,-0.014440433212996373,3,True,20240529,55.9,0.00902527075812265,0.045126353790613694,-0.014440433212996373,5,True,20240603,55.0,-0.0072202166064981865,0.045126353790613694,-0.014440433212996373,8,True
2303,聯電,20250521,20250522,49.45,entered,True,20250522,49.45,0.0,0.00707785642062686,-0.011122345803842304,1,True,20250526,47.1,-0.04752275025278063,0.00707785642062686,-0.04752275025278063,3,True,20250528,47.05,-0.04853387259858455,0.00707785642062686,-0.06976744186046513,5,True,20250603,47.25,-0.044489383215369105,0.00707785642062686,-0.07178968655207285,8,True
2303,聯電,20250904,20250905,41.85,entered,True,20250905,41.2,-0.015531660692950977,0.0011947431302268274,-0.019115890083632125,1,True,20250909,41.45,-0.009557945041815952,0.0011947431302268274,-0.019115890083632125,3,True,20250911,40.9,-0.022700119474313052,0.0011947431302268274,-0.022700119474313052,5,True,20250916,41.05,-0.019115890083632125,0.0011947431302268274,-0.022700119474313052,8,True
2303,聯電,20250919,20250922,43.9,entered,True,20250922,43.05,-0.019362186788154934,0.001138952164009277,-0.02050113895216399,1,True,20250924,44.85,0.021640091116173155,0.03189066059225509,-0.02050113895216399,3,True,20250926,44.85,0.021640091116173155,0.03189066059225509,-0.02050113895216399,5,True,20251002,43.8,-0.002277904328018221,0.07744874715261951,-0.02050113895216399,8,True
2303,聯電,20251103,20251104,48.75,entered,True,20251104,47.4,-0.027692307692307683,0.0,-0.032820512820512904,1,True,20251106,45.8,-0.060512820512820586,0.0,-0.06153846153846154,3,True,20251110,45.2,-0.07282051282051272,0.0,-0.078974358974359,5,True,20251113,44.45,-0.08820512820512816,0.0,-0.08820512820512816,8,True
2303,聯電,20260116,20260119,60.3,entered,True,20260119,62.5,0.036484245439469376,0.05306799336650081,-0.02487562189054726,1,True,20260121,68.4,0.1343283582089554,0.19237147595356574,-0.02487562189054726,3,True,20260123,64.8,0.07462686567164178,0.19237147595356574,-0.02487562189054726,5,True,20260128,75.9,0.2587064676616917,0.32172470978441137,-0.02487562189054726,8,True
2303,聯電,20260420,20260421,78.0,entered,True,20260421,76.2,-0.023076923076922995,0.0064102564102563875,-0.05128205128205132,1,True,20260423,73.6,-0.05641025641025643,0.023076923076922995,-0.08205128205128209,3,True,20260427,72.7,-0.06794871794871793,0.023076923076922995,-0.09358974358974359,5,True,20260430,77.3,-0.008974358974359053,0.03717948717948727,-0.09358974358974359,8,True
2308,台達電,20221111,20221114,284.5,entered,True,20221114,285.5,0.0035149384885764245,0.010544815465729274,-0.007029876977152849,1,True,20221116,288.5,0.014059753954305698,0.033391915641476366,-0.007029876977152849,3,True,20221118,293.0,0.02987697715289972,0.040421792618629215,-0.007029876977152849,5,True,20221123,295.5,0.03866432337434089,0.04569420035149374,-0.007029876977152849,8,True
2308,台達電,20230414,20230417,315.5,entered,True,20230417,310.0,-0.017432646592709933,0.0,-0.023771790808240878,1,True,20230419,305.5,-0.031695721077654504,0.0,-0.03486529318541998,3,True,20230421,303.0,-0.03961965134706813,0.0,-0.045958795562599075,5,True,20230426,294.0,-0.06814580031695716,0.0,-0.08082408874801905,8,True
2308,台達電,20230526,20230529,324.0,entered,True,20230529,315.5,-0.026234567901234573,0.0,-0.029320987654321007,1,True,20230531,316.5,-0.02314814814814814,0.0,-0.03703703703703709,3,True,20230602,315.0,-0.02777777777777779,0.0,-0.04166666666666663,5,True,20230607,328.5,0.01388888888888884,0.016975308641975273,-0.04166666666666663,8,True
2308,台達電,20230607,20230608,331.0,entered,True,20230608,325.0,-0.01812688821752262,0.0,-0.024169184290030232,1,True,20230612,336.0,0.015105740181268867,0.03625377643504524,-0.024169184290030232,3,True,20230614,353.0,0.06646525679758297,0.07703927492447127,-0.024169184290030232,5,True,20230619,375.5,0.1344410876132931,0.1631419939577039,-0.024169184290030232,8,True
2308,台達電,20240308,20240311,312.5,entered,True,20240311,308.0,-0.014399999999999968,0.0016000000000000458,-0.027200000000000002,1,True,20240313,314.5,0.006399999999999961,0.016000000000000014,-0.027200000000000002,3,True,20240315,303.0,-0.030399999999999983,0.016000000000000014,-0.03520000000000001,5,True,20240320,316.0,0.011200000000000099,0.0351999999999999,-0.03520000000000001,8,True
2308,台達電,20240321,20240322,348.0,entered,True,20240322,358.0,0.028735632183908066,0.04885057471264376,-0.001436781609195359,1,True,20240326,343.5,-0.012931034482758674,0.04885057471264376,-0.025862068965517238,3,True,20240328,342.5,-0.015804597701149392,0.04885057471264376,-0.030172413793103425,5,True,20240402,338.0,-0.028735632183908066,0.04885057471264376,-0.054597701149425304,8,True
2308,台達電,20240527,20240528,353.0,entered,True,20240528,346.5,-0.018413597733711096,0.0028328611898016387,-0.019830028328611915,1,True,20240530,330.0,-0.06515580736543913,0.0028328611898016387,-0.06515580736543913,3,True,20240603,337.0,-0.04532577903682722,0.0028328611898016387,-0.0821529745042493,5,True,20240606,345.0,-0.022662889518413554,0.0028328611898016387,-0.0821529745042493,8,True
2308,台達電,20240619,20240620,368.5,entered,True,20240620,369.5,0.0027137042062415073,0.006784260515603879,-0.012211668928086894,1,True,20240624,376.5,0.02170963364993206,0.05156037991858886,-0.014925373134328401,3,True,20240626,385.0,0.04477611940298498,0.0651289009497964,-0.014925373134328401,5,True,20240701,390.5,0.05970149253731338,0.07462686567164178,-0.014925373134328401,8,True
2308,台達電,20241211,20241212,412.0,entered,True,20241212,417.0,0.012135922330097193,0.02184466019417486,0.0,1,True,20241216,426.0,0.03398058252427183,0.04975728155339798,0.0,3,True,20241218,425.5,0.03276699029126218,0.04975728155339798,0.0,5,True,20241223,420.0,0.01941747572815533,0.04975728155339798,-0.012135922330097082,8,True
2308,台達電,20250710,20250711,471.0,entered,True,20250711,483.0,0.02547770700636942,0.043524416135881205,0.0,1,True,20250715,494.0,0.04883227176220806,0.05307855626326963,0.0,3,True,20250717,499.0,0.05944798301486198,0.08917197452229297,0.0,5,True,20250722,513.0,0.08917197452229297,0.13163481953290868,0.0,8,True
2312,金寶,20241017,20241018,26.25,entered,True,20241018,26.15,-0.003809523809523818,0.017142857142857126,-0.0323809523809524,1,True,20241022,25.3,-0.03619047619047622,0.017142857142857126,-0.04380952380952374,3,True,20241024,24.15,-0.08000000000000007,0.017142857142857126,-0.08190476190476181,5,True,20241029,25.05,-0.04571428571428571,0.017142857142857126,-0.08190476190476181,8,True
2312,金寶,20241106,20241107,27.7,entered,True,20241107,27.25,-0.016245487364620947,0.028880866425992746,-0.02527075812274371,1,True,20241111,26.3,-0.050541516245487306,0.028880866425992746,-0.050541516245487306,3,True,20241113,26.95,-0.027075812274368283,0.028880866425992746,-0.07942238267148016,5,True,20241118,27.7,0.0,0.05956678700361029,-0.07942238267148016,8,True
2312,金寶,20251007,20251008,20.45,entered,True,20251008,20.1,-0.017114914425427785,0.0,-0.022004889975550057,1,True,20251013,22.05,0.07823960880195613,0.07823960880195613,-0.044009779951100225,3,True,20251015,22.2,0.08557457212713926,0.158924205378973,-0.044009779951100225,5,True,20251020,21.9,0.07090464547677255,0.158924205378973,-0.044009779951100225,8,True
2313,華通,20220325,20220328,53.0,entered,True,20220328,52.8,-0.0037735849056603765,0.009433962264151052,-0.030188679245283012,1,True,20220330,49.5,-0.06603773584905659,0.009433962264151052,-0.07830188679245276,3,True,20220401,48.45,-0.08584905660377351,0.009433962264151052,-0.09716981132075464,5,True,20220408,46.65,-0.11981132075471701,0.009433962264151052,-0.13490566037735852,8,True
2313,華通,20221111,20221114,48.1,entered,True,20221114,47.4,-0.01455301455301461,0.0010395010395010118,-0.02079002079002079,1,True,20221116,48.15,0.0010395010395010118,0.004158004158004047,-0.02598752598752596,3,True,20221118,48.4,0.006237006237006071,0.032224532224532254,-0.02598752598752596,5,True,20221123,48.05,-0.0010395010395011228,0.032224532224532254,-0.02598752598752596,8,True
2313,華通,20230705,20230706,46.1,entered,True,20230706,45.5,-0.013015184381778733,0.0032537960954446277,-0.015184381778741929,1,True,20230710,44.85,-0.027114967462039008,0.0032537960954446277,-0.03253796095444683,3,True,20230712,45.75,-0.007592190889370909,0.0032537960954446277,-0.03253796095444683,5,True,20230717,48.5,0.05206073752711493,0.07158351409978292,-0.03253796095444683,8,True
2313,華通,20230918,20230919,58.0,entered,True,20230919,56.9,-0.018965517241379293,0.04827586206896539,-0.024137931034482696,1,True,20230921,55.5,-0.0431034482758621,0.04827586206896539,-0.06206896551724139,3,True,20230925,54.7,-0.05689655172413788,0.04827586206896539,-0.06206896551724139,5,True,20230928,53.0,-0.08620689655172409,0.04827586206896539,-0.08965517241379317,8,True
2313,華通,20231113,20231114,59.1,entered,True,20231114,57.7,-0.02368866328257191,0.0033840947546530664,-0.030456852791878264,1,True,20231116,57.2,-0.032148900169204686,0.0033840947546530664,-0.04737732656514393,3,True,20231120,63.0,0.0659898477157359,0.07275803722504226,-0.04737732656514393,5,True,20231123,64.9,0.09813874788494092,0.143824027072758,-0.04737732656514393,8,True
2313,華通,20231120,20231121,64.0,entered,True,20231121,64.5,0.0078125,0.05624999999999991,-0.010937500000000044,1,True,20231123,64.9,0.014062500000000089,0.05624999999999991,-0.0234375,3,True,20231127,69.7,0.08906250000000004,0.11562500000000009,-0.0234375,5,True,20231130,73.3,0.14531249999999996,0.1937500000000001,-0.0234375,8,True
2313,華通,20240627,20240628,82.2,entered,True,20240628,81.4,-0.009732360097323589,0.007299270072992581,-0.018248175182481785,1,True,20240702,78.1,-0.04987834549878356,0.007299270072992581,-0.08759124087591241,3,True,20240704,82.3,0.001216545012165282,0.007299270072992581,-0.08759124087591241,5,True,20240709,86.1,0.04744525547445244,0.0888077858880778,-0.08759124087591241,8,True
2313,華通,20240708,20240709,86.4,entered,True,20240709,86.1,-0.003472222222222321,0.01388888888888884,-0.02777777777777779,1,True,20240711,90.3,0.04513888888888884,0.06944444444444442,-0.02777777777777779,3,True,20240715,85.7,-0.00810185185185186,0.06944444444444442,-0.02777777777777779,5,True,20240718,82.9,-0.0405092592592593,0.06944444444444442,-0.05555555555555569,8,True
2313,華通,20241211,20241212,67.5,entered,True,20241212,68.0,0.007407407407407307,0.028148148148148255,-0.016296296296296253,1,True,20241216,67.3,-0.002962962962963056,0.028148148148148255,-0.016296296296296253,3,True,20241218,70.7,0.04740740740740734,0.07407407407407418,-0.016296296296296253,5,True,20241223,69.1,0.02370370370370356,0.07407407407407418,-0.016296296296296253,8,True
2313,華通,20250811,20250812,69.3,entered,True,20250812,69.2,-0.0014430014430013571,0.0043290043290042934,-0.01298701298701288,1,True,20250814,77.7,0.12121212121212133,0.12842712842712856,-0.01298701298701288,3,True,20250818,76.0,0.0966810966810967,0.12842712842712856,-0.01298701298701288,5,True,20250821,75.2,0.08513708513708518,0.12842712842712856,-0.01298701298701288,8,True
2313,華通,20251215,20251216,89.0,entered,True,20251216,86.3,-0.030337078651685445,0.038202247191011285,-0.0393258426966292,1,True,20251218,91.4,0.026966292134831482,0.10224719101123592,-0.0393258426966292,3,True,20251222,96.5,0.08426966292134841,0.10224719101123592,-0.0393258426966292,5,True,20251226,98.8,0.11011235955056176,0.1741573033707866,-0.0393258426966292,8,True
2313,華通,20251223,20251224,102.5,entered,True,20251224,99.0,-0.034146341463414664,0.009756097560975618,-0.03804878048780491,1,True,20251229,96.6,-0.05756097560975615,0.009756097560975618,-0.06243902439024396,3,True,20251231,93.1,-0.09170731707317081,0.009756097560975618,-0.10243902439024388,5,True,20260106,103.5,0.009756097560975618,0.009756097560975618,-0.10731707317073169,8,True
2316,楠梓電,20240306,20240307,42.0,entered,True,20240307,39.9,-0.050000000000000044,0.021428571428571352,-0.05714285714285716,1,True,20240311,41.0,-0.023809523809523836,0.021428571428571352,-0.08095238095238089,3,True,20240313,41.2,-0.01904761904761898,0.021428571428571352,-0.08095238095238089,5,True,20240318,43.25,0.029761904761904656,0.029761904761904656,-0.08095238095238089,8,True
2316,楠梓電,20240408,20240409,46.75,entered,True,20240409,46.35,-0.00855614973262031,0.0,-0.034224598930481354,1,True,20240411,44.2,-0.05454545454545445,0.031016042780748654,-0.05561497326203213,3,True,20240415,43.3,-0.07379679144385032,0.031016042780748654,-0.0770053475935829,5,True,20240418,41.45,-0.11336898395721917,0.031016042780748654,-0.1336898395721925,8,True
2316,楠梓電,20240603,20240604,48.0,entered,True,20240604,46.85,-0.023958333333333304,0.02083333333333326,-0.03125,1,True,20240606,45.7,-0.04791666666666661,0.02083333333333326,-0.054166666666666696,3,True,20240611,45.75,-0.046875,0.02083333333333326,-0.054166666666666696,5,True,20240614,49.5,0.03125,0.03541666666666665,-0.05729166666666663,8,True
2316,楠梓電,20240614,20240617,49.8,entered,True,20240617,48.55,-0.025100401606425682,0.004016064257028162,-0.04518072289156627,1,True,20240619,54.0,0.08433734939759052,0.08433734939759052,-0.04518072289156627,3,True,20240621,60.4,0.21285140562248994,0.25903614457831337,-0.04518072289156627,5,True,20240626,57.7,0.15863453815261064,0.25903614457831337,-0.04518072289156627,8,True
2317,鴻海,20220531,20220601,112.5,entered,True,20220601,114.5,0.01777777777777767,0.03111111111111109,-0.004444444444444473,1,True,20220606,115.5,0.026666666666666616,0.03111111111111109,-0.004444444444444473,3,True,20220608,114.0,0.01333333333333342,0.03111111111111109,-0.004444444444444473,5,True,20220613,111.5,-0.008888888888888835,0.03111111111111109,-0.013333333333333308,8,True
2317,鴻海,20220811,20220812,113.0,entered,True,20220812,112.5,-0.004424778761061954,0.008849557522123908,-0.008849557522123908,1,True,20220816,111.0,-0.017699115044247815,0.008849557522123908,-0.02212389380530977,3,True,20220818,112.0,-0.008849557522123908,0.008849557522123908,-0.02212389380530977,5,True,20220823,110.0,-0.026548672566371723,0.008849557522123908,-0.030973451327433676,8,True
2317,鴻海,20230612,20230613,111.0,entered,True,20230613,112.5,0.013513513513513598,0.018018018018018056,0.0,1,True,20230615,111.5,0.0045045045045044585,0.018018018018018056,0.0,3,True,20230619,112.5,0.013513513513513598,0.018018018018018056,0.0,5,True,20230626,115.5,0.04054054054054057,0.04504504504504503,0.0,8,True
2317,鴻海,20230626,20230627,116.0,entered,True,20230627,114.0,-0.017241379310344862,0.004310344827586299,-0.017241379310344862,1,True,20230629,113.0,-0.025862068965517238,0.004310344827586299,-0.025862068965517238,3,True,20230703,115.0,-0.008620689655172376,0.004310344827586299,-0.0431034482758621,5,True,20230706,105.5,-0.09051724137931039,0.004310344827586299,-0.09482758620689657,8,True
2317,鴻海,20240304,20240305,107.0,entered,True,20240305,106.5,-0.004672897196261627,0.014018691588784993,-0.004672897196261627,1,True,20240307,107.5,0.004672897196261738,0.014018691588784993,-0.014018691588784993,3,True,20240311,109.5,0.02336448598130847,0.0420560747663552,-0.02336448598130836,5,True,20240314,121.0,0.13084112149532712,0.1542056074766356,-0.02336448598130836,8,True
2317,鴻海,20240318,20240319,133.0,entered,True,20240319,136.0,0.022556390977443552,0.022556390977443552,-0.022556390977443663,1,True,20240321,142.5,0.0714285714285714,0.09022556390977443,-0.022556390977443663,3,True,20240325,145.5,0.09398496240601495,0.11654135338345872,-0.022556390977443663,5,True,20240328,155.5,0.16917293233082709,0.18045112781954886,-0.022556390977443663,8,True
2317,鴻海,20241004,20241007,199.0,entered,True,20241007,197.5,-0.007537688442211032,0.0,-0.02010050251256279,1,True,20241009,199.0,0.0,0.005025125628140614,-0.025125628140703515,3,True,20241014,199.0,0.0,0.015075376884422065,-0.025125628140703515,5,True,20241017,208.5,0.047738693467336724,0.05025125628140703,-0.025125628140703515,8,True
2317,鴻海,20241015,20241016,204.0,entered,True,20241016,205.0,0.004901960784313708,0.017156862745097978,-0.002450980392156854,1,True,20241018,207.5,0.017156862745097978,0.03431372549019618,-0.002450980392156854,3,True,20241022,215.5,0.056372549019607865,0.05882352941176472,-0.002450980392156854,5,True,20241025,216.0,0.05882352941176472,0.06372549019607843,-0.002450980392156854,8,True
2317,鴻海,20250624,20250625,161.5,entered,True,20250625,162.0,0.003095975232198178,0.003095975232198178,-0.009287925696594423,1,True,20250627,165.0,0.021671826625387025,0.024767801857585203,-0.009287925696594423,3,True,20250701,165.5,0.024767801857585203,0.030959752321981338,-0.009287925696594423,5,True,20250704,161.0,-0.003095975232198178,0.030959752321981338,-0.009287925696594423,8,True
2317,鴻海,20250724,20250725,175.5,entered,True,20250725,174.5,-0.005698005698005715,0.0,-0.014245014245014231,1,True,20250729,171.5,-0.022792022792022748,0.014245014245014342,-0.02564102564102566,3,True,20250731,178.0,0.014245014245014342,0.019943019943019946,-0.02564102564102566,4,False,20250805,184.5,0.05128205128205132,0.054131054131054235,-0.02564102564102566,7,False
2317,鴻海,20250807,20250808,197.0,entered,True,20250808,194.5,-0.012690355329949221,0.0,-0.017766497461928932,1,True,20250812,197.0,0.0,0.010152284263959421,-0.022842639593908642,3,True,20250814,199.5,0.012690355329949332,0.015228426395939021,-0.022842639593908642,5,True,20250819,208.0,0.055837563451776706,0.07614213197969533,-0.022842639593908642,8,True
2317,鴻海,20250923,20250924,222.0,entered,True,20250924,223.0,0.0045045045045044585,0.0045045045045044585,-0.013513513513513487,1,True,20250926,219.5,-0.011261261261261257,0.04054054054054057,-0.015765765765765716,3,True,20251001,219.0,-0.013513513513513487,0.04054054054054057,-0.029279279279279313,5,True,20251007,228.5,0.029279279279279313,0.04279279279279269,-0.029279279279279313,8,True
2317,鴻海,20251020,20251021,241.5,entered,True,20251021,239.0,-0.010351966873705987,0.016563146997929712,-0.01449275362318836,1,True,20251023,239.0,-0.010351966873705987,0.016563146997929712,-0.020703933747411973,3,True,20251028,250.0,0.035196687370600444,0.035196687370600444,-0.020703933747411973,5,True,20251031,257.5,0.0662525879917184,0.09730848861283636,-0.020703933747411973,8,True
2317,鴻海,20260422,20260423,229.5,entered,True,20260423,225.0,-0.019607843137254943,0.015250544662309462,-0.050108932461873645,1,True,20260427,228.0,-0.006535947712418277,0.015250544662309462,-0.050108932461873645,3,True,20260429,225.0,-0.019607843137254943,0.019607843137254832,-0.050108932461873645,5,True,20260505,239.5,0.04357298474945526,0.045751633986928164,-0.050108932461873645,8,True
2317,鴻海,20260505,20260506,246.5,entered,True,20260506,252.0,0.022312373225152227,0.026369168356997985,-0.006085192697768749,1,True,20260508,250.0,0.014198782961460488,0.04665314401622722,-0.006085192697768749,3,True,20260512,250.0,0.014198782961460488,0.04665314401622722,-0.006085192697768749,5,True,20260515,248.5,0.008113590263691739,0.05476673427991896,-0.016227180527383367,8,True
2324,仁寶,20230529,20230530,28.4,entered,True,20230530,27.55,-0.029929577464788637,0.0017605633802817433,-0.040492957746478875,1,True,20230601,27.3,-0.03873239436619713,0.0017605633802817433,-0.05633802816901401,3,True,20230605,28.25,-0.005281690140845008,0.014084507042253502,-0.05633802816901401,5,True,20230608,28.2,-0.007042253521126751,0.014084507042253502,-0.05633802816901401,8,True
2324,仁寶,20230602,20230605,28.6,entered,True,20230605,28.25,-0.012237762237762295,0.006993006993006867,-0.01573426573426584,1,True,20230607,28.45,-0.005244755244755317,0.006993006993006867,-0.02447552447552459,3,True,20230609,28.85,0.00874125874125875,0.00874125874125875,-0.02447552447552459,5,True,20230614,28.55,-0.0017482517482517723,0.02447552447552437,-0.02447552447552459,8,True
2324,仁寶,20231211,20231212,32.55,entered,True,20231212,32.0,-0.016897081413210335,0.001536098310291889,-0.02150537634408589,1,True,20231214,33.65,0.03379416282642089,0.05529953917050712,-0.02150537634408589,3,True,20231218,34.6,0.06298003072196634,0.1121351766513059,-0.02150537634408589,5,True,20231221,36.7,0.12749615975422435,0.1551459293394779,-0.02150537634408589,8,True
2324,仁寶,20240514,20240515,37.5,entered,True,20240515,36.55,-0.02533333333333343,0.020000000000000018,-0.02533333333333343,1,True,20240517,37.1,-0.010666666666666602,0.020000000000000018,-0.02533333333333343,3,True,20240521,36.75,-0.020000000000000018,0.020000000000000018,-0.03733333333333333,5,True,20240524,38.5,0.026666666666666616,0.07733333333333325,-0.03733333333333333,8,True
2324,仁寶,20241001,20241004,34.25,entered,True,20241004,33.95,-0.008759124087591164,0.027737226277372296,-0.014598540145985384,1,True,20241008,33.95,-0.008759124087591164,0.027737226277372296,-0.014598540145985384,3,True,20241011,34.9,0.01897810218978102,0.027737226277372296,-0.014598540145985384,5,True,20241016,35.0,0.021897810218978186,0.03065693430656924,-0.014598540145985384,8,True
2324,仁寶,20241107,20241108,38.1,entered,True,20241108,37.55,-0.014435695538057902,0.009186351706036877,-0.026246719160105014,1,True,20241112,36.85,-0.03280839895013121,0.009186351706036877,-0.03805774278215235,3,True,20241114,38.1,0.0,0.034120734908136496,-0.03805774278215235,5,True,20241119,36.95,-0.030183727034120644,0.034120734908136496,-0.03805774278215235,8,True
2324,仁寶,20250915,20250916,30.75,entered,True,20250916,30.1,-0.021138211382113803,0.0,-0.024390243902439046,1,True,20250918,30.4,-0.011382113821138296,0.06341463414634152,-0.024390243902439046,3,True,20250922,31.2,0.014634146341463428,0.06341463414634152,-0.024390243902439046,5,True,20250925,36.4,0.18373983739837385,0.2292682926829268,-0.024390243902439046,8,True
2327,國巨,20221111,20221114,446.5,entered,True,20221114,439.5,-0.015677491601343796,0.007838745800671898,-0.022396416573348232,1,True,20221116,461.0,0.03247480403135494,0.035834266517357216,-0.022396416573348232,3,True,20221118,453.5,0.015677491601343796,0.04703247480403139,-0.022396416573348232,5,True,20221123,449.0,0.005599104143336975,0.04703247480403139,-0.022396416573348232,8,True
2327,國巨*,20251007,20251008,184.5,entered,True,20251008,185.5,0.005420054200542035,0.008130081300812941,-0.024390243902439046,1,True,20251013,178.0,-0.035230352303523005,0.03794037940379402,-0.05691056910569103,3,True,20251015,175.0,-0.051490514905149,0.03794037940379402,-0.07317073170731703,5,True,20251020,196.0,0.06233062330623307,0.07317073170731714,-0.07317073170731703,8,True
2327,國巨*,20251021,20251022,206.5,entered,True,20251022,208.0,0.007263922518159882,0.009685230024213176,-0.016949152542372836,1,True,20251027,248.5,0.20338983050847448,0.20338983050847448,-0.016949152542372836,3,True,20251029,247.5,0.1985472154963681,0.26876513317191275,-0.016949152542372836,5,True,20251103,254.0,0.2300242130750605,0.26876513317191275,-0.016949152542372836,8,True
2327,國巨*,20260106,20260107,257.0,entered,True,20260107,253.0,-0.015564202334630295,0.011673151750972721,-0.017509727626459193,1,True,20260109,241.5,-0.060311284046692615,0.011673151750972721,-0.08754863813229574,3,True,20260113,260.5,0.013618677042801508,0.013618677042801508,-0.08754863813229574,5,True,20260116,283.0,0.10116731517509736,0.10894941634241251,-0.08754863813229574,8,True
2327,國巨*,20260113,20260114,268.0,entered,True,20260114,278.5,0.03917910447761197,0.06343283582089554,-0.009328358208955279,1,True,20260116,283.0,0.05597014925373145,0.06343283582089554,-0.009328358208955279,3,True,20260120,289.5,0.08022388059701502,0.11940298507462677,-0.009328358208955279,5,True,20260123,291.5,0.08768656716417911,0.13619402985074625,-0.009328358208955279,8,True
2327,國巨*,20260413,20260414,311.5,entered,True,20260414,312.0,0.0016051364365972098,0.008025682182985605,-0.0401284109149278,1,True,20260416,325.0,0.043338683788122,0.0658105939004816,-0.0401284109149278,3,True,20260420,319.5,0.025682182985553803,0.0802568218298556,-0.0401284109149278,5,True,20260423,295.0,-0.052969502407704705,0.0802568218298556,-0.0706260032102729,8,True
2327,國巨*,20260508,20260511,394.5,entered,True,20260511,391.5,-0.0076045627376425395,0.010139416983523386,-0.06210392902408113,1,True,20260513,420.0,0.06463878326996197,0.08998732572877066,-0.06210392902408113,3,True,20260515,455.5,0.15462610899873264,0.2484157160963245,-0.06210392902408113,5,True,20260520,520.0,0.3181242078580482,0.3814955640050697,-0.06210392902408113,8,True
2328,廣宇,20221205,20221206,40.55,entered,True,20221206,40.75,0.004932182490752224,0.024660912453760897,-0.004932182490752002,1,True,20221208,39.15,-0.03452527743526512,0.024660912453760897,-0.05055487053020957,3,True,20221212,39.5,-0.025893958076448786,0.024660912453760897,-0.05055487053020957,5,True,20221215,38.7,-0.04562268803945735,0.024660912453760897,-0.06658446362515402,8,True
2328,廣宇,20230529,20230530,40.0,entered,True,20230530,39.6,-0.010000000000000009,0.0,-0.018750000000000044,1,True,20230601,43.0,0.07499999999999996,0.08000000000000007,-0.018750000000000044,3,True,20230605,42.05,0.05125000000000002,0.09624999999999995,-0.018750000000000044,5,True,20230608,41.75,0.043749999999999956,0.09624999999999995,-0.018750000000000044,8,True
2328,廣宇,20230714,20230717,45.4,entered,True,20230717,43.85,-0.03414096916299558,0.0011013215859032588,-0.03524229074889873,1,True,20230719,42.25,-0.0693832599118942,0.0022026431718062955,-0.0770925110132159,3,True,20230721,41.7,-0.08149779735682805,0.0022026431718062955,-0.08920704845814975,5,True,20230726,41.8,-0.07929515418502209,0.0022026431718062955,-0.10792951541850215,8,True
2328,廣宇,20240327,20240328,36.3,entered,True,20240328,38.25,0.053719008264462964,0.06473829201101933,-0.0013774104683195176,1,True,20240401,35.75,-0.015151515151515027,0.06473829201101933,-0.015151515151515027,3,True,20240403,35.5,-0.022038567493112837,0.06473829201101933,-0.031680440771349794,5,True,20240410,35.15,-0.031680440771349794,0.06473829201101933,-0.04132231404958675,8,True
2328,廣宇,20240527,20240528,36.5,entered,True,20240528,37.25,0.020547945205479534,0.041095890410958846,-0.009589041095890427,1,True,20240530,38.95,0.06712328767123288,0.10821917808219195,-0.009589041095890427,3,True,20240603,40.0,0.09589041095890405,0.10821917808219195,-0.009589041095890427,5,True,20240606,40.85,0.11917808219178094,0.17260273972602724,-0.009589041095890427,8,True
2328,廣宇,20250826,20250827,62.4,entered,True,20250827,60.6,-0.028846153846153855,0.0016025641025640969,-0.04647435897435892,1,True,20250829,58.8,-0.05769230769230771,0.0016025641025640969,-0.0657051282051282,3,True,20250902,55.3,-0.11378205128205132,0.0016025641025640969,-0.11858974358974361,5,True,20250905,54.5,-0.1266025641025641,0.0016025641025640969,-0.13461538461538458,8,True
2328,廣宇,20251029,20251030,58.7,entered,True,20251030,57.2,-0.02555366269165249,0.008517887563884052,-0.04258943781942082,1,True,20251103,55.7,-0.05110732538330498,0.008517887563884052,-0.05792163543441231,3,True,20251105,53.0,-0.09710391822827946,0.008517887563884052,-0.1362862010221465,5,True,20251110,50.9,-0.13287904599659295,0.008517887563884052,-0.13798977853492334,8,True
2328,廣宇,20260115,20260116,50.6,entered,True,20260116,51.0,0.007905138339920903,0.04347826086956519,-0.017786561264822143,1,True,20260120,52.1,0.029644268774703608,0.06126482213438744,-0.017786561264822143,3,True,20260122,54.5,0.07707509881422925,0.11067193675889331,-0.017786561264822143,5,True,20260127,52.7,0.04150197628458496,0.12450592885375489,-0.017786561264822143,8,True
2328,廣宇,20260422,20260423,47.6,entered,True,20260423,45.35,-0.04726890756302515,0.006302521008403339,-0.0619747899159665,1,True,20260427,44.35,-0.06827731092436973,0.006302521008403339,-0.0892857142857143,3,True,20260429,47.2,-0.008403361344537785,0.006302521008403339,-0.0892857142857143,5,True,20260505,55.1,0.15756302521008392,0.1785714285714286,-0.0892857142857143,8,True
2328,廣宇,20260429,20260430,48.3,entered,True,20260430,49.55,0.025879917184264967,0.049689440993788914,-0.01449275362318836,1,True,20260505,55.1,0.14078674948240177,0.16149068322981375,-0.01449275362318836,3,True,20260507,53.6,0.10973084886128381,0.165631469979296,-0.01449275362318836,5,True,20260512,54.0,0.11801242236024856,0.165631469979296,-0.01449275362318836,8,True
2328,廣宇,20260525,20260526,57.3,entered,True,20260526,54.5,-0.048865619546247796,0.0,-0.05061082024432806,1,True,20260528,53.0,-0.07504363001745196,0.0,-0.08027923211169274,3,True,20260601,61.0,0.06457242582897038,0.06457242582897038,-0.08027923211169274,5,True,20260604,57.9,0.010471204188481797,0.12565445026178024,-0.08027923211169274,8,True
2329,華泰,20230308,20230309,21.1,entered,True,20230309,20.95,-0.007109004739336622,0.004739336492890933,-0.0165876777251186,1,True,20230313,20.15,-0.04502369668246453,0.004739336492890933,-0.05924170616113744,3,True,20230315,19.85,-0.05924170616113744,0.004739336492890933,-0.05924170616113744,5,True,20230320,19.65,-0.06872037914691953,0.004739336492890933,-0.08767772511848348,8,True
2329,華泰,20230605,20230606,21.8,entered,True,20230606,21.9,0.004587155963302614,0.004587155963302614,-0.016055045871559703,1,True,20230608,22.5,0.032110091743119185,0.03899082568807333,-0.016055045871559703,3,True,20230612,22.95,0.05275229357798161,0.08256880733944949,-0.016055045871559703,5,True,20230615,23.9,0.09633027522935778,0.12844036697247718,-0.016055045871559703,8,True
2329,華泰,20230705,20230706,27.25,entered,True,20230706,27.5,0.00917431192660545,0.06422018348623859,-0.003669724770642202,1,True,20230710,27.65,0.014678899082568808,0.06422018348623859,-0.029357798165137616,3,True,20230712,28.1,0.031192660550458662,0.06422018348623859,-0.029357798165137616,5,True,20230717,30.25,0.11009174311926606,0.11926605504587151,-0.029357798165137616,8,True
2329,華泰,20240122,20240123,64.3,entered,True,20240123,62.7,-0.02488335925349916,0.004665629860031162,-0.031104199066874005,1,True,20240125,63.2,-0.01710730948678063,0.004665629860031162,-0.04043545878693611,3,True,20240129,61.2,-0.048211508553654636,0.004665629860031162,-0.07620528771384139,5,True,20240201,64.1,-0.0031104199066874783,0.017107309486780853,-0.07620528771384139,8,True
2329,華泰,20250217,20250218,38.0,entered,True,20250218,39.4,0.03684210526315779,0.03815789473684217,-0.0052631578947369695,1,True,20250220,38.7,0.018421052631579116,0.08421052631578951,-0.0052631578947369695,3,True,20250224,37.8,-0.0052631578947369695,0.08421052631578951,-0.018421052631579005,5,True,20250227,36.55,-0.03815789473684217,0.08421052631578951,-0.03815789473684217,8,True
2329,華泰,20250808,20250811,41.0,entered,True,20250811,40.45,-0.013414634146341364,0.0,-0.029268292682926855,1,True,20250813,40.25,-0.018292682926829285,0.019512195121951237,-0.03170731707317065,3,True,20250815,40.95,-0.0012195121951218413,0.019512195121951237,-0.03170731707317065,5,True,20250820,39.4,-0.039024390243902474,0.02195121951219514,-0.04146341463414638,8,True
2329,華泰,20250825,20250826,43.85,entered,True,20250826,44.65,0.018244013683010207,0.021664766248574496,-0.013683010262257711,1,True,20250828,44.7,0.019384264538198526,0.04561003420752563,-0.013683010262257711,3,True,20250901,43.6,-0.005701254275940704,0.04561003420752563,-0.019384264538198415,5,True,20250904,43.6,-0.005701254275940704,0.046750285062713726,-0.019384264538198415,8,True
2329,華泰,20250908,20250909,46.6,entered,True,20250909,43.7,-0.062231759656652286,0.001072961373390413,-0.06437768240343344,1,True,20250911,41.95,-0.09978540772532185,0.001072961373390413,-0.11158798283261806,3,True,20250915,42.8,-0.0815450643776825,0.001072961373390413,-0.11158798283261806,5,True,20250918,46.6,0.0,0.06652360515021472,-0.11158798283261806,8,True
2329,華泰,20260120,20260121,70.0,entered,True,20260121,63.8,-0.08857142857142863,0.01571428571428557,-0.09714285714285709,1,True,20260123,62.4,-0.10857142857142854,0.01571428571428557,-0.14,3,True,20260127,62.7,-0.1042857142857142,0.01571428571428557,-0.14,5,True,20260130,58.1,-0.16999999999999993,0.01571428571428557,-0.18000000000000005,8,True
2330,台積電,20230113,20230116,506.0,entered,True,20230116,505.0,-0.0019762845849802257,0.0039525691699604515,-0.005928853754940677,1,True,20230130,543.0,0.0731225296442688,0.0731225296442688,-0.012845849802371578,3,True,20230201,530.0,0.04743083003952564,0.0731225296442688,-0.012845849802371578,5,True,20230206,526.0,0.03952569169960474,0.0731225296442688,-0.012845849802371578,8,True
2331,精英,20220817,20220818,25.95,entered,True,20220818,26.45,0.019267822736030782,0.023121387283236983,-0.019267822736030782,1,True,20220822,24.8,-0.044315992292870865,0.03660886319845846,-0.048169556840077066,3,True,20220824,25.2,-0.028901734104046284,0.03660886319845846,-0.06358381502890165,5,True,20220829,26.35,0.015414258188824803,0.03660886319845846,-0.06358381502890165,8,True
2332,友訊,20230519,20230522,20.1,entered,True,20230522,20.35,0.01243781094527363,0.01492537313432818,-0.01243781094527363,1,True,20230524,20.25,0.00746268656716409,0.01990049751243772,-0.01243781094527363,3,True,20230526,19.5,-0.029850746268656803,0.01990049751243772,-0.03233830845771157,5,True,20230531,20.9,0.03980099502487544,0.04726368159203975,-0.03233830845771157,8,True
2332,友訊,20230530,20230531,20.7,entered,True,20230531,20.9,0.009661835748792313,0.01690821256038655,-0.009661835748792202,1,True,20230602,21.65,0.04589371980676327,0.048309178743961345,-0.009661835748792202,3,True,20230606,20.8,0.004830917874396157,0.06763285024154597,-0.009661835748792202,5,True,20230609,20.8,0.004830917874396157,0.06763285024154597,-0.009661835748792202,8,True
2332,友訊,20241107,20241108,20.95,entered,True,20241108,19.95,-0.04773269689737469,0.0,-0.05250596658711204,1,True,20241112,19.05,-0.09069212410501182,0.0,-0.11455847255369922,3,True,20241114,19.65,-0.06205250596658718,0.0,-0.11455847255369922,5,True,20241119,21.35,0.019093078758950055,0.021479713603818507,-0.11455847255369922,8,True
2337,旺宏,20221118,20221121,34.9,entered,True,20221121,34.2,-0.02005730659025773,0.005730659025787954,-0.021489971346704828,1,True,20221123,34.7,-0.005730659025787843,0.008595988538682153,-0.03151862464183386,3,True,20221125,34.2,-0.02005730659025773,0.008595988538682153,-0.03151862464183386,5,True,20221130,34.65,-0.007163323782234943,0.008595988538682153,-0.04154727793696267,8,True
2337,旺宏,20230202,20230203,37.05,entered,True,20230203,37.25,0.005398110661268607,0.010796221322537214,-0.013495276653171406,1,True,20230207,36.25,-0.021592442645074095,0.010796221322537214,-0.022941970310391246,3,True,20230209,36.4,-0.01754385964912275,0.010796221322537214,-0.022941970310391246,5,True,20230214,36.35,-0.01889338731443979,0.010796221322537214,-0.04858299595141691,8,True
2337,旺宏,20230616,20230619,34.85,entered,True,20230619,34.9,0.0014347202295552641,0.010043041606886627,-0.0014347202295553751,1,True,20230621,32.25,-0.0746054519368724,0.010043041606886627,-0.07604017216642756,3,True,20230627,32.75,-0.06025824964131998,0.010043041606886627,-0.07604017216642756,5,True,20230630,32.7,-0.061692969870875136,0.010043041606886627,-0.07604017216642756,8,True
2337,旺宏,20231215,20231218,30.3,entered,True,20231218,29.9,-0.01320132013201325,0.0016501650165017256,-0.024752475247524774,1,True,20231220,30.05,-0.008250825082508295,0.0016501650165017256,-0.0363036303630363,3,True,20231222,30.35,0.0016501650165017256,0.02970297029702973,-0.0363036303630363,5,True,20231227,31.95,0.054455445544554504,0.06105610561056096,-0.0363036303630363,8,True
2337,旺宏,20231227,20231228,32.05,entered,True,20231228,31.75,-0.009360374414976502,0.01716068642745716,-0.014040561622464809,1,True,20240102,31.4,-0.020280811232449292,0.01716068642745716,-0.03120124804992186,3,True,20240104,31.2,-0.026521060842433664,0.01716068642745716,-0.04056162246489847,5,True,20240109,30.25,-0.05616224648985946,0.01716068642745716,-0.05616224648985946,8,True
2337,旺宏,20240408,20240409,27.85,entered,True,20240409,27.85,0.0,0.0017953321364452268,-0.010771992818671472,1,True,20240411,27.4,-0.016157989228007263,0.010771992818671361,-0.019748653500897717,3,True,20240415,26.7,-0.04129263913824066,0.010771992818671361,-0.04308797127468589,5,True,20240418,26.25,-0.05745062836624781,0.010771992818671361,-0.06642728904847406,8,True
2337,旺宏,20250513,20250514,21.25,entered,True,20250514,21.4,0.007058823529411784,0.0117647058823529,-0.0023529411764706687,1,True,20250516,21.4,0.007058823529411784,0.03294117647058825,-0.007058823529411673,3,True,20250520,21.9,0.030588235294117583,0.040000000000000036,-0.007058823529411673,5,True,20250523,21.1,-0.007058823529411673,0.051764705882352935,-0.007058823529411673,8,True
2337,旺宏,20250618,20250619,23.05,entered,True,20250619,22.2,-0.03687635574837311,0.00433839479392617,-0.03904555314533631,1,True,20250623,21.35,-0.07375271149674623,0.00433839479392617,-0.0976138828633406,3,True,20250625,21.7,-0.05856832971800441,0.00433839479392617,-0.0976138828633406,5,True,20250630,21.25,-0.07809110629067251,0.00433839479392617,-0.0976138828633406,8,True
2337,旺宏,20250919,20250922,27.8,entered,True,20250922,26.1,-0.0611510791366906,0.010791366906474753,-0.06474820143884896,1,True,20250924,26.25,-0.055755395683453224,0.010791366906474753,-0.07374100719424459,3,True,20250926,24.3,-0.12589928057553956,0.010791366906474753,-0.13129496402877705,5,True,20251002,25.15,-0.09532374100719432,0.010791366906474753,-0.13129496402877705,8,True
2338,光罩,20220530,20220531,91.7,entered,True,20220531,93.9,0.02399127589967298,0.025081788440566966,-0.0065430752453654595,1,True,20220602,92.2,0.005452562704471031,0.04580152671755733,-0.0065430752453654595,3,True,20220607,91.5,-0.0021810250817885235,0.04580152671755733,-0.01526717557251911,5,True,20220610,93.9,0.02399127589967298,0.04580152671755733,-0.019629225736095934,8,True
2338,光罩,20240711,20240712,82.5,entered,True,20240712,82.3,-0.00242424242424244,0.021818181818181737,-0.015757575757575748,1,True,20240716,81.9,-0.0072727272727272085,0.024242424242424176,-0.019393939393939297,3,True,20240718,79.6,-0.03515151515151527,0.024242424242424176,-0.06060606060606055,5,True,20240723,73.1,-0.11393939393939401,0.024242424242424176,-0.11878787878787878,8,True
2338,光罩,20260525,20260526,59.1,entered,True,20260526,55.4,-0.06260575296108295,0.02030456852791862,-0.06768189509306255,1,True,20260528,55.9,-0.05414551607445017,0.03891708967851093,-0.07275803722504237,3,True,20260601,57.2,-0.032148900169204686,0.03891708967851093,-0.07275803722504237,5,True,20260604,52.7,-0.10829103214890012,0.03891708967851093,-0.12859560067681897,8,True
2340,台亞,20230620,20230621,41.8,entered,True,20230621,44.3,0.05980861244019131,0.05980861244019131,-0.005980861244019087,1,True,20230627,44.8,0.0717703349282297,0.16507177033492848,-0.005980861244019087,3,True,20230629,43.35,0.037081339712918826,0.16507177033492848,-0.005980861244019087,5,True,20230704,45.4,0.0861244019138756,0.16507177033492848,-0.005980861244019087,8,True
2340,台亞,20260317,20260318,29.95,entered,True,20260318,28.8,-0.03839732888146907,0.0,-0.06343906510851416,1,True,20260320,28.85,-0.036727879799666074,0.0,-0.06343906510851416,3,True,20260324,28.1,-0.06176961602671116,0.0,-0.07512520868113526,5,True,20260327,26.8,-0.10517529215358923,0.0,-0.12020033388981632,8,True
2340,台亞,20260826,20260827,34.95,censored,False,20260827,34.2,-0.02145922746781115,0.02145922746781115,-0.0414878397711016,1,True,20260831,,,0.02145922746781115,-0.0414878397711016,2,False,,,,,,0,False,,,,,,0,False
2342,茂矽,20260120,20260121,36.95,entered,True,20260121,37.8,0.023004059539918575,0.09336941813261146,-0.009472259810554884,1,True,20260123,35.55,-0.03788903924221931,0.0987821380243572,-0.041948579161028565,3,True,20260127,34.45,-0.06765899864682001,0.0987821380243572,-0.08119079837618404,5,True,20260130,32.9,-0.10960757780784858,0.0987821380243572,-0.11231393775372134,8,True
2342,茂矽,20260617,20260618,52.0,entered,True,20260618,55.2,0.06153846153846154,0.06153846153846154,-0.013461538461538525,1,True,20260623,57.0,0.09615384615384626,0.22884615384615392,-0.013461538461538525,3,True,20260625,53.2,0.023076923076923217,0.22884615384615392,-0.013461538461538525,5,True,20260630,56.6,0.08846153846153859,0.22884615384615392,-0.02692307692307694,8,True
2344,華邦電,20230130,20230131,21.7,entered,True,20230131,21.55,-0.006912442396313279,0.00691244239631339,-0.009216589861751112,1,True,20230202,23.6,0.08755760368663612,0.09447004608294929,-0.01612903225806439,3,True,20230206,22.5,0.03686635944700467,0.09447004608294929,-0.01612903225806439,5,True,20230209,22.9,0.055299539170506895,0.09447004608294929,-0.01612903225806439,8,True
2344,華邦電,20230216,20230217,23.4,entered,True,20230217,23.15,-0.010683760683760646,0.008547008547008739,-0.021367521367521403,1,True,20230221,23.65,0.010683760683760646,0.02991452991453003,-0.021367521367521403,3,True,20230223,23.05,-0.014957264957264904,0.02991452991453003,-0.021367521367521403,5,True,20230302,24.0,0.025641025641025772,0.044871794871794934,-0.04487179487179471,8,True
2344,華邦電,20230302,20230303,24.4,entered,True,20230303,25.6,0.049180327868852514,0.069672131147541,-0.008196721311475419,1,True,20230307,24.9,0.020491803278688492,0.069672131147541,-0.008196721311475419,3,True,20230309,25.1,0.028688524590164022,0.069672131147541,-0.008196721311475419,5,True,20230314,23.85,-0.022540983606557208,0.069672131147541,-0.026639344262294973,8,True
2344,華邦電,20230331,20230406,26.05,entered,True,20230406,25.6,-0.017274472168905874,0.007677543186180413,-0.021113243761996192,1,True,20230410,26.4,0.013435700575815668,0.04798464491362764,-0.021113243761996192,3,True,20230412,26.9,0.03262955854126681,0.05566218809980805,-0.021113243761996192,5,True,20230417,26.55,0.019193857965451144,0.05566218809980805,-0.021113243761996192,8,True
2344,華邦電,20230529,20230530,26.9,entered,True,20230530,26.7,-0.0074349442379182396,0.003717472118959231,-0.022304832713754608,1,True,20230601,26.6,-0.011152416356877248,0.014869888475836479,-0.026022304832713727,3,True,20230605,28.15,0.04646840148698894,0.0780669144981414,-0.026022304832713727,5,True,20230608,27.2,0.011152416356877248,0.0780669144981414,-0.026022304832713727,8,True
2344,華邦電,20230731,20230801,29.95,entered,True,20230801,29.3,-0.02170283806343898,0.005008347245408995,-0.023372287145242088,1,True,20230804,27.25,-0.09015025041736224,0.005008347245408995,-0.12020033388981632,3,True,20230808,27.1,-0.09515859766277124,0.005008347245408995,-0.12020033388981632,5,True,20230811,26.8,-0.10517529215358923,0.005008347245408995,-0.12020033388981632,8,True
2344,華邦電,20230915,20230918,28.0,entered,True,20230918,27.8,-0.0071428571428571175,0.010714285714285676,-0.010714285714285787,1,True,20230920,26.5,-0.0535714285714286,0.010714285714285676,-0.0535714285714286,3,True,20230922,26.35,-0.05892857142857133,0.010714285714285676,-0.06785714285714284,5,True,20230927,25.75,-0.0803571428571429,0.010714285714285676,-0.09107142857142858,8,True
2344,華邦電,20231227,20231228,30.2,entered,True,20231228,30.75,0.01821192052980125,0.052980132450331174,-0.01490066225165565,1,True,20240102,30.0,-0.0066225165562913135,0.052980132450331174,-0.01490066225165565,3,True,20240104,29.1,-0.03642384105960261,0.052980132450331174,-0.04139072847682124,5,True,20240109,28.1,-0.06953642384105951,0.052980132450331174,-0.06953642384105951,8,True
2344,華邦電,20250624,20250625,20.2,entered,True,20250625,20.25,0.0024752475247524774,0.03960396039603964,-0.007425742574257321,1,True,20250627,21.15,0.04702970297029707,0.07425742574257432,-0.007425742574257321,3,True,20250701,19.85,-0.01732673267326723,0.07425742574257432,-0.01980198019801971,5,True,20250704,19.15,-0.051980198019802026,0.07425742574257432,-0.061881188118811936,8,True
2344,華邦電,20250916,20250917,28.1,entered,True,20250917,29.4,0.0462633451957295,0.06049822064056931,-0.028469750889679735,1,True,20250919,33.5,0.19217081850533813,0.22064056939501753,-0.028469750889679735,3,True,20250923,36.45,0.2971530249110321,0.31138790035587194,-0.028469750889679735,5,True,20250926,31.4,0.11743772241992878,0.31138790035587194,-0.028469750889679735,8,True
2344,華邦電,20260512,20260513,117.0,entered,True,20260513,122.0,0.042735042735042805,0.042735042735042805,-0.017094017094017144,1,True,20260515,129.5,0.1068376068376069,0.16666666666666674,-0.017094017094017144,3,True,20260519,117.5,0.004273504273504258,0.16666666666666674,-0.017094017094017144,5,True,20260522,125.0,0.06837606837606836,0.16666666666666674,-0.042735042735042694,8,True
2345,智邦,20230207,20230208,275.5,entered,True,20230208,274.0,-0.005444646098003658,0.007259528130671544,-0.01814882032667875,1,True,20230210,273.5,-0.007259528130671544,0.007259528130671544,-0.029038112522686066,3,True,20230214,277.0,0.005444646098003547,0.007259528130671544,-0.029038112522686066,5,True,20230217,283.0,0.02722323049001818,0.05263157894736836,-0.029038112522686066,8,True
2345,智邦,20240516,20240517,493.5,entered,True,20240517,499.5,0.012158054711246091,0.023302938196555267,-0.00911854103343468,1,True,20240521,500.0,0.01317122593718345,0.025329280648429542,-0.00911854103343468,3,True,20240523,510.0,0.033434650455927084,0.0435663627152989,-0.00911854103343468,5,True,20240528,502.0,0.01722391084093222,0.06585612968591703,-0.00911854103343468,8,True
2347,聯強,20231011,20231012,67.6,entered,True,20231012,67.4,-0.002958579881656598,0.0,-0.019230769230769162,1,True,20231016,67.6,0.0,0.01183431952662728,-0.019230769230769162,3,True,20231018,67.8,0.002958579881656931,0.016272189349112454,-0.019230769230769162,5,True,20231023,66.2,-0.020710059171597517,0.016272189349112454,-0.02810650887573951,8,True
2347,聯強,20240313,20240314,79.4,entered,True,20240314,76.9,-0.03148614609571787,0.00881612090680095,-0.03652392947103278,1,True,20240318,80.1,0.00881612090680095,0.02015113350125941,-0.03652392947103278,3,True,20240320,78.2,-0.015113350125944613,0.02015113350125941,-0.03652392947103278,5,True,20240325,78.1,-0.01637279596977348,0.02015113350125941,-0.03652392947103278,8,True
2347,聯強,20240527,20240528,86.8,entered,True,20240528,88.7,0.02188940092165903,0.03917050691244239,-0.01382488479262678,1,True,20240530,85.4,-0.01612903225806439,0.03917050691244239,-0.06105990783410131,3,True,20240603,83.5,-0.03801843317972342,0.03917050691244239,-0.06105990783410131,5,True,20240606,83.2,-0.041474654377880116,0.03917050691244239,-0.06566820276497698,8,True
2347,聯強,20260602,20260603,92.1,entered,True,20260603,91.1,-0.010857763300760048,0.01954397394136831,-0.02280130293159599,1,True,20260605,88.3,-0.04125950054288818,0.01954397394136831,-0.04451682953311609,3,True,20260609,91.0,-0.011943539630835942,0.01954397394136831,-0.08686210640608039,5,True,20260612,89.1,-0.032573289902280145,0.05428881650380024,-0.08686210640608039,8,True
2348,海悅,20241212,20241213,189.5,entered,True,20241213,185.0,-0.0237467018469657,0.02110817941952514,-0.0395778364116095,1,True,20241217,186.0,-0.01846965699208447,0.02110817941952514,-0.0474934036939314,3,True,20241219,184.5,-0.02638522427440637,0.02110817941952514,-0.0474934036939314,5,True,20241224,221.0,0.1662269129287599,0.1662269129287599,-0.0474934036939314,8,True
2348,海悅,20241226,20241227,237.0,entered,True,20241227,225.0,-0.05063291139240511,0.025316455696202445,-0.05063291139240511,1,True,20241231,201.0,-0.15189873417721522,0.025316455696202445,-0.16455696202531644,3,True,20250103,196.0,-0.1729957805907173,0.025316455696202445,-0.18143459915611815,5,True,20250108,190.5,-0.19620253164556967,0.025316455696202445,-0.23839662447257381,8,True
2351,順德,20221128,20221129,107.0,entered,True,20221129,103.5,-0.032710280373831724,0.004672897196261738,-0.04205607476635509,1,True,20221201,110.5,0.032710280373831724,0.05607476635514019,-0.04205607476635509,3,True,20221205,110.0,0.028037383177569986,0.06074766355140193,-0.04205607476635509,5,True,20221208,107.0,0.0,0.06074766355140193,-0.04205607476635509,8,True
2351,順德,20250821,20250822,81.1,entered,True,20250822,81.5,0.004932182490752224,0.023427866831072786,-0.007398273736128114,1,True,20250826,85.5,0.054254007398273796,0.05918618988902602,-0.007398273736128114,3,True,20250828,88.2,0.08754623921085081,0.10974106041923548,-0.007398273736128114,5,True,20250902,86.8,0.07028360049321836,0.12453760789149215,-0.007398273736128114,8,True
2352,佳世達,20221116,20221117,28.6,entered,True,20221117,28.95,0.012237762237762073,0.013986013986013957,-0.0034965034965035446,1,True,20221121,28.9,0.010489510489510412,0.020979020979020824,-0.0034965034965035446,3,True,20221123,28.75,0.005244755244755206,0.020979020979020824,-0.0034965034965035446,5,True,20221128,28.15,-0.01573426573426584,0.020979020979020824,-0.019230769230769273,8,True
2352,佳世達,20230220,20230221,29.85,entered,True,20230221,29.5,-0.011725293132328396,0.0016750418760467234,-0.015075376884422176,1,True,20230223,29.95,0.003350083752093669,0.010050251256281229,-0.0201005025125629,3,True,20230301,30.25,0.01340033500837512,0.02010050251256268,-0.0201005025125629,5,True,20230306,30.55,0.02345058626465657,0.03350083752093802,-0.0201005025125629,8,True
2352,佳世達,20230608,20230609,44.2,entered,True,20230609,45.4,0.02714932126696823,0.036199095022624306,-0.007918552036199178,1,True,20230613,47.4,0.07239819004524883,0.0803167420814479,-0.007918552036199178,3,True,20230615,48.4,0.09502262443438902,0.10520361990950233,-0.007918552036199178,5,True,20230620,46.8,0.0588235294117645,0.10520361990950233,-0.007918552036199178,8,True
2352,佳世達,20241017,20241018,38.5,entered,True,20241018,38.4,-0.0025974025974025983,0.01298701298701288,-0.007792207792207684,1,True,20241022,38.7,0.0051948051948051965,0.01298701298701288,-0.007792207792207684,3,True,20241024,37.2,-0.033766233766233666,0.01298701298701288,-0.038961038961038974,5,True,20241029,36.05,-0.06363636363636371,0.01298701298701288,-0.07532467532467524,8,True
2352,佳世達,20260521,20260522,28.2,entered,True,20260522,28.75,0.019503546099290725,0.03900709219858167,-0.005319148936170137,1,True,20260526,28.1,-0.0035460992907800915,0.03900709219858167,-0.007092198581560294,3,True,20260528,27.65,-0.019503546099290836,0.03900709219858167,-0.03191489361702127,5,True,20260602,31.5,0.1170212765957448,0.1170212765957448,-0.03191489361702127,8,True
2353,宏碁,20220105,20220106,30.55,entered,True,20220106,30.45,-0.00327332242225864,0.008183306055646433,-0.009819967266775809,1,True,20220110,30.25,-0.009819967266775809,0.008183306055646433,-0.022913256955810146,3,True,20220112,30.15,-0.013093289689034449,0.008183306055646433,-0.022913256955810146,5,True,20220117,30.45,-0.00327332242225864,0.008183306055646433,-0.022913256955810146,8,True
2353,宏碁,20231219,20231220,41.2,entered,True,20231220,44.6,0.08252427184466016,0.08616504854368934,-0.009708737864077777,1,True,20231222,45.3,0.09951456310679596,0.10922330097087385,-0.009708737864077777,3,True,20231226,50.6,0.22815533980582514,0.22815533980582514,-0.009708737864077777,5,True,20231229,53.8,0.30582524271844647,0.36650485436893177,-0.009708737864077777,8,True
2353,宏碁,20260114,20260115,27.5,entered,True,20260115,27.1,-0.014545454545454528,0.0,-0.021818181818181848,1,True,20260119,27.3,-0.0072727272727272085,0.0036363636363636598,-0.023636363636363567,3,True,20260121,26.15,-0.049090909090909185,0.0036363636363636598,-0.052727272727272734,5,True,20260126,26.15,-0.049090909090909185,0.0036363636363636598,-0.054545454545454564,8,True
2353,宏碁,20260318,20260319,28.65,entered,True,20260319,28.35,-0.010471204188481575,0.017452006980802848,-0.012216404886561838,1,True,20260323,27.0,-0.05759162303664922,0.017452006980802848,-0.06457242582897027,3,True,20260325,27.1,-0.054101221640488584,0.017452006980802848,-0.0680628272251309,5,True,20260330,27.0,-0.05759162303664922,0.017452006980802848,-0.0680628272251309,8,True
2353,宏碁,20260814,20260817,32.5,entered,True,20260817,31.45,-0.03230769230769237,0.0015384615384614886,-0.05384615384615388,1,True,20260819,30.9,-0.0492307692307693,0.0015384615384614886,-0.07538461538461538,3,True,20260821,30.7,-0.055384615384615365,0.0015384615384614886,-0.07538461538461538,5,True,20260826,31.4,-0.03384615384615386,0.0015384615384614886,-0.07538461538461538,8,True
2354,鴻準,20220105,20220106,66.0,entered,True,20220106,65.7,-0.004545454545454519,0.003030303030303161,-0.012121212121212088,1,True,20220110,64.0,-0.030303030303030276,0.003030303030303161,-0.034848484848484795,3,True,20220112,63.3,-0.040909090909091006,0.003030303030303161,-0.04999999999999993,5,True,20220117,62.4,-0.054545454545454564,0.003030303030303161,-0.06060606060606055,8,True
2354,鴻準,20221109,20221110,47.95,entered,True,20221110,47.55,-0.008342022940563187,0.0031282586027110426,-0.011470281543274341,1,True,20221114,49.5,0.03232533889468181,0.03858185610010412,-0.011470281543274341,3,True,20221116,50.1,0.044838373305526646,0.05943691345151181,-0.011470281543274341,5,True,20221121,49.55,0.033368091762252305,0.05943691345151181,-0.011470281543274341,8,True
2354,鴻準,20221130,20221201,52.8,entered,True,20221201,51.9,-0.017045454545454475,0.0,-0.018939393939393923,1,True,20221205,54.2,0.026515151515151603,0.03977272727272729,-0.018939393939393923,3,True,20221207,52.8,0.0,0.03977272727272729,-0.018939393939393923,5,True,20221212,52.8,0.0,0.03977272727272729,-0.018939393939393923,8,True
2354,鴻準,20230130,20230131,55.2,entered,True,20230131,54.2,-0.018115942028985477,0.0036231884057971175,-0.021739130434782705,1,True,20230202,56.4,0.021739130434782483,0.02898550724637672,-0.021739130434782705,3,True,20230206,56.5,0.023550724637681153,0.032608695652173836,-0.021739130434782705,5,True,20230209,55.5,0.005434782608695565,0.032608695652173836,-0.021739130434782705,8,True
2354,鴻準,20230915,20230918,59.0,entered,True,20230918,57.1,-0.03220338983050841,0.0,-0.03220338983050841,1,True,20230920,58.9,-0.0016949152542372614,0.06440677966101682,-0.03220338983050841,3,True,20230922,57.5,-0.025423728813559365,0.06440677966101682,-0.03220338983050841,5,True,20230927,55.9,-0.05254237288135599,0.06440677966101682,-0.05932203389830504,8,True
2354,鴻準,20241024,20241025,71.5,entered,True,20241025,72.7,0.016783216783216925,0.025174825174825166,-0.009790209790209836,1,True,20241029,73.3,0.025174825174825166,0.06153846153846154,-0.034965034965035,3,True,20241101,81.5,0.1398601398601398,0.14685314685314688,-0.034965034965035,5,True,20241106,87.2,0.21958041958041963,0.26433566433566447,-0.034965034965035,8,True
2354,鴻準,20250612,20250613,64.3,entered,True,20250613,64.3,0.0,0.015552099533437058,-0.009331259720062102,1,True,20250617,63.6,-0.010886469673405896,0.015552099533437058,-0.013996889580093264,3,True,20250619,62.5,-0.027993779160186527,0.015552099533437058,-0.029548989113530322,5,True,20250624,64.6,0.004665629860031162,0.015552099533437058,-0.051321928460342114,8,True
2354,鴻準,20250805,20250806,71.0,entered,True,20250806,69.6,-0.019718309859155014,0.015492957746478853,-0.025352112676056304,1,True,20250808,69.4,-0.022535211267605604,0.015492957746478853,-0.03943661971830981,3,True,20250812,71.7,0.009859154929577452,0.09436619718309869,-0.03943661971830981,5,True,20250815,71.8,0.011267605633802802,0.09436619718309869,-0.03943661971830981,8,True
2354,鴻準,20260827,20260828,65.3,censored,False,20260828,63.9,-0.02143950995405819,0.0,-0.030627871362940318,1,True,,,,,,0,False,,,,,,0,False,,,,,,0,False
2355,敬鵬,20220104,20220105,42.65,entered,True,20220105,41.05,-0.03751465416178201,0.041031652989449,-0.053927315357561456,1,True,20220107,38.05,-0.10785463071512313,0.041031652989449,-0.11371629542790151,3,True,20220111,36.3,-0.14888628370457213,0.041031652989449,-0.15240328253223911,5,True,20220114,36.7,-0.13950762016412654,0.041031652989449,-0.15240328253223911,8,True
2355,敬鵬,20260317,20260318,46.1,entered,True,20260318,48.15,0.04446854663774391,0.06941431670281983,0.0,1,True,20260320,45.5,-0.013015184381778733,0.06941431670281983,-0.013015184381778733,3,True,20260324,42.5,-0.07809110629067251,0.06941431670281983,-0.10303687635574832,5,True,20260327,50.5,0.0954446854663773,0.1171366594360086,-0.10303687635574832,8,True
2355,敬鵬,20260827,20260828,44.6,censored,False,20260828,44.5,-0.0022421524663677195,0.017937219730941534,-0.01681614349775784,1,True,,,,,,0,False,,,,,,0,False,,,,,,0,False
2356,英業達,20230322,20230323,30.15,entered,True,20230323,31.15,0.03316749585406309,0.03482587064676612,-0.00497512437810943,1,True,20230327,30.8,0.021558872305140975,0.03980099502487566,-0.00497512437810943,3,True,20230329,31.1,0.03150912106136006,0.03980099502487566,-0.00497512437810943,5,True,20230406,33.9,0.12437810945273631,0.12437810945273631,-0.00497512437810943,8,True
2356,英業達,20230609,20230612,38.8,entered,True,20230612,36.95,-0.04768041237113385,0.005154639175257714,-0.05025773195876282,1,True,20230614,42.95,0.106958762886598,0.14561855670103108,-0.05025773195876282,3,True,20230616,45.5,0.17268041237113407,0.22036082474226815,-0.05025773195876282,5,True,20230621,44.75,0.15335051546391765,0.22036082474226815,-0.05025773195876282,8,True
2356,英業達,20240123,20240124,57.7,entered,True,20240124,56.5,-0.020797227036395194,0.008665511265164572,-0.024263431542461134,1,True,20240126,55.4,-0.03986135181975747,0.008665511265164572,-0.045060658578856216,3,True,20240130,56.1,-0.02772963604852685,0.008665511265164572,-0.045060658578856216,5,True,20240202,56.3,-0.024263431542461134,0.008665511265164572,-0.06412478336221838,8,True
2356,英業達,20241106,20241107,52.0,entered,True,20241107,52.5,0.009615384615384581,0.026923076923076827,-0.007692307692307665,1,True,20241111,54.1,0.04038461538461546,0.05384615384615388,-0.007692307692307665,3,True,20241113,51.0,-0.019230769230769273,0.05384615384615388,-0.0346153846153846,5,True,20241118,48.9,-0.059615384615384626,0.05384615384615388,-0.059615384615384626,8,True
2356,英業達,20250912,20250915,43.8,entered,True,20250915,43.6,-0.004566210045662045,0.0022831050228311334,-0.013698630136986134,1,True,20250917,42.75,-0.023972602739726012,0.0022831050228311334,-0.026255707762557035,3,True,20250919,44.55,0.017123287671232834,0.03767123287671237,-0.02739726027397249,5,True,20250924,44.65,0.019406392694063967,0.03767123287671237,-0.02739726027397249,8,True
2356,英業達,20250925,20250926,47.1,entered,True,20250926,44.9,-0.04670912951167738,0.0010615711252652815,-0.05414012738853513,1,True,20251001,45.05,-0.043524416135881205,0.002123142250530785,-0.05414012738853513,3,True,20251003,45.75,-0.0286624203821656,0.002123142250530785,-0.05414012738853513,5,True,20251009,46.35,-0.015923566878980888,0.019108280254777066,-0.05414012738853513,8,True
2356,英業達,20251205,20251208,47.85,entered,True,20251208,47.3,-0.011494252873563315,0.0,-0.01985370950888199,1,True,20251210,44.5,-0.07001044932079414,0.0,-0.08045977011494254,3,True,20251212,43.65,-0.08777429467084641,0.0,-0.08881922675026122,5,True,20251217,42.35,-0.11494252873563215,0.0,-0.11494252873563215,8,True
2356,英業達,20260424,20260427,50.3,entered,True,20260427,46.7,-0.07157057654075538,0.0,-0.07852882703777331,1,True,20260429,46.3,-0.07952286282306165,0.0,-0.10238568588469188,3,True,20260504,46.5,-0.07554671968190851,0.0,-0.10238568588469188,5,True,20260507,49.95,-0.006958250497017815,0.0059642147117298094,-0.10238568588469188,8,True
2357,華碩,20230130,20230131,280.0,entered,True,20230131,272.0,-0.02857142857142858,0.0017857142857142794,-0.03035714285714286,1,True,20230202,278.5,-0.005357142857142838,0.0017857142857142794,-0.03035714285714286,3,True,20230206,276.0,-0.014285714285714235,0.0017857142857142794,-0.03035714285714286,5,True,20230209,276.0,-0.014285714285714235,0.0017857142857142794,-0.03035714285714286,8,True
2357,華碩,20231213,20231214,410.0,entered,True,20231214,411.0,0.0024390243902439046,0.014634146341463428,-0.013414634146341475,1,True,20231218,428.5,0.045121951219512235,0.05853658536585371,-0.01585365853658538,3,True,20231220,450.0,0.09756097560975618,0.12317073170731718,-0.01585365853658538,5,True,20231225,471.5,0.1499999999999999,0.1682926829268292,-0.01585365853658538,8,True
2358,廷鑫,20220104,20220105,24.0,entered,True,20220105,23.6,-0.016666666666666607,0.02083333333333326,-0.016666666666666607,1,True,20220107,28.2,0.17500000000000004,0.1875,-0.016666666666666607,3,True,20220111,25.5,0.0625,0.1875,-0.016666666666666607,5,True,20220114,26.1,0.08750000000000013,0.1875,-0.016666666666666607,8,True
2359,所羅門,20220609,20220610,27.85,entered,True,20220610,28.5,0.02333931777378817,0.03949730700179521,0.0,1,True,20220614,26.25,-0.05745062836624781,0.03949730700179521,-0.07719928186714553,3,True,20220616,25.4,-0.087971274685817,0.03949730700179521,-0.087971274685817,5,True,20220621,24.6,-0.11669658886894074,0.03949730700179521,-0.15439856373429084,8,True
2359,所羅門,20220808,20220809,31.55,entered,True,20220809,32.75,0.03803486529318545,0.03803486529318545,-0.02535657686212367,1,True,20220811,27.7,-0.12202852614896997,0.03803486529318545,-0.13312202852614896,3,True,20220815,27.7,-0.12202852614896997,0.03803486529318545,-0.13629160063391443,5,True,20220818,28.15,-0.1077654516640254,0.03803486529318545,-0.13629160063391443,8,True
2359,所羅門,20230306,20230307,29.3,entered,True,20230307,31.5,0.07508532423208192,0.07508532423208192,-0.005119453924914752,1,True,20230309,34.55,0.17918088737201354,0.28839590443686003,-0.005119453924914752,3,True,20230313,33.35,0.1382252559726962,0.28839590443686003,-0.005119453924914752,5,True,20230316,31.3,0.06825938566552892,0.28839590443686003,-0.005119453924914752,8,True
2359,所羅門,20230726,20230727,44.0,entered,True,20230727,43.7,-0.006818181818181723,0.05454545454545445,-0.0193181818181819,1,True,20230731,39.8,-0.09545454545454557,0.05454545454545445,-0.10454545454545461,3,True,20230802,37.75,-0.14204545454545459,0.05454545454545445,-0.15113636363636362,5,True,20230808,37.6,-0.1454545454545454,0.05454545454545445,-0.16136363636363638,8,True
2359,所羅門,20240311,20240312,39.4,entered,True,20240312,41.2,0.045685279187817285,0.06218274111675126,-0.0012690355329948444,1,True,20240314,40.4,0.025380710659898442,0.06852791878172604,-0.0012690355329948444,3,True,20240318,41.05,0.04187817258883242,0.06852791878172604,-0.0012690355329948444,5,True,20240321,54.2,0.3756345177664975,0.3756345177664975,-0.0012690355329948444,8,True
2359,所羅門,20241211,20241212,146.0,entered,True,20241212,154.0,0.0547945205479452,0.06849315068493156,0.0,1,True,20241216,148.5,0.017123287671232834,0.08219178082191791,0.0,3,True,20241218,160.5,0.09931506849315075,0.11643835616438358,0.0,5,True,20241223,168.5,0.15410958904109595,0.18150684931506844,0.0,8,True
2359,所羅門,20241225,20241226,179.0,entered,True,20241226,168.0,-0.06145251396648044,0.005586592178770999,-0.06145251396648044,1,True,20241230,163.5,-0.08659217877094971,0.005586592178770999,-0.0977653631284916,3,True,20250102,164.5,-0.08100558659217882,0.005586592178770999,-0.1033519553072626,5,True,20250107,164.0,-0.08379888268156421,0.005586592178770999,-0.12011173184357538,8,True
2359,所羅門,20250221,20250224,158.5,entered,True,20250224,158.5,0.0,0.01577287066246047,-0.009463722397476393,1,True,20250226,160.0,0.009463722397476282,0.01577287066246047,-0.03154574132492116,3,True,20250303,158.0,-0.003154574132492094,0.05993690851735023,-0.034700315457413256,5,True,20250306,153.0,-0.034700315457413256,0.05993690851735023,-0.03785488958990535,8,True
2359,所羅門,20250723,20250724,146.0,entered,True,20250724,145.0,-0.006849315068493178,0.020547945205479534,-0.03082191780821919,1,True,20250728,141.0,-0.03424657534246578,0.020547945205479534,-0.04109589041095896,3,True,20250730,139.5,-0.044520547945205435,0.020547945205479534,-0.05821917808219179,5,True,20250804,143.5,-0.017123287671232834,0.020547945205479534,-0.08561643835616439,8,True
2359,所羅門,20250818,20250819,152.5,entered,True,20250819,145.5,-0.04590163934426228,0.0,-0.05245901639344264,1,True,20250821,141.0,-0.07540983606557372,0.0,-0.08196721311475408,3,True,20250825,151.5,-0.006557377049180357,0.0,-0.09508196721311479,5,True,20250828,162.0,0.062295081967213006,0.15081967213114744,-0.09508196721311479,8,True
2359,所羅門,20260128,20260129,145.5,entered,True,20260129,137.0,-0.05841924398625431,0.02405498281786933,-0.07903780068728528,1,True,20260202,125.0,-0.14089347079037806,0.02405498281786933,-0.15463917525773196,3,True,20260204,128.0,-0.1202749140893471,0.02405498281786933,-0.15463917525773196,5,True,20260209,126.5,-0.13058419243986252,0.02405498281786933,-0.16838487972508587,8,True
2360,致茂,20230529,20230530,225.5,entered,True,20230530,226.0,0.0022172949002217113,0.008869179600886845,-0.019955654101995512,1,True,20230601,225.5,0.0,0.0509977827050998,-0.037694013303769425,3,True,20230605,219.0,-0.02882483370288247,0.0509977827050998,-0.04212860310421285,5,True,20230608,225.0,-0.0022172949002217113,0.0509977827050998,-0.04212860310421285,8,True
2360,致茂,20240527,20240528,300.5,entered,True,20240528,295.0,-0.01830282861896837,0.03494176372712143,-0.0266222961730449,1,True,20240530,292.5,-0.0266222961730449,0.03494176372712143,-0.038269550748752046,3,True,20240603,284.5,-0.0532445923460898,0.03494176372712143,-0.061564059900166335,5,True,20240606,279.0,-0.07154742096505828,0.03494176372712143,-0.08319467554076543,8,True
2360,致茂,20240618,20240619,331.0,entered,True,20240619,317.5,-0.04078549848942603,0.01812688821752273,-0.051359516616314216,1,True,20240621,326.0,-0.015105740181268867,0.01812688821752273,-0.07250755287009059,3,True,20240625,318.5,-0.03776435045317217,0.01812688821752273,-0.08006042296072513,5,True,20240628,318.0,-0.0392749244712991,0.01812688821752273,-0.08006042296072513,8,True
2360,致茂,20250630,20250701,442.5,entered,True,20250701,438.5,-0.009039548022598876,0.047457627118643986,-0.012429378531073398,1,True,20250703,434.5,-0.01807909604519775,0.047457627118643986,-0.027118644067796627,3,True,20250707,432.5,-0.02259887005649719,0.047457627118643986,-0.03502824858757059,5,True,20250710,426.0,-0.037288135593220306,0.047457627118643986,-0.05875706214689269,8,True
2362,藍天,20240516,20240517,60.9,entered,True,20240517,62.2,0.021346469622331776,0.026272577996715896,-0.0377668308702791,1,True,20240521,59.7,-0.019704433497536922,0.04269293924466333,-0.0377668308702791,3,True,20240523,61.6,0.011494252873563315,0.05254515599343179,-0.0377668308702791,5,True,20240528,66.1,0.08538587848932666,0.11330049261083741,-0.0377668308702791,8,True
2363,矽統,20240412,20240415,60.5,entered,True,20240415,62.0,0.024793388429751984,0.04132231404958686,-0.011570247933884392,1,True,20240417,68.9,0.1388429752066116,0.14380165289256208,-0.018181818181818188,3,True,20240419,68.2,0.12727272727272743,0.2148760330578512,-0.018181818181818188,5,True,20240424,70.0,0.15702479338842967,0.2148760330578512,-0.018181818181818188,8,True
2363,矽統,20251027,20251028,61.4,entered,True,20251028,57.3,-0.0667752442996743,0.0,-0.06840390879478819,1,True,20251030,55.3,-0.09934853420195444,0.0,-0.09934853420195444,3,True,20251103,55.2,-0.10097719869706834,0.0,-0.10260586319218234,5,True,20251106,53.8,-0.12377850162866455,0.0,-0.15309446254071657,8,True
2363,矽統,20260119,20260120,51.4,entered,True,20260120,51.8,0.0077821011673151474,0.031128404669260812,-0.017509727626459082,1,True,20260122,55.1,0.07198443579766534,0.17509727626459148,-0.017509727626459082,3,True,20260126,55.0,0.07003891050583655,0.17509727626459148,-0.017509727626459082,5,True,20260129,55.3,0.07587548638132291,0.2354085603112841,-0.017509727626459082,8,True
2363,矽統,20260422,20260423,59.4,entered,True,20260423,54.1,-0.08922558922558921,0.0,-0.09427609427609429,1,True,20260427,53.0,-0.1077441077441077,0.0,-0.1077441077441077,3,True,20260429,51.3,-0.13636363636363635,0.0,-0.13804713804713797,5,True,20260505,55.8,-0.06060606060606066,0.0,-0.13804713804713797,8,True
2363,矽統,20260512,20260513,61.6,entered,True,20260513,59.9,-0.02759740259740262,0.016233766233766156,-0.04220779220779225,1,True,20260515,60.5,-0.017857142857142905,0.04707792207792205,-0.04383116883116889,3,True,20260519,60.5,-0.017857142857142905,0.05032467532467533,-0.0665584415584416,5,True,20260522,66.7,0.08279220779220786,0.11525974025974017,-0.0665584415584416,8,True
2363,矽統,20260522,20260525,68.9,entered,True,20260525,69.2,0.004354136429608024,0.04499274310595047,-0.036284470246734424,1,True,20260527,66.8,-0.030478955007257058,0.04499274310595047,-0.04063860667634267,3,True,20260529,66.9,-0.029027576197387495,0.04499274310595047,-0.07692307692307698,5,True,20260603,65.4,-0.05079825834542817,0.04499274310595047,-0.07692307692307698,8,True
2367,燿華,20231121,20231122,20.3,entered,True,20231122,20.55,0.012315270935960632,0.024630541871921263,-0.009852216748768461,1,True,20231124,20.25,-0.0024630541871921707,0.024630541871921263,-0.012315270935960632,3,True,20231128,21.0,0.034482758620689724,0.046798029556650134,-0.012315270935960632,5,True,20231201,22.2,0.09359605911330049,0.1206896551724137,-0.012315270935960632,8,True
2367,燿華,20240301,20240304,22.0,entered,True,20240304,23.9,0.0863636363636362,0.0863636363636362,0.0,1,True,20240306,26.65,0.2113636363636362,0.21363636363636362,0.0,3,True,20240308,24.3,0.1045454545454545,0.2727272727272727,0.0,5,True,20240313,25.1,0.14090909090909087,0.2727272727272727,0.0,8,True
2367,燿華,20240516,20240517,37.4,entered,True,20240517,38.4,0.02673796791443861,0.04278074866310155,-0.0401069518716578,1,True,20240521,39.15,0.046791443850267456,0.11096256684491967,-0.0401069518716578,3,True,20240523,38.25,0.022727272727272707,0.11096256684491967,-0.0401069518716578,5,True,20240528,36.55,-0.022727272727272818,0.11096256684491967,-0.0401069518716578,8,True
2367,燿華,20250711,20250714,25.35,entered,True,20250714,24.9,-0.01775147928994092,0.0,-0.025641025641025772,1,True,20250716,25.85,0.019723865877712132,0.03944773175542404,-0.025641025641025772,3,True,20250718,26.05,0.027613412228796763,0.041420118343195256,-0.025641025641025772,5,True,20250723,27.25,0.07495069033530566,0.13609467455621305,-0.025641025641025772,8,True
2367,燿華,20260127,20260128,50.0,entered,True,20260128,49.9,-0.0020000000000000018,0.018000000000000016,-0.04700000000000004,1,True,20260130,51.8,0.03600000000000003,0.07400000000000007,-0.04700000000000004,3,True,20260203,54.1,0.08200000000000007,0.08200000000000007,-0.04700000000000004,5,True,20260206,53.5,0.07000000000000006,0.246,-0.04700000000000004,8,True
2367,燿華,20260525,20260526,70.1,entered,True,20260526,66.7,-0.04850213980028517,0.0014265335235379428,-0.05706134094151216,1,True,20260528,65.8,-0.061340941512125546,0.0014265335235379428,-0.0841654778887303,3,True,20260601,67.4,-0.03851640513552057,0.0014265335235379428,-0.0841654778887303,5,True,20260604,62.0,-0.11554921540656193,0.0014265335235379428,-0.11554921540656193,8,True
2368,金像電,20231114,20231115,234.5,entered,True,20231115,229.0,-0.023454157782516027,0.006396588486140775,-0.031982942430703654,1,True,20231117,221.5,-0.05543710021321957,0.006396588486140775,-0.07675906183368875,3,True,20231121,225.0,-0.04051172707889128,0.006396588486140775,-0.07675906183368875,5,True,20231124,217.5,-0.07249466950959493,0.006396588486140775,-0.08742004264392322,8,True
2368,金像電,20231208,20231211,239.5,entered,True,20231211,220.5,-0.07933194154488521,0.0020876826722338038,-0.07933194154488521,1,True,20231213,223.5,-0.06680584551148228,0.0020876826722338038,-0.09185803757828814,3,True,20231215,215.5,-0.10020876826722336,0.0020876826722338038,-0.10855949895615868,5,True,20231220,213.5,-0.10855949895615868,0.0020876826722338038,-0.11899791231732781,8,True
2368,金像電,20240130,20240131,232.5,entered,True,20240131,229.0,-0.01505376344086018,0.023655913978494647,-0.01505376344086018,1,True,20240202,241.0,0.03655913978494629,0.058064516129032295,-0.02580645161290318,3,True,20240215,273.0,0.17419354838709666,0.17419354838709666,-0.02580645161290318,5,True,20240220,261.5,0.12473118279569895,0.22150537634408596,-0.02580645161290318,8,True
2368,金像電,20240702,20240703,214.5,entered,True,20240703,215.0,0.002331002331002363,0.01631701631701632,-0.004662004662004615,1,True,20240705,229.0,0.06759906759906764,0.08624708624708632,-0.004662004662004615,3,True,20240709,224.0,0.04428904428904423,0.08624708624708632,-0.004662004662004615,5,True,20240712,215.0,0.002331002331002363,0.08624708624708632,-0.004662004662004615,8,True
2368,金像電,20240903,20240904,210.0,entered,True,20240904,210.5,0.0023809523809523725,0.03809523809523818,-0.030952380952380953,1,True,20240906,204.5,-0.02619047619047621,0.03809523809523818,-0.0357142857142857,3,True,20240910,196.5,-0.06428571428571428,0.03809523809523818,-0.08571428571428574,5,True,20240913,202.5,-0.0357142857142857,0.03809523809523818,-0.08571428571428574,8,True
2368,金像電,20241213,20241216,236.0,entered,True,20241216,240.5,0.019067796610169552,0.06144067796610164,-0.010593220338983023,1,True,20241218,236.5,0.0021186440677967155,0.06144067796610164,-0.0423728813559322,3,True,20241220,230.5,-0.02330508474576276,0.06144067796610164,-0.04661016949152541,5,True,20241225,233.5,-0.010593220338983023,0.06144067796610164,-0.04661016949152541,8,True
2368,金像電,20250522,20250523,248.5,entered,True,20250523,243.5,-0.02012072434607648,0.012072434607645954,-0.028169014084507005,1,True,20250527,243.5,-0.02012072434607648,0.012072434607645954,-0.030181086519114664,3,True,20250529,260.0,0.046277665995975825,0.05633802816901401,-0.030181086519114664,5,True,20250604,268.0,0.07847082494969815,0.10663983903420515,-0.030181086519114664,8,True
2368,金像電,20250704,20250707,299.5,entered,True,20250707,298.0,-0.005008347245408995,0.011686143572620988,-0.018363939899833093,1,True,20250709,323.0,0.07846410684474114,0.08013355592654414,-0.018363939899833093,3,True,20250711,310.5,0.036727879799666185,0.08347245409015036,-0.018363939899833093,5,True,20250716,317.5,0.06010016694490816,0.08347245409015036,-0.018363939899833093,8,True
2369,菱生,20240215,20240216,25.9,entered,True,20240216,28.1,0.084942084942085,0.084942084942085,0.0,1,True,20240220,27.75,0.0714285714285714,0.18725868725868722,0.0,3,True,20240222,27.25,0.05212355212355213,0.18725868725868722,0.0,5,True,20240227,26.4,0.019305019305019266,0.18725868725868722,-0.0038610038610037423,8,True
2369,菱生,20251112,20251113,23.25,entered,True,20251113,23.2,-0.0021505376344086446,0.04086021505376336,-0.01505376344086029,1,True,20251117,22.1,-0.04946236559139783,0.04086021505376336,-0.06021505376344083,3,True,20251119,20.2,-0.13118279569892477,0.04086021505376336,-0.13333333333333341,5,True,20251124,19.2,-0.17419354838709677,0.04086021505376336,-0.17849462365591395,8,True
2369,菱生,20260116,20260119,29.5,entered,True,20260119,30.95,0.04915254237288136,0.04915254237288136,0.0,1,True,20260121,30.55,0.035593220338983045,0.1423728813559324,0.0,3,True,20260123,27.65,-0.06271186440677967,0.1423728813559324,-0.06779661016949157,5,True,20260128,28.85,-0.02203389830508473,0.1423728813559324,-0.07627118644067798,8,True
2369,菱生,20260317,20260318,30.25,entered,True,20260318,31.55,0.04297520661157028,0.06115702479338858,-0.046280991735537125,1,True,20260320,35.75,0.18181818181818188,0.18181818181818188,-0.046280991735537125,3,True,20260324,32.65,0.07933884297520666,0.28099173553719003,-0.046280991735537125,5,True,20260327,30.7,0.014876033057851235,0.28099173553719003,-0.046280991735537125,8,True
2369,菱生,20260505,20260506,34.25,entered,True,20260506,31.9,-0.06861313868613139,0.0,-0.07737226277372256,1,True,20260508,30.7,-0.10364963503649638,0.0,-0.11678832116788318,3,True,20260512,31.2,-0.089051094890511,0.0,-0.12408759124087587,5,True,20260515,29.7,-0.13284671532846715,0.0,-0.1430656934306569,8,True
2371,大同,20221207,20221208,33.95,entered,True,20221208,33.4,-0.01620029455081018,0.0,-0.022091310751104598,1,True,20221212,33.7,-0.007363770250368162,0.013254786450662692,-0.022091310751104598,3,True,20221214,34.85,0.026509572901325384,0.02945508100147265,-0.022091310751104598,5,True,20221219,34.7,0.022091310751104487,0.04123711340206171,-0.022091310751104598,8,True
2371,大同,20230215,20230216,34.15,entered,True,20230216,34.0,-0.004392386530014614,0.002928257686676483,-0.004392386530014614,1,True,20230220,34.15,0.0,0.00878477306002945,-0.008784773060029227,3,True,20230222,33.8,-0.01024890190336758,0.01171303074670571,-0.01024890190336758,5,True,20230301,33.2,-0.027818448023425923,0.01171303074670571,-0.029282576866764276,8,True
2371,大同,20230621,20230626,51.6,entered,True,20230626,53.9,0.04457364341085257,0.05232558139534871,-0.007751937984496138,1,True,20230628,54.5,0.05620155038759678,0.06589147286821695,-0.007751937984496138,3,True,20230630,54.3,0.05232558139534871,0.0852713178294573,-0.007751937984496138,5,True,20230705,54.8,0.06201550387596888,0.11627906976744184,-0.007751937984496138,8,True
2371,大同,20240301,20240304,54.0,entered,True,20240304,53.0,-0.01851851851851849,0.0185185185185186,-0.025925925925925908,1,True,20240306,53.0,-0.01851851851851849,0.0185185185185186,-0.040740740740740744,3,True,20240308,50.0,-0.07407407407407407,0.0185185185185186,-0.07685185185185184,5,True,20240313,48.65,-0.09907407407407409,0.0185185185185186,-0.10370370370370374,8,True
2371,大同,20250812,20250813,39.7,entered,True,20250813,39.7,0.0,0.00881612090680095,-0.01385390428211597,1,True,20250815,43.0,0.08312342569269515,0.08816120906801017,-0.01385390428211597,3,True,20250819,43.3,0.09068010075566746,0.10453400503778343,-0.01385390428211597,5,True,20250822,41.45,0.044080604534004975,0.10453400503778343,-0.01385390428211597,8,True
2371,大同,20251211,20251212,34.05,entered,True,20251212,35.1,0.03083700440528636,0.07048458149779746,-0.007342143906020504,1,True,20251216,31.5,-0.07488986784140961,0.07048458149779746,-0.07488986784140961,3,True,20251218,30.75,-0.09691629955947134,0.07048458149779746,-0.11894273127753296,5,True,20251223,31.6,-0.07195301027900136,0.07048458149779746,-0.11894273127753296,8,True
2371,大同,20260603,20260604,31.7,entered,True,20260604,32.05,0.011041009463722329,0.034700315457413256,-0.007886435331230235,1,True,20260608,28.85,-0.08990536277602512,0.034700315457413256,-0.12460567823343849,3,True,20260610,28.25,-0.10883280757097791,0.034700315457413256,-0.12460567823343849,5,True,20260615,28.45,-0.10252365930599372,0.034700315457413256,-0.13564668769716093,8,True
2371,大同,20260827,20260828,29.55,censored,False,20260828,28.5,-0.035532994923857864,0.0,-0.045685279187817285,1,True,,,,,,0,False,,,,,,0,False,,,,,,0,False
2374,佳能,20231123,20231124,26.35,entered,True,20231124,26.6,0.009487666034155628,0.015180265654648917,-0.011385199240986799,1,True,20231128,26.75,0.015180265654648917,0.030360531309297834,-0.011385199240986799,3,True,20231130,26.85,0.018975332068311257,0.030360531309297834,-0.011385199240986799,5,True,20231205,25.8,-0.020872865275142316,0.030360531309297834,-0.026565464895635826,8,True
2374,佳能,20241212,20241213,51.5,entered,True,20241213,50.2,-0.025242718446601864,0.013592233009708687,-0.03398058252427183,1,True,20241217,56.6,0.09902912621359228,0.11650485436893199,-0.03398058252427183,3,True,20241219,61.6,0.19611650485436893,0.19611650485436893,-0.03398058252427183,5,True,20241224,63.8,0.23883495145631062,0.29902912621359223,-0.03398058252427183,8,True
2374,佳能,20250717,20250718,56.4,entered,True,20250718,56.9,0.00886524822695045,0.021276595744680993,-0.014184397163120477,1,True,20250722,58.4,0.03546099290780136,0.1028368794326242,-0.014184397163120477,3,True,20250724,59.9,0.06205673758865249,0.10992907801418439,-0.014184397163120477,5,True,20250729,58.8,0.042553191489361764,0.10992907801418439,-0.014184397163120477,8,True
2374,佳能,20260116,20260119,82.6,entered,True,20260119,80.6,-0.02421307506053272,0.008474576271186418,-0.02421307506053272,1,True,20260121,82.5,-0.001210653753026536,0.037530266343825724,-0.03389830508474578,3,True,20260123,83.2,0.007263922518159882,0.07627118644067821,-0.03389830508474578,5,True,20260128,91.1,0.102905569007264,0.11985472154963683,-0.03389830508474578,8,True
2374,佳能,20260128,20260129,93.1,entered,True,20260129,94.6,0.01611170784103111,0.04833512352309355,-0.04726100966702462,1,True,20260202,79.7,-0.1439312567132115,0.04833512352309355,-0.16756176154672386,3,True,20260204,80.3,-0.13748657357679916,0.04833512352309355,-0.16756176154672386,5,True,20260209,78.1,-0.16111707841031153,0.04833512352309355,-0.16970998925886138,8,True
2374,佳能,20260430,20260504,80.0,entered,True,20260504,82.0,0.02499999999999991,0.030000000000000027,-0.02375000000000005,1,True,20260506,79.2,-0.010000000000000009,0.03874999999999984,-0.02375000000000005,3,True,20260508,78.5,-0.018750000000000044,0.03874999999999984,-0.036250000000000115,5,True,20260513,79.9,-0.0012499999999999734,0.046250000000000124,-0.036250000000000115,8,True
2374,佳能,20260515,20260518,81.5,entered,True,20260518,82.4,0.011042944785276232,0.018404907975460016,-0.052760736196318936,1,True,20260520,78.8,-0.03312883435582825,0.018404907975460016,-0.052760736196318936,3,True,20260522,83.4,0.02331288343558291,0.030674846625766916,-0.052760736196318936,5,True,20260527,80.8,-0.008588957055214785,0.052760736196318936,-0.052760736196318936,8,True
2375,凱美,20230308,20230309,81.5,entered,True,20230309,80.7,-0.009815950920245342,0.01717791411042957,-0.02208588957055213,1,True,20230313,77.0,-0.05521472392638038,0.01717791411042957,-0.08343558282208585,3,True,20230315,76.3,-0.06380368098159517,0.01717791411042957,-0.08343558282208585,5,True,20230320,76.5,-0.06134969325153372,0.01717791411042957,-0.09815950920245398,8,True
2375,凱美,20260114,20260115,100.0,entered,True,20260115,98.2,-0.018000000000000016,0.04499999999999993,-0.020000000000000018,1,True,20260119,107.0,0.07000000000000006,0.08000000000000007,-0.04200000000000004,3,True,20260121,103.0,0.030000000000000027,0.08000000000000007,-0.04200000000000004,5,True,20260126,102.0,0.020000000000000018,0.09499999999999997,-0.04200000000000004,8,True
2376,技嘉,20230130,20230131,118.5,entered,True,20230131,115.5,-0.025316455696202556,0.029535864978903037,-0.03375527426160341,1,True,20230202,118.0,-0.00421940928270037,0.029535864978903037,-0.03375527426160341,3,True,20230206,116.0,-0.021097046413502074,0.029535864978903037,-0.04219409282700426,5,True,20230209,117.0,-0.012658227848101222,0.03375527426160341,-0.04219409282700426,8,True
2376,技嘉,20230322,20230323,123.0,entered,True,20230323,126.0,0.024390243902439046,0.024390243902439046,-0.008130081300813052,1,True,20230327,128.0,0.04065040650406515,0.05691056910569103,-0.008130081300813052,3,True,20230329,130.0,0.05691056910569103,0.05691056910569103,-0.008130081300813052,5,True,20230406,138.0,0.12195121951219523,0.12195121951219523,-0.008130081300813052,8,True
2376,技嘉,20230519,20230522,163.5,entered,True,20230522,161.5,-0.012232415902140636,0.006116207951070374,-0.02752293577981646,1,True,20230524,165.0,0.00917431192660545,0.024464831804281273,-0.02752293577981646,3,True,20230526,185.0,0.13149847094801226,0.20795107033639137,-0.02752293577981646,5,True,20230531,186.5,0.1406727828746177,0.20795107033639137,-0.02752293577981646,8,True
2376,技嘉,20230602,20230605,201.0,entered,True,20230605,211.5,0.052238805970149294,0.05970149253731338,-0.01741293532338306,1,True,20230607,224.5,0.11691542288557222,0.12189054726368154,-0.01741293532338306,3,True,20230609,240.5,0.19651741293532332,0.19651741293532332,-0.01741293532338306,5,True,20230614,242.5,0.20646766169154218,0.2885572139303483,-0.01741293532338306,8,True
2376,技嘉,20231207,20231208,269.5,entered,True,20231208,258.5,-0.04081632653061229,0.007421150278293043,-0.042671614100185495,1,True,20231212,250.5,-0.0705009276437848,0.007421150278293043,-0.0705009276437848,3,True,20231214,257.5,-0.04452690166975881,0.007421150278293043,-0.07235621521335811,5,True,20231219,260.0,-0.03525046382189234,0.007421150278293043,-0.07235621521335811,8,True
2376,技嘉,20240130,20240131,302.0,entered,True,20240131,309.0,0.023178807947019875,0.051324503311258374,-0.0066225165562914245,1,True,20240202,333.0,0.10264900662251653,0.12913907284768222,-0.0066225165562914245,3,True,20240215,370.5,0.22682119205298013,0.22682119205298013,-0.0066225165562914245,5,True,20240220,357.0,0.18211920529801318,0.3062913907284768,-0.0066225165562914245,8,True
2376,技嘉,20240517,20240520,327.5,entered,True,20240520,325.0,-0.007633587786259555,0.010687022900763399,-0.01526717557251911,1,True,20240522,328.5,0.003053435114503733,0.016793893129771087,-0.01526717557251911,3,True,20240524,319.0,-0.025954198473282397,0.016793893129771087,-0.03816793893129766,5,True,20240529,332.0,0.013740458015267132,0.04580152671755733,-0.03816793893129766,8,True
2376,技嘉,20241105,20241106,297.0,entered,True,20241106,303.0,0.02020202020202011,0.03703703703703698,0.0,1,True,20241108,305.5,0.028619528619528545,0.04040404040404044,0.0,3,True,20241112,295.0,-0.006734006734006703,0.04377104377104368,-0.006734006734006703,5,True,20241115,282.5,-0.04882154882154888,0.04377104377104368,-0.07912457912457915,8,True
2376,技嘉,20250106,20250107,290.0,entered,True,20250107,283.5,-0.022413793103448265,0.012068965517241459,-0.022413793103448265,1,True,20250109,276.5,-0.04655172413793107,0.012068965517241459,-0.0482758620689655,3,True,20250113,260.0,-0.10344827586206895,0.012068965517241459,-0.10862068965517246,5,True,20250116,250.5,-0.13620689655172413,0.012068965517241459,-0.1448275862068965,8,True
2376,技嘉,20250514,20250515,266.0,entered,True,20250515,265.5,-0.001879699248120259,0.03947368421052633,-0.003759398496240629,1,True,20250519,256.5,-0.0357142857142857,0.03947368421052633,-0.0357142857142857,3,True,20250521,260.0,-0.022556390977443663,0.03947368421052633,-0.043233082706766957,5,True,20250526,258.5,-0.02819548872180455,0.03947368421052633,-0.046992481203007475,8,True
2376,技嘉,20250529,20250602,272.0,entered,True,20250602,266.0,-0.022058823529411797,0.0,-0.03125,1,True,20250604,287.0,0.05514705882352944,0.06985294117647056,-0.03125,3,True,20250606,288.0,0.05882352941176472,0.07169117647058831,-0.03125,5,True,20250611,284.0,0.044117647058823595,0.07169117647058831,-0.03125,8,True
2376,技嘉,20250925,20250926,293.5,entered,True,20250926,293.0,-0.0017035775127768327,0.017035775127768327,-0.022146507666098825,1,True,20251001,293.0,-0.0017035775127768327,0.0528109028960817,-0.022146507666098825,3,True,20251003,311.5,0.061328790459965976,0.0630323679727427,-0.022146507666098825,5,True,20251009,299.0,0.01873935264054505,0.08006814310051102,-0.022146507666098825,8,True
2376,技嘉,20260415,20260416,280.0,entered,True,20260416,281.0,0.0035714285714285587,0.021428571428571352,-0.017857142857142905,1,True,20260420,279.0,-0.0035714285714285587,0.021428571428571352,-0.017857142857142905,3,True,20260422,285.0,0.017857142857142794,0.04285714285714293,-0.017857142857142905,5,True,20260427,285.0,0.017857142857142794,0.04285714285714293,-0.02857142857142858,8,True
2376,技嘉,20260507,20260508,316.0,entered,True,20260508,317.0,0.0031645569620253333,0.023734177215189778,-0.03639240506329111,1,True,20260512,321.0,0.015822784810126667,0.053797468354430444,-0.03639240506329111,3,True,20260514,327.0,0.034810126582278444,0.053797468354430444,-0.03639240506329111,5,True,20260519,305.0,-0.034810126582278444,0.110759493670886,-0.03639240506329111,8,True
2376,技嘉,20260601,20260602,387.5,entered,True,20260602,390.5,0.007741935483871032,0.019354838709677358,-0.020645161290322567,1,True,20260604,374.0,-0.03483870967741931,0.03741935483870962,-0.03870967741935483,3,True,20260608,345.0,-0.10967741935483866,0.03741935483870962,-0.13548387096774195,5,True,20260611,340.0,-0.1225806451612903,0.03741935483870962,-0.14322580645161287,8,True
2376,技嘉,20260813,20260814,390.0,entered,True,20260814,397.5,0.019230769230769162,0.03076923076923066,-0.008974358974358942,1,True,20260818,348.0,-0.10769230769230764,0.03076923076923066,-0.11282051282051286,3,True,20260820,344.0,-0.11794871794871797,0.03076923076923066,-0.13076923076923075,5,True,20260825,347.5,-0.10897435897435892,0.03076923076923066,-0.1397435897435897,8,True
2377,微星,20221116,20221117,125.5,entered,True,20221117,128.5,0.0239043824701195,0.027888446215139417,-0.003984063745019917,1,True,20221121,126.0,0.003984063745019917,0.047808764940239,-0.003984063745019917,3,True,20221123,122.5,-0.0239043824701195,0.047808764940239,-0.043824701195219085,5,True,20221128,123.0,-0.019920318725099584,0.047808764940239,-0.043824701195219085,8,True
2377,微星,20230223,20230224,143.0,entered,True,20230224,137.0,-0.04195804195804198,0.006993006993007089,-0.045454545454545414,1,True,20230302,139.0,-0.027972027972028024,0.006993006993007089,-0.05594405594405594,3,True,20230306,140.0,-0.020979020979020935,0.006993006993007089,-0.05594405594405594,5,True,20230309,139.0,-0.027972027972028024,0.006993006993007089,-0.05594405594405594,8,True
2377,微星,20230526,20230529,170.5,entered,True,20230529,168.0,-0.014662756598240456,0.0058651026392961825,-0.02639296187683282,1,True,20230531,166.0,-0.02639296187683282,0.0058651026392961825,-0.04398826979472137,3,True,20230602,171.5,0.0058651026392961825,0.014662756598240456,-0.04398826979472137,5,True,20230607,178.5,0.04692082111436946,0.061583577712609916,-0.04398826979472137,8,True
2377,微星,20231225,20231226,194.0,entered,True,20231226,195.5,0.0077319587628865705,0.038659793814433074,-0.012886597938144284,1,True,20231228,201.5,0.038659793814433074,0.0489690721649485,-0.012886597938144284,3,True,20240102,198.0,0.020618556701030855,0.07474226804123707,-0.012886597938144284,5,True,20240105,186.0,-0.04123711340206182,0.07474226804123707,-0.04123711340206182,8,True
2377,微星,20240522,20240523,182.0,entered,True,20240523,186.5,0.024725274725274637,0.03846153846153855,-0.013736263736263687,1,True,20240527,200.0,0.098901098901099,0.11813186813186816,-0.013736263736263687,3,True,20240529,197.5,0.08516483516483508,0.15384615384615374,-0.013736263736263687,5,True,20240603,197.0,0.08241758241758235,0.15384615384615374,-0.013736263736263687,8,True
2377,微星,20241105,20241106,187.5,entered,True,20241106,189.0,0.008000000000000007,0.010666666666666602,-0.010666666666666713,1,True,20241108,184.5,-0.016000000000000014,0.021333333333333426,-0.01866666666666672,3,True,20241112,181.0,-0.03466666666666662,0.021333333333333426,-0.040000000000000036,5,True,20241115,168.0,-0.10399999999999998,0.021333333333333426,-0.10933333333333328,8,True
2377,微星,20241225,20241226,185.0,entered,True,20241226,185.0,0.0,0.0108108108108107,-0.010810810810810811,1,True,20241230,184.0,-0.00540540540540535,0.0108108108108107,-0.01621621621621616,3,True,20250102,183.0,-0.010810810810810811,0.0108108108108107,-0.018918918918918948,5,True,20250107,186.0,0.00540540540540535,0.054054054054053946,-0.021621621621621623,8,True
2377,微星,20250106,20250107,189.5,entered,True,20250107,186.0,-0.01846965699208447,0.029023746701847042,-0.01846965699208447,1,True,20250109,188.0,-0.0079155672823219,0.04221635883905006,-0.01846965699208447,3,True,20250113,183.5,-0.0316622691292876,0.04221635883905006,-0.0474934036939314,5,True,20250116,180.5,-0.0474934036939314,0.04221635883905006,-0.0554089709762533,8,True
2377,微星,20250218,20250219,202.0,entered,True,20250219,199.0,-0.014851485148514865,0.014851485148514865,-0.022277227722772297,1,True,20250221,201.0,-0.004950495049504955,0.014851485148514865,-0.022277227722772297,3,True,20250225,194.5,-0.03712871287128716,0.014851485148514865,-0.04702970297029707,5,True,20250303,185.5,-0.08168316831683164,0.014851485148514865,-0.09653465346534651,8,True
2377,微星,20250801,20250804,146.0,entered,True,20250804,147.5,0.010273972602739656,0.017123287671232834,0.0,1,True,20250806,152.0,0.041095890410958846,0.047945205479452024,0.0,3,True,20250808,150.5,0.03082191780821919,0.051369863013698724,0.0,5,True,20250813,143.5,-0.017123287671232834,0.051369863013698724,-0.017123287671232834,8,True
2377,微星,20260421,20260422,94.4,entered,True,20260422,97.5,0.032838983050847315,0.032838983050847315,-0.006355932203389925,1,True,20260424,95.1,0.00741525423728806,0.12288135593220328,-0.013771186440678096,3,True,20260428,97.4,0.03177966101694918,0.12288135593220328,-0.03283898305084754,5,True,20260504,95.1,0.00741525423728806,0.12288135593220328,-0.03283898305084754,8,True
2377,微星,20260525,20260526,128.0,entered,True,20260526,126.0,-0.015625,0.00390625,-0.03515625,1,True,20260528,123.5,-0.03515625,0.03125,-0.046875,3,True,20260601,141.5,0.10546875,0.125,-0.046875,5,True,20260604,140.0,0.09375,0.19140625,-0.046875,8,True
2377,微星,20260602,20260603,151.5,entered,True,20260603,146.5,-0.03300330033003296,0.0033003300330032292,-0.0363036303630363,1,True,20260605,141.5,-0.06600660066006603,0.0033003300330032292,-0.10561056105610556,3,True,20260609,139.5,-0.07920792079207917,0.0033003300330032292,-0.1551155115511551,5,True,20260612,136.5,-0.09900990099009899,0.0033003300330032292,-0.1551155115511551,8,True
2379,瑞昱,20221124,20221125,344.5,entered,True,20221125,330.5,-0.04063860667634256,0.010159651669085612,-0.04063860667634256,1,True,20221129,314.5,-0.0870827285921626,0.010159651669085612,-0.10885341074020316,3,True,20221201,333.0,-0.03338171262699563,0.010159651669085612,-0.10885341074020316,5,True,20221206,305.5,-0.1132075471698113,0.010159651669085612,-0.11756168359941943,8,True
2379,瑞昱,20230202,20230203,348.0,entered,True,20230203,348.0,0.0,0.011494252873563315,-0.014367816091954033,1,True,20230207,334.0,-0.04022988505747127,0.011494252873563315,-0.051724137931034475,3,True,20230209,361.5,0.0387931034482758,0.047413793103448176,-0.051724137931034475,5,True,20230214,355.0,0.02011494252873569,0.047413793103448176,-0.051724137931034475,8,True
2379,瑞昱,20230223,20230224,389.0,entered,True,20230224,380.0,-0.023136246786632397,0.0025706940874035134,-0.03213367609254503,1,True,20230302,380.0,-0.023136246786632397,0.0025706940874035134,-0.04370179948586117,3,True,20230306,388.0,-0.0025706940874036244,0.008997429305912519,-0.04370179948586117,5,True,20230309,390.5,0.003856041131105492,0.01285347043701801,-0.04370179948586117,8,True
2379,瑞昱,20231129,20231130,456.0,entered,True,20231130,449.5,-0.014254385964912242,0.0010964912280702066,-0.014254385964912242,1,True,20231204,450.0,-0.013157894736842146,0.0010964912280702066,-0.030701754385964897,3,True,20231206,451.5,-0.009868421052631526,0.0010964912280702066,-0.030701754385964897,5,True,20231211,451.0,-0.010964912280701733,0.0010964912280702066,-0.03947368421052633,8,True
2382,廣達,20230324,20230327,87.5,entered,True,20230327,87.5,0.0,0.0034285714285713365,-0.006857142857142784,1,True,20230329,88.0,0.005714285714285783,0.008000000000000007,-0.006857142857142784,3,True,20230331,89.1,0.01828571428571424,0.02742857142857158,-0.006857142857142784,5,True,20230410,89.9,0.02742857142857158,0.03200000000000003,-0.006857142857142784,8,True
2382,廣達,20231220,20231221,207.0,entered,True,20231221,215.5,0.04106280193236711,0.050724637681159424,-0.01449275362318836,1,True,20231225,215.5,0.04106280193236711,0.05797101449275366,-0.01449275362318836,3,True,20231227,215.5,0.04106280193236711,0.05797101449275366,-0.01449275362318836,5,True,20240102,214.0,0.033816425120772875,0.09420289855072461,-0.01449275362318836,8,True
2382,廣達,20240329,20240401,294.5,entered,True,20240401,282.5,-0.04074702886247883,0.00679117147707986,-0.04414261460101865,1,True,20240403,293.5,-0.00339558573853993,0.015280135823429575,-0.04414261460101865,3,True,20240409,287.0,-0.025466893039049254,0.015280135823429575,-0.04414261460101865,5,True,20240412,271.0,-0.07979626485568758,0.015280135823429575,-0.07979626485568758,8,True
2382,廣達,20240620,20240621,320.5,entered,True,20240621,319.5,-0.0031201248049922414,0.004680187207488196,-0.029641185647425905,1,True,20240625,305.0,-0.04836193447737913,0.004680187207488196,-0.08424336973478941,3,True,20240627,305.0,-0.04836193447737913,0.004680187207488196,-0.08424336973478941,5,True,20240702,306.5,-0.043681747269890825,0.004680187207488196,-0.08424336973478941,8,True
2382,廣達,20240709,20240710,344.0,entered,True,20240710,341.0,-0.008720930232558155,0.0029069767441860517,-0.03779069767441856,1,True,20240712,326.0,-0.05232558139534882,0.0029069767441860517,-0.06976744186046513,3,True,20240716,322.5,-0.0625,0.0029069767441860517,-0.07558139534883723,5,True,20240719,297.0,-0.1366279069767442,0.0029069767441860517,-0.14098837209302328,8,True
2382,廣達,20241015,20241016,290.0,entered,True,20241016,295.0,0.01724137931034475,0.02758620689655178,-0.006896551724137945,1,True,20241018,307.0,0.05862068965517242,0.08965517241379306,-0.006896551724137945,3,True,20241022,319.0,0.10000000000000009,0.11206896551724133,-0.006896551724137945,5,True,20241025,310.0,0.06896551724137923,0.11206896551724133,-0.006896551724137945,8,True
2382,廣達,20250514,20250515,276.5,entered,True,20250515,277.5,0.003616636528029016,0.00723327305605781,-0.007233273056057921,1,True,20250519,266.0,-0.03797468354430378,0.00723327305605781,-0.03797468354430378,3,True,20250521,272.0,-0.016274864376130238,0.00723327305605781,-0.03797468354430378,5,True,20250526,265.5,-0.039783001808318286,0.00723327305605781,-0.0488245931283906,8,True
2382,廣達,20260225,20260226,302.0,entered,True,20260226,291.5,-0.03476821192052981,0.0,-0.039735099337748325,1,True,20260303,294.5,-0.024834437086092676,0.0,-0.04304635761589404,3,True,20260305,289.5,-0.04139072847682124,0.0,-0.06953642384105962,5,True,20260310,282.5,-0.06456953642384111,0.0,-0.09933774834437081,8,True
2382,廣達,20260408,20260409,304.5,entered,True,20260409,313.0,0.02791461412151075,0.031198686371100237,-0.031198686371100126,1,True,20260413,319.0,0.04761904761904767,0.0755336617405582,-0.031198686371100126,3,True,20260415,308.5,0.013136288998357948,0.08210180623973717,-0.031198686371100126,5,True,20260420,329.0,0.08045977011494254,0.08538587848932666,-0.031198686371100126,8,True
2382,廣達,20260603,20260604,402.0,entered,True,20260604,404.0,0.004975124378109541,0.02487562189054726,-0.01741293532338306,1,True,20260608,376.5,-0.06343283582089554,0.02487562189054726,-0.11194029850746268,3,True,20260610,380.5,-0.05348258706467657,0.02487562189054726,-0.11194029850746268,5,True,20260615,370.0,-0.07960199004975121,0.02487562189054726,-0.11194029850746268,8,True
2383,台光電,20230518,20230519,182.0,entered,True,20230519,184.5,0.013736263736263687,0.024725274725274637,-0.02197802197802201,1,True,20230523,187.5,0.030219780219780112,0.10989010989010994,-0.02197802197802201,3,True,20230525,204.0,0.1208791208791209,0.13461538461538458,-0.02197802197802201,5,True,20230530,211.5,0.16208791208791218,0.16208791208791218,-0.02197802197802201,8,True
2383,台光電,20240202,20240205,480.5,entered,True,20240205,497.5,0.03537981269510926,0.04058272632674287,-0.0010405827263267886,1,True,20240216,534.0,0.11134235171696161,0.1446409989594173,-0.0010405827263267886,3,True,20240220,509.0,0.0593132154006244,0.1446409989594173,-0.0010405827263267886,5,True,20240223,510.0,0.06139438085327775,0.1446409989594173,-0.0010405827263267886,8,True
2385,群光,20230726,20230727,106.0,entered,True,20230727,107.5,0.014150943396226356,0.018867924528301883,-0.02358490566037741,1,True,20230731,104.5,-0.014150943396226467,0.05188679245283012,-0.02358490566037741,3,True,20230802,100.0,-0.05660377358490565,0.05188679245283012,-0.057547169811320686,5,True,20230808,102.0,-0.037735849056603765,0.05188679245283012,-0.060377358490566135,8,True
2385,群光,20230914,20230915,117.5,entered,True,20230915,119.0,0.012765957446808418,0.012765957446808418,-0.012765957446808529,1,True,20230919,116.0,-0.012765957446808529,0.017021276595744705,-0.03404255319148941,3,True,20230921,115.5,-0.017021276595744705,0.017021276595744705,-0.03829787234042559,5,True,20230926,116.0,-0.012765957446808529,0.017021276595744705,-0.03829787234042559,8,True
2385,群光,20231107,20231108,140.5,entered,True,20231108,142.0,0.01067615658362997,0.021352313167259718,-0.017793594306049876,1,True,20231110,146.0,0.039145907473309594,0.06405693950177938,-0.017793594306049876,3,True,20231114,152.0,0.08185053380782925,0.08896797153024916,-0.017793594306049876,5,True,20231117,152.5,0.08540925266903909,0.13879003558718872,-0.017793594306049876,8,True
2385,群光,20231213,20231214,180.0,entered,True,20231214,189.0,0.050000000000000044,0.050000000000000044,-0.002777777777777768,1,True,20231218,181.5,0.008333333333333304,0.050000000000000044,-0.01666666666666672,3,True,20231220,177.5,-0.01388888888888884,0.050000000000000044,-0.033333333333333326,5,True,20231225,178.0,-0.011111111111111072,0.050000000000000044,-0.047222222222222276,8,True
2385,群光,20240226,20240227,190.0,entered,True,20240227,188.5,-0.007894736842105288,0.007894736842105177,-0.021052631578947323,1,True,20240301,189.5,-0.0026315789473684292,0.021052631578947434,-0.03157894736842104,3,True,20240305,204.5,0.07631578947368411,0.07894736842105265,-0.03157894736842104,5,True,20240308,223.0,0.17368421052631589,0.21052631578947367,-0.03157894736842104,8,True
2385,群光,20240313,20240314,237.0,entered,True,20240314,240.5,0.014767932489451407,0.044303797468354444,-0.016877637130801704,1,True,20240318,253.0,0.06751054852320681,0.06751054852320681,-0.025316455696202556,3,True,20240320,258.5,0.09071729957805896,0.12658227848101267,-0.025316455696202556,5,True,20240325,223.0,-0.05907172995780585,0.12658227848101267,-0.05907172995780585,8,True
2385,群光,20250108,20250109,162.0,entered,True,20250109,159.0,-0.01851851851851849,0.006172839506172867,-0.01851851851851849,1,True,20250113,153.5,-0.05246913580246915,0.006172839506172867,-0.05246913580246915,3,True,20250115,152.0,-0.06172839506172845,0.006172839506172867,-0.06172839506172845,5,True,20250120,150.5,-0.07098765432098764,0.006172839506172867,-0.07407407407407407,8,True
2385,群光,20250804,20250805,139.0,entered,True,20250805,138.0,-0.007194244604316502,0.010791366906474753,-0.021582733812949617,1,True,20250807,136.0,-0.021582733812949617,0.017985611510791477,-0.046762589928057596,3,True,20250811,135.5,-0.025179856115107868,0.017985611510791477,-0.046762589928057596,5,True,20250814,135.0,-0.02877697841726623,0.017985611510791477,-0.046762589928057596,8,True
2388,威盛,20230221,20230222,79.0,entered,True,20230222,76.2,-0.03544303797468351,0.007594936708860578,-0.040506329113924044,1,True,20230224,90.8,0.14936708860759484,0.14936708860759484,-0.040506329113924044,3,True,20230302,87.9,0.11265822784810142,0.1632911392405063,-0.040506329113924044,5,True,20230307,87.6,0.1088607594936708,0.1632911392405063,-0.040506329113924044,8,True
2388,威盛,20231115,20231116,159.0,entered,True,20231116,160.0,0.0062893081761006275,0.012578616352201255,-0.03144654088050314,1,True,20231120,166.0,0.04402515723270439,0.05974842767295607,-0.03144654088050314,3,True,20231122,170.5,0.07232704402515733,0.12893081761006298,-0.03144654088050314,5,True,20231127,160.0,0.0062893081761006275,0.12893081761006298,-0.03144654088050314,8,True
2388,威盛,20251210,20251211,63.6,entered,True,20251211,66.6,0.047169811320754595,0.09905660377358494,-0.00786163522012584,1,True,20251215,61.4,-0.03459119496855345,0.09905660377358494,-0.04088050314465408,3,True,20251217,57.0,-0.10377358490566035,0.09905660377358494,-0.10377358490566035,5,True,20251222,57.7,-0.0927672955974842,0.09905660377358494,-0.12578616352201255,8,True
2392,正崴,20231211,20231212,48.0,entered,True,20231212,51.6,0.07499999999999996,0.07916666666666661,-0.004166666666666763,1,True,20231214,50.0,0.04166666666666674,0.07916666666666661,-0.004166666666666763,3,True,20231218,49.2,0.025000000000000133,0.07916666666666661,-0.004166666666666763,5,True,20231221,48.8,0.016666666666666607,0.07916666666666661,-0.004166666666666763,8,True
2392,正崴,20240513,20240514,51.9,entered,True,20240514,51.5,-0.0077071290944122905,0.003853564547206201,-0.021194605009633993,1,True,20240516,52.0,0.0019267822736031004,0.030828516377649384,-0.021194605009633993,3,True,20240520,58.5,0.12716763005780352,0.13680154142581902,-0.021194605009633993,5,True,20240523,73.3,0.4123314065510597,0.4123314065510597,-0.021194605009633993,8,True
2392,正崴,20250718,20250721,61.0,entered,True,20250721,58.6,-0.03934426229508192,0.014754098360655776,-0.03934426229508192,1,True,20250723,57.5,-0.05737704918032782,0.014754098360655776,-0.09836065573770492,3,True,20250725,56.8,-0.06885245901639347,0.014754098360655776,-0.09836065573770492,5,True,20250730,57.4,-0.059016393442622994,0.014754098360655776,-0.09836065573770492,8,True
2392,正崴,20260603,20260604,44.0,entered,True,20260604,42.0,-0.045454545454545414,0.0,-0.05340909090909096,1,True,20260608,39.2,-0.10909090909090902,0.0,-0.1454545454545454,3,True,20260610,37.4,-0.15000000000000002,0.0,-0.15227272727272734,5,True,20260615,40.25,-0.08522727272727271,0.0,-0.1670454545454546,8,True
2392,正崴,20260824,20260825,43.7,censored,False,20260825,45.1,0.03203661327231111,0.05148741418764291,-0.011441647597253968,1,True,20260827,46.65,0.06750572082379858,0.11212814645308922,-0.011441647597253968,3,True,20260831,,,0.11212814645308922,-0.011441647597253968,4,False,,,,,,0,False
2393,億光,20220117,20220118,55.3,entered,True,20220118,57.0,0.030741410488245968,0.0433996383363473,-0.00723327305605781,1,True,20220120,56.3,0.018083182640144635,0.08499095840867987,-0.00723327305605781,3,True,20220124,54.9,-0.00723327305605781,0.08499095840867987,-0.0452079566003617,5,True,20220207,53.7,-0.02893309222423135,0.08499095840867987,-0.047016274864375984,8,True
2393,億光,20230705,20230706,53.5,entered,True,20230706,54.4,0.016822429906542036,0.03364485981308407,-0.0037383177570093906,1,True,20230710,53.1,-0.00747663551401867,0.03364485981308407,-0.02242990654205612,3,True,20230712,54.2,0.013084112149532867,0.03364485981308407,-0.02242990654205612,5,True,20230717,54.2,0.013084112149532867,0.03364485981308407,-0.02242990654205612,8,True
2393,億光,20240408,20240409,58.9,entered,True,20240409,58.1,-0.013582342954159499,0.005093378607810006,-0.02037351443123936,1,True,20240411,60.8,0.032258064516129004,0.05263157894736836,-0.02037351443123936,3,True,20240415,60.9,0.03395585738539908,0.05263157894736836,-0.02037351443123936,5,True,20240418,62.4,0.05942275042444822,0.05942275042444822,-0.02037351443123936,8,True
2393,億光,20240613,20240614,75.5,entered,True,20240614,75.2,-0.003973509933774766,0.003973509933774766,-0.015894039735099397,1,True,20240618,79.7,0.05562913907284761,0.06357615894039736,-0.015894039735099397,3,True,20240620,78.6,0.041059602649006655,0.07152317880794712,-0.015894039735099397,5,True,20240625,76.2,0.009271523178808083,0.07152317880794712,-0.015894039735099397,8,True
2393,億光,20240702,20240703,81.9,entered,True,20240703,82.9,0.012210012210012167,0.05616605616605619,-0.023199023199023228,1,True,20240705,78.0,-0.04761904761904767,0.05616605616605619,-0.04761904761904767,3,True,20240709,75.2,-0.08180708180708185,0.05616605616605619,-0.08424908424908428,5,True,20240712,78.6,-0.04029304029304048,0.05616605616605619,-0.08424908424908428,8,True
2393,億光,20240902,20240903,83.8,entered,True,20240903,83.4,-0.004773269689737347,0.0011933174224345588,-0.02863961813842475,1,True,20240905,81.3,-0.029832935560859197,0.013126491646778149,-0.054892601431980825,3,True,20240909,83.7,-0.0011933174224343368,0.013126491646778149,-0.054892601431980825,5,True,20240912,82.6,-0.014319809069212486,0.01670644391408116,-0.054892601431980825,8,True
2393,億光,20260206,20260209,60.1,entered,True,20260209,58.3,-0.029950083194675625,0.0016638935108153063,-0.03826955074875216,1,True,20260211,57.6,-0.04159733777038266,0.0016638935108153063,-0.048252911813643884,3,True,20260224,59.9,-0.0033277870216306127,0.016638935108153063,-0.048252911813643884,5,True,20260302,58.5,-0.0266222961730449,0.016638935108153063,-0.048252911813643884,8,True
2395,研華,20260223,20260224,314.0,entered,True,20260224,324.0,0.031847133757961776,0.03343949044585992,-0.0079617834394905,1,True,20260226,336.5,0.07165605095541405,0.07165605095541405,-0.0079617834394905,3,True,20260303,330.0,0.05095541401273884,0.09076433121019112,-0.0079617834394905,5,True,20260306,375.0,0.19426751592356695,0.19904458598726116,-0.0079617834394905,8,True
2395,研華,20260417,20260420,375.0,entered,True,20260420,363.5,-0.03066666666666662,0.0040000000000000036,-0.03200000000000003,1,True,20260422,361.0,-0.03733333333333333,0.0040000000000000036,-0.052000000000000046,3,True,20260424,354.0,-0.05600000000000005,0.0040000000000000036,-0.07199999999999995,5,True,20260429,366.0,-0.02400000000000002,0.0040000000000000036,-0.07199999999999995,8,True
2399,映泰,20230525,20230526,20.65,entered,True,20230526,20.65,0.0,0.04842615012106544,-0.01937046004842613,1,True,20230530,20.0,-0.03147699757869238,0.04842615012106544,-0.04116222760290544,3,True,20230601,20.1,-0.02663438256658579,0.04842615012106544,-0.0556900726392251,5,True,20230606,21.6,0.04600484261501214,0.13317191283292984,-0.0556900726392251,8,True
2399,映泰,20240216,20240219,25.8,entered,True,20240219,25.45,-0.013565891472868241,0.003875968992248069,-0.02131782945736438,1,True,20240221,24.75,-0.04069767441860472,0.003875968992248069,-0.046511627906976716,3,True,20240223,24.35,-0.05620155038759689,0.003875968992248069,-0.05620155038759689,5,True,20240229,26.65,0.032945736434108364,0.032945736434108364,-0.06201550387596899,8,True
2399,映泰,20260814,20260817,46.25,entered,True,20260817,47.0,0.016216216216216273,0.022702702702702693,-0.01621621621621616,1,True,20260819,45.1,-0.024864864864864833,0.022702702702702693,-0.05081081081081085,3,True,20260821,45.7,-0.011891891891891881,0.022702702702702693,-0.05081081081081085,5,True,20260826,47.9,0.035675675675675755,0.07027027027027022,-0.05081081081081085,8,True
2401,凌陽,20231117,20231120,34.85,entered,True,20231120,35.65,0.022955523672883782,0.050215208034433356,-0.012912482065997266,1,True,20231122,36.05,0.03443328550932545,0.053084648493543884,-0.015781922525107683,3,True,20231124,35.55,0.020086083213773254,0.053084648493543884,-0.015781922525107683,5,True,20231129,36.4,0.0444763271162123,0.0860832137733143,-0.015781922525107683,8,True
2401,凌陽,20240705,20240708,38.7,entered,True,20240708,37.7,-0.025839793281653756,0.007751937984496138,-0.0452196382428941,1,True,20240710,37.15,-0.040051679586563416,0.007751937984496138,-0.0620155038759691,3,True,20240712,37.25,-0.03746770025839796,0.007751937984496138,-0.0620155038759691,5,True,20240717,36.9,-0.04651162790697683,0.007751937984496138,-0.0620155038759691,8,True
2401,凌陽,20260114,20260115,21.8,entered,True,20260115,21.45,-0.016055045871559703,0.0,-0.032110091743119185,1,True,20260119,23.1,0.059633027522935755,0.08256880733944949,-0.032110091743119185,3,True,20260121,22.45,0.029816513761467878,0.08256880733944949,-0.032110091743119185,5,True,20260126,23.0,0.05504587155963292,0.0848623853211008,-0.032110091743119185,8,True
2402,毅嘉,20230323,20230324,28.0,entered,True,20230324,28.0,0.0,0.02678571428571419,-0.025000000000000022,1,True,20230328,26.3,-0.06071428571428572,0.02678571428571419,-0.07500000000000007,3,True,20230330,26.8,-0.042857142857142816,0.02678571428571419,-0.07500000000000007,5,True,20230407,26.75,-0.044642857142857095,0.02678571428571419,-0.07500000000000007,8,True
2402,毅嘉,20231211,20231212,37.3,entered,True,20231212,37.25,-0.0013404825737264314,0.04021447721179627,-0.018766756032171483,1,True,20231214,37.4,0.002680965147453085,0.04021447721179627,-0.03217158176943691,3,True,20231218,36.4,-0.024128686327077764,0.04021447721179627,-0.03217158176943691,5,True,20231221,34.75,-0.06836461126005355,0.04021447721179627,-0.07372654155495983,8,True
2402,毅嘉,20240216,20240219,35.6,entered,True,20240219,35.65,0.001404494382022392,0.028089887640449396,-0.0098314606741573,1,True,20240221,35.1,-0.014044943820224698,0.028089887640449396,-0.014044943820224698,3,True,20240223,34.6,-0.028089887640449396,0.028089887640449396,-0.028089887640449396,5,True,20240229,34.65,-0.026685393258427004,0.028089887640449396,-0.03370786516853941,8,True
2402,毅嘉,20240401,20240402,36.05,entered,True,20240402,35.6,-0.012482662968099745,0.01664355062413314,-0.03467406380027738,1,True,20240408,36.35,0.008321775312066793,0.01664355062413314,-0.03467406380027738,3,True,20240410,35.0,-0.029126213592232886,0.026352288488210807,-0.03467406380027738,5,True,20240415,34.85,-0.03328710124826617,0.026352288488210807,-0.03883495145631066,8,True
2402,毅嘉,20240527,20240528,35.0,entered,True,20240528,35.5,0.014285714285714235,0.017142857142857126,-0.0028571428571428914,1,True,20240530,34.25,-0.021428571428571463,0.03142857142857136,-0.021428571428571463,3,True,20240603,35.8,0.022857142857142687,0.03142857142857136,-0.021428571428571463,5,True,20240606,34.15,-0.024285714285714355,0.03142857142857136,-0.027142857142857246,8,True
2402,毅嘉,20240717,20240718,43.0,entered,True,20240718,44.15,0.02674418604651163,0.03953488372093039,-0.011627906976744207,1,True,20240722,39.2,-0.08837209302325577,0.04069767441860472,-0.10930232558139541,3,True,20240726,40.55,-0.05697674418604659,0.04069767441860472,-0.10930232558139541,5,True,20240731,40.2,-0.06511627906976736,0.04069767441860472,-0.14418604651162792,8,True
2402,毅嘉,20241017,20241018,46.3,entered,True,20241018,43.85,-0.05291576673866083,0.003239740820734527,-0.05399568034557234,1,True,20241022,43.85,-0.05291576673866083,0.003239740820734527,-0.06479481641468687,3,True,20241024,42.55,-0.08099352051835851,0.003239740820734527,-0.08099352051835851,5,True,20241029,41.1,-0.11231101511879038,0.003239740820734527,-0.11987041036717061,8,True
2402,毅嘉,20250812,20250813,47.6,entered,True,20250813,47.8,0.004201680672268893,0.021008403361344463,-0.007352941176470673,1,True,20250815,56.5,0.1869747899159664,0.19747899159663862,-0.007352941176470673,3,True,20250819,59.0,0.23949579831932777,0.2920168067226889,-0.007352941176470673,5,True,20250822,61.1,0.28361344537815114,0.33193277310924363,-0.007352941176470673,8,True
2404,漢唐,20240312,20240313,409.5,entered,True,20240313,419.5,0.024420024420024333,0.024420024420024333,-0.023199023199023228,1,True,20240315,342.5,-0.1636141636141636,0.024420024420024333,-0.1636141636141636,3,True,20240319,414.0,0.01098901098901095,0.024420024420024333,-0.1636141636141636,5,True,20240322,380.5,-0.07081807081807079,0.09523809523809534,-0.1636141636141636,8,True
2405,輔信,20240226,20240227,21.1,entered,True,20240227,20.5,-0.028436018957346043,0.02843601895734582,-0.04739336492891,1,True,20240301,20.05,-0.049763033175355464,0.02843601895734582,-0.05213270142180104,3,True,20240305,19.85,-0.05924170616113744,0.02843601895734582,-0.07582938388625604,5,True,20240308,18.5,-0.12322274881516593,0.02843601895734582,-0.13507109004739337,8,True
2405,輔信,20240522,20240523,20.45,entered,True,20240523,19.9,-0.02689486552567244,0.004889975550122383,-0.03667481662591687,1,True,20240527,21.05,0.02933985330073363,0.07579462102689494,-0.05134474327628369,3,True,20240529,23.35,0.14180929095354533,0.14180929095354533,-0.05134474327628369,5,True,20240603,21.55,0.05378973105134488,0.15403422982885107,-0.05134474327628369,8,True
2405,輔信,20250211,20250212,21.3,entered,True,20250212,21.5,0.009389671361502261,0.06572769953051627,-0.0023474178403756207,1,True,20250214,21.1,-0.009389671361502261,0.06572769953051627,-0.011737089201877882,3,True,20250218,21.85,0.025821596244131495,0.06572769953051627,-0.011737089201877882,5,True,20250221,22.55,0.05868544600938974,0.107981220657277,-0.011737089201877882,8,True
2406,國碩,20240513,20240514,22.1,entered,True,20240514,22.8,0.03167420814479627,0.036199095022624306,-0.006787330316742168,1,True,20240516,21.3,-0.03619909502262442,0.11085972850678738,-0.05203619909502277,3,True,20240520,22.35,0.011312217194570096,0.11085972850678738,-0.05203619909502277,5,True,20240523,22.6,0.02262443438914019,0.11085972850678738,-0.05203619909502277,8,True
2406,國碩,20260114,20260115,31.85,entered,True,20260115,32.45,0.01883830455259039,0.03453689167974883,-0.04081632653061229,1,True,20260119,30.8,-0.03296703296703296,0.03453689167974883,-0.0675039246467819,3,True,20260121,30.4,-0.04552590266875989,0.03453689167974883,-0.06907378335949776,5,True,20260126,29.95,-0.05965463108320257,0.03453689167974883,-0.11773940345368916,8,True
2406,國碩,20260601,20260602,36.2,entered,True,20260602,35.8,-0.011049723756906271,0.0400552486187844,-0.05524861878453036,1,True,20260604,38.5,0.06353591160220984,0.1546961325966849,-0.05524861878453036,3,True,20260608,32.0,-0.11602209944751385,0.1546961325966849,-0.13812154696132606,5,True,20260611,39.4,0.08839779005524839,0.1546961325966849,-0.13812154696132606,8,True
2408,南亞科,20230130,20230131,60.0,entered,True,20230131,57.8,-0.036666666666666736,0.0033333333333334103,-0.039999999999999925,1,True,20230202,59.9,-0.0016666666666667052,0.0033333333333334103,-0.04500000000000004,3,True,20230206,58.1,-0.03166666666666662,0.0033333333333334103,-0.04500000000000004,5,True,20230209,58.0,-0.033333333333333326,0.0033333333333334103,-0.04500000000000004,8,True
2408,南亞科,20230324,20230327,63.2,entered,True,20230327,63.2,0.0,0.007911392405063333,-0.012658227848101333,1,True,20230329,61.0,-0.034810126582278555,0.007911392405063333,-0.03797468354430389,3,True,20230331,66.5,0.05221518987341778,0.06012658227848089,-0.03797468354430389,5,True,20230410,66.7,0.05537974683544311,0.08860759493670867,-0.03797468354430389,8,True
2408,南亞科,20230330,20230331,65.0,entered,True,20230331,66.5,0.023076923076922995,0.03076923076923066,-0.007692307692307665,1,True,20230407,68.6,0.055384615384615365,0.05846153846153834,-0.013846153846153952,3,True,20230411,68.2,0.04923076923076919,0.06153846153846154,-0.013846153846153952,5,True,20230414,67.6,0.039999999999999813,0.07538461538461538,-0.013846153846153952,8,True
2408,南亞科,20230525,20230526,72.9,entered,True,20230526,71.9,-0.013717421124828544,0.00548696844993124,-0.03155006858710574,1,True,20230530,71.9,-0.013717421124828544,0.00548696844993124,-0.03292181069958855,3,True,20230601,71.4,-0.020576131687242816,0.008230452674897082,-0.03292181069958855,5,True,20230606,72.4,-0.006858710562414272,0.008230452674897082,-0.03292181069958855,8,True
2408,南亞科,20230728,20230731,75.3,entered,True,20230731,72.3,-0.03984063745019917,0.005312084993359889,-0.04116865869853914,1,True,20230802,69.1,-0.08233731739707839,0.005312084993359889,-0.08366533864541825,3,True,20230807,70.0,-0.07038512616201853,0.005312084993359889,-0.09296148738379817,5,True,20230810,67.1,-0.10889774236387784,0.005312084993359889,-0.11022576361221781,8,True
2408,南亞科,20230914,20230915,70.5,entered,True,20230915,72.4,0.026950354609929228,0.042553191489361764,-0.01134751773049636,1,True,20230919,71.7,0.017021276595744705,0.052482269503546064,-0.01134751773049636,3,True,20230921,72.8,0.03262411347517724,0.052482269503546064,-0.01134751773049636,5,True,20230926,70.3,-0.0028368794326241176,0.052482269503546064,-0.01134751773049636,8,True
2408,南亞科,20231120,20231121,70.9,entered,True,20231121,70.6,-0.0042313117066292705,0.0028208744710858102,-0.021156558533145242,1,True,20231123,70.7,-0.0028208744710860323,0.004231311706629048,-0.021156558533145242,3,True,20231127,70.1,-0.011283497884344351,0.004231311706629048,-0.031029619181946466,5,True,20231130,75.0,0.05782792665726366,0.05782792665726366,-0.031029619181946466,8,True
2408,南亞科,20240617,20240618,68.5,entered,True,20240618,72.0,0.051094890510948954,0.051094890510948954,-0.0014598540145984717,1,True,20240620,72.7,0.0613138686131387,0.10072992700729944,-0.0014598540145984717,3,True,20240624,69.1,0.008759124087591053,0.10072992700729944,-0.0014598540145984717,5,True,20240627,68.2,-0.004379562043795526,0.10072992700729944,-0.026277372262773713,8,True
2408,南亞科,20250217,20250218,34.35,entered,True,20250218,35.6,0.0363901018922852,0.06695778748180481,-0.02037845705967989,1,True,20250220,38.8,0.12954876273653548,0.17321688500727794,-0.02037845705967989,3,True,20250224,40.85,0.18922852983988347,0.23871906841339152,-0.02037845705967989,5,True,20250227,38.65,0.12518195050946135,0.2780203784570596,-0.02037845705967989,8,True
2408,南亞科,20250605,20250606,52.6,entered,True,20250606,52.0,-0.011406844106463865,0.019011406844106515,-0.019011406844106515,1,True,20250610,54.3,0.032319391634980876,0.05133079847908739,-0.024714828897338448,3,True,20250612,54.1,0.028517110266159662,0.05133079847908739,-0.024714828897338448,5,True,20250617,53.8,0.02281368821292773,0.05893536121673004,-0.024714828897338448,8,True
2408,南亞科,20250619,20250620,60.5,entered,True,20250620,58.9,-0.026446280991735516,0.006611570247933907,-0.05123966942148761,1,True,20250624,56.7,-0.06280991735537189,0.006611570247933907,-0.1008264462809918,3,True,20250626,53.9,-0.10909090909090913,0.006611570247933907,-0.11570247933884292,5,True,20250701,49.5,-0.18181818181818177,0.006611570247933907,-0.1834710743801653,8,True
2408,南亞科,20260428,20260429,236.0,entered,True,20260429,235.0,-0.004237288135593209,0.025423728813559254,-0.016949152542372836,1,True,20260504,237.0,0.004237288135593209,0.025423728813559254,-0.09110169491525422,3,True,20260506,282.0,0.19491525423728806,0.19491525423728806,-0.09110169491525422,5,True,20260511,301.0,0.27542372881355925,0.27542372881355925,-0.09110169491525422,8,True
2409,友達,20230621,20230626,20.05,entered,True,20230626,19.7,-0.017456359102244412,0.0174563591022443,-0.01995012468827939,1,True,20230628,18.7,-0.06733167082294267,0.0174563591022443,-0.06733167082294267,3,True,20230630,18.6,-0.0723192019950124,0.0174563591022443,-0.07481296758104738,5,True,20230705,18.65,-0.06982543640897765,0.0174563591022443,-0.07730673316708236,8,True
2409,友達,20260416,20260417,20.4,entered,True,20260417,19.85,-0.026960784313725394,0.01225490196078427,-0.02941176470588225,1,True,20260421,18.9,-0.07352941176470584,0.01225490196078427,-0.08333333333333326,3,True,20260423,17.75,-0.1299019607843137,0.01225490196078427,-0.1519607843137254,5,True,20260428,17.2,-0.1568627450980392,0.01225490196078427,-0.18137254901960786,8,True
2412,中華電,20221125,20221128,111.5,entered,True,20221128,110.5,-0.008968609865470878,0.004484304932735439,-0.008968609865470878,1,True,20221130,113.5,0.017937219730941756,0.017937219730941756,-0.008968609865470878,3,True,20221202,112.0,0.004484304932735439,0.022421524663677195,-0.008968609865470878,5,True,20221207,112.5,0.008968609865470878,0.022421524663677195,-0.008968609865470878,8,True
2412,中華電,20260302,20260303,137.5,entered,True,20260303,138.0,0.0036363636363636598,0.0036363636363636598,-0.0036363636363636598,1,True,20260305,137.0,-0.0036363636363636598,0.0036363636363636598,-0.018181818181818188,3,True,20260309,136.0,-0.010909090909090868,0.0036363636363636598,-0.021818181818181848,5,True,20260312,136.0,-0.010909090909090868,0.0036363636363636598,-0.021818181818181848,8,True
2413,環科,20230208,20230209,31.2,entered,True,20230209,30.4,-0.02564102564102566,0.024038461538461453,-0.028846153846153855,1,True,20230213,28.8,-0.07692307692307687,0.024038461538461453,-0.09294871794871795,3,True,20230215,28.5,-0.08653846153846156,0.024038461538461453,-0.09615384615384615,5,True,20230220,29.4,-0.05769230769230771,0.024038461538461453,-0.09615384615384615,8,True
2413,環科,20230703,20230704,34.2,entered,True,20230704,35.5,0.03801169590643272,0.04824561403508776,-0.01754385964912286,1,True,20230706,34.15,-0.0014619883040937198,0.04824561403508776,-0.01754385964912286,3,True,20230710,34.7,0.014619883040935644,0.04824561403508776,-0.033625730994152225,5,True,20230713,34.4,0.005847953216374213,0.051169590643274754,-0.033625730994152225,8,True
2413,環科,20260226,20260302,53.6,entered,True,20260302,56.0,0.04477611940298498,0.11753731343283569,-0.009328358208955279,1,True,20260304,47.2,-0.11940298507462688,0.11753731343283569,-0.12686567164179108,3,True,20260306,49.1,-0.08395522388059706,0.11753731343283569,-0.12686567164179108,5,True,20260311,48.4,-0.09701492537313439,0.11753731343283569,-0.17537313432835822,8,True
2413,環科,20260615,20260616,63.0,entered,True,20260616,59.5,-0.05555555555555558,0.022222222222222365,-0.060317460317460325,1,True,20260618,56.5,-0.10317460317460314,0.022222222222222365,-0.10793650793650789,3,True,20260623,51.9,-0.17619047619047623,0.022222222222222365,-0.18253968253968256,5,True,20260626,47.55,-0.24523809523809526,0.022222222222222365,-0.24523809523809526,8,True
2417,圓剛,20250207,20250210,51.0,entered,True,20250210,50.3,-0.013725490196078494,0.013725490196078383,-0.020588235294117574,1,True,20250212,55.5,0.08823529411764697,0.08823529411764697,-0.020588235294117574,3,True,20250214,50.9,-0.0019607843137254832,0.1215686274509804,-0.020588235294117574,5,True,20250219,51.2,0.0039215686274509665,0.1215686274509804,-0.020588235294117574,8,True
2417,圓剛,20250826,20250827,48.85,entered,True,20250827,47.1,-0.035823950870010224,0.0,-0.04094165813715456,1,True,20250829,45.45,-0.06960081883316271,0.0,-0.07062436028659169,3,True,20250902,44.3,-0.09314227226202665,0.0,-0.10542476970317294,5,True,20250905,44.65,-0.08597748208802458,0.0,-0.10542476970317294,8,True
2419,仲琦,20220729,20220801,29.8,entered,True,20220801,29.65,-0.005033557046979942,0.021812080536912637,-0.020134228187919545,1,True,20220803,27.5,-0.07718120805369133,0.021812080536912637,-0.09395973154362414,3,True,20220805,28.05,-0.0587248322147651,0.021812080536912637,-0.11912751677852351,5,True,20220810,27.7,-0.07046979865771819,0.021812080536912637,-0.11912751677852351,8,True
2419,仲琦,20230302,20230303,28.95,entered,True,20230303,28.5,-0.015544041450777146,0.0017271157167531026,-0.020725388601036232,1,True,20230307,28.8,-0.005181347150258975,0.0017271157167531026,-0.020725388601036232,3,True,20230309,28.95,0.0,0.024179620034542326,-0.020725388601036232,5,True,20230314,28.25,-0.024179620034542326,0.024179620034542326,-0.05526770293609662,8,True
2419,仲琦,20260108,20260109,26.65,entered,True,20260109,25.6,-0.039399624765478314,0.0,-0.052532833020637826,1,True,20260113,29.8,0.11819887429643527,0.16135084427767366,-0.052532833020637826,3,True,20260115,33.4,0.2532833020637899,0.275797373358349,-0.052532833020637826,5,True,20260120,32.05,0.20262664165103184,0.275797373358349,-0.052532833020637826,8,True
2421,建準,20220118,20220119,45.9,entered,True,20220119,47.2,0.028322440087146017,0.03267973856209161,-0.006535947712418277,1,True,20220121,44.65,-0.027233115468409563,0.06644880174291945,-0.027233115468409563,3,True,20220125,41.8,-0.08932461873638342,0.06644880174291945,-0.09259259259259256,5,True,20220208,47.05,0.025054466230936878,0.06644880174291945,-0.10130718954248363,8,True
2421,建準,20220808,20220809,42.0,entered,True,20220809,43.6,0.03809523809523818,0.03809523809523818,-0.004761904761904856,1,True,20220811,43.25,0.029761904761904656,0.050000000000000044,-0.004761904761904856,3,True,20220815,43.1,0.02619047619047632,0.050000000000000044,-0.004761904761904856,5,True,20220818,43.7,0.040476190476190554,0.050000000000000044,-0.004761904761904856,8,True
2421,建準,20230322,20230323,50.7,entered,True,20230323,51.3,0.011834319526627057,0.023668639053254337,-0.01183431952662728,1,True,20230327,52.9,0.04339250493096647,0.06311637080867838,-0.01183431952662728,3,True,20230329,52.0,0.02564102564102555,0.06311637080867838,-0.01183431952662728,5,True,20230406,53.5,0.055226824457593526,0.06311637080867838,-0.01183431952662728,8,True
2421,建準,20230417,20230418,56.8,entered,True,20230418,55.0,-0.03169014084507038,0.0,-0.04401408450704225,1,True,20230420,53.3,-0.06161971830985913,0.0,-0.07218309859154914,3,True,20230424,53.1,-0.0651408450704225,0.0,-0.10387323943661975,5,True,20230427,51.8,-0.0880281690140845,0.0,-0.11443661971830987,8,True
2421,建準,20230526,20230529,87.8,entered,True,20230529,89.0,0.013667425968109326,0.056947608200455635,-0.02505694760820054,1,True,20230531,86.8,-0.011389521640091105,0.056947608200455635,-0.03530751708428237,3,True,20230602,87.9,0.001138952164009277,0.056947608200455635,-0.03530751708428237,5,True,20230607,89.8,0.02277904328018221,0.056947608200455635,-0.03530751708428237,8,True
2421,建準,20250509,20250512,94.0,entered,True,20250512,94.9,0.009574468085106425,0.01382978723404249,-0.0021276595744681437,1,True,20250514,100.0,0.06382978723404253,0.06914893617021267,-0.0021276595744681437,3,True,20250516,101.0,0.07446808510638303,0.09042553191489366,-0.0021276595744681437,5,True,20250521,104.0,0.1063829787234043,0.11702127659574457,-0.0021276595744681437,8,True
2421,建準,20250612,20250613,107.5,entered,True,20250613,104.0,-0.032558139534883734,0.009302325581395321,-0.032558139534883734,1,True,20250617,102.5,-0.046511627906976716,0.009302325581395321,-0.06511627906976747,3,True,20250619,100.5,-0.06511627906976747,0.009302325581395321,-0.06976744186046513,5,True,20250624,101.5,-0.05581395348837215,0.009302325581395321,-0.0967441860465117,8,True
2421,建準,20250805,20250806,121.0,entered,True,20250806,121.5,0.004132231404958775,0.008264462809917328,-0.008264462809917328,1,True,20250808,131.5,0.08677685950413228,0.10330578512396693,-0.008264462809917328,3,True,20250812,134.5,0.11157024793388426,0.1446280991735538,-0.008264462809917328,5,True,20250815,136.0,0.12396694214876036,0.1446280991735538,-0.008264462809917328,8,True
2421,建準,20251110,20251111,178.0,entered,True,20251111,182.0,0.022471910112359605,0.0393258426966292,-0.014044943820224698,1,True,20251113,184.0,0.03370786516853941,0.09550561797752799,-0.014044943820224698,3,True,20251117,177.5,-0.002808988764044895,0.09550561797752799,-0.0196629213483146,5,True,20251120,189.5,0.06460674157303381,0.09550561797752799,-0.0252808988764045,8,True
2421,建準,20260522,20260525,163.0,entered,True,20260525,162.5,-0.0030674846625766694,0.018404907975460016,-0.027607361963190136,1,True,20260527,162.0,-0.006134969325153339,0.021472392638036908,-0.027607361963190136,3,True,20260529,159.0,-0.024539877300613466,0.021472392638036908,-0.06748466257668717,5,True,20260603,167.5,0.027607361963190247,0.04907975460122693,-0.06748466257668717,8,True
2421,建準,20260827,20260828,161.5,censored,False,20260828,163.5,0.01238390092879249,0.021671826625387025,-0.02786377708978327,1,True,,,,,,0,False,,,,,,0,False,,,,,,0,False
2426,鼎元,20241011,20241014,26.1,entered,True,20241014,25.6,-0.019157088122605415,0.0344827586206895,-0.04789272030651337,1,True,20241016,26.3,0.00766283524904221,0.0344827586206895,-0.08620689655172409,3,True,20241018,24.8,-0.04980842911877392,0.0344827586206895,-0.08620689655172409,5,True,20241023,25.05,-0.04022988505747127,0.0344827586206895,-0.08620689655172409,8,True
2427,三商電,20230915,20230918,26.35,entered,True,20230918,26.7,0.013282732447817747,0.05313092979127121,-0.009487666034155628,1,True,20230920,25.95,-0.015180265654649028,0.05313092979127121,-0.036053130929791344,3,True,20230922,25.65,-0.026565464895635826,0.05313092979127121,-0.0436432637571158,5,True,20230927,25.8,-0.020872865275142316,0.06261859582542684,-0.0436432637571158,8,True
2427,三商電,20250616,20250617,29.25,entered,True,20250617,28.85,-0.013675213675213627,0.01025641025641022,-0.018803418803418848,1,True,20250619,28.95,-0.010256410256410331,0.01025641025641022,-0.032478632478632474,3,True,20250623,28.4,-0.029059829059829068,0.01025641025641022,-0.042735042735042694,5,True,20250626,28.15,-0.037606837606837695,0.01025641025641022,-0.052991452991453025,8,True
2427,三商電,20250717,20250718,31.0,entered,True,20250718,29.6,-0.04516129032258065,0.001612903225806539,-0.048387096774193505,1,True,20250722,28.8,-0.07096774193548383,0.001612903225806539,-0.07258064516129037,3,True,20250724,28.55,-0.07903225806451608,0.001612903225806539,-0.09193548387096784,5,True,20250729,28.25,-0.08870967741935487,0.001612903225806539,-0.09677419354838712,8,True
2428,興勤,20251020,20251021,185.5,entered,True,20251021,186.0,0.0026954177897573484,0.05660377358490565,-0.008086253369272267,1,True,20251023,202.0,0.08894878706199472,0.1482479784366577,-0.008086253369272267,3,True,20251028,197.5,0.06469002695417791,0.1482479784366577,-0.008086253369272267,5,True,20251031,189.0,0.018867924528301883,0.1482479784366577,-0.008086253369272267,8,True
2436,偉詮電,20221202,20221205,49.2,entered,True,20221205,48.85,-0.0071138211382114624,0.030487804878048808,-0.0071138211382114624,1,True,20221207,45.6,-0.07317073170731714,0.030487804878048808,-0.07317073170731714,3,True,20221209,45.0,-0.08536585365853666,0.030487804878048808,-0.08536585365853666,5,True,20221214,45.05,-0.08434959349593507,0.030487804878048808,-0.10467479674796754,8,True
2436,偉詮電,20260211,20260223,61.7,entered,True,20260223,61.2,-0.008103727714748765,0.0,-0.05672609400324147,1,True,20260225,59.9,-0.029173419773095732,0.0032414910858995505,-0.05672609400324147,3,True,20260302,59.8,-0.030794165316045508,0.04538087520259304,-0.05672609400324147,5,True,20260305,57.1,-0.07455429497568888,0.04538087520259304,-0.12317666126418159,8,True
2436,偉詮電,20260813,20260814,71.3,entered,True,20260814,69.1,-0.030855539971949564,0.005610098176718203,-0.035063113604488105,1,True,20260818,64.7,-0.09256661991584847,0.005610098176718203,-0.1107994389901823,3,True,20260820,63.3,-0.11220196353436185,0.005610098176718203,-0.11781206171107994,5,True,20260825,63.6,-0.1079943899018232,0.005610098176718203,-0.1402524544179523,8,True
2439,美律,20240401,20240402,127.0,entered,True,20240402,124.0,-0.023622047244094446,0.0,-0.03543307086614178,1,True,20240408,120.5,-0.051181102362204745,0.0,-0.055118110236220486,3,True,20240410,128.0,0.007874015748031482,0.023622047244094446,-0.055118110236220486,5,True,20240415,120.5,-0.051181102362204745,0.023622047244094446,-0.055118110236220486,8,True
2439,美律,20240410,20240411,127.0,entered,True,20240411,124.5,-0.019685039370078705,0.0,-0.03149606299212604,1,True,20240415,120.5,-0.051181102362204745,0.0,-0.055118110236220486,3,True,20240417,117.5,-0.07480314960629919,0.0,-0.10236220472440949,5,True,20240422,111.5,-0.1220472440944882,0.0,-0.12598425196850394,8,True
2439,美律,20240626,20240627,136.0,entered,True,20240627,137.0,0.007352941176470562,0.022058823529411686,-0.003676470588235281,1,True,20240701,136.5,0.003676470588235281,0.040441176470588314,-0.003676470588235281,3,True,20240703,138.5,0.018382352941176405,0.040441176470588314,-0.007352941176470562,5,True,20240708,144.5,0.0625,0.08823529411764697,-0.007352941176470562,8,True
2439,美律,20250508,20250509,121.0,entered,True,20250509,122.0,0.008264462809917328,0.024793388429751984,-0.016528925619834656,1,True,20250513,123.0,0.016528925619834656,0.04958677685950419,-0.016528925619834656,3,True,20250515,123.0,0.016528925619834656,0.04958677685950419,-0.016528925619834656,5,True,20250520,124.5,0.02892561983471076,0.05371900826446274,-0.016528925619834656,8,True
2439,美律,20250529,20250602,125.5,entered,True,20250602,124.0,-0.01195219123505975,0.019920318725099584,-0.01195219123505975,1,True,20250604,117.5,-0.06374501992031878,0.019920318725099584,-0.06374501992031878,3,True,20250606,115.0,-0.08366533864541836,0.019920318725099584,-0.09561752988047811,5,True,20250611,114.5,-0.08764940239043828,0.019920318725099584,-0.10756972111553786,8,True
2439,美律,20251105,20251106,108.0,entered,True,20251106,109.0,0.0092592592592593,0.0092592592592593,-0.01388888888888884,1,True,20251110,111.0,0.02777777777777768,0.03240740740740744,-0.01388888888888884,3,True,20251112,112.5,0.04166666666666674,0.07870370370370372,-0.01388888888888884,5,True,20251117,110.5,0.02314814814814814,0.07870370370370372,-0.01388888888888884,8,True
2441,超豐,20251110,20251111,78.2,entered,True,20251111,75.4,-0.03580562659846542,0.010230179028132946,-0.0434782608695653,1,True,20251113,76.5,-0.021739130434782594,0.010230179028132946,-0.0434782608695653,3,True,20251117,72.2,-0.07672634271099743,0.010230179028132946,-0.0831202046035806,5,True,20251120,76.6,-0.020460358056266115,0.010230179028132946,-0.09846547314578014,8,True
2441,超豐,20260706,20260707,145.0,entered,True,20260707,133.5,-0.07931034482758625,0.01724137931034475,-0.08965517241379306,1,True,20260709,144.5,-0.0034482758620689724,0.020689655172413834,-0.08965517241379306,3,True,20260714,129.0,-0.1103448275862069,0.048275862068965614,-0.1448275862068965,5,True,20260717,126.5,-0.12758620689655176,0.048275862068965614,-0.1448275862068965,8,True
2442,新美齊,20240429,20240430,32.45,entered,True,20240430,31.25,-0.03697996918335911,0.02003081664098616,-0.0631741140215718,1,True,20240503,32.3,-0.0046224961479200966,0.02003081664098616,-0.0631741140215718,3,True,20240507,29.85,-0.08012326656394453,0.023112480739599484,-0.08474576271186451,5,True,20240510,27.9,-0.140215716486903,0.023112480739599484,-0.14637904468412954,8,True
2442,新美齊,20240710,20240711,34.0,entered,True,20240711,33.85,-0.004411764705882337,0.026470588235294024,-0.01764705882352946,1,True,20240715,33.4,-0.01764705882352946,0.026470588235294024,-0.05147058823529416,3,True,20240717,34.45,0.013235294117647234,0.05882352941176472,-0.05147058823529416,5,True,20240722,32.5,-0.044117647058823484,0.05882352941176472,-0.06617647058823528,8,True
2449,京元電子,20220113,20220114,45.75,entered,True,20220114,44.4,-0.029508196721311553,0.006557377049180246,-0.040437158469945333,1,True,20220118,47.05,0.02841530054644803,0.04371584699453557,-0.040437158469945333,3,True,20220120,46.7,0.020765027322404483,0.04371584699453557,-0.040437158469945333,5,True,20220125,45.3,-0.009836065573770592,0.04371584699453557,-0.040437158469945333,8,True
2449,京元電子,20230130,20230131,37.95,entered,True,20230131,38.3,0.009222661396574239,0.009222661396574239,-0.0013175230566535578,1,True,20230202,39.6,0.04347826086956519,0.0566534914361001,-0.0013175230566535578,3,True,20230206,39.8,0.048748353096178976,0.06192358366271389,-0.0013175230566535578,5,True,20230209,40.05,0.05533596837944654,0.06587615283267456,-0.0013175230566535578,8,True
2449,京元電子,20230223,20230224,41.8,entered,True,20230224,41.85,0.0011961722488038617,0.004784688995215447,-0.013157894736842035,1,True,20230302,42.45,0.01555023923444998,0.020334928229665206,-0.013157894736842035,3,True,20230306,46.15,0.10406698564593309,0.1124401913875599,-0.013157894736842035,5,True,20230309,48.9,0.16985645933014348,0.1722488038277512,-0.013157894736842035,8,True
2449,京元電子,20230309,20230310,48.75,entered,True,20230310,46.95,-0.036923076923076836,0.0,-0.03897435897435897,1,True,20230314,47.65,-0.022564102564102573,0.0,-0.05128205128205132,3,True,20230316,48.35,-0.008205128205128198,0.009230769230769376,-0.05128205128205132,5,True,20230321,49.55,0.016410256410256396,0.03589743589743599,-0.05128205128205132,8,True
2449,京元電子,20230529,20230530,54.5,entered,True,20230530,53.9,-0.011009174311926606,0.005504587155963359,-0.02752293577981646,1,True,20230601,52.4,-0.03853211009174318,0.005504587155963359,-0.04220183486238527,3,True,20230605,53.2,-0.023853211009174258,0.005504587155963359,-0.04220183486238527,5,True,20230608,54.0,-0.00917431192660545,0.005504587155963359,-0.04220183486238527,8,True
2449,京元電子,20230704,20230705,61.3,entered,True,20230705,60.0,-0.021207177814029365,0.0,-0.02610114192495916,1,True,20230707,59.5,-0.029363784665579096,0.0,-0.039151712887438794,3,True,20230711,59.4,-0.030995106035889064,0.0,-0.04078303425774876,5,True,20230714,60.1,-0.019575856443719397,0.02446982055464919,-0.045676998368678556,8,True
2449,京元電子,20231213,20231214,92.0,entered,True,20231214,93.5,0.016304347826086918,0.03913043478260869,-0.0010869565217390686,1,True,20231218,85.4,-0.07173913043478253,0.03913043478260869,-0.07282608695652182,3,True,20231220,85.4,-0.07173913043478253,0.03913043478260869,-0.08695652173913049,5,True,20231225,83.5,-0.09239130434782605,0.03913043478260869,-0.0989130434782608,8,True
2449,京元電子,20240216,20240219,89.3,entered,True,20240219,87.7,-0.017917133258678497,0.005599104143336975,-0.022396416573348232,1,True,20240221,87.5,-0.02015677491601342,0.005599104143336975,-0.034714445688689755,3,True,20240223,94.8,0.06159014557670783,0.11758118701007847,-0.034714445688689755,5,True,20240229,88.8,-0.005599104143337086,0.11758118701007847,-0.034714445688689755,8,True
2449,京元電子,20240618,20240619,105.0,entered,True,20240619,109.0,0.03809523809523818,0.05238095238095242,-0.01904761904761909,1,True,20240621,112.0,0.06666666666666665,0.09523809523809534,-0.01904761904761909,3,True,20240625,117.5,0.11904761904761907,0.161904761904762,-0.01904761904761909,5,True,20240628,119.0,0.1333333333333333,0.17142857142857149,-0.01904761904761909,8,True
2449,京元電子,20241016,20241017,135.0,entered,True,20241017,134.5,-0.0037037037037036535,0.0185185185185186,-0.014814814814814836,1,True,20241021,131.0,-0.029629629629629672,0.0185185185185186,-0.07407407407407407,3,True,20241023,134.5,-0.0037037037037036535,0.0185185185185186,-0.07407407407407407,5,True,20241028,128.5,-0.04814814814814816,0.0185185185185186,-0.07407407407407407,8,True
2449,京元電子,20250703,20250704,108.5,entered,True,20250704,107.0,-0.01382488479262678,0.004608294930875667,-0.027649769585253448,1,True,20250708,104.0,-0.04147465437788023,0.004608294930875667,-0.055299539170506895,3,True,20250710,101.5,-0.06451612903225812,0.004608294930875667,-0.07373271889400923,5,True,20250715,103.5,-0.04608294930875578,0.004608294930875667,-0.08387096774193548,8,True
2449,京元電子,20250807,20250808,125.0,entered,True,20250808,133.5,0.06800000000000006,0.06800000000000006,-0.0040000000000000036,1,True,20250812,141.0,0.1279999999999999,0.1519999999999999,-0.0040000000000000036,3,True,20250814,139.5,0.1160000000000001,0.1519999999999999,-0.0040000000000000036,5,True,20250819,137.0,0.09600000000000009,0.1519999999999999,-0.0040000000000000036,8,True
2449,京元電子,20250908,20250909,168.0,entered,True,20250909,170.5,0.014880952380952328,0.014880952380952328,-0.011904761904761862,1,True,20250911,166.0,-0.011904761904761862,0.03571428571428581,-0.017857142857142905,3,True,20250915,166.5,-0.008928571428571397,0.03571428571428581,-0.029761904761904767,5,True,20250918,167.5,-0.0029761904761904656,0.03571428571428581,-0.029761904761904767,8,True
2451,創見,20240529,20240530,115.0,entered,True,20240530,114.5,-0.004347826086956497,0.0304347826086957,-0.021739130434782594,1,True,20240603,113.0,-0.017391304347826098,0.0304347826086957,-0.03913043478260869,3,True,20240605,114.0,-0.008695652173912993,0.0304347826086957,-0.04347826086956519,5,True,20240611,118.0,0.026086956521739202,0.06956521739130439,-0.04347826086956519,8,True
2451,創見,20240607,20240611,120.0,entered,True,20240611,118.0,-0.01666666666666672,0.02499999999999991,-0.033333333333333326,1,True,20240613,122.0,0.016666666666666607,0.03750000000000009,-0.033333333333333326,3,True,20240617,127.0,0.05833333333333335,0.06666666666666665,-0.033333333333333326,5,True,20240620,131.0,0.09166666666666656,0.13749999999999996,-0.033333333333333326,8,True
2451,創見,20250704,20250707,120.0,entered,True,20250707,111.0,-0.07499999999999996,0.016666666666666607,-0.09583333333333333,1,True,20250709,99.9,-0.16749999999999998,0.016666666666666607,-0.17583333333333329,3,True,20250711,96.8,-0.19333333333333336,0.016666666666666607,-0.19333333333333336,5,True,20250716,91.5,-0.23750000000000004,0.016666666666666607,-0.24416666666666664,8,True
2455,全新,20220530,20220531,95.6,entered,True,20220531,97.1,0.01569037656903771,0.03347280334728042,-0.006276150627614996,1,True,20220602,98.0,0.025104602510460206,0.03556485355648542,-0.006276150627614996,3,True,20220607,98.4,0.029288702928870425,0.043933054393305415,-0.006276150627614996,5,True,20220610,96.2,0.006276150627615218,0.043933054393305415,-0.006276150627614996,8,True
2455,全新,20221117,20221118,72.5,entered,True,20221118,70.5,-0.02758620689655178,0.011034482758620623,-0.03724137931034488,1,True,20221122,69.2,-0.04551724137931035,0.011034482758620623,-0.07448275862068976,3,True,20221124,80.7,0.11310344827586216,0.11310344827586216,-0.07448275862068976,5,True,20221129,77.4,0.06758620689655181,0.13103448275862073,-0.07448275862068976,8,True
2455,全新,20221123,20221124,75.3,entered,True,20221124,80.7,0.07171314741035872,0.07171314741035872,-0.0013280212483398612,1,True,20221128,79.4,0.054448871181939085,0.08897742363877836,-0.0013280212483398612,3,True,20221130,78.5,0.04249667994687911,0.08897742363877836,-0.0013280212483398612,5,True,20221205,77.8,0.033200531208499307,0.08897742363877836,-0.0013280212483398612,8,True
2455,全新,20230410,20230411,101.0,entered,True,20230411,100.0,-0.00990099009900991,0.024752475247524774,-0.01089108910891079,1,True,20230413,94.7,-0.06237623762376232,0.024752475247524774,-0.0663366336633664,3,True,20230417,95.6,-0.05346534653465351,0.024752475247524774,-0.08118811881188126,5,True,20230420,100.0,-0.00990099009900991,0.024752475247524774,-0.08118811881188126,8,True
2455,全新,20230531,20230601,105.5,entered,True,20230601,108.0,0.023696682464454888,0.03791469194312791,-0.018957345971563955,1,True,20230605,115.5,0.09478672985782,0.11374407582938395,-0.018957345971563955,3,True,20230607,119.0,0.12796208530805697,0.13744075829383884,-0.018957345971563955,5,True,20230612,122.0,0.1563981042654028,0.17061611374407581,-0.018957345971563955,8,True
2455,全新,20231124,20231127,178.0,entered,True,20231127,164.0,-0.0786516853932584,0.008426966292134797,-0.0870786516853933,1,True,20231129,170.5,-0.042134831460674205,0.008426966292134797,-0.0870786516853933,3,True,20231201,170.0,-0.0449438202247191,0.008426966292134797,-0.0870786516853933,5,True,20231206,167.0,-0.061797752808988804,0.008426966292134797,-0.0870786516853933,8,True
2455,全新,20240221,20240222,166.5,entered,True,20240222,165.5,-0.006006006006005982,0.018018018018018056,-0.012012012012011963,1,True,20240226,167.5,0.006006006006006093,0.018018018018018056,-0.033033033033033066,3,True,20240229,163.5,-0.018018018018018056,0.018018018018018056,-0.048048048048048075,5,True,20240305,188.5,0.13213213213213204,0.14114114114114118,-0.048048048048048075,8,True
2455,全新,20240305,20240306,187.0,entered,True,20240306,180.5,-0.03475935828877008,0.0,-0.0401069518716578,1,True,20240308,170.5,-0.08823529411764708,0.005347593582887722,-0.11229946524064172,3,True,20240312,178.0,-0.048128342245989275,0.005347593582887722,-0.11229946524064172,5,True,20240315,173.0,-0.07486631016042777,0.005347593582887722,-0.11229946524064172,8,True
2455,全新,20250612,20250613,121.0,entered,True,20250613,121.5,0.004132231404958775,0.02892561983471076,-0.008264462809917328,1,True,20250617,121.5,0.004132231404958775,0.04958677685950419,-0.016528925619834656,3,True,20250619,121.0,0.0,0.04958677685950419,-0.016528925619834656,5,True,20250624,125.5,0.037190082644628086,0.06198347107438007,-0.07851239669421484,8,True
2455,全新,20250918,20250919,167.5,entered,True,20250919,165.0,-0.014925373134328401,0.011940298507462588,-0.020895522388059695,1,True,20250923,160.0,-0.04477611940298509,0.011940298507462588,-0.047761194029850795,3,True,20250925,159.5,-0.047761194029850795,0.011940298507462588,-0.05970149253731338,5,True,20251001,161.0,-0.03880597014925369,0.011940298507462588,-0.09253731343283578,8,True
2457,飛宏,20230216,20230217,42.0,entered,True,20230217,42.15,0.0035714285714285587,0.01666666666666683,-0.004761904761904856,1,True,20230221,46.7,0.11190476190476195,0.1345238095238095,-0.004761904761904856,3,True,20230223,46.6,0.10952380952380958,0.1345238095238095,-0.004761904761904856,5,True,20230302,47.05,0.12023809523809526,0.1345238095238095,-0.004761904761904856,8,True
2457,飛宏,20230601,20230602,82.8,entered,True,20230602,83.4,0.007246376811594235,0.030193236714975757,-0.01449275362318847,1,True,20230606,82.6,-0.0024154589371980784,0.050724637681159424,-0.01449275362318847,3,True,20230608,78.9,-0.047101449275362195,0.050724637681159424,-0.05917874396135259,5,True,20230613,82.3,-0.006038647342995196,0.050724637681159424,-0.05917874396135259,8,True
2457,飛宏,20240219,20240220,62.5,entered,True,20240220,61.8,-0.011200000000000099,0.008000000000000007,-0.01760000000000006,1,True,20240222,61.3,-0.019199999999999995,0.008000000000000007,-0.028799999999999937,3,True,20240226,61.2,-0.02079999999999993,0.008000000000000007,-0.04479999999999995,5,True,20240301,60.3,-0.03520000000000001,0.008000000000000007,-0.05120000000000002,8,True
2457,飛宏,20240604,20240605,52.1,entered,True,20240605,51.8,-0.0057581573896353655,0.0249520153550864,-0.01151631477927062,1,True,20240607,52.0,-0.0019193857965451588,0.0249520153550864,-0.03262955854126681,3,True,20240612,51.0,-0.021113243761996192,0.0249520153550864,-0.03262955854126681,5,True,20240617,51.3,-0.015355086372360938,0.0249520153550864,-0.05950095969289826,8,True
2457,飛宏,20260522,20260525,27.15,entered,True,20260525,26.85,-0.011049723756905938,0.011049723756906049,-0.027624309392265234,1,True,20260527,25.2,-0.07182320441988943,0.011049723756906049,-0.07918968692449346,3,True,20260529,26.0,-0.0423572744014733,0.011049723756906049,-0.09023941068139962,5,True,20260603,29.15,0.07366482504604055,0.07366482504604055,-0.09023941068139962,8,True
2458,義隆,20231208,20231211,157.5,entered,True,20231211,157.0,-0.0031746031746031633,0.012698412698412653,-0.00952380952380949,1,True,20231213,158.0,0.0031746031746031633,0.015873015873015817,-0.012698412698412653,3,True,20231215,154.0,-0.022222222222222254,0.022222222222222143,-0.02857142857142858,5,True,20231220,160.0,0.015873015873015817,0.02857142857142847,-0.031746031746031744,8,True
2458,義隆,20240221,20240222,169.0,entered,True,20240222,167.5,-0.00887573964497046,0.0,-0.041420118343195256,1,True,20240226,170.0,0.00591715976331364,0.01775147928994092,-0.053254437869822535,3,True,20240229,166.0,-0.017751479289940808,0.026627218934911268,-0.053254437869822535,5,True,20240305,167.0,-0.011834319526627168,0.026627218934911268,-0.053254437869822535,8,True
2458,義隆,20260311,20260312,139.0,entered,True,20260312,143.0,0.02877697841726623,0.02877697841726623,-0.007194244604316502,1,True,20260316,141.0,0.014388489208633004,0.03237410071942448,-0.007194244604316502,3,True,20260318,141.0,0.014388489208633004,0.03237410071942448,-0.007194244604316502,5,True,20260323,131.0,-0.05755395683453235,0.03237410071942448,-0.0611510791366906,8,True
2458,義隆,20260422,20260423,142.5,entered,True,20260423,136.0,-0.04561403508771933,0.01754385964912286,-0.056140350877192935,1,True,20260427,136.0,-0.04561403508771933,0.01754385964912286,-0.056140350877192935,3,True,20260429,134.0,-0.05964912280701751,0.01754385964912286,-0.06666666666666665,5,True,20260505,140.5,-0.01403508771929829,0.01754385964912286,-0.06666666666666665,8,True
2458,義隆,20260508,20260511,151.0,entered,True,20260511,150.0,-0.0066225165562914245,0.019867549668874274,-0.013245033112582738,1,True,20260513,142.5,-0.056291390728476776,0.019867549668874274,-0.06622516556291391,3,True,20260515,142.5,-0.056291390728476776,0.019867549668874274,-0.06622516556291391,5,True,20260520,153.0,0.013245033112582849,0.023178807947019875,-0.08609271523178808,8,True
2458,義隆,20260630,20260701,190.0,entered,True,20260701,181.5,-0.044736842105263186,0.03157894736842115,-0.047368421052631615,1,True,20260703,184.0,-0.03157894736842104,0.03157894736842115,-0.07631578947368423,3,True,20260707,188.0,-0.010526315789473717,0.03421052631578947,-0.07631578947368423,5,True,20260713,183.0,-0.0368421052631579,0.03421052631578947,-0.07631578947368423,8,True
2462,良得電,20231108,20231109,41.55,entered,True,20231109,41.6,0.001203369434416457,0.02767749699157651,-0.034897713598074476,1,True,20231113,38.6,-0.07099879663056552,0.02767749699157651,-0.0806257521058964,3,True,20231115,40.65,-0.02166064981949456,0.02767749699157651,-0.08423586040914566,5,True,20231120,42.1,0.013237063778580138,0.02767749699157651,-0.08423586040914566,8,True
2464,盟立,20241223,20241224,84.2,entered,True,20241224,85.8,0.019002375296911955,0.0463182897862231,-0.0071258907363421775,1,True,20241226,85.0,0.009501187648456089,0.08551068883610458,-0.0071258907363421775,3,True,20241230,82.0,-0.026128266033254244,0.08551068883610458,-0.027315914489311144,5,True,20250103,82.7,-0.017814726840855055,0.08551068883610458,-0.0332541567695962,8,True
2464,盟立,20250217,20250218,84.0,entered,True,20250218,83.3,-0.008333333333333415,0.0071428571428571175,-0.02619047619047621,1,True,20250220,81.1,-0.03452380952380962,0.0071428571428571175,-0.03452380952380962,3,True,20250224,81.6,-0.028571428571428692,0.0071428571428571175,-0.03452380952380962,5,True,20250227,79.8,-0.050000000000000044,0.0071428571428571175,-0.050000000000000044,8,True
2464,盟立,20260209,20260210,75.7,entered,True,20260210,72.0,-0.04887714663143994,0.003963011889035695,-0.0647291941875826,1,True,20260223,72.8,-0.0383091149273449,0.003963011889035695,-0.08586525759577279,3,True,20260225,71.2,-0.059445178335534976,0.003963011889035695,-0.08586525759577279,5,True,20260303,71.9,-0.05019815059445176,0.014531043593130732,-0.08586525759577279,8,True
2464,盟立,20260811,20260812,185.5,entered,True,20260812,196.5,0.059299191374662996,0.10512129380053903,0.0,1,True,20260814,192.0,0.03504043126684642,0.10512129380053903,0.0,3,True,20260818,178.0,-0.040431266846361225,0.12129380053908356,-0.05929919137466311,5,True,20260821,179.0,-0.035040431266846306,0.12129380053908356,-0.07277628032345018,8,True
2465,麗臺,20231130,20231201,63.2,entered,True,20231201,62.1,-0.017405063291139222,0.004746835443038,-0.03164556962025311,1,True,20231205,63.2,0.0,0.044303797468354444,-0.03164556962025311,3,True,20231207,66.7,0.05537974683544311,0.09968354430379733,-0.03164556962025311,5,True,20231212,64.9,0.026898734177215333,0.09968354430379733,-0.03164556962025311,8,True
2467,志聖,20240219,20240220,113.5,entered,True,20240220,114.0,0.004405286343612369,0.048458149779735615,-0.004405286343612369,1,True,20240222,124.0,0.09251101321585908,0.09251101321585908,-0.004405286343612369,3,True,20240226,134.5,0.18502202643171817,0.23348017621145378,-0.004405286343612369,5,True,20240301,124.5,0.09691629955947145,0.2599118942731278,-0.004405286343612369,8,True
2467,志聖,20251231,20260102,250.5,entered,True,20260102,270.0,0.07784431137724557,0.09580838323353302,-0.001996007984031989,1,True,20260106,267.0,0.06586826347305386,0.14171656686626743,-0.001996007984031989,3,True,20260108,261.0,0.041916167664670656,0.14171656686626743,-0.001996007984031989,5,True,20260113,256.5,0.0239520958083832,0.14171656686626743,-0.003992015968063867,8,True
2472,立隆電,20240628,20240701,85.6,entered,True,20240701,83.2,-0.028037383177569986,0.001168224299065601,-0.029205607476635476,1,True,20240703,83.9,-0.019859813084112,0.001168224299065601,-0.04439252336448596,3,True,20240705,85.8,0.00233644859813098,0.016355140186915973,-0.04439252336448596,5,True,20240710,87.0,0.016355140186915973,0.01869158878504673,-0.04439252336448596,8,True
2472,立隆電,20250120,20250121,98.0,entered,True,20250121,102.5,0.04591836734693877,0.06632653061224492,0.0,1,True,20250203,92.3,-0.05816326530612248,0.08673469387755106,-0.05816326530612248,3,True,20250205,97.3,-0.0071428571428571175,0.08673469387755106,-0.13571428571428568,5,True,20250210,99.7,0.0173469387755103,0.08673469387755106,-0.13571428571428568,8,True
2472,立隆電,20251022,20251023,108.0,entered,True,20251023,110.5,0.02314814814814814,0.08333333333333326,-0.00462962962962965,1,True,20251028,115.0,0.06481481481481488,0.09259259259259256,-0.00462962962962965,3,True,20251030,110.5,0.02314814814814814,0.09259259259259256,-0.0092592592592593,5,True,20251104,105.0,-0.02777777777777779,0.09259259259259256,-0.03240740740740744,8,True
2472,立隆電,20260113,20260114,121.5,entered,True,20260114,120.0,-0.012345679012345734,0.03703703703703698,-0.04115226337448563,1,True,20260116,120.5,-0.008230452674897082,0.03703703703703698,-0.04115226337448563,3,True,20260120,119.0,-0.020576131687242816,0.03703703703703698,-0.04115226337448563,5,True,20260123,117.5,-0.03292181069958844,0.03703703703703698,-0.053497942386831254,8,True
2474,可成,20220601,20220602,170.0,entered,True,20220602,171.0,0.00588235294117645,0.0235294117647058,-0.00588235294117645,1,True,20220607,173.5,0.020588235294117574,0.026470588235294024,-0.00588235294117645,3,True,20220609,173.0,0.01764705882352935,0.038235294117647145,-0.00588235294117645,5,True,20220614,168.0,-0.0117647058823529,0.038235294117647145,-0.03529411764705881,8,True
2474,可成,20220809,20220810,177.5,entered,True,20220810,175.5,-0.011267605633802802,0.019718309859154903,-0.016901408450704203,1,True,20220812,176.0,-0.008450704225352101,0.019718309859154903,-0.025352112676056304,3,True,20220816,177.5,0.0,0.019718309859154903,-0.025352112676056304,5,True,20220819,178.0,0.0028169014084507005,0.019718309859154903,-0.025352112676056304,8,True
2474,可成,20221114,20221115,183.0,entered,True,20221115,187.5,0.024590163934426146,0.02732240437158473,0.0,1,True,20221117,187.5,0.024590163934426146,0.032786885245901676,0.0,3,True,20221121,182.0,-0.005464480874316946,0.032786885245901676,-0.021857923497267784,5,True,20221124,180.5,-0.013661202185792365,0.032786885245901676,-0.03551912568306015,8,True
2474,可成,20240513,20240514,230.5,entered,True,20240514,230.0,-0.002169197396963085,0.013015184381778733,-0.010845986984815648,1,True,20240516,232.5,0.008676789587852562,0.01952277657266821,-0.010845986984815648,3,True,20240520,218.5,-0.05206073752711493,0.01952277657266821,-0.07158351409978303,5,True,20240523,228.0,-0.010845986984815648,0.01952277657266821,-0.07158351409978303,8,True
2474,可成,20240702,20240703,238.5,entered,True,20240703,233.5,-0.02096436058700213,0.0,-0.048218029350104774,1,True,20240705,230.0,-0.03563941299790352,0.0,-0.07127882599580715,3,True,20240709,214.5,-0.10062893081761004,0.0,-0.10272536687631029,5,True,20240712,224.5,-0.058700209643605894,0.0,-0.10272536687631029,8,True
2476,鉅祥,20230324,20230327,58.5,entered,True,20230327,57.1,-0.023931623931623958,0.01538461538461533,-0.029059829059829068,1,True,20230329,55.3,-0.05470085470085473,0.01538461538461533,-0.06324786324786325,3,True,20230331,56.9,-0.027350427350427364,0.01538461538461533,-0.06324786324786325,5,True,20230410,58.0,-0.008547008547008517,0.01538461538461533,-0.06324786324786325,8,True
2476,鉅祥,20231201,20231204,67.1,entered,True,20231204,67.0,-0.0014903129657226621,0.014903129657227954,-0.011922503725782407,1,True,20231206,66.3,-0.011922503725782407,0.014903129657227954,-0.025335320417287477,3,True,20231208,68.8,0.0253353204172877,0.037257824143070106,-0.025335320417287477,5,True,20231213,74.1,0.10432190760059612,0.11624441132637875,-0.025335320417287477,8,True
2476,鉅祥,20240122,20240123,74.4,entered,True,20240123,76.3,0.025537634408602017,0.034946236559139754,-0.0040322580645162365,1,True,20240125,70.0,-0.05913978494623662,0.034946236559139754,-0.06720430107526876,3,True,20240129,71.7,-0.03629032258064524,0.034946236559139754,-0.06720430107526876,5,True,20240201,69.0,-0.07258064516129037,0.034946236559139754,-0.0819892473118281,8,True
2476,鉅祥,20240410,20240411,79.7,entered,True,20240411,78.3,-0.017565872020075313,0.0,-0.021329987452948562,1,True,20240415,77.1,-0.03262233375156853,0.006273525721455453,-0.03638644918444167,3,True,20240417,74.1,-0.07026348808030125,0.006273525721455453,-0.0840652446675032,5,True,20240422,71.2,-0.10664993726474281,0.006273525721455453,-0.11668757841907151,8,True
2476,鉅祥,20240515,20240516,91.9,entered,True,20240516,89.8,-0.022850924918389692,0.009793253536452662,-0.028291621327530048,1,True,20240520,91.8,-0.0010881392818281599,0.04461371055495089,-0.04026115342763881,3,True,20240522,90.2,-0.018498367791077275,0.04461371055495089,-0.04026115342763881,5,True,20240527,91.5,-0.0043525571273123065,0.04461371055495089,-0.04026115342763881,8,True
2476,鉅祥,20240613,20240614,107.0,entered,True,20240614,105.0,-0.01869158878504673,0.009345794392523255,-0.028037383177570097,1,True,20240618,114.0,0.06542056074766345,0.10280373831775691,-0.028037383177570097,3,True,20240620,110.0,0.028037383177569986,0.10280373831775691,-0.028037383177570097,5,True,20240625,106.5,-0.004672897196261627,0.10280373831775691,-0.04205607476635509,8,True
2476,鉅祥,20240705,20240708,118.0,entered,True,20240708,111.0,-0.05932203389830504,0.0,-0.05932203389830504,1,True,20240710,110.0,-0.06779661016949157,0.0,-0.0805084745762712,3,True,20240712,112.0,-0.05084745762711862,0.0,-0.09322033898305082,5,True,20240717,111.0,-0.05932203389830504,0.0,-0.09322033898305082,8,True
2476,鉅祥,20250818,20250819,93.2,entered,True,20250819,90.0,-0.03433476394849788,0.0042918454935620964,-0.03433476394849788,1,True,20250821,90.7,-0.02682403433476399,0.0042918454935620964,-0.06866952789699576,3,True,20250825,91.7,-0.016094420600858417,0.011802575107296098,-0.06866952789699576,5,True,20250828,98.1,0.05257510729613735,0.06974248927038618,-0.06866952789699576,8,True
2476,鉅祥,20250829,20250901,102.5,entered,True,20250901,102.5,0.0,0.039024390243902474,-0.014634146341463428,1,True,20250903,103.5,0.009756097560975618,0.04878048780487809,-0.030243902439024306,3,True,20250905,110.5,0.07804878048780495,0.09756097560975618,-0.030243902439024306,5,True,20250910,117.5,0.14634146341463405,0.1707317073170731,-0.030243902439024306,8,True
2476,鉅祥,20260414,20260415,107.5,entered,True,20260415,108.0,0.0046511627906977715,0.04651162790697683,-0.037209302325581395,1,True,20260417,115.0,0.06976744186046502,0.07906976744186056,-0.037209302325581395,3,True,20260421,122.0,0.1348837209302325,0.17674418604651154,-0.037209302325581395,5,True,20260424,123.5,0.14883720930232558,0.19999999999999996,-0.037209302325581395,8,True
2478,大毅,20260416,20260417,74.5,entered,True,20260417,77.2,0.03624161073825505,0.06711409395973145,-0.0013422818791946067,1,True,20260421,73.9,-0.008053691275167751,0.06711409395973145,-0.020134228187919434,3,True,20260423,66.3,-0.11006711409395975,0.06711409395973145,-0.12751677852348997,5,True,20260428,68.3,-0.08322147651006717,0.06711409395973145,-0.15436241610738255,8,True
2478,大毅,20260618,20260622,231.0,entered,True,20260622,235.5,0.01948051948051943,0.025974025974025983,-0.03463203463203468,1,True,20260624,240.0,0.03896103896103886,0.03896103896103886,-0.038961038961038974,3,True,20260626,218.0,-0.05627705627705626,0.09740259740259738,-0.05627705627705626,5,True,20260701,225.5,-0.023809523809523836,0.09740259740259738,-0.14069264069264065,8,True
2481,強茂,20220804,20220805,67.5,entered,True,20220805,67.6,0.001481481481481417,0.01925925925925931,-0.002962962962963056,1,True,20220809,67.4,-0.001481481481481417,0.01925925925925931,-0.038518518518518396,3,True,20220811,66.3,-0.01777777777777778,0.020740740740740726,-0.038518518518518396,5,True,20220816,70.2,0.040000000000000036,0.04444444444444451,-0.038518518518518396,8,True
2481,強茂,20220816,20220817,71.7,entered,True,20220817,71.0,-0.009762900976290179,0.018131101813110062,-0.012552301255230214,1,True,20220819,69.9,-0.025104602510460206,0.018131101813110062,-0.034867503486750384,3,True,20220823,68.2,-0.04881450488145045,0.018131101813110062,-0.052998605299860446,5,True,20220826,71.6,-0.0013947001394701841,0.018131101813110062,-0.057182705718270666,8,True
2481,強茂,20230609,20230612,71.6,entered,True,20230612,70.8,-0.011173184357541888,0.0027932960893854997,-0.013966480446927387,1,True,20230614,70.0,-0.022346368715083775,0.0027932960893854997,-0.022346368715083775,3,True,20230616,68.9,-0.0377094972067038,0.0027932960893854997,-0.03910614525139666,5,True,20230621,69.3,-0.03212290502793291,0.0027932960893854997,-0.06424581005586583,8,True
2481,強茂,20240712,20240715,68.0,entered,True,20240715,66.2,-0.026470588235294024,0.0,-0.05294117647058816,1,True,20240717,64.7,-0.04852941176470582,0.01911764705882346,-0.05588235294117638,3,True,20240719,60.2,-0.1147058823529411,0.01911764705882346,-0.11617647058823533,5,True,20240726,55.7,-0.18088235294117638,0.01911764705882346,-0.18529411764705883,8,True
2481,強茂,20250919,20250922,76.5,entered,True,20250922,72.8,-0.048366013071895475,0.0039215686274509665,-0.05228758169934644,1,True,20250924,72.7,-0.04967320261437902,0.0039215686274509665,-0.07843137254901966,3,True,20250926,69.7,-0.0888888888888889,0.0039215686274509665,-0.0980392156862745,5,True,20251002,71.7,-0.06274509803921569,0.0039215686274509665,-0.10326797385620923,8,True
2481,強茂,20260116,20260119,92.3,entered,True,20260119,88.8,-0.037919826652221045,0.027085590465872222,-0.050920910075839654,1,True,20260121,93.7,0.015167930660888507,0.06500541711809316,-0.050920910075839654,3,True,20260123,89.5,-0.03033586132177679,0.11050920910075845,-0.050920910075839654,5,True,20260128,93.2,0.009750812567713929,0.11050920910075845,-0.050920910075839654,8,True
2481,強茂,20260317,20260318,105.0,entered,True,20260318,102.5,-0.023809523809523836,0.004761904761904745,-0.033333333333333326,1,True,20260320,94.8,-0.0971428571428572,0.004761904761904745,-0.09904761904761905,3,True,20260324,97.1,-0.07523809523809533,0.004761904761904745,-0.14190476190476198,5,True,20260327,97.9,-0.06761904761904758,0.004761904761904745,-0.14190476190476198,8,True
2482,連宇,20230201,20230202,34.2,entered,True,20230202,37.8,0.10526315789473673,0.10526315789473673,0.0,1,True,20230206,39.35,0.15058479532163727,0.252923976608187,0.0,3,True,20230208,42.0,0.2280701754385963,0.252923976608187,0.0,5,True,20230213,41.2,0.20467836257309946,0.252923976608187,0.0,8,True
2484,希華,20220808,20220809,38.2,entered,True,20220809,39.7,0.03926701570680624,0.041884816753926524,-0.002617801047120505,1,True,20220811,40.8,0.06806282722513068,0.07722513089005223,-0.002617801047120505,3,True,20220815,41.95,0.0981675392670156,0.10340314136125639,-0.002617801047120505,5,True,20220818,42.15,0.10340314136125639,0.13219895287958106,-0.002617801047120505,8,True
2484,希華,20230306,20230307,39.6,entered,True,20230307,39.75,0.0037878787878786735,0.007575757575757569,-0.002525252525252597,1,True,20230309,37.7,-0.0479797979797979,0.02651515151515138,-0.0505050505050505,3,True,20230313,37.5,-0.053030303030303094,0.02651515151515138,-0.08080808080808088,5,True,20230316,36.25,-0.08459595959595967,0.02651515151515138,-0.08838383838383834,8,True
2484,希華,20240229,20240301,36.75,entered,True,20240301,35.35,-0.03809523809523807,0.0,-0.039455782312925236,1,True,20240305,35.95,-0.021768707482993088,0.0,-0.04217687074829923,3,True,20240307,35.0,-0.04761904761904767,0.0,-0.048979591836734615,5,True,20240312,34.7,-0.05578231292517,0.0,-0.07482993197278909,8,True
2484,希華,20260526,20260527,56.5,entered,True,20260527,52.6,-0.0690265486725663,0.0,-0.08318584070796464,1,True,20260529,54.3,-0.038938053097345215,0.026548672566371723,-0.08318584070796464,3,True,20260602,51.9,-0.0814159292035398,0.026548672566371723,-0.11504424778761058,5,True,20260605,52.8,-0.06548672566371683,0.026548672566371723,-0.16814159292035402,8,True
2486,一詮,20230606,20230607,41.5,entered,True,20230607,42.15,0.015662650602409567,0.031325301204819134,-0.025301204819277,1,True,20230609,43.5,0.04819277108433728,0.055421686746987886,-0.025301204819277,3,True,20230613,43.5,0.04819277108433728,0.110843373493976,-0.025301204819277,5,True,20230616,44.65,0.07590361445783134,0.110843373493976,-0.025301204819277,8,True
2486,一詮,20240301,20240304,51.7,entered,True,20240304,50.9,-0.01547388781431347,0.003868471953578201,-0.021276595744680882,1,True,20240306,54.1,0.046421663442939964,0.05609284332688591,-0.05029013539651839,3,True,20240308,49.5,-0.042553191489361764,0.0831721470019342,-0.061895551257253434,5,True,20240313,53.9,0.04255319148936154,0.0831721470019342,-0.061895551257253434,8,True
2486,一詮,20240321,20240322,59.0,entered,True,20240322,59.3,0.005084745762711895,0.045762711864406835,-0.005084745762711784,1,True,20240326,60.1,0.01864406779661021,0.10508474576271198,-0.005084745762711784,3,True,20240328,58.6,-0.006779661016949157,0.10508474576271198,-0.011864406779661052,5,True,20240402,72.6,0.2305084745762711,0.2305084745762711,-0.011864406779661052,8,True
2486,一詮,20250221,20250224,114.0,entered,True,20250224,111.5,-0.021929824561403466,0.004385964912280604,-0.030701754385964897,1,True,20250226,106.5,-0.06578947368421051,0.004385964912280604,-0.06578947368421051,3,True,20250303,102.0,-0.10526315789473684,0.004385964912280604,-0.10964912280701755,5,True,20250306,109.0,-0.04385964912280704,0.004385964912280604,-0.1289473684210527,8,True
2486,一詮,20250918,20250919,85.0,entered,True,20250919,82.7,-0.02705882352941169,0.003529411764705781,-0.03294117647058825,1,True,20250923,82.3,-0.03176470588235303,0.003529411764705781,-0.03294117647058825,3,True,20250925,80.7,-0.0505882352941176,0.003529411764705781,-0.05882352941176472,5,True,20251001,80.7,-0.0505882352941176,0.003529411764705781,-0.07882352941176474,8,True
2486,一詮,20260128,20260129,131.0,entered,True,20260129,128.0,-0.022900763358778664,0.03053435114503822,-0.03053435114503822,1,True,20260202,125.0,-0.04580152671755722,0.03053435114503822,-0.09160305343511455,3,True,20260204,129.5,-0.011450381679389277,0.03053435114503822,-0.09160305343511455,5,True,20260209,142.0,0.08396946564885499,0.10305343511450382,-0.09160305343511455,8,True
2486,一詮,20260413,20260414,196.0,entered,True,20260414,191.5,-0.022959183673469385,0.005102040816326481,-0.04846938775510201,1,True,20260416,185.5,-0.0535714285714286,0.005102040816326481,-0.08673469387755106,3,True,20260420,198.0,0.010204081632652962,0.020408163265306145,-0.08673469387755106,5,True,20260423,222.0,0.13265306122448983,0.19897959183673475,-0.08673469387755106,8,True
2489,瑞軒,20240705,20240708,21.4,entered,True,20240708,20.6,-0.03738317757009335,0.004672897196261738,-0.04205607476635509,1,True,20240710,22.2,0.03738317757009346,0.06542056074766367,-0.04439252336448596,3,True,20240712,24.5,0.14485981308411233,0.14485981308411233,-0.04439252336448596,5,True,20240717,25.8,0.20560747663551404,0.2593457943925235,-0.04439252336448596,8,True
2492,華新科,20220104,20220105,178.0,entered,True,20220105,173.0,-0.028089887640449396,0.0,-0.0337078651685393,1,True,20220107,167.0,-0.061797752808988804,0.0,-0.0674157303370787,3,True,20220111,160.5,-0.098314606741573,0.0,-0.101123595505618,5,True,20220114,154.5,-0.1320224719101124,0.0,-0.1544943820224719,8,True
2492,華新科,20230411,20230412,103.0,entered,True,20230412,110.0,0.06796116504854366,0.08737864077669899,-0.009708737864077666,1,True,20230414,110.5,0.07281553398058249,0.10194174757281549,-0.009708737864077666,3,True,20230418,106.0,0.029126213592232997,0.10194174757281549,-0.009708737864077666,5,True,20230421,97.1,-0.057281553398058294,0.10194174757281549,-0.058252427184465994,8,True
2492,華新科,20231103,20231106,123.5,entered,True,20231106,123.5,0.0,0.012145748987854255,-0.020242914979757054,1,True,20231108,123.5,0.0,0.03238866396761142,-0.020242914979757054,3,True,20231110,121.5,-0.01619433198380571,0.03238866396761142,-0.03238866396761131,5,True,20231115,117.0,-0.052631578947368474,0.03238866396761142,-0.06072874493927127,8,True
2492,華新科,20240614,20240617,117.5,entered,True,20240617,119.5,0.017021276595744705,0.02127659574468077,-0.012765957446808529,1,True,20240619,117.0,-0.004255319148936176,0.025531914893617058,-0.012765957446808529,3,True,20240621,121.0,0.029787234042553123,0.04680851063829783,-0.012765957446808529,5,True,20240626,118.5,0.008510638297872353,0.051063829787234116,-0.012765957446808529,8,True
2492,華新科,20240711,20240712,125.0,entered,True,20240712,123.5,-0.01200000000000001,0.01200000000000001,-0.020000000000000018,1,True,20240716,127.0,0.016000000000000014,0.06000000000000005,-0.03200000000000003,3,True,20240718,126.0,0.008000000000000007,0.06000000000000005,-0.03200000000000003,5,True,20240723,115.5,-0.07599999999999996,0.06000000000000005,-0.08799999999999997,8,True
2492,華新科,20251028,20251029,141.5,entered,True,20251029,131.5,-0.07067137809187274,0.021201413427561766,-0.07773851590106007,1,True,20251031,124.0,-0.12367491166077738,0.021201413427561766,-0.12720848056537104,3,True,20251104,118.5,-0.16254416961130747,0.021201413427561766,-0.16961130742049468,5,True,20251107,117.5,-0.16961130742049468,0.021201413427561766,-0.20141342756183744,8,True
2492,華新科,20260106,20260107,130.0,entered,True,20260107,132.0,0.01538461538461533,0.03076923076923066,-0.01538461538461533,1,True,20260109,124.0,-0.0461538461538461,0.03076923076923066,-0.07692307692307687,3,True,20260113,131.0,0.007692307692307665,0.03076923076923066,-0.07692307692307687,5,True,20260116,133.5,0.026923076923076827,0.08461538461538454,-0.07692307692307687,8,True
2492,華新科,20260114,20260115,135.0,entered,True,20260115,134.0,-0.007407407407407418,0.022222222222222143,-0.014814814814814836,1,True,20260119,146.5,0.08518518518518525,0.08518518518518525,-0.04814814814814816,3,True,20260121,143.5,0.06296296296296289,0.12962962962962954,-0.04814814814814816,5,True,20260126,149.5,0.1074074074074074,0.22592592592592586,-0.04814814814814816,8,True
2492,華新科,20260416,20260417,149.0,entered,True,20260417,147.0,-0.01342281879194629,0.033557046979865834,-0.020134228187919434,1,True,20260421,149.0,0.0,0.033557046979865834,-0.020134228187919434,3,True,20260423,130.0,-0.12751677852348997,0.033557046979865834,-0.13758389261744963,5,True,20260428,142.0,-0.046979865771812124,0.033557046979865834,-0.16778523489932884,8,True
2495,普安,20221121,20221122,20.5,entered,True,20221122,19.7,-0.039024390243902474,0.0,-0.0585365853658536,1,True,20221124,18.9,-0.07804878048780495,0.0,-0.08292682926829265,3,True,20221128,19.45,-0.051219512195122,0.0,-0.08292682926829265,5,True,20221201,20.1,-0.019512195121951126,0.0,-0.08292682926829265,8,True
2495,普安,20221214,20221215,23.4,entered,True,20221215,24.05,0.0277777777777779,0.02991452991453003,-0.019230769230769162,1,True,20221219,22.5,-0.038461538461538436,0.02991452991453003,-0.06623931623931612,3,True,20221221,21.8,-0.06837606837606824,0.02991452991453003,-0.07692307692307676,5,True,20221226,21.5,-0.08119658119658113,0.02991452991453003,-0.09401709401709402,8,True
2495,普安,20230725,20230726,26.5,entered,True,20230726,24.8,-0.0641509433962264,0.0,-0.0641509433962264,1,True,20230728,25.15,-0.050943396226415194,0.0,-0.06981132075471708,3,True,20230801,23.8,-0.10188679245283017,0.0,-0.10943396226415092,5,True,20230807,21.8,-0.1773584905660377,0.0,-0.2245283018867924,8,True
2497,怡利電,20230410,20230411,82.3,entered,True,20230411,81.7,-0.007290400972053357,0.0,-0.026731470230862753,1,True,20230413,77.0,-0.06439854191980554,0.0,-0.0656136087484811,3,True,20230417,77.3,-0.06075334143377886,0.0,-0.0656136087484811,5,True,20230420,74.5,-0.09477521263669497,0.0,-0.0972053462940462,8,True
2498,宏達電,20230206,20230207,67.2,entered,True,20230207,66.1,-0.016369047619047783,0.005952380952380931,-0.02083333333333337,1,True,20230209,67.7,0.007440476190476275,0.007440476190476275,-0.028273809523809645,3,True,20230213,65.2,-0.029761904761904767,0.007440476190476275,-0.03125000000000011,5,True,20230216,65.6,-0.023809523809523947,0.007440476190476275,-0.06398809523809534,8,True
2498,宏達電,20230529,20230530,61.7,entered,True,20230530,61.8,0.0016207455429497752,0.008103727714748876,-0.011345218800648316,1,True,20230601,62.4,0.011345218800648205,0.017828200972447306,-0.011345218800648316,3,True,20230605,63.6,0.030794165316045286,0.05672609400324147,-0.011345218800648316,5,True,20230608,60.4,-0.021069692058346856,0.05672609400324147,-0.021069692058346856,8,True
2498,宏達電,20231117,20231120,49.15,entered,True,20231120,49.15,0.0,0.01729399796541209,-0.0050864699898270915,1,True,20231122,50.0,0.01729399796541209,0.0315361139369279,-0.011190233977619424,3,True,20231124,49.05,-0.0020345879959308144,0.0315361139369279,-0.011190233977619424,5,True,20231129,49.65,0.010172939979654183,0.0315361139369279,-0.016276703967446515,8,True
2498,宏達電,20240620,20240621,48.75,entered,True,20240621,49.25,0.01025641025641022,0.031794871794871726,-0.011282051282051175,1,True,20240625,47.55,-0.024615384615384706,0.031794871794871726,-0.034871794871794926,3,True,20240627,45.95,-0.05743589743589739,0.031794871794871726,-0.05743589743589739,5,True,20240702,45.2,-0.07282051282051272,0.031794871794871726,-0.07692307692307687,8,True
2498,宏達電,20241230,20241231,51.1,entered,True,20241231,49.2,-0.03718199608610562,0.015655577299412915,-0.04305283757338563,1,True,20250103,47.8,-0.06457925636007833,0.015655577299412915,-0.0763209393346379,3,True,20250107,46.25,-0.09491193737769088,0.048923679060665304,-0.09686888454011744,5,True,20250110,46.45,-0.09099804305283754,0.048923679060665304,-0.09980430528375739,8,True
2498,宏達電,20250121,20250122,58.3,entered,True,20250122,59.2,0.01543739279588352,0.05317324185248706,-0.013722126929674006,1,True,20250204,48.0,-0.176672384219554,0.05317324185248706,-0.176672384219554,3,True,20250206,49.2,-0.15608919382504283,0.05317324185248706,-0.20325900514579753,5,True,20250211,46.85,-0.19639794168096047,0.05317324185248706,-0.20325900514579753,8,True
2498,宏達電,20250512,20250513,40.55,entered,True,20250513,39.5,-0.025893958076448786,0.002466091245376223,-0.025893958076448786,1,True,20250515,40.0,-0.013563501849568338,0.035758323057953234,-0.025893958076448786,3,True,20250519,39.15,-0.03452527743526512,0.035758323057953234,-0.03452527743526512,5,True,20250522,40.75,0.004932182490752224,0.04562268803945746,-0.03452527743526512,8,True
2498,宏達電,20250521,20250522,41.35,entered,True,20250522,40.75,-0.0145102781136639,0.012091898428053138,-0.01692865779927455,1,True,20250526,40.0,-0.03264812575574372,0.012091898428053138,-0.03506650544135437,3,True,20250528,38.8,-0.061668681983071405,0.012091898428053138,-0.0665054413542926,5,True,20250603,37.5,-0.09310761789600974,0.012091898428053138,-0.10519951632406288,8,True
2501,國建,20240607,20240611,37.4,entered,True,20240611,34.7,-0.0721925133689838,0.005347593582887722,-0.08155080213903732,1,True,20240613,33.1,-0.11497326203208547,0.005347593582887722,-0.12433155080213898,3,True,20240617,32.85,-0.12165775401069512,0.005347593582887722,-0.12433155080213898,5,True,20240620,32.9,-0.1203208556149733,0.005347593582887722,-0.13636363636363635,8,True
2501,國建,20260422,20260423,25.6,entered,True,20260423,26.25,0.025390625,0.02734375,-0.01171875,1,True,20260427,26.55,0.037109375,0.037109375,-0.01953125,3,True,20260429,23.2,-0.09375000000000011,0.037109375,-0.107421875,5,True,20260505,22.5,-0.12109375,0.037109375,-0.1250000000000001,8,True
2501,國建,20260605,20260608,23.5,entered,True,20260608,23.95,0.019148936170212627,0.025531914893617058,-0.010638297872340385,1,True,20260610,26.6,0.13191489361702136,0.13191489361702136,-0.010638297872340385,3,True,20260612,26.5,0.12765957446808507,0.16382978723404262,-0.010638297872340385,5,True,20260617,27.0,0.14893617021276606,0.16382978723404262,-0.010638297872340385,8,True
2504,國產,20240301,20240304,34.2,entered,True,20240304,34.15,-0.0014619883040937198,0.010233918128654818,-0.005847953216374324,1,True,20240306,35.15,0.02777777777777768,0.0350877192982455,-0.005847953216374324,3,True,20240308,36.4,0.06432748538011679,0.07602339181286522,-0.005847953216374324,5,True,20240313,36.75,0.07456140350877183,0.11257309941520455,-0.005847953216374324,8,True
2504,國產,20240408,20240409,40.9,entered,True,20240409,41.35,0.011002444987775029,0.017114914425427896,-0.0158924205378973,1,True,20240411,41.7,0.019559902200489088,0.03789731051344747,-0.0158924205378973,3,True,20240415,42.65,0.04278728606356963,0.0635696821515892,-0.0158924205378973,5,True,20240418,48.05,0.17481662591687042,0.1968215158924207,-0.0158924205378973,8,True
2514,龍邦,20240520,20240521,23.3,entered,True,20240521,23.85,0.023605150214592197,0.025751072961373245,-0.03433476394849788,1,True,20240523,22.0,-0.05579399141630903,0.03862660944205998,-0.06437768240343344,3,True,20240527,21.3,-0.0858369098712446,0.03862660944205998,-0.0858369098712446,5,True,20240530,23.0,-0.012875536480686733,0.03862660944205998,-0.08798283261802575,8,True
2520,冠德,20240327,20240328,41.5,entered,True,20240328,41.05,-0.010843373493976016,0.012048192771084265,-0.012048192771084376,1,True,20240401,42.35,0.02048192771084345,0.03614457831325302,-0.012048192771084376,3,True,20240403,41.85,0.008433734939758963,0.04939759036144564,-0.012048192771084376,5,True,20240410,43.5,0.04819277108433728,0.051807228915662584,-0.012048192771084376,8,True
2520,冠德,20240411,20240412,45.05,entered,True,20240412,45.25,0.004439511653718142,0.00998890122086582,-0.01664816870144281,1,True,20240416,43.2,-0.04106548279689226,0.00998890122086582,-0.052164261931187395,3,True,20240418,49.4,0.09655937846836848,0.09655937846836848,-0.052164261931187395,5,True,20240423,50.8,0.12763596004439504,0.20532741398446164,-0.052164261931187395,8,True
2520,冠德,20240715,20240716,60.3,entered,True,20240716,60.0,-0.00497512437810943,0.019900497512437942,-0.013266998341625147,1,True,20240718,66.7,0.10613598673300184,0.13764510779436145,-0.013266998341625147,3,True,20240722,61.5,0.019900497512437942,0.13764510779436145,-0.013266998341625147,5,True,20240729,62.3,0.03316749585406309,0.13764510779436145,-0.013266998341625147,8,True
2520,冠德,20241108,20241111,52.0,entered,True,20241111,51.7,-0.005769230769230749,0.019230769230769162,-0.011538461538461608,1,True,20241113,50.4,-0.03076923076923077,0.019230769230769162,-0.03076923076923077,3,True,20241115,51.9,-0.0019230769230769162,0.019230769230769162,-0.0346153846153846,5,True,20241120,56.0,0.07692307692307687,0.07692307692307687,-0.0346153846153846,8,True
2520,冠德,20250224,20250225,58.0,entered,True,20250225,57.4,-0.010344827586206917,0.005172413793103292,-0.010344827586206917,1,True,20250227,55.1,-0.04999999999999993,0.005172413793103292,-0.051724137931034475,3,True,20250304,57.3,-0.012068965517241459,0.005172413793103292,-0.05689655172413788,5,True,20250307,56.6,-0.024137931034482696,0.005172413793103292,-0.05689655172413788,8,True
2520,冠德,20250516,20250519,57.1,entered,True,20250519,55.6,-0.02626970227670755,0.005253940455341555,-0.029772329246935292,1,True,20250521,55.5,-0.028021015761821366,0.005253940455341555,-0.038528896672504476,3,True,20250523,55.9,-0.021015761821366108,0.005253940455341555,-0.038528896672504476,5,True,20250528,53.7,-0.05954465849387036,0.005253940455341555,-0.05954465849387036,8,True
2530,華建,20240402,20240403,47.65,entered,True,20240403,47.4,-0.005246589716684125,0.008394543546694555,-0.02728226652675758,1,True,20240409,50.7,0.06400839454354679,0.06400839454354679,-0.02728226652675758,3,True,20240411,51.9,0.08919202518363067,0.12277019937040934,-0.02728226652675758,5,True,20240416,51.4,0.07869884575026243,0.13536201469045128,-0.02728226652675758,8,True
2542,興富發,20221114,20221115,43.3,entered,True,20221115,42.9,-0.009237875288683584,0.0011547344110856006,-0.010392609699768962,1,True,20221117,43.55,0.005773672055427337,0.009237875288683695,-0.012702078521939941,3,True,20221121,43.95,0.015011547344111031,0.01616628175519641,-0.012702078521939941,5,True,20221124,44.9,0.036951501154734556,0.03926096997690531,-0.012702078521939941,8,True
2542,興富發,20230918,20230919,44.25,entered,True,20230919,44.3,0.001129943502824693,0.00225988700564983,-0.005649717514124242,1,True,20230921,43.95,-0.006779661016949046,0.00225988700564983,-0.011299435028248594,3,True,20230925,43.05,-0.027118644067796627,0.00225988700564983,-0.029378531073446235,5,True,20230928,39.45,-0.1084745762711864,0.00225988700564983,-0.11299435028248583,8,True
2542,興富發,20240506,20240507,48.2,entered,True,20240507,47.85,-0.007261410788381717,0.03734439834024883,-0.023858921161825863,1,True,20240509,45.65,-0.05290456431535273,0.03734439834024883,-0.05497925311203333,3,True,20240513,46.1,-0.043568464730290524,0.03734439834024883,-0.07261410788381739,5,True,20240516,45.55,-0.05497925311203333,0.03734439834024883,-0.08298755186721996,8,True
2542,興富發,20240607,20240611,48.45,entered,True,20240611,48.95,0.01031991744066052,0.016511867905056654,-0.02063983488132093,1,True,20240613,49.15,0.014447884416924683,0.02579979360165119,-0.02063983488132093,3,True,20240617,52.1,0.07533539731682137,0.10423116615067074,-0.02063983488132093,5,True,20240620,52.5,0.0835913312693497,0.10423116615067074,-0.02063983488132093,8,True
2542,興富發,20250804,20250805,42.75,entered,True,20250805,42.0,-0.01754385964912286,0.0035087719298245723,-0.024561403508771895,1,True,20250807,41.95,-0.01871345029239757,0.0035087719298245723,-0.024561403508771895,3,True,20250811,42.1,-0.01520467836257311,0.0035087719298245723,-0.024561403508771895,5,True,20250814,42.3,-0.010526315789473717,0.0035087719298245723,-0.025730994152046827,8,True
2542,興富發,20250916,20250917,46.6,entered,True,20250917,46.75,0.0032188841201716833,0.007510729613734002,-0.023605150214592308,1,True,20250919,44.6,-0.0429184549356223,0.007510729613734002,-0.05150214592274671,3,True,20250923,44.8,-0.0386266094420602,0.007510729613734002,-0.05150214592274671,5,True,20250926,41.3,-0.11373390557939922,0.007510729613734002,-0.12660944206008584,8,True
2542,興富發,20260429,20260430,40.2,entered,True,20260430,40.15,-0.0012437810945274963,0.00746268656716409,-0.006218905472636815,1,True,20260505,39.7,-0.01243781094527363,0.00746268656716409,-0.019900497512437942,3,True,20260507,39.4,-0.019900497512437942,0.00746268656716409,-0.026119402985074758,5,True,20260512,41.1,0.02238805970149249,0.03855721393034828,-0.026119402985074758,8,True
2542,興富發,20260513,20260514,42.4,entered,True,20260514,43.15,0.017688679245283057,0.02594339622641506,0.0,1,True,20260518,44.6,0.051886792452830344,0.05542452830188682,0.0,3,True,20260520,43.7,0.030660377358490587,0.05660377358490565,0.0,5,True,20260525,42.4,0.0,0.05660377358490565,-0.007075471698113178,8,True
2542,興富發,20260813,20260814,46.2,entered,True,20260814,46.2,0.0,0.009740259740259605,-0.009740259740259827,1,True,20260818,47.75,0.03354978354978355,0.03463203463203457,-0.009740259740259827,3,True,20260820,48.3,0.045454545454545414,0.051948051948051965,-0.009740259740259827,5,True,20260825,47.5,0.02813852813852802,0.06060606060606055,-0.009740259740259827,8,True
2543,皇昌,20240216,20240219,30.65,entered,True,20240219,31.75,0.03588907014681908,0.040783034257748874,-0.017944535073409318,1,True,20240221,38.35,0.25122349102773267,0.25122349102773267,-0.017944535073409318,3,True,20240223,35.5,0.15823817292006526,0.303425774877651,-0.017944535073409318,5,True,20240229,41.9,0.367047308319739,0.4339314845024471,-0.017944535073409318,8,True
2543,皇昌,20241007,20241008,89.5,entered,True,20241008,92.8,0.036871508379888285,0.054748603351955305,-0.0011173184357541333,1,True,20241011,97.7,0.09162011173184359,0.11731843575418988,-0.0011173184357541333,3,True,20241015,90.8,0.01452513966480451,0.13407821229050287,-0.0011173184357541333,5,True,20241018,93.0,0.03910614525139655,0.13407821229050287,-0.0022346368715083775,8,True
2543,皇昌,20250815,20250818,86.4,entered,True,20250818,85.8,-0.006944444444444531,0.01388888888888884,-0.01388888888888895,1,True,20250820,83.2,-0.03703703703703709,0.01388888888888884,-0.05092592592592604,3,True,20250822,82.2,-0.04861111111111116,0.01388888888888884,-0.0590277777777779,5,True,20250827,86.0,-0.00462962962962965,0.01388888888888884,-0.08564814814814825,8,True
2548,華固,20240607,20240611,173.5,entered,True,20240611,172.5,-0.0057636887608069065,0.014409221902017322,-0.014409221902017322,1,True,20240613,175.5,0.011527377521613813,0.020172910662824117,-0.043227665706051854,3,True,20240617,186.0,0.07204610951008639,0.08933717579250722,-0.043227665706051854,5,True,20240620,189.5,0.09221902017291073,0.10662824207492805,-0.043227665706051854,8,True
2603,長榮,20230614,20230615,163.0,entered,True,20230615,162.0,-0.006134969325153339,0.006134969325153339,-0.015337423312883458,1,True,20230619,162.0,-0.006134969325153339,0.021472392638036908,-0.015337423312883458,3,True,20230621,158.0,-0.030674846625766916,0.021472392638036908,-0.030674846625766916,5,True,20230628,157.5,-0.033742331288343586,0.021472392638036908,-0.042944785276073594,8,True
2603,長榮,20230914,20230915,109.5,entered,True,20230915,118.5,0.08219178082191791,0.09589041095890405,0.0,1,True,20230919,116.0,0.05936073059360725,0.10045662100456632,0.0,3,True,20230921,115.5,0.0547945205479452,0.10045662100456632,0.0,5,True,20230926,115.5,0.0547945205479452,0.10045662100456632,0.0,8,True
2603,長榮,20231114,20231115,115.0,entered,True,20231115,115.5,0.004347826086956497,0.004347826086956497,-0.017391304347826098,1,True,20231117,115.0,0.0,0.021739130434782705,-0.017391304347826098,3,True,20231121,113.5,-0.013043478260869601,0.021739130434782705,-0.021739130434782594,5,True,20231124,113.0,-0.017391304347826098,0.021739130434782705,-0.0304347826086957,8,True
2603,長榮,20231204,20231205,119.0,entered,True,20231205,117.5,-0.012605042016806678,0.008403361344537785,-0.025210084033613467,1,True,20231207,115.5,-0.02941176470588236,0.008403361344537785,-0.03361344537815125,3,True,20231211,122.0,0.025210084033613356,0.025210084033613356,-0.03361344537815125,5,True,20231214,129.0,0.08403361344537807,0.10084033613445387,-0.03361344537815125,8,True
2603,長榮,20231215,20231218,138.5,entered,True,20231218,141.5,0.02166064981949467,0.04332129963898912,-0.018050541516245522,1,True,20231220,148.0,0.06859205776173294,0.06859205776173294,-0.018050541516245522,3,True,20231222,153.0,0.10469314079422376,0.10830324909747291,-0.018050541516245522,5,True,20231227,147.0,0.06137184115523464,0.10830324909747291,-0.018050541516245522,8,True
2603,長榮,20240304,20240305,171.5,entered,True,20240305,173.5,0.011661807580174877,0.03498542274052485,-0.002915451895043719,1,True,20240307,177.5,0.03498542274052485,0.03790087463556846,-0.005830903790087438,3,True,20240311,180.0,0.04956268221574334,0.09329446064139946,-0.005830903790087438,5,True,20240314,183.5,0.06997084548104948,0.13411078717201175,-0.005830903790087438,8,True
2603,長榮,20240514,20240515,206.0,entered,True,20240515,203.5,-0.012135922330097082,0.009708737864077666,-0.01941747572815533,1,True,20240517,210.5,0.02184466019417486,0.07038834951456319,-0.01941747572815533,3,True,20240521,208.0,0.009708737864077666,0.07766990291262132,-0.01941747572815533,5,True,20240524,219.5,0.06553398058252435,0.07766990291262132,-0.01941747572815533,8,True
2603,長榮,20240923,20240924,197.0,entered,True,20240924,204.0,0.035532994923857864,0.04060913705583746,-0.0025380710659898,1,True,20240926,206.0,0.045685279187817285,0.08883248730964466,-0.0025380710659898,3,True,20240930,201.0,0.020304568527918843,0.08883248730964466,-0.0025380710659898,5,True,20241007,188.0,-0.045685279187817285,0.08883248730964466,-0.07106598984771573,8,True
2603,長榮,20250224,20250225,221.5,entered,True,20250225,220.5,-0.004514672686230292,0.0022573363431150906,-0.013544018058690765,1,True,20250227,216.0,-0.02483069977426633,0.013544018058690765,-0.02483069977426633,3,True,20250304,219.0,-0.011286681715575675,0.013544018058690765,-0.038374717832957095,5,True,20250307,227.0,0.02483069977426644,0.03160270880361171,-0.038374717832957095,8,True
2603,長榮,20250513,20250514,234.5,entered,True,20250514,242.5,0.034115138592750505,0.04477611940298498,-0.008528784648187626,1,True,20250516,260.5,0.11087420042643914,0.13006396588486147,-0.008528784648187626,3,True,20250520,257.5,0.09808102345415781,0.13006396588486147,-0.008528784648187626,5,True,20250523,256.0,0.09168443496801704,0.13006396588486147,-0.008528784648187626,8,True
2603,長榮,20260107,20260108,195.0,entered,True,20260108,193.5,-0.007692307692307665,0.01025641025641022,-0.007692307692307665,1,True,20260112,195.5,0.002564102564102555,0.01025641025641022,-0.007692307692307665,3,True,20260114,194.0,-0.00512820512820511,0.01538461538461533,-0.007692307692307665,5,True,20260119,187.5,-0.038461538461538436,0.01538461538461533,-0.04871794871794877,8,True
2603,長榮,20260303,20260304,221.0,entered,True,20260304,209.5,-0.05203619909502266,0.006787330316742057,-0.06334841628959276,1,True,20260306,210.5,-0.04751131221719462,0.006787330316742057,-0.08144796380090502,3,True,20260310,205.5,-0.07013574660633481,0.006787330316742057,-0.08144796380090502,5,True,20260313,207.5,-0.06108597285067874,0.006787330316742057,-0.08144796380090502,8,True
2603,長榮,20260522,20260525,220.0,entered,True,20260525,214.0,-0.027272727272727226,0.009090909090909038,-0.027272727272727226,1,True,20260527,211.5,-0.03863636363636369,0.009090909090909038,-0.050000000000000044,3,True,20260529,213.0,-0.03181818181818186,0.009090909090909038,-0.050000000000000044,5,True,20260603,237.0,0.07727272727272738,0.10227272727272729,-0.050000000000000044,8,True
2603,長榮,20260601,20260602,225.0,entered,True,20260602,231.0,0.026666666666666616,0.026666666666666616,-0.020000000000000018,1,True,20260604,236.0,0.04888888888888898,0.07777777777777772,-0.020000000000000018,3,True,20260608,224.0,-0.004444444444444473,0.07777777777777772,-0.020000000000000018,5,True,20260611,226.0,0.004444444444444473,0.07777777777777772,-0.020000000000000018,8,True
2603,長榮,20260818,20260819,236.0,entered,True,20260819,240.5,0.019067796610169552,0.019067796610169552,-0.016949152542372836,1,True,20260821,251.5,0.06567796610169485,0.07627118644067798,-0.016949152542372836,3,True,20260825,246.0,0.04237288135593231,0.08686440677966112,-0.016949152542372836,5,True,20260828,231.5,-0.01906779661016944,0.08686440677966112,-0.044491525423728806,8,True
2605,新興,20230914,20230915,23.15,entered,True,20230915,24.3,0.04967602591792675,0.04967602591792675,-0.015118790496760126,1,True,20230919,23.85,0.030237580993520696,0.0777537796976242,-0.015118790496760126,3,True,20230921,23.3,0.006479481641468832,0.09719222462203025,-0.015118790496760126,5,True,20230926,23.3,0.006479481641468832,0.09719222462203025,-0.021598272138228958,8,True
2605,新興,20231201,20231204,24.65,entered,True,20231204,26.2,0.06288032454361048,0.06288032454361048,-0.014198782961460377,1,True,20231206,28.5,0.15618661257606492,0.2068965517241379,-0.014198782961460377,3,True,20231208,29.3,0.18864097363083165,0.2068965517241379,-0.014198782961460377,5,True,20231213,27.75,0.12576064908722118,0.2068965517241379,-0.014198782961460377,8,True
2605,新興,20240220,20240221,27.4,entered,True,20240221,27.5,0.0036496350364965124,0.03284671532846728,-0.0018248175182480342,1,True,20240223,27.25,-0.005474452554744436,0.03284671532846728,-0.02372262773722622,3,True,20240227,27.05,-0.012773722627737127,0.03284671532846728,-0.034671532846715314,5,True,20240304,27.0,-0.014598540145985384,0.03284671532846728,-0.034671532846715314,8,True
2605,新興,20240513,20240514,28.5,entered,True,20240514,29.4,0.03157894736842093,0.08245614035087723,-0.03157894736842104,1,True,20240516,29.5,0.03508771929824572,0.08245614035087723,-0.03157894736842104,3,True,20240520,28.85,0.012280701754386003,0.08245614035087723,-0.03157894736842104,5,True,20240523,28.0,-0.01754385964912286,0.08245614035087723,-0.03157894736842104,8,True
2605,新興,20240826,20240827,27.6,entered,True,20240827,27.4,-0.007246376811594346,0.0018115942028984477,-0.018115942028985477,1,True,20240829,27.2,-0.01449275362318847,0.0018115942028984477,-0.023550724637681264,3,True,20240902,27.0,-0.021739130434782705,0.021739130434782483,-0.023550724637681264,5,True,20240905,25.4,-0.07971014492753636,0.021739130434782483,-0.08876811594202905,8,True
2605,新興,20250516,20250519,25.8,entered,True,20250519,24.7,-0.04263565891472876,0.007751937984496138,-0.04457364341085279,1,True,20250521,24.3,-0.05813953488372092,0.007751937984496138,-0.0678294573643411,3,True,20250523,24.0,-0.06976744186046513,0.007751937984496138,-0.08139534883720934,5,True,20250528,23.35,-0.09496124031007747,0.007751937984496138,-0.0968992248062015,8,True
2605,新興,20250814,20250815,24.5,entered,True,20250815,24.65,0.006122448979591688,0.008163265306122325,-0.01224489795918371,1,True,20250819,24.7,0.008163265306122325,0.03265306122448974,-0.01632653061224487,3,True,20250821,24.15,-0.014285714285714346,0.03265306122448974,-0.02857142857142858,5,True,20250826,23.5,-0.04081632653061229,0.03265306122448974,-0.04081632653061229,8,True
2605,新興,20260112,20260113,28.35,entered,True,20260113,27.5,-0.029982363315696703,0.008818342151675429,-0.03880070546737213,1,True,20260115,28.5,0.005291005291005346,0.014109347442680775,-0.03880070546737213,3,True,20260119,28.65,0.01058201058201047,0.02645502645502651,-0.03880070546737213,5,True,20260122,29.3,0.0335097001763669,0.051146384479717755,-0.03880070546737213,8,True
2605,新興,20260225,20260226,32.7,entered,True,20260226,33.75,0.032110091743119185,0.05351681957186538,-0.006116207951070374,1,True,20260303,37.85,0.15749235474006107,0.22935779816513757,-0.006116207951070374,3,True,20260305,34.95,0.0688073394495412,0.22935779816513757,-0.006116207951070374,5,True,20260310,33.15,0.013761467889908063,0.22935779816513757,-0.012232415902140858,8,True
2605,新興,20260317,20260318,42.2,entered,True,20260318,41.2,-0.023696682464455,0.0308056872037914,-0.03672985781990534,1,True,20260320,39.8,-0.056872037914692086,0.09597156398104256,-0.06279620853080581,3,True,20260324,41.7,-0.011848341232227444,0.09597156398104256,-0.07109004739336489,5,True,20260327,43.0,0.018957345971563955,0.09597156398104256,-0.07109004739336489,8,True
2605,新興,20260818,20260819,35.9,entered,True,20260819,36.75,0.023676880222841312,0.047353760445682624,-0.02506963788300831,1,True,20260821,37.8,0.05292479108635084,0.06685236768802216,-0.02506963788300831,3,True,20260825,36.7,0.022284122562674202,0.09192200557103081,-0.02506963788300831,5,True,20260828,35.05,-0.023676880222841312,0.09192200557103081,-0.04456824512534818,8,True
2606,裕民,20221111,20221114,40.25,entered,True,20221114,41.2,0.023602484472049712,0.023602484472049712,-0.008695652173913104,1,True,20221116,43.15,0.07204968944099366,0.1018633540372671,-0.008695652173913104,3,True,20221118,42.85,0.06459627329192541,0.1018633540372671,-0.008695652173913104,5,True,20221123,43.3,0.0757763975155279,0.1018633540372671,-0.008695652173913104,8,True
2606,裕民,20221125,20221128,46.5,entered,True,20221128,45.35,-0.02473118279569886,0.0,-0.04946236559139783,1,True,20221130,46.5,0.0,0.010752688172043001,-0.04946236559139783,3,True,20221202,46.75,0.005376344086021501,0.053763440860215006,-0.04946236559139783,5,True,20221207,45.3,-0.02580645161290329,0.053763440860215006,-0.04946236559139783,8,True
2606,裕民,20221215,20221216,49.65,entered,True,20221216,49.85,0.004028197381671816,0.03726082578046319,-0.004028197381671594,1,True,20221220,48.2,-0.02920443101711978,0.03726082578046319,-0.051359516616314105,3,True,20221222,51.9,0.0453172205438066,0.0453172205438066,-0.051359516616314105,5,True,20221227,48.95,-0.014098690835850913,0.0453172205438066,-0.051359516616314105,8,True
2606,裕民,20230915,20230918,50.8,entered,True,20230918,50.7,-0.0019685039370077595,0.0,-0.028543307086614123,1,True,20230920,49.75,-0.02066929133858264,0.03346456692913402,-0.029527559055118058,3,True,20230922,48.3,-0.049212598425196874,0.03346456692913402,-0.0501968503937007,5,True,20230927,48.3,-0.049212598425196874,0.03346456692913402,-0.06200787401574803,8,True
2606,裕民,20240226,20240227,54.5,entered,True,20240227,53.6,-0.016513761467889854,0.007339449541284404,-0.02752293577981646,1,True,20240301,54.6,0.0018348623853210455,0.02752293577981657,-0.02752293577981646,3,True,20240305,55.0,0.00917431192660545,0.029357798165137616,-0.02752293577981646,5,True,20240308,54.3,-0.003669724770642202,0.029357798165137616,-0.02752293577981646,8,True
2606,裕民,20240229,20240301,55.3,entered,True,20240301,54.6,-0.012658227848101222,0.001808318264014508,-0.019891500904159032,1,True,20240305,55.0,-0.005424954792043302,0.014466546112115841,-0.025316455696202556,3,True,20240307,53.4,-0.03435804701627487,0.014466546112115841,-0.03797468354430367,5,True,20240312,55.5,0.003616636528029016,0.019891500904159143,-0.03797468354430367,8,True
2606,裕民,20240927,20240930,56.7,entered,True,20240930,55.8,-0.015873015873015928,0.01058201058201047,-0.01940035273368612,1,True,20241004,55.8,-0.015873015873015928,0.01058201058201047,-0.04585537918871252,3,True,20241008,55.6,-0.01940035273368612,0.01058201058201047,-0.04585537918871252,5,True,20241014,54.5,-0.03880070546737213,0.01058201058201047,-0.051146384479717866,8,True
2606,裕民,20241111,20241112,58.6,entered,True,20241112,58.7,0.0017064846416381396,0.017064846416382284,-0.0068259385665528916,1,True,20241114,60.5,0.03242320819112621,0.03242320819112621,-0.0068259385665528916,3,True,20241118,60.3,0.029010238907849706,0.04948805460750849,-0.0068259385665528916,5,True,20241121,61.2,0.04436860068259385,0.04948805460750849,-0.0068259385665528916,8,True
2606,裕民,20250724,20250725,57.2,entered,True,20250725,56.7,-0.00874125874125875,0.022727272727272707,-0.013986013986014068,1,True,20250729,53.8,-0.05944055944055948,0.022727272727272707,-0.06818181818181823,3,True,20250731,52.2,-0.0874125874125874,0.022727272727272707,-0.09265734265734271,5,True,20250805,51.9,-0.09265734265734271,0.022727272727272707,-0.10139860139860146,8,True
2606,裕民,20250818,20250819,59.7,entered,True,20250819,59.2,-0.008375209380234505,0.02680067001675024,-0.02680067001675046,1,True,20250821,57.2,-0.041876046901172526,0.02680067001675024,-0.048576214405360196,3,True,20250825,57.5,-0.03685092127303191,0.02680067001675024,-0.06197654941373543,5,True,20250828,57.3,-0.04020100502512569,0.02680067001675024,-0.06197654941373543,8,True
2606,裕民,20260415,20260416,64.0,entered,True,20260416,64.0,0.0,0.01718749999999991,-0.0078125,1,True,20260420,62.0,-0.03125,0.02187500000000009,-0.034375000000000044,3,True,20260422,63.4,-0.009375000000000022,0.02187500000000009,-0.034375000000000044,5,True,20260427,60.4,-0.05625000000000002,0.02187500000000009,-0.06406250000000002,8,True
2606,裕民,20260526,20260527,70.2,entered,True,20260527,72.5,0.03276353276353272,0.03846153846153855,-0.027065527065527117,1,True,20260529,69.0,-0.017094017094017144,0.03846153846153855,-0.027065527065527117,3,True,20260602,72.0,0.02564102564102555,0.03846153846153855,-0.027065527065527117,5,True,20260605,70.8,0.008547008547008517,0.03988603988603989,-0.027065527065527117,8,True
2606,裕民,20260821,20260824,73.5,entered,True,20260824,72.3,-0.016326530612244983,0.03401360544217691,-0.01904761904761909,1,True,20260826,72.0,-0.020408163265306145,0.08163265306122458,-0.03401360544217691,3,True,20260828,72.2,-0.017687074829931926,0.08163265306122458,-0.04761904761904767,5,True,,,,,,0,False
2607,榮運,20220111,20220112,30.4,entered,True,20220112,31.5,0.03618421052631593,0.03618421052631593,-0.011513157894736725,1,True,20220114,29.15,-0.041118421052631526,0.03618421052631593,-0.049342105263157854,3,True,20220118,29.5,-0.02960526315789469,0.03618421052631593,-0.049342105263157854,5,True,20220121,28.7,-0.05592105263157887,0.03618421052631593,-0.05592105263157887,8,True
2607,榮運,20231113,20231114,33.3,entered,True,20231114,33.5,0.006006006006006093,0.02552552552552556,-0.007507507507507505,1,True,20231116,28.8,-0.1351351351351351,0.02552552552552556,-0.14114114114114107,3,True,20231120,29.3,-0.12012012012012008,0.02552552552552556,-0.14114114114114107,5,True,20231123,29.45,-0.11561561561561551,0.02552552552552556,-0.14114114114114107,8,True
2607,榮運,20231215,20231218,33.6,entered,True,20231218,35.0,0.04166666666666652,0.05357142857142838,-0.005952380952381042,1,True,20231220,34.85,0.03720238095238093,0.059523809523809534,-0.005952380952381042,3,True,20231222,34.6,0.029761904761904656,0.059523809523809534,-0.005952380952381042,5,True,20231227,32.35,-0.03720238095238093,0.059523809523809534,-0.044642857142857095,8,True
2607,榮運,20240429,20240430,33.85,entered,True,20240430,33.65,-0.005908419497784423,0.001477104874445967,-0.025110782865583547,1,True,20240503,34.25,0.011816838995568624,0.03249630723781394,-0.025110782865583547,3,True,20240507,33.8,-0.001477104874446189,0.03249630723781394,-0.025110782865583547,5,True,20240510,34.15,0.008862629246676468,0.033973412112259904,-0.025110782865583547,8,True
2607,榮運,20250516,20250519,33.7,entered,True,20250519,33.9,0.005934718100890191,0.010385756676557722,-0.005934718100890302,1,True,20250521,33.75,0.0014836795252224366,0.01780415430267035,-0.023738872403560984,3,True,20250523,33.9,0.005934718100890191,0.01780415430267035,-0.023738872403560984,5,True,20250528,34.2,0.014836795252225476,0.05044510385756662,-0.023738872403560984,8,True
2609,陽明,20230302,20230303,66.4,entered,True,20230303,67.1,0.010542168674698704,0.013554216867469826,-0.01656626506024106,1,True,20230307,67.4,0.015060240963855387,0.02560240963855409,-0.01656626506024106,3,True,20230309,67.0,0.009036144578313143,0.02560240963855409,-0.01656626506024106,5,True,20230314,67.5,0.016566265060240948,0.08584337349397564,-0.01656626506024106,8,True
2609,陽明,20230915,20230918,46.15,entered,True,20230918,45.5,-0.014084507042253502,0.005417118093174356,-0.023835319609967542,1,True,20230920,46.3,0.003250270855904569,0.024918743228602436,-0.023835319609967542,3,True,20230922,45.8,-0.007583965330444253,0.024918743228602436,-0.023835319609967542,5,True,20230927,45.9,-0.005417118093174467,0.024918743228602436,-0.023835319609967542,8,True
2609,陽明,20231201,20231204,44.05,entered,True,20231204,45.15,0.02497162315550505,0.03291713961407505,-0.0034052213393870323,1,True,20231206,44.65,0.013620885357548351,0.036322360953461974,-0.0034052213393870323,3,True,20231208,44.0,-0.0011350737797956034,0.036322360953461974,-0.011350737797956922,5,True,20231213,43.2,-0.01929625425652659,0.036322360953461974,-0.01929625425652659,8,True
2609,陽明,20231219,20231220,49.7,entered,True,20231220,50.4,0.014084507042253502,0.01609657947686105,-0.030181086519114664,1,True,20231222,57.5,0.1569416498993963,0.17505030181086512,-0.030181086519114664,3,True,20231226,52.0,0.046277665995975825,0.17505030181086512,-0.030181086519114664,5,True,20231229,51.3,0.03219315895372232,0.17505030181086512,-0.030181086519114664,8,True
2609,陽明,20240429,20240430,53.0,entered,True,20240430,52.2,-0.015094339622641506,0.0,-0.03207547169811331,1,True,20240503,50.4,-0.049056603773584895,0.015094339622641506,-0.059433962264150875,3,True,20240507,52.5,-0.009433962264150941,0.015094339622641506,-0.06509433962264155,5,True,20240510,60.6,0.1433962264150943,0.1433962264150943,-0.06509433962264155,8,True
2609,陽明,20240516,20240517,74.1,entered,True,20240517,71.0,-0.04183535762483126,0.0,-0.04723346828609987,1,True,20240521,71.4,-0.03643724696356265,0.0,-0.04993252361673395,3,True,20240523,71.3,-0.037786774628879805,0.0,-0.04993252361673395,5,True,20240528,79.5,0.07287449392712553,0.09176788124156565,-0.04993252361673395,8,True
2609,陽明,20240925,20240926,70.7,entered,True,20240926,70.9,0.0028288543140029265,0.05940594059405946,-0.005657708628005742,1,True,20240930,69.0,-0.0240452616690241,0.05940594059405946,-0.03536067892503536,3,True,20241004,64.1,-0.09335219236209347,0.05940594059405946,-0.09759547383309763,5,True,20241009,62.5,-0.11598302687411599,0.05940594059405946,-0.125884016973126,8,True
2609,陽明,20241105,20241106,71.0,entered,True,20241106,70.8,-0.0028169014084507005,0.0014084507042253502,-0.018309859154929553,1,True,20241108,71.5,0.007042253521126751,0.028169014084507005,-0.035211267605633756,3,True,20241112,72.1,0.015492957746478853,0.04084507042253538,-0.035211267605633756,5,True,20241115,72.2,0.016901408450704203,0.04084507042253538,-0.035211267605633756,8,True
2609,陽明,20250516,20250519,84.2,entered,True,20250519,83.3,-0.0106888361045131,0.008313539192399189,-0.026128266033254244,1,True,20250521,83.3,-0.0106888361045131,0.008313539192399189,-0.026128266033254244,3,True,20250523,83.7,-0.005938242280285055,0.04275534441805218,-0.03444180522565332,5,True,20250528,81.3,-0.03444180522565332,0.04275534441805218,-0.051068883610451254,8,True
2609,陽明,20251224,20251226,55.4,entered,True,20251226,56.1,0.012635379061371799,0.014440433212996373,-0.0036101083032490378,1,True,20251230,56.3,0.016245487364620947,0.02707581227436817,-0.0036101083032490378,3,True,20260102,56.0,0.010830324909747224,0.02707581227436817,-0.0036101083032490378,5,True,20260107,57.6,0.03971119133574019,0.04151624548736477,-0.012635379061371799,8,True
2609,陽明,20260107,20260108,58.0,entered,True,20260108,56.3,-0.02931034482758621,0.012068965517241459,-0.03103448275862064,1,True,20260112,56.1,-0.03275862068965518,0.012068965517241459,-0.0482758620689655,3,True,20260114,55.4,-0.04482758620689653,0.012068965517241459,-0.04999999999999993,5,True,20260119,54.0,-0.06896551724137934,0.012068965517241459,-0.07931034482758625,8,True
2609,陽明,20260302,20260303,61.1,entered,True,20260303,66.0,0.0801963993453354,0.0801963993453354,-0.0016366612111292644,1,True,20260305,60.0,-0.018003273322422242,0.14402618657937816,-0.029459901800327426,3,True,20260309,61.6,0.008183306055646433,0.14402618657937816,-0.032733224222585955,5,True,20260312,62.1,0.016366612111292866,0.14402618657937816,-0.032733224222585955,8,True
2609,陽明,20260522,20260525,53.0,entered,True,20260525,51.8,-0.02264150943396237,0.0018867924528302993,-0.037735849056603765,1,True,20260527,52.6,-0.007547169811320753,0.015094339622641506,-0.037735849056603765,3,True,20260529,52.7,-0.005660377358490565,0.015094339622641506,-0.037735849056603765,5,True,20260603,53.7,0.013207547169811429,0.050943396226415194,-0.037735849056603765,8,True
2609,陽明,20260601,20260602,55.0,entered,True,20260602,53.6,-0.025454545454545396,0.0,-0.038181818181818206,1,True,20260604,53.2,-0.032727272727272716,0.005454545454545379,-0.041818181818181754,3,True,20260608,51.7,-0.05999999999999994,0.005454545454545379,-0.07090909090909092,5,True,20260611,51.1,-0.07090909090909092,0.005454545454545379,-0.09090909090909094,8,True
2609,陽明,20260817,20260818,55.1,entered,True,20260818,56.2,0.019963702359346636,0.038112522686025496,-0.00907441016333943,1,True,20260820,60.3,0.09437386569872941,0.10707803992740472,-0.00907441016333943,3,True,20260824,64.5,0.1705989110707804,0.21234119782214145,-0.00907441016333943,5,True,20260827,57.9,0.05081669691470059,0.22141560798548077,-0.00907441016333943,8,True
2610,華航,20230519,20230522,20.25,entered,True,20230522,20.55,0.014814814814814836,0.01728395061728394,-0.00987654320987652,1,True,20230524,20.7,0.022222222222222143,0.032098765432098775,-0.00987654320987652,3,True,20230526,20.85,0.029629629629629672,0.04691358024691361,-0.00987654320987652,5,True,20230531,22.2,0.09629629629629632,0.10617283950617273,-0.00987654320987652,8,True
2610,華航,20230601,20230602,23.45,entered,True,20230602,23.05,-0.017057569296375252,0.006396588486140775,-0.034115138592750616,1,True,20230606,22.75,-0.02985074626865669,0.006396588486140775,-0.04264392324093813,3,True,20230608,22.65,-0.034115138592750616,0.006396588486140775,-0.05543710021321968,5,True,20230613,22.75,-0.02985074626865669,0.006396588486140775,-0.061833688699360345,8,True
2610,華航,20231116,20231117,22.05,entered,True,20231117,21.8,-0.0113378684807256,0.0045351473922901064,-0.020408163265306034,1,True,20231121,21.65,-0.018140589569161092,0.0045351473922901064,-0.05668934240362811,3,True,20231123,21.85,-0.009070294784580435,0.0045351473922901064,-0.05668934240362811,5,True,20231128,21.4,-0.02947845804988669,0.0045351473922901064,-0.05668934240362811,8,True
2610,華航,20231222,20231225,22.45,entered,True,20231225,22.2,-0.011135857461024523,0.006681514476614803,-0.028953229398663627,1,True,20231227,21.7,-0.03340757238307346,0.006681514476614803,-0.03786191536748318,3,True,20231229,21.65,-0.03563474387527843,0.006681514476614803,-0.04231625835189301,5,True,20240104,22.1,-0.015590200445434244,0.011135857461024523,-0.04231625835189301,8,True
2610,華航,20240102,20240103,22.3,entered,True,20240103,22.1,-0.008968609865470767,0.008968609865470878,-0.011210762331838597,1,True,20240105,21.7,-0.026905829596412634,0.008968609865470878,-0.026905829596412634,3,True,20240109,21.25,-0.047085201793722,0.008968609865470878,-0.047085201793722,5,True,20240112,21.1,-0.053811659192825045,0.008968609865470878,-0.06726457399103136,8,True
2610,華航,20240516,20240517,24.0,entered,True,20240517,23.8,-0.008333333333333304,0.03749999999999987,-0.014583333333333393,1,True,20240521,22.8,-0.04999999999999993,0.03749999999999987,-0.06666666666666676,3,True,20240523,22.05,-0.08124999999999993,0.03749999999999987,-0.09791666666666676,5,True,20240528,23.3,-0.029166666666666674,0.03749999999999987,-0.09791666666666676,8,True
2610,華航,20240627,20240628,24.25,entered,True,20240628,23.7,-0.02268041237113405,0.004123711340206171,-0.02268041237113405,1,True,20240702,24.75,0.020618556701030855,0.039175257731958624,-0.02680412371134011,3,True,20240704,24.7,0.01855670103092777,0.039175257731958624,-0.02680412371134011,5,True,20240709,23.8,-0.01855670103092777,0.039175257731958624,-0.02680412371134011,8,True
2610,華航,20241024,20241025,22.35,entered,True,20241025,22.35,0.0,0.004474272930648615,-0.01118568232662187,1,True,20241029,22.6,0.01118568232662187,0.029082774049216997,-0.01118568232662187,3,True,20241101,22.5,0.006711409395973034,0.029082774049216997,-0.01342281879194629,5,True,20241106,22.5,0.006711409395973034,0.029082774049216997,-0.01342281879194629,8,True
2610,華航,20241107,20241108,23.2,entered,True,20241108,23.15,-0.0021551724137931494,0.012931034482758674,-0.012931034482758674,1,True,20241112,23.3,0.004310344827586299,0.0237068965517242,-0.012931034482758674,3,True,20241114,23.45,0.010775862068965525,0.0237068965517242,-0.012931034482758674,5,True,20241119,24.15,0.04094827586206895,0.0431034482758621,-0.012931034482758674,8,True
2610,華航,20250821,20250822,21.6,entered,True,20250822,21.35,-0.01157407407407407,0.0023148148148146586,-0.01388888888888895,1,True,20250826,21.35,-0.01157407407407407,0.0023148148148146586,-0.01388888888888895,3,True,20250828,21.25,-0.01620370370370372,0.0023148148148146586,-0.02083333333333348,5,True,20250902,21.55,-0.0023148148148148806,0.0023148148148146586,-0.02314814814814814,8,True
2610,華航,20260114,20260115,21.3,entered,True,20260115,21.35,0.0023474178403755097,0.023474178403755763,-0.011737089201877882,1,True,20260119,21.45,0.007042253521126751,0.023474178403755763,-0.011737089201877882,3,True,20260121,22.25,0.04460093896713602,0.06572769953051627,-0.011737089201877882,5,True,20260126,22.5,0.05633802816901401,0.07746478873239426,-0.011737089201877882,8,True
2610,華航,20260617,20260618,22.1,entered,True,20260618,22.0,-0.004524886877828149,0.013574660633484115,-0.013574660633484226,1,True,20260623,22.3,0.009049773755656076,0.02262443438914019,-0.03846153846153855,3,True,20260625,24.2,0.09502262443438902,0.11990950226244346,-0.03846153846153855,5,True,20260630,23.7,0.07239819004524883,0.11990950226244346,-0.03846153846153855,8,True
2611,志信,20240605,20240606,34.85,entered,True,20240606,33.45,-0.04017216642754662,0.02869440459110484,-0.061692969870875136,1,True,20240611,32.2,-0.07604017216642756,0.02869440459110484,-0.0817790530846485,3,True,20240613,32.75,-0.06025824964131998,0.02869440459110484,-0.09612625538020092,5,True,20240618,33.85,-0.028694404591104727,0.02869440459110484,-0.09612625538020092,8,True
2612,中航,20250814,20250815,54.9,entered,True,20250815,57.2,0.041894353369763326,0.041894353369763326,-0.012750455373406133,1,True,20250819,56.4,0.02732240437158473,0.051001821493624755,-0.012750455373406133,3,True,20250821,55.3,0.007285974499089187,0.051001821493624755,-0.012750455373406133,5,True,20250826,52.7,-0.04007285974499086,0.051001821493624755,-0.041894353369763104,8,True
2614,東森,20230201,20230202,25.0,entered,True,20230202,24.5,-0.020000000000000018,0.0040000000000000036,-0.028000000000000025,1,True,20230206,24.5,-0.020000000000000018,0.0040000000000000036,-0.03200000000000003,3,True,20230208,24.1,-0.03599999999999992,0.0040000000000000036,-0.03599999999999992,5,True,20230213,23.1,-0.07599999999999996,0.0040000000000000036,-0.07999999999999996,8,True
2615,萬海,20231115,20231116,47.85,entered,True,20231116,47.4,-0.009404388714733591,0.0,-0.013584117032392817,1,True,20231120,46.95,-0.018808777429467072,0.0,-0.021943573667711713,3,True,20231122,45.65,-0.04597701149425293,0.0,-0.04806687565308265,5,True,20231127,46.0,-0.03866248693834906,0.0,-0.05120167189132707,8,True
2615,萬海,20231220,20231221,54.5,entered,True,20231221,59.6,0.09357798165137621,0.09908256880733934,-0.016513761467889854,1,True,20231225,54.5,0.0,0.13944954128440368,-0.016513761467889854,3,True,20231227,56.6,0.038532110091743066,0.13944954128440368,-0.016513761467889854,5,True,20240102,54.7,0.003669724770642313,0.13944954128440368,-0.016513761467889854,8,True
2615,萬海,20240429,20240430,49.65,entered,True,20240430,50.7,0.021148036253776592,0.025176233635448186,-0.02416918429003012,1,True,20240503,49.4,-0.0050352467270896595,0.061430010070493646,-0.02416918429003012,3,True,20240507,50.8,0.023162134944612278,0.061430010070493646,-0.02416918429003012,5,True,20240510,63.8,0.2849949647532728,0.2849949647532728,-0.02416918429003012,8,True
2615,萬海,20240926,20240927,105.0,entered,True,20240927,107.5,0.023809523809523725,0.03809523809523818,-0.023809523809523836,1,True,20241001,99.2,-0.0552380952380952,0.03809523809523818,-0.07714285714285707,3,True,20241007,85.7,-0.18380952380952376,0.03809523809523818,-0.1952380952380952,5,True,20241011,83.0,-0.20952380952380956,0.03809523809523818,-0.21047619047619037,8,True
2615,萬海,20250513,20250514,93.0,entered,True,20250514,98.0,0.053763440860215006,0.05698924731182786,-0.008602150537634357,1,True,20250516,111.0,0.19354838709677424,0.19354838709677424,-0.008602150537634357,3,True,20250520,112.0,0.20430107526881724,0.21505376344086025,-0.008602150537634357,5,True,20250523,126.5,0.36021505376344076,0.435483870967742,-0.008602150537634357,8,True
2615,萬海,20260522,20260525,84.4,entered,True,20260525,83.3,-0.013033175355450344,0.010663507109004655,-0.041469194312796165,1,True,20260527,81.8,-0.03080568720379162,0.010663507109004655,-0.05213270142180104,3,True,20260529,82.0,-0.028436018957346043,0.010663507109004655,-0.05213270142180104,5,True,20260603,83.9,-0.005924170616113722,0.017772511848341166,-0.05213270142180104,8,True
2615,萬海,20260814,20260817,91.3,entered,True,20260817,99.6,0.09090909090909083,0.09090909090909083,-0.005476451259583737,1,True,20260819,106.5,0.16648411829134724,0.18291347207009867,-0.005476451259583737,3,True,20260821,124.5,0.36363636363636376,0.36363636363636376,-0.005476451259583737,5,True,20260826,115.0,0.25958378970427165,0.4731653888280394,-0.005476451259583737,8,True
2617,台航,20230303,20230306,32.4,entered,True,20230306,31.95,-0.01388888888888884,0.0,-0.024691358024691246,1,True,20230308,33.55,0.035493827160493874,0.06944444444444442,-0.024691358024691246,3,True,20230310,33.75,0.04166666666666674,0.07407407407407396,-0.024691358024691246,5,True,20230315,33.15,0.02314814814814814,0.07407407407407396,-0.024691358024691246,8,True
2617,台航,20240229,20240301,35.8,entered,True,20240301,35.35,-0.012569832402234526,0.0,-0.022346368715083775,1,True,20240305,35.55,-0.006983240223463638,0.0027932960893854997,-0.029329608938547413,3,True,20240307,35.0,-0.022346368715083775,0.0027932960893854997,-0.029329608938547413,5,True,20240312,36.25,0.012569832402234749,0.016759776536312998,-0.03910614525139666,8,True
2617,台航,20240703,20240704,40.1,entered,True,20240704,38.9,-0.029925187032418976,0.0024937655860348684,-0.032418952618453956,1,True,20240708,37.1,-0.07481296758104738,0.0024937655860348684,-0.07605985037406493,3,True,20240710,37.0,-0.07730673316708236,0.0024937655860348684,-0.08728179551122195,5,True,20240715,36.55,-0.0885286783042395,0.0024937655860348684,-0.08977556109725693,8,True
2618,長榮航,20230201,20230202,29.8,entered,True,20230202,29.35,-0.015100671140939603,0.001677852348993314,-0.01845637583892623,1,True,20230206,29.45,-0.011744966442953086,0.001677852348993314,-0.023489932885906062,3,True,20230208,29.1,-0.023489932885906062,0.001677852348993314,-0.02684563758389269,5,True,20230213,28.2,-0.05369127516778527,0.001677852348993314,-0.05369127516778527,8,True
2618,長榮航,20230216,20230217,29.6,entered,True,20230217,29.3,-0.010135135135135198,0.013513513513513375,-0.013513513513513598,1,True,20230221,28.9,-0.023648648648648796,0.02533783783783794,-0.02533783783783783,3,True,20230223,28.55,-0.03547297297297303,0.02533783783783794,-0.04054054054054068,5,True,20230302,28.3,-0.04391891891891897,0.02533783783783794,-0.05574324324324331,8,True
2618,長榮航,20230519,20230522,29.95,entered,True,20230522,30.7,0.025041736227044975,0.030050083472454192,-0.013355592654423987,1,True,20230524,31.0,0.03505843071786319,0.04340567612687818,-0.013355592654423987,3,True,20230526,32.3,0.07846410684474114,0.10183639398998334,-0.013355592654423987,5,True,20230531,33.95,0.13355592654424053,0.1452420701168613,-0.013355592654423987,8,True
2618,長榮航,20230601,20230602,36.35,entered,True,20230602,36.45,0.0027510316368639653,0.016506189821182904,-0.02063273727647863,1,True,20230606,35.85,-0.01375515818431916,0.016506189821182904,-0.02751031636863821,3,True,20230608,35.9,-0.012379642365887289,0.016506189821182904,-0.04264099037138935,5,True,20230613,36.2,-0.004126547455295726,0.016506189821182904,-0.07015130674002767,8,True
2618,長榮航,20230615,20230616,41.5,entered,True,20230616,40.2,-0.031325301204819245,0.015662650602409567,-0.04096385542168679,1,True,20230620,39.85,-0.03975903614457832,0.015662650602409567,-0.04578313253012045,3,True,20230626,41.35,-0.0036144578313253017,0.015662650602409567,-0.04578313253012045,5,True,20230629,40.45,-0.025301204819277,0.015662650602409567,-0.07108433734939767,8,True
2618,長榮航,20231103,20231106,30.8,entered,True,20231106,30.1,-0.022727272727272707,0.004870129870129913,-0.025974025974025983,1,True,20231108,29.25,-0.05032467532467533,0.004870129870129913,-0.051948051948051965,3,True,20231110,29.7,-0.03571428571428581,0.004870129870129913,-0.060064935064935154,5,True,20231115,30.25,-0.017857142857142905,0.004870129870129913,-0.060064935064935154,8,True
2618,長榮航,20231116,20231117,32.5,entered,True,20231117,32.15,-0.010769230769230864,0.006153846153846176,-0.021538461538461506,1,True,20231121,31.4,-0.03384615384615386,0.006153846153846176,-0.056923076923076965,3,True,20231123,32.2,-0.009230769230769154,0.006153846153846176,-0.056923076923076965,5,True,20231128,31.45,-0.03230769230769237,0.006153846153846176,-0.056923076923076965,8,True
2618,長榮航,20240411,20240412,32.6,entered,True,20240412,32.3,-0.00920245398773023,0.0015337423312882237,-0.016871165644171904,1,True,20240416,31.0,-0.049079754601227044,0.0015337423312882237,-0.05061349693251538,3,True,20240418,31.5,-0.033742331288343586,0.0015337423312882237,-0.05061349693251538,5,True,20240423,32.6,0.0,0.004601226993864893,-0.05368098159509205,8,True
2618,長榮航,20241111,20241112,39.2,entered,True,20241112,39.5,0.007653061224489832,0.01658163265306123,-0.005102040816326592,1,True,20241114,40.5,0.03316326530612246,0.04336734693877542,-0.005102040816326592,3,True,20241118,41.15,0.049744897959183465,0.07653061224489788,-0.005102040816326592,5,True,20241121,41.15,0.049744897959183465,0.07908163265306101,-0.005102040816326592,8,True
2618,長榮航,20250506,20250507,43.3,entered,True,20250507,42.8,-0.011547344110854452,0.010392609699769073,-0.018475750577367167,1,True,20250509,43.5,0.004618937644341958,0.011547344110854452,-0.018475750577367167,3,True,20250513,43.75,0.010392609699769073,0.01847575057736739,-0.018475750577367167,5,True,20250516,43.4,0.002309468822170979,0.02771362586605086,-0.020785219399538035,8,True
2618,長榮航,20260120,20260121,38.2,entered,True,20260121,38.3,0.002617801047120283,0.01963350785340312,-0.0013089005235603635,1,True,20260123,38.8,0.015706806282722363,0.03403141361256545,-0.0013089005235603635,3,True,20260127,38.3,0.002617801047120283,0.03403141361256545,-0.002617801047120505,5,True,20260130,37.4,-0.020942408376963484,0.03403141361256545,-0.02486910994764402,8,True
2618,長榮航,20260529,20260601,36.45,entered,True,20260601,37.7,0.03429355281207136,0.03840877914951979,-0.004115226337448763,1,True,20260603,37.7,0.03429355281207136,0.054869684499314175,-0.004115226337448763,3,True,20260605,37.7,0.03429355281207136,0.054869684499314175,-0.004115226337448763,5,True,20260610,37.25,0.021947873799725626,0.054869684499314175,-0.016460905349794275,8,True
2630,亞航,20230609,20230612,62.6,entered,True,20230612,59.1,-0.05591054313099042,0.07667731629392982,-0.05591054313099042,1,True,20230614,63.2,0.009584664536741228,0.07667731629392982,-0.05591054313099042,3,True,20230616,60.4,-0.03514376996805113,0.07667731629392982,-0.05591054313099042,5,True,20230621,61.5,-0.01757188498402562,0.07667731629392982,-0.05591054313099042,8,True
2630,亞航,20231115,20231116,34.9,entered,True,20231116,35.6,0.02005730659025806,0.02005730659025806,-0.005730659025787843,1,True,20231120,35.15,0.007163323782235054,0.02865329512893977,-0.005730659025787843,3,True,20231122,34.2,-0.02005730659025773,0.02865329512893977,-0.024355300859598916,5,True,20231127,38.35,0.09885386819484254,0.16045845272206316,-0.028653295128939882,8,True
2630,亞航,20250507,20250508,41.0,entered,True,20250508,43.8,0.0682926829268291,0.0682926829268291,-0.00487804878048792,1,True,20250512,42.65,0.040243902439024426,0.11829268292682937,-0.00487804878048792,3,True,20250514,41.3,0.007317073170731714,0.11829268292682937,-0.00487804878048792,5,True,20250519,39.4,-0.039024390243902474,0.11829268292682937,-0.04146341463414638,8,True
2633,台灣高鐵,20230306,20230307,30.1,entered,True,20230307,30.35,0.008305647840531671,0.013289036544850363,-0.0033222591362126463,1,True,20230309,30.35,0.008305647840531671,0.014950166112956742,-0.0033222591362126463,3,True,20230313,29.95,-0.004983388704319025,0.014950166112956742,-0.0182724252491695,5,True,20230316,29.2,-0.029900332225913706,0.014950166112956742,-0.03488372093023262,8,True
2633,台灣高鐵,20230517,20230518,33.65,entered,True,20230518,32.7,-0.028231797919762158,0.002971768202080227,-0.031203566121842385,1,True,20230522,32.95,-0.02080237741456159,0.002971768202080227,-0.03714710252600295,3,True,20230524,33.2,-0.013372956909360911,0.002971768202080227,-0.03714710252600295,5,True,20230529,32.4,-0.03714710252600295,0.002971768202080227,-0.04011887072808329,8,True
2633,台灣高鐵,20251110,20251111,28.7,entered,True,20251111,28.6,-0.0034843205574912606,0.005226480836237002,-0.006968641114982521,1,True,20251113,28.35,-0.012195121951219412,0.013937282229965264,-0.013937282229965153,3,True,20251117,28.45,-0.008710801393728262,0.013937282229965264,-0.019163763066202155,5,True,20251120,27.9,-0.027874564459930307,0.013937282229965264,-0.03484320557491294,8,True
2634,漢翔,20220801,20220802,37.4,entered,True,20220802,38.2,0.021390374331550888,0.02807486631016065,-0.009358288770053513,1,True,20220804,36.0,-0.03743315508021383,0.03743315508021383,-0.053475935828877,3,True,20220808,37.0,-0.010695187165775333,0.03743315508021383,-0.053475935828877,5,True,20220811,36.8,-0.016042780748663166,0.03743315508021383,-0.053475935828877,8,True
2634,漢翔,20230209,20230210,37.75,entered,True,20230210,37.95,0.005298013245033095,0.06887417218543046,-0.003973509933774766,1,True,20230214,37.6,-0.003973509933774766,0.06887417218543046,-0.02384105960264893,3,True,20230216,38.0,0.0066225165562914245,0.06887417218543046,-0.02384105960264893,5,True,20230221,38.8,0.027814569536423805,0.06887417218543046,-0.02384105960264893,8,True
2634,漢翔,20230309,20230310,41.75,entered,True,20230310,40.9,-0.02035928143712573,0.004790419161676773,-0.03473053892215572,1,True,20230314,39.85,-0.045508982035928125,0.004790419161676773,-0.0862275449101797,3,True,20230316,40.2,-0.037125748502993994,0.004790419161676773,-0.0862275449101797,5,True,20230321,41.0,-0.017964071856287456,0.004790419161676773,-0.0862275449101797,8,True
2634,漢翔,20231124,20231127,53.2,entered,True,20231127,51.6,-0.03007518796992481,0.007518796992481258,-0.03571428571428581,1,True,20231129,51.9,-0.024436090225564033,0.007518796992481258,-0.03571428571428581,3,True,20231201,52.3,-0.016917293233082775,0.007518796992481258,-0.03571428571428581,5,True,20231206,52.0,-0.022556390977443663,0.011278195488721776,-0.03571428571428581,8,True
2634,漢翔,20240401,20240402,54.7,entered,True,20240402,54.3,-0.007312614259597949,0.003656307129798808,-0.020109689213894,1,True,20240408,53.0,-0.031078610603290757,0.003656307129798808,-0.03656307129798908,3,True,20240410,56.8,0.03839122486288837,0.08409506398537459,-0.03656307129798908,5,True,20240415,58.0,0.06032906764168189,0.1060329067641681,-0.03656307129798908,8,True
2634,漢翔,20250806,20250807,47.7,entered,True,20250807,46.05,-0.03459119496855356,0.0,-0.04192872117400415,1,True,20250811,49.3,0.03354297693920327,0.06079664570230614,-0.04507337526205457,3,True,20250813,47.75,0.0010482180293500676,0.06079664570230614,-0.04507337526205457,5,True,20250818,50.0,0.04821802935010466,0.06079664570230614,-0.04507337526205457,8,True
2634,漢翔,20250818,20250819,50.4,entered,True,20250819,47.7,-0.05357142857142849,0.0,-0.05456349206349209,1,True,20250821,46.45,-0.07837301587301582,0.0,-0.09424603174603174,3,True,20250825,50.3,-0.001984126984126977,0.01587301587301604,-0.09424603174603174,5,True,20250828,60.0,0.19047619047619047,0.19047619047619047,-0.09424603174603174,8,True
2634,漢翔,20250829,20250901,63.0,entered,True,20250901,59.6,-0.053968253968254,0.012698412698412653,-0.06190476190476191,1,True,20250903,67.1,0.06507936507936507,0.06507936507936507,-0.07936507936507942,3,True,20250905,64.8,0.02857142857142847,0.13492063492063489,-0.07936507936507942,5,True,20250910,67.2,0.06666666666666665,0.13492063492063489,-0.07936507936507942,8,True
2634,漢翔,20260108,20260109,55.6,entered,True,20260109,53.1,-0.04496402877697847,0.014388489208633004,-0.05035971223021585,1,True,20260113,54.8,-0.014388489208633115,0.014388489208633004,-0.06474820143884896,3,True,20260115,56.0,0.007194244604316502,0.014388489208633004,-0.06474820143884896,5,True,20260120,57.4,0.03237410071942448,0.06474820143884896,-0.06474820143884896,8,True
2634,漢翔,20260622,20260623,51.0,entered,True,20260623,49.7,-0.025490196078431282,0.00588235294117645,-0.03431372549019607,1,True,20260625,48.4,-0.050980392156862786,0.00588235294117645,-0.050980392156862786,3,True,20260629,52.0,0.019607843137254832,0.04117647058823537,-0.055882352941176494,5,True,20260702,54.6,0.07058823529411762,0.16470588235294126,-0.055882352941176494,8,True
2636,台驊投控,20220530,20220531,135.0,entered,True,20220531,133.0,-0.014814814814814836,0.0,-0.062962962962963,1,True,20220602,134.0,-0.007407407407407418,0.0,-0.062962962962963,3,True,20220607,137.5,0.0185185185185186,0.029629629629629672,-0.062962962962963,5,True,20220610,116.5,-0.13703703703703707,0.04814814814814805,-0.14074074074074072,8,True
2637,慧洋-KY,20230223,20230224,67.5,entered,True,20230224,68.0,0.007407407407407307,0.016296296296296253,-0.02370370370370367,1,True,20230302,69.9,0.03555555555555556,0.05777777777777793,-0.02370370370370367,3,True,20230306,68.5,0.014814814814814836,0.059259259259259345,-0.02370370370370367,5,True,20230309,67.0,-0.007407407407407418,0.059259259259259345,-0.02370370370370367,8,True
2637,慧洋-KY,20231127,20231128,47.6,entered,True,20231128,48.9,0.027310924369747802,0.07563025210084029,0.0,1,True,20231130,48.5,0.018907563025210017,0.07563025210084029,0.0,3,True,20231204,55.0,0.15546218487394947,0.15756302521008392,0.0,5,True,20231207,51.2,0.07563025210084029,0.2100840336134453,0.0,8,True
2637,慧洋-KY,20240221,20240222,55.9,entered,True,20240222,56.8,0.01610017889087656,0.03398926654740597,-0.023255813953488302,1,True,20240226,59.3,0.06082289803220031,0.07871198568872995,-0.023255813953488302,3,True,20240229,61.4,0.09838998211091243,0.10912343470482999,-0.023255813953488302,5,True,20240305,61.7,0.10375670840787121,0.1234347048300537,-0.023255813953488302,8,True
2637,慧洋-KY,20240412,20240415,66.7,entered,True,20240415,66.0,-0.010494752623688153,0.014992503748125996,-0.020989505247376417,1,True,20240417,63.2,-0.052473763118440764,0.014992503748125996,-0.06596701649175418,3,True,20240419,66.3,-0.005997001499250421,0.01649175412293835,-0.06596701649175418,5,True,20240424,67.5,0.011994002998500619,0.05547226386806603,-0.06596701649175418,8,True
2637,慧洋-KY,20240507,20240508,74.2,entered,True,20240508,70.1,-0.055256064690027085,0.05660377358490565,-0.055256064690027085,1,True,20240510,73.0,-0.016172506738544534,0.05660377358490565,-0.06738544474393526,3,True,20240514,73.9,-0.0040431266846361336,0.059299191374662996,-0.06738544474393526,5,True,20240517,70.8,-0.04582210242587603,0.059299191374662996,-0.06738544474393526,8,True
2637,慧洋-KY,20240924,20240925,70.4,entered,True,20240925,71.8,0.019886363636363535,0.026988636363636243,-0.01278409090909094,1,True,20240927,76.4,0.08522727272727271,0.09943181818181812,-0.01278409090909094,3,True,20241001,79.0,0.12215909090909083,0.12926136363636354,-0.01278409090909094,5,True,20241008,73.7,0.046875,0.12926136363636354,-0.01278409090909094,8,True
2637,慧洋-KY,20241111,20241112,79.1,entered,True,20241112,79.6,0.006321112515802696,0.03034134007585343,-0.012642225031605614,1,True,20241114,80.2,0.01390644753476633,0.03034134007585343,-0.012642225031605614,3,True,20241118,80.4,0.01643489254108732,0.04045512010113783,-0.012642225031605614,5,True,20241121,79.9,0.010113780025284624,0.04045512010113783,-0.012642225031605614,8,True
2637,慧洋-KY,20250724,20250725,62.0,entered,True,20250725,62.0,0.0,0.02580645161290329,-0.004838709677419284,1,True,20250729,60.0,-0.032258064516129004,0.02580645161290329,-0.03548387096774197,3,True,20250731,58.5,-0.056451612903225756,0.02580645161290329,-0.05967741935483872,5,True,20250805,58.4,-0.058064516129032295,0.02580645161290329,-0.07258064516129037,8,True
2637,慧洋-KY,20260109,20260112,70.9,entered,True,20260112,71.7,0.01128349788434413,0.015514809590973178,-0.018335684062059432,1,True,20260114,71.6,0.009873060648800891,0.015514809590973178,-0.018335684062059432,3,True,20260116,70.9,0.0,0.015514809590973178,-0.018335684062059432,5,True,20260121,72.3,0.019746121297602226,0.02256699576868826,-0.018335684062059432,8,True
2637,慧洋-KY,20260303,20260304,77.0,entered,True,20260304,71.7,-0.0688311688311688,0.0,-0.0714285714285714,1,True,20260306,70.4,-0.08571428571428563,0.0,-0.09350649350649354,3,True,20260310,68.2,-0.11428571428571421,0.0,-0.1402597402597402,5,True,20260313,66.9,-0.13116883116883105,0.0,-0.1402597402597402,8,True
2637,慧洋-KY,20260416,20260417,75.0,entered,True,20260417,75.7,0.009333333333333416,0.0173333333333332,-0.005333333333333412,1,True,20260421,74.8,-0.002666666666666706,0.0173333333333332,-0.03600000000000003,3,True,20260423,73.2,-0.02399999999999991,0.0173333333333332,-0.03733333333333333,5,True,20260428,71.5,-0.046666666666666634,0.0173333333333332,-0.06266666666666676,8,True
2637,慧洋-KY,20260506,20260507,77.0,entered,True,20260507,76.8,-0.0025974025974025983,0.007792207792207684,-0.012987012987012991,1,True,20260511,74.5,-0.03246753246753242,0.007792207792207684,-0.04805194805194812,3,True,20260513,73.9,-0.04025974025974022,0.007792207792207684,-0.05714285714285716,5,True,20260518,72.8,-0.054545454545454564,0.007792207792207684,-0.0766233766233767,8,True
2637,慧洋-KY,20260605,20260608,78.5,entered,True,20260608,78.5,0.0,0.042038216560509545,-0.015286624203821653,1,True,20260610,76.0,-0.031847133757961776,0.042038216560509545,-0.03694267515923577,3,True,20260612,78.5,0.0,0.042038216560509545,-0.03694267515923577,5,True,20260617,77.4,-0.01401273885350307,0.042038216560509545,-0.03694267515923577,8,True
2637,慧洋-KY,20260820,20260821,93.5,entered,True,20260821,102.0,0.09090909090909083,0.11229946524064172,-0.0010695187165774556,1,True,20260825,95.5,0.021390374331550888,0.15508021390374327,-0.0010695187165774556,3,True,20260827,94.6,0.0117647058823529,0.15508021390374327,-0.03743315508021394,5,True,,,,,,0,False
2641,正德,20240229,20240301,21.05,entered,True,20240301,20.8,-0.01187648456057011,0.002375296912114022,-0.019002375296912177,1,True,20240305,21.2,0.0071258907363420665,0.02375296912114022,-0.019002375296912177,3,True,20240307,20.35,-0.0332541567695962,0.02375296912114022,-0.03562945368171022,5,True,20240312,20.8,-0.01187648456057011,0.02375296912114022,-0.049881235154394354,8,True
2641,正德,20240528,20240529,23.7,entered,True,20240529,23.25,-0.01898734177215189,0.025316455696202667,-0.025316455696202445,1,True,20240531,23.55,-0.006329113924050556,0.059071729957806074,-0.025316455696202445,3,True,20240604,22.8,-0.03797468354430378,0.059071729957806074,-0.04008438818565396,5,True,20240607,23.95,0.010548523206751037,0.059071729957806074,-0.04008438818565396,8,True
2641,正德,20250513,20250514,21.55,entered,True,20250514,21.4,-0.006960556844547661,0.002320185614849146,-0.018561484918793614,1,True,20250516,22.4,0.03944315545243615,0.044083526682134444,-0.03944315545243626,3,True,20250520,21.25,-0.01392111368909521,0.05336426914153125,-0.03944315545243626,5,True,20250523,20.95,-0.02784222737819031,0.05336426914153125,-0.03944315545243626,8,True
2641,正德,20250814,20250815,20.7,entered,True,20250815,20.85,0.007246376811594235,0.01690821256038655,-0.009661835748792202,1,True,20250819,21.5,0.03864734299516903,0.05555555555555558,-0.009661835748792202,3,True,20250821,21.5,0.03864734299516903,0.05555555555555558,-0.009661835748792202,5,True,20250826,20.65,-0.0024154589371980784,0.05555555555555558,-0.009661835748792202,8,True
2727,王品,20230214,20230215,217.5,entered,True,20230215,230.5,0.05977011494252871,0.08045977011494254,-0.011494252873563204,1,True,20230217,251.5,0.1563218390804597,0.16781609195402303,-0.011494252873563204,3,True,20230221,254.0,0.16781609195402303,0.18160919540229892,-0.011494252873563204,5,True,20230224,278.5,0.2804597701149425,0.29655172413793096,-0.011494252873563204,8,True
2727,王品,20230601,20230602,348.0,entered,True,20230602,357.5,0.027298850574712707,0.047413793103448176,-0.011494252873563204,1,True,20230606,358.5,0.030172413793103425,0.05747126436781613,-0.011494252873563204,3,True,20230608,367.5,0.056034482758620774,0.07471264367816088,-0.011494252873563204,5,True,20230613,339.0,-0.025862068965517238,0.07471264367816088,-0.028735632183908066,8,True
2731,雄獅,20230206,20230207,113.0,entered,True,20230207,114.0,0.008849557522123908,0.01327433628318575,-0.013274336283185861,1,True,20230209,113.0,0.0,0.053097345132743445,-0.013274336283185861,3,True,20230213,113.0,0.0,0.053097345132743445,-0.026548672566371723,5,True,20230216,137.0,0.21238938053097356,0.2256637168141593,-0.026548672566371723,8,True
2731,雄獅,20230328,20230329,140.0,entered,True,20230329,145.0,0.03571428571428581,0.03571428571428581,-0.021428571428571463,1,True,20230331,151.0,0.07857142857142851,0.07857142857142851,-0.021428571428571463,3,True,20230407,148.0,0.05714285714285716,0.10000000000000009,-0.021428571428571463,5,True,20230412,148.5,0.06071428571428572,0.10000000000000009,-0.021428571428571463,8,True
2731,雄獅,20250522,20250523,164.5,entered,True,20250523,170.0,0.033434650455927084,0.05167173252279644,0.0,1,True,20250527,166.0,0.00911854103343468,0.054711246200607855,-0.012158054711246202,3,True,20250529,166.0,0.00911854103343468,0.054711246200607855,-0.012158054711246202,5,True,20250604,169.5,0.03039513677811545,0.054711246200607855,-0.012158054711246202,8,True
2732,六角,20230214,20230215,155.5,entered,True,20230215,151.0,-0.02893890675241162,0.016077170418006492,-0.03858520900321538,1,True,20230217,155.5,0.0,0.016077170418006492,-0.04180064308681675,3,True,20230221,155.0,-0.003215434083601254,0.03536977491961424,-0.04180064308681675,5,True,20230224,162.5,0.045016077170418,0.06109324758842449,-0.04180064308681675,8,True
2739,寒舍,20240506,20240507,77.6,entered,True,20240507,73.3,-0.05541237113402053,0.023195876288659933,-0.05927835051546382,1,True,20240509,71.0,-0.0850515463917525,0.023195876288659933,-0.0850515463917525,3,True,20240513,64.6,-0.16752577319587625,0.023195876288659933,-0.1739690721649485,5,True,20240516,71.1,-0.08376288659793818,0.023195876288659933,-0.19072164948453607,8,True
2743,山富,20240517,20240520,175.0,entered,True,20240520,161.0,-0.07999999999999996,0.0942857142857143,-0.08285714285714285,1,True,20240522,160.5,-0.08285714285714285,0.0942857142857143,-0.1171428571428571,3,True,20240524,157.0,-0.10285714285714287,0.0942857142857143,-0.17428571428571427,5,True,20240529,167.5,-0.042857142857142816,0.0942857142857143,-0.17428571428571427,8,True
2745,五福,20250522,20250523,135.0,entered,True,20250523,134.5,-0.0037037037037036535,0.014814814814814836,-0.007407407407407418,1,True,20250527,125.5,-0.07037037037037042,0.014814814814814836,-0.08518518518518514,3,True,20250529,125.5,-0.07037037037037042,0.014814814814814836,-0.09629629629629632,5,True,20250604,126.0,-0.06666666666666665,0.014814814814814836,-0.09629629629629632,8,True
2748,雲品,20230117,20230130,65.8,entered,True,20230130,61.6,-0.06382978723404253,0.0,-0.06382978723404253,1,True,20230201,64.4,-0.02127659574468077,0.001519756838905817,-0.06534954407294824,3,True,20230203,67.3,0.022796352583586588,0.050151975683890626,-0.06534954407294824,5,True,20230208,76.7,0.1656534954407296,0.1671732522796352,-0.06534954407294824,8,True
2748,雲品,20230220,20230221,97.2,entered,True,20230221,94.0,-0.03292181069958855,0.005144032921810648,-0.05041152263374493,1,True,20230223,105.5,0.08539094650205747,0.13683127572016462,-0.05041152263374493,3,True,20230301,95.2,-0.020576131687242816,0.13683127572016462,-0.05041152263374493,5,True,20230306,95.2,-0.020576131687242816,0.13683127572016462,-0.05041152263374493,8,True
2748,雲品,20230523,20230524,93.5,entered,True,20230524,101.5,0.0855614973262031,0.0855614973262031,-0.0010695187165774556,1,True,20230526,90.1,-0.036363636363636376,0.09090909090909083,-0.04064171122994653,3,True,20230530,88.1,-0.05775401069518726,0.09090909090909083,-0.05882352941176472,5,True,20230602,91.6,-0.02032085561497332,0.09090909090909083,-0.05882352941176472,8,True
2903,遠百,20240314,20240315,25.9,entered,True,20240315,26.5,0.02316602316602312,0.03667953667953672,0.0,1,True,20240319,27.3,0.05405405405405417,0.05791505791505802,0.0,3,True,20240321,28.3,0.0926640926640927,0.09652509652509655,0.0,5,True,20240326,28.85,0.113899613899614,0.13127413127413146,0.0,8,True
2903,遠百,20260204,20260205,22.9,entered,True,20260205,23.2,0.013100436681222849,0.017467248908296984,0.0,1,True,20260209,23.4,0.02183406113537112,0.028384279475982543,-0.008733624454148492,3,True,20260211,22.95,0.0021834061135370675,0.030567685589519833,-0.008733624454148492,5,True,20260225,22.95,0.0021834061135370675,0.030567685589519833,-0.01091703056768556,8,True
2903,遠百,20260605,20260608,22.8,entered,True,20260608,22.85,0.002192982456140413,0.021929824561403466,-0.006578947368421129,1,True,20260610,23.25,0.019736842105263053,0.030701754385964897,-0.006578947368421129,3,True,20260612,23.85,0.046052631578947345,0.05043859649122795,-0.006578947368421129,5,True,20260617,24.15,0.05921052631578938,0.06578947368421062,-0.006578947368421129,8,True
2906,高林,20240216,20240219,21.1,entered,True,20240219,21.05,-0.0023696682464455776,0.0142180094786728,-0.026066350710900466,1,True,20240221,20.9,-0.009478672985782088,0.0142180094786728,-0.026066350710900466,3,True,20240223,21.1,0.0,0.023696682464454888,-0.026066350710900466,5,True,20240229,21.4,0.0142180094786728,0.023696682464454888,-0.026066350710900466,8,True
2913,農林,20230728,20230731,26.9,entered,True,20230731,28.95,0.07620817843866168,0.07620817843866168,0.0,1,True,20230802,30.45,0.13197026022304836,0.22676579925650575,0.0,3,True,20230807,27.4,0.018587360594795488,0.22676579925650575,0.0,5,True,20230810,24.9,-0.07434944237918217,0.22676579925650575,-0.07806691449814118,8,True
2913,農林,20240614,20240617,22.2,entered,True,20240617,21.95,-0.011261261261261257,0.009009009009008917,-0.013513513513513598,1,True,20240619,21.85,-0.015765765765765716,0.015765765765765938,-0.020270270270270285,3,True,20240621,22.1,-0.0045045045045044585,0.015765765765765938,-0.020270270270270285,5,True,20240626,21.7,-0.022522522522522515,0.015765765765765938,-0.03153153153153154,8,True
2913,農林,20240716,20240717,23.45,entered,True,20240717,23.3,-0.006396588486140664,0.019189765458422103,-0.010660980810234588,1,True,20240719,22.75,-0.02985074626865669,0.019189765458422103,-0.04051172707889128,3,True,20240723,22.3,-0.049040511727078795,0.019189765458422103,-0.07249466950959482,5,True,20240730,22.2,-0.05330490405117272,0.019189765458422103,-0.08102345415778245,8,True
2913,農林,20240927,20240930,23.0,entered,True,20240930,22.6,-0.017391304347825987,0.0021739130434783593,-0.023913043478260954,1,True,20241004,21.4,-0.06956521739130439,0.0021739130434783593,-0.07173913043478253,3,True,20241008,21.1,-0.08260869565217388,0.0021739130434783593,-0.08695652173913049,5,True,20241014,20.9,-0.09130434782608698,0.0021739130434783593,-0.10217391304347834,8,True
2915,潤泰全,20221114,20221115,65.3,entered,True,20221115,67.1,0.027565084226646164,0.029096477794793296,-0.006125574272587975,1,True,20221117,63.9,-0.02143950995405819,0.03215926493108734,-0.030627871362940318,3,True,20221121,64.1,-0.018376722817764257,0.03215926493108734,-0.030627871362940318,5,True,20221124,66.8,0.02297090352220521,0.03215926493108734,-0.04134762633996936,8,True
2915,潤泰全,20221205,20221206,69.9,entered,True,20221206,70.0,0.0014306151645206988,0.022889842632331847,-0.008583690987124637,1,True,20221208,69.1,-0.011444921316166146,0.03719599427753928,-0.03147353361945637,3,True,20221212,66.5,-0.048640915593705425,0.03719599427753928,-0.05579399141630914,5,True,20221215,69.1,-0.011444921316166146,0.03719599427753928,-0.05722460658082973,8,True
2915,潤泰全,20230605,20230606,61.0,entered,True,20230606,60.9,-0.0016393442622950616,0.0,-0.016393442622950838,1,True,20230608,61.1,0.0016393442622950616,0.008196721311475308,-0.016393442622950838,3,True,20230612,60.3,-0.011475409836065653,0.009836065573770592,-0.016393442622950838,5,True,20230615,60.7,-0.004918032786885185,0.009836065573770592,-0.016393442622950838,8,True
2915,潤泰全,20231115,20231116,64.9,entered,True,20231116,64.0,-0.013867488443759735,0.0015408320493064398,-0.02003081664098616,1,True,20231120,61.5,-0.05238828967642539,0.0015408320493064398,-0.055469953775038605,3,True,20231122,61.3,-0.055469953775038605,0.0015408320493064398,-0.057010785824345156,5,True,20231127,61.1,-0.05855161787365182,0.0015408320493064398,-0.06009244992295848,8,True
2915,潤泰全,20240711,20240712,76.5,entered,True,20240712,80.0,0.045751633986928164,0.07320261437908493,-0.010457516339869244,1,True,20240716,81.0,0.05882352941176472,0.08627450980392148,-0.010457516339869244,3,True,20240718,81.4,0.06405228758169934,0.09411764705882364,-0.010457516339869244,5,True,20240723,79.8,0.04313725490196085,0.09411764705882364,-0.010457516339869244,8,True
2915,潤泰全,20250703,20250704,56.5,entered,True,20250704,58.1,0.02831858407079646,0.04424778761061954,-0.0070796460176990594,1,True,20250708,54.5,-0.03539823008849563,0.04424778761061954,-0.03539823008849563,3,True,20250710,54.2,-0.04070796460176984,0.04424778761061954,-0.05486725663716818,5,True,20250715,53.4,-0.05486725663716818,0.04424778761061954,-0.05840707964601766,8,True
2915,潤泰全,20260603,20260604,47.65,entered,True,20260604,48.9,0.026232948583420734,0.029380902413431276,-0.0041972717733472775,1,True,20260608,47.85,0.0041972717733473885,0.03777544596012605,-0.005246589716684125,3,True,20260610,49.15,0.03147953830010497,0.04512067156348376,-0.005246589716684125,5,True,20260615,53.4,0.12067156348373564,0.12486883525708303,-0.005246589716684125,8,True
3003,健和興,20230607,20230608,83.3,entered,True,20230608,81.8,-0.01800720288115243,0.0,-0.020408163265306145,1,True,20230612,87.6,0.05162064825930379,0.05882352941176472,-0.020408163265306145,3,True,20230614,84.5,0.014405762304922076,0.06722689075630273,-0.020408163265306145,5,True,20230619,83.1,-0.0024009603841537164,0.06722689075630273,-0.020408163265306145,8,True
3003,健和興,20241204,20241205,83.9,entered,True,20241205,80.8,-0.03694874851013119,0.007151370679380209,-0.05125148986889172,1,True,20241209,76.1,-0.09296781883194294,0.007151370679380209,-0.09415971394517286,3,True,20241211,75.3,-0.10250297973778322,0.007151370679380209,-0.10488676996424329,5,True,20241216,74.0,-0.11799761620977356,0.007151370679380209,-0.13110846245530394,8,True
3005,神基,20230307,20230308,56.6,entered,True,20230308,58.0,0.02473498233215543,0.02473498233215543,-0.0017667844522968323,1,True,20230310,57.4,0.014134275618374437,0.04770318021201403,-0.007067137809187218,3,True,20230314,57.0,0.007067137809187329,0.04770318021201403,-0.007067137809187218,5,True,20230317,56.1,-0.00883392226148405,0.04770318021201403,-0.012367491166077826,8,True
3005,神基,20230417,20230418,58.8,entered,True,20230418,58.9,0.001700680272108901,0.013605442176870763,-0.010204081632652962,1,True,20230420,59.2,0.006802721088435382,0.06292517006802734,-0.010204081632652962,3,True,20230424,59.4,0.010204081632653184,0.06292517006802734,-0.023809523809523836,5,True,20230427,57.2,-0.027210884353741416,0.06292517006802734,-0.04931972789115646,8,True
3005,神基,20240313,20240314,139.5,entered,True,20240314,132.0,-0.053763440860215006,0.007168458781362075,-0.07168458781362008,1,True,20240318,130.5,-0.06451612903225812,0.007168458781362075,-0.08243727598566308,3,True,20240320,155.5,0.11469534050179209,0.11469534050179209,-0.08243727598566308,5,True,20240325,144.0,0.032258064516129004,0.1577060931899641,-0.08243727598566308,8,True
3005,神基,20250219,20250220,126.0,entered,True,20250220,125.0,-0.007936507936507908,0.007936507936507908,-0.011904761904761862,1,True,20250224,125.0,-0.007936507936507908,0.007936507936507908,-0.019841269841269882,3,True,20250226,125.0,-0.007936507936507908,0.011904761904761862,-0.019841269841269882,5,True,20250304,123.5,-0.019841269841269882,0.011904761904761862,-0.04761904761904767,8,True
3005,神基,20250520,20250521,122.5,entered,True,20250521,125.0,0.020408163265306145,0.020408163265306145,-0.01224489795918371,1,True,20250523,125.5,0.02448979591836742,0.03265306122448974,-0.01224489795918371,3,True,20250527,120.5,-0.01632653061224487,0.03265306122448974,-0.02857142857142858,5,True,20250602,120.0,-0.020408163265306145,0.03265306122448974,-0.02857142857142858,8,True
3005,神基,20250805,20250806,122.0,entered,True,20250806,120.5,-0.012295081967213073,0.008196721311475308,-0.016393442622950838,1,True,20250808,122.0,0.0,0.008196721311475308,-0.020491803278688492,3,True,20250812,117.5,-0.03688524590163933,0.008196721311475308,-0.04508196721311475,5,True,20250815,125.0,0.024590163934426146,0.032786885245901676,-0.061475409836065587,8,True
3005,神基,20250815,20250818,126.5,entered,True,20250818,126.5,0.0,0.0039525691699604515,-0.011857707509881465,1,True,20250820,128.0,0.011857707509881354,0.027667984189723382,-0.015810276679841917,3,True,20250822,138.5,0.09486166007905128,0.11462450592885376,-0.015810276679841917,5,True,20250827,150.0,0.18577075098814233,0.20948616600790504,-0.015810276679841917,8,True
3005,神基,20250828,20250829,157.0,entered,True,20250829,153.0,-0.02547770700636942,0.006369426751592355,-0.0286624203821656,1,True,20250902,154.5,-0.015923566878980888,0.006369426751592355,-0.04140127388535031,3,True,20250904,162.5,0.035031847133758065,0.06687898089171984,-0.04140127388535031,5,True,20250909,162.5,0.035031847133758065,0.06687898089171984,-0.04140127388535031,8,True
3005,神基,20260514,20260515,104.0,entered,True,20260515,99.5,-0.043269230769230727,0.004807692307692291,-0.043269230769230727,1,True,20260519,98.5,-0.05288461538461542,0.004807692307692291,-0.0625,3,True,20260521,102.0,-0.019230769230769273,0.004807692307692291,-0.0625,5,True,20260526,104.0,0.0,0.014423076923076872,-0.0625,8,True
3005,神基,20260817,20260818,122.0,entered,True,20260818,117.5,-0.03688524590163933,0.008196721311475308,-0.04508196721311475,1,True,20260820,117.5,-0.03688524590163933,0.008196721311475308,-0.05737704918032782,3,True,20260824,116.0,-0.049180327868852514,0.008196721311475308,-0.05737704918032782,5,True,20260827,116.0,-0.049180327868852514,0.008196721311475308,-0.069672131147541,8,True
3006,晶豪科,20221111,20221114,70.9,entered,True,20221114,70.6,-0.0042313117066292705,0.015514809590973178,-0.016925246826516305,1,True,20221116,78.2,0.1029619181946404,0.1029619181946404,-0.016925246826516305,3,True,20221118,77.3,0.09026798307475303,0.12834978843441447,-0.016925246826516305,5,True,20221123,75.1,0.05923836389280668,0.12834978843441447,-0.016925246826516305,8,True
3006,晶豪科,20230130,20230131,76.4,entered,True,20230131,77.8,0.018324607329842868,0.018324607329842868,-0.010471204188481797,1,True,20230202,82.7,0.08246073298429324,0.09947643979057585,-0.010471204188481797,3,True,20230206,79.6,0.041884816753926524,0.09947643979057585,-0.010471204188481797,5,True,20230209,79.4,0.03926701570680624,0.09947643979057585,-0.010471204188481797,8,True
3006,晶豪科,20230331,20230406,82.7,entered,True,20230406,81.7,-0.01209189842805325,0.006045949214026569,-0.02539298669891188,1,True,20230410,83.4,0.00846432889963733,0.0386940749697704,-0.02539298669891188,3,True,20230412,95.4,0.15356711003627566,0.16807738814993933,-0.02539298669891188,5,True,20230417,90.2,0.09068923821039898,0.16807738814993933,-0.02539298669891188,8,True
3006,晶豪科,20230529,20230530,88.0,entered,True,20230530,88.4,0.00454545454545463,0.007954545454545547,-0.011363636363636354,1,True,20230601,86.9,-0.012499999999999956,0.055681818181818166,-0.020454545454545392,3,True,20230605,88.6,0.006818181818181834,0.055681818181818166,-0.020454545454545392,5,True,20230608,85.5,-0.02840909090909094,0.055681818181818166,-0.030681818181818254,8,True
3006,晶豪科,20230914,20230915,85.0,entered,True,20230915,88.0,0.03529411764705892,0.040000000000000036,-0.003529411764705892,1,True,20230919,85.3,0.003529411764705781,0.040000000000000036,-0.00588235294117645,3,True,20230921,83.1,-0.022352941176470686,0.040000000000000036,-0.03294117647058825,5,True,20230926,81.5,-0.04117647058823526,0.040000000000000036,-0.04235294117647048,8,True
3006,晶豪科,20231012,20231013,96.2,entered,True,20231013,97.2,0.01039501039501034,0.017671517671517645,-0.006237006237006293,1,True,20231017,93.3,-0.03014553014553023,0.017671517671517645,-0.032224532224532365,3,True,20231019,92.0,-0.04365904365904372,0.017671517671517645,-0.06964656964656968,5,True,20231024,92.8,-0.0353430353430354,0.017671517671517645,-0.07172557172557181,8,True
3006,晶豪科,20231123,20231124,98.5,entered,True,20231124,93.6,-0.0497461928934011,0.011167512690355208,-0.050761421319796995,1,True,20231128,94.6,-0.039593908629441676,0.011167512690355208,-0.08934010152284266,3,True,20231130,94.5,-0.040609137055837574,0.011167512690355208,-0.08934010152284266,5,True,20231205,90.0,-0.08629441624365486,0.011167512690355208,-0.08934010152284266,8,True
3006,晶豪科,20240613,20240614,99.7,entered,True,20240614,98.0,-0.01705115346038122,0.008024072216650024,-0.02407221664994985,1,True,20240618,99.4,-0.0030090270812437314,0.033099297893681046,-0.032096288866599876,3,True,20240620,105.0,0.053159478435305996,0.05817452357071207,-0.03811434302908723,5,True,20240625,104.0,0.04312938816449341,0.07823470411233702,-0.03811434302908723,8,True
3006,晶豪科,20251223,20251224,89.3,entered,True,20251224,96.4,0.07950727883538633,0.07950727883538633,-0.02015677491601342,1,True,20251229,98.1,0.0985442329227324,0.18701007838745798,-0.02015677491601342,3,True,20251231,118.0,0.3213885778275476,0.3213885778275476,-0.02015677491601342,5,True,20260106,144.5,0.6181410974244121,0.6181410974244121,-0.02015677491601342,8,True
3010,華立,20240702,20240703,151.5,entered,True,20240703,146.0,-0.0363036303630363,0.02970297029702973,-0.0363036303630363,1,True,20240705,148.0,-0.02310231023102305,0.03630363036303641,-0.03960396039603964,3,True,20240709,143.5,-0.05280528052805278,0.03630363036303641,-0.06930693069306926,5,True,20240712,146.0,-0.0363036303630363,0.03630363036303641,-0.06930693069306926,8,True
3011,今皓,20230309,20230310,21.55,entered,True,20230310,22.1,0.025522041763341052,0.03480278422273786,-0.02784222737819031,1,True,20230314,21.05,-0.023201856148491906,0.03480278422273786,-0.030162412993039567,3,True,20230316,22.0,0.02088167053364276,0.03480278422273786,-0.030162412993039567,5,True,20230321,23.2,0.07656612529002316,0.11136890951276102,-0.030162412993039567,8,True
3011,今皓,20230410,20230411,24.0,entered,True,20230411,26.9,0.12083333333333335,0.12291666666666656,-0.002083333333333326,1,True,20230413,29.4,0.22499999999999987,0.23124999999999996,-0.002083333333333326,3,True,20230417,29.7,0.23750000000000004,0.27083333333333326,-0.002083333333333326,5,True,20230420,31.3,0.3041666666666667,0.33958333333333335,-0.002083333333333326,8,True
3011,今皓,20230619,20230620,30.15,entered,True,20230620,30.55,0.013266998341625369,0.029850746268656803,-0.00995024875621886,1,True,20230626,29.85,-0.00995024875621886,0.029850746268656803,-0.05306799336650081,3,True,20230628,33.85,0.12271973466003328,0.1276948590381426,-0.05306799336650081,5,True,20230703,31.6,0.04809286898839149,0.13598673300165842,-0.05306799336650081,8,True
3011,今皓,20230731,20230801,35.35,entered,True,20230801,32.3,-0.08628005657708637,0.0,-0.09193776520509189,1,True,20230804,32.9,-0.06930693069306937,0.0,-0.10749646393210754,3,True,20230808,32.6,-0.07779349363507782,0.0,-0.10749646393210754,5,True,20230811,31.7,-0.10325318246110327,0.0,-0.11173974540311182,8,True
3013,晟銘電,20230530,20230531,27.8,entered,True,20230531,29.25,0.05215827338129486,0.05215827338129486,-0.01258992805755399,1,True,20230602,29.85,0.07374100719424459,0.11870503597122295,-0.01258992805755399,3,True,20230606,29.75,0.07014388489208634,0.11870503597122295,-0.01258992805755399,5,True,20230609,29.3,0.05395683453237421,0.11870503597122295,-0.01258992805755399,8,True
3013,晟銘電,20240215,20240216,47.5,entered,True,20240216,46.9,-0.012631578947368438,0.004210526315789442,-0.01684210526315788,1,True,20240220,46.15,-0.028421052631579014,0.004210526315789442,-0.04210526315789476,3,True,20240222,47.8,0.0063157894736840525,0.017894736842105186,-0.04210526315789476,5,True,20240227,44.75,-0.05789473684210522,0.03473684210526318,-0.06315789473684208,8,True
3013,晟銘電,20240603,20240604,94.8,entered,True,20240604,91.1,-0.039029535864978926,0.01793248945147674,-0.04535864978902948,1,True,20240606,91.1,-0.039029535864978926,0.01793248945147674,-0.04535864978902948,3,True,20240611,92.0,-0.029535864978902926,0.01793248945147674,-0.06118143459915604,5,True,20240614,95.1,0.0031645569620253333,0.025316455696202667,-0.06118143459915604,8,True
3013,晟銘電,20241018,20241021,161.0,entered,True,20241021,158.0,-0.018633540372670843,0.021739130434782705,-0.03416149068322982,1,True,20241023,163.0,0.012422360248447228,0.049689440993788914,-0.03416149068322982,3,True,20241025,162.5,0.009316770186335477,0.049689440993788914,-0.03416149068322982,5,True,20241030,162.5,0.009316770186335477,0.049689440993788914,-0.06832298136645965,8,True
3013,晟銘電,20250107,20250108,157.0,entered,True,20250108,158.0,0.006369426751592355,0.02866242038216571,-0.01273885350318471,1,True,20250110,149.5,-0.047770700636942665,0.060509554140127486,-0.060509554140127375,3,True,20250114,142.5,-0.09235668789808915,0.060509554140127486,-0.10191082802547768,5,True,20250117,141.0,-0.10191082802547768,0.060509554140127486,-0.10828025477707004,8,True
3013,晟銘電,20250224,20250225,150.5,entered,True,20250225,149.5,-0.006644518272425293,0.006644518272425293,-0.01661129568106312,1,True,20250227,136.0,-0.09634551495016608,0.03654485049833878,-0.10299003322259137,3,True,20250304,137.0,-0.0897009966777409,0.03654485049833878,-0.1428571428571429,5,True,20250307,136.0,-0.09634551495016608,0.03654485049833878,-0.1428571428571429,8,True
3013,晟銘電,20251020,20251021,136.0,entered,True,20251021,128.0,-0.05882352941176472,0.003676470588235281,-0.05882352941176472,1,True,20251023,124.0,-0.08823529411764708,0.003676470588235281,-0.09191176470588236,3,True,20251028,124.0,-0.08823529411764708,0.003676470588235281,-0.11029411764705888,5,True,20251031,124.5,-0.0845588235294118,0.003676470588235281,-0.11029411764705888,8,True
3014,聯陽,20230608,20230609,123.0,entered,True,20230609,117.5,-0.04471544715447151,0.004065040650406582,-0.04878048780487809,1,True,20230613,123.0,0.0,0.012195121951219523,-0.08536585365853655,3,True,20230615,121.5,-0.012195121951219523,0.012195121951219523,-0.08536585365853655,5,True,20230620,113.0,-0.08130081300813008,0.012195121951219523,-0.09756097560975607,8,True
3014,聯陽,20230714,20230717,125.0,entered,True,20230717,128.0,0.02400000000000002,0.040000000000000036,-0.0040000000000000036,1,True,20230719,127.0,0.016000000000000014,0.04400000000000004,-0.0040000000000000036,3,True,20230721,132.5,0.06000000000000005,0.06000000000000005,-0.0040000000000000036,5,True,20230726,133.0,0.06400000000000006,0.08800000000000008,-0.0040000000000000036,8,True
3014,聯陽,20240320,20240321,184.0,entered,True,20240321,183.0,-0.005434782608695676,0.0027173913043478937,-0.021739130434782594,1,True,20240325,175.5,-0.04619565217391308,0.0027173913043478937,-0.057065217391304324,3,True,20240327,178.0,-0.03260869565217395,0.0027173913043478937,-0.057065217391304324,5,True,20240401,167.5,-0.08967391304347827,0.0027173913043478937,-0.09239130434782605,8,True
3014,聯陽,20260521,20260522,146.0,entered,True,20260522,148.0,0.013698630136986356,0.020547945205479534,-0.020547945205479423,1,True,20260526,151.0,0.03424657534246567,0.044520547945205546,-0.020547945205479423,3,True,20260528,148.5,0.017123287671232834,0.06849315068493156,-0.020547945205479423,5,True,20260602,151.0,0.03424657534246567,0.06849315068493156,-0.020547945205479423,8,True
3014,聯陽,20260624,20260625,166.0,entered,True,20260625,168.5,0.015060240963855387,0.030120481927710774,-0.015060240963855387,1,True,20260629,157.5,-0.051204819277108404,0.030120481927710774,-0.07831325301204817,3,True,20260701,163.5,-0.015060240963855387,0.030120481927710774,-0.07831325301204817,5,True,20260706,158.0,-0.048192771084337394,0.030120481927710774,-0.07831325301204817,8,True
3016,嘉晶,20240711,20240712,70.9,entered,True,20240712,70.5,-0.005641748942172176,0.02961918194640334,-0.016925246826516305,1,True,20240716,69.3,-0.02256699576868837,0.02961918194640334,-0.02256699576868837,3,True,20240718,68.9,-0.028208744710860323,0.02961918194640334,-0.0507757404795488,5,True,20240723,63.7,-0.10155148095909738,0.02961918194640334,-0.1283497884344148,8,True
3016,嘉晶,20260318,20260319,64.0,entered,True,20260319,64.2,0.0031250000000000444,0.050000000000000044,-0.0031250000000000444,1,True,20260323,61.1,-0.04531249999999998,0.050000000000000044,-0.0703125,3,True,20260325,60.8,-0.050000000000000044,0.050000000000000044,-0.0703125,5,True,20260330,54.5,-0.1484375,0.050000000000000044,-0.15625,8,True
3016,嘉晶,20260420,20260421,68.0,entered,True,20260421,70.1,0.03088235294117636,0.061764705882352944,-0.004411764705882337,1,True,20260423,69.3,0.01911764705882346,0.15294117647058836,-0.004411764705882337,3,True,20260427,67.5,-0.007352941176470562,0.15294117647058836,-0.027941176470588358,5,True,20260430,89.7,0.3191176470588235,0.3191176470588235,-0.027941176470588358,8,True
3017,奇鋐,20220117,20220118,88.2,entered,True,20220118,91.2,0.03401360544217691,0.05668934240362811,0.0,1,True,20220120,98.0,0.11111111111111116,0.12925170068027203,0.0,3,True,20220124,95.0,0.07709750566893425,0.15646258503401356,0.0,5,True,20220207,95.4,0.08163265306122458,0.15646258503401356,0.0,8,True
3017,奇鋐,20231227,20231228,327.5,entered,True,20231228,318.0,-0.02900763358778624,0.012213740458015376,-0.02900763358778624,1,True,20240102,329.5,0.006106870229007688,0.03358778625954195,-0.02900763358778624,3,True,20240104,319.0,-0.025954198473282397,0.03358778625954195,-0.03511450381679393,5,True,20240109,315.0,-0.03816793893129766,0.03358778625954195,-0.08244274809160301,8,True
3019,亞光,20241213,20241216,130.0,entered,True,20241216,131.5,0.011538461538461497,0.04615384615384621,-0.0038461538461538325,1,True,20241218,158.5,0.21923076923076934,0.21923076923076934,-0.0038461538461538325,3,True,20241220,163.5,0.25769230769230766,0.3038461538461539,-0.0038461538461538325,5,True,20241225,185.0,0.42307692307692313,0.42307692307692313,-0.0038461538461538325,8,True
3019,亞光,20250211,20250212,196.0,entered,True,20250212,198.0,0.010204081632652962,0.06377551020408156,-0.005102040816326481,1,True,20250214,195.0,-0.005102040816326481,0.06377551020408156,-0.012755102040816313,3,True,20250218,203.0,0.03571428571428581,0.06377551020408156,-0.012755102040816313,5,True,20250221,204.0,0.04081632653061229,0.11224489795918369,-0.012755102040816313,8,True
3019,亞光,20250612,20250613,148.5,entered,True,20250613,142.5,-0.04040404040404044,0.0033670033670034627,-0.043771043771043794,1,True,20250617,139.5,-0.06060606060606055,0.0033670033670034627,-0.06734006734006737,3,True,20250619,136.5,-0.08080808080808077,0.0033670033670034627,-0.08080808080808077,5,True,20250624,141.5,-0.047138047138047146,0.0033670033670034627,-0.101010101010101,8,True
3019,亞光,20250801,20250804,143.0,entered,True,20250804,151.0,0.05594405594405605,0.05594405594405605,0.0,1,True,20250806,152.5,0.06643356643356646,0.13286713286713292,0.0,3,True,20250808,152.0,0.06293706293706292,0.13286713286713292,0.0,5,True,20250813,168.5,0.17832167832167833,0.17832167832167833,0.0,8,True
3019,亞光,20260106,20260107,144.5,entered,True,20260107,148.0,0.02422145328719716,0.02422145328719716,-0.02076124567474047,1,True,20260109,140.5,-0.02768166089965396,0.02422145328719716,-0.03460207612456745,3,True,20260113,137.0,-0.05190311418685123,0.02422145328719716,-0.05882352941176472,5,True,20260116,138.5,-0.04152249134948094,0.02422145328719716,-0.05882352941176472,8,True
3019,亞光,20260128,20260129,165.0,entered,True,20260129,158.0,-0.042424242424242475,0.042424242424242475,-0.0757575757575758,1,True,20260202,148.5,-0.09999999999999998,0.042424242424242475,-0.10909090909090913,3,True,20260204,155.0,-0.06060606060606055,0.042424242424242475,-0.10909090909090913,5,True,20260209,146.0,-0.11515151515151512,0.042424242424242475,-0.12424242424242427,8,True
3022,威強電,20220808,20220809,58.2,entered,True,20220809,59.8,0.027491408934707806,0.030927835051546282,-0.012027491408934776,1,True,20220811,59.7,0.025773195876288568,0.07044673539518898,-0.012027491408934776,3,True,20220815,60.2,0.03436426116838498,0.07044673539518898,-0.012027491408934776,5,True,20220818,63.0,0.08247422680412364,0.09106529209621983,-0.012027491408934776,8,True
3022,威強電,20221124,20221125,70.8,entered,True,20221125,71.2,0.005649717514124353,0.026836158192090398,-0.008474576271186307,1,True,20221129,70.7,-0.0014124293785310327,0.026836158192090398,-0.022598870056497078,3,True,20221201,73.7,0.04096045197740117,0.053672316384180796,-0.022598870056497078,5,True,20221206,76.0,0.07344632768361592,0.08615819209039555,-0.022598870056497078,8,True
3022,威強電,20230217,20230220,88.4,entered,True,20230220,84.5,-0.044117647058823595,0.0,-0.04524886877828049,1,True,20230222,82.9,-0.06221719457013575,0.0,-0.0904977375565611,3,True,20230224,81.8,-0.07466063348416296,0.0,-0.0904977375565611,5,True,20230303,82.7,-0.06447963800904977,0.0,-0.0904977375565611,8,True
3022,威強電,20230517,20230518,97.5,entered,True,20230518,95.4,-0.021538461538461506,0.012307692307692353,-0.03076923076923077,1,True,20230522,90.8,-0.06871794871794878,0.012307692307692353,-0.08205128205128209,3,True,20230524,92.1,-0.055384615384615477,0.012307692307692353,-0.08205128205128209,5,True,20230529,91.2,-0.06461538461538463,0.012307692307692353,-0.08512820512820507,8,True
3022,威強電,20250514,20250515,86.6,entered,True,20250515,85.8,-0.009237875288683584,0.005773672055427337,-0.011547344110854452,1,True,20250519,84.1,-0.02886836027713624,0.005773672055427337,-0.02886836027713624,3,True,20250521,85.5,-0.012702078521939941,0.005773672055427337,-0.02886836027713624,5,True,20250526,85.2,-0.016166281755196188,0.005773672055427337,-0.03002309468822162,8,True
3023,信邦,20260130,20260202,231.0,entered,True,20260202,230.5,-0.0021645021645021467,0.02164502164502169,-0.02164502164502169,1,True,20260204,234.5,0.015151515151515138,0.02164502164502169,-0.030303030303030276,3,True,20260206,239.0,0.03463203463203457,0.051948051948051965,-0.030303030303030276,5,True,20260211,233.0,0.008658008658008587,0.051948051948051965,-0.030303030303030276,8,True
3023,信邦,20260506,20260507,310.0,entered,True,20260507,310.0,0.0,0.019354838709677358,-0.012903225806451646,1,True,20260511,302.0,-0.02580645161290318,0.019354838709677358,-0.05483870967741933,3,True,20260513,299.5,-0.03387096774193543,0.019354838709677358,-0.05483870967741933,5,True,20260518,294.0,-0.05161290322580647,0.019354838709677358,-0.10322580645161294,8,True
3023,信邦,20260605,20260608,316.0,entered,True,20260608,322.5,0.020569620253164667,0.07594936708860756,-0.012658227848101222,1,True,20260610,306.5,-0.030063291139240556,0.07594936708860756,-0.03322784810126578,3,True,20260612,314.0,-0.006329113924050667,0.07594936708860756,-0.060126582278481,5,True,20260617,313.0,-0.009493670886076,0.07594936708860756,-0.060126582278481,8,True
3024,憶聲,20240516,20240517,21.1,entered,True,20240517,20.85,-0.011848341232227444,0.004739336492890933,-0.03317535545023709,1,True,20240521,20.9,-0.009478672985782088,0.009478672985781866,-0.03317535545023709,3,True,20240523,20.2,-0.042654028436019065,0.009478672985781866,-0.04502369668246453,5,True,20240528,21.9,0.03791469194312791,0.0781990521327014,-0.04502369668246453,8,True
3027,盛達,20221129,20221130,29.25,entered,True,20221130,30.25,0.03418803418803429,0.09401709401709413,0.0,1,True,20221202,34.4,0.1760683760683761,0.1760683760683761,0.0,3,True,20221206,33.9,0.15897435897435885,0.22564102564102573,0.0,5,True,20221209,34.8,0.18974358974358974,0.23076923076923084,0.0,8,True
3027,盛達,20230131,20230201,40.95,entered,True,20230201,39.85,-0.026862026862026878,0.015873015873015817,-0.04151404151404159,1,True,20230203,38.5,-0.05982905982905995,0.015873015873015817,-0.06471306471306482,3,True,20230207,39.6,-0.03296703296703296,0.015873015873015817,-0.06471306471306482,5,True,20230210,38.55,-0.05860805860805873,0.015873015873015817,-0.0781440781440782,8,True
3027,盛達,20250516,20250519,40.5,entered,True,20250519,37.9,-0.06419753086419755,0.011111111111111072,-0.06419753086419755,1,True,20250521,38.85,-0.040740740740740744,0.024691358024691468,-0.0679012345679012,3,True,20250523,38.15,-0.05802469135802468,0.024691358024691468,-0.07037037037037042,5,True,20250528,37.0,-0.0864197530864198,0.024691358024691468,-0.0864197530864198,8,True
3029,零壹,20230727,20230728,68.4,entered,True,20230728,66.3,-0.030701754385965008,0.0,-0.04970760233918137,1,True,20230801,66.9,-0.021929824561403466,0.06578947368421062,-0.04970760233918137,3,True,20230804,68.5,0.0014619883040933868,0.06578947368421062,-0.061403508771929904,5,True,20230809,66.7,-0.024853801169590684,0.06578947368421062,-0.061403508771929904,8,True
3029,零壹,20240625,20240626,93.5,entered,True,20240626,94.5,0.010695187165775444,0.031016042780748654,-0.010695187165775444,1,True,20240628,94.8,0.013903743315508033,0.031016042780748654,-0.016042780748663055,3,True,20240702,99.8,0.06737967914438503,0.09090909090909083,-0.016042780748663055,5,True,20240705,106.0,0.1336898395721926,0.14438502673796783,-0.016042780748663055,8,True
3029,零壹,20241210,20241211,154.0,entered,True,20241211,171.0,0.11038961038961048,0.11038961038961048,-0.009740259740259716,1,True,20241213,154.0,0.0,0.1298701298701299,-0.06818181818181823,3,True,20241217,140.5,-0.08766233766233766,0.1298701298701299,-0.1071428571428571,5,True,20241220,139.0,-0.09740259740259738,0.1298701298701299,-0.11688311688311692,8,True
3029,零壹,20250718,20250721,118.0,entered,True,20250721,116.5,-0.012711864406779627,0.008474576271186418,-0.012711864406779627,1,True,20250723,114.0,-0.03389830508474578,0.008474576271186418,-0.05932203389830504,3,True,20250725,113.0,-0.0423728813559322,0.008474576271186418,-0.05932203389830504,5,True,20250730,114.0,-0.03389830508474578,0.008474576271186418,-0.05932203389830504,8,True
3030,德律,20250618,20250619,138.5,entered,True,20250619,135.0,-0.02527075812274371,0.0072202166064982976,-0.028880866425992746,1,True,20250623,142.5,0.028880866425992746,0.05054151624548742,-0.06498194945848379,3,True,20250625,142.0,0.025270758122743597,0.06498194945848379,-0.06498194945848379,5,True,20250630,146.0,0.054151624548736566,0.10469314079422376,-0.06498194945848379,8,True
3030,德律,20250807,20250808,166.0,entered,True,20250808,166.0,0.0,0.04819277108433728,-0.0060240963855421326,1,True,20250812,179.0,0.07831325301204828,0.09337349397590367,-0.0060240963855421326,3,True,20250814,184.5,0.11144578313253017,0.12951807228915668,-0.0060240963855421326,5,True,20250819,198.5,0.19578313253012047,0.25,-0.0060240963855421326,8,True
3030,德律,20251222,20251223,192.5,entered,True,20251223,192.5,0.0,0.018181818181818077,-0.03116883116883118,1,True,20251226,199.0,0.033766233766233666,0.04415584415584406,-0.03116883116883118,3,True,20251230,192.0,-0.0025974025974025983,0.06493506493506485,-0.03116883116883118,5,True,20260105,183.5,-0.04675324675324677,0.06493506493506485,-0.05714285714285716,8,True
3032,偉訓,20250722,20250723,102.5,entered,True,20250723,109.0,0.06341463414634152,0.06341463414634152,-0.004878048780487809,1,True,20250725,114.5,0.11707317073170742,0.1658536585365853,-0.004878048780487809,3,True,20250729,117.0,0.14146341463414625,0.19999999999999996,-0.004878048780487809,5,True,20250801,117.0,0.14146341463414625,0.19999999999999996,-0.004878048780487809,8,True
3033,威健,20230714,20230717,36.3,entered,True,20230717,36.95,0.017906336088154395,0.019283746556473913,-0.0013774104683195176,1,True,20230719,34.9,-0.038567493112947604,0.02203856749311317,-0.044077134986225786,3,True,20230721,34.95,-0.037190082644627975,0.02203856749311317,-0.044077134986225786,5,True,20230726,35.1,-0.03305785123966931,0.02203856749311317,-0.044077134986225786,8,True
3033,威健,20240130,20240131,31.0,entered,True,20240131,30.65,-0.011290322580645218,0.001612903225806539,-0.014516129032258074,1,True,20240202,30.85,-0.004838709677419284,0.040322580645161255,-0.014516129032258074,3,True,20240215,32.0,0.032258064516129004,0.040322580645161255,-0.014516129032258074,5,True,20240220,32.0,0.032258064516129004,0.04516129032258065,-0.014516129032258074,8,True
3033,威健,20240410,20240411,34.1,entered,True,20240411,33.85,-0.007331378299120228,0.00586510263929596,-0.021994134897360684,1,True,20240415,32.9,-0.035190615835777206,0.00586510263929596,-0.0381231671554253,3,True,20240417,31.85,-0.06598240469208216,0.00586510263929596,-0.07184750733137835,5,True,20240422,32.5,-0.04692082111436957,0.00586510263929596,-0.08357771260997071,8,True
3033,威健,20240826,20240827,36.4,entered,True,20240827,35.3,-0.030219780219780223,0.004120879120879106,-0.049450549450549386,1,True,20240829,35.15,-0.03434065934065933,0.004120879120879106,-0.049450549450549386,3,True,20240902,34.4,-0.05494505494505497,0.004120879120879106,-0.05769230769230771,5,True,20240905,33.2,-0.08791208791208782,0.004120879120879106,-0.11675824175824179,8,True
3033,威健,20260427,20260428,36.0,entered,True,20260428,36.2,0.005555555555555536,0.019444444444444597,-0.012500000000000067,1,True,20260430,35.75,-0.00694444444444442,0.019444444444444597,-0.01388888888888884,3,True,20260505,38.55,0.0708333333333333,0.07638888888888884,-0.01388888888888884,5,True,20260508,43.85,0.21805555555555567,0.2583333333333333,-0.01388888888888884,8,True
3033,威健,20260515,20260518,47.3,entered,True,20260518,48.7,0.029598308668076223,0.030655391120507414,-0.009513742071881492,1,True,20260520,51.4,0.08668076109936584,0.10993657505285426,-0.009513742071881492,3,True,20260522,53.9,0.13953488372093026,0.16913319238900626,-0.009513742071881492,5,True,20260527,50.7,0.07188160676532784,0.16913319238900626,-0.009513742071881492,8,True
3034,聯詠,20221111,20221114,301.0,entered,True,20221114,298.0,-0.009966777408637828,0.0016611295681063787,-0.02491694352159468,1,True,20221116,307.0,0.019933554817275656,0.024916943521594792,-0.02491694352159468,3,True,20221118,301.5,0.0016611295681063787,0.06810631229235886,-0.02491694352159468,5,True,20221123,291.0,-0.03322259136212624,0.06810631229235886,-0.03654485049833889,8,True
3034,聯詠,20230914,20230915,451.0,entered,True,20230915,464.0,0.02882483370288247,0.02882483370288247,0.0,1,True,20230919,445.5,-0.012195121951219523,0.02882483370288247,-0.03436807095343686,3,True,20230921,433.0,-0.039911308203991136,0.02882483370288247,-0.06430155210643018,5,True,20230926,427.0,-0.053215077605321515,0.02882483370288247,-0.06430155210643018,8,True
3034,聯詠,20231106,20231107,493.5,entered,True,20231107,499.0,0.011144883485308954,0.02127659574468077,-0.004052684903748771,1,True,20231109,483.0,-0.021276595744680882,0.02127659574468077,-0.054711246200607855,3,True,20231113,487.5,-0.012158054711246202,0.02127659574468077,-0.054711246200607855,5,True,20231116,485.0,-0.01722391084093211,0.02127659574468077,-0.054711246200607855,8,True
3034,聯詠,20260506,20260507,448.0,entered,True,20260507,453.0,0.01116071428571419,0.01116071428571419,-0.017857142857142905,1,True,20260511,496.5,0.1082589285714286,0.1227678571428572,-0.017857142857142905,3,True,20260513,486.5,0.0859375,0.1227678571428572,-0.017857142857142905,5,True,20260518,475.5,0.0613839285714286,0.1227678571428572,-0.017857142857142905,8,True
3035,智原,20230202,20230203,184.0,entered,True,20230203,194.5,0.057065217391304435,0.09239130434782616,-0.005434782608695676,1,True,20230207,191.5,0.040760869565217295,0.09239130434782616,-0.005434782608695676,3,True,20230209,198.5,0.07880434782608692,0.11141304347826098,-0.005434782608695676,5,True,20230214,192.0,0.04347826086956519,0.11141304347826098,-0.005434782608695676,8,True
3035,智原,20230529,20230530,175.0,entered,True,20230530,172.5,-0.014285714285714235,0.0,-0.03142857142857147,1,True,20230601,173.0,-0.011428571428571455,0.0,-0.03142857142857147,3,True,20230605,173.0,-0.011428571428571455,0.005714285714285783,-0.03142857142857147,5,True,20230608,168.5,-0.037142857142857144,0.005714285714285783,-0.04571428571428571,8,True
3035,智原,20230615,20230616,192.0,entered,True,20230616,193.0,0.005208333333333259,0.02604166666666674,-0.01822916666666663,1,True,20230620,196.0,0.02083333333333326,0.04427083333333326,-0.01822916666666663,3,True,20230626,202.0,0.05208333333333326,0.078125,-0.01822916666666663,5,True,20230629,210.0,0.09375,0.13020833333333326,-0.01822916666666663,8,True
3035,智原,20231129,20231130,380.0,entered,True,20231130,385.5,0.014473684210526416,0.021052631578947434,-0.021052631578947323,1,True,20231204,380.0,0.0,0.042105263157894646,-0.021052631578947323,3,True,20231206,361.5,-0.048684210526315774,0.042105263157894646,-0.050000000000000044,5,True,20231211,361.5,-0.048684210526315774,0.042105263157894646,-0.07105263157894737,8,True
3035,智原,20240617,20240618,334.0,entered,True,20240618,326.0,-0.0239520958083832,0.01646706586826352,-0.038922155688622784,1,True,20240620,335.0,0.0029940119760478723,0.020958083832335328,-0.038922155688622784,3,True,20240624,310.5,-0.07035928143712578,0.020958083832335328,-0.07185628742514971,5,True,20240627,329.0,-0.014970059880239472,0.020958083832335328,-0.0913173652694611,8,True
3035,智原,20240716,20240717,361.0,entered,True,20240717,353.0,-0.02216066481994461,0.0027700831024930483,-0.024930747922437657,1,True,20240719,337.5,-0.0650969529085873,0.0027700831024930483,-0.09695290858725758,3,True,20240723,327.5,-0.09279778393351801,0.0027700831024930483,-0.1301939058171745,5,True,20240730,308.0,-0.146814404432133,0.0027700831024930483,-0.22437673130193903,8,True
3035,智原,20251022,20251023,176.5,entered,True,20251023,176.5,0.0,0.0056657223796034994,-0.016997167138810165,1,True,20251028,168.0,-0.04815864022662886,0.0056657223796034994,-0.04815864022662886,3,True,20251030,176.5,0.0,0.08498583569405094,-0.04815864022662886,5,True,20251104,174.0,-0.014164305949008527,0.08498583569405094,-0.04815864022662886,8,True
3035,智原,20260127,20260128,180.5,entered,True,20260128,177.0,-0.01939058171745156,0.0027700831024930483,-0.030470914127423865,1,True,20260130,167.0,-0.07479224376731297,0.0027700831024930483,-0.08310249307479223,3,True,20260203,161.5,-0.10526315789473684,0.0027700831024930483,-0.12188365650969524,5,True,20260206,160.0,-0.11357340720221609,0.0027700831024930483,-0.13296398891966754,8,True
3035,智原,20260421,20260422,179.0,entered,True,20260422,179.0,0.0,0.03910614525139655,-0.011173184357541888,1,True,20260424,185.0,0.033519553072625774,0.03910614525139655,-0.07821229050279332,3,True,20260428,176.5,-0.013966480446927387,0.1089385474860336,-0.07821229050279332,5,True,20260504,169.0,-0.05586592178770955,0.1089385474860336,-0.07821229050279332,8,True
3036,文曄,20250617,20250618,134.5,entered,True,20250618,129.5,-0.03717472118959109,0.0074349442379182396,-0.044609665427509326,1,True,20250620,130.0,-0.03345724907063197,0.0074349442379182396,-0.044609665427509326,3,True,20250624,126.5,-0.059479553903345694,0.0074349442379182396,-0.059479553903345694,5,True,20250627,133.5,-0.0074349442379182396,0.14498141263940512,-0.07063197026022305,8,True
3036,文曄,20250918,20250919,133.5,entered,True,20250919,139.0,0.04119850187265928,0.04119850187265928,-0.01872659176029967,1,True,20250923,137.5,0.029962546816479474,0.04119850187265928,-0.01872659176029967,3,True,20250925,139.0,0.04119850187265928,0.08239700374531833,-0.01872659176029967,5,True,20251001,143.0,0.07116104868913853,0.08239700374531833,-0.01872659176029967,8,True
3036,文曄,20251105,20251106,158.0,entered,True,20251106,154.0,-0.025316455696202556,0.03164556962025311,-0.03164556962025311,1,True,20251110,147.0,-0.069620253164557,0.03164556962025311,-0.08544303797468356,3,True,20251112,145.5,-0.07911392405063289,0.03164556962025311,-0.08860759493670889,5,True,20251117,143.0,-0.09493670886075944,0.03164556962025311,-0.09810126582278478,8,True
3036,文曄,20260128,20260129,167.5,entered,True,20260129,159.0,-0.05074626865671639,0.0,-0.07164179104477608,1,True,20260202,152.5,-0.08955223880597019,0.0,-0.09850746268656718,3,True,20260204,159.5,-0.047761194029850795,0.0,-0.09850746268656718,5,True,20260209,156.0,-0.06865671641791049,0.0,-0.09850746268656718,8,True
3036,文曄,20260513,20260514,288.0,entered,True,20260514,271.5,-0.05729166666666663,0.0,-0.0625,1,True,20260518,263.5,-0.08506944444444442,0.0,-0.10243055555555558,3,True,20260520,279.0,-0.03125,0.012152777777777679,-0.10243055555555558,5,True,20260525,301.5,0.046875,0.06944444444444442,-0.10243055555555558,8,True
3037,欣興,20230323,20230324,149.0,entered,True,20230324,148.0,-0.006711409395973145,0.01342281879194629,-0.016778523489932917,1,True,20230328,138.5,-0.07046979865771807,0.01342281879194629,-0.0738255033557047,3,True,20230330,147.5,-0.010067114093959773,0.01342281879194629,-0.0738255033557047,5,True,20230407,144.5,-0.030201342281879207,0.01342281879194629,-0.0738255033557047,8,True
3037,欣興,20230915,20230918,188.0,entered,True,20230918,184.5,-0.018617021276595702,0.007978723404255428,-0.021276595744680882,1,True,20230920,183.5,-0.02393617021276595,0.015957446808510634,-0.02659574468085102,3,True,20230922,181.0,-0.037234042553191515,0.015957446808510634,-0.06914893617021278,5,True,20230927,173.5,-0.0771276595744681,0.015957446808510634,-0.08244680851063835,8,True
3037,欣興,20231121,20231122,167.5,entered,True,20231122,171.0,0.020895522388059806,0.02686567164179099,-0.011940298507462699,1,True,20231124,167.0,-0.0029850746268657025,0.02686567164179099,-0.011940298507462699,3,True,20231128,170.0,0.014925373134328401,0.02686567164179099,-0.017910447761193993,5,True,20231201,176.0,0.05074626865671639,0.0626865671641792,-0.017910447761193993,8,True
3037,欣興,20231211,20231212,179.5,entered,True,20231212,176.0,-0.01949860724233987,0.0027855153203342198,-0.02228412256267409,1,True,20231214,180.5,0.0055710306406684396,0.0055710306406684396,-0.02506963788300831,3,True,20231218,176.0,-0.01949860724233987,0.01949860724233976,-0.02506963788300831,5,True,20231221,179.0,-0.0027855153203342198,0.01949860724233976,-0.05013927576601673,8,True
3037,欣興,20240226,20240227,191.5,entered,True,20240227,179.0,-0.06527415143603132,0.0,-0.07571801566579639,1,True,20240301,178.0,-0.07049608355091386,0.0,-0.09921671018276768,3,True,20240305,178.0,-0.07049608355091386,0.0,-0.09921671018276768,5,True,20240308,173.5,-0.09399477806788514,0.0,-0.1044386422976501,8,True
3037,欣興,20240716,20240717,198.0,entered,True,20240717,215.5,0.08838383838383845,0.09595959595959602,-0.007575757575757569,1,True,20240719,192.5,-0.02777777777777779,0.101010101010101,-0.03535353535353536,3,True,20240723,194.5,-0.017676767676767624,0.101010101010101,-0.0505050505050505,5,True,20240730,183.5,-0.0732323232323232,0.101010101010101,-0.11363636363636365,8,True
3037,欣興,20241023,20241024,168.0,entered,True,20241024,161.5,-0.038690476190476164,0.0,-0.04166666666666663,1,True,20241028,166.0,-0.011904761904761862,0.0,-0.04166666666666663,3,True,20241030,161.5,-0.038690476190476164,0.0,-0.0714285714285714,5,True,20241105,165.0,-0.017857142857142905,0.0,-0.07440476190476186,8,True
3037,欣興,20241107,20241108,179.0,entered,True,20241108,174.0,-0.027932960893854775,0.0,-0.03351955307262566,1,True,20241112,167.5,-0.06424581005586594,0.0,-0.06983240223463683,3,True,20241114,166.0,-0.07262569832402233,0.0,-0.08379888268156421,5,True,20241119,159.5,-0.10893854748603349,0.0,-0.12569832402234637,8,True
3037,欣興,20250703,20250704,118.5,entered,True,20250704,118.0,-0.00421940928270037,0.021097046413502074,-0.021097046413502074,1,True,20250708,116.0,-0.021097046413502074,0.021097046413502074,-0.04641350210970463,3,True,20250710,125.5,0.05907172995780585,0.08016877637130793,-0.04641350210970463,5,True,20250715,132.0,0.11392405063291133,0.11392405063291133,-0.04641350210970463,8,True
3037,欣興,20250716,20250717,137.0,entered,True,20250717,133.5,-0.025547445255474477,0.010948905109489093,-0.03649635036496346,1,True,20250721,133.5,-0.025547445255474477,0.010948905109489093,-0.04014598540145986,3,True,20250723,131.5,-0.04014598540145986,0.010948905109489093,-0.06934306569343063,5,True,20250728,133.0,-0.029197080291970767,0.010948905109489093,-0.06934306569343063,8,True
3037,欣興,20250729,20250730,142.0,entered,True,20250730,142.0,0.0,0.0035211267605634866,-0.03873239436619713,1,True,20250801,138.5,-0.02464788732394363,0.0035211267605634866,-0.06338028169014087,3,True,20250805,135.5,-0.045774647887323994,0.0035211267605634866,-0.06338028169014087,5,True,20250808,137.0,-0.035211267605633756,0.0035211267605634866,-0.06338028169014087,8,True
3037,欣興,20250919,20250922,159.0,entered,True,20250922,158.5,-0.0031446540880503138,0.003144654088050425,-0.01572327044025157,1,True,20250924,157.0,-0.012578616352201255,0.037735849056603765,-0.028301886792452824,3,True,20250926,149.0,-0.06289308176100628,0.037735849056603765,-0.0691823899371069,5,True,20251002,153.0,-0.037735849056603765,0.037735849056603765,-0.0691823899371069,8,True
3037,欣興,20251016,20251017,165.5,entered,True,20251017,160.5,-0.030211480362537735,0.0030211480362538623,-0.030211480362537735,1,True,20251021,160.0,-0.033232628398791486,0.0030211480362538623,-0.04229607250755285,3,True,20251023,156.0,-0.05740181268882172,0.0030211480362538623,-0.06344410876132933,5,True,20251029,166.0,0.0030211480362538623,0.009063444108761365,-0.06344410876132933,8,True
3037,欣興,20251209,20251210,227.5,entered,True,20251210,227.5,0.0,0.01098901098901095,-0.02197802197802201,1,True,20251212,225.0,-0.01098901098901095,0.03296703296703307,-0.0241758241758242,3,True,20251216,214.0,-0.05934065934065935,0.03296703296703307,-0.0703296703296703,5,True,20251219,215.0,-0.05494505494505497,0.03296703296703307,-0.10109890109890107,8,True
3037,欣興,20260113,20260114,255.5,entered,True,20260114,250.0,-0.021526418786692814,0.001956947162426559,-0.03913894324853229,1,True,20260116,274.0,0.07240704500978468,0.07240704500978468,-0.03913894324853229,3,True,20260120,308.0,0.20547945205479445,0.24461839530332674,-0.03913894324853229,5,True,20260123,339.0,0.32681017612524466,0.34246575342465757,-0.03913894324853229,8,True
3038,全台,20230331,20230406,26.35,entered,True,20230406,26.2,-0.005692599620493399,0.011385199240986577,-0.028462998102466774,1,True,20230410,26.05,-0.011385199240986799,0.011385199240986577,-0.032258064516129115,3,True,20230412,27.45,0.04174573055028463,0.0588235294117645,-0.032258064516129115,5,True,20230417,28.3,0.07400379506641364,0.0759013282732448,-0.032258064516129115,8,True
3038,全台,20230519,20230522,32.8,entered,True,20230522,32.2,-0.018292682926829062,0.01981707317073189,-0.024390243902438935,1,True,20230524,33.35,0.0167682926829269,0.032012195121951414,-0.03810975609756084,3,True,20230526,32.9,0.0030487804878049918,0.0457317073170731,-0.03810975609756084,5,True,20230531,34.7,0.057926829268292845,0.07621951219512191,-0.03810975609756084,8,True
3042,晶技,20240312,20240313,110.5,entered,True,20240313,117.0,0.05882352941176472,0.0678733031674208,0.0,1,True,20240315,114.5,0.03619909502262453,0.07239819004524883,0.0,3,True,20240319,120.0,0.08597285067873295,0.08597285067873295,0.0,5,True,20240322,117.0,0.05882352941176472,0.12217194570135748,0.0,8,True
3042,晶技,20240522,20240523,115.0,entered,True,20240523,115.5,0.004347826086956497,0.008695652173912993,-0.017391304347826098,1,True,20240527,115.5,0.004347826086956497,0.017391304347825987,-0.017391304347826098,3,True,20240529,116.0,0.008695652173912993,0.026086956521739202,-0.017391304347826098,5,True,20240603,114.5,-0.004347826086956497,0.026086956521739202,-0.02608695652173909,8,True
3044,健鼎,20230725,20230726,154.5,entered,True,20230726,147.5,-0.04530744336569581,0.032362459546925626,-0.06472491909385114,1,True,20230728,158.0,0.02265372168284796,0.04207119741100329,-0.06472491909385114,3,True,20230801,158.5,0.025889967637540368,0.12297734627831725,-0.06472491909385114,5,True,20230807,162.0,0.04854368932038833,0.12297734627831725,-0.06472491909385114,8,True
3044,健鼎,20230731,20230801,171.0,entered,True,20230801,158.5,-0.07309941520467833,0.0,-0.08479532163742687,1,True,20230804,157.0,-0.08187134502923976,0.0029239766081872176,-0.1286549707602339,3,True,20230808,171.5,0.0029239766081872176,0.005847953216374213,-0.1286549707602339,5,True,20230811,177.0,0.03508771929824572,0.09941520467836251,-0.1286549707602339,8,True
3044,健鼎,20231213,20231214,211.0,entered,True,20231214,209.5,-0.007109004739336511,0.0023696682464455776,-0.04502369668246442,1,True,20231218,207.0,-0.018957345971563955,0.004739336492890933,-0.04502369668246442,3,True,20231220,197.0,-0.06635071090047395,0.004739336492890933,-0.06872037914691942,5,True,20231225,194.5,-0.0781990521327014,0.004739336492890933,-0.09241706161137442,8,True
3044,健鼎,20250617,20250618,231.0,entered,True,20250618,243.0,0.051948051948051965,0.06493506493506485,-0.0021645021645021467,1,True,20250620,235.0,0.017316017316017396,0.06493506493506485,-0.0021645021645021467,3,True,20250624,242.5,0.04978354978354971,0.06493506493506485,-0.0021645021645021467,5,True,20250627,245.5,0.06277056277056281,0.09307359307359309,-0.0021645021645021467,8,True
3044,健鼎,20251015,20251016,325.5,entered,True,20251016,320.5,-0.015360983102918557,0.004608294930875667,-0.015360983102918557,1,True,20251020,317.0,-0.02611367127496156,0.004608294930875667,-0.03379416282642089,3,True,20251022,327.5,0.006144393241167334,0.02304147465437789,-0.03379416282642089,5,True,20251028,328.5,0.009216589861751112,0.03686635944700467,-0.03379416282642089,8,True
3044,健鼎,20251222,20251223,316.5,entered,True,20251223,312.5,-0.012638230647709303,0.009478672985782088,-0.01579778830963663,1,True,20251226,323.0,0.020537124802527673,0.03633491311216419,-0.01579778830963663,3,True,20251230,320.5,0.012638230647709303,0.03633491311216419,-0.01579778830963663,5,True,20260105,312.0,-0.014218009478673022,0.03633491311216419,-0.028436018957345932,8,True
3044,健鼎,20260123,20260126,368.0,entered,True,20260126,369.5,0.0040760869565217295,0.021739130434782705,-0.03804347826086951,1,True,20260128,393.5,0.06929347826086962,0.07880434782608692,-0.03804347826086951,3,True,20260130,374.5,0.017663043478260976,0.09782608695652173,-0.03804347826086951,5,True,20260204,417.0,0.13315217391304346,0.14945652173913038,-0.03804347826086951,8,True
3044,健鼎,20260415,20260416,405.0,entered,True,20260416,410.5,0.013580246913580174,0.024691358024691468,-0.011111111111111072,1,True,20260420,413.5,0.020987654320987703,0.050617283950617376,-0.011111111111111072,3,True,20260422,459.5,0.13456790123456797,0.19753086419753085,-0.011111111111111072,5,True,20260427,485.0,0.19753086419753085,0.2666666666666666,-0.011111111111111072,8,True
3045,台灣大,20240702,20240703,111.5,entered,True,20240703,112.5,0.008968609865470878,0.026905829596412634,-0.026905829596412523,1,True,20240705,116.0,0.04035874439461873,0.04035874439461873,-0.026905829596412523,3,True,20240709,101.0,-0.094170403587444,0.04035874439461873,-0.094170403587444,5,True,20240712,101.0,-0.094170403587444,0.04035874439461873,-0.09865470852017932,8,True
3045,台灣大,20251226,20251229,110.0,entered,True,20251229,109.5,-0.004545454545454519,0.009090909090909038,-0.004545454545454519,1,True,20251231,108.5,-0.013636363636363669,0.009090909090909038,-0.013636363636363669,3,True,20260105,107.0,-0.027272727272727226,0.009090909090909038,-0.027272727272727226,5,True,20260108,107.0,-0.027272727272727226,0.009090909090909038,-0.03181818181818186,8,True
3045,台灣大,20260417,20260420,112.5,entered,True,20260420,113.5,0.008888888888888946,0.026666666666666616,-0.004444444444444473,1,True,20260422,113.0,0.004444444444444473,0.026666666666666616,-0.008888888888888835,3,True,20260424,113.0,0.004444444444444473,0.026666666666666616,-0.013333333333333308,5,True,20260429,112.0,-0.004444444444444473,0.026666666666666616,-0.013333333333333308,8,True
3046,建碁,20230220,20230221,55.3,entered,True,20230221,54.4,-0.016274864376130127,0.01627486437613035,-0.016274864376130127,1,True,20230223,53.3,-0.03616636528028938,0.01627486437613035,-0.05967450271247732,3,True,20230301,52.1,-0.05786618444846281,0.01627486437613035,-0.05967450271247732,5,True,20230306,53.6,-0.030741410488245857,0.01627486437613035,-0.05967450271247732,8,True
3046,建碁,20230608,20230609,98.0,entered,True,20230609,96.0,-0.020408163265306145,0.03571428571428581,-0.0295918367346939,1,True,20230613,101.5,0.03571428571428581,0.04591836734693877,-0.06632653061224492,3,True,20230615,96.6,-0.014285714285714346,0.0714285714285714,-0.06632653061224492,5,True,20230620,94.2,-0.038775510204081653,0.0714285714285714,-0.06632653061224492,8,True
3047,訊舟,20240703,20240704,35.1,entered,True,20240704,35.65,0.015669515669515688,0.07692307692307687,-0.0014245014245015675,1,True,20240708,43.1,0.22792022792022792,0.22792022792022792,-0.0014245014245015675,3,True,20240710,42.25,0.20370370370370372,0.33333333333333326,-0.0014245014245015675,5,True,20240715,43.3,0.23361823361823353,0.33333333333333326,-0.0014245014245015675,8,True
3048,益登,20260506,20260507,42.25,entered,True,20260507,42.1,-0.0035502958579881616,0.022485207100591875,-0.031952662721893565,1,True,20260511,45.0,0.06508875739644981,0.0745562130177515,-0.031952662721893565,3,True,20260513,46.45,0.09940828402366875,0.11242603550295849,-0.031952662721893565,5,True,20260518,57.3,0.3562130177514793,0.42485207100591715,-0.031952662721893565,8,True
3048,益登,20260518,20260519,56.1,entered,True,20260519,56.1,0.0,0.033868092691622165,-0.05169340463458105,1,True,20260521,67.8,0.20855614973262027,0.20855614973262027,-0.05169340463458105,3,True,20260525,73.3,0.30659536541889465,0.4598930481283423,-0.05169340463458105,5,True,20260528,72.2,0.28698752228164004,0.4598930481283423,-0.05169340463458105,8,True
3055,蔚華科,20260513,20260514,112.5,entered,True,20260514,106.0,-0.05777777777777782,0.008888888888888946,-0.06666666666666665,1,True,20260518,113.0,0.004444444444444473,0.008888888888888946,-0.11555555555555552,3,True,20260520,112.0,-0.004444444444444473,0.10222222222222221,-0.11555555555555552,5,True,20260525,118.0,0.04888888888888898,0.1200000000000001,-0.11555555555555552,8,True
3056,富華新,20230725,20230726,48.25,entered,True,20230726,48.45,0.004145077720207224,0.00932642487046631,-0.016580310880829008,1,True,20230728,56.6,0.1730569948186529,0.1792746113989636,-0.016580310880829008,3,True,20230801,56.3,0.16683937823834194,0.21243523316062185,-0.016580310880829008,5,True,20230807,51.7,0.07150259067357512,0.21243523316062185,-0.016580310880829008,8,True
3056,富華新,20240607,20240611,36.0,entered,True,20240611,35.35,-0.01805555555555549,0.001388888888888884,-0.03194444444444444,1,True,20240613,34.25,-0.04861111111111116,0.001388888888888884,-0.054166666666666696,3,True,20240617,34.5,-0.04166666666666663,0.001388888888888884,-0.054166666666666696,5,True,20240620,34.5,-0.04166666666666663,0.001388888888888884,-0.054166666666666696,8,True
3056,富華新,20240716,20240717,38.4,entered,True,20240717,37.95,-0.011718749999999889,0.01041666666666674,-0.015625,1,True,20240719,37.4,-0.02604166666666663,0.01041666666666674,-0.04166666666666674,3,True,20240723,37.7,-0.01822916666666652,0.01041666666666674,-0.06510416666666663,5,True,20240730,38.35,-0.0013020833333332593,0.01041666666666674,-0.06510416666666663,8,True
3059,華晶科,20221117,20221118,37.0,entered,True,20221118,37.2,0.005405405405405572,0.013513513513513598,-0.016216216216216273,1,True,20221122,36.1,-0.024324324324324298,0.016216216216216273,-0.03918918918918923,3,True,20221124,37.75,0.020270270270270174,0.020270270270270174,-0.03918918918918923,5,True,20221129,37.35,0.009459459459459474,0.021621621621621623,-0.03918918918918923,8,True
3059,華晶科,20231116,20231117,35.35,entered,True,20231117,35.7,0.00990099009900991,0.018387553041018245,0.0,1,True,20231121,38.3,0.08345120226308333,0.16124469589816104,0.0,3,True,20231123,40.3,0.14002828854313987,0.18811881188118806,0.0,5,True,20231128,39.6,0.12022630834512027,0.18811881188118806,0.0,8,True
3059,華晶科,20240410,20240411,40.4,entered,True,20240411,39.9,-0.012376237623762387,0.004950495049504955,-0.022277227722772297,1,True,20240415,40.8,0.00990099009900991,0.05569306930693063,-0.022277227722772297,3,True,20240417,38.85,-0.03836633663366329,0.05569306930693063,-0.06930693069306926,5,True,20240422,36.4,-0.09900990099009899,0.05569306930693063,-0.1027227722772277,8,True
3059,華晶科,20250207,20250210,40.5,entered,True,20250210,41.2,0.01728395061728394,0.03333333333333344,-0.00864197530864197,1,True,20250212,40.25,-0.006172839506172867,0.041975308641975406,-0.024691358024691357,3,True,20250214,39.45,-0.025925925925925908,0.041975308641975406,-0.02716049382716057,5,True,20250219,41.05,0.013580246913580174,0.06049382716049401,-0.02716049382716057,8,True
3059,華晶科,20250217,20250218,41.9,entered,True,20250218,41.4,-0.011933174224343701,0.01670644391408116,-0.013126491646777927,1,True,20250220,40.95,-0.022673031026252843,0.019093078758950055,-0.03221957040572798,3,True,20250224,45.0,0.07398568019093088,0.07398568019093088,-0.034606205250596545,5,True,20250227,48.3,0.1527446300715991,0.2577565632458234,-0.034606205250596545,8,True
3059,華晶科,20250815,20250818,47.95,entered,True,20250818,47.2,-0.015641293013555768,0.03858185610010412,-0.02294056308654857,1,True,20250820,46.45,-0.031282586027111536,0.03858185610010412,-0.04483837330552676,3,True,20250822,47.5,-0.009384775808133572,0.06986444212721565,-0.04483837330552676,5,True,20250827,51.5,0.07403545359749741,0.12617309697601664,-0.04483837330552676,8,True
3060,銘異,20240515,20240516,31.8,entered,True,20240516,33.45,0.051886792452830344,0.051886792452830344,-0.011006289308176154,1,True,20240520,32.0,0.0062893081761006275,0.11006289308176087,-0.018867924528301883,3,True,20240522,35.15,0.10534591194968557,0.21698113207547176,-0.018867924528301883,5,True,20240527,35.6,0.11949685534591192,0.21698113207547176,-0.018867924528301883,8,True
3060,銘異,20251112,20251113,30.0,entered,True,20251113,29.0,-0.033333333333333326,0.016666666666666607,-0.04500000000000004,1,True,20251117,30.0,0.0,0.07333333333333347,-0.04833333333333334,3,True,20251119,27.5,-0.08333333333333337,0.07333333333333347,-0.09666666666666657,5,True,20251124,27.0,-0.09999999999999998,0.07333333333333347,-0.135,8,True
3060,銘異,20260603,20260604,33.5,entered,True,20260604,31.95,-0.04626865671641789,0.025373134328358304,-0.05373134328358209,1,True,20260608,28.9,-0.13731343283582098,0.025373134328358304,-0.17164179104477617,3,True,20260610,29.15,-0.12985074626865678,0.025373134328358304,-0.17164179104477617,5,True,20260615,33.7,0.005970149253731405,0.025373134328358304,-0.17164179104477617,8,True
3062,建漢,20230217,20230220,25.45,entered,True,20230220,25.0,-0.017681728880157177,0.003929273084479323,-0.01964636542239684,1,True,20230222,24.2,-0.0491159135559921,0.003929273084479323,-0.05500982318271119,3,True,20230224,24.05,-0.05500982318271119,0.003929273084479323,-0.056974459724950854,5,True,20230303,24.1,-0.05304518664047142,0.003929273084479323,-0.06483300589390961,8,True
3062,建漢,20230418,20230419,24.55,entered,True,20230419,24.35,-0.008146639511201648,0.006109979633401208,-0.020366598778004064,1,True,20230421,23.0,-0.06313645621181263,0.006109979633401208,-0.06313645621181263,3,True,20230425,22.45,-0.08553971486761713,0.006109979633401208,-0.08757637474541757,5,True,20230428,22.8,-0.07128309572301428,0.006109979633401208,-0.09979633401221988,8,True
3062,建漢,20240513,20240514,23.0,entered,True,20240514,23.1,0.004347826086956497,0.023913043478260843,-0.008695652173912993,1,True,20240516,23.15,0.006521739130434634,0.023913043478260843,-0.008695652173912993,3,True,20240520,23.3,0.01304347826086949,0.023913043478260843,-0.008695652173912993,5,True,20240523,22.85,-0.006521739130434745,0.060869565217391175,-0.010869565217391353,8,True
3062,建漢,20240614,20240617,26.0,entered,True,20240617,26.5,0.019230769230769162,0.05769230769230771,-0.017307692307692246,1,True,20240619,28.2,0.08461538461538454,0.19999999999999996,-0.017307692307692246,3,True,20240621,34.1,0.31153846153846154,0.31153846153846154,-0.017307692307692246,5,True,20240626,33.8,0.2999999999999998,0.4249999999999998,-0.017307692307692246,8,True
3062,建漢,20260119,20260120,26.1,entered,True,20260120,25.8,-0.011494252873563204,0.009578544061302763,-0.01532567049808442,1,True,20260122,26.0,-0.003831417624521105,0.04597701149425282,-0.021072796934865967,3,True,20260126,26.8,0.026819923371647514,0.06513409961685812,-0.021072796934865967,5,True,20260129,25.9,-0.00766283524904221,0.06513409961685812,-0.021072796934865967,8,True
3071,協禧,20230704,20230705,37.65,entered,True,20230705,37.6,-0.0013280212483398612,0.043824701195219085,-0.01195219123505964,1,True,20230707,36.85,-0.021248339973439445,0.07304116865869847,-0.043824701195219085,3,True,20230711,34.6,-0.08100929614873831,0.07304116865869847,-0.08100929614873831,5,True,20230714,41.25,0.09561752988047822,0.09561752988047822,-0.08100929614873831,8,True
3078,僑威,20230330,20230331,42.2,entered,True,20230331,44.3,0.04976303317535535,0.05805687203791465,-0.009478672985782088,1,True,20230407,42.85,0.01540284360189581,0.05805687203791465,-0.015402843601895921,3,True,20230411,48.45,0.1481042654028435,0.14928909952606628,-0.015402843601895921,5,True,20230414,49.35,0.16943127962085303,0.21563981042654023,-0.015402843601895921,8,True
3078,僑威,20230523,20230524,59.8,entered,True,20230524,59.7,-0.0016722408026754731,0.028428093645485042,-0.018394648829431315,1,True,20230526,56.8,-0.050167224080267525,0.028428093645485042,-0.051839464882943,3,True,20230530,58.5,-0.021739130434782594,0.028428093645485042,-0.051839464882943,5,True,20230602,59.9,0.0016722408026756952,0.028428093645485042,-0.051839464882943,8,True
3078,僑威,20230612,20230613,75.7,entered,True,20230613,78.2,0.03302509907529716,0.07661822985468958,-0.014531043593130843,1,True,20230615,79.4,0.04887714663143994,0.07661822985468958,-0.014531043593130843,3,True,20230619,82.0,0.08322324966974892,0.14134742404227207,-0.014531043593130843,5,True,20230626,79.6,0.05151915455746359,0.14134742404227207,-0.014531043593130843,8,True
3078,僑威,20231012,20231013,85.3,entered,True,20231013,84.0,-0.015240328253223856,0.0011723329425556983,-0.021101992966002348,1,True,20231017,83.8,-0.017584994138335253,0.004689331770222793,-0.028135990621336315,3,True,20231019,81.7,-0.042203985932004584,0.004689331770222793,-0.06565064478311833,5,True,20231024,85.3,0.0,0.004689331770222793,-0.06565064478311833,8,True
3078,僑威,20240215,20240216,82.3,entered,True,20240216,83.1,0.009720534629404476,0.012150668286755817,-0.0036452004860266785,1,True,20240220,82.7,0.00486026731470246,0.015795868772782384,-0.004860267314702238,3,True,20240222,82.7,0.00486026731470246,0.015795868772782384,-0.004860267314702238,5,True,20240227,81.8,-0.0060753341433779084,0.015795868772782384,-0.013365735115431265,8,True
3078,僑威,20250808,20250811,92.0,entered,True,20250811,92.3,0.003260869565217428,0.011956521739130421,-0.03152173913043488,1,True,20250813,95.6,0.03913043478260869,0.04782608695652191,-0.03152173913043488,3,True,20250815,92.2,0.0021739130434783593,0.0565217391304349,-0.03152173913043488,5,True,20250820,88.3,-0.04021739130434787,0.0565217391304349,-0.04130434782608694,8,True
3081,聯亞,20220809,20220810,163.5,entered,True,20220810,166.0,0.015290519877675823,0.0183486238532109,-0.024464831804281384,1,True,20220812,165.0,0.00917431192660545,0.033639143730886945,-0.033639143730886834,3,True,20220816,169.5,0.03669724770642202,0.05810397553516822,-0.033639143730886834,5,True,20220819,181.5,0.11009174311926606,0.13455657492354733,-0.033639143730886834,8,True
3081,聯亞,20230207,20230208,134.5,entered,True,20230208,131.0,-0.026022304832713727,0.018587360594795488,-0.03345724907063197,1,True,20230210,130.0,-0.03345724907063197,0.018587360594795488,-0.059479553903345694,3,True,20230214,127.0,-0.055762081784386575,0.018587360594795488,-0.059479553903345694,5,True,20230217,128.5,-0.044609665427509326,0.018587360594795488,-0.07063197026022305,8,True
3081,聯亞,20240205,20240215,135.0,entered,True,20240215,137.0,0.014814814814814836,0.03333333333333344,-0.025925925925925908,1,True,20240219,143.0,0.059259259259259345,0.059259259259259345,-0.025925925925925908,3,True,20240221,142.0,0.051851851851851816,0.10000000000000009,-0.025925925925925908,5,True,20240226,155.5,0.1518518518518519,0.20370370370370372,-0.025925925925925908,8,True
3081,聯亞,20240903,20240904,185.5,entered,True,20240904,191.5,0.032345013477088846,0.06199460916442057,-0.005390835579514808,1,True,20240906,191.5,0.032345013477088846,0.06199460916442057,-0.005390835579514808,3,True,20240910,212.0,0.1428571428571428,0.17520215633423186,-0.005390835579514808,5,True,20240913,209.0,0.12668463611859848,0.17520215633423186,-0.005390835579514808,8,True
3081,聯亞,20250710,20250711,363.0,entered,True,20250711,345.0,-0.04958677685950408,0.023415977961432466,-0.04958677685950408,1,True,20250715,353.0,-0.02754820936639113,0.023415977961432466,-0.06887052341597799,3,True,20250717,353.5,-0.026170798898071612,0.023415977961432466,-0.06887052341597799,5,True,20250722,346.0,-0.04683195592286504,0.023415977961432466,-0.06887052341597799,8,True
3088,艾訊,20230330,20230331,81.5,entered,True,20230331,76.8,-0.05766871165644172,0.0,-0.06134969325153372,1,True,20230407,76.9,-0.05644171779141094,0.0,-0.09202453987730064,3,True,20230411,78.5,-0.036809815950920255,0.0,-0.09202453987730064,5,True,20230414,78.8,-0.03312883435582825,0.0,-0.09202453987730064,8,True
3088,艾訊,20250206,20250207,150.0,entered,True,20250207,151.0,0.006666666666666599,0.043333333333333224,-0.013333333333333308,1,True,20250211,143.5,-0.043333333333333335,0.043333333333333224,-0.050000000000000044,3,True,20250213,146.0,-0.026666666666666616,0.043333333333333224,-0.050000000000000044,5,True,20250218,146.5,-0.023333333333333317,0.043333333333333224,-0.053333333333333344,8,True
3090,日電貿,20251017,20251020,80.0,entered,True,20251020,81.1,0.013749999999999929,0.03750000000000009,-0.016249999999999987,1,True,20251022,85.0,0.0625,0.07250000000000001,-0.016249999999999987,3,True,20251027,95.0,0.1875,0.21625000000000005,-0.016249999999999987,5,True,20251030,92.0,0.1499999999999999,0.2875000000000001,-0.016249999999999987,8,True
3090,日電貿,20251209,20251210,94.5,entered,True,20251210,99.3,0.050793650793650835,0.05608465608465596,-0.008465608465608399,1,True,20251212,104.5,0.10582010582010581,0.16402116402116396,-0.008465608465608399,3,True,20251216,94.3,-0.002116402116402183,0.16402116402116396,-0.025396825396825418,5,True,20251219,94.6,0.0010582010582009804,0.16402116402116396,-0.025396825396825418,8,True
3090,日電貿,20260413,20260414,105.0,entered,True,20260414,106.5,0.014285714285714235,0.01904761904761898,-0.01904761904761909,1,True,20260416,108.5,0.03333333333333344,0.06666666666666665,-0.01904761904761909,3,True,20260420,109.0,0.03809523809523818,0.09047619047619038,-0.01904761904761909,5,True,20260423,98.5,-0.06190476190476191,0.09047619047619038,-0.07047619047619058,8,True
3093,港建*,20260608,20260609,66.0,entered,True,20260609,63.2,-0.042424242424242364,0.039393939393939315,-0.048484848484848575,1,True,20260611,60.3,-0.08636363636363642,0.039393939393939315,-0.11212121212121207,3,True,20260615,64.7,-0.019696969696969657,0.039393939393939315,-0.11212121212121207,5,True,20260618,65.0,-0.015151515151515138,0.039393939393939315,-0.11212121212121207,8,True
3105,穩懋,20220606,20220607,231.5,entered,True,20220607,228.0,-0.015118790496760237,0.002159827213822796,-0.017278617710583144,1,True,20220609,225.0,-0.02807775377969768,0.002159827213822796,-0.04535637149028082,3,True,20220613,215.0,-0.07127429805615548,0.002159827213822796,-0.07127429805615548,5,True,20220616,212.0,-0.08423326133909292,0.002159827213822796,-0.10151187904967607,8,True
3105,穩懋,20230110,20230111,176.5,entered,True,20230111,183.0,0.03682719546742219,0.056657223796033884,-0.014164305949008527,1,True,20230113,170.5,-0.03399433427762044,0.056657223796033884,-0.03682719546742208,3,True,20230117,180.0,0.019830028328611915,0.056657223796033884,-0.04249291784702547,5,True,20230201,191.5,0.08498583569405094,0.11048158640226635,-0.04249291784702547,8,True
3105,穩懋,20230328,20230329,188.0,entered,True,20230329,178.5,-0.05053191489361697,0.0026595744680850686,-0.05053191489361697,1,True,20230331,182.5,-0.0292553191489362,0.0026595744680850686,-0.058510638297872286,3,True,20230407,182.0,-0.03191489361702127,0.0026595744680850686,-0.058510638297872286,5,True,20230412,183.5,-0.02393617021276595,0.0026595744680850686,-0.058510638297872286,8,True
3105,穩懋,20240202,20240205,159.5,entered,True,20240205,159.5,0.0,0.01567398119122254,-0.01253918495297801,1,True,20240216,157.5,-0.01253918495297801,0.01567398119122254,-0.025078369905956133,3,True,20240220,161.0,0.00940438871473348,0.040752351097178785,-0.025078369905956133,5,True,20240223,158.0,-0.009404388714733591,0.040752351097178785,-0.025078369905956133,8,True
3105,穩懋,20240620,20240621,159.0,entered,True,20240621,163.5,0.028301886792452935,0.037735849056603765,-0.009433962264150941,1,True,20240625,158.0,-0.0062893081761006275,0.037735849056603765,-0.028301886792452824,3,True,20240627,159.5,0.003144654088050425,0.037735849056603765,-0.028301886792452824,5,True,20240702,171.0,0.07547169811320753,0.15094339622641506,-0.028301886792452824,8,True
3105,穩懋,20250217,20250218,109.5,entered,True,20250218,108.0,-0.013698630136986356,0.0,-0.013698630136986356,1,True,20250220,117.0,0.06849315068493156,0.0730593607305936,-0.013698630136986356,3,True,20250224,114.0,0.041095890410958846,0.08219178082191791,-0.013698630136986356,5,True,20250227,111.0,0.013698630136986356,0.08219178082191791,-0.013698630136986356,8,True
3105,穩懋,20250925,20250926,96.5,entered,True,20250926,91.7,-0.049740932642487024,0.002072538860103723,-0.050777202072538885,1,True,20251001,92.4,-0.042487046632124326,0.002072538860103723,-0.05388601036269436,3,True,20251003,93.3,-0.033160621761658016,0.002072538860103723,-0.05699481865284972,5,True,20251009,101.5,0.051813471502590636,0.08808290155440424,-0.05699481865284972,8,True
3105,穩懋,20251104,20251105,120.0,entered,True,20251105,129.0,0.07499999999999996,0.07499999999999996,-0.012499999999999956,1,True,20251107,120.5,0.004166666666666652,0.09583333333333344,-0.012499999999999956,3,True,20251111,122.0,0.016666666666666607,0.09583333333333344,-0.025000000000000022,5,True,20251114,120.0,0.0,0.09583333333333344,-0.025000000000000022,8,True
3105,穩懋,20251210,20251211,175.0,entered,True,20251211,173.5,-0.008571428571428563,0.05428571428571427,-0.014285714285714235,1,True,20251215,183.0,0.04571428571428582,0.05428571428571427,-0.014285714285714235,3,True,20251217,168.5,-0.037142857142857144,0.05428571428571427,-0.05142857142857138,5,True,20251222,191.0,0.09142857142857141,0.09142857142857141,-0.05142857142857138,8,True
3141,晶宏,20230131,20230201,96.9,entered,True,20230201,95.5,-0.014447884416924683,0.02476780185758498,-0.019607843137254943,1,True,20230203,104.5,0.07843137254901955,0.10939112487100089,-0.019607843137254943,3,True,20230207,105.0,0.0835913312693497,0.10939112487100089,-0.019607843137254943,5,True,20230210,101.0,0.04231166150670784,0.13519091847265208,-0.019607843137254943,8,True
3147,大綜,20241226,20241227,184.0,entered,True,20241227,184.0,0.0,0.013586956521739024,-0.040760869565217406,1,True,20241231,191.0,0.03804347826086962,0.04619565217391308,-0.040760869565217406,3,True,20250103,174.0,-0.05434782608695654,0.057065217391304435,-0.08152173913043481,5,True,20250108,182.0,-0.010869565217391353,0.057065217391304435,-0.08152173913043481,8,True
3149,正達,20251008,20251009,46.5,entered,True,20251009,45.15,-0.029032258064516148,0.0010752688172042113,-0.03010752688172036,1,True,20251014,40.8,-0.12258064516129041,0.0010752688172042113,-0.12258064516129041,3,True,20251016,39.7,-0.14623655913978484,0.0010752688172042113,-0.15806451612903227,5,True,20251021,38.35,-0.1752688172043011,0.0010752688172042113,-0.19784946236559142,8,True
3149,正達,20260526,20260527,68.4,entered,True,20260527,65.4,-0.04385964912280704,0.008771929824561209,-0.04970760233918137,1,True,20260529,71.2,0.040935672514619936,0.05555555555555558,-0.04970760233918137,3,True,20260602,86.1,0.2587719298245612,0.2587719298245612,-0.04970760233918137,5,True,20260605,90.8,0.3274853801169588,0.4108187134502923,-0.04970760233918137,8,True
3162,精確,20221202,20221205,48.75,entered,True,20221205,48.15,-0.012307692307692353,0.016410256410256396,-0.017435897435897463,1,True,20221207,45.55,-0.0656410256410257,0.016410256410256396,-0.06769230769230761,3,True,20221209,48.15,-0.012307692307692353,0.016410256410256396,-0.06769230769230761,5,True,20221214,48.95,0.004102564102564266,0.016410256410256396,-0.06769230769230761,8,True
3162,精確,20250516,20250519,53.1,entered,True,20250519,52.8,-0.005649717514124353,0.024482109227871973,-0.015065913370998163,1,True,20250521,54.7,0.030131826741996326,0.05461393596986808,-0.015065913370998163,3,True,20250523,50.7,-0.04519774011299427,0.05461393596986808,-0.052730696798493515,5,True,20250528,48.8,-0.08097928436911495,0.05461393596986808,-0.08662900188323919,8,True
3163,波若威,20220531,20220601,55.2,entered,True,20220601,57.3,0.0380434782608694,0.06884057971014479,-0.018115942028985477,1,True,20220606,57.9,0.048913043478260754,0.09782608695652173,-0.018115942028985477,3,True,20220608,57.7,0.04528985507246386,0.09782608695652173,-0.018115942028985477,5,True,20220613,57.0,0.032608695652173836,0.09782608695652173,-0.018115942028985477,8,True
3163,波若威,20230523,20230524,64.2,entered,True,20230524,64.0,-0.0031152647975077885,0.004672897196261738,-0.0389408099688473,1,True,20230526,65.9,0.026479750778816147,0.06074766355140171,-0.0389408099688473,3,True,20230530,64.0,-0.0031152647975077885,0.08255451713395634,-0.0389408099688473,5,True,20230602,64.6,0.006230529595015355,0.08255451713395634,-0.0389408099688473,8,True
3163,波若威,20230731,20230801,100.5,entered,True,20230801,92.4,-0.08059701492537308,0.07462686567164178,-0.10845771144278615,1,True,20230804,83.3,-0.17114427860696524,0.07462686567164178,-0.18208955223880596,3,True,20230808,94.9,-0.05572139303482582,0.07462686567164178,-0.18208955223880596,5,True,20230811,87.9,-0.12537313432835817,0.07462686567164178,-0.18208955223880596,8,True
3163,波若威,20231129,20231130,94.4,entered,True,20231130,93.0,-0.014830508474576343,0.0063559322033897026,-0.01588983050847459,1,True,20231204,92.1,-0.02436440677966112,0.013771186440677985,-0.02436440677966112,3,True,20231206,91.0,-0.03601694915254239,0.013771186440677985,-0.04025423728813571,5,True,20231211,94.3,-0.0010593220338983578,0.013771186440677985,-0.04661016949152552,8,True
3163,波若威,20231211,20231212,94.6,entered,True,20231212,93.0,-0.016913319238900604,0.00634249471458781,-0.02114164904862581,1,True,20231214,93.7,-0.009513742071881492,0.017970401691332016,-0.02114164904862581,3,True,20231218,92.5,-0.022198731501057,0.017970401691332016,-0.02748414376321351,5,True,20231221,91.5,-0.032769556025369906,0.017970401691332016,-0.044397463002114,8,True
3163,波若威,20240515,20240516,111.5,entered,True,20240516,105.5,-0.053811659192825156,0.004484304932735439,-0.0717488789237668,1,True,20240520,105.0,-0.058295964125560484,0.004484304932735439,-0.0717488789237668,3,True,20240522,109.0,-0.022421524663677084,0.004484304932735439,-0.0717488789237668,5,True,20240527,113.5,0.017937219730941756,0.08968609865470856,-0.0717488789237668,8,True
3163,波若威,20240523,20240524,113.5,entered,True,20240524,114.0,0.004405286343612369,0.07048458149779746,-0.008810572687224627,1,True,20240528,112.0,-0.013215859030836996,0.07048458149779746,-0.022026431718061623,3,True,20240530,108.0,-0.048458149779735726,0.07048458149779746,-0.048458149779735726,5,True,20240604,105.5,-0.07048458149779735,0.07048458149779746,-0.07048458149779735,8,True
3163,波若威,20240618,20240619,128.0,entered,True,20240619,129.0,0.0078125,0.0390625,-0.04296875,1,True,20240621,135.5,0.05859375,0.10546875,-0.04296875,3,True,20240625,130.0,0.015625,0.10546875,-0.046875,5,True,20240628,137.0,0.0703125,0.1171875,-0.046875,8,True
3163,波若威,20241011,20241014,172.0,entered,True,20241014,170.5,-0.008720930232558155,0.011627906976744207,-0.03779069767441856,1,True,20241016,164.5,-0.043604651162790664,0.026162790697674465,-0.05232558139534882,3,True,20241018,158.0,-0.08139534883720934,0.026162790697674465,-0.08139534883720934,5,True,20241023,164.5,-0.043604651162790664,0.026162790697674465,-0.08139534883720934,8,True
3163,波若威,20250106,20250107,157.0,entered,True,20250107,154.5,-0.015923566878980888,0.0031847133757962887,-0.022292993630573243,1,True,20250109,159.5,0.015923566878981,0.06369426751592355,-0.03821656050955413,3,True,20250113,152.5,-0.0286624203821656,0.10828025477707004,-0.03821656050955413,5,True,20250116,168.5,0.0732484076433122,0.10828025477707004,-0.03821656050955413,8,True
3163,波若威,20250829,20250901,249.0,entered,True,20250901,240.0,-0.03614457831325302,0.028112449799196693,-0.048192771084337394,1,True,20250903,246.5,-0.010040160642570295,0.028112449799196693,-0.048192771084337394,3,True,20250905,250.0,0.004016064257028162,0.028112449799196693,-0.05622489959839361,5,True,20250910,241.0,-0.032128514056224855,0.028112449799196693,-0.05622489959839361,8,True
3167,大量,20250711,20250714,152.0,entered,True,20250714,154.0,0.013157894736842035,0.023026315789473673,-0.016447368421052655,1,True,20250716,156.5,0.02960526315789469,0.08223684210526305,-0.016447368421052655,3,True,20250718,161.0,0.05921052631578938,0.08223684210526305,-0.016447368421052655,5,True,20250723,172.0,0.13157894736842102,0.20394736842105265,-0.016447368421052655,8,True
3189,景碩,20221109,20221110,111.5,entered,True,20221110,113.0,0.013452914798206317,0.017937219730941756,-0.008968609865470878,1,True,20221114,119.0,0.06726457399103136,0.11210762331838575,-0.008968609865470878,3,True,20221116,121.5,0.08968609865470856,0.11210762331838575,-0.008968609865470878,5,True,20221121,117.0,0.049327354260089606,0.11210762331838575,-0.008968609865470878,8,True
3189,景碩,20230201,20230202,119.0,entered,True,20230202,119.0,0.0,0.004201680672268893,-0.021008403361344574,1,True,20230206,108.5,-0.08823529411764708,0.004201680672268893,-0.10084033613445376,3,True,20230208,110.0,-0.07563025210084029,0.004201680672268893,-0.10084033613445376,5,True,20230213,105.0,-0.11764705882352944,0.004201680672268893,-0.11764705882352944,8,True
3189,景碩,20230526,20230529,118.0,entered,True,20230529,116.0,-0.016949152542372836,0.016949152542372836,-0.021186440677966156,1,True,20230531,116.5,-0.012711864406779627,0.016949152542372836,-0.025423728813559365,3,True,20230602,118.0,0.0,0.016949152542372836,-0.025423728813559365,5,True,20230607,116.0,-0.016949152542372836,0.016949152542372836,-0.029661016949152574,8,True
3189,景碩,20241225,20241226,106.5,entered,True,20241226,103.5,-0.028169014084507005,0.0,-0.032863849765258246,1,True,20241230,102.0,-0.04225352112676062,0.0,-0.05164319248826288,3,True,20250102,100.5,-0.05633802816901412,0.0,-0.0741784037558686,5,True,20250107,109.5,0.028169014084507005,0.06103286384976525,-0.0741784037558686,8,True
3189,景碩,20250106,20250107,108.0,entered,True,20250107,109.5,0.01388888888888884,0.04629629629629628,-0.0092592592592593,1,True,20250109,102.5,-0.05092592592592593,0.04629629629629628,-0.05555555555555558,3,True,20250113,96.0,-0.11111111111111116,0.04629629629629628,-0.12962962962962965,5,True,20250116,97.7,-0.09537037037037033,0.04629629629629628,-0.12962962962962965,8,True
3189,景碩,20250219,20250220,106.5,entered,True,20250220,107.0,0.0046948356807512415,0.014084507042253502,-0.014084507042253502,1,True,20250224,104.0,-0.023474178403755874,0.023474178403755763,-0.032863849765258246,3,True,20250226,104.0,-0.023474178403755874,0.023474178403755763,-0.032863849765258246,5,True,20250304,97.5,-0.08450704225352113,0.023474178403755763,-0.10985915492957754,8,True
3189,景碩,20250716,20250717,102.0,entered,True,20250717,101.5,-0.004901960784313708,0.014705882352941124,-0.021568627450980427,1,True,20250721,104.5,0.02450980392156854,0.0490196078431373,-0.021568627450980427,3,True,20250723,103.0,0.009803921568627416,0.0490196078431373,-0.021568627450980427,5,True,20250728,100.0,-0.019607843137254943,0.0490196078431373,-0.021568627450980427,8,True
3189,景碩,20250729,20250730,106.0,entered,True,20250730,105.0,-0.009433962264150941,0.009433962264151052,-0.02358490566037741,1,True,20250801,103.0,-0.028301886792452824,0.009433962264151052,-0.05188679245283023,3,True,20250805,101.5,-0.04245283018867929,0.009433962264151052,-0.05188679245283023,5,True,20250808,101.5,-0.04245283018867929,0.009433962264151052,-0.05188679245283023,8,True
3189,景碩,20250826,20250827,115.5,entered,True,20250827,114.5,-0.008658008658008698,0.017316017316017396,-0.012987012987012991,1,True,20250829,113.5,-0.017316017316017285,0.025974025974025983,-0.025974025974025983,3,True,20250902,104.0,-0.09956709956709953,0.025974025974025983,-0.11255411255411252,5,True,20250905,103.0,-0.10822510822510822,0.025974025974025983,-0.11255411255411252,8,True
3189,景碩,20251007,20251008,114.0,entered,True,20251008,125.0,0.09649122807017552,0.10526315789473695,0.0,1,True,20251013,133.5,0.17105263157894735,0.20614035087719307,0.0,3,True,20251015,134.5,0.17982456140350878,0.21491228070175428,0.0,5,True,20251020,151.0,0.32456140350877183,0.39035087719298245,0.0,8,True
3189,景碩,20251017,20251020,158.0,entered,True,20251020,151.0,-0.044303797468354444,0.0031645569620253333,-0.05063291139240511,1,True,20251022,146.5,-0.07278481012658233,0.0031645569620253333,-0.08544303797468356,3,True,20251027,148.5,-0.060126582278481,0.0031645569620253333,-0.10126582278481011,5,True,20251030,137.5,-0.129746835443038,0.0031645569620253333,-0.14556962025316456,8,True
3189,景碩,20251205,20251208,157.5,entered,True,20251208,156.0,-0.00952380952380949,0.0031746031746031633,-0.03492063492063491,1,True,20251210,152.5,-0.031746031746031744,0.041269841269841345,-0.041269841269841234,3,True,20251212,151.5,-0.03809523809523807,0.041269841269841345,-0.04761904761904767,5,True,20251217,136.0,-0.13650793650793647,0.041269841269841345,-0.13968253968253963,8,True
3189,景碩,20260107,20260108,174.5,entered,True,20260108,166.0,-0.04871060171919772,0.02005730659025784,-0.06017191977077363,1,True,20260112,181.0,0.0372492836676217,0.04584527220630363,-0.06017191977077363,3,True,20260114,172.0,-0.014326647564469885,0.057306590257879764,-0.06017191977077363,5,True,20260119,211.5,0.21203438395415475,0.21203438395415475,-0.06017191977077363,8,True
3189,景碩,20260422,20260423,496.0,entered,True,20260423,479.0,-0.03427419354838712,0.02620967741935476,-0.08669354838709675,1,True,20260427,515.0,0.03830645161290325,0.11895161290322576,-0.08669354838709675,3,True,20260429,508.0,0.024193548387096753,0.11895161290322576,-0.08669354838709675,5,True,20260505,527.0,0.0625,0.12096774193548376,-0.08669354838709675,8,True
3207,耀勝,20220817,20220818,40.75,entered,True,20220818,43.9,0.07730061349693251,0.09079754601227008,-0.012269938650306789,1,True,20220822,42.8,0.0503067484662576,0.10797546012269943,-0.012269938650306789,3,True,20220824,45.25,0.11042944785276076,0.11042944785276076,-0.012269938650306789,5,True,20220829,46.1,0.13128834355828234,0.2613496932515338,-0.012269938650306789,8,True
3207,耀勝,20230202,20230203,61.0,entered,True,20230203,58.6,-0.03934426229508192,0.003278688524590123,-0.040983606557377095,1,True,20230207,59.8,-0.019672131147541072,0.003278688524590123,-0.06557377049180324,3,True,20230209,60.3,-0.011475409836065653,0.006557377049180246,-0.06557377049180324,5,True,20230214,61.2,0.003278688524590123,0.02786885245901649,-0.06557377049180324,8,True
3207,耀勝,20240314,20240315,105.0,entered,True,20240315,111.0,0.05714285714285716,0.09523809523809534,-0.014285714285714235,1,True,20240319,134.0,0.2761904761904761,0.2761904761904761,-0.014285714285714235,3,True,20240321,129.5,0.2333333333333334,0.3904761904761904,-0.014285714285714235,5,True,20240326,122.5,0.16666666666666674,0.3904761904761904,-0.014285714285714235,8,True
3209,全科,20260317,20260318,45.8,entered,True,20260318,44.65,-0.02510917030567683,0.0010917030567687558,-0.06113537117903922,1,True,20260320,42.8,-0.06550218340611358,0.0010917030567687558,-0.06986899563318771,3,True,20260324,42.9,-0.0633187772925764,0.0010917030567687558,-0.09716157205240161,5,True,20260327,44.45,-0.029475982532750966,0.0010917030567687558,-0.09716157205240161,8,True
3211,順達,20251211,20251212,294.5,entered,True,20251212,283.0,-0.039049235993208864,0.0,-0.052631578947368474,1,True,20251216,281.0,-0.04584040747028861,0.0,-0.0747028862478778,3,True,20251218,314.5,0.06791171477079794,0.07640067911714765,-0.0747028862478778,5,True,20251223,335.0,0.13752122241086595,0.1714770797962648,-0.0747028862478778,8,True
3217,優群,20230614,20230615,129.5,entered,True,20230615,129.0,-0.0038610038610038533,0.01158301158301156,-0.02316602316602312,1,True,20230619,136.5,0.054054054054053946,0.084942084942085,-0.02316602316602312,3,True,20230621,139.0,0.07335907335907343,0.0926640926640927,-0.02316602316602312,5,True,20230628,128.5,-0.007722007722007707,0.0926640926640927,-0.02316602316602312,8,True
3217,優群,20231108,20231109,153.0,entered,True,20231109,153.0,0.0,0.009803921568627416,-0.0326797385620915,1,True,20231113,158.0,0.03267973856209161,0.042483660130719025,-0.0326797385620915,3,True,20231115,153.5,0.0032679738562091387,0.042483660130719025,-0.0326797385620915,5,True,20231120,152.0,-0.006535947712418277,0.07843137254901955,-0.0326797385620915,8,True
3217,優群,20240102,20240103,175.0,entered,True,20240103,182.5,0.04285714285714293,0.04857142857142849,-0.02857142857142858,1,True,20240105,175.0,0.0,0.04857142857142849,-0.06000000000000005,3,True,20240109,168.0,-0.040000000000000036,0.04857142857142849,-0.06571428571428573,5,True,20240112,166.5,-0.0485714285714286,0.04857142857142849,-0.06571428571428573,8,True
3217,優群,20240222,20240223,198.5,entered,True,20240223,195.0,-0.017632241813602012,0.005037783375314797,-0.05037783375314864,1,True,20240227,185.5,-0.06549118387909325,0.005037783375314797,-0.08816120906801006,3,True,20240301,183.5,-0.07556675062972296,0.005037783375314797,-0.09823677581863977,5,True,20240306,185.0,-0.06801007556675065,0.005037783375314797,-0.09823677581863977,8,True
3217,優群,20260521,20260522,200.5,entered,True,20260522,207.0,0.032418952618453956,0.03740648379052369,-0.034912718204488824,1,True,20260526,193.0,-0.03740648379052369,0.057356608478803084,-0.052369077306733125,3,True,20260528,188.5,-0.05985037406483795,0.057356608478803084,-0.06982543640897754,5,True,20260602,192.0,-0.04239401496259354,0.057356608478803084,-0.06982543640897754,8,True
3227,原相,20231120,20231121,150.0,entered,True,20231121,152.5,0.016666666666666607,0.03333333333333344,-0.020000000000000018,1,True,20231123,163.5,0.09000000000000008,0.11333333333333329,-0.020000000000000018,3,True,20231127,160.0,0.06666666666666665,0.1200000000000001,-0.020000000000000018,5,True,20231130,161.5,0.07666666666666666,0.1433333333333333,-0.020000000000000018,8,True
3227,原相,20240529,20240530,168.0,entered,True,20240530,171.5,0.02083333333333326,0.023809523809523725,-0.014880952380952328,1,True,20240603,164.5,-0.02083333333333337,0.029761904761904656,-0.038690476190476164,3,True,20240605,160.5,-0.044642857142857095,0.029761904761904656,-0.05059523809523814,5,True,20240611,163.5,-0.0267857142857143,0.029761904761904656,-0.05654761904761907,8,True
3227,原相,20240620,20240621,172.5,entered,True,20240621,165.0,-0.04347826086956519,0.0028985507246377384,-0.04347826086956519,1,True,20240625,167.5,-0.02898550724637683,0.0028985507246377384,-0.07246376811594202,3,True,20240627,172.0,-0.0028985507246376274,0.020289855072463725,-0.07246376811594202,5,True,20240702,170.0,-0.01449275362318836,0.020289855072463725,-0.07246376811594202,8,True
3227,原相,20250217,20250218,286.0,entered,True,20250218,281.5,-0.01573426573426573,0.012237762237762295,-0.027972027972028024,1,True,20250220,286.0,0.0,0.07517482517482521,-0.027972027972028024,3,True,20250224,284.0,-0.006993006993006978,0.07517482517482521,-0.029720279720279685,5,True,20250227,271.5,-0.05069930069930073,0.07517482517482521,-0.05944055944055948,8,True
3227,原相,20250909,20250910,223.5,entered,True,20250910,217.5,-0.02684563758389258,0.0,-0.031319910514541416,1,True,20250912,216.5,-0.031319910514541416,0.0022371364653244186,-0.05145413870246085,3,True,20250916,219.5,-0.017897091722595126,0.0022371364653244186,-0.05145413870246085,5,True,20250919,246.5,0.1029082774049217,0.11409395973154357,-0.05145413870246085,8,True
3231,緯創,20221209,20221212,28.4,entered,True,20221212,28.5,0.0035211267605634866,0.0035211267605634866,-0.014084507042253502,1,True,20221214,29.15,0.02640845070422526,0.02640845070422526,-0.014084507042253502,3,True,20221216,30.0,0.05633802816901423,0.05633802816901423,-0.014084507042253502,5,True,20221221,30.05,0.05809859154929575,0.07746478873239449,-0.014084507042253502,8,True
3231,緯創,20230130,20230131,31.2,entered,True,20230131,31.5,0.009615384615384581,0.009615384615384581,-0.004807692307692291,1,True,20230202,31.8,0.019230769230769384,0.019230769230769384,-0.004807692307692291,3,True,20230206,31.95,0.024038461538461453,0.024038461538461453,-0.004807692307692291,5,True,20230209,31.8,0.019230769230769384,0.024038461538461453,-0.004807692307692291,8,True
3231,緯創,20230323,20230324,40.2,entered,True,20230324,40.0,-0.004975124378109541,0.003731343283582156,-0.03855721393034839,1,True,20230328,39.4,-0.019900497512437942,0.028606965174129417,-0.03855721393034839,3,True,20230330,41.6,0.03482587064676612,0.03980099502487544,-0.03855721393034839,5,True,20230407,40.6,0.00995024875621886,0.04353233830845782,-0.03855721393034839,8,True
3231,緯創,20230410,20230411,43.55,entered,True,20230411,43.45,-0.0022962112514349764,0.009184845005740572,-0.01722158438576349,1,True,20230413,44.45,0.02066590126291623,0.053960964408725554,-0.01722158438576349,3,True,20230417,44.2,0.014925373134328401,0.053960964408725554,-0.01722158438576349,5,True,20230420,45.8,0.051664753157290466,0.0723306544202067,-0.01722158438576349,8,True
3231,緯創,20231229,20240102,98.6,entered,True,20240102,93.7,-0.049695740365111485,0.0010141987829614951,-0.049695740365111485,1,True,20240104,94.2,-0.04462474645030412,0.0010141987829614951,-0.06288032454361048,3,True,20240108,94.4,-0.04259634888438124,0.0010141987829614951,-0.06288032454361048,5,True,20240111,97.6,-0.010141987829614618,0.0010141987829614951,-0.06288032454361048,8,True
3231,緯創,20240329,20240401,127.0,entered,True,20240401,122.5,-0.03543307086614178,0.003937007874015741,-0.03937007874015752,1,True,20240403,129.5,0.019685039370078705,0.04724409448818889,-0.03937007874015752,3,True,20240409,126.0,-0.007874015748031482,0.04724409448818889,-0.03937007874015752,5,True,20240412,122.5,-0.03543307086614178,0.04724409448818889,-0.03937007874015752,8,True
3231,緯創,20240716,20240717,113.5,entered,True,20240717,109.0,-0.03964757709251099,0.0,-0.03964757709251099,1,True,20240719,105.5,-0.07048458149779735,0.0,-0.07048458149779735,3,True,20240723,101.0,-0.11013215859030834,0.0,-0.122466960352423,5,True,20240730,97.0,-0.14537444933920707,0.0,-0.17444933920704842,8,True
3231,緯創,20241009,20241011,105.5,entered,True,20241011,108.5,0.028436018957346043,0.033175355450236976,-0.009478672985781977,1,True,20241015,109.0,0.033175355450236976,0.05213270142180093,-0.009478672985781977,3,True,20241017,110.5,0.04739336492891,0.05213270142180093,-0.009478672985781977,5,True,20241022,113.0,0.07109004739336489,0.07109004739336489,-0.009478672985781977,8,True
3231,緯創,20241025,20241028,116.0,entered,True,20241028,113.5,-0.02155172413793105,0.004310344827586299,-0.03448275862068961,1,True,20241030,111.0,-0.0431034482758621,0.004310344827586299,-0.051724137931034475,3,True,20241104,116.0,0.0,0.008620689655172376,-0.07327586206896552,5,True,20241107,120.0,0.034482758620689724,0.047413793103448176,-0.07327586206896552,8,True
3231,緯創,20241105,20241106,119.5,entered,True,20241106,119.5,0.0,0.01673640167364021,-0.012552301255230103,1,True,20241108,123.5,0.03347280334728042,0.05020920502092041,-0.012552301255230103,3,True,20241112,117.0,-0.02092050209205021,0.05020920502092041,-0.029288702928870314,5,True,20241115,117.5,-0.01673640167364021,0.05020920502092041,-0.03765690376569042,8,True
3231,緯創,20250514,20250515,114.0,entered,True,20250515,111.5,-0.021929824561403466,0.004385964912280604,-0.02631578947368418,1,True,20250519,109.0,-0.04385964912280704,0.004385964912280604,-0.04385964912280704,3,True,20250521,113.0,-0.00877192982456143,0.00877192982456143,-0.04385964912280704,5,True,20250526,116.0,0.01754385964912286,0.01754385964912286,-0.04385964912280704,8,True
3231,緯創,20250625,20250626,127.0,entered,True,20250626,125.0,-0.015748031496062964,0.0,-0.027559055118110187,1,True,20250630,122.5,-0.03543307086614178,0.0,-0.051181102362204745,3,True,20250702,120.0,-0.055118110236220486,0.0,-0.06299212598425197,5,True,20250707,118.0,-0.07086614173228345,0.0,-0.08267716535433067,8,True
3231,緯創,20250811,20250812,127.5,entered,True,20250812,126.0,-0.0117647058823529,0.0,-0.02352941176470591,1,True,20250814,116.5,-0.0862745098039216,0.0,-0.09411764705882353,3,True,20250818,116.0,-0.09019607843137256,0.0,-0.10196078431372546,5,True,20250821,111.5,-0.12549019607843137,0.0,-0.12941176470588234,8,True
3231,緯創,20250925,20250926,125.5,entered,True,20250926,128.0,0.019920318725099584,0.03585657370517925,-0.027888446215139417,1,True,20251001,146.0,0.1633466135458168,0.22310756972111556,-0.027888446215139417,3,True,20251003,153.5,0.22310756972111556,0.24302788844621515,-0.027888446215139417,5,True,20251009,151.0,0.20318725099601598,0.2589641434262948,-0.027888446215139417,8,True
3231,緯創,20251205,20251208,151.0,entered,True,20251208,149.0,-0.013245033112582738,0.0066225165562914245,-0.023178807947019875,1,True,20251210,147.5,-0.023178807947019875,0.019867549668874274,-0.0298013245033113,3,True,20251212,143.5,-0.04966887417218546,0.019867549668874274,-0.056291390728476776,5,True,20251217,138.0,-0.08609271523178808,0.019867549668874274,-0.08609271523178808,8,True
3231,緯創,20260102,20260105,157.0,entered,True,20260105,155.0,-0.01273885350318471,0.006369426751592355,-0.022292993630573243,1,True,20260107,158.5,0.009554140127388644,0.02547770700636942,-0.0286624203821656,3,True,20260109,149.0,-0.05095541401273884,0.02547770700636942,-0.0573248407643312,5,True,20260114,146.0,-0.07006369426751591,0.02547770700636942,-0.0859872611464968,8,True
3231,緯創,20260420,20260421,142.0,entered,True,20260421,144.5,0.01760563380281699,0.02464788732394374,-0.0035211267605633756,1,True,20260423,139.5,-0.017605633802816878,0.028169014084507005,-0.04929577464788737,3,True,20260427,142.5,0.0035211267605634866,0.028169014084507005,-0.04929577464788737,5,True,20260430,137.0,-0.035211267605633756,0.028169014084507005,-0.04929577464788737,8,True
3234,光環,20241009,20241011,56.3,entered,True,20241011,54.8,-0.026642984014209614,0.010657193605683846,-0.04085257548845467,1,True,20241015,50.7,-0.09946714031971571,0.010657193605683846,-0.09946714031971571,3,True,20241017,52.8,-0.06216696269982236,0.010657193605683846,-0.1207815275310834,5,True,20241022,55.0,-0.023090586145648295,0.010657193605683846,-0.1207815275310834,8,True
3236,千如,20260105,20260106,31.6,entered,True,20260106,30.8,-0.025316455696202556,0.0015822784810126667,-0.04113924050632911,1,True,20260108,29.7,-0.06012658227848111,0.03639240506329111,-0.06803797468354433,3,True,20260112,31.35,-0.007911392405063333,0.061708860759493556,-0.06803797468354433,5,True,20260115,37.9,0.1993670886075949,0.22626582278481,-0.06803797468354433,8,True
3236,千如,20260701,20260702,72.9,entered,True,20260702,70.1,-0.03840877914952001,0.028806584362139898,-0.03978052126200282,1,True,20260706,66.8,-0.08367626886145418,0.028806584362139898,-0.11248285322359397,3,True,20260708,62.0,-0.14951989026063106,0.028806584362139898,-0.17421124828532242,5,True,20260714,54.5,-0.25240054869684503,0.028806584362139898,-0.2880658436213992,8,True
3260,威剛,20230322,20230323,73.5,entered,True,20230323,76.8,0.04489795918367334,0.06394557823129254,-0.009523809523809601,1,True,20230327,75.8,0.03129251700680258,0.08027210884353742,-0.009523809523809601,3,True,20230329,74.0,0.006802721088435382,0.08027210884353742,-0.009523809523809601,5,True,20230406,79.6,0.08299319727891152,0.11156462585034022,-0.009523809523809601,8,True
3260,威剛,20230331,20230406,79.5,entered,True,20230406,79.6,0.0012578616352201255,0.0037735849056603765,-0.026415094339622525,1,True,20230410,78.1,-0.017610062893081868,0.030188679245283012,-0.026415094339622525,3,True,20230412,82.4,0.03647798742138364,0.04402515723270439,-0.026415094339622525,5,True,20230417,78.3,-0.015094339622641506,0.04402515723270439,-0.026415094339622525,8,True
3260,威剛,20230529,20230530,80.0,entered,True,20230530,81.2,0.015000000000000124,0.02499999999999991,-0.010000000000000009,1,True,20230601,85.6,0.06999999999999984,0.11624999999999996,-0.010000000000000009,3,True,20230605,84.2,0.05249999999999999,0.11624999999999996,-0.010000000000000009,5,True,20230608,84.3,0.053749999999999964,0.11624999999999996,-0.010000000000000009,8,True
3260,威剛,20230616,20230619,92.0,entered,True,20230619,92.5,0.005434782608695565,0.02499999999999991,-0.023913043478260954,1,True,20230621,90.6,-0.01521739130434785,0.02499999999999991,-0.03152173913043488,3,True,20230627,86.4,-0.060869565217391286,0.02499999999999991,-0.09239130434782605,5,True,20230630,89.0,-0.03260869565217395,0.02499999999999991,-0.09239130434782605,8,True
3260,威剛,20230915,20230918,91.9,entered,True,20230918,91.4,-0.005440696409140355,0.01088139281828071,-0.006528835690968515,1,True,20230920,87.2,-0.05114254624591952,0.01088139281828071,-0.05223068552774768,3,True,20230922,89.3,-0.028291621327530048,0.01088139281828071,-0.06420021762785644,5,True,20230927,87.2,-0.05114254624591952,0.01088139281828071,-0.07508161044613715,8,True
3260,威剛,20231013,20231016,97.2,entered,True,20231016,96.1,-0.011316872427983626,0.007201646090535085,-0.026748971193415683,1,True,20231018,101.5,0.044238683127572065,0.08024691358024683,-0.026748971193415683,3,True,20231020,105.0,0.08024691358024683,0.10596707818930029,-0.026748971193415683,5,True,20231025,99.1,0.019547325102880597,0.12139917695473246,-0.026748971193415683,8,True
3260,威剛,20240219,20240220,100.0,entered,True,20240220,99.8,-0.0020000000000000018,0.010000000000000009,-0.020000000000000018,1,True,20240222,101.0,0.010000000000000009,0.020000000000000018,-0.020000000000000018,3,True,20240226,98.0,-0.020000000000000018,0.040000000000000036,-0.02200000000000002,5,True,20240301,99.2,-0.008000000000000007,0.040000000000000036,-0.02300000000000002,8,True
3260,威剛,20240412,20240415,111.5,entered,True,20240415,115.5,0.03587443946188351,0.049327354260089606,-0.008968609865470878,1,True,20240417,103.5,-0.0717488789237668,0.049327354260089606,-0.08071748878923768,3,True,20240419,96.2,-0.13721973094170403,0.049327354260089606,-0.15695067264573992,5,True,20240424,99.5,-0.1076233183856502,0.049327354260089606,-0.16502242152466373,8,True
3260,威剛,20250217,20250218,84.0,entered,True,20250218,86.6,0.030952380952380842,0.03452380952380962,-0.008333333333333415,1,True,20250220,86.1,0.02499999999999991,0.0535714285714286,-0.008333333333333415,3,True,20250224,86.5,0.029761904761904656,0.0535714285714286,-0.008333333333333415,5,True,20250227,85.7,0.020238095238095166,0.0535714285714286,-0.008333333333333415,8,True
3260,威剛,20250514,20250515,91.1,entered,True,20250515,93.3,0.02414928649835346,0.027442371020856227,-0.004390779363336872,1,True,20250519,92.4,0.014270032930845389,0.027442371020856227,-0.004390779363336872,3,True,20250521,93.0,0.020856201975850697,0.03841931942919863,-0.004390779363336872,5,True,20250526,91.8,0.007683863885839859,0.03841931942919863,-0.004390779363336872,8,True
3260,威剛,20250606,20250609,100.5,entered,True,20250609,97.5,-0.02985074626865669,0.01990049751243772,-0.037810945273631824,1,True,20250611,97.8,-0.0268656716417911,0.01990049751243772,-0.037810945273631824,3,True,20250613,95.7,-0.047761194029850684,0.01990049751243772,-0.04875621890547266,5,True,20250618,99.0,-0.014925373134328401,0.01990049751243772,-0.06069651741293525,8,True
3260,威剛,20250812,20250813,96.5,entered,True,20250813,95.3,-0.012435233160621784,0.0031088082901553626,-0.025906735751295318,1,True,20250815,99.4,0.030051813471502653,0.04663212435233155,-0.025906735751295318,3,True,20250819,96.5,0.0,0.04663212435233155,-0.025906735751295318,5,True,20250822,96.4,-0.0010362694300517505,0.04663212435233155,-0.025906735751295318,8,True
3260,威剛,20250905,20250908,113.0,entered,True,20250908,111.0,-0.017699115044247815,0.030973451327433565,-0.03982300884955747,1,True,20250910,117.0,0.03539823008849563,0.04424778761061954,-0.03982300884955747,3,True,20250912,120.5,0.0663716814159292,0.09734513274336276,-0.03982300884955747,5,True,20250917,134.0,0.18584070796460184,0.19469026548672574,-0.03982300884955747,8,True
3260,威剛,20250918,20250919,138.5,entered,True,20250919,139.0,0.0036101083032491488,0.010830324909747224,-0.028880866425992746,1,True,20250923,148.5,0.07220216606498187,0.11191335740072206,-0.028880866425992746,3,True,20250925,148.0,0.06859205776173294,0.11913357400722013,-0.028880866425992746,5,True,20251001,,,0.1335740072202165,-0.028880866425992746,7,False
3260,威剛,20260824,20260825,437.5,entered,True,20260825,418.5,-0.04342857142857148,0.0,-0.06971428571428573,1,True,20260827,415.5,-0.05028571428571427,0.0,-0.06971428571428573,3,True,20260831,,,0.0,-0.06971428571428573,4,False,,,,,,0,False
3264,欣銓,20221111,20221114,48.6,entered,True,20221114,48.7,0.002057613168724215,0.012345679012345734,-0.008230452674897082,1,True,20221116,50.0,0.028806584362139898,0.028806584362139898,-0.008230452674897082,3,True,20221118,50.1,0.030864197530864113,0.04526748971193406,-0.008230452674897082,5,True,20221123,50.1,0.030864197530864113,0.04526748971193406,-0.008230452674897082,8,True
3264,欣銓,20230307,20230308,59.0,entered,True,20230308,59.6,0.01016949152542379,0.025423728813559254,-0.013559322033898202,1,True,20230310,56.5,-0.0423728813559322,0.025423728813559254,-0.04406779661016946,3,True,20230314,57.3,-0.028813559322034,0.025423728813559254,-0.057627118644067776,5,True,20230317,57.7,-0.02203389830508473,0.025423728813559254,-0.057627118644067776,8,True
3264,欣銓,20230613,20230614,61.3,entered,True,20230614,61.4,0.0016313213703100793,0.006525285481239873,-0.00815660685154973,1,True,20230616,64.0,0.04404567699836881,0.058727569331158413,-0.00815660685154973,3,True,20230620,61.7,0.006525285481239873,0.08482871125611746,-0.00815660685154973,5,True,20230627,60.4,-0.014681892332789492,0.08482871125611746,-0.04404567699836859,8,True
3264,欣銓,20230728,20230731,65.3,entered,True,20230731,61.7,-0.05513016845329244,0.0015313935681471325,-0.05666156202143946,1,True,20230802,60.4,-0.0750382848392036,0.0015313935681471325,-0.08422664624808573,3,True,20230807,61.7,-0.05513016845329244,0.0015313935681471325,-0.08728943338437978,5,True,20230810,59.5,-0.0888208269525268,0.0015313935681471325,-0.09341500765696775,8,True
3264,欣銓,20231201,20231204,75.5,entered,True,20231204,77.5,0.026490066225165476,0.0596026490066226,0.0,1,True,20231206,79.8,0.05695364238410594,0.07284768211920523,0.0,3,True,20231208,77.9,0.03178807947019879,0.07284768211920523,0.0,5,True,20231213,80.4,0.0649006622516557,0.0927152317880795,0.0,8,True
3264,欣銓,20240319,20240320,86.4,entered,True,20240320,85.0,-0.01620370370370372,0.0254629629629628,-0.02199074074074081,1,True,20240322,81.9,-0.05208333333333337,0.0254629629629628,-0.05555555555555569,3,True,20240326,79.8,-0.07638888888888895,0.0254629629629628,-0.09259259259259256,5,True,20240329,83.6,-0.03240740740740755,0.0254629629629628,-0.09259259259259256,8,True
3264,欣銓,20240604,20240605,76.0,entered,True,20240605,75.0,-0.013157894736842146,0.006578947368421018,-0.015789473684210575,1,True,20240607,75.8,-0.0026315789473684292,0.006578947368421018,-0.023684210526315752,3,True,20240612,76.2,0.0026315789473685403,0.006578947368421018,-0.023684210526315752,5,True,20240617,74.9,-0.014473684210526194,0.006578947368421018,-0.023684210526315752,8,True
3264,欣銓,20250512,20250513,82.9,entered,True,20250513,78.6,-0.05186972255729805,0.006031363088057962,-0.053075995174909574,1,True,20250515,75.3,-0.09167671893848017,0.006031363088057962,-0.09650180940892639,3,True,20250519,75.0,-0.09529553679131486,0.006031363088057962,-0.09650180940892639,5,True,20250522,74.9,-0.09650180940892639,0.006031363088057962,-0.10977080820265395,8,True
3264,欣銓,20250908,20250909,85.1,entered,True,20250909,85.9,0.009400705052879044,0.02820211515863691,-0.001175088131609825,1,True,20250911,85.2,0.001175088131609936,0.051703877790834296,-0.004700352526439411,3,True,20250915,85.4,0.003525264394829808,0.051703877790834296,-0.01997649823736769,5,True,20250918,84.8,-0.003525264394829586,0.051703877790834296,-0.01997649823736769,8,True
3264,欣銓,20251031,20251103,95.5,entered,True,20251103,101.0,0.05759162303664911,0.0732984293193717,-0.006282722513088923,1,True,20251105,92.1,-0.03560209424083771,0.07853403141361248,-0.04816753926701567,3,True,20251107,88.5,-0.0732984293193717,0.07853403141361248,-0.0732984293193717,5,True,20251112,89.3,-0.06492146596858639,0.07853403141361248,-0.0732984293193717,8,True
3264,欣銓,20251208,20251209,92.9,entered,True,20251209,92.0,-0.009687836383207804,0.0032292787944026013,-0.01829924650161463,1,True,20251211,94.7,0.019375672766415386,0.07534983853606025,-0.01829924650161463,3,True,20251215,92.9,0.0,0.07534983853606025,-0.01829924650161463,5,True,20251218,89.0,-0.041980624327233595,0.07534983853606025,-0.05059203444564053,8,True
3264,欣銓,20260706,20260707,259.5,entered,True,20260707,231.5,-0.10789980732177262,0.009633911368015502,-0.10789980732177262,1,True,20260709,235.0,-0.09441233140655103,0.009633911368015502,-0.1425818882466281,3,True,20260714,217.5,-0.161849710982659,0.009633911368015502,-0.20616570327552985,5,True,20260717,214.0,-0.17533718689788058,0.009633911368015502,-0.20616570327552985,8,True
3265,台星科,20230918,20230919,92.0,entered,True,20230919,98.6,0.07173913043478253,0.07173913043478253,0.0,1,True,20230921,84.9,-0.0771739130434782,0.125,-0.08043478260869574,3,True,20230925,90.9,-0.011956521739130421,0.125,-0.0902173913043478,5,True,20230928,88.4,-0.03913043478260858,0.125,-0.0902173913043478,8,True
3265,台星科,20240123,20240124,122.0,entered,True,20240124,119.5,-0.020491803278688492,0.004098360655737654,-0.040983606557377095,1,True,20240126,118.0,-0.032786885245901676,0.05737704918032782,-0.040983606557377095,3,True,20240130,121.5,-0.004098360655737654,0.05737704918032782,-0.049180327868852514,5,True,20240202,120.5,-0.012295081967213073,0.05737704918032782,-0.049180327868852514,8,True
3265,台星科,20260113,20260114,138.0,entered,True,20260114,138.0,0.0,0.021739130434782705,-0.01449275362318836,1,True,20260116,144.5,0.047101449275362306,0.07608695652173902,-0.01449275362318836,3,True,20260120,141.5,0.0253623188405796,0.07608695652173902,-0.01449275362318836,5,True,20260123,142.0,0.02898550724637672,0.08695652173913038,-0.01449275362318836,8,True
3265,台星科,20260505,20260506,192.0,entered,True,20260506,186.0,-0.03125,0.005208333333333259,-0.0546875,1,True,20260508,179.0,-0.06770833333333337,0.005208333333333259,-0.09375,3,True,20260512,178.5,-0.0703125,0.005208333333333259,-0.09375,5,True,20260515,183.5,-0.04427083333333337,0.005208333333333259,-0.09895833333333337,8,True
3276,宇環,20231115,20231116,27.7,entered,True,20231116,27.05,-0.023465703971119134,0.0072202166064980755,-0.03971119133573997,1,True,20231120,25.7,-0.07220216606498198,0.03971119133574019,-0.08483754512635366,3,True,20231122,25.45,-0.08122743682310474,0.03971119133574019,-0.11191335740072195,5,True,20231127,24.8,-0.10469314079422376,0.03971119133574019,-0.11191335740072195,8,True
3290,東浦,20230223,20230224,27.3,entered,True,20230224,27.95,0.023809523809523725,0.02564102564102555,-0.016483516483516425,1,True,20230302,26.2,-0.04029304029304037,0.02564102564102555,-0.0714285714285714,3,True,20230306,26.8,-0.01831501831501836,0.02564102564102555,-0.0714285714285714,5,True,20230309,28.9,0.05860805860805862,0.10622710622710607,-0.0714285714285714,8,True
3290,東浦,20230330,20230331,30.3,entered,True,20230331,30.3,0.0,0.008250825082508184,-0.018151815181518205,1,True,20230407,29.45,-0.028052805280528115,0.008250825082508184,-0.02970297029702973,3,True,20230411,29.95,-0.011551155115511635,0.008250825082508184,-0.054455445544554504,5,True,20230414,29.2,-0.0363036303630363,0.014851485148514865,-0.054455445544554504,8,True
3293,鈊象,20230109,20230110,485.0,entered,True,20230110,483.5,-0.003092783505154628,0.006185567010309256,-0.015463917525773141,1,True,20230112,474.0,-0.02268041237113405,0.02680412371134011,-0.03298969072164948,3,True,20230116,472.0,-0.026804123711340222,0.02680412371134011,-0.039175257731958735,5,True,20230131,494.5,0.019587628865979312,0.02680412371134011,-0.039175257731958735,8,True
3294,英濟,20250731,20250801,41.35,entered,True,20250801,45.75,0.10640870616686815,0.10640870616686815,-0.0193470374848852,1,True,20250805,47.8,0.1559854897218862,0.26723095525997564,-0.0193470374848852,3,True,20250807,47.6,0.15114873035066512,0.26723095525997564,-0.0193470374848852,5,True,20250812,47.5,0.14873035066505436,0.26723095525997564,-0.0193470374848852,8,True
3311,閎暉,20250909,20250910,38.65,entered,True,20250910,38.05,-0.015523932729624823,0.019404915912031084,-0.018111254851228886,1,True,20250912,35.6,-0.0789133247089262,0.019404915912031084,-0.08279430789133235,3,True,20250916,35.15,-0.09055627425614488,0.019404915912031084,-0.09961190168175937,5,True,20250919,35.45,-0.08279430789133235,0.019404915912031084,-0.09961190168175937,8,True
3312,弘憶股,20240201,20240202,26.1,entered,True,20240202,26.1,0.0,0.019157088122605304,-0.019157088122605415,1,True,20240215,28.15,0.07854406130268199,0.08429118773946365,-0.051724137931034586,3,True,20240219,32.35,0.23946360153256707,0.23946360153256707,-0.051724137931034586,5,True,20240222,35.15,0.3467432950191569,0.3601532567049808,-0.051724137931034586,8,True
3312,弘憶股,20240227,20240229,39.9,entered,True,20240229,41.8,0.04761904761904767,0.08771929824561409,-0.00877192982456143,1,True,20240304,43.95,0.10150375939849643,0.12656641604010033,-0.00877192982456143,3,True,20240306,47.0,0.17794486215538852,0.21553884711779459,-0.00877192982456143,5,True,20240311,38.2,-0.04260651629072676,0.21553884711779459,-0.04260651629072676,8,True
3312,弘憶股,20260514,20260515,48.95,entered,True,20260515,47.15,-0.036772216547497516,0.008171603677221695,-0.05005107252298269,1,True,20260519,45.3,-0.07456588355464766,0.008171603677221695,-0.08273748723186936,3,True,20260521,46.85,-0.04290091930541373,0.008171603677221695,-0.08273748723186936,5,True,20260526,52.8,0.0786516853932584,0.10112359550561778,-0.08273748723186936,8,True
3312,弘憶股,20260525,20260526,51.1,entered,True,20260526,52.8,0.03326810176125239,0.0547945205479452,-0.015655577299413026,1,True,20260528,49.3,-0.03522504892367917,0.0547945205479452,-0.05381604696673192,3,True,20260601,55.1,0.07827788649706457,0.07827788649706457,-0.05381604696673192,5,True,20260604,73.2,0.4324853228962817,0.4324853228962817,-0.05381604696673192,8,True
3317,尼克森,20260505,20260506,62.8,entered,True,20260506,64.9,0.03343949044585992,0.04936305732484092,-0.0207006369426751,1,True,20260508,62.2,-0.009554140127388422,0.1146496815286624,-0.0207006369426751,3,True,20260512,67.9,0.0812101910828027,0.1146496815286624,-0.0207006369426751,5,True,20260515,75.3,0.19904458598726116,0.21178343949044587,-0.0207006369426751,8,True
3324,雙鴻,20220106,20220107,214.0,entered,True,20220107,219.5,0.025700934579439227,0.035046728971962704,-0.032710280373831724,1,True,20220111,217.0,0.014018691588784993,0.053738317757009435,-0.032710280373831724,3,True,20220113,217.0,0.014018691588784993,0.053738317757009435,-0.032710280373831724,5,True,20220118,224.0,0.04672897196261672,0.06775700934579443,-0.032710280373831724,8,True
3324,雙鴻,20221214,20221215,162.5,entered,True,20221215,167.0,0.027692307692307683,0.03076923076923066,0.0,1,True,20221219,155.5,-0.043076923076923124,0.03076923076923066,-0.0461538461538461,3,True,20221221,147.0,-0.0953846153846154,0.03076923076923066,-0.0953846153846154,5,True,20221226,148.5,-0.08615384615384614,0.03076923076923066,-0.0953846153846154,8,True
3324,雙鴻,20231116,20231117,348.0,entered,True,20231117,350.0,0.005747126436781658,0.005747126436781658,-0.02298850574712641,1,True,20231121,386.5,0.11063218390804597,0.11494252873563227,-0.02298850574712641,3,True,20231123,366.0,0.051724137931034475,0.11494252873563227,-0.02298850574712641,5,True,20231128,362.0,0.04022988505747116,0.11494252873563227,-0.02298850574712641,8,True
3324,雙鴻,20240130,20240131,384.5,entered,True,20240131,376.5,-0.020806241872561748,0.0039011703511053764,-0.020806241872561748,1,True,20240202,425.0,0.10533159947984405,0.10533159947984405,-0.022106631989596837,3,True,20240215,469.0,0.2197659297789336,0.2197659297789336,-0.022106631989596837,5,True,20240220,447.5,0.16384915474642403,0.2249674902470742,-0.022106631989596837,8,True
3325,旭品,20230607,20230608,26.6,entered,True,20230608,25.5,-0.0413533834586467,0.009398496240601517,-0.0413533834586467,1,True,20230612,25.95,-0.024436090225564033,0.05451127819548862,-0.0413533834586467,3,True,20230614,26.45,-0.005639097744360999,0.05451127819548862,-0.0413533834586467,5,True,20230619,29.5,0.10902255639097747,0.11842105263157898,-0.0413533834586467,8,True
3338,泰碩,20240216,20240219,68.0,entered,True,20240219,66.1,-0.027941176470588358,0.00588235294117645,-0.027941176470588358,1,True,20240221,65.2,-0.04117647058823526,0.00588235294117645,-0.04705882352941182,3,True,20240223,64.0,-0.05882352941176472,0.00588235294117645,-0.05882352941176472,5,True,20240229,66.5,-0.022058823529411797,0.00588235294117645,-0.08088235294117652,8,True
3338,泰碩,20240301,20240304,69.5,entered,True,20240304,67.5,-0.02877697841726623,0.024460431654676373,-0.030215827338129442,1,True,20240306,73.2,0.05323741007194238,0.05323741007194238,-0.04604316546762599,3,True,20240308,70.8,0.018705035971223083,0.15827338129496393,-0.04604316546762599,5,True,20240313,71.0,0.021582733812949728,0.15827338129496393,-0.04604316546762599,8,True
3339,泰谷,20240409,20240410,37.75,entered,True,20240410,37.1,-0.017218543046357615,0.041059602649006655,-0.017218543046357615,1,True,20240412,37.15,-0.015894039735099397,0.041059602649006655,-0.04370860927152309,3,True,20240416,37.65,-0.0026490066225165476,0.041059602649006655,-0.04370860927152309,5,True,20240419,39.85,0.05562913907284761,0.1417218543046359,-0.04370860927152309,8,True
3346,麗清,20230324,20230327,44.6,entered,True,20230327,44.05,-0.012331838565022513,0.012331838565022402,-0.015695067264574036,1,True,20230329,43.1,-0.03363228699551568,0.012331838565022402,-0.04035874439461895,3,True,20230331,42.9,-0.03811659192825123,0.012331838565022402,-0.04260089686098656,5,True,20230410,42.7,-0.04260089686098656,0.012331838565022402,-0.05269058295964124,8,True
3346,麗清,20230613,20230614,48.65,entered,True,20230614,49.65,0.020554984583761593,0.020554984583761593,-0.012332990750256956,1,True,20230616,47.2,-0.029804727646454143,0.023638232271325776,-0.031860226104830414,3,True,20230620,47.5,-0.023638232271325776,0.023638232271325776,-0.031860226104830414,5,True,20230627,46.75,-0.039054470709146916,0.023638232271325776,-0.04830421377183969,8,True
3346,麗清,20231012,20231013,52.3,entered,True,20231013,52.7,0.007648183556405508,0.042065009560229516,-0.003824091778202643,1,True,20231017,53.3,0.019120458891013437,0.0497131931166348,-0.011472275334607929,3,True,20231019,51.7,-0.011472275334607929,0.0497131931166348,-0.03250478011472269,5,True,20231024,50.7,-0.030592734225621254,0.0497131931166348,-0.06500956022944548,8,True
3346,麗清,20231222,20231225,54.5,entered,True,20231225,53.9,-0.011009174311926606,0.020183486238532167,-0.022018348623853212,1,True,20231227,54.4,-0.0018348623853211565,0.02752293577981657,-0.02752293577981646,3,True,20231229,52.7,-0.03302752293577982,0.02752293577981657,-0.03853211009174318,5,True,20240104,50.4,-0.0752293577981652,0.02752293577981657,-0.07889908256880729,8,True
3356,奇偶,20240401,20240402,56.1,entered,True,20240402,56.3,0.0035650623885916666,0.02317290552584672,-0.017825311942959,1,True,20240408,55.5,-0.010695187165775444,0.030303030303030276,-0.028520499108734443,3,True,20240410,55.7,-0.007130124777183555,0.033868092691622165,-0.028520499108734443,5,True,20240415,55.4,-0.012477718360071388,0.033868092691622165,-0.03743315508021394,8,True
3362,先進光,20231121,20231122,165.0,entered,True,20231122,175.0,0.06060606060606055,0.06060606060606055,-0.00303030303030305,1,True,20231124,185.5,0.12424242424242427,0.13030303030303036,-0.00303030303030305,3,True,20231128,178.5,0.08181818181818179,0.1515151515151516,-0.00303030303030305,5,True,20231201,193.0,0.16969696969696968,0.17878787878787872,-0.00303030303030305,8,True
3362,先進光,20240123,20240124,185.0,entered,True,20240124,182.0,-0.01621621621621616,0.027027027027026973,-0.01621621621621616,1,True,20240126,180.0,-0.027027027027026973,0.027027027027026973,-0.04594594594594592,3,True,20240130,193.0,0.043243243243243246,0.048648648648648596,-0.04594594594594592,5,True,20240202,210.0,0.1351351351351351,0.16756756756756763,-0.04594594594594592,8,True
3363,上詮,20231129,20231130,77.0,entered,True,20231130,78.4,0.0181818181818183,0.033766233766233666,-0.014285714285714235,1,True,20231204,74.0,-0.038961038961038974,0.06363636363636371,-0.042857142857142816,3,True,20231206,75.0,-0.025974025974025983,0.06363636363636371,-0.05974025974025965,5,True,20231211,76.0,-0.012987012987012991,0.06363636363636371,-0.06233766233766225,8,True
3363,上詮,20240201,20240202,78.8,entered,True,20240202,77.3,-0.019035532994923887,0.0076142131979697325,-0.03426395939086302,1,True,20240215,78.4,-0.0050761421319796,0.0076142131979697325,-0.055837563451776595,3,True,20240219,89.9,0.14086294416243672,0.18781725888324874,-0.055837563451776595,5,True,20240222,91.8,0.1649746192893402,0.2208121827411169,-0.055837563451776595,8,True
3363,上詮,20240620,20240621,165.0,entered,True,20240621,160.5,-0.027272727272727226,0.0060606060606061,-0.030303030303030276,1,True,20240625,146.0,-0.11515151515151512,0.0060606060606061,-0.1333333333333333,3,True,20240627,147.0,-0.10909090909090913,0.0060606060606061,-0.1333333333333333,5,True,20240702,155.5,-0.05757575757575761,0.0060606060606061,-0.1333333333333333,8,True
3363,上詮,20250108,20250109,304.5,entered,True,20250109,297.0,-0.024630541871921152,0.024630541871921263,-0.029556650246305383,1,True,20250113,276.0,-0.09359605911330049,0.03776683087027921,-0.09359605911330049,3,True,20250115,296.0,-0.02791461412151064,0.03776683087027921,-0.11494252873563215,5,True,20250120,324.5,0.06568144499178974,0.14778325123152714,-0.11494252873563215,8,True
3363,上詮,20250710,20250711,294.5,entered,True,20250711,290.5,-0.01358234295415961,0.005093378607809784,-0.02716468590831922,1,True,20250715,288.0,-0.022071307300509324,0.005093378607809784,-0.04753820033955858,3,True,20250717,291.0,-0.011884550084889645,0.013582342954159499,-0.04753820033955858,5,True,20250722,285.5,-0.03056027164685904,0.035653650254668934,-0.04753820033955858,8,True
3363,上詮,20250731,20250801,300.0,entered,True,20250801,304.0,0.01333333333333342,0.030000000000000027,-0.0050000000000000044,1,True,20250805,298.5,-0.0050000000000000044,0.03833333333333333,-0.02833333333333332,3,True,20250807,295.5,-0.015000000000000013,0.03833333333333333,-0.02833333333333332,5,True,20250812,299.0,-0.0033333333333332993,0.03833333333333333,-0.09833333333333338,8,True
3372,典範,20260120,20260121,25.0,entered,True,20260121,23.7,-0.052000000000000046,0.0020000000000000018,-0.06000000000000005,1,True,20260123,22.5,-0.09999999999999998,0.0020000000000000018,-0.11599999999999999,3,True,20260127,23.3,-0.06799999999999995,0.0020000000000000018,-0.132,5,True,20260130,21.3,-0.14800000000000002,0.0020000000000000018,-0.15799999999999992,8,True
3374,精材,20231106,20231107,129.0,entered,True,20231107,130.0,0.007751937984496138,0.019379844961240345,-0.011627906976744207,1,True,20231109,129.0,0.0,0.023255813953488413,-0.023255813953488413,3,True,20231113,128.5,-0.003875968992248069,0.04263565891472876,-0.023255813953488413,5,True,20231116,128.0,-0.007751937984496138,0.04263565891472876,-0.023255813953488413,8,True
3374,精材,20240607,20240611,140.0,entered,True,20240611,146.5,0.046428571428571486,0.06071428571428572,-0.014285714285714235,1,True,20240613,173.0,0.23571428571428577,0.23571428571428577,-0.014285714285714235,3,True,20240617,174.0,0.24285714285714288,0.30714285714285716,-0.014285714285714235,5,True,20240620,184.5,0.31785714285714284,0.31785714285714284,-0.014285714285714235,8,True
3374,精材,20240708,20240709,207.5,entered,True,20240709,207.5,0.0,0.04819277108433728,-0.04337349397590362,1,True,20240711,232.5,0.12048192771084332,0.12048192771084332,-0.04337349397590362,3,True,20240715,222.0,0.06987951807228909,0.12048192771084332,-0.04337349397590362,5,True,20240718,218.5,0.053012048192771166,0.12048192771084332,-0.04337349397590362,8,True
3374,精材,20250922,20250923,154.0,entered,True,20250923,150.0,-0.025974025974025983,0.0032467532467532756,-0.025974025974025983,1,True,20250925,147.0,-0.045454545454545414,0.0032467532467532756,-0.045454545454545414,3,True,20250930,143.5,-0.06818181818181823,0.0032467532467532756,-0.08441558441558439,5,True,20251003,140.5,-0.08766233766233766,0.0032467532467532756,-0.0941558441558441,8,True
3374,精材,20251103,20251104,159.5,entered,True,20251104,150.0,-0.059561128526645746,0.0,-0.0658307210031348,1,True,20251106,153.0,-0.040752351097178674,0.0,-0.09404388714733547,3,True,20251110,142.0,-0.10971786833855801,0.0,-0.11598746081504707,5,True,20251113,139.5,-0.12539184952978055,0.0,-0.13479623824451414,8,True
3374,精材,20260108,20260109,175.0,entered,True,20260109,170.5,-0.02571428571428569,0.008571428571428674,-0.05714285714285716,1,True,20260113,177.0,0.011428571428571344,0.06000000000000005,-0.05714285714285716,3,True,20260115,179.5,0.0257142857142858,0.06000000000000005,-0.05714285714285716,5,True,20260120,178.0,0.017142857142857126,0.06000000000000005,-0.05714285714285716,8,True
3374,精材,20260512,20260513,247.0,entered,True,20260513,237.0,-0.04048582995951422,0.0161943319838056,-0.06882591093117407,1,True,20260515,278.0,0.1255060728744939,0.15384615384615374,-0.06882591093117407,3,True,20260519,237.0,-0.04048582995951422,0.15384615384615374,-0.06882591093117407,5,True,20260522,253.0,0.02429149797570851,0.15384615384615374,-0.07692307692307687,8,True
3374,精材,20260624,20260625,317.5,entered,True,20260625,301.5,-0.050393700787401574,0.0,-0.06141732283464563,1,True,20260629,281.0,-0.11496062992125988,0.0,-0.14015748031496067,3,True,20260701,304.0,-0.04251968503937009,0.0,-0.14015748031496067,5,True,20260706,322.0,0.014173228346456623,0.08346456692913384,-0.14015748031496067,8,True
3376,新日興,20231117,20231120,131.5,entered,True,20231120,130.0,-0.011406844106463865,0.0076045627376426506,-0.03041825095057038,1,True,20231122,126.5,-0.03802281368821292,0.0076045627376426506,-0.04562737642585546,3,True,20231124,123.0,-0.06463878326996197,0.0076045627376426506,-0.09125475285171103,5,True,20231129,123.5,-0.06083650190114065,0.0076045627376426506,-0.09125475285171103,8,True
3376,新日興,20240215,20240216,186.0,entered,True,20240216,178.5,-0.040322580645161255,0.0026881720430107503,-0.045698924731182755,1,True,20240220,157.0,-0.15591397849462363,0.0026881720430107503,-0.15860215053763438,3,True,20240222,169.5,-0.08870967741935487,0.0026881720430107503,-0.16397849462365588,5,True,20240227,163.0,-0.12365591397849462,0.0026881720430107503,-0.16397849462365588,8,True
3376,新日興,20240520,20240521,198.5,entered,True,20240521,191.5,-0.035264483627204024,0.010075566750629816,-0.04030226700251893,1,True,20240523,201.5,0.015113350125944613,0.055415617128463435,-0.04030226700251893,3,True,20240527,193.0,-0.027707808564231717,0.055415617128463435,-0.04030226700251893,5,True,20240530,184.5,-0.07052896725440805,0.055415617128463435,-0.07304785894206545,8,True
3376,新日興,20241204,20241205,212.0,entered,True,20241205,208.5,-0.01650943396226412,0.007075471698113178,-0.018867924528301883,1,True,20241209,203.0,-0.04245283018867929,0.007075471698113178,-0.07075471698113212,3,True,20241211,197.0,-0.07075471698113212,0.007075471698113178,-0.07547169811320753,5,True,20241216,177.0,-0.16509433962264153,0.007075471698113178,-0.17452830188679247,8,True
3376,新日興,20250217,20250218,290.5,entered,True,20250218,291.5,0.0034423407917383297,0.008605851979345935,-0.02409638554216864,1,True,20250220,289.0,-0.005163511187607606,0.0206540447504302,-0.048192771084337394,3,True,20250224,296.5,0.0206540447504302,0.04130808950086062,-0.048192771084337394,5,True,20250227,277.0,-0.04647160068846812,0.04130808950086062,-0.06540447504302926,8,True
3376,新日興,20250723,20250724,241.5,entered,True,20250724,244.0,0.010351966873705987,0.016563146997929712,-0.024844720496894457,1,True,20250728,234.5,-0.02898550724637683,0.024844720496894457,-0.03105590062111796,3,True,20250730,235.0,-0.026915113871635588,0.024844720496894457,-0.039337474120082816,5,True,20250804,229.0,-0.051759834368530044,0.024844720496894457,-0.05797101449275366,8,True
3380,明泰,20220804,20220805,31.8,entered,True,20220805,31.85,0.0015723270440251014,0.0062893081761006275,-0.028301886792452935,1,True,20220809,32.0,0.0062893081761006275,0.011006289308175932,-0.028301886792452935,3,True,20220811,31.5,-0.009433962264150941,0.02515723270440251,-0.028301886792452935,5,True,20220816,31.25,-0.01729559748427678,0.02515723270440251,-0.028301886792452935,8,True
3380,明泰,20221123,20221124,30.45,entered,True,20221124,30.0,-0.014778325123152691,0.0016420361247948545,-0.019704433497536922,1,True,20221128,29.85,-0.019704433497536922,0.0016420361247948545,-0.0377668308702791,3,True,20221130,31.0,0.01806239737274229,0.04269293924466333,-0.0377668308702791,5,True,20221205,31.6,0.03776683087027921,0.06075533661740562,-0.0377668308702791,8,True
3380,明泰,20221129,20221130,31.3,entered,True,20221130,31.0,-0.009584664536741228,0.01437699680511173,-0.01757188498402562,1,True,20221202,31.2,-0.0031948881789137795,0.03194888178913735,-0.01757188498402562,3,True,20221206,31.35,0.0015974440894568342,0.03194888178913735,-0.01757188498402562,5,True,20221209,30.85,-0.014376996805111841,0.03194888178913735,-0.02715654952076685,8,True
3380,明泰,20230307,20230308,33.9,entered,True,20230308,34.55,0.019174041297935096,0.0206489675516226,-0.004424778761061954,1,True,20230310,34.55,0.019174041297935096,0.04277286135693226,-0.004424778761061954,3,True,20230314,35.2,0.038348082595870414,0.04572271386430682,-0.004424778761061954,5,True,20230317,34.3,0.01179941002949847,0.05162241887905594,-0.014749262536873142,8,True
3380,明泰,20230418,20230419,38.4,entered,True,20230419,38.85,0.01171875,0.02083333333333348,-0.01953125,1,True,20230421,35.65,-0.07161458333333337,0.03776041666666674,-0.07161458333333337,3,True,20230425,34.8,-0.09375,0.03776041666666674,-0.10416666666666663,5,True,20230428,35.4,-0.078125,0.03776041666666674,-0.10416666666666663,8,True
3380,明泰,20230531,20230601,38.65,entered,True,20230601,38.95,0.0077619663648125226,0.011642949547218784,-0.009055627425614499,1,True,20230605,38.7,0.001293661060802087,0.024579560155239433,-0.009055627425614499,3,True,20230607,38.1,-0.014230271668822736,0.024579560155239433,-0.027166882276843385,5,True,20230612,36.8,-0.04786545924967667,0.024579560155239433,-0.053040103492884794,8,True
3380,明泰,20230616,20230619,40.3,entered,True,20230619,39.3,-0.02481389578163773,0.023573200992555998,-0.027295285359801302,1,True,20230621,40.2,-0.002481389578163684,0.023573200992555998,-0.04094292803970223,3,True,20230627,37.8,-0.06203473945409432,0.023573200992555998,-0.0645161290322579,5,True,20230630,40.9,0.01488833746898277,0.04962779156327546,-0.0645161290322579,8,True
3380,明泰,20230703,20230704,43.1,entered,True,20230704,43.8,0.016241299303944245,0.024361948955916368,-0.02088167053364265,1,True,20230706,41.85,-0.029002320185614883,0.024361948955916368,-0.04176334106728552,3,True,20230710,42.15,-0.022041763341067333,0.040603248259860836,-0.04292343387470998,5,True,20230713,43.8,0.016241299303944245,0.040603248259860836,-0.04292343387470998,8,True
3380,明泰,20231226,20231227,38.1,entered,True,20231227,37.55,-0.014435695538057902,0.0,-0.019685039370078705,1,True,20231229,37.75,-0.009186351706036766,0.011811023622047223,-0.019685039370078705,3,True,20240103,36.6,-0.03937007874015752,0.011811023622047223,-0.04199475065616798,5,True,20240108,36.8,-0.03412073490813661,0.028871391076115582,-0.04199475065616798,8,True
3380,明泰,20240122,20240123,38.65,entered,True,20240123,39.25,0.015523932729624823,0.02975420439844756,-0.014230271668822736,1,True,20240125,39.1,0.011642949547218784,0.02975420439844756,-0.014230271668822736,3,True,20240129,38.8,0.0038809831824062613,0.02975420439844756,-0.014230271668822736,5,True,20240201,38.3,-0.009055627425614499,0.02975420439844756,-0.014230271668822736,8,True
3380,明泰,20260114,20260115,35.3,entered,True,20260115,34.2,-0.03116147308781858,0.0,-0.048158640226628746,1,True,20260119,34.85,-0.012747875354107485,0.0,-0.053824362606232246,3,True,20260121,34.4,-0.025495750708215303,0.0,-0.053824362606232246,5,True,20260126,34.6,-0.019830028328611804,0.029745042492917984,-0.053824362606232246,8,True
3380,明泰,20260529,20260601,39.1,entered,True,20260601,38.8,-0.007672634271099876,0.014066496163682718,-0.025575447570332477,1,True,20260603,40.55,0.037084398976982014,0.04092071611253201,-0.025575447570332477,3,True,20260605,37.5,-0.04092071611253201,0.0421994884910486,-0.04475703324808189,5,True,20260610,33.3,-0.1483375959079285,0.0421994884910486,-0.1496163682864451,8,True
3390,旭軟,20220822,20220823,25.25,entered,True,20220823,25.1,-0.005940594059405835,0.005940594059405946,-0.03168316831683171,1,True,20220825,24.75,-0.01980198019801982,0.03366336633663369,-0.03168316831683171,3,True,20220829,24.05,-0.047524752475247456,0.03366336633663369,-0.0653465346534653,5,True,20220901,24.6,-0.025742574257425654,0.03366336633663369,-0.0653465346534653,8,True
3406,玉晶光,20221115,20221116,373.0,entered,True,20221116,371.0,-0.00536193029490617,0.00536193029490617,-0.025469168900804307,1,True,20221118,387.0,0.03753351206434319,0.06434316353887404,-0.025469168900804307,3,True,20221122,395.0,0.05898123324396787,0.06434316353887404,-0.025469168900804307,5,True,20221125,391.5,0.04959785522788196,0.10991957104557648,-0.025469168900804307,8,True
3406,玉晶光,20230605,20230606,410.0,entered,True,20230606,388.0,-0.0536585365853659,0.0012195121951219523,-0.05853658536585371,1,True,20230608,387.5,-0.054878048780487854,0.0012195121951219523,-0.05853658536585371,3,True,20230612,398.5,-0.028048780487804903,0.0012195121951219523,-0.05853658536585371,5,True,20230615,397.5,-0.030487804878048808,0.0012195121951219523,-0.05853658536585371,8,True
3406,玉晶光,20231214,20231215,433.5,entered,True,20231215,428.0,-0.012687427912341454,0.0,-0.02422145328719727,1,True,20231219,412.5,-0.04844290657439443,0.0,-0.053056516724336755,3,True,20231221,406.5,-0.06228373702422141,0.0,-0.07035755478662054,5,True,20231226,411.0,-0.05190311418685123,0.0,-0.07035755478662054,8,True
3406,玉晶光,20240321,20240322,478.0,entered,True,20240322,482.5,0.009414225941422494,0.010460251046025215,-0.024058577405857706,1,True,20240326,499.0,0.043933054393305415,0.12552301255230125,-0.024058577405857706,3,True,20240328,509.0,0.06485355648535562,0.12552301255230125,-0.024058577405857706,5,True,20240402,484.5,0.013598326359832713,0.12552301255230125,-0.024058577405857706,8,True
3413,京鼎,20240314,20240315,262.0,entered,True,20240315,270.0,0.03053435114503822,0.0515267175572518,-0.003816793893129722,1,True,20240319,291.5,0.11259541984732824,0.11832061068702293,-0.003816793893129722,3,True,20240321,294.0,0.12213740458015265,0.1564885496183206,-0.003816793893129722,5,True,20240326,299.5,0.14312977099236646,0.2232824427480915,-0.003816793893129722,8,True
3413,京鼎,20240926,20240927,377.0,entered,True,20240927,365.0,-0.03183023872679047,0.01458885941644561,-0.03183023872679047,1,True,20241001,351.5,-0.06763925729442966,0.01458885941644561,-0.07029177718832891,3,True,20241007,347.5,-0.07824933687002655,0.01458885941644561,-0.08620689655172409,5,True,20241011,366.0,-0.02917771883289122,0.01458885941644561,-0.08620689655172409,8,True
3413,京鼎,20260630,20260701,333.5,entered,True,20260701,332.0,-0.004497751124437732,0.034482758620689724,-0.008995502248875575,1,True,20260703,326.5,-0.020989505247376306,0.034482758620689724,-0.04197901049475261,3,True,20260707,344.0,0.03148425787106457,0.07346326836581718,-0.04197901049475261,5,True,20260713,334.0,0.0014992503748125774,0.07346326836581718,-0.04197901049475261,8,True
3441,聯一光,20220810,20220811,45.4,entered,True,20220811,44.15,-0.02753303964757714,0.02753303964757703,-0.05506607929515417,1,True,20220815,43.3,-0.04625550660792954,0.02753303964757703,-0.0638766519823788,3,True,20220817,43.25,-0.04735682819383258,0.02753303964757703,-0.0638766519823788,5,True,20220822,38.75,-0.1464757709251101,0.02753303964757703,-0.1464757709251101,8,True
3441,聯一光,20230323,20230324,49.35,entered,True,20230324,46.7,-0.05369807497467072,0.05977710233029376,-0.05369807497467072,1,True,20230328,45.1,-0.08611955420466055,0.05977710233029376,-0.08814589665653494,3,True,20230330,44.45,-0.09929078014184389,0.05977710233029376,-0.09929078014184389,5,True,20230407,47.3,-0.041540020263424626,0.05977710233029376,-0.12462006079027355,8,True
3450,聯鈞,20240215,20240216,65.4,entered,True,20240216,70.7,0.08103975535168195,0.08103975535168195,-0.025993883792048922,1,True,20240220,68.0,0.039755351681957096,0.11773700305810375,-0.025993883792048922,3,True,20240222,68.1,0.041284403669724634,0.11773700305810375,-0.025993883792048922,5,True,20240227,69.7,0.06574923547400613,0.18807339449541272,-0.025993883792048922,8,True
3450,聯鈞,20240304,20240305,78.0,entered,True,20240305,79.8,0.023076923076922995,0.026923076923076827,-0.03205128205128205,1,True,20240307,75.6,-0.030769230769230882,0.050000000000000044,-0.038461538461538436,3,True,20240311,72.2,-0.07435897435897432,0.050000000000000044,-0.10897435897435892,5,True,20240314,69.3,-0.11153846153846159,0.050000000000000044,-0.12307692307692297,8,True
3450,聯鈞,20240410,20240411,76.0,entered,True,20240411,72.5,-0.046052631578947345,0.010526315789473717,-0.046052631578947345,1,True,20240415,69.7,-0.08289473684210524,0.010526315789473717,-0.08289473684210524,3,True,20240417,65.2,-0.14210526315789473,0.010526315789473717,-0.1578947368421053,5,True,20240422,58.3,-0.23289473684210527,0.010526315789473717,-0.23289473684210527,8,True
3450,聯鈞,20240516,20240517,74.4,entered,True,20240517,76.0,0.021505376344086002,0.04166666666666652,-0.012096774193548487,1,True,20240521,79.1,0.06317204301075252,0.06989247311827951,-0.012096774193548487,3,True,20240523,79.6,0.06989247311827951,0.1088709677419355,-0.012096774193548487,5,True,20240528,97.9,0.3158602150537635,0.35752688172043,-0.012096774193548487,8,True
3450,聯鈞,20241015,20241016,234.0,entered,True,20241016,229.5,-0.019230769230769273,0.017094017094017033,-0.08760683760683763,1,True,20241018,232.0,-0.008547008547008517,0.07692307692307687,-0.08760683760683763,3,True,20241022,241.5,0.03205128205128216,0.07692307692307687,-0.08760683760683763,5,True,20241025,224.0,-0.042735042735042694,0.079059829059829,-0.08760683760683763,8,True
3450,聯鈞,20250917,20250918,220.5,entered,True,20250918,226.0,0.024943310657596474,0.024943310657596474,-0.009070294784580546,1,True,20250922,258.5,0.17233560090702937,0.20181405895691618,-0.009070294784580546,3,True,20250924,278.5,0.2630385487528344,0.27664399092970515,-0.009070294784580546,5,True,20250930,272.0,0.2335600907029478,0.30612244897959173,-0.009070294784580546,8,True
3450,聯鈞,20251208,20251209,270.0,entered,True,20251209,277.0,0.025925925925925908,0.06666666666666665,-0.01851851851851849,1,True,20251211,270.0,0.0,0.07037037037037042,-0.01851851851851849,3,True,20251215,260.5,-0.03518518518518521,0.07037037037037042,-0.03703703703703709,5,True,20251218,241.0,-0.1074074074074074,0.07037037037037042,-0.11111111111111116,8,True
3454,晶睿,20221129,20221130,200.0,entered,True,20221130,200.5,0.0024999999999999467,0.04249999999999998,-0.010000000000000009,1,True,20221202,213.5,0.0674999999999999,0.14500000000000002,-0.010000000000000009,3,True,20221206,209.5,0.0475000000000001,0.14500000000000002,-0.010000000000000009,5,True,20221209,217.0,0.08499999999999996,0.16999999999999993,-0.010000000000000009,8,True
3454,晶睿,20230302,20230303,257.0,entered,True,20230303,279.0,0.08560311284046684,0.08560311284046684,-0.0038910505836575737,1,True,20230307,294.5,0.14591439688715946,0.14591439688715946,-0.0038910505836575737,3,True,20230309,274.5,0.06809338521400776,0.14591439688715946,-0.0038910505836575737,5,True,20230314,264.0,0.027237354085603016,0.14591439688715946,-0.0038910505836575737,8,True
3455,由田,20240704,20240705,134.0,entered,True,20240705,129.0,-0.03731343283582089,0.011194029850746245,-0.04850746268656714,1,True,20240709,130.0,-0.02985074626865669,0.018656716417910557,-0.052238805970149294,3,True,20240711,132.0,-0.014925373134328401,0.02238805970149249,-0.052238805970149294,5,True,20240716,123.5,-0.07835820895522383,0.02238805970149249,-0.08208955223880599,8,True
3483,力致,20230703,20230704,91.8,entered,True,20230704,91.0,-0.008714596949891074,0.008714596949890963,-0.03812636165577343,1,True,20230706,90.0,-0.019607843137254832,0.022875816993464193,-0.03812636165577343,3,True,20230710,87.5,-0.04684095860566451,0.022875816993464193,-0.06209150326797386,5,True,20230713,99.9,0.08823529411764719,0.08823529411764719,-0.06209150326797386,8,True
3483,力致,20231120,20231121,158.0,entered,True,20231121,167.0,0.05696202531645578,0.05696202531645578,-0.006329113924050667,1,True,20231123,162.5,0.028481012658227778,0.139240506329114,-0.006329113924050667,3,True,20231127,158.5,0.0031645569620253333,0.139240506329114,-0.006329113924050667,5,True,20231130,160.0,0.012658227848101333,0.139240506329114,-0.006329113924050667,8,True
3483,力致,20240124,20240125,167.0,entered,True,20240125,162.5,-0.026946107784431184,0.0029940119760478723,-0.026946107784431184,1,True,20240129,161.5,-0.03293413173652693,0.0029940119760478723,-0.06886227544910184,3,True,20240131,163.0,-0.0239520958083832,0.008982035928143617,-0.06886227544910184,5,True,20240205,166.0,-0.005988023952095856,0.08383233532934131,-0.06886227544910184,8,True
3483,力致,20240202,20240205,175.5,entered,True,20240205,166.0,-0.054131054131054124,0.031339031339031376,-0.054131054131054124,1,True,20240216,176.0,0.002849002849002913,0.03988603988603989,-0.054131054131054124,3,True,20240220,171.5,-0.022792022792022748,0.03988603988603989,-0.054131054131054124,5,True,20240223,165.0,-0.05982905982905984,0.03988603988603989,-0.05982905982905984,8,True
3483,力致,20240517,20240520,171.0,entered,True,20240520,174.0,0.01754385964912286,0.06140350877192979,-0.005847953216374324,1,True,20240522,187.5,0.09649122807017552,0.14035087719298245,-0.005847953216374324,3,True,20240524,188.5,0.10233918128654973,0.14035087719298245,-0.005847953216374324,5,True,20240529,198.0,0.1578947368421053,0.21052631578947367,-0.005847953216374324,8,True
3483,力致,20240529,20240530,197.0,entered,True,20240530,203.5,0.03299492385786795,0.060913705583756306,-0.010152284263959421,1,True,20240603,208.0,0.055837563451776706,0.08629441624365475,-0.010152284263959421,3,True,20240605,187.5,-0.048223350253807085,0.08629441624365475,-0.06345177664974622,5,True,20240611,186.0,-0.055837563451776595,0.08629441624365475,-0.07868020304568524,8,True
3490,單井,20260818,20260819,43.7,entered,True,20260819,46.8,0.07093821510297471,0.097254004576659,-0.014874141876430325,1,True,20260821,53.9,0.2334096109839816,0.2334096109839816,-0.014874141876430325,3,True,20260825,54.6,0.24942791762013727,0.32265446224256267,-0.014874141876430325,5,True,20260828,50.3,0.15102974828375282,0.32265446224256267,-0.014874141876430325,8,True
3491,昇達科,20220607,20220608,169.5,entered,True,20220608,168.0,-0.008849557522123908,0.014749262536873253,-0.020648967551622377,1,True,20220610,163.5,-0.03539823008849563,0.014749262536873253,-0.03539823008849563,3,True,20220614,173.0,0.020648967551622377,0.029498525073746285,-0.06194690265486724,5,True,20220617,174.0,0.026548672566371723,0.06194690265486735,-0.06194690265486724,8,True
3491,昇達科,20230308,20230309,160.0,entered,True,20230309,173.5,0.08437500000000009,0.08437500000000009,-0.006249999999999978,1,True,20230313,173.0,0.08125000000000004,0.08437500000000009,-0.006249999999999978,3,True,20230315,166.0,0.03750000000000009,0.10312499999999991,-0.006249999999999978,5,True,20230320,162.0,0.012499999999999956,0.10312499999999991,-0.006249999999999978,8,True
3491,昇達科,20240522,20240523,261.0,entered,True,20240523,271.0,0.03831417624521083,0.07279693486590033,0.0,1,True,20240527,286.0,0.09578544061302674,0.13601532567049812,0.0,3,True,20240529,281.0,0.07662835249042144,0.13601532567049812,0.0,5,True,20240603,293.0,0.12260536398467425,0.13601532567049812,0.0,8,True
3491,昇達科,20250108,20250109,411.0,entered,True,20250109,378.5,-0.07907542579075422,0.019464720194647178,-0.08272506082725062,1,True,20250113,379.5,-0.07664233576642332,0.019464720194647178,-0.13138686131386856,3,True,20250115,389.5,-0.05231143552311435,0.019464720194647178,-0.13138686131386856,5,True,20250120,402.0,-0.021897810218978075,0.019464720194647178,-0.13138686131386856,8,True
3498,陽程,20260505,20260506,102.0,entered,True,20260506,98.9,-0.03039215686274499,0.014705882352941124,-0.08725490196078434,1,True,20260508,93.5,-0.08333333333333337,0.014705882352941124,-0.11764705882352944,3,True,20260512,112.5,0.10294117647058831,0.10294117647058831,-0.11764705882352944,5,True,20260515,149.0,0.4607843137254901,0.4607843137254901,-0.11764705882352944,8,True
3515,華擎,20230613,20230614,218.0,entered,True,20230614,208.5,-0.04357798165137616,0.00917431192660545,-0.05275229357798161,1,True,20230616,217.5,-0.002293577981651418,0.03669724770642202,-0.05275229357798161,3,True,20230620,222.0,0.0183486238532109,0.04587155963302747,-0.05275229357798161,5,True,20230627,208.0,-0.04587155963302747,0.09174311926605494,-0.05275229357798161,8,True
3515,華擎,20231208,20231211,238.5,entered,True,20231211,232.0,-0.027253668763102756,0.002096436058700135,-0.052410901467505266,1,True,20231213,225.0,-0.05660377358490565,0.002096436058700135,-0.05660377358490565,3,True,20231215,234.0,-0.018867924528301883,0.002096436058700135,-0.09433962264150941,5,True,20231220,250.5,0.05031446540880502,0.08595387840670865,-0.09433962264150941,8,True
3515,華擎,20231218,20231219,245.0,entered,True,20231219,251.0,0.02448979591836742,0.030612244897959107,-0.022448979591836782,1,True,20231221,255.0,0.04081632653061229,0.05714285714285716,-0.022448979591836782,3,True,20231225,254.5,0.038775510204081653,0.07551020408163267,-0.022448979591836782,5,True,20231228,254.5,0.038775510204081653,0.07551020408163267,-0.022448979591836782,8,True
3532,台勝科,20250922,20250923,122.0,entered,True,20250923,110.5,-0.09426229508196726,0.0,-0.09426229508196726,1,True,20250925,105.5,-0.13524590163934425,0.0,-0.139344262295082,3,True,20250930,101.5,-0.16803278688524592,0.0,-0.19180327868852465,5,True,20251003,108.0,-0.11475409836065575,0.0,-0.19180327868852465,8,True
3535,晶彩科,20240520,20240521,26.75,entered,True,20240521,26.7,-0.0018691588785046953,0.028037383177569986,-0.020560747663551426,1,True,20240523,28.65,0.07102803738317753,0.11214953271028039,-0.020560747663551426,3,True,20240527,32.25,0.20560747663551404,0.20560747663551404,-0.020560747663551426,5,True,20240530,29.3,0.09532710280373835,0.22990654205607464,-0.020560747663551426,8,True
3535,晶彩科,20240618,20240619,34.5,entered,True,20240619,33.9,-0.017391304347826098,0.011594202898550732,-0.034782608695652306,1,True,20240621,40.2,0.16521739130434798,0.16521739130434798,-0.034782608695652306,3,True,20240625,41.65,0.2072463768115942,0.2811594202898551,-0.034782608695652306,5,True,20240628,43.7,0.26666666666666683,0.28695652173913033,-0.034782608695652306,8,True
3535,晶彩科,20260505,20260506,150.5,entered,True,20260506,136.5,-0.09302325581395354,0.0033222591362125353,-0.10299003322259137,1,True,20260508,128.5,-0.14617940199335544,0.0033222591362125353,-0.16943521594684385,3,True,20260512,127.5,-0.15282392026578073,0.0033222591362125353,-0.18604651162790697,5,True,20260515,122.5,-0.18604651162790697,0.0033222591362125353,-0.18936877076411962,8,True
3540,曜越,20230522,20230523,47.1,entered,True,20230523,47.7,0.01273885350318471,0.03503184713375784,-0.013800424628450103,1,True,20230525,48.1,0.02123142250530785,0.06794055201698512,-0.013800424628450103,3,True,20230529,53.0,0.12526539278131632,0.17622080679405516,-0.013800424628450103,5,True,20230601,52.0,0.10403397027600847,0.17622080679405516,-0.013800424628450103,8,True
3543,州巧,20250924,20250925,37.0,entered,True,20250925,36.0,-0.027027027027026973,0.0175675675675675,-0.027027027027026973,1,True,20250930,35.8,-0.032432432432432545,0.0175675675675675,-0.06756756756756754,3,True,20251002,35.1,-0.05135135135135127,0.0175675675675675,-0.06756756756756754,5,True,20251008,36.0,-0.027027027027026973,0.0175675675675675,-0.07567567567567557,8,True
3545,敦泰,20230216,20230217,72.5,entered,True,20230217,74.0,0.020689655172413834,0.02896551724137919,-0.0013793103448275223,1,True,20230221,77.0,0.06206896551724128,0.07862068965517244,-0.0013793103448275223,3,True,20230223,74.2,0.0234482758620691,0.07862068965517244,-0.0013793103448275223,5,True,20230302,74.7,0.030344827586207046,0.07862068965517244,-0.016551724137931045,8,True
3545,敦泰,20230918,20230919,82.7,entered,True,20230919,81.4,-0.01571946795646917,0.006045949214026569,-0.024183796856106388,1,True,20230921,78.7,-0.048367593712212775,0.006045949214026569,-0.055622732769044836,3,True,20230925,78.0,-0.056831922611850105,0.006045949214026569,-0.06529625151148732,5,True,20230928,75.6,-0.0858524788391779,0.006045949214026569,-0.0858524788391779,8,True
3545,敦泰,20231116,20231117,104.0,entered,True,20231117,114.0,0.09615384615384626,0.09615384615384626,0.0,1,True,20231121,120.0,0.15384615384615374,0.16826923076923084,0.0,3,True,20231123,125.0,0.20192307692307687,0.23076923076923084,0.0,5,True,20231128,132.5,0.27403846153846145,0.27403846153846145,0.0,8,True
3545,敦泰,20241217,20241218,90.9,entered,True,20241218,91.5,0.0066006600660064585,0.0066006600660064585,-0.01650165016501648,1,True,20241220,89.0,-0.020902090209021007,0.011001100110010986,-0.02970297029702973,3,True,20241224,88.9,-0.022002200220021972,0.011001100110010986,-0.02970297029702973,5,True,20241227,90.2,-0.007700770077007757,0.07590759075907583,-0.02970297029702973,8,True
3545,敦泰,20260508,20260511,57.1,entered,True,20260511,57.6,0.008756567425569184,0.019264448336252293,-0.02626970227670755,1,True,20260513,55.7,-0.024518388791593626,0.02626970227670755,-0.035026269702276736,3,True,20260515,55.5,-0.028021015761821366,0.042031523642731994,-0.049036777583187474,5,True,20260520,57.4,0.005253940455341555,0.042031523642731994,-0.06479859894921192,8,True
3551,世禾,20250805,20250806,170.5,entered,True,20250806,172.0,0.008797653958944274,0.017595307917888547,-0.02052785923753664,1,True,20250808,170.5,0.0,0.04692082111436946,-0.02052785923753664,3,True,20250812,171.5,0.0058651026392961825,0.04692082111436946,-0.02052785923753664,5,True,20250815,169.5,-0.0058651026392961825,0.04692082111436946,-0.02052785923753664,8,True
3552,同致,20221202,20221205,161.5,entered,True,20221205,159.5,-0.012383900928792602,0.003095975232198178,-0.015479876160990669,1,True,20221207,150.0,-0.07120743034055732,0.003095975232198178,-0.07739938080495357,3,True,20221209,150.0,-0.07120743034055732,0.003095975232198178,-0.07739938080495357,5,True,20221214,158.0,-0.021671826625387025,0.006191950464396356,-0.07739938080495357,8,True
3558,神準,20230207,20230208,253.0,entered,True,20230208,261.0,0.031620553359683834,0.035573122529644285,-0.01976284584980237,1,True,20230210,254.5,0.005928853754940677,0.045454545454545414,-0.01976284584980237,3,True,20230214,256.0,0.011857707509881354,0.045454545454545414,-0.01976284584980237,5,True,20230217,295.0,0.16600790513833985,0.18181818181818188,-0.01976284584980237,8,True
3558,神準,20230731,20230801,328.0,entered,True,20230801,314.5,-0.041158536585365835,0.044207317073170715,-0.05182926829268297,1,True,20230804,307.5,-0.0625,0.044207317073170715,-0.12652439024390238,3,True,20230808,309.5,-0.05640243902439024,0.044207317073170715,-0.12652439024390238,5,True,20230811,291.0,-0.11280487804878048,0.044207317073170715,-0.12652439024390238,8,True
3563,牧德,20240429,20240430,460.5,entered,True,20240430,468.0,0.016286644951140072,0.032573289902280145,-0.02931596091205213,1,True,20240503,433.0,-0.059717698154180265,0.032573289902280145,-0.06406080347448428,3,True,20240507,435.0,-0.055374592833876246,0.032573289902280145,-0.08577633007600438,5,True,20240510,400.0,-0.13137893593919647,0.032573289902280145,-0.1596091205211726,8,True
3580,友威科,20260512,20260513,105.0,entered,True,20260513,103.0,-0.01904761904761909,0.02857142857142847,-0.033333333333333326,1,True,20260515,105.0,0.0,0.02857142857142847,-0.09999999999999998,3,True,20260519,111.0,0.05714285714285716,0.05714285714285716,-0.09999999999999998,5,True,20260522,104.0,-0.00952380952380949,0.09047619047619038,-0.09999999999999998,8,True
3581,博磊,20260120,20260121,80.8,entered,True,20260121,77.3,-0.043316831683168355,0.03341584158415856,-0.05074257425742568,1,True,20260123,74.0,-0.08415841584158412,0.03341584158415856,-0.09529702970297038,3,True,20260127,73.0,-0.09653465346534651,0.03341584158415856,-0.10396039603960383,5,True,20260130,72.3,-0.10519801980198018,0.03341584158415856,-0.14480198019801982,8,True
3583,辛耘,20230609,20230612,149.0,entered,True,20230612,147.5,-0.010067114093959773,0.01342281879194629,-0.046979865771812124,1,True,20230614,157.5,0.057046979865771785,0.15100671140939603,-0.046979865771812124,3,True,20230616,161.5,0.08389261744966436,0.15100671140939603,-0.046979865771812124,5,True,20230621,158.0,0.06040268456375841,0.15100671140939603,-0.046979865771812124,8,True
3583,辛耘,20231201,20231204,232.0,entered,True,20231204,223.5,-0.03663793103448276,0.012931034482758674,-0.04094827586206895,1,True,20231206,219.0,-0.05603448275862066,0.012931034482758674,-0.07327586206896552,3,True,20231208,219.5,-0.053879310344827624,0.012931034482758674,-0.07758620689655171,5,True,20231213,213.0,-0.0818965517241379,0.012931034482758674,-0.09051724137931039,8,True
3583,辛耘,20240122,20240123,221.0,entered,True,20240123,220.0,-0.004524886877828038,0.004524886877828038,-0.020361990950226283,1,True,20240125,216.0,-0.022624434389140302,0.03167420814479649,-0.022624434389140302,3,True,20240129,218.5,-0.011312217194570096,0.03167420814479649,-0.04977375565610864,5,True,20240201,218.5,-0.011312217194570096,0.03167420814479649,-0.04977375565610864,8,True
3583,辛耘,20240620,20240621,362.0,entered,True,20240621,358.5,-0.00966850828729282,0.0027624309392264568,-0.024861878453038666,1,True,20240625,335.0,-0.074585635359116,0.0027624309392264568,-0.08977900552486184,3,True,20240627,346.0,-0.04419889502762431,0.0027624309392264568,-0.08977900552486184,5,True,20240702,389.0,0.07458563535911611,0.08839779005524862,-0.08977900552486184,8,True
3587,閎康,20240216,20240219,279.0,entered,True,20240219,282.0,0.010752688172043001,0.03584229390680993,-0.03046594982078854,1,True,20240221,273.0,-0.021505376344086002,0.03584229390680993,-0.03046594982078854,3,True,20240223,280.0,0.0035842293906809264,0.06272401433691766,-0.03046594982078854,5,True,20240229,271.0,-0.028673835125448077,0.06272401433691766,-0.05197132616487454,8,True
3587,閎康,20260513,20260514,393.0,entered,True,20260514,369.0,-0.06106870229007633,0.0,-0.06870229007633588,1,True,20260518,339.0,-0.13740458015267176,0.0,-0.1653944020356234,3,True,20260520,321.5,-0.18193384223918574,0.0,-0.18447837150127222,5,True,20260525,344.0,-0.12468193384223913,0.0,-0.18447837150127222,8,True
3588,通嘉,20231115,20231116,78.2,entered,True,20231116,80.0,0.023017902813299296,0.04859335038363177,-0.025575447570332477,1,True,20231120,79.1,0.011508951406649537,0.056265984654731316,-0.025575447570332477,3,True,20231122,87.0,0.11253196930946285,0.11253196930946285,-0.025575447570332477,5,True,20231127,81.0,0.03580562659846542,0.13171355498721216,-0.025575447570332477,8,True
3588,通嘉,20240220,20240221,95.6,entered,True,20240221,105.0,0.09832635983263605,0.09832635983263605,-0.027196652719665204,1,True,20240223,101.0,0.05648535564853563,0.14016736401673646,-0.027196652719665204,3,True,20240227,112.0,0.17154811715481189,0.1924686192468621,-0.027196652719665204,5,True,20240304,116.0,0.2133891213389123,0.2813807531380754,-0.027196652719665204,8,True
3591,艾笛森,20230523,20230524,26.35,entered,True,20230524,25.95,-0.015180265654649028,0.030360531309297834,-0.030360531309297945,1,True,20230526,23.9,-0.092979127134725,0.030360531309297834,-0.092979127134725,3,True,20230530,24.65,-0.06451612903225812,0.030360531309297834,-0.092979127134725,5,True,20230602,25.2,-0.0436432637571158,0.030360531309297834,-0.09677419354838712,8,True
3591,艾笛森,20241204,20241205,26.75,entered,True,20241205,27.3,0.020560747663551426,0.024299065420560595,-0.01495327102803734,1,True,20241209,26.3,-0.016822429906542036,0.04859813084112141,-0.016822429906542036,3,True,20241211,27.25,0.01869158878504673,0.04859813084112141,-0.0261682242990654,5,True,20241216,24.85,-0.07102803738317753,0.04859813084112141,-0.07289719626168223,8,True
3594,磐儀,20230530,20230531,58.1,entered,True,20230531,58.4,0.005163511187607606,0.030981067125645412,-0.008605851979345935,1,True,20230602,56.8,-0.022375215146299587,0.030981067125645412,-0.029259896729776247,3,True,20230606,58.4,0.005163511187607606,0.07401032702237509,-0.029259896729776247,5,True,20230609,61.1,0.051635111876075834,0.07401032702237509,-0.029259896729776247,8,True
3596,智易,20220325,20220328,119.0,entered,True,20220328,118.0,-0.008403361344537785,0.008403361344537785,-0.025210084033613467,1,True,20220330,121.5,0.021008403361344463,0.025210084033613356,-0.025210084033613467,3,True,20220401,121.5,0.021008403361344463,0.02941176470588225,-0.025210084033613467,5,True,20220408,125.0,0.050420168067226934,0.0714285714285714,-0.025210084033613467,8,True
3596,智易,20220729,20220801,125.5,entered,True,20220801,123.5,-0.015936254980079667,0.01195219123505975,-0.027888446215139417,1,True,20220803,124.0,-0.01195219123505975,0.01195219123505975,-0.043824701195219085,3,True,20220805,125.0,-0.003984063745019917,0.019920318725099584,-0.043824701195219085,5,True,20220810,134.0,0.06772908366533859,0.0717131474103585,-0.043824701195219085,8,True
3596,智易,20220808,20220809,131.0,entered,True,20220809,131.0,0.0,0.026717557251908497,-0.011450381679389277,1,True,20220811,121.0,-0.07633587786259544,0.026717557251908497,-0.07633587786259544,3,True,20220815,115.0,-0.12213740458015265,0.026717557251908497,-0.14885496183206104,5,True,20220818,115.5,-0.11832061068702293,0.026717557251908497,-0.14885496183206104,8,True
3596,智易,20230608,20230609,119.0,entered,True,20230609,117.5,-0.012605042016806678,0.0,-0.021008403361344574,1,True,20230613,118.0,-0.008403361344537785,0.004201680672268893,-0.025210084033613467,3,True,20230615,116.5,-0.021008403361344574,0.004201680672268893,-0.025210084033613467,5,True,20230620,118.0,-0.008403361344537785,0.008403361344537785,-0.04201680672268904,8,True
3596,智易,20230703,20230704,127.0,entered,True,20230704,127.0,0.0,0.003937007874015741,-0.019685039370078705,1,True,20230706,130.0,0.023622047244094446,0.023622047244094446,-0.019685039370078705,3,True,20230710,132.0,0.03937007874015741,0.055118110236220375,-0.019685039370078705,5,True,20230713,126.0,-0.007874015748031482,0.07086614173228356,-0.019685039370078705,8,True
3596,智易,20240313,20240314,188.0,entered,True,20240314,189.5,0.007978723404255428,0.034574468085106336,-0.021276595744680882,1,True,20240318,187.5,-0.0026595744680850686,0.0478723404255319,-0.02659574468085102,3,True,20240320,199.0,0.0585106382978724,0.09308510638297873,-0.02659574468085102,5,True,20240325,193.5,0.0292553191489362,0.09308510638297873,-0.02659574468085102,8,True
3596,智易,20260625,20260626,195.5,entered,True,20260626,181.5,-0.07161125319693096,0.0,-0.07161125319693096,1,True,20260630,192.0,-0.01790281329923271,0.002557544757033181,-0.07161125319693096,3,True,20260702,191.5,-0.020460358056266004,0.002557544757033181,-0.07161125319693096,5,True,20260707,193.5,-0.010230179028132946,0.03580562659846542,-0.07161125319693096,8,True
3605,宏致,20240828,20240829,54.5,entered,True,20240829,56.7,0.04036697247706433,0.04220183486238538,-0.0055045871559632475,1,True,20240902,54.0,-0.00917431192660545,0.04954128440366978,-0.034862385321100864,3,True,20240904,50.5,-0.07339449541284404,0.04954128440366978,-0.08073394495412844,5,True,20240909,51.4,-0.05688073394495419,0.04954128440366978,-0.10275229357798166,8,True
3605,宏致,20250624,20250625,62.6,entered,True,20250625,59.9,-0.043130990415335524,0.0015974440894568342,-0.054313099041533475,1,True,20250627,58.7,-0.06230031948881787,0.0015974440894568342,-0.0846645367412141,3,True,20250701,57.4,-0.08306709265175727,0.0015974440894568342,-0.0846645367412141,5,True,20250704,56.4,-0.09904153354632594,0.0015974440894568342,-0.10383386581469645,8,True
3605,宏致,20250813,20250814,78.3,entered,True,20250814,72.6,-0.07279693486590044,0.012771392081736943,-0.07790549169859506,1,True,20250818,72.8,-0.07024265644955296,0.012771392081736943,-0.08939974457215838,3,True,20250820,71.1,-0.09195402298850575,0.012771392081736943,-0.094508301404853,5,True,20250825,75.1,-0.040868454661558196,0.012771392081736943,-0.094508301404853,8,True
3605,宏致,20260430,20260504,87.5,entered,True,20260504,85.8,-0.01942857142857146,0.0022857142857142243,-0.0377142857142857,1,True,20260506,87.7,0.0022857142857142243,0.049142857142857155,-0.05485714285714283,3,True,20260508,83.3,-0.04800000000000004,0.049142857142857155,-0.06171428571428583,5,True,20260513,80.3,-0.0822857142857143,0.049142857142857155,-0.11771428571428566,8,True
3615,安可,20260515,20260518,38.15,entered,True,20260518,40.95,0.07339449541284404,0.07339449541284404,-0.02096985583224109,1,True,20260520,42.25,0.10747051114023587,0.2254259501965925,-0.02096985583224109,3,True,20260522,47.55,0.2463958060288336,0.2463958060288336,-0.02096985583224109,5,True,20260527,47.3,0.23984272608125812,0.38138925294888604,-0.02096985583224109,8,True
3622,洋華,20240202,20240205,70.9,entered,True,20240205,66.7,-0.05923836389280679,0.0,-0.08885754583921035,1,True,20240216,62.2,-0.12270803949224263,0.0,-0.13963328631875893,3,True,20240220,59.6,-0.15937940761636116,0.0,-0.16643159379407624,5,True,20240223,56.9,-0.1974612129760227,0.0,-0.20028208744710863,8,True
3622,洋華,20240322,20240325,64.4,entered,True,20240325,62.5,-0.029503105590062195,0.006211180124223503,-0.029503105590062195,1,True,20240327,63.0,-0.021739130434782705,0.04658385093167694,-0.045031055900621175,3,True,20240329,62.6,-0.02795031055900632,0.04658385093167694,-0.05434782608695665,5,True,20240403,66.4,0.03105590062111796,0.07919254658385078,-0.05434782608695665,8,True
3622,洋華,20240402,20240403,67.7,entered,True,20240403,66.4,-0.019202363367799125,0.005908419497784312,-0.019202363367799125,1,True,20240409,64.0,-0.05465288035450522,0.01477104874446078,-0.06499261447562787,3,True,20240411,63.1,-0.06794682422451992,0.01477104874446078,-0.08419497784342689,5,True,20240416,59.4,-0.12259970457902514,0.08714918759231893,-0.12259970457902514,8,True
3624,光頡,20230209,20230210,56.2,entered,True,20230210,57.6,0.02491103202846978,0.039145907473309594,-0.016014234875444955,1,True,20230214,57.2,0.017793594306049876,0.039145907473309594,-0.016014234875444955,3,True,20230216,57.8,0.028469750889679624,0.053380782918149405,-0.016014234875444955,5,True,20230221,56.1,-0.001779359430605032,0.053380782918149405,-0.016014234875444955,8,True
3624,光頡,20260512,20260513,65.2,entered,True,20260513,66.6,0.021472392638036686,0.04754601226993849,-0.05828220858895716,1,True,20260515,76.2,0.1687116564417177,0.23466257668711643,-0.05828220858895716,3,True,20260519,91.2,0.39877300613496924,0.41257668711656437,-0.05828220858895716,5,True,20260522,91.5,0.40337423312883436,0.5337423312883436,-0.05828220858895716,8,True
3628,盈正,20251028,20251029,94.5,entered,True,20251029,93.3,-0.012698412698412764,0.06878306878306883,-0.017989417989418,1,True,20251031,92.6,-0.020105820105820182,0.0793650793650793,-0.06243386243386251,3,True,20251104,97.7,0.033862433862433816,0.1534391534391535,-0.06243386243386251,5,True,20251107,91.5,-0.031746031746031744,0.1534391534391535,-0.06243386243386251,8,True
3645,達邁,20250630,20250701,63.7,entered,True,20250701,63.2,-0.00784929356357933,0.0,-0.03453689167974883,1,True,20250703,61.4,-0.03610675039246469,0.0,-0.04395604395604402,3,True,20250707,57.7,-0.09419152276295129,0.0,-0.09419152276295129,5,True,20250710,58.0,-0.0894819466248038,0.0,-0.11459968602825754,8,True
3645,達邁,20250804,20250805,72.4,entered,True,20250805,72.3,-0.0013812154696133394,0.015193370165745845,-0.029005524861878573,1,True,20250807,70.1,-0.03176795580110514,0.015193370165745845,-0.05386740331491724,3,True,20250811,70.3,-0.029005524861878573,0.015193370165745845,-0.06491712707182329,5,True,20250814,72.4,0.0,0.04972375690607733,-0.06491712707182329,8,True
3663,鑫科,20250617,20250618,62.0,entered,True,20250618,61.6,-0.006451612903225823,0.006451612903225712,-0.02741935483870972,1,True,20250620,57.7,-0.0693548387096774,0.006451612903225712,-0.07580645161290323,3,True,20250624,59.3,-0.04354838709677422,0.006451612903225712,-0.10483870967741937,5,True,20250627,62.3,0.004838709677419395,0.06451612903225801,-0.10483870967741937,8,True
3663,鑫科,20250717,20250718,66.6,entered,True,20250718,65.0,-0.024024024024023927,0.0030030030030030463,-0.027027027027026973,1,True,20250722,61.8,-0.072072072072072,0.0030030030030030463,-0.072072072072072,3,True,20250724,67.5,0.013513513513513598,0.028528528528528607,-0.072072072072072,5,True,20250729,63.7,-0.043543543543543395,0.028528528528528607,-0.072072072072072,8,True
3665,貿聯-KY,20230216,20230217,278.0,entered,True,20230217,279.0,0.003597122302158251,0.007194244604316502,-0.0053956834532373765,1,True,20230221,279.0,0.003597122302158251,0.046762589928057485,-0.0053956834532373765,3,True,20230223,280.5,0.008992805755395628,0.046762589928057485,-0.017985611510791366,5,True,20230302,283.0,0.017985611510791477,0.046762589928057485,-0.017985611510791366,8,True
3665,貿聯-KY,20240604,20240605,289.5,entered,True,20240605,285.5,-0.013816925734024155,0.008635578583765069,-0.03626943005181349,1,True,20240607,288.0,-0.005181347150259086,0.008635578583765069,-0.05699481865284972,3,True,20240612,283.0,-0.022452504317789335,0.039723661485319584,-0.05699481865284972,5,True,20240617,351.0,0.21243523316062185,0.21588946459412783,-0.05699481865284972,8,True
3665,貿聯-KY,20240614,20240617,330.0,entered,True,20240617,351.0,0.06363636363636371,0.06666666666666665,-0.024242424242424288,1,True,20240619,341.0,0.03333333333333344,0.08181818181818179,-0.024242424242424288,3,True,20240621,332.0,0.0060606060606061,0.08181818181818179,-0.024242424242424288,5,True,20240626,360.5,0.09242424242424252,0.1227272727272728,-0.030303030303030276,8,True
3673,TPK-KY,20230414,20230417,38.4,entered,True,20230417,37.75,-0.01692708333333326,0.009114583333333481,-0.02473958333333326,1,True,20230419,41.25,0.07421875,0.13020833333333326,-0.02473958333333326,3,True,20230421,37.5,-0.0234375,0.13020833333333326,-0.02473958333333326,5,True,20230426,37.2,-0.03124999999999989,0.13020833333333326,-0.04166666666666674,8,True
3673,TPK-KY,20230601,20230602,43.5,entered,True,20230602,42.35,-0.02643678160919538,0.0011494252873562871,-0.02758620689655178,1,True,20230606,43.95,0.010344827586207028,0.014942528735632177,-0.02758620689655178,3,True,20230608,43.8,0.006896551724137945,0.034482758620689724,-0.02758620689655178,5,True,20230613,42.7,-0.018390804597701038,0.034482758620689724,-0.028735632183908066,8,True
3673,TPK-KY,20230621,20230626,45.15,entered,True,20230626,43.95,-0.02657807308970095,0.007751937984496138,-0.032115171650055285,1,True,20230628,43.25,-0.042081949058693224,0.007751937984496138,-0.05315614617940201,3,True,20230630,44.3,-0.018826135105204922,0.007751937984496138,-0.05315614617940201,5,True,20230705,45.55,0.008859357696566983,0.027685492801771794,-0.05315614617940201,8,True
3673,TPK-KY,20240401,20240402,38.1,entered,True,20240402,38.6,0.013123359580052396,0.022309711286089273,-0.009186351706036766,1,True,20240408,38.65,0.014435695538057569,0.04593175853018372,-0.009186351706036766,3,True,20240410,40.35,0.059055118110236116,0.06430446194225703,-0.009186351706036766,5,True,20240415,38.05,-0.001312335958005395,0.06430446194225703,-0.009186351706036766,8,True
3673,TPK-KY,20250508,20250509,31.85,entered,True,20250509,31.8,-0.0015698587127158659,0.009419152276294973,-0.004709576138147598,1,True,20250513,32.5,0.020408163265306145,0.03924646781789631,-0.004709576138147598,3,True,20250515,32.75,0.028257456828885363,0.042386185243328045,-0.004709576138147598,5,True,20250520,32.15,0.009419152276294973,0.042386185243328045,-0.004709576138147598,8,True
3673,TPK-KY,20251112,20251113,42.4,entered,True,20251113,42.55,0.003537735849056478,0.00943396226415083,-0.017688679245283057,1,True,20251117,41.45,-0.02240566037735836,0.00943396226415083,-0.04009433962264142,3,True,20251119,40.35,-0.04834905660377353,0.00943396226415083,-0.05188679245283012,5,True,20251124,40.65,-0.041273584905660354,0.00943396226415083,-0.05542452830188682,8,True
3673,TPK-KY,20260416,20260417,69.0,entered,True,20260417,72.1,0.04492753623188395,0.08985507246376812,-0.05362318840579716,1,True,20260421,69.8,0.011594202898550732,0.08985507246376812,-0.05362318840579716,3,True,20260423,61.7,-0.10579710144927534,0.08985507246376812,-0.13913043478260867,5,True,20260428,60.1,-0.1289855072463768,0.08985507246376812,-0.17971014492753623,8,True
3673,TPK-KY,20260522,20260525,78.5,entered,True,20260525,79.5,0.01273885350318471,0.03566878980891719,-0.017834394904458706,1,True,20260527,87.9,0.11974522292993628,0.1847133757961783,-0.017834394904458706,3,True,20260529,86.3,0.09936305732484074,0.1847133757961783,-0.017834394904458706,5,True,20260603,94.0,0.197452229299363,0.2598726114649683,-0.017834394904458706,8,True
3673,TPK-KY,20260826,20260827,68.2,censored,False,20260827,67.5,-0.01026392961876832,0.011730205278592365,-0.019061583577712593,1,True,20260831,,,0.011730205278592365,-0.019061583577712593,2,False,,,,,,0,False,,,,,,0,False
3675,德微,20230214,20230215,252.0,entered,True,20230215,277.0,0.0992063492063493,0.0992063492063493,-0.005952380952380931,1,True,20230217,271.0,0.07539682539682535,0.11904761904761907,-0.005952380952380931,3,True,20230221,262.0,0.039682539682539764,0.11904761904761907,-0.005952380952380931,5,True,20230224,256.5,0.017857142857142794,0.11904761904761907,-0.019841269841269882,8,True
3675,德微,20230303,20230306,299.5,entered,True,20230306,294.5,-0.016694490818030094,0.03171953255425719,-0.025041736227045086,1,True,20230308,312.5,0.04340567612687818,0.07679465776293815,-0.03005008347245408,3,True,20230310,302.0,0.008347245409014992,0.07679465776293815,-0.03005008347245408,5,True,20230315,290.0,-0.03171953255425708,0.07679465776293815,-0.07679465776293826,8,True
3680,家登,20230306,20230307,315.0,entered,True,20230307,310.0,-0.015873015873015928,0.022222222222222143,-0.01904761904761909,1,True,20230309,312.0,-0.00952380952380949,0.022222222222222143,-0.03492063492063491,3,True,20230313,315.0,0.0,0.022222222222222143,-0.060317460317460325,5,True,20230316,324.0,0.02857142857142847,0.06190476190476191,-0.060317460317460325,8,True
3680,家登,20260106,20260107,425.5,entered,True,20260107,419.0,-0.01527614571092828,0.007050528789659172,-0.022326674500587562,1,True,20260109,408.0,-0.04112808460634543,0.02820211515863691,-0.06698002350176269,3,True,20260113,425.5,0.0,0.02820211515863691,-0.06698002350176269,5,True,20260116,426.5,0.00235017626321965,0.057579318448883754,-0.06698002350176269,8,True
3689,湧德,20240704,20240705,83.3,entered,True,20240705,82.3,-0.01200480192076836,0.007202881152461149,-0.025210084033613356,1,True,20240709,78.9,-0.05282112845138043,0.03361344537815114,-0.07563025210084029,3,True,20240711,84.3,0.01200480192076836,0.078031212484994,-0.07563025210084029,5,True,20240716,84.4,0.013205282112845218,0.078031212484994,-0.07563025210084029,8,True
3689,湧德,20240717,20240718,87.2,entered,True,20240718,89.6,0.02752293577981635,0.07683486238532122,-0.026376146788990806,1,True,20240722,80.3,-0.07912844036697253,0.07683486238532122,-0.07912844036697253,3,True,20240726,74.4,-0.14678899082568808,0.07683486238532122,-0.15596330275229364,5,True,20240731,73.2,-0.16055045871559637,0.07683486238532122,-0.19380733944954132,8,True
3689,湧德,20240828,20240829,89.0,entered,True,20240829,90.7,0.019101123595505642,0.05617977528089879,-0.0011235955056179137,1,True,20240902,90.1,0.012359550561797716,0.08202247191011236,-0.008988764044943753,3,True,20240904,84.3,-0.05280898876404494,0.08202247191011236,-0.1067415730337079,5,True,20240909,83.8,-0.05842696629213484,0.08202247191011236,-0.1067415730337079,8,True
3689,湧德,20250218,20250219,108.0,entered,True,20250219,106.0,-0.01851851851851849,0.03240740740740744,-0.03703703703703709,1,True,20250221,102.0,-0.05555555555555558,0.03240740740740744,-0.06481481481481477,3,True,20250225,106.0,-0.01851851851851849,0.03240740740740744,-0.06481481481481477,5,True,20250303,101.0,-0.06481481481481477,0.03240740740740744,-0.08518518518518525,8,True
3689,湧德,20250606,20250609,99.9,entered,True,20250609,103.0,0.031031031031030887,0.04104104104104089,-0.05905905905905906,1,True,20250611,103.5,0.03603603603603589,0.061061061061060906,-0.05905905905905906,3,True,20250613,98.2,-0.017017017017017078,0.061061061061060906,-0.05905905905905906,5,True,20250618,100.5,0.006006006006005871,0.061061061061060906,-0.05905905905905906,8,True
3689,湧德,20250804,20250805,101.5,entered,True,20250805,101.5,0.0,0.0049261083743843415,-0.021674876847290636,1,True,20250807,100.0,-0.014778325123152691,0.039408866995073843,-0.021674876847290636,3,True,20250811,111.5,0.09852216748768483,0.09852216748768483,-0.021674876847290636,5,True,20250814,115.0,0.13300492610837433,0.19704433497536944,-0.021674876847290636,8,True
3689,湧德,20251226,20251229,116.0,entered,True,20251229,112.5,-0.030172413793103425,0.008620689655172376,-0.030172413793103425,1,True,20251231,115.5,-0.004310344827586188,0.01724137931034475,-0.030172413793103425,3,True,20260105,127.0,0.09482758620689657,0.13793103448275867,-0.030172413793103425,5,True,20260108,123.0,0.06034482758620685,0.15086206896551735,-0.030172413793103425,8,True
3689,湧德,20260408,20260409,126.0,entered,True,20260409,130.0,0.031746031746031855,0.04365079365079372,-0.019841269841269882,1,True,20260413,139.0,0.10317460317460325,0.15873015873015883,-0.019841269841269882,3,True,20260415,136.0,0.0793650793650793,0.15873015873015883,-0.019841269841269882,5,True,20260420,136.5,0.08333333333333326,0.15873015873015883,-0.019841269841269882,8,True
3693,營邦,20230414,20230417,180.5,entered,True,20230417,185.0,0.024930747922437657,0.04155124653739617,-0.013850415512465353,1,True,20230419,195.5,0.08310249307479234,0.09141274238227148,-0.013850415512465353,3,True,20230421,196.5,0.08864265927977844,0.09141274238227148,-0.013850415512465353,5,True,20230426,178.5,-0.011080332409972304,0.20498614958448758,-0.02216066481994461,8,True
3694,海華,20231123,20231124,45.0,entered,True,20231124,45.05,0.0011111111111110628,0.08444444444444432,-0.033333333333333326,1,True,20231128,44.95,-0.0011111111111110628,0.08444444444444432,-0.043333333333333446,3,True,20231130,44.8,-0.004444444444444473,0.08444444444444432,-0.043333333333333446,5,True,20231205,41.35,-0.08111111111111113,0.08444444444444432,-0.08222222222222231,8,True
3694,海華,20240527,20240528,56.5,entered,True,20240528,55.2,-0.023008849557522026,0.014159292035398119,-0.030088495575221308,1,True,20240530,52.5,-0.07079646017699115,0.014159292035398119,-0.07433628318584073,3,True,20240603,54.0,-0.04424778761061943,0.014159292035398119,-0.08318584070796464,5,True,20240606,50.5,-0.10619469026548678,0.014159292035398119,-0.10973451327433636,8,True
3694,海華,20241224,20241225,57.1,entered,True,20241225,58.0,0.015761821366024442,0.05954465849387036,-0.02626970227670755,1,True,20241227,57.5,0.007005253940455258,0.05954465849387036,-0.02626970227670755,3,True,20241231,56.3,-0.014010507880910739,0.08931698774080554,-0.02626970227670755,5,True,20250106,57.1,0.0,0.12784588441331013,-0.02626970227670755,8,True
3694,海華,20250224,20250225,62.4,entered,True,20250225,61.4,-0.01602564102564108,0.028846153846153966,-0.024038461538461564,1,True,20250227,69.8,0.11858974358974361,0.15384615384615397,-0.024038461538461564,3,True,20250304,64.4,0.03205128205128216,0.15384615384615397,-0.024038461538461564,5,True,20250307,59.4,-0.04807692307692313,0.15384615384615397,-0.049679487179487225,8,True
3694,海華,20250611,20250612,59.7,entered,True,20250612,59.5,-0.003350083752093891,0.01675041876046901,-0.01340033500837523,1,True,20250616,58.7,-0.01675041876046901,0.01675041876046901,-0.04020100502512569,3,True,20250618,58.2,-0.025125628140703515,0.01675041876046901,-0.04020100502512569,5,True,20250623,58.3,-0.02345058626465668,0.01675041876046901,-0.07035175879396993,8,True
3701,大眾控,20230410,20230411,54.2,entered,True,20230411,56.0,0.03321033210332103,0.046125461254612476,-0.005535055350553542,1,True,20230413,57.6,0.0627306273062731,0.10516605166051662,-0.005535055350553542,3,True,20230417,61.6,0.13653136531365306,0.15498154981549805,-0.005535055350553542,5,True,20230420,57.0,0.05166051660516602,0.15498154981549805,-0.005535055350553542,8,True
3701,大眾控,20231115,20231116,70.6,entered,True,20231116,71.7,0.015580736543909568,0.015580736543909568,-0.016997167138810054,1,True,20231120,74.8,0.059490084985835745,0.11614730878186963,-0.016997167138810054,3,True,20231122,78.1,0.10623229461756378,0.13031161473087827,-0.016997167138810054,5,True,20231127,64.8,-0.0821529745042493,0.13031161473087827,-0.0892351274787535,8,True
3701,大眾控,20260421,20260422,74.7,entered,True,20260422,78.6,0.052208835341365445,0.052208835341365445,-0.021419009370816755,1,True,20260424,65.4,-0.12449799196787148,0.06827309236947787,-0.1298527443105757,3,True,20260428,67.2,-0.10040160642570284,0.06827309236947787,-0.15662650602409645,5,True,20260504,66.6,-0.10843373493975916,0.06827309236947787,-0.15662650602409645,8,True
3702,大聯大,20230519,20230522,52.0,entered,True,20230522,52.7,0.013461538461538414,0.01538461538461533,-0.0038461538461539435,1,True,20230524,51.8,-0.0038461538461539435,0.019230769230769162,-0.009615384615384581,3,True,20230526,52.4,0.007692307692307665,0.019230769230769162,-0.009615384615384581,5,True,20230531,53.2,0.023076923076923217,0.023076923076923217,-0.009615384615384581,8,True
3702,大聯大,20230704,20230705,56.4,entered,True,20230705,56.9,0.00886524822695045,0.014184397163120588,0.0,1,True,20230707,56.1,-0.005319148936170137,0.014184397163120588,-0.01773049645390068,3,True,20230711,57.3,0.015957446808510634,0.015957446808510634,-0.01773049645390068,5,True,20230714,58.3,0.03368794326241131,0.04078014184397172,-0.01773049645390068,8,True
3702,大聯大,20230915,20230918,59.3,entered,True,20230918,59.5,0.003372681281618828,0.013490725126475533,-0.005059021922428242,1,True,20230920,59.6,0.005059021922428464,0.013490725126475533,-0.005059021922428242,3,True,20230922,59.5,0.003372681281618828,0.013490725126475533,-0.016863406408094472,5,True,20230927,60.0,0.01180438448566612,0.02023608768971341,-0.016863406408094472,8,True
3702,大聯大,20240307,20240308,96.2,entered,True,20240308,97.3,0.011434511434511352,0.05509355509355496,-0.017671517671517756,1,True,20240312,95.9,-0.0031185031185030354,0.05509355509355496,-0.04885654885654889,3,True,20240314,85.7,-0.10914760914760913,0.05509355509355496,-0.10914760914760913,5,True,20240319,91.0,-0.05405405405405406,0.05509355509355496,-0.11954261954261958,8,True
3702,大聯大,20260226,20260302,69.0,entered,True,20260302,67.6,-0.020289855072463836,0.0,-0.02608695652173909,1,True,20260304,67.5,-0.021739130434782594,0.0,-0.0608695652173914,3,True,20260306,72.0,0.04347826086956519,0.04347826086956519,-0.0608695652173914,5,True,20260311,72.8,0.05507246376811592,0.07536231884057965,-0.0608695652173914,8,True
3702,大聯大,20260305,20260306,70.1,entered,True,20260306,72.0,0.02710413694721825,0.02710413694721825,-0.0014265335235377208,1,True,20260310,72.1,0.02853067047075597,0.05278174037089878,-0.03851640513552057,3,True,20260312,73.5,0.04850213980028539,0.058487874465050105,-0.03851640513552057,5,True,20260317,90.0,0.28388017118402287,0.28388017118402287,-0.03851640513552057,8,True
3702,大聯大,20260318,20260319,92.6,entered,True,20260319,93.0,0.004319654427645814,0.043196544276457916,-0.016198704103671746,1,True,20260323,90.7,-0.02051835853131745,0.043196544276457916,-0.043196544276457916,3,True,20260325,95.8,0.03455723542116629,0.05615550755939536,-0.043196544276457916,5,True,20260330,90.4,-0.023758099352051754,0.06263498920086397,-0.043196544276457916,8,True
3703,欣陸,20240409,20240410,32.4,entered,True,20240410,32.75,0.010802469135802406,0.0185185185185186,0.0,1,True,20240412,32.55,0.004629629629629539,0.0185185185185186,-0.006172839506172756,3,True,20240416,31.75,-0.020061728395061706,0.043209876543209846,-0.02314814814814814,5,True,20240419,39.1,0.20679012345679015,0.20679012345679015,-0.02314814814814814,8,True
3704,合勤控,20230213,20230214,39.95,entered,True,20230214,39.2,-0.018773466833541974,0.006257822277847325,-0.021276595744680882,1,True,20230216,40.1,0.003754693366708306,0.01251564455569465,-0.03254067584480613,3,True,20230220,40.4,0.01126408010012514,0.018773466833541974,-0.03254067584480613,5,True,20230223,39.55,-0.010012515644555853,0.018773466833541974,-0.03379224030037553,8,True
3704,合勤控,20230530,20230531,44.95,entered,True,20230531,44.5,-0.010011123470522909,0.0077864293659619666,-0.010011123470522909,1,True,20230602,43.05,-0.04226918798665191,0.0077864293659619666,-0.04226918798665191,3,True,20230606,42.65,-0.05116796440489446,0.0077864293659619666,-0.05116796440489446,5,True,20230609,42.1,-0.06340378197997776,0.0077864293659619666,-0.07675194660734153,8,True
3704,合勤控,20230704,20230705,54.1,entered,True,20230705,54.7,0.01109057301293892,0.025878003696857554,-0.005545286506469571,1,True,20230707,54.1,0.0,0.042513863216266046,-0.009242144177449174,3,True,20230711,55.7,0.02957486136783727,0.042513863216266046,-0.02957486136783738,5,True,20230714,61.8,0.14232902033271722,0.1626617375231052,-0.02957486136783738,8,True
3704,合勤控,20231130,20231201,55.8,entered,True,20231201,53.9,-0.03405017921146947,0.016129032258064724,-0.043010752688172005,1,True,20231205,53.5,-0.04121863799283154,0.016129032258064724,-0.05913978494623651,3,True,20231207,51.9,-0.06989247311827951,0.016129032258064724,-0.07168458781362008,5,True,20231212,52.7,-0.05555555555555547,0.016129032258064724,-0.07526881720430101,8,True
3704,合勤控,20260526,20260527,45.65,entered,True,20260527,45.25,-0.008762322015334001,0.014238773274917849,-0.020810514786418266,1,True,20260529,46.35,0.01533406352683464,0.033953997809419656,-0.020810514786418266,3,True,20260602,48.0,0.05147864184008766,0.058050383351588186,-0.020810514786418266,5,True,20260605,47.7,0.04490690032858713,0.095290251916758,-0.020810514786418266,8,True
3706,神達,20230704,20230705,37.6,entered,True,20230705,36.15,-0.03856382978723416,0.010638297872340496,-0.039893617021276584,1,True,20230707,35.35,-0.05984042553191493,0.010638297872340496,-0.06781914893617036,3,True,20230711,35.75,-0.049202127659574546,0.010638297872340496,-0.07446808510638314,5,True,20230714,47.5,0.26329787234042556,0.26329787234042556,-0.07446808510638314,8,True
3706,神達,20231121,20231122,41.7,entered,True,20231122,40.75,-0.022781774580335812,0.0,-0.02517985611510798,1,True,20231124,39.75,-0.046762589928057596,0.004796163069544335,-0.04796163069544368,3,True,20231128,39.3,-0.05755395683453246,0.004796163069544335,-0.08393285371702641,5,True,20231201,41.4,-0.007194244604316613,0.005995203836930418,-0.08393285371702641,8,True
3706,神達,20240122,20240123,46.8,entered,True,20240123,46.4,-0.008547008547008517,0.0,-0.03205128205128205,1,True,20240125,45.4,-0.02991452991452992,0.012820512820512775,-0.03311965811965811,3,True,20240129,45.3,-0.03205128205128205,0.012820512820512775,-0.05341880341880345,5,True,20240201,44.65,-0.04594017094017089,0.012820512820512775,-0.05341880341880345,8,True
3706,神達,20240319,20240320,50.5,entered,True,20240320,53.6,0.06138613861386144,0.06138613861386144,-0.001980198019801982,1,True,20240322,54.0,0.06930693069306937,0.1742574257425742,-0.001980198019801982,3,True,20240326,53.2,0.05346534653465351,0.1742574257425742,-0.001980198019801982,5,True,20240329,51.5,0.01980198019801982,0.1742574257425742,-0.001980198019801982,8,True
3706,神達,20240521,20240522,48.3,entered,True,20240522,49.5,0.024844720496894457,0.0269151138716357,-0.009316770186335366,1,True,20240524,48.35,0.001035196687370732,0.0269151138716357,-0.021739130434782594,3,True,20240528,48.35,0.001035196687370732,0.0269151138716357,-0.021739130434782594,5,True,20240531,47.5,-0.0165631469979296,0.0269151138716357,-0.021739130434782594,8,True
3706,神達,20240711,20240712,48.85,entered,True,20240712,48.25,-0.0122824974411464,0.01535312180143289,-0.017400204708290734,1,True,20240716,48.25,-0.0122824974411464,0.01535312180143289,-0.032753326509723624,3,True,20240718,47.0,-0.03787103377686796,0.01535312180143289,-0.041965199590583535,5,True,20240723,44.8,-0.08290685772773809,0.01535312180143289,-0.10133060388945758,8,True
3706,神達,20250701,20250702,69.4,entered,True,20250702,70.7,0.018731988472622474,0.03458213256484144,-0.012968299711815678,1,True,20250704,67.7,-0.02449567723342938,0.06772334293948101,-0.02449567723342938,3,True,20250708,67.6,-0.025936599423631246,0.06772334293948101,-0.04899135446685887,5,True,20250711,67.6,-0.025936599423631246,0.06772334293948101,-0.04899135446685887,8,True
3706,神達,20250721,20250722,76.0,entered,True,20250722,78.8,0.03684210526315779,0.08947368421052637,-0.010526315789473606,1,True,20250724,77.8,0.023684210526315752,0.08947368421052637,-0.010526315789473606,3,True,20250728,75.8,-0.0026315789473684292,0.08947368421052637,-0.010526315789473606,5,True,20250731,76.6,0.007894736842105177,0.08947368421052637,-0.025000000000000022,8,True
3706,神達,20251030,20251031,99.7,entered,True,20251031,100.0,0.0030090270812437314,0.013039117352056095,-0.025075225677031132,1,True,20251104,96.3,-0.034102306920762326,0.09327983951855567,-0.034102306920762326,3,True,20251106,94.7,-0.05015045135406215,0.09327983951855567,-0.08224674022066203,5,True,20251111,96.4,-0.033099297893681046,0.09327983951855567,-0.0922768304914745,8,True
3706,神達,20260311,20260312,83.1,entered,True,20260312,83.0,-0.001203369434416346,0.002406738868832692,-0.02166064981949456,1,True,20260316,83.6,0.006016847172081841,0.016847172081829287,-0.02166064981949456,3,True,20260318,84.5,0.016847172081829287,0.03489771359807459,-0.02166064981949456,5,True,20260323,79.3,-0.04572803850782192,0.03489771359807459,-0.05174488567990365,8,True
3706,神達,20260506,20260507,88.4,entered,True,20260507,87.4,-0.011312217194570096,0.0033936651583710287,-0.018099547511312264,1,True,20260511,86.8,-0.018099547511312264,0.009049773755656076,-0.03619909502262442,3,True,20260513,82.1,-0.07126696832579194,0.009049773755656076,-0.08484162895927605,5,True,20260518,80.1,-0.09389140271493224,0.009049773755656076,-0.11990950226244357,8,True
3706,神達,20260529,20260601,90.8,entered,True,20260601,93.5,0.029735682819383324,0.040748898678414136,0.0,1,True,20260603,100.0,0.10132158590308382,0.13986784140969166,0.0,3,True,20260605,92.4,0.017621145374449476,0.13986784140969166,-0.018722466960352402,5,True,20260610,86.1,-0.05176211453744495,0.13986784140969166,-0.08039647577092512,8,True
3707,漢磊,20220608,20220609,134.5,entered,True,20220609,134.5,0.0,0.011152416356877248,-0.022304832713754608,1,True,20220613,133.5,-0.0074349442379182396,0.011152416356877248,-0.048327137546468446,3,True,20220615,126.5,-0.059479553903345694,0.011152416356877248,-0.06319702602230481,5,True,20220620,108.5,-0.19330855018587356,0.011152416356877248,-0.19330855018587356,8,True
3707,漢磊,20221115,20221116,101.5,entered,True,20221116,98.3,-0.0315270935960591,0.0049261083743843415,-0.035467980295566415,1,True,20221118,99.6,-0.01871921182266012,0.029556650246305383,-0.035467980295566415,3,True,20221122,98.3,-0.0315270935960591,0.029556650246305383,-0.035467980295566415,5,True,20221125,96.0,-0.054187192118226646,0.029556650246305383,-0.05517241379310345,8,True
3707,漢磊,20230130,20230131,95.0,entered,True,20230131,96.3,0.013684210526315743,0.013684210526315743,-0.0063157894736841635,1,True,20230202,100.0,0.05263157894736836,0.05789473684210522,-0.0063157894736841635,3,True,20230206,96.9,0.020000000000000018,0.07894736842105265,-0.0063157894736841635,5,True,20230209,98.3,0.03473684210526318,0.07894736842105265,-0.0063157894736841635,8,True
3707,漢磊,20240823,20240826,66.6,entered,True,20240826,64.9,-0.02552552552552534,0.0030030030030030463,-0.028528528528528385,1,True,20240828,64.0,-0.039039039039038936,0.021021021021021102,-0.039039039039038936,3,True,20240830,62.2,-0.06606606606606591,0.021021021021021102,-0.07057057057057048,5,True,20240904,59.3,-0.10960960960960953,0.021021021021021102,-0.16066066066066065,8,True
3707,漢磊,20260318,20260319,61.3,entered,True,20260319,60.2,-0.017944535073409318,0.02446982055464919,-0.022838499184339334,1,True,20260323,59.1,-0.03588907014681886,0.02446982055464919,-0.07667210440456762,3,True,20260325,59.9,-0.022838499184339334,0.02446982055464919,-0.07667210440456762,5,True,20260330,51.7,-0.15660685154975518,0.02446982055464919,-0.1598694942903751,8,True
3707,漢磊,20260422,20260423,63.1,entered,True,20260423,57.9,-0.08240887480190173,0.006339144215530945,-0.10142630744849446,1,True,20260427,56.5,-0.10459587955625993,0.006339144215530945,-0.13629160063391443,3,True,20260429,60.2,-0.045958795562599075,0.006339144215530945,-0.13629160063391443,5,True,20260505,75.5,0.19651347068145797,0.19651347068145797,-0.13629160063391443,8,True
3707,漢磊,20260504,20260505,69.7,entered,True,20260505,75.5,0.08321377331420376,0.08321377331420376,-0.0014347202295553751,1,True,20260507,74.7,0.07173601147776187,0.1520803443328551,-0.0014347202295553751,3,True,20260511,74.9,0.0746054519368724,0.1520803443328551,-0.01434720229555242,5,True,20260514,80.0,0.14777618364418932,0.1520803443328551,-0.01434720229555242,8,True
3709,鑫聯大投控,20251113,20251114,58.5,entered,True,20251114,60.8,0.03931623931623918,0.07350427350427347,-0.008547008547008517,1,True,20251118,60.7,0.037606837606837695,0.1384615384615384,-0.008547008547008517,3,True,20251120,59.0,0.008547008547008517,0.1384615384615384,-0.018803418803418848,5,True,20251125,55.0,-0.05982905982905984,0.1384615384615384,-0.11623931623931616,8,True
3711,日月光投控,20220105,20220106,110.0,entered,True,20220106,108.5,-0.013636363636363669,0.0,-0.022727272727272707,1,True,20220110,106.0,-0.036363636363636376,0.0,-0.045454545454545414,3,True,20220112,107.0,-0.027272727272727226,0.0,-0.045454545454545414,5,True,20220117,108.0,-0.018181818181818188,0.0,-0.054545454545454564,8,True
3711,日月光投控,20221111,20221114,91.5,entered,True,20221114,91.7,0.002185792349726823,0.008743169398907069,-0.004371584699453646,1,True,20221116,93.6,0.022950819672131084,0.029508196721311553,-0.005464480874316946,3,True,20221118,94.9,0.03715846994535532,0.03715846994535532,-0.005464480874316946,5,True,20221123,95.8,0.04699453551912569,0.049180327868852514,-0.005464480874316946,8,True
3711,日月光投控,20221201,20221202,100.0,entered,True,20221202,101.0,0.010000000000000009,0.010000000000000009,-0.0020000000000000018,1,True,20221206,99.7,-0.0030000000000000027,0.02499999999999991,-0.009000000000000008,3,True,20221208,97.0,-0.030000000000000027,0.02499999999999991,-0.039000000000000035,5,True,20221213,96.3,-0.03700000000000003,0.02499999999999991,-0.04200000000000004,8,True
3711,日月光投控,20230130,20230131,104.0,entered,True,20230131,100.0,-0.038461538461538436,0.0,-0.038461538461538436,1,True,20230202,103.0,-0.009615384615384581,0.004807692307692291,-0.045192307692307754,3,True,20230206,103.5,-0.004807692307692291,0.019230769230769162,-0.045192307692307754,5,True,20230209,106.0,0.019230769230769162,0.028846153846153744,-0.045192307692307754,8,True
3711,日月光投控,20230203,20230206,104.5,entered,True,20230206,103.5,-0.009569377990430672,0.004784688995215225,-0.019138755980861233,1,True,20230208,106.0,0.014354066985645897,0.014354066985645897,-0.019138755980861233,3,True,20230210,106.0,0.014354066985645897,0.028708133971291794,-0.019138755980861233,5,True,20230215,104.5,0.0,0.028708133971291794,-0.019138755980861233,8,True
3711,日月光投控,20230518,20230519,109.5,entered,True,20230519,109.0,-0.004566210045662156,0.0,-0.013698630136986356,1,True,20230523,110.0,0.004566210045662045,0.013698630136986356,-0.013698630136986356,3,True,20230525,108.5,-0.0091324200913242,0.022831050228310446,-0.013698630136986356,5,True,20230530,111.5,0.0182648401826484,0.03196347031963476,-0.013698630136986356,8,True
3711,日月光投控,20230530,20230531,110.5,entered,True,20230531,111.5,0.009049773755656076,0.018099547511312153,0.0,1,True,20230602,116.5,0.05429864253393668,0.05882352941176472,0.0,3,True,20230606,121.5,0.09954751131221728,0.10407239819004532,0.0,5,True,20230609,126.0,0.14027149321266963,0.15384615384615374,0.0,8,True
3711,日月光投控,20231113,20231114,123.5,entered,True,20231114,123.5,0.0,0.004048582995951344,-0.012145748987854255,1,True,20231116,125.0,0.012145748987854255,0.028340080971659853,-0.012145748987854255,3,True,20231120,124.0,0.004048582995951344,0.028340080971659853,-0.012145748987854255,5,True,20231123,127.0,0.028340080971659853,0.036437246963562764,-0.012145748987854255,8,True
3711,日月光投控,20241015,20241016,163.5,entered,True,20241016,165.0,0.00917431192660545,0.033639143730886945,-0.003058103975535187,1,True,20241018,163.5,0.0,0.05810397553516822,-0.015290519877675823,3,True,20241022,164.0,0.003058103975535076,0.05810397553516822,-0.015290519877675823,5,True,20241025,162.0,-0.00917431192660545,0.05810397553516822,-0.02752293577981646,8,True
3711,日月光投控,20250107,20250108,175.0,entered,True,20250108,171.5,-0.020000000000000018,0.0,-0.02285714285714291,1,True,20250110,168.5,-0.037142857142857144,0.0,-0.05714285714285716,3,True,20250114,161.0,-0.07999999999999996,0.0,-0.08571428571428574,5,True,20250117,166.0,-0.05142857142857138,0.0,-0.08857142857142852,8,True
3711,日月光投控,20251017,20251020,193.5,entered,True,20251020,200.0,0.03359173126614978,0.036175710594315236,-0.012919896640826822,1,True,20251022,193.0,-0.0025839793281653423,0.036175710594315236,-0.015503875968992276,3,True,20251027,202.5,0.04651162790697683,0.05943152454780365,-0.018087855297157618,5,True,20251030,225.0,0.16279069767441867,0.1757105943152455,-0.018087855297157618,8,True
3712,永崴投控,20240124,20240125,43.7,entered,True,20240125,42.75,-0.021739130434782705,0.005720823798627039,-0.021739130434782705,1,True,20240129,42.4,-0.029748283752860538,0.005720823798627039,-0.046910755148741545,3,True,20240131,43.45,-0.005720823798627039,0.011441647597254079,-0.04919908466819234,5,True,20240205,41.95,-0.040045766590389054,0.011441647597254079,-0.04919908466819234,8,True
3712,永崴投控,20240220,20240221,45.2,entered,True,20240221,46.7,0.0331858407079646,0.03539823008849541,-0.017699115044247926,1,True,20240223,45.0,-0.004424778761062065,0.047566371681415864,-0.017699115044247926,3,True,20240227,46.4,0.0265486725663715,0.09513274336283173,-0.017699115044247926,5,True,20240304,47.8,0.05752212389380529,0.11725663716814161,-0.017699115044247926,8,True
3712,永崴投控,20240412,20240415,46.95,entered,True,20240415,48.2,0.026624068157614422,0.09052183173588935,-0.024494142705005495,1,True,20240417,49.6,0.056443024494142735,0.09052183173588935,-0.024494142705005495,3,True,20240419,47.3,0.007454739084131967,0.09052183173588935,-0.024494142705005495,5,True,20240424,46.05,-0.019169329073482566,0.09052183173588935,-0.052183173588924436,8,True
4114,健喬,20221108,20221109,35.6,entered,True,20221109,35.65,0.001404494382022392,0.029494382022471788,0.0,1,True,20221111,35.9,0.008426966292134797,0.029494382022471788,-0.012640449438202306,3,True,20221115,35.25,-0.0098314606741573,0.029494382022471788,-0.012640449438202306,5,True,20221118,36.1,0.014044943820224809,0.050561797752809,-0.012640449438202306,8,True
4114,健喬,20221116,20221117,36.5,entered,True,20221117,36.35,-0.004109589041095818,0.024657534246575352,-0.005479452054794609,1,True,20221121,36.95,0.012328767123287676,0.024657534246575352,-0.017808219178082174,3,True,20221123,37.1,0.016438356164383494,0.03561643835616435,-0.017808219178082174,5,True,20221128,36.2,-0.008219178082191747,0.03561643835616435,-0.045205479452054775,8,True
4114,健喬,20221205,20221206,39.3,entered,True,20221206,41.0,0.04325699745547085,0.04325699745547085,-0.04071246819338403,1,True,20221208,46.4,0.1806615776081426,0.1832061068702291,-0.04071246819338403,3,True,20221212,48.15,0.22519083969465647,0.2684478371501273,-0.04071246819338403,5,True,20221215,50.8,0.2926208651399491,0.3435114503816794,-0.04071246819338403,8,True
4114,健喬,20230417,20230418,49.1,entered,True,20230418,48.0,-0.022403258655804503,0.0020366598778003286,-0.025458248472505107,1,True,20230420,46.5,-0.052953156822810654,0.014256619144602745,-0.05600814663951115,3,True,20230424,47.3,-0.03665987780040747,0.014256619144602745,-0.08859470468431774,5,True,20230427,45.8,-0.06720977596741351,0.014256619144602745,-0.08859470468431774,8,True
4123,晟德,20230607,20230608,55.0,entered,True,20230608,55.5,0.009090909090909038,0.034545454545454435,-0.009090909090909038,1,True,20230612,54.0,-0.018181818181818188,0.034545454545454435,-0.021818181818181848,3,True,20230614,53.1,-0.034545454545454546,0.034545454545454435,-0.036363636363636376,5,True,20230619,52.8,-0.040000000000000036,0.034545454545454435,-0.050909090909090904,8,True
4123,晟德,20230705,20230706,57.5,entered,True,20230706,57.1,-0.006956521739130417,0.013913043478260834,-0.012173913043478257,1,True,20230710,55.8,-0.029565217391304355,0.013913043478260834,-0.03652173913043477,3,True,20230712,55.1,-0.04173913043478261,0.013913043478260834,-0.045217391304347876,5,True,20230717,59.2,0.029565217391304355,0.04695652173913056,-0.050434782608695605,8,True
4123,晟德,20240617,20240618,52.4,entered,True,20240618,52.6,0.003816793893129722,0.026717557251908275,-0.015267175572518998,1,True,20240620,54.7,0.043893129770992356,0.059160305343511466,-0.015267175572518998,3,True,20240624,54.4,0.03816793893129766,0.06870229007633588,-0.015267175572518998,5,True,20240627,52.9,0.009541984732824416,0.07251908396946583,-0.015267175572518998,8,True
4123,晟德,20260703,20260706,40.0,entered,True,20260706,39.8,-0.0050000000000001155,0.013749999999999929,-0.007499999999999951,1,True,20260708,39.35,-0.016249999999999987,0.013749999999999929,-0.030000000000000027,3,True,20260713,38.05,-0.04875000000000007,0.013749999999999929,-0.05249999999999999,5,True,20260716,38.0,-0.050000000000000044,0.013749999999999929,-0.0737500000000001,8,True
4128,中天,20221118,20221121,64.9,entered,True,20221121,66.6,0.026194144838212363,0.046224961479198745,-0.02927580893682602,1,True,20221123,69.9,0.07704160246533132,0.07704160246533132,-0.02927580893682602,3,True,20221125,69.2,0.0662557781201849,0.1294298921417565,-0.02927580893682602,5,True,20221130,68.4,0.05392912172573183,0.1294298921417565,-0.02927580893682602,8,True
4129,聯合,20230608,20230609,75.0,entered,True,20230609,74.4,-0.007999999999999896,0.010666666666666602,-0.03866666666666674,1,True,20230613,76.8,0.02400000000000002,0.03200000000000003,-0.03866666666666674,3,True,20230615,79.8,0.06400000000000006,0.08000000000000007,-0.03866666666666674,5,True,20230620,75.0,0.0,0.09066666666666667,-0.03866666666666674,8,True
4129,聯合,20230725,20230726,82.4,entered,True,20230726,74.1,-0.10072815533980595,0.0,-0.10436893203883502,1,True,20230728,74.6,-0.09466019417475746,0.0,-0.1165048543689321,3,True,20230801,72.2,-0.12378640776699035,0.0,-0.12985436893203883,5,True,20230807,67.5,-0.1808252427184467,0.0,-0.2184466019417476,8,True
4147,中裕,20230413,20230414,106.0,entered,True,20230414,103.0,-0.028301886792452824,0.037735849056603765,-0.03301886792452835,1,True,20230418,107.5,0.014150943396226356,0.04716981132075482,-0.03301886792452835,3,True,20230420,112.5,0.061320754716981174,0.12735849056603765,-0.03301886792452835,5,True,20230425,112.0,0.05660377358490565,0.14622641509433953,-0.03301886792452835,8,True
4155,訊映,20230201,20230202,31.15,entered,True,20230202,31.4,0.008025682182985605,0.020866773675762618,-0.0048154093097912964,1,True,20230206,32.35,0.038523274478330816,0.043338683788122,-0.0048154093097912964,3,True,20230208,33.7,0.08186195826645282,0.09149277688603541,-0.0048154093097912964,5,True,20230213,33.4,0.07223113964687,0.11717495987158899,-0.0048154093097912964,8,True
4162,智擎,20221116,20221117,130.0,entered,True,20221117,129.0,-0.007692307692307665,0.023076923076922995,-0.01538461538461533,1,True,20221121,140.0,0.07692307692307687,0.08846153846153837,-0.01538461538461533,3,True,20221123,139.0,0.0692307692307692,0.10384615384615392,-0.01538461538461533,5,True,20221128,137.5,0.05769230769230771,0.10384615384615392,-0.01538461538461533,8,True
4164,承業醫,20230306,20230307,68.5,entered,True,20230307,70.0,0.021897810218978186,0.021897810218978186,-0.013138686131386912,1,True,20230309,70.3,0.0262773722627736,0.09197080291970794,-0.013138686131386912,3,True,20230313,67.1,-0.020437956204379604,0.09197080291970794,-0.07299270072992703,5,True,20230316,68.3,-0.0029197080291971655,0.09197080291970794,-0.07299270072992703,8,True
4164,承業醫,20250224,20250225,59.9,entered,True,20250225,59.2,-0.011686143572620988,0.005008347245408995,-0.03839732888146907,1,True,20250227,58.0,-0.03171953255425708,0.005008347245408995,-0.09015025041736224,3,True,20250304,57.8,-0.035058430717863076,0.005008347245408995,-0.09015025041736224,5,True,20250307,52.6,-0.12186978297161932,0.005008347245408995,-0.12186978297161932,8,True
4167,松瑞藥,20240513,20240514,23.0,entered,True,20240514,23.0,0.0,0.017391304347825987,-0.019565217391304346,1,True,20240516,21.85,-0.04999999999999993,0.017391304347825987,-0.05434782608695654,3,True,20240520,22.95,-0.0021739130434782483,0.017391304347825987,-0.05434782608695654,5,True,20240523,22.05,-0.04130434782608694,0.017391304347825987,-0.05434782608695654,8,True
4167,松瑞藥,20240617,20240618,25.1,entered,True,20240618,24.6,-0.019920318725099584,0.007968127490039834,-0.021912350597609542,1,True,20240620,23.85,-0.04980079681274896,0.007968127490039834,-0.055776892430278946,3,True,20240624,23.3,-0.07171314741035861,0.007968127490039834,-0.07370517928286857,5,True,20240627,26.15,0.041832669322709126,0.10756972111553775,-0.08366533864541836,8,True
4167,松瑞藥,20260123,20260126,22.2,entered,True,20260126,21.25,-0.0427927927927928,0.018018018018018056,-0.05180180180180172,1,True,20260128,21.0,-0.05405405405405406,0.018018018018018056,-0.06756756756756754,3,True,20260130,20.7,-0.06756756756756754,0.018018018018018056,-0.09909909909909909,5,True,20260204,20.95,-0.056306306306306286,0.018018018018018056,-0.09909909909909909,8,True
4168,醣聯,20221118,20221121,32.0,entered,True,20221121,34.55,0.07968749999999991,0.0859375,-0.0234375,1,True,20221123,34.1,0.06562500000000004,0.09062499999999996,-0.0234375,3,True,20221125,32.15,0.004687499999999956,0.09062499999999996,-0.0234375,5,True,20221130,31.8,-0.006249999999999978,0.09062499999999996,-0.03125,8,True
4303,信立,20241017,20241018,49.0,entered,True,20241018,48.65,-0.0071428571428571175,0.012244897959183598,-0.020408163265306145,1,True,20241022,48.15,-0.01734693877551019,0.012244897959183598,-0.03979591836734697,3,True,20241024,49.45,0.009183673469387754,0.044897959183673564,-0.03979591836734697,5,True,20241029,46.4,-0.053061224489796,0.044897959183673564,-0.08163265306122447,8,True
4303,信立,20250217,20250218,57.7,entered,True,20250218,59.1,0.024263431542461023,0.024263431542461023,-0.05025996533795507,1,True,20250220,60.3,0.045060658578855994,0.07279029462738285,-0.05025996533795507,3,True,20250224,68.6,0.188908145580589,0.22357019064124772,-0.05025996533795507,5,True,20250227,62.3,0.07972270363951472,0.22357019064124772,-0.05025996533795507,8,True
4306,炎洲,20240607,20240611,20.8,entered,True,20240611,20.4,-0.019230769230769384,0.0,-0.02644230769230771,1,True,20240613,20.7,-0.004807692307692402,0.02163461538461542,-0.028846153846153966,3,True,20240617,20.5,-0.014423076923076983,0.028846153846153744,-0.028846153846153966,5,True,20240620,20.9,0.004807692307692291,0.04807692307692313,-0.028846153846153966,8,True
4306,炎洲,20240704,20240705,21.65,entered,True,20240705,21.65,0.0,0.009237875288683695,-0.009237875288683584,1,True,20240709,21.8,0.006928406466512715,0.03002309468822184,-0.009237875288683584,3,True,20240711,22.75,0.05080831408775999,0.07390300230946889,-0.009237875288683584,5,True,20240716,21.9,0.011547344110854452,0.07390300230946889,-0.009237875288683584,8,True
4426,利勤,20220825,20220826,32.8,entered,True,20220826,32.35,-0.013719512195121797,0.009146341463414753,-0.018292682926829062,1,True,20220830,32.35,-0.013719512195121797,0.009146341463414753,-0.060975609756097504,3,True,20220901,33.1,0.009146341463414753,0.015243902439024293,-0.060975609756097504,5,True,20220906,30.2,-0.07926829268292679,0.03963414634146356,-0.10365853658536583,8,True
4510,高鋒,20250813,20250814,52.0,entered,True,20250814,50.4,-0.03076923076923077,0.009615384615384581,-0.03653846153846152,1,True,20250818,55.2,0.06153846153846154,0.06730769230769229,-0.043269230769230727,3,True,20250820,51.6,-0.007692307692307665,0.0923076923076922,-0.043269230769230727,5,True,20250825,53.0,0.019230769230769162,0.0923076923076922,-0.043269230769230727,8,True
4510,高鋒,20260526,20260527,52.2,entered,True,20260527,48.45,-0.07183908045977017,0.0,-0.08333333333333337,1,True,20260529,50.4,-0.034482758620689724,0.0,-0.0900383141762453,3,True,20260602,53.6,0.026819923371647514,0.0823754789272031,-0.0900383141762453,5,True,20260605,49.4,-0.05363984674329514,0.0823754789272031,-0.0900383141762453,8,True
4526,東台,20250221,20250224,35.0,entered,True,20250224,35.1,0.0028571428571428914,0.040000000000000036,-0.014285714285714235,1,True,20250226,35.0,0.0,0.040000000000000036,-0.014285714285714235,3,True,20250303,33.4,-0.04571428571428571,0.04571428571428582,-0.04571428571428571,5,True,20250306,33.6,-0.039999999999999925,0.04571428571428582,-0.04571428571428571,8,True
4526,東台,20250513,20250514,26.8,entered,True,20250514,27.8,0.03731343283582089,0.05597014925373145,-0.02425373134328368,1,True,20250516,27.8,0.03731343283582089,0.05597014925373145,-0.02425373134328368,3,True,20250520,26.7,-0.003731343283582156,0.05597014925373145,-0.02425373134328368,5,True,20250523,27.25,0.01679104477611948,0.05597014925373145,-0.035447761194029814,8,True
4526,東台,20260116,20260119,36.35,entered,True,20260119,36.5,0.004126547455295615,0.016506189821182904,-0.02063273727647863,1,True,20260121,37.15,0.022008253094910613,0.0729023383768912,-0.02063273727647863,3,True,20260123,37.45,0.030261348005502064,0.0729023383768912,-0.02063273727647863,5,True,20260128,36.2,-0.004126547455295726,0.0729023383768912,-0.02063273727647863,8,True
4532,瑞智,20240523,20240524,30.0,entered,True,20240524,29.6,-0.013333333333333308,0.010000000000000009,-0.06000000000000005,1,True,20240528,29.0,-0.033333333333333326,0.011666666666666714,-0.06000000000000005,3,True,20240530,29.15,-0.028333333333333433,0.011666666666666714,-0.06000000000000005,5,True,20240604,29.2,-0.026666666666666727,0.011666666666666714,-0.06000000000000005,8,True
4532,瑞智,20260703,20260706,29.6,entered,True,20260706,28.85,-0.02533783783783783,0.027027027027026973,-0.042229729729729715,1,True,20260708,27.3,-0.07770270270270274,0.027027027027026973,-0.08108108108108114,3,True,20260713,26.2,-0.11486486486486491,0.027027027027026973,-0.12668918918918914,5,True,20260716,25.4,-0.141891891891892,0.027027027027026973,-0.15540540540540548,8,True
4533,協易機,20240521,20240522,48.95,entered,True,20240522,43.45,-0.1123595505617977,0.0,-0.11746680286006128,1,True,20240524,43.7,-0.10725229826353422,0.0,-0.13687436159346278,3,True,20240528,44.25,-0.09601634320735453,0.0,-0.13687436159346278,5,True,20240531,50.9,0.0398365679264554,0.0398365679264554,-0.13687436159346278,8,True
4533,協易機,20250221,20250224,40.1,entered,True,20250224,41.2,0.027431421446383997,0.0448877805486283,-0.012468827930174564,1,True,20250226,40.5,0.009975062344139696,0.0448877805486283,-0.012468827930174564,3,True,20250303,39.15,-0.023690773067331694,0.0448877805486283,-0.026184538653366674,5,True,20250306,38.85,-0.03117206982543641,0.0448877805486283,-0.04862842892768082,8,True
4540,全球傳動,20250224,20250225,59.8,entered,True,20250225,58.0,-0.030100334448160515,0.0033444816053511683,-0.04013377926421402,1,True,20250227,58.3,-0.025083612040133763,0.010033444816053505,-0.05351170568561869,3,True,20250304,55.5,-0.07190635451505012,0.010033444816053505,-0.0953177257525083,5,True,20250307,51.7,-0.13545150501672232,0.010033444816053505,-0.1371237458193979,8,True
4540,全球傳動,20250815,20250818,43.8,entered,True,20250818,46.4,0.05936073059360725,0.05936073059360725,-0.006849315068493067,1,True,20250820,43.15,-0.014840182648401812,0.08219178082191791,-0.01826484018264829,3,True,20250822,43.85,0.0011415525114155667,0.08219178082191791,-0.01826484018264829,5,True,20250827,45.1,0.029680365296803846,0.08219178082191791,-0.01826484018264829,8,True
4543,萬在,20240517,20240520,60.0,entered,True,20240520,58.6,-0.023333333333333317,0.020000000000000018,-0.043333333333333335,1,True,20240522,65.7,0.09499999999999997,0.15833333333333344,-0.043333333333333335,3,True,20240524,63.9,0.06499999999999995,0.15833333333333344,-0.043333333333333335,5,True,20240529,72.9,0.21500000000000008,0.2616666666666667,-0.043333333333333335,8,True
4551,智伸科,20250806,20250807,163.0,entered,True,20250807,157.0,-0.036809815950920255,0.012269938650306678,-0.042944785276073594,1,True,20250811,168.0,0.030674846625766916,0.04601226993865026,-0.042944785276073594,3,True,20250813,162.0,-0.006134969325153339,0.06748466257668717,-0.042944785276073594,5,True,20250818,162.5,-0.0030674846625766694,0.09202453987730053,-0.042944785276073594,8,True
4576,大銀微系統,20241021,20241022,139.0,entered,True,20241022,141.0,0.014388489208633004,0.03956834532374098,-0.017985611510791366,1,True,20241024,139.5,0.003597122302158251,0.03956834532374098,-0.017985611510791366,3,True,20241028,151.0,0.08633093525179847,0.08633093525179847,-0.017985611510791366,5,True,20241101,140.0,0.007194244604316502,0.08633093525179847,-0.021582733812949617,8,True
4576,大銀微系統,20241225,20241226,159.0,entered,True,20241226,159.5,0.003144654088050425,0.03459119496855356,-0.012578616352201255,1,True,20241230,151.0,-0.05031446540880502,0.03459119496855356,-0.0691823899371069,3,True,20250102,147.5,-0.07232704402515722,0.03459119496855356,-0.09433962264150941,5,True,20250107,143.5,-0.09748427672955973,0.03459119496855356,-0.1572327044025157,8,True
4576,大銀微系統,20250206,20250207,166.5,entered,True,20250207,169.0,0.01501501501501501,0.05105105105105112,-0.02102102102102099,1,True,20250211,165.0,-0.009009009009009028,0.05705705705705699,-0.02102102102102099,3,True,20250213,156.0,-0.06306306306306309,0.05705705705705699,-0.06606606606606602,5,True,20250218,168.5,0.012012012012011963,0.05705705705705699,-0.06606606606606602,8,True
4576,大銀微系統,20250514,20250515,140.0,entered,True,20250515,140.0,0.0,0.02499999999999991,-0.010714285714285676,1,True,20250519,136.5,-0.025000000000000022,0.02499999999999991,-0.0357142857142857,3,True,20250521,136.0,-0.02857142857142858,0.02499999999999991,-0.03928571428571426,5,True,20250526,133.5,-0.046428571428571375,0.02499999999999991,-0.046428571428571375,8,True
4722,國精化,20250609,20250610,69.2,entered,True,20250610,74.5,0.07658959537572252,0.07658959537572252,0.0,1,True,20250612,75.3,0.0881502890173409,0.11271676300578037,0.0,3,True,20250616,77.1,0.11416184971098242,0.11416184971098242,0.0,5,True,20250619,70.9,0.024566473988439252,0.11994219653179194,0.0,8,True
4722,國精化,20251223,20251224,192.0,entered,True,20251224,185.5,-0.03385416666666663,0.01041666666666674,-0.04166666666666663,1,True,20251229,186.0,-0.03125,0.01041666666666674,-0.07291666666666663,3,True,20251231,187.5,-0.0234375,0.01041666666666674,-0.07291666666666663,5,True,20260106,175.0,-0.08854166666666663,0.01041666666666674,-0.09114583333333337,8,True
4722,國精化,20260226,20260302,210.0,entered,True,20260302,201.0,-0.042857142857142816,0.04285714285714293,-0.04761904761904767,1,True,20260304,174.0,-0.17142857142857137,0.04285714285714293,-0.18095238095238098,3,True,20260306,184.0,-0.12380952380952381,0.04285714285714293,-0.18095238095238098,5,True,20260311,178.5,-0.15000000000000002,0.04285714285714293,-0.2142857142857143,8,True
4726,永昕,20240618,20240619,59.0,entered,True,20240619,58.2,-0.013559322033898202,0.01864406779661021,-0.025423728813559365,1,True,20240621,60.6,0.027118644067796627,0.06779661016949157,-0.025423728813559365,3,True,20240625,62.0,0.05084745762711873,0.0898305084745763,-0.025423728813559365,5,True,20240628,59.0,0.0,0.10508474576271198,-0.025423728813559365,8,True
4743,合一,20221111,20221114,256.0,entered,True,20221114,250.0,-0.0234375,0.001953125,-0.03515625,1,True,20221116,256.5,0.001953125,0.015625,-0.03515625,3,True,20221118,275.0,0.07421875,0.08984375,-0.03515625,5,True,20221123,289.5,0.130859375,0.130859375,-0.03515625,8,True
4743,合一,20230208,20230209,292.5,entered,True,20230209,284.0,-0.029059829059829068,0.013675213675213627,-0.0444444444444444,1,True,20230213,278.0,-0.04957264957264962,0.013675213675213627,-0.04957264957264962,3,True,20230215,271.5,-0.07179487179487176,0.013675213675213627,-0.08034188034188039,5,True,20230220,280.0,-0.042735042735042694,0.03589743589743599,-0.08034188034188039,8,True
4743,合一,20230413,20230414,280.0,entered,True,20230414,274.5,-0.019642857142857184,0.0071428571428571175,-0.02857142857142858,1,True,20230418,278.5,-0.005357142857142838,0.0071428571428571175,-0.02857142857142858,3,True,20230420,270.5,-0.03392857142857142,0.021428571428571352,-0.03392857142857142,5,True,20230425,242.0,-0.13571428571428568,0.021428571428571352,-0.14642857142857146,8,True
4743,合一,20231108,20231109,228.0,entered,True,20231109,230.5,0.010964912280701844,0.026315789473684292,-0.021929824561403466,1,True,20231113,218.0,-0.04385964912280704,0.11184210526315796,-0.05921052631578949,3,True,20231115,214.0,-0.06140350877192979,0.11184210526315796,-0.08552631578947367,5,True,20231120,206.0,-0.0964912280701754,0.11184210526315796,-0.09868421052631582,8,True
4743,合一,20250825,20250826,74.3,entered,True,20250826,72.3,-0.026917900403768513,0.006729475100942128,-0.026917900403768513,1,True,20250828,75.6,0.01749663526244949,0.06998654104979818,-0.03633916554508754,3,True,20250901,71.4,-0.03903095558546421,0.06998654104979818,-0.06729475100942128,5,True,20250904,74.8,0.006729475100942128,0.07671601615074031,-0.06729475100942128,8,True
4743,合一,20260113,20260114,72.7,entered,True,20260114,74.8,0.02888583218706997,0.037138927097661645,-0.0027510316368638543,1,True,20260116,70.5,-0.030261348005502064,0.05502063273727642,-0.04126547455295737,3,True,20260120,70.4,-0.031636863823933936,0.05502063273727642,-0.04126547455295737,5,True,20260123,69.5,-0.044016506189821225,0.05502063273727642,-0.06052269601100424,8,True
4743,合一,20260706,20260707,58.8,entered,True,20260707,56.7,-0.03571428571428559,0.010204081632653184,-0.04081632653061218,1,True,20260709,54.2,-0.07823129251700667,0.010204081632653184,-0.08673469387755095,3,True,20260714,49.0,-0.16666666666666663,0.010204081632653184,-0.17261904761904756,5,True,20260717,48.6,-0.173469387755102,0.010204081632653184,-0.17431972789115646,8,True
4746,台耀,20230406,20230407,79.7,entered,True,20230407,82.9,0.04015056461731503,0.04516938519447922,-0.012547051442910906,1,True,20230411,87.0,0.0915934755332497,0.11041405269761606,-0.012547051442910906,3,True,20230413,86.9,0.09033877038895866,0.11041405269761606,-0.012547051442910906,5,True,20230418,83.9,0.05269761606022594,0.11166875784190711,-0.012547051442910906,8,True
4746,台耀,20231117,20231120,95.2,entered,True,20231120,99.0,0.03991596638655448,0.04201680672268915,-0.005252100840336116,1,True,20231122,99.9,0.04936974789915971,0.060924369747899165,-0.005252100840336116,3,True,20231124,97.6,0.025210084033613356,0.0714285714285714,-0.005252100840336116,5,True,20231129,101.5,0.06617647058823528,0.10819327731092443,-0.005252100840336116,8,True
4763,材料-KY,20221117,20221118,153.5,entered,True,20221118,157.5,0.026058631921824116,0.04234527687296419,0.0,1,True,20221122,159.5,0.039087947882736174,0.07491856677524433,0.0,3,True,20221124,164.0,0.0684039087947883,0.08143322475570036,0.0,5,True,20221129,167.5,0.0912052117263844,0.15309446254071668,0.0,8,True
4763,材料-KY,20230111,20230112,251.0,entered,True,20230112,272.0,0.08366533864541825,0.08366533864541825,-0.03386454183266929,1,True,20230116,275.0,0.095617529880478,0.11354581673306763,-0.03386454183266929,3,True,20230130,283.0,0.12749003984063756,0.16135458167330685,-0.03386454183266929,5,True,20230202,269.5,0.07370517928286846,0.18525896414342635,-0.03386454183266929,8,True
4763,材料*-KY,20260603,20260604,44.15,entered,True,20260604,44.75,0.013590033975084959,0.0305775764439411,-0.007927519818799578,1,True,20260608,42.35,-0.040770101925254765,0.0305775764439411,-0.07021517553793888,3,True,20260610,44.25,0.0022650056625141968,0.04416761041902606,-0.07021517553793888,5,True,20260615,44.8,0.014722536806341946,0.04416761041902606,-0.07021517553793888,8,True
4763,材料*-KY,20260623,20260624,46.4,entered,True,20260624,45.0,-0.030172413793103425,0.0,-0.04094827586206895,1,True,20260626,43.5,-0.0625,0.0,-0.08405172413793105,3,True,20260630,47.4,0.02155172413793105,0.057112068965517127,-0.08405172413793105,5,True,20260703,51.3,0.1056034482758621,0.13577586206896552,-0.08405172413793105,8,True
4764,雙鍵,20260415,20260416,190.0,entered,True,20260416,193.5,0.018421052631578894,0.026315789473684292,-0.02631578947368418,1,True,20260420,233.5,0.22894736842105257,0.22894736842105257,-0.02631578947368418,3,True,20260422,222.0,0.16842105263157903,0.34736842105263155,-0.02631578947368418,5,True,20260427,218.0,0.1473684210526316,0.34736842105263155,-0.05526315789473679,8,True
4904,遠傳,20231130,20231201,82.5,entered,True,20231201,82.0,-0.0060606060606061,0.0060606060606061,-0.013333333333333308,1,True,20231205,83.3,0.00969696969696976,0.01090909090909098,-0.013333333333333308,3,True,20231207,82.1,-0.00484848484848488,0.01090909090909098,-0.013333333333333308,5,True,20231212,80.0,-0.030303030303030276,0.01090909090909098,-0.039999999999999925,8,True
4904,遠傳,20240702,20240703,90.0,entered,True,20240703,89.7,-0.0033333333333332993,0.01777777777777767,-0.026666666666666727,1,True,20240705,91.0,0.011111111111111072,0.040000000000000036,-0.026666666666666727,3,True,20240709,86.5,-0.03888888888888886,0.040000000000000036,-0.053333333333333344,5,True,20240712,79.2,-0.12,0.040000000000000036,-0.12222222222222223,8,True
4904,遠傳,20260223,20260224,94.8,entered,True,20260224,95.6,0.00843881856540074,0.00843881856540074,-0.007383966244725815,1,True,20260226,92.0,-0.029535864978902926,0.009493670886076,-0.03270042194092826,3,True,20260303,93.8,-0.010548523206751037,0.009493670886076,-0.041139240506329,5,True,20260306,93.0,-0.01898734177215189,0.009493670886076,-0.043248945147679296,8,True
4906,正文,20220606,20220607,31.4,entered,True,20220607,31.2,-0.006369426751592355,0.006369426751592355,-0.01273885350318471,1,True,20220609,31.3,-0.0031847133757960666,0.006369426751592355,-0.01273885350318471,3,True,20220613,31.0,-0.01273885350318471,0.006369426751592355,-0.02547770700636931,5,True,20220616,30.55,-0.027070063694267454,0.060509554140127264,-0.03821656050955413,8,True
4906,正文,20230417,20230418,32.25,entered,True,20230418,32.25,0.0,0.012403100775193687,-0.010852713178294615,1,True,20230420,32.1,-0.0046511627906976605,0.013953488372093092,-0.012403100775193798,3,True,20230424,31.5,-0.023255813953488413,0.013953488372093092,-0.054263565891472854,5,True,20230427,30.95,-0.04031007751937987,0.013953488372093092,-0.054263565891472854,8,True
4906,正文,20230529,20230530,31.2,entered,True,20230530,31.15,-0.0016025641025640969,0.009615384615384581,-0.009615384615384692,1,True,20230601,31.6,0.012820512820512997,0.019230769230769384,-0.009615384615384692,3,True,20230605,33.45,0.0721153846153848,0.08012820512820529,-0.009615384615384692,5,True,20230608,31.15,-0.0016025641025640969,0.08012820512820529,-0.009615384615384692,8,True
4906,正文,20240520,20240521,35.15,entered,True,20240521,35.2,0.0014224751066858055,0.00426742532005675,-0.012802275960170584,1,True,20240523,35.0,-0.004267425320056861,0.034139402560455334,-0.012802275960170584,3,True,20240527,37.35,0.06258890469416789,0.07112375533428161,-0.012802275960170584,5,True,20240530,38.0,0.08108108108108114,0.10668563300142253,-0.012802275960170584,8,True
4908,前鼎,20240522,20240523,108.5,entered,True,20240523,111.0,0.02304147465437789,0.05990783410138256,-0.04147465437788023,1,True,20240527,111.5,0.02764976958525356,0.0875576036866359,-0.04147465437788023,3,True,20240529,108.0,-0.004608294930875556,0.0875576036866359,-0.04147465437788023,5,True,20240603,109.0,0.004608294930875667,0.0875576036866359,-0.04147465437788023,8,True
4908,前鼎,20240627,20240628,115.0,entered,True,20240628,112.0,-0.02608695652173909,0.01304347826086949,-0.02608695652173909,1,True,20240702,107.0,-0.06956521739130439,0.01304347826086949,-0.06956521739130439,3,True,20240704,107.5,-0.06521739130434778,0.01304347826086949,-0.07391304347826089,5,True,20240709,108.5,-0.05652173913043479,0.021739130434782705,-0.09130434782608698,8,True
4908,前鼎,20240830,20240902,106.5,entered,True,20240902,102.0,-0.04225352112676062,0.0046948356807512415,-0.05633802816901412,1,True,20240904,95.0,-0.107981220657277,0.0046948356807512415,-0.136150234741784,3,True,20240906,94.5,-0.11267605633802813,0.0046948356807512415,-0.136150234741784,5,True,20240911,98.8,-0.07230046948356805,0.0046948356807512415,-0.13802816901408455,8,True
4909,新復興,20260420,20260421,67.6,entered,True,20260421,64.6,-0.044378698224852076,0.01183431952662728,-0.044378698224852076,1,True,20260423,58.1,-0.1405325443786981,0.01183431952662728,-0.15088757396449703,3,True,20260427,55.5,-0.17899408284023666,0.01183431952662728,-0.20118343195266264,5,True,20260430,54.8,-0.18934911242603547,0.01183431952662728,-0.20118343195266264,8,True
4915,致伸,20221123,20221124,58.5,entered,True,20221124,58.2,-0.00512820512820511,0.0034188034188034067,-0.02564102564102566,1,True,20221128,57.4,-0.018803418803418848,0.006837606837606813,-0.02564102564102566,3,True,20221130,57.7,-0.013675213675213627,0.006837606837606813,-0.037606837606837695,5,True,20221205,57.8,-0.011965811965812034,0.006837606837606813,-0.037606837606837695,8,True
4915,致伸,20230525,20230526,65.1,entered,True,20230526,64.1,-0.015360983102918557,0.001536098310291889,-0.02457757296466967,1,True,20230530,64.0,-0.016897081413210335,0.001536098310291889,-0.02457757296466967,3,True,20230601,64.7,-0.006144393241167334,0.001536098310291889,-0.02457757296466967,5,True,20230606,64.6,-0.007680491551459334,0.01382488479262678,-0.02457757296466967,8,True
4915,致伸,20230728,20230731,66.4,entered,True,20230731,64.5,-0.028614457831325435,0.001506024096385561,-0.030120481927710885,1,True,20230802,64.0,-0.03614457831325313,0.001506024096385561,-0.04518072289156638,3,True,20230807,64.6,-0.027108433734939874,0.001506024096385561,-0.05572289156626509,5,True,20230810,63.3,-0.046686746987951944,0.001506024096385561,-0.05572289156626509,8,True
4915,致伸,20240222,20240223,72.2,entered,True,20240223,72.4,0.0027700831024930483,0.005540166204986097,-0.01246537396121894,1,True,20240227,72.0,-0.0027700831024931594,0.011080332409972193,-0.016620498614958512,3,True,20240301,73.1,0.012465373961218829,0.02216066481994461,-0.016620498614958512,5,True,20240306,76.9,0.06509695290858719,0.06786703601108024,-0.016620498614958512,8,True
4915,致伸,20240319,20240320,87.8,entered,True,20240320,85.5,-0.026195899772209486,0.03075170842824604,-0.02733485193621854,1,True,20240322,84.5,-0.0375854214123007,0.03075170842824604,-0.04555808656036442,3,True,20240326,82.1,-0.06492027334851935,0.03075170842824604,-0.08428246013667418,5,True,20240329,83.7,-0.046697038724373474,0.03075170842824604,-0.08428246013667418,8,True
4915,致伸,20240605,20240606,108.0,entered,True,20240606,108.0,0.0,0.02777777777777768,-0.0092592592592593,1,True,20240611,107.5,-0.00462962962962965,0.02777777777777768,-0.0092592592592593,3,True,20240613,110.5,0.02314814814814814,0.06018518518518512,-0.02777777777777779,5,True,20240618,114.0,0.05555555555555558,0.06481481481481488,-0.02777777777777779,8,True
4915,致伸,20250808,20250811,77.8,entered,True,20250811,77.5,-0.003856041131105381,0.0012853470437019787,-0.015424164524421635,1,True,20250813,77.5,-0.003856041131105381,0.006426735218509005,-0.015424164524421635,3,True,20250815,79.4,0.020565552699228995,0.028277634961439535,-0.015424164524421635,5,True,20250820,78.7,0.011568123393316254,0.04370179948586128,-0.015424164524421635,8,True
4916,事欣科,20230531,20230601,36.1,entered,True,20230601,35.9,-0.005540166204986208,0.008310249307479145,-0.013850415512465353,1,True,20230605,38.0,0.05263157894736836,0.07479224376731297,-0.027700831024930705,3,True,20230607,36.15,0.0013850415512464131,0.07479224376731297,-0.027700831024930705,5,True,20230612,36.05,-0.0013850415512466352,0.07479224376731297,-0.027700831024930705,8,True
4916,事欣科,20250206,20250207,36.5,entered,True,20250207,38.3,0.049315068493150704,0.08219178082191791,0.0,1,True,20250211,38.35,0.050684931506849384,0.14109589041095894,0.0,3,True,20250213,38.65,0.05890410958904102,0.14109589041095894,0.0,5,True,20250218,43.05,0.17945205479452042,0.20273972602739732,0.0,8,True
4916,事欣科,20250731,20250801,55.0,entered,True,20250801,60.5,0.10000000000000009,0.10000000000000009,-0.005454545454545379,1,True,20250805,59.9,0.08909090909090911,0.12545454545454549,-0.005454545454545379,3,True,20250807,63.9,0.16181818181818186,0.18181818181818188,-0.005454545454545379,5,True,20250812,61.0,0.10909090909090913,0.19454545454545458,-0.005454545454545379,8,True
4916,事欣科,20260112,20260113,62.5,entered,True,20260113,62.0,-0.008000000000000007,0.0,-0.043200000000000016,1,True,20260115,62.5,0.0,0.04159999999999986,-0.043200000000000016,3,True,20260119,61.4,-0.01760000000000006,0.04159999999999986,-0.043200000000000016,5,True,20260122,63.9,0.022399999999999975,0.08800000000000008,-0.043200000000000016,8,True
4919,新唐,20220607,20220608,183.0,entered,True,20220608,175.0,-0.04371584699453557,0.005464480874316946,-0.04644808743169404,1,True,20220610,172.5,-0.05737704918032782,0.005464480874316946,-0.06557377049180324,3,True,20220614,168.0,-0.08196721311475408,0.005464480874316946,-0.11202185792349728,5,True,20220617,167.5,-0.08469945355191255,0.005464480874316946,-0.12295081967213117,8,True
4919,新唐,20220825,20220826,131.0,entered,True,20220826,126.5,-0.03435114503816794,0.011450381679389388,-0.03435114503816794,1,True,20220830,122.5,-0.06488549618320616,0.011450381679389388,-0.08778625954198471,3,True,20220901,121.0,-0.07633587786259544,0.011450381679389388,-0.08778625954198471,5,True,20220906,113.0,-0.13740458015267176,0.011450381679389388,-0.16030534351145043,8,True
4919,新唐,20230130,20230131,129.0,entered,True,20230131,129.5,0.003875968992248069,0.015503875968992276,-0.003875968992248069,1,True,20230202,147.0,0.13953488372093026,0.1589147286821706,-0.003875968992248069,3,True,20230206,148.5,0.15116279069767447,0.17441860465116288,-0.003875968992248069,5,True,20230209,150.5,0.16666666666666674,0.20930232558139528,-0.003875968992248069,8,True
4919,新唐,20231115,20231116,138.0,entered,True,20231116,136.5,-0.010869565217391353,0.01449275362318847,-0.010869565217391353,1,True,20231120,138.5,0.0036231884057971175,0.018115942028985588,-0.01449275362318836,3,True,20231122,140.5,0.018115942028985588,0.02898550724637672,-0.01449275362318836,5,True,20231127,141.5,0.0253623188405796,0.050724637681159424,-0.01449275362318836,8,True
4919,新唐,20231129,20231130,150.5,entered,True,20231130,148.5,-0.013289036544850474,0.009966777408637828,-0.023255813953488413,1,True,20231204,149.5,-0.006644518272425293,0.009966777408637828,-0.023255813953488413,3,True,20231206,145.5,-0.03322259136212624,0.009966777408637828,-0.04318936877076407,5,True,20231211,145.5,-0.03322259136212624,0.009966777408637828,-0.05980066445182719,8,True
4919,新唐,20260421,20260422,148.0,entered,True,20260422,154.0,0.04054054054054057,0.07094594594594605,0.0,1,True,20260424,145.0,-0.020270270270270285,0.08783783783783794,-0.07770270270270274,3,True,20260428,149.0,0.006756756756756799,0.08783783783783794,-0.11148648648648651,5,True,20260504,162.0,0.09459459459459452,0.09459459459459452,-0.11148648648648651,8,True
4927,泰鼎-KY,20250812,20250813,28.0,entered,True,20250813,26.7,-0.046428571428571486,0.017857142857142794,-0.06607142857142867,1,True,20250815,25.85,-0.07678571428571423,0.017857142857142794,-0.08571428571428563,3,True,20250819,30.7,0.09642857142857131,0.11428571428571432,-0.08571428571428563,5,True,20250822,28.9,0.03214285714285703,0.11428571428571432,-0.08571428571428563,8,True
4927,泰鼎-KY,20251002,20251003,27.95,entered,True,20251003,26.95,-0.035778175313059046,0.017889087656529412,-0.03756708407871201,1,True,20251008,25.65,-0.08228980322003576,0.017889087656529412,-0.11091234347048295,3,True,20251013,23.85,-0.146690518783542,0.017889087656529412,-0.1610017889087657,5,True,20251016,23.15,-0.17173524150268338,0.017889087656529412,-0.20214669051878353,8,True
4927,泰鼎-KY,20251212,20251215,28.55,entered,True,20251215,29.4,0.02977232924693518,0.031523642732048884,-0.007005253940455369,1,True,20251217,30.15,0.05604203152364273,0.08231173380035028,-0.007005253940455369,3,True,20251219,34.55,0.2101576182136602,0.2101576182136602,-0.007005253940455369,5,True,20251224,34.2,0.19789842381786338,0.2889667250437826,-0.007005253940455369,8,True
4927,泰鼎-KY,20260423,20260424,55.9,entered,True,20260424,53.3,-0.046511627906976716,0.008944543828264706,-0.06261180679785328,1,True,20260428,59.1,0.05724508050089461,0.08765652951699465,-0.06261180679785328,3,True,20260430,52.2,-0.06618962432915909,0.08765652951699465,-0.08586762075134158,5,True,20260506,57.3,0.025044722719141266,0.09838998211091243,-0.08586762075134158,8,True
4931,新盛力,20220801,20220802,35.45,entered,True,20220802,33.95,-0.042313117066290595,0.02538787023977429,-0.0507757404795488,1,True,20220804,32.6,-0.08039492242595203,0.02538787023977429,-0.12693935119887179,3,True,20220808,33.25,-0.06205923836389293,0.02538787023977429,-0.12693935119887179,5,True,20220811,35.0,-0.012693935119887256,0.02961918194640334,-0.12693935119887179,8,True
4931,新盛力,20230209,20230210,50.1,entered,True,20230210,51.1,0.019960079840319445,0.05788423153692612,-0.001996007984031989,1,True,20230214,48.45,-0.03293413173652693,0.05788423153692612,-0.03393213572854292,3,True,20230216,49.3,-0.015968063872255578,0.05788423153692612,-0.03493013972055892,5,True,20230221,50.6,0.009980039920159722,0.05788423153692612,-0.03493013972055892,8,True
4938,和碩,20220118,20220119,70.3,entered,True,20220119,71.0,0.009957325746799528,0.011379800853485111,-0.002844950213371278,1,True,20220121,70.4,0.0014224751066858055,0.011379800853485111,-0.007112375533428139,3,True,20220125,69.9,-0.005689900426742445,0.011379800853485111,-0.011379800853485,5,True,20220208,69.7,-0.008534850640113723,0.011379800853485111,-0.024182076813655806,8,True
4938,和碩,20231114,20231115,80.4,entered,True,20231115,80.0,-0.004975124378109541,0.00746268656716409,-0.011194029850746356,1,True,20231117,80.8,0.004975124378109319,0.00746268656716409,-0.011194029850746356,3,True,20231121,81.9,0.018656716417910557,0.01990049751243772,-0.011194029850746356,5,True,20231124,80.8,0.004975124378109319,0.01990049751243772,-0.011194029850746356,8,True
4938,和碩,20231213,20231214,85.1,entered,True,20231214,85.5,0.004700352526439522,0.005875440658049458,-0.010575793184488758,1,True,20231218,85.5,0.004700352526439522,0.009400705052879044,-0.021151586368977626,3,True,20231220,86.5,0.016451233842538215,0.016451233842538215,-0.021151586368977626,5,True,20231225,86.8,0.0199764982373678,0.0199764982373678,-0.021151586368977626,8,True
4938,和碩,20240313,20240314,89.9,entered,True,20240314,88.6,-0.014460511679644128,0.0011123470522802492,-0.032258064516129115,1,True,20240318,91.0,0.012235817575083408,0.012235817575083408,-0.032258064516129115,3,True,20240320,103.5,0.15127919911012233,0.21802002224694106,-0.032258064516129115,5,True,20240325,101.5,0.12903225806451601,0.21802002224694106,-0.032258064516129115,8,True
4938,和碩,20260417,20260420,84.3,entered,True,20260420,82.7,-0.018979833926453082,0.0,-0.027283511269276306,1,True,20260422,84.7,0.004744958481613271,0.014234875444839812,-0.027283511269276306,3,True,20260424,84.3,0.0,0.02016607354685651,-0.027283511269276306,5,True,20260429,82.0,-0.027283511269276306,0.02016607354685651,-0.033214709371293005,8,True
4938,和碩,20260601,20260602,92.0,entered,True,20260602,97.8,0.06304347826086953,0.08152173913043481,-0.013043478260869601,1,True,20260604,97.0,0.05434782608695654,0.11413043478260865,-0.013043478260869601,3,True,20260608,92.1,0.0010869565217390686,0.11413043478260865,-0.047826086956521796,5,True,20260611,95.4,0.036956521739130554,0.11413043478260865,-0.047826086956521796,8,True
4938,和碩,20260813,20260814,95.3,entered,True,20260814,94.8,-0.005246589716684125,0.01783840503672618,-0.01678908709338922,1,True,20260818,91.0,-0.04512067156348376,0.01783840503672618,-0.08289611752360959,3,True,20260820,89.7,-0.05876180482686244,0.01783840503672618,-0.08289611752360959,5,True,20260825,88.8,-0.06820566631689406,0.01783840503672618,-0.08394543546694644,8,True
4939,亞電,20250923,20250924,26.15,entered,True,20250924,26.7,0.021032504780114758,0.042065009560229516,-0.043977055449330726,1,True,20250926,,,0.042065009560229516,-0.043977055449330726,2,False,20251001,23.1,-0.1166347992351815,0.042065009560229516,-0.1166347992351815,4,False,20251007,23.75,-0.0917782026768642,0.042065009560229516,-0.158699808795411,7,False
4939,亞電,20251106,20251107,28.15,entered,True,20251107,27.5,-0.023090586145648295,0.010657193605683846,-0.03730017761989335,1,True,20251111,25.2,-0.10479573712255774,0.010657193605683846,-0.11545293072824159,3,True,20251113,26.15,-0.0710479573712256,0.010657193605683846,-0.12611012433392532,5,True,20251118,22.6,-0.19715808170515092,0.010657193605683846,-0.20959147424511537,8,True
4953,緯軟,20230417,20230418,128.0,entered,True,20230418,124.0,-0.03125,0.0,-0.03515625,1,True,20230420,119.0,-0.0703125,0.0234375,-0.078125,3,True,20230424,118.0,-0.078125,0.0234375,-0.1171875,5,True,20230427,116.5,-0.08984375,0.0234375,-0.1171875,8,True
4956,光鋐,20240607,20240611,23.9,entered,True,20240611,23.2,-0.029288702928870314,0.0,-0.04811715481171541,1,True,20240613,22.65,-0.05230125523012552,0.0,-0.060669456066945626,3,True,20240617,23.3,-0.025104602510460206,0.0,-0.060669456066945626,5,True,20240620,27.2,0.13807531380753146,0.13807531380753146,-0.060669456066945626,8,True
4958,臻鼎-KY,20220530,20220531,120.0,entered,True,20220531,121.0,0.008333333333333304,0.012499999999999956,-0.01666666666666672,1,True,20220602,116.0,-0.033333333333333326,0.016666666666666607,-0.03749999999999998,3,True,20220607,118.0,-0.01666666666666672,0.016666666666666607,-0.03749999999999998,5,True,20220610,116.5,-0.029166666666666674,0.016666666666666607,-0.03749999999999998,8,True
4958,臻鼎-KY,20221205,20221206,125.0,entered,True,20221206,127.0,0.016000000000000014,0.03200000000000003,-0.008000000000000007,1,True,20221208,117.0,-0.06399999999999995,0.03200000000000003,-0.09199999999999997,3,True,20221212,116.0,-0.07199999999999995,0.03200000000000003,-0.09199999999999997,5,True,20221215,115.5,-0.07599999999999996,0.03200000000000003,-0.10399999999999998,8,True
4958,臻鼎-KY,20231123,20231124,107.0,entered,True,20231124,105.0,-0.01869158878504673,0.004672897196261738,-0.02336448598130836,1,True,20231128,104.5,-0.02336448598130836,0.004672897196261738,-0.03738317757009346,3,True,20231130,103.5,-0.032710280373831724,0.004672897196261738,-0.04672897196261683,5,True,20231205,103.0,-0.03738317757009346,0.004672897196261738,-0.04672897196261683,8,True
4958,臻鼎-KY,20240312,20240313,108.5,entered,True,20240313,108.0,-0.004608294930875556,0.01382488479262678,-0.02304147465437789,1,True,20240315,106.5,-0.018433179723502335,0.01382488479262678,-0.04608294930875578,3,True,20240319,107.5,-0.009216589861751112,0.01382488479262678,-0.04608294930875578,5,True,20240322,115.0,0.05990783410138256,0.06912442396313367,-0.04608294930875578,8,True
4958,臻鼎-KY,20240320,20240321,112.0,entered,True,20240321,113.0,0.008928571428571397,0.008928571428571397,-0.017857142857142905,1,True,20240325,112.5,0.0044642857142858094,0.03571428571428581,-0.017857142857142905,3,True,20240327,115.5,0.03125,0.044642857142857206,-0.022321428571428603,5,True,20240401,126.5,0.1294642857142858,0.1964285714285714,-0.022321428571428603,8,True
4958,臻鼎-KY,20240402,20240403,130.0,entered,True,20240403,129.5,-0.0038461538461538325,0.026923076923076827,-0.011538461538461497,1,True,20240409,123.5,-0.050000000000000044,0.026923076923076827,-0.0692307692307692,3,True,20240411,117.5,-0.09615384615384615,0.026923076923076827,-0.09999999999999998,5,True,20240416,112.5,-0.13461538461538458,0.026923076923076827,-0.1384615384615384,8,True
4958,臻鼎-KY,20240530,20240531,126.5,entered,True,20240531,122.0,-0.035573122529644285,0.0,-0.03952569169960474,1,True,20240604,118.5,-0.06324110671936756,0.0,-0.06719367588932801,3,True,20240606,113.5,-0.1027667984189723,0.0,-0.12648221343873522,5,True,20240612,119.0,-0.059288537549407105,0.0,-0.12648221343873522,8,True
4958,臻鼎-KY,20241218,20241219,122.5,entered,True,20241219,124.5,0.01632653061224487,0.03265306122448974,-0.004081632653061273,1,True,20241223,123.5,0.008163265306122547,0.03265306122448974,-0.004081632653061273,3,True,20241225,124.0,0.012244897959183598,0.03265306122448974,-0.01224489795918371,5,True,20241230,122.0,-0.004081632653061273,0.03265306122448974,-0.01224489795918371,8,True
4958,臻鼎-KY,20250707,20250708,107.0,entered,True,20250708,109.5,0.02336448598130847,0.02336448598130847,-0.009345794392523366,1,True,20250710,113.0,0.05607476635514019,0.07943925233644866,-0.009345794392523366,3,True,20250714,108.5,0.014018691588784993,0.07943925233644866,-0.009345794392523366,5,True,20250717,114.0,0.06542056074766345,0.07943925233644866,-0.009345794392523366,8,True
4958,臻鼎-KY,20250808,20250811,131.5,entered,True,20250811,141.5,0.07604562737642584,0.07604562737642584,0.0,1,True,20250813,161.0,0.2243346007604563,0.22813688212927752,0.0,3,True,20250815,161.0,0.2243346007604563,0.23193916349809895,0.0,5,True,20250820,161.5,0.22813688212927752,0.3155893536121672,0.0,8,True
4961,天鈺,20230109,20230110,138.0,entered,True,20230110,141.5,0.0253623188405796,0.0253623188405796,-0.01449275362318836,1,True,20230112,141.0,0.021739130434782705,0.04347826086956519,-0.01449275362318836,3,True,20230116,138.0,0.0,0.04347826086956519,-0.01449275362318836,5,True,20230131,144.0,0.04347826086956519,0.07246376811594213,-0.02898550724637683,8,True
4961,天鈺,20230217,20230220,165.5,entered,True,20230220,181.0,0.09365558912386707,0.09365558912386707,-0.009063444108761365,1,True,20230222,169.0,0.02114803625377637,0.1238670694864048,-0.009063444108761365,3,True,20230224,166.5,0.0060422960725075026,0.1238670694864048,-0.009063444108761365,5,True,20230303,174.5,0.05438066465256797,0.1238670694864048,-0.009063444108761365,8,True
4961,天鈺,20230411,20230412,179.0,entered,True,20230412,176.0,-0.016759776536312887,0.008379888268156499,-0.03351955307262566,1,True,20230414,182.5,0.019553072625698276,0.025139664804469275,-0.03351955307262566,3,True,20230418,184.5,0.030726256983240274,0.04748603351955305,-0.03351955307262566,5,True,20230421,156.0,-0.12849162011173187,0.05027932960893855,-0.13128491620111726,8,True
4961,天鈺,20230612,20230613,171.0,entered,True,20230613,167.0,-0.023391812865497075,0.005847953216374213,-0.0292397660818714,1,True,20230615,168.0,-0.01754385964912286,0.005847953216374213,-0.052631578947368474,3,True,20230619,160.5,-0.06140350877192979,0.005847953216374213,-0.08187134502923976,5,True,20230626,150.0,-0.1228070175438597,0.005847953216374213,-0.13157894736842102,8,True
4967,十銓,20230302,20230303,56.9,entered,True,20230303,57.4,0.008787346221441172,0.026362038664323295,-0.012302284710017486,1,True,20230307,58.9,0.03514938488576447,0.06326889279437609,-0.012302284710017486,3,True,20230309,60.0,0.054481546572934914,0.13884007029876977,-0.012302284710017486,5,True,20230314,60.3,0.05975395430579966,0.13884007029876977,-0.019332161687170446,8,True
4967,十銓,20230411,20230412,76.4,entered,True,20230412,76.9,0.00654450261780104,0.03795811518324599,-0.005235602094240899,1,True,20230414,79.8,0.04450261780104703,0.04450261780104703,-0.03141361256544506,3,True,20230418,78.5,0.027486910994764413,0.07722513089005223,-0.03141361256544506,5,True,20230421,73.2,-0.041884816753926746,0.07722513089005223,-0.07722513089005245,8,True
4967,十銓,20240408,20240409,87.5,entered,True,20240409,85.6,-0.021714285714285797,0.0,-0.03428571428571425,1,True,20240411,89.5,0.02285714285714291,0.06628571428571428,-0.03428571428571425,3,True,20240415,87.6,0.0011428571428571122,0.06628571428571428,-0.03428571428571425,5,True,20240418,81.9,-0.06399999999999995,0.06628571428571428,-0.0902857142857143,8,True
4967,十銓,20251223,20251224,153.0,entered,True,20251224,162.5,0.06209150326797386,0.07843137254901955,-0.013071895424836555,1,True,20251229,166.5,0.08823529411764697,0.12091503267973858,-0.013071895424836555,3,True,20251231,189.0,0.23529411764705888,0.23529411764705888,-0.013071895424836555,5,True,20260106,203.0,0.326797385620915,0.37254901960784315,-0.013071895424836555,8,True
4967,十銓,20260108,20260109,210.0,entered,True,20260109,201.5,-0.04047619047619044,0.0,-0.08809523809523812,1,True,20260113,196.0,-0.06666666666666665,0.0,-0.08809523809523812,3,True,20260115,196.5,-0.06428571428571428,0.0,-0.09047619047619049,5,True,20260120,209.5,-0.0023809523809523725,0.04761904761904767,-0.09047619047619049,8,True
4968,立積,20230609,20230612,186.0,entered,True,20230612,191.0,0.026881720430107503,0.06720430107526876,0.0,1,True,20230614,186.5,0.0026881720430107503,0.06720430107526876,-0.034946236559139754,3,True,20230616,184.0,-0.010752688172043001,0.06720430107526876,-0.034946236559139754,5,True,20230621,175.0,-0.05913978494623651,0.06720430107526876,-0.06989247311827962,8,True
4968,立積,20231124,20231127,158.0,entered,True,20231127,157.5,-0.0031645569620253333,0.018987341772152,-0.01898734177215189,1,True,20231129,167.0,0.05696202531645578,0.06012658227848111,-0.01898734177215189,3,True,20231201,167.5,0.06012658227848111,0.08544303797468356,-0.01898734177215189,5,True,20231206,169.5,0.07278481012658222,0.11708860759493667,-0.01898734177215189,8,True
4968,立積,20231221,20231222,189.0,entered,True,20231222,189.0,0.0,0.007936507936507908,-0.023809523809523836,1,True,20231226,191.0,0.010582010582010692,0.015873015873015817,-0.023809523809523836,3,True,20231228,186.0,-0.015873015873015928,0.02910052910052907,-0.03439153439153442,5,True,20240103,171.0,-0.09523809523809523,0.02910052910052907,-0.10052910052910058,8,True
4968,立積,20240202,20240205,190.0,entered,True,20240205,180.5,-0.050000000000000044,0.0,-0.06052631578947365,1,True,20240216,218.0,0.1473684210526316,0.1473684210526316,-0.06052631578947365,3,True,20240220,222.0,0.16842105263157903,0.19999999999999996,-0.06052631578947365,5,True,20240223,223.5,0.1763157894736842,0.25,-0.06052631578947365,8,True
4968,立積,20240528,20240529,204.0,entered,True,20240529,200.5,-0.01715686274509809,0.014705882352941124,-0.02941176470588236,1,True,20240531,189.5,-0.07107843137254899,0.014705882352941124,-0.0759803921568627,3,True,20240604,191.0,-0.06372549019607843,0.014705882352941124,-0.08823529411764708,5,True,20240607,184.0,-0.0980392156862745,0.014705882352941124,-0.11029411764705888,8,True
4968,立積,20240617,20240618,235.0,entered,True,20240618,233.0,-0.008510638297872353,0.02127659574468077,-0.021276595744680882,1,True,20240620,239.0,0.017021276595744705,0.042553191489361764,-0.06382978723404253,3,True,20240624,236.5,0.006382978723404209,0.08297872340425538,-0.06382978723404253,5,True,20240627,228.5,-0.02765957446808509,0.08297872340425538,-0.06382978723404253,8,True
4968,立積,20240621,20240624,244.5,entered,True,20240624,236.5,-0.03271983640081799,0.0,-0.03885480572597133,1,True,20240626,238.5,-0.024539877300613466,0.0,-0.07157464212678932,3,True,20240628,229.5,-0.06134969325153372,0.0,-0.07157464212678932,5,True,20240703,222.0,-0.09202453987730064,0.0,-0.11042944785276076,8,True
4968,立積,20251009,20251013,160.5,entered,True,20251013,155.5,-0.031152647975077885,0.031152647975077885,-0.04672897196261683,1,True,20251015,147.0,-0.08411214953271029,0.031152647975077885,-0.08722741433021808,3,True,20251017,149.0,-0.07165109034267914,0.031152647975077885,-0.08722741433021808,5,True,20251022,151.5,-0.05607476635514019,0.031152647975077885,-0.09968847352024923,8,True
4971,IET-KY,20260129,20260130,390.0,entered,True,20260130,392.0,0.00512820512820511,0.04743589743589749,-0.02692307692307694,1,True,20260203,397.0,0.017948717948717885,0.06282051282051282,-0.043589743589743546,3,True,20260205,385.5,-0.011538461538461497,0.07692307692307687,-0.043589743589743546,5,True,20260210,400.5,0.026923076923076827,0.07692307692307687,-0.11025641025641031,8,True
4973,廣穎,20260529,20260601,158.0,entered,True,20260601,156.5,-0.009493670886076,0.05696202531645578,-0.015822784810126556,1,True,20260603,172.0,0.08860759493670889,0.08860759493670889,-0.03164556962025311,3,True,20260605,171.5,0.08544303797468356,0.129746835443038,-0.03164556962025311,5,True,20260610,193.0,0.22151898734177222,0.22468354430379756,-0.03164556962025311,8,True
4977,眾達-KY,20230117,20230130,115.0,entered,True,20230130,113.0,-0.017391304347826098,0.017391304347825987,-0.021739130434782594,1,True,20230201,113.0,-0.017391304347826098,0.017391304347825987,-0.03913043478260869,3,True,20230203,112.0,-0.02608695652173909,0.017391304347825987,-0.05217391304347829,5,True,20230208,109.5,-0.047826086956521685,0.017391304347825987,-0.05652173913043479,8,True
4977,眾達-KY,20230220,20230221,120.0,entered,True,20230221,118.5,-0.012499999999999956,0.04166666666666674,-0.025000000000000022,1,True,20230223,111.5,-0.0708333333333333,0.04166666666666674,-0.10833333333333328,3,True,20230301,110.5,-0.07916666666666672,0.04166666666666674,-0.10833333333333328,5,True,20230306,121.0,0.008333333333333304,0.04166666666666674,-0.10833333333333328,8,True
4977,眾達-KY,20230418,20230419,127.5,entered,True,20230419,126.5,-0.007843137254901933,0.015686274509803866,-0.02352941176470591,1,True,20230421,115.5,-0.09411764705882353,0.015686274509803866,-0.0980392156862745,3,True,20230425,106.5,-0.16470588235294115,0.015686274509803866,-0.1843137254901961,5,True,20230428,107.0,-0.16078431372549018,0.015686274509803866,-0.1843137254901961,8,True
4977,眾達-KY,20240717,20240718,85.7,entered,True,20240718,85.5,-0.002333722287047868,0.0361726954492414,-0.005834305717619559,1,True,20240722,77.7,-0.09334889148191361,0.0361726954492414,-0.09684947491248541,3,True,20240726,79.0,-0.07817969661610269,0.0361726954492414,-0.09684947491248541,5,True,20240731,74.2,-0.13418903150525086,0.0361726954492414,-0.161026837806301,8,True
4977,眾達-KY,20250814,20250815,118.0,entered,True,20250815,118.0,0.0,0.025423728813559254,-0.029661016949152574,1,True,20250819,117.0,-0.008474576271186418,0.03389830508474567,-0.05508474576271183,3,True,20250821,108.0,-0.0847457627118644,0.03389830508474567,-0.0847457627118644,5,True,20250826,110.0,-0.06779661016949157,0.03389830508474567,-0.11440677966101698,8,True
4979,華星光,20220809,20220810,34.0,entered,True,20220810,35.0,0.02941176470588225,0.06323529411764706,-0.008823529411764675,1,True,20220812,36.05,0.06029411764705883,0.10294117647058831,-0.008823529411764675,3,True,20220816,37.2,0.09411764705882364,0.13823529411764723,-0.008823529411764675,5,True,20220819,39.9,0.17352941176470593,0.17500000000000004,-0.008823529411764675,8,True
4979,華星光,20221118,20221121,36.85,entered,True,20221121,36.8,-0.0013568521031208647,0.031207598371777445,-0.017639077340569798,1,True,20221123,36.25,-0.016282225237449155,0.031207598371777445,-0.04477611940298498,3,True,20221125,35.1,-0.0474898236092266,0.031207598371777445,-0.048846675712347465,5,True,20221130,46.65,0.26594301221166883,0.26594301221166883,-0.05698778833107199,8,True
4979,華星光,20240220,20240221,166.5,entered,True,20240221,164.5,-0.012012012012011963,0.033033033033033066,-0.012012012012011963,1,True,20240223,165.0,-0.009009009009009028,0.033033033033033066,-0.042042042042042094,3,True,20240227,157.0,-0.0570570570570571,0.04504504504504503,-0.08108108108108103,5,True,20240304,164.5,-0.012012012012011963,0.04504504504504503,-0.08108108108108103,8,True
4991,環宇-KY,20250625,20250626,117.5,entered,True,20250626,116.0,-0.012765957446808529,0.04680851063829783,-0.017021276595744705,1,True,20250630,109.0,-0.07234042553191489,0.04680851063829783,-0.08085106382978724,3,True,20250702,121.0,0.029787234042553123,0.04680851063829783,-0.08085106382978724,5,True,20250707,137.0,0.16595744680851054,0.27659574468085113,-0.08085106382978724,8,True
5009,榮剛,20221116,20221117,32.3,entered,True,20221117,32.4,0.003095975232198178,0.030959752321981338,-0.006191950464396134,1,True,20221121,32.3,0.0,0.030959752321981338,-0.030959752321981338,3,True,20221123,33.95,0.051083591331269496,0.05882352941176494,-0.030959752321981338,5,True,20221128,32.95,0.020123839009288158,0.05882352941176494,-0.030959752321981338,8,True
5009,榮剛,20230201,20230202,40.0,entered,True,20230202,40.3,0.00749999999999984,0.030000000000000027,-0.0050000000000001155,1,True,20230206,38.95,-0.026249999999999885,0.030000000000000027,-0.03249999999999997,3,True,20230208,39.4,-0.015000000000000013,0.030000000000000027,-0.03249999999999997,5,True,20230213,39.0,-0.025000000000000022,0.030000000000000027,-0.03249999999999997,8,True
5009,榮剛,20230605,20230606,60.1,entered,True,20230606,59.3,-0.013311148086522562,0.01830282861896837,-0.0266222961730449,1,True,20230608,59.2,-0.014975041597337757,0.01830282861896837,-0.029950083194675625,3,True,20230612,56.6,-0.05823627287853572,0.01830282861896837,-0.06489184692179695,5,True,20230615,58.6,-0.024958402662229595,0.01830282861896837,-0.06489184692179695,8,True
5009,榮剛,20231122,20231123,48.6,entered,True,20231123,47.6,-0.020576131687242816,0.00411522633744843,-0.020576131687242816,1,True,20231127,46.9,-0.034979423868312765,0.00411522633744843,-0.03600823045267487,3,True,20231129,47.75,-0.017489711934156382,0.00411522633744843,-0.039094650205761305,5,True,20231204,49.45,0.017489711934156382,0.03292181069958855,-0.039094650205761305,8,True
5009,榮剛,20240409,20240410,51.3,entered,True,20240410,52.5,0.023391812865497075,0.031189083820662766,-0.0019493177387913674,1,True,20240412,52.5,0.023391812865497075,0.03508771929824572,-0.0019493177387913674,3,True,20240416,51.9,0.011695906432748648,0.08771929824561409,-0.0019493177387913674,5,True,20240419,54.9,0.07017543859649122,0.08771929824561409,-0.0019493177387913674,8,True
5009,榮剛,20241111,20241112,49.45,entered,True,20241112,49.75,0.006066734074823055,0.009100101112234471,-0.004044489383215444,1,True,20241114,48.25,-0.02426693629929222,0.009100101112234471,-0.02426693629929222,3,True,20241118,48.3,-0.023255813953488524,0.009100101112234471,-0.039433771486349856,5,True,20241121,48.55,-0.018200202224469275,0.009100101112234471,-0.039433771486349856,8,True
5009,榮剛,20260107,20260108,33.5,entered,True,20260108,32.65,-0.025373134328358304,0.008955223880596996,-0.025373134328358304,1,True,20260112,33.2,-0.008955223880596885,0.008955223880596996,-0.040298507462686595,3,True,20260114,33.3,-0.005970149253731405,0.008955223880596996,-0.040298507462686595,5,True,20260119,33.75,0.00746268656716409,0.016417910447761086,-0.040298507462686595,8,True
5009,榮剛,20260129,20260130,35.1,entered,True,20260130,34.1,-0.028490028490028463,0.004273504273504258,-0.028490028490028463,1,True,20260203,33.1,-0.056980056980056926,0.004273504273504258,-0.05982905982905984,3,True,20260205,33.95,-0.03276353276353272,0.005698005698005604,-0.05982905982905984,5,True,20260210,33.7,-0.03988603988603989,0.005698005698005604,-0.0641025641025641,8,True
5009,榮剛,20260505,20260506,35.0,entered,True,20260506,35.1,0.0028571428571428914,0.008571428571428452,-0.022857142857142798,1,True,20260508,36.5,0.04285714285714293,0.06142857142857139,-0.022857142857142798,3,True,20260512,38.05,0.08714285714285697,0.17000000000000015,-0.022857142857142798,5,True,20260515,37.3,0.06571428571428561,0.17000000000000015,-0.022857142857142798,8,True
5009,榮剛,20260820,20260821,34.35,entered,True,20260821,35.2,0.024745269286754024,0.02911208151382816,-0.00727802037845704,1,True,20260825,33.75,-0.017467248908296984,0.033478893740902516,-0.02037845705967989,3,True,20260827,33.6,-0.02183406113537123,0.033478893740902516,-0.02911208151382827,5,True,,,,,,0,False
5202,力新,20250210,20250211,29.0,entered,True,20250211,28.35,-0.022413793103448265,0.006896551724137945,-0.03448275862068961,1,True,20250213,28.3,-0.024137931034482696,0.006896551724137945,-0.05862068965517242,3,True,20250217,28.25,-0.025862068965517238,0.006896551724137945,-0.05862068965517242,5,True,20250220,28.0,-0.03448275862068961,0.024137931034482696,-0.05862068965517242,8,True
5225,東科-KY,20231122,20231123,65.5,entered,True,20231123,66.5,0.01526717557251911,0.021374045801526798,-0.004580152671755711,1,True,20231127,64.6,-0.013740458015267243,0.03816793893129766,-0.03511450381679382,3,True,20231129,65.6,0.0015267175572517555,0.03816793893129766,-0.03511450381679382,5,True,20231204,63.4,-0.032061068702290085,0.03816793893129766,-0.03511450381679382,8,True
5225,東科-KY,20240401,20240402,126.0,entered,True,20240402,123.5,-0.019841269841269882,0.0,-0.04761904761904767,1,True,20240408,119.0,-0.05555555555555558,0.0,-0.059523809523809534,3,True,20240410,117.5,-0.06746031746031744,0.0,-0.08730158730158732,5,True,20240415,115.0,-0.08730158730158732,0.0,-0.10317460317460314,8,True
5225,東科-KY,20240716,20240717,142.0,entered,True,20240717,143.5,0.010563380281690238,0.01760563380281699,-0.010563380281690127,1,True,20240719,136.5,-0.03873239436619713,0.01760563380281699,-0.03873239436619713,3,True,20240723,127.5,-0.102112676056338,0.01760563380281699,-0.12676056338028174,5,True,20240730,131.0,-0.07746478873239437,0.01760563380281699,-0.14436619718309862,8,True
5230,雷笛克光學,20241014,20241015,38.0,entered,True,20241015,36.85,-0.03026315789473677,0.021052631578947212,-0.052631578947368474,1,True,20241017,38.35,0.009210526315789558,0.10526315789473695,-0.052631578947368474,3,True,20241021,37.0,-0.02631578947368418,0.10526315789473695,-0.052631578947368474,5,True,20241024,35.3,-0.07105263157894748,0.10526315789473695,-0.08157894736842108,8,True
5243,乙盛-KY,20220531,20220601,66.3,entered,True,20220601,66.0,-0.004524886877828038,0.021116138763197734,-0.004524886877828038,1,True,20220606,65.5,-0.012066365007541435,0.021116138763197734,-0.02865761689291091,3,True,20220608,65.6,-0.010558069381598867,0.024132730015083093,-0.02865761689291091,5,True,20220613,65.6,-0.010558069381598867,0.024132730015083093,-0.02865761689291091,8,True
5243,乙盛-KY,20230525,20230526,86.5,entered,True,20230526,82.6,-0.04508670520231217,0.015028901734104094,-0.048554913294797775,1,True,20230530,83.7,-0.032369942196531776,0.015028901734104094,-0.048554913294797775,3,True,20230601,89.3,0.032369942196531776,0.062427745664739964,-0.048554913294797775,5,True,20230606,87.9,0.016184971098266,0.062427745664739964,-0.048554913294797775,8,True
5243,乙盛-KY,20250827,20250828,77.9,entered,True,20250828,81.4,0.0449293966623876,0.08344030808729141,-0.00898587933247752,1,True,20250901,77.1,-0.010269576379974499,0.08344030808729141,-0.015404364569961526,3,True,20250903,75.5,-0.030808729139923052,0.08344030808729141,-0.05905006418485248,5,True,20250908,75.6,-0.029525032092426295,0.08344030808729141,-0.06546854942233649,8,True
5243,乙盛-KY,20260410,20260413,117.5,entered,True,20260413,118.5,0.008510638297872353,0.029787234042553123,-0.008510638297872353,1,True,20260415,123.5,0.051063829787234116,0.14893617021276606,-0.008510638297872353,3,True,20260417,124.0,0.05531914893617018,0.14893617021276606,-0.008510638297872353,5,True,20260422,120.0,0.02127659574468077,0.14893617021276606,-0.03404255319148941,8,True
5258,虹堡,20230130,20230131,71.5,entered,True,20230131,78.6,0.09930069930069929,0.09930069930069929,-0.0013986013986013734,1,True,20230202,81.4,0.13846153846153864,0.16083916083916083,-0.0013986013986013734,3,True,20230206,79.0,0.10489510489510478,0.24195804195804183,-0.0013986013986013734,5,True,20230209,80.2,0.12167832167832171,0.24195804195804183,-0.0013986013986013734,8,True
5258,虹堡,20230614,20230615,107.5,entered,True,20230615,114.5,0.06511627906976747,0.06511627906976747,-0.013953488372092981,1,True,20230619,116.0,0.07906976744186056,0.1581395348837209,-0.013953488372092981,3,True,20230621,111.0,0.032558139534883734,0.1581395348837209,-0.013953488372092981,5,True,20230628,105.0,-0.023255813953488413,0.1581395348837209,-0.023255813953488413,8,True
5258,虹堡,20240220,20240221,132.5,entered,True,20240221,134.5,0.015094339622641506,0.04150943396226414,0.0,1,True,20240223,132.0,-0.0037735849056603765,0.05660377358490565,-0.01132075471698113,3,True,20240227,136.0,0.026415094339622636,0.05660377358490565,-0.01132075471698113,5,True,20240304,140.0,0.05660377358490565,0.09056603773584904,-0.01132075471698113,8,True
5284,jpp-KY,20230116,20230117,75.2,entered,True,20230117,77.5,0.030585106382978733,0.04521276595744661,-0.01196808510638303,1,True,20230131,82.4,0.0957446808510638,0.09707446808510634,-0.01196808510638303,3,True,20230202,81.3,0.0811170212765957,0.1023936170212767,-0.01196808510638303,5,True,20230207,87.8,0.16755319148936154,0.1768617021276595,-0.01196808510638303,8,True
5284,jpp-KY,20230327,20230328,106.5,entered,True,20230328,101.5,-0.04694835680751175,0.023474178403755763,-0.06103286384976525,1,True,20230330,112.5,0.05633802816901401,0.07042253521126751,-0.06103286384976525,3,True,20230406,113.5,0.06572769953051649,0.08450704225352124,-0.06103286384976525,5,True,20230411,121.0,0.136150234741784,0.192488262910798,-0.06103286384976525,8,True
5284,jpp-KY,20240222,20240223,187.0,entered,True,20240223,179.5,-0.0401069518716578,0.016042780748663166,-0.04278074866310155,1,True,20240227,184.5,-0.013368983957219305,0.016042780748663166,-0.04278074866310155,3,True,20240301,202.0,0.0802139037433156,0.106951871657754,-0.04278074866310155,5,True,20240306,232.0,0.2406417112299466,0.25668449197860954,-0.04278074866310155,8,True
5284,jpp-KY,20250610,20250611,198.0,entered,True,20250611,203.0,0.025252525252525304,0.02777777777777768,-0.015151515151515138,1,True,20250613,207.5,0.04797979797979801,0.05808080808080818,-0.015151515151515138,3,True,20250617,212.0,0.07070707070707072,0.08585858585858586,-0.015151515151515138,5,True,20250620,207.0,0.045454545454545414,0.08585858585858586,-0.015151515151515138,8,True
5284,jpp-KY,20250826,20250827,262.0,entered,True,20250827,268.0,0.022900763358778553,0.04580152671755733,-0.01908396946564883,1,True,20250829,274.5,0.04770992366412208,0.0782442748091603,-0.01908396946564883,3,True,20250902,295.5,0.12786259541984735,0.15267175572519087,-0.01908396946564883,5,True,20250905,298.0,0.13740458015267176,0.21946564885496178,-0.01908396946564883,8,True
5284,jpp-KY,20251205,20251208,327.0,entered,True,20251208,302.0,-0.07645259938837923,0.0,-0.08103975535168195,1,True,20251210,307.5,-0.059633027522935755,0.0,-0.08103975535168195,3,True,20251212,307.0,-0.061162079510703404,0.0,-0.08103975535168195,5,True,20251217,288.0,-0.11926605504587151,0.0,-0.11926605504587151,8,True
5289,宜鼎,20250910,20250911,351.0,entered,True,20250911,341.0,-0.028490028490028463,0.024216524216524205,-0.03988603988603989,1,True,20250915,347.5,-0.009971509971509973,0.024216524216524205,-0.05128205128205132,3,True,20250917,341.0,-0.028490028490028463,0.02564102564102555,-0.05128205128205132,5,True,20250922,351.0,0.0,0.049857549857549754,-0.05128205128205132,8,True
5289,宜鼎,20250918,20250919,355.0,entered,True,20250919,352.5,-0.007042253521126751,0.009859154929577452,-0.021126760563380254,1,True,20250923,347.0,-0.022535211267605604,0.014084507042253502,-0.029577464788732355,3,True,20250925,335.5,-0.05492957746478877,0.014084507042253502,-0.06056338028169017,5,True,20251001,336.0,-0.05352112676056342,0.014084507042253502,-0.13521126760563384,8,True
5309,系統電,20220530,20220531,42.3,entered,True,20220531,43.3,0.023640661938534313,0.03900709219858167,-0.0035460992907800915,1,True,20220602,47.15,0.11465721040189125,0.11938534278959811,-0.0035460992907800915,3,True,20220607,46.8,0.1063829787234043,0.1678486997635935,-0.0035460992907800915,5,True,20220610,46.85,0.10756501182033107,0.1678486997635935,-0.0035460992907800915,8,True
5309,系統電,20221110,20221111,42.5,entered,True,20221111,41.4,-0.025882352941176467,0.0023529411764706687,-0.057647058823529496,1,True,20221115,40.35,-0.0505882352941176,0.0023529411764706687,-0.057647058823529496,3,True,20221117,42.1,-0.009411764705882342,0.007058823529411784,-0.057647058823529496,5,True,20221122,40.5,-0.04705882352941182,0.007058823529411784,-0.057647058823529496,8,True
5309,系統電,20221117,20221118,42.15,entered,True,20221118,41.0,-0.027283511269276306,0.003558718861209842,-0.027283511269276306,1,True,20221122,40.5,-0.039145907473309594,0.003558718861209842,-0.039145907473309594,3,True,20221124,40.25,-0.04507710557532618,0.003558718861209842,-0.05575326215895615,5,True,20221129,41.5,-0.01542111506524313,0.003558718861209842,-0.05575326215895615,8,True
5309,系統電,20221130,20221201,44.25,entered,True,20221201,44.5,0.005649717514124353,0.016949152542372836,-0.021468926553672385,1,True,20221205,44.7,0.01016949152542379,0.05084745762711873,-0.021468926553672385,3,True,20221207,43.05,-0.027118644067796627,0.05649717514124286,-0.041807909604519855,5,True,20221212,41.1,-0.07118644067796609,0.05649717514124286,-0.0847457627118644,8,True
5309,系統電,20230330,20230331,45.25,entered,True,20230331,46.35,0.024309392265193353,0.0353591160220994,-0.009944751381215533,1,True,20230407,45.9,0.01436464088397793,0.045303867403314824,-0.009944751381215533,3,True,20230411,45.95,0.015469613259668558,0.045303867403314824,-0.016574585635359074,5,True,20230414,45.0,-0.0055248618784530246,0.07182320441988943,-0.016574585635359074,8,True
5309,系統電,20250807,20250808,49.05,entered,True,20250808,50.4,0.02752293577981657,0.09683995922528044,-0.019367991845056,1,True,20250812,51.1,0.041794087665647295,0.09683995922528044,-0.019367991845056,3,True,20250814,49.1,0.0010193679918450993,0.11926605504587151,-0.019367991845056,5,True,20250819,58.5,0.19266055045871577,0.2640163098878696,-0.019367991845056,8,True
5309,系統電,20251211,20251212,70.4,entered,True,20251212,71.7,0.01846590909090895,0.029829545454545414,-0.026988636363636465,1,True,20251216,68.1,-0.0326704545454547,0.029829545454545414,-0.05255681818181823,3,True,20251218,66.7,-0.05255681818181823,0.029829545454545414,-0.07244318181818188,5,True,20251223,71.5,0.015625,0.04545454545454519,-0.07244318181818188,8,True
5309,系統電,20251222,20251223,72.5,entered,True,20251223,71.5,-0.01379310344827589,0.0,-0.03448275862068961,1,True,20251226,69.2,-0.04551724137931035,0.0,-0.04689655172413798,3,True,20251230,69.6,-0.040000000000000036,0.0,-0.07862068965517244,5,True,20260105,67.0,-0.07586206896551728,0.0,-0.09793103448275853,8,True
5309,系統電,20260505,20260506,65.0,entered,True,20260506,63.2,-0.027692307692307683,0.007692307692307665,-0.05384615384615388,1,True,20260508,63.8,-0.01846153846153853,0.04461538461538472,-0.05384615384615388,3,True,20260512,66.5,0.023076923076922995,0.0692307692307692,-0.05384615384615388,5,True,20260515,64.9,-0.0015384615384614886,0.0692307692307692,-0.05384615384615388,8,True
5309,系統電,20260602,20260603,82.3,entered,True,20260603,79.5,-0.03402187120291611,0.018226002430133725,-0.053462940461725283,1,True,20260605,74.3,-0.0972053462940462,0.025516403402187304,-0.10449574726609956,3,True,20260609,74.1,-0.09963547995139732,0.025516403402187304,-0.18712029161603883,5,True,20260612,69.7,-0.1530984204131226,0.025516403402187304,-0.21506682867557725,8,True
5340,建榮,20230609,20230612,68.0,entered,True,20230612,60.2,-0.1147058823529411,0.0,-0.12352941176470589,1,True,20230614,58.6,-0.138235294117647,0.0,-0.15735294117647058,3,True,20230616,60.7,-0.10735294117647054,0.0,-0.15735294117647058,5,True,20230621,56.0,-0.17647058823529416,0.0,-0.18529411764705883,8,True
5340,建榮,20250609,20250610,47.3,entered,True,20250610,46.65,-0.013742071881606699,0.04122621564482043,-0.023255813953488302,1,True,20250612,43.8,-0.07399577167019022,0.04122621564482043,-0.07716701902748413,3,True,20250616,44.3,-0.06342494714587743,0.04122621564482043,-0.09830866807610994,5,True,20250619,42.0,-0.11205073995771664,0.04122621564482043,-0.11205073995771664,8,True
5347,世界,20221115,20221116,87.4,entered,True,20221116,87.2,-0.0022883295194507935,0.010297482837528404,-0.03318077803203667,1,True,20221118,88.1,0.008009153318077722,0.06292906178489699,-0.03318077803203667,3,True,20221122,83.5,-0.04462242562929064,0.06292906178489699,-0.05606407322654472,5,True,20221125,83.9,-0.040045766590389054,0.06292906178489699,-0.05606407322654472,8,True
5347,世界,20231122,20231123,82.5,entered,True,20231123,83.4,0.01090909090909098,0.05212121212121201,-0.00242424242424244,1,True,20231127,79.7,-0.033939393939393936,0.06181818181818177,-0.033939393939393936,3,True,20231129,79.5,-0.036363636363636376,0.06181818181818177,-0.041212121212121255,5,True,20231204,80.9,-0.019393939393939297,0.06181818181818177,-0.056969696969697003,8,True
5347,世界,20240530,20240531,105.5,entered,True,20240531,107.5,0.018957345971563955,0.028436018957346043,-0.004739336492891044,1,True,20240604,103.0,-0.023696682464455,0.028436018957346043,-0.05213270142180093,3,True,20240606,105.5,0.0,0.05213270142180093,-0.08056872037914697,4,False,20240612,115.5,0.09478672985782,0.09478672985782,-0.08056872037914697,7,False
5347,世界,20240607,20240611,111.0,entered,True,20240611,112.5,0.013513513513513598,0.013513513513513598,-0.03153153153153154,1,True,20240613,114.5,0.03153153153153143,0.11711711711711703,-0.03153153153153154,3,True,20240617,111.0,0.0,0.11711711711711703,-0.03153153153153154,5,True,20240620,126.5,0.13963963963963955,0.1711711711711712,-0.03153153153153154,8,True
5347,世界,20241217,20241218,95.4,entered,True,20241218,96.5,0.011530398322851187,0.022012578616352085,-0.0010482180293501786,1,True,20241220,97.3,0.01991614255765195,0.037735849056603765,-0.008385744234800985,3,True,20241224,102.5,0.07442348008385746,0.10062893081761004,-0.008385744234800985,5,True,20241227,101.5,0.06394129979035634,0.10062893081761004,-0.008385744234800985,8,True
5347,世界,20260108,20260109,111.0,entered,True,20260109,108.5,-0.022522522522522515,0.03603603603603611,-0.027027027027026973,1,True,20260113,117.5,0.05855855855855863,0.0990990990990992,-0.027027027027026973,3,True,20260115,127.0,0.14414414414414423,0.16216216216216206,-0.027027027027026973,5,True,20260120,141.5,0.27477477477477485,0.3063063063063063,-0.027027027027026973,8,True
5347,世界,20260420,20260421,138.0,entered,True,20260421,138.5,0.0036231884057971175,0.03623188405797095,-0.01449275362318836,1,True,20260423,136.0,-0.01449275362318836,0.09420289855072461,-0.03260869565217395,3,True,20260427,138.5,0.0036231884057971175,0.09420289855072461,-0.03260869565217395,5,True,20260430,145.5,0.05434782608695654,0.10507246376811596,-0.03260869565217395,8,True
5351,鈺創,20230412,20230413,49.55,entered,True,20230413,47.15,-0.048435923309788076,0.0010090817356207538,-0.048435923309788076,1,True,20230417,46.55,-0.06054490413723512,0.0010090817356207538,-0.061553985872855654,3,True,20230419,46.25,-0.06659939455095853,0.0010090817356207538,-0.06760847628657907,5,True,20230424,43.55,-0.12108980827447025,0.0010090817356207538,-0.12209889001009078,8,True
5351,鈺創,20230529,20230530,44.5,entered,True,20230530,43.9,-0.013483146067415741,0.0022471910112360494,-0.024719101123595544,1,True,20230601,44.15,-0.00786516853932584,0.05505617977528088,-0.024719101123595544,3,True,20230605,44.55,0.0011235955056179137,0.05505617977528088,-0.024719101123595544,5,True,20230608,43.2,-0.02921348314606731,0.05505617977528088,-0.032584269662921383,8,True
5351,鈺創,20230726,20230727,44.25,entered,True,20230727,45.0,0.016949152542372836,0.03502824858757059,-0.007909604519774072,1,True,20230731,42.65,-0.0361581920903955,0.03502824858757059,-0.04293785310734455,3,True,20230802,41.15,-0.07005649717514129,0.03502824858757059,-0.07796610169491536,5,True,20230808,41.6,-0.059887005649717495,0.03502824858757059,-0.07909604519774016,8,True
5351,鈺創,20240516,20240517,50.0,entered,True,20240517,49.85,-0.0030000000000000027,0.016000000000000014,-0.015000000000000013,1,True,20240521,50.9,0.018000000000000016,0.026000000000000023,-0.015000000000000013,3,True,20240523,50.8,0.016000000000000014,0.06400000000000006,-0.015000000000000013,5,True,20240528,53.3,0.06599999999999984,0.07000000000000006,-0.015000000000000013,8,True
5351,鈺創,20251112,20251113,47.15,entered,True,20251113,45.65,-0.03181336161187698,0.020148462354188768,-0.038176033934252285,1,True,20251117,45.95,-0.02545068928950145,0.020148462354188768,-0.09862142099681859,3,True,20251119,42.6,-0.09650053022269345,0.020148462354188768,-0.10074231177094384,5,True,20251124,39.15,-0.1696712619300106,0.020148462354188768,-0.17709437963944863,8,True
5351,鈺創,20260106,20260107,63.0,entered,True,20260107,61.0,-0.031746031746031744,0.0031746031746031633,-0.031746031746031744,1,True,20260109,60.1,-0.04603174603174598,0.0031746031746031633,-0.11428571428571432,3,True,20260113,60.7,-0.03650793650793649,0.0031746031746031633,-0.11428571428571432,5,True,20260116,64.9,0.030158730158730274,0.04761904761904767,-0.11428571428571432,8,True
5351,鈺創,20260506,20260507,79.0,entered,True,20260507,77.3,-0.021518987341772156,0.0113924050632912,-0.04556962025316447,1,True,20260511,80.1,0.013924050632911245,0.03164556962025311,-0.069620253164557,3,True,20260513,87.0,0.10126582278481022,0.11392405063291133,-0.069620253164557,5,True,20260518,85.3,0.07974683544303796,0.1898734177215189,-0.069620253164557,8,True
5351,鈺創,20260512,20260513,81.8,entered,True,20260513,87.0,0.0635696821515892,0.07579462102689494,-0.019559902200488977,1,True,20260515,87.5,0.06968215158924207,0.14914425427872868,-0.019559902200488977,3,True,20260519,76.8,-0.06112469437652812,0.14914425427872868,-0.06112469437652812,5,True,20260522,80.5,-0.0158924205378973,0.14914425427872868,-0.11246943765281181,8,True
5353,台林,20230323,20230324,44.6,entered,True,20230324,44.5,-0.0022421524663677195,0.022421524663677195,-0.04932735426008972,1,True,20230328,44.05,-0.012331838565022513,0.056053811659192876,-0.04932735426008972,3,True,20230330,45.8,0.02690582959641241,0.0717488789237668,-0.04932735426008972,5,True,20230407,44.15,-0.010089686098654793,0.08520179372197312,-0.04932735426008972,8,True
5371,中光電,20230111,20230112,58.7,entered,True,20230112,56.7,-0.03407155025553665,0.0017035775127767216,-0.03747870528109032,1,True,20230116,56.1,-0.04429301533219765,0.0017035775127767216,-0.05281090289608181,3,True,20230130,57.5,-0.020442930153321992,0.0017035775127767216,-0.05281090289608181,5,True,20230202,61.5,0.047700170357751315,0.0528109028960817,-0.05281090289608181,8,True
5371,中光電,20230202,20230203,62.1,entered,True,20230203,60.5,-0.025764895330112725,0.004830917874396157,-0.027375201288244777,1,True,20230207,60.6,-0.024154589371980673,0.004830917874396157,-0.03703703703703709,3,True,20230209,60.0,-0.033816425120772986,0.004830917874396157,-0.03703703703703709,5,True,20230214,60.5,-0.025764895330112725,0.004830917874396157,-0.048309178743961345,8,True
5371,中光電,20230216,20230217,62.4,entered,True,20230217,63.0,0.009615384615384581,0.012820512820512997,-0.011217948717948678,1,True,20230221,64.9,0.040064102564102644,0.04166666666666674,-0.011217948717948678,3,True,20230223,63.9,0.024038461538461453,0.04807692307692313,-0.011217948717948678,5,True,20230302,64.5,0.033653846153846256,0.04807692307692313,-0.011217948717948678,8,True
5371,中光電,20230413,20230414,73.5,entered,True,20230414,78.2,0.06394557823129254,0.06394557823129254,-0.0027210884353742193,1,True,20230418,81.1,0.10340136054421767,0.16462585034013588,-0.0027210884353742193,3,True,20230420,76.8,0.04489795918367334,0.16462585034013588,-0.0027210884353742193,5,True,20230425,73.5,0.0,0.16462585034013588,-0.0027210884353742193,8,True
5371,中光電,20240403,20240408,93.2,entered,True,20240408,93.5,0.0032188841201716833,0.020386266094420513,-0.00965665236051505,1,True,20240410,99.7,0.06974248927038618,0.08905579399141628,-0.023605150214592308,3,True,20240412,98.1,0.05257510729613735,0.12124463519313311,-0.023605150214592308,5,True,20240417,98.0,0.05150214592274671,0.1909871244635193,-0.023605150214592308,8,True
5371,中光電,20241225,20241226,93.0,entered,True,20241226,89.1,-0.041935483870967794,0.005376344086021501,-0.041935483870967794,1,True,20241230,91.4,-0.017204301075268713,0.052688172043010795,-0.048387096774193505,3,True,20250102,90.8,-0.023655913978494647,0.052688172043010795,-0.048387096774193505,5,True,20250107,86.2,-0.07311827956989247,0.052688172043010795,-0.10107526881720441,8,True
5371,中光電,20250731,20250801,80.0,entered,True,20250801,85.2,0.06499999999999995,0.07125000000000004,-0.0025000000000000577,1,True,20250805,89.4,0.11750000000000016,0.11874999999999991,-0.0025000000000000577,3,True,20250807,93.3,0.16625,0.17249999999999988,-0.0025000000000000577,5,True,20250812,93.1,0.16374999999999984,0.21500000000000008,-0.0025000000000000577,8,True
5371,中光電,20260121,20260122,99.0,entered,True,20260122,105.5,0.06565656565656575,0.07070707070707072,-0.030303030303030276,1,True,20260126,102.0,0.030303030303030276,0.08585858585858586,-0.030303030303030276,3,True,20260128,93.6,-0.054545454545454564,0.08585858585858586,-0.0626262626262627,5,True,20260202,84.6,-0.1454545454545455,0.08585858585858586,-0.15050505050505059,8,True
5381,合正,20260119,20260120,31.15,entered,True,20260120,33.45,0.07383627608346721,0.07383627608346721,-0.017656500802568087,1,True,20260122,33.15,0.0642054574638844,0.1556982343499198,-0.017656500802568087,3,True,20260126,30.7,-0.014446227929374,0.1556982343499198,-0.02728731942215079,5,True,20260129,28.95,-0.0706260032102729,0.1556982343499198,-0.0818619582664526,8,True
5388,中磊,20220809,20220810,104.0,entered,True,20220810,103.5,-0.004807692307692291,0.019230769230769162,-0.014423076923076872,1,True,20220812,102.5,-0.014423076923076872,0.033653846153846256,-0.033653846153846145,3,True,20220816,99.0,-0.04807692307692313,0.033653846153846256,-0.0625,5,True,20220819,98.4,-0.053846153846153766,0.033653846153846256,-0.07403846153846161,8,True
5388,中磊,20230216,20230217,84.5,entered,True,20230217,84.7,0.002366863905325367,0.00946745562130169,-0.0035502958579881616,1,True,20230221,83.9,-0.007100591715976212,0.00946745562130169,-0.00946745562130169,3,True,20230223,84.8,0.0035502958579880506,0.00946745562130169,-0.026035502958579926,5,True,20230302,85.8,0.01538461538461533,0.020118343195266286,-0.026035502958579926,8,True
5388,中磊,20230307,20230308,89.4,entered,True,20230308,91.3,0.021252796420581532,0.02237136465324374,-0.006711409395973256,1,True,20230310,89.1,-0.003355704697986739,0.033557046979865834,-0.008948545861297674,3,True,20230314,91.5,0.02348993288590595,0.033557046979865834,-0.023489932885906173,5,True,20230317,89.7,0.003355704697986628,0.033557046979865834,-0.023489932885906173,8,True
5388,中磊,20230330,20230331,95.7,entered,True,20230331,94.8,-0.009404388714733591,0.0031347962382444194,-0.01671891327063746,1,True,20230407,93.5,-0.02298850574712652,0.013584117032392928,-0.02612330198537094,3,True,20230411,94.6,-0.011494252873563315,0.013584117032392928,-0.037617554858934255,5,True,20230414,88.6,-0.07419017763845359,0.013584117032392928,-0.08359456635318707,8,True
5388,中磊,20230529,20230530,93.8,entered,True,20230530,92.4,-0.01492537313432829,0.0,-0.015991471215351827,1,True,20230601,95.7,0.02025586353944564,0.041577825159914816,-0.015991471215351827,3,True,20230605,98.4,0.049040511727078906,0.06076759061833692,-0.015991471215351827,5,True,20230608,94.7,0.009594882729211163,0.06076759061833692,-0.015991471215351827,8,True
5388,中磊,20231114,20231115,123.0,entered,True,20231115,121.0,-0.016260162601625994,0.012195121951219523,-0.016260162601625994,1,True,20231117,121.5,-0.012195121951219523,0.012195121951219523,-0.024390243902439046,3,True,20231121,123.5,0.004065040650406582,0.012195121951219523,-0.024390243902439046,5,True,20231124,121.0,-0.016260162601625994,0.012195121951219523,-0.024390243902439046,8,True
5388,中磊,20231213,20231214,139.5,entered,True,20231214,141.0,0.010752688172043001,0.028673835125448077,-0.032258064516129004,1,True,20231218,136.5,-0.021505376344086002,0.028673835125448077,-0.032258064516129004,3,True,20231220,133.0,-0.04659498207885304,0.028673835125448077,-0.05017921146953408,5,True,20231225,131.5,-0.05734767025089604,0.028673835125448077,-0.06093189964157708,8,True
5388,中磊,20240305,20240306,144.5,entered,True,20240306,138.5,-0.04152249134948094,0.0,-0.04498269896193774,1,True,20240308,135.5,-0.06228373702422141,0.0,-0.0726643598615917,3,True,20240312,136.0,-0.05882352941176472,0.0,-0.08650519031141868,5,True,20240315,137.5,-0.04844290657439443,0.0,-0.08650519031141868,8,True
5388,中磊,20240702,20240703,122.5,entered,True,20240703,118.0,-0.03673469387755102,0.004081632653061273,-0.03673469387755102,1,True,20240705,119.0,-0.02857142857142858,0.004081632653061273,-0.04081632653061229,3,True,20240709,117.5,-0.04081632653061229,0.004081632653061273,-0.05306122448979589,5,True,20240712,118.0,-0.03673469387755102,0.004081632653061273,-0.05306122448979589,8,True
5388,中磊,20260409,20260410,87.5,entered,True,20260410,84.1,-0.03885714285714292,0.0,-0.044571428571428595,1,True,20260414,81.7,-0.06628571428571428,0.0,-0.06857142857142862,3,True,20260416,83.5,-0.04571428571428571,0.0,-0.06857142857142862,5,True,20260421,83.6,-0.044571428571428595,0.0,-0.06857142857142862,8,True
5392,能率,20250819,20250820,43.5,entered,True,20250820,40.45,-0.07011494252873551,0.0,-0.08275862068965523,1,True,20250822,42.0,-0.03448275862068961,0.02183908045977012,-0.08275862068965523,3,True,20250826,44.0,0.011494252873563315,0.055172413793103336,-0.08275862068965523,5,True,20250829,40.6,-0.06666666666666665,0.055172413793103336,-0.08275862068965523,8,True
5425,台半,20220325,20220328,85.0,entered,True,20220328,88.0,0.03529411764705892,0.03529411764705892,-0.014117647058823568,1,True,20220330,85.1,0.0011764705882353343,0.09764705882352942,-0.014117647058823568,3,True,20220401,87.4,0.028235294117647136,0.09764705882352942,-0.014117647058823568,5,True,20220408,83.0,-0.02352941176470591,0.09764705882352942,-0.05882352941176472,8,True
5425,台半,20220819,20220822,86.0,entered,True,20220822,88.0,0.023255813953488413,0.032558139534883734,-0.0034883720930232176,1,True,20220824,84.4,-0.018604651162790642,0.032558139534883734,-0.03488372093023251,3,True,20220826,95.5,0.11046511627906974,0.14534883720930236,-0.03488372093023251,5,True,20220831,95.5,0.11046511627906974,0.14534883720930236,-0.03488372093023251,8,True
5425,台半,20220825,20220826,91.1,entered,True,20220826,95.5,0.04829857299670692,0.08122941822173435,-0.014270032930845167,1,True,20220830,92.5,0.015367727771679496,0.08122941822173435,-0.014270032930845167,3,True,20220901,91.7,0.00658616904500553,0.08122941822173435,-0.015367727771679385,5,True,20220906,91.6,0.005488474204171201,0.09549945115257952,-0.028540065861690445,8,True
5425,台半,20221125,20221128,80.8,entered,True,20221128,82.2,0.017326732673267342,0.03712871287128716,-0.014851485148514865,1,True,20221130,82.6,0.022277227722772297,0.03712871287128716,-0.014851485148514865,3,True,20221202,84.6,0.04702970297029707,0.0730198019801982,-0.014851485148514865,5,True,20221207,79.8,-0.012376237623762387,0.0730198019801982,-0.025990099009900902,8,True
5425,台半,20230131,20230201,88.6,entered,True,20230201,90.3,0.019187358916478603,0.03498871331828446,-0.0169300225733634,1,True,20230203,89.1,0.0056433408577878375,0.03498871331828446,-0.0169300225733634,3,True,20230207,90.5,0.021444695259593693,0.03498871331828446,-0.0169300225733634,5,True,20230210,89.1,0.0056433408577878375,0.04288939051918739,-0.0169300225733634,8,True
5425,台半,20230308,20230309,110.0,entered,True,20230309,110.0,0.0,0.013636363636363669,-0.022727272727272707,1,True,20230313,106.5,-0.03181818181818186,0.013636363636363669,-0.07272727272727275,3,True,20230315,107.0,-0.027272727272727226,0.013636363636363669,-0.07272727272727275,5,True,20230320,108.0,-0.018181818181818188,0.013636363636363669,-0.08181818181818179,8,True
5425,台半,20231214,20231215,96.2,entered,True,20231215,93.2,-0.03118503118503113,0.028066528066527985,-0.04054054054054057,1,True,20231219,92.6,-0.037422037422037535,0.028066528066527985,-0.07068607068607069,3,True,20231221,92.2,-0.04158004158004158,0.028066528066527985,-0.07068607068607069,5,True,20231226,94.6,-0.016632016632016744,0.028066528066527985,-0.07068607068607069,8,True
5425,台半,20240412,20240415,80.8,entered,True,20240415,77.5,-0.04084158415841577,0.0,-0.04455445544554448,1,True,20240417,74.6,-0.0767326732673268,0.0,-0.08415841584158412,3,True,20240419,71.1,-0.12004950495049505,0.0,-0.12747524752475248,5,True,20240424,71.4,-0.11633663366336622,0.0,-0.15965346534653457,8,True
5425,台半,20240607,20240611,81.0,entered,True,20240611,79.9,-0.013580246913580174,0.0185185185185186,-0.013580246913580174,1,True,20240613,77.9,-0.03827160493827153,0.0185185185185186,-0.0444444444444444,3,True,20240617,78.5,-0.030864197530864224,0.0185185185185186,-0.04814814814814827,5,True,20240620,76.8,-0.05185185185185193,0.0185185185185186,-0.07283950617283963,8,True
5425,台半,20260120,20260121,69.0,entered,True,20260121,67.0,-0.02898550724637683,0.020289855072463947,-0.036231884057971064,1,True,20260123,66.1,-0.04202898550724643,0.06811594202898563,-0.047826086956521685,3,True,20260127,67.3,-0.024637681159420333,0.06811594202898563,-0.07246376811594202,5,True,20260130,63.6,-0.07826086956521738,0.06811594202898563,-0.08115942028985512,8,True
5425,台半,20260506,20260507,69.8,entered,True,20260507,71.5,0.024355300859598916,0.045845272206303855,-0.025787965616045794,1,True,20260511,80.3,0.15042979942693413,0.15042979942693413,-0.025787965616045794,3,True,20260513,76.2,0.09169054441260749,0.21489971346704873,-0.025787965616045794,5,True,20260518,77.9,0.1160458452722064,0.21489971346704873,-0.025787965616045794,8,True
5425,台半,20260521,20260522,89.5,entered,True,20260522,87.1,-0.02681564245810064,0.027932960893854775,-0.02681564245810064,1,True,20260526,100.5,0.12290502793296088,0.12290502793296088,-0.02681564245810064,3,True,20260528,114.5,0.2793296089385475,0.2793296089385475,-0.02681564245810064,5,True,20260602,103.5,0.15642458100558665,0.4022346368715084,-0.02681564245810064,8,True
5426,振發,20240412,20240415,39.45,entered,True,20240415,37.7,-0.04435994930291509,0.0,-0.04689480354879594,1,True,20240417,35.0,-0.11280101394169839,0.0,-0.12294043092522178,3,True,20240419,32.8,-0.16856780735107746,0.0,-0.2103929024081116,5,True,20240424,33.25,-0.15716096324461348,0.0,-0.2103929024081116,8,True
5439,高技,20230524,20230525,79.0,entered,True,20230525,78.8,-0.0025316455696202667,0.021518987341772267,-0.0151898734177216,1,True,20230529,80.8,0.022784810126582178,0.11265822784810142,-0.0151898734177216,3,True,20230531,82.3,0.04177215189873418,0.11265822784810142,-0.0151898734177216,5,True,20230605,81.3,0.029113924050632844,0.11265822784810142,-0.0151898734177216,8,True
5439,高技,20231013,20231016,110.0,entered,True,20231016,113.0,0.027272727272727337,0.036363636363636376,-0.027272727272727226,1,True,20231018,104.0,-0.054545454545454564,0.06363636363636371,-0.054545454545454564,3,True,20231020,106.0,-0.036363636363636376,0.06363636363636371,-0.07272727272727275,5,True,20231025,117.5,0.06818181818181812,0.06818181818181812,-0.07272727272727275,8,True
5439,高技,20231103,20231106,121.5,entered,True,20231106,122.5,0.008230452674897082,0.024691358024691468,-0.020576131687242816,1,True,20231108,126.0,0.03703703703703698,0.057613168724279795,-0.020576131687242816,3,True,20231110,122.5,0.008230452674897082,0.057613168724279795,-0.03292181069958844,5,True,20231115,117.5,-0.03292181069958844,0.057613168724279795,-0.03292181069958844,8,True
5439,高技,20250211,20250212,122.5,entered,True,20250212,121.0,-0.01224489795918371,0.02857142857142847,-0.020408163265306145,1,True,20250214,125.0,0.020408163265306145,0.044897959183673564,-0.05306122448979589,3,True,20250218,134.0,0.09387755102040818,0.12244897959183665,-0.05306122448979589,5,True,20250221,132.5,0.08163265306122458,0.12244897959183665,-0.05306122448979589,8,True
5439,高技,20260410,20260413,337.5,entered,True,20260413,359.5,0.06518518518518523,0.08148148148148149,0.0,1,True,20260415,396.5,0.17481481481481476,0.17481481481481476,0.0,3,True,20260417,401.5,0.1896296296296296,0.21925925925925926,0.0,5,True,20260422,418.0,0.23851851851851857,0.3733333333333333,0.0,8,True
5439,高技,20260827,20260828,265.0,censored,False,20260828,264.5,-0.0018867924528301883,0.020754716981132182,-0.030188679245283012,1,True,,,,,,0,False,,,,,,0,False,,,,,,0,False
5443,均豪,20240219,20240220,45.8,entered,True,20240220,48.4,0.05676855895196509,0.05676855895196509,-0.015283842794759694,1,True,20240222,51.2,0.11790393013100453,0.17030567685589526,-0.015283842794759694,3,True,20240226,48.8,0.06550218340611358,0.17030567685589526,-0.015283842794759694,5,True,20240301,49.85,0.08842794759825345,0.17030567685589526,-0.015283842794759694,8,True
5443,均豪,20240403,20240408,69.4,entered,True,20240408,68.8,-0.008645533141210526,0.015850144092218965,-0.060518731988472685,1,True,20240410,69.0,-0.0057636887608070175,0.0561959654178672,-0.060518731988472685,3,True,20240412,65.9,-0.050432276657060515,0.0561959654178672,-0.060518731988472685,5,True,20240417,63.6,-0.08357348703170031,0.0561959654178672,-0.13256484149855907,8,True
5443,均豪,20240621,20240624,70.9,entered,True,20240624,68.5,-0.0338504936530325,0.06346967559943573,-0.03808180535966155,1,True,20240626,76.4,0.07757404795486611,0.07757404795486611,-0.0761636107193231,3,True,20240628,80.0,0.12834978843441447,0.14104372355430184,-0.0761636107193231,5,True,20240703,98.2,0.38504936530324385,0.44569816643159377,-0.0761636107193231,8,True
5443,均豪,20250910,20250911,110.5,entered,True,20250911,105.0,-0.04977375565610864,0.009049773755656076,-0.05882352941176472,1,True,20250915,99.6,-0.09864253393665168,0.009049773755656076,-0.11131221719457007,3,True,20250917,110.0,-0.004524886877828038,0.03167420814479649,-0.11221719457013579,5,True,20250922,116.0,0.04977375565610864,0.08597285067873295,-0.11221719457013579,8,True
5443,均豪,20250917,20250918,109.5,entered,True,20250918,115.0,0.05022831050228316,0.09589041095890405,-0.022831050228310557,1,True,20250922,116.0,0.05936073059360725,0.09589041095890405,-0.022831050228310557,3,True,20250924,111.5,0.0182648401826484,0.13698630136986312,-0.022831050228310557,5,True,20250930,108.0,-0.013698630136986356,0.13698630136986312,-0.0365296803652968,8,True
5443,均豪,20260430,20260504,133.5,entered,True,20260504,137.5,0.029962546816479474,0.06367041198501866,-0.041198501872659166,1,True,20260506,129.0,-0.0337078651685393,0.06367041198501866,-0.06367041198501877,3,True,20260508,121.5,-0.0898876404494382,0.06367041198501866,-0.1123595505617978,5,True,20260513,125.5,-0.05992509363295884,0.06367041198501866,-0.1123595505617978,8,True
5452,佶優,20260522,20260525,35.45,entered,True,20260525,34.85,-0.016925246826516305,0.0014104372355430161,-0.02256699576868837,1,True,20260527,32.85,-0.07334273624823695,0.0028208744710858102,-0.077574047954866,3,True,20260529,34.95,-0.014104372355430161,0.0028208744710858102,-0.09732016925246834,5,True,20260603,35.35,-0.0028208744710860323,0.021156558533145242,-0.09732016925246834,8,True
5452,佶優,20260604,20260605,36.35,entered,True,20260605,35.6,-0.02063273727647863,0.031636863823933936,-0.057771664374140386,1,True,20260609,33.35,-0.08253094910591474,0.031636863823933936,-0.11829436038514451,3,True,20260611,30.75,-0.15405777166437418,0.031636863823933936,-0.1691884456671252,5,True,20260616,33.9,-0.06740027510316371,0.031636863823933936,-0.1691884456671252,8,True
5457,宣德,20240220,20240221,66.0,entered,True,20240221,67.0,0.015151515151515138,0.036363636363636376,-0.024242424242424176,1,True,20240223,67.2,0.0181818181818183,0.036363636363636376,-0.024242424242424176,3,True,20240227,67.8,0.027272727272727337,0.05454545454545445,-0.024242424242424176,5,True,20240304,69.1,0.046969696969696884,0.08181818181818201,-0.024242424242424176,8,True
5465,富驊,20230613,20230614,51.5,entered,True,20230614,51.4,-0.001941747572815511,0.042718446601941906,-0.023300970873786464,1,True,20230616,51.4,-0.001941747572815511,0.042718446601941906,-0.030097087378640697,3,True,20230620,57.3,0.11262135922330097,0.1592233009708739,-0.030097087378640697,5,True,20230627,55.7,0.08155339805825257,0.24854368932038828,-0.030097087378640697,8,True
5469,瀚宇博,20230714,20230717,50.9,entered,True,20230717,54.4,0.06876227897838905,0.06876227897838905,-0.0019646365422396617,1,True,20230719,47.55,-0.06581532416502955,0.09233791748526521,-0.06679764243614927,3,True,20230721,47.5,-0.06679764243614927,0.09233791748526521,-0.10412573673870329,5,True,20230726,49.25,-0.03241650294695475,0.09233791748526521,-0.10412573673870329,8,True
5469,瀚宇博,20231201,20231204,59.5,entered,True,20231204,62.9,0.05714285714285716,0.09243697478991586,0.0,1,True,20231206,62.9,0.05714285714285716,0.09243697478991586,0.0,3,True,20231208,63.2,0.06218487394957983,0.09243697478991586,0.0,5,True,20231213,61.8,0.03865546218487381,0.09243697478991586,0.0,8,True
5469,瀚宇博,20240216,20240219,61.5,entered,True,20240219,62.0,0.008130081300812941,0.019512195121951237,-0.006504065040650375,1,True,20240221,62.1,0.009756097560975618,0.03089430894308931,-0.006504065040650375,3,True,20240223,58.4,-0.05040650406504066,0.03089430894308931,-0.052032520325203335,5,True,20240229,56.6,-0.0796747967479674,0.03089430894308931,-0.0796747967479674,8,True
5469,瀚宇博,20250207,20250210,55.3,entered,True,20250210,55.9,0.010849909584086825,0.01627486437613035,-0.00723327305605781,1,True,20250212,55.8,0.009041591320072317,0.034358047016274984,-0.00723327305605781,3,True,20250214,55.2,-0.0018083182640143969,0.034358047016274984,-0.00723327305605781,5,True,20250219,56.5,0.02169981916817365,0.034358047016274984,-0.00723327305605781,8,True
5469,瀚宇博,20250522,20250523,59.3,entered,True,20250523,60.1,0.013490725126475533,0.026981450252951067,0.0,1,True,20250527,63.3,0.06745362563237767,0.08263069139966284,0.0,3,True,20250529,60.6,0.021922428330522825,0.12647554806070826,0.0,5,True,20250604,60.8,0.025295109612141653,0.12647554806070826,-0.013490725126475533,8,True
5469,瀚宇博,20260116,20260119,101.5,entered,True,20260119,100.5,-0.009852216748768461,0.0,-0.0325123152709359,1,True,20260121,99.4,-0.020689655172413723,0.044334975369458185,-0.0325123152709359,3,True,20260123,107.0,0.054187192118226646,0.0640394088669951,-0.0325123152709359,5,True,20260128,102.5,0.009852216748768461,0.07389162561576357,-0.0325123152709359,8,True
5469,瀚宇博,20260420,20260421,97.7,entered,True,20260421,96.0,-0.017400204708290734,0.0,-0.03787103377686796,1,True,20260423,92.2,-0.05629477993858756,0.003070624360286489,-0.10440122824974418,3,True,20260427,90.7,-0.07164790174002045,0.003070624360286489,-0.10440122824974418,5,True,20260430,82.3,-0.15762538382804514,0.003070624360286489,-0.16581371545547596,8,True
5475,德宏,20250731,20250801,36.0,entered,True,20250801,36.35,0.009722222222222188,0.05833333333333335,-0.01388888888888884,1,True,20250805,35.0,-0.02777777777777779,0.05833333333333335,-0.03333333333333344,3,True,20250807,34.55,-0.04027777777777786,0.05833333333333335,-0.054166666666666696,5,True,20250812,40.3,0.11944444444444446,0.11944444444444446,-0.054166666666666696,8,True
5483,中美晶,20220104,20220105,244.0,entered,True,20220105,247.0,0.012295081967213184,0.018442622950819665,-0.020491803278688492,1,True,20220107,235.0,-0.03688524590163933,0.018442622950819665,-0.069672131147541,3,True,20220111,225.5,-0.07581967213114749,0.018442622950819665,-0.0901639344262295,5,True,20220114,222.5,-0.08811475409836067,0.018442622950819665,-0.10860655737704916,8,True
5483,中美晶,20220530,20220531,170.0,entered,True,20220531,172.5,0.014705882352941124,0.01764705882352935,-0.0117647058823529,1,True,20220602,170.0,0.0,0.01764705882352935,-0.0117647058823529,3,True,20220607,169.0,-0.00588235294117645,0.01764705882352935,-0.02352941176470591,5,True,20220610,171.0,0.00588235294117645,0.020588235294117574,-0.02352941176470591,8,True
5483,中美晶,20220809,20220810,154.5,entered,True,20220810,156.5,0.012944983818770295,0.01941747572815533,-0.006472491909385147,1,True,20220812,161.5,0.0453074433656957,0.058252427184465994,-0.006472491909385147,3,True,20220816,163.0,0.055016181229773364,0.06796116504854366,-0.006472491909385147,5,True,20220819,166.0,0.0744336569579287,0.10355987055016191,-0.006472491909385147,8,True
5483,中美晶,20221115,20221116,163.0,entered,True,20221116,162.0,-0.006134969325153339,0.0,-0.033742331288343586,1,True,20221118,156.5,-0.039877300613496924,0.0,-0.042944785276073594,3,True,20221122,158.5,-0.027607361963190136,0.0,-0.04601226993865026,5,True,20221125,158.0,-0.030674846625766916,0.0,-0.04601226993865026,8,True
5483,中美晶,20230714,20230717,187.0,entered,True,20230717,182.0,-0.0267379679144385,0.0,-0.02941176470588236,1,True,20230719,179.0,-0.04278074866310155,0.0,-0.04278074866310155,3,True,20230721,180.0,-0.03743315508021394,0.0,-0.05614973262032086,5,True,20230726,165.5,-0.11497326203208558,0.0,-0.11497326203208558,8,True
5483,中美晶,20231128,20231129,185.0,entered,True,20231129,185.0,0.0,0.008108108108108025,-0.013513513513513487,1,True,20231201,184.5,-0.002702702702702675,0.008108108108108025,-0.013513513513513487,3,True,20231205,180.5,-0.024324324324324298,0.008108108108108025,-0.03513513513513511,5,True,20231208,184.5,-0.002702702702702675,0.0108108108108107,-0.03513513513513511,8,True
5483,中美晶,20231212,20231213,192.0,entered,True,20231213,187.5,-0.0234375,0.0,-0.02604166666666663,1,True,20231215,197.5,0.02864583333333326,0.03645833333333326,-0.02604166666666663,3,True,20231219,200.5,0.04427083333333326,0.05729166666666674,-0.02604166666666663,5,True,20231222,199.0,0.03645833333333326,0.05729166666666674,-0.02604166666666663,8,True
5483,中美晶,20240308,20240311,210.0,entered,True,20240311,209.0,-0.004761904761904745,0.016666666666666607,-0.011904761904761862,1,True,20240313,215.5,0.026190476190476097,0.05476190476190479,-0.011904761904761862,3,True,20240315,207.5,-0.011904761904761862,0.05476190476190479,-0.023809523809523836,5,True,20240320,240.0,0.1428571428571428,0.14761904761904754,-0.033333333333333326,8,True
5483,中美晶,20250516,20250519,120.0,entered,True,20250519,115.5,-0.03749999999999998,0.012499999999999956,-0.03749999999999998,1,True,20250521,118.0,-0.01666666666666672,0.012499999999999956,-0.05833333333333335,3,True,20250523,112.5,-0.0625,0.012499999999999956,-0.0625,5,True,20250528,113.0,-0.05833333333333335,0.012499999999999956,-0.07499999999999996,8,True
5483,中美晶,20260107,20260108,122.5,entered,True,20260108,115.0,-0.061224489795918324,0.0,-0.061224489795918324,1,True,20260112,119.5,-0.024489795918367308,0.0,-0.0897959183673469,3,True,20260114,119.5,-0.024489795918367308,0.012244897959183598,-0.0897959183673469,5,True,20260119,118.0,-0.03673469387755102,0.012244897959183598,-0.0897959183673469,8,True
5483,中美晶,20260420,20260421,133.0,entered,True,20260421,134.5,0.011278195488721776,0.06015037593984962,-0.015037593984962405,1,True,20260423,126.0,-0.052631578947368474,0.06015037593984962,-0.07518796992481203,3,True,20260427,143.0,0.07518796992481214,0.07518796992481214,-0.07518796992481203,5,True,20260430,134.0,0.007518796992481258,0.09022556390977443,-0.07518796992481203,8,True
5508,永信建,20240702,20240703,250.0,entered,True,20240703,237.5,-0.050000000000000044,0.0,-0.05400000000000005,1,True,20240705,227.0,-0.09199999999999997,0.0020000000000000018,-0.09999999999999998,3,True,20240709,224.0,-0.10399999999999998,0.0020000000000000018,-0.122,5,True,20240712,219.5,-0.122,0.0020000000000000018,-0.16000000000000003,8,True
5515,建國,20240315,20240318,20.45,entered,True,20240318,20.1,-0.017114914425427785,0.004889975550122383,-0.0317848410757946,1,True,20240320,19.2,-0.06112469437652812,0.004889975550122383,-0.09290953545232272,3,True,20240322,19.7,-0.03667481662591687,0.004889975550122383,-0.09290953545232272,5,True,20240327,21.55,0.05378973105134488,0.05378973105134488,-0.09290953545232272,8,True
5519,隆大,20240607,20240611,53.4,entered,True,20240611,52.3,-0.02059925093632964,0.0074906367041198685,-0.0449438202247191,1,True,20240613,50.1,-0.06179775280898869,0.0074906367041198685,-0.0842696629213483,3,True,20240617,49.2,-0.0786516853932584,0.0074906367041198685,-0.0842696629213483,5,True,20240620,48.75,-0.0870786516853932,0.0074906367041198685,-0.1179775280898876,8,True
5519,隆大,20240715,20240716,52.0,entered,True,20240716,53.1,0.02115384615384608,0.03653846153846141,-0.013461538461538525,1,True,20240718,54.4,0.04615384615384621,0.05769230769230771,-0.017307692307692246,3,True,20240722,52.0,0.0,0.05769230769230771,-0.045192307692307754,5,True,20240729,54.5,0.04807692307692313,0.10000000000000009,-0.045192307692307754,8,True
5522,遠雄,20241213,20241216,77.8,entered,True,20241216,81.4,0.046272493573264795,0.046272493573264795,-0.014138817480719768,1,True,20241218,76.5,-0.016709511568123392,0.05141388174807204,-0.024421593830334043,3,True,20241220,81.0,0.041131105398457546,0.05141388174807204,-0.06041131105398456,5,True,20241225,82.0,0.05398457583547556,0.06041131105398456,-0.06041131105398456,8,True
5522,遠雄,20241225,20241226,81.5,entered,True,20241226,84.1,0.031901840490797584,0.06748466257668717,0.0,1,True,20241230,79.4,-0.025766871165644134,0.06748466257668717,-0.036809815950920255,3,True,20250102,75.1,-0.07852760736196329,0.06748466257668717,-0.09693251533742342,5,True,20250107,72.5,-0.11042944785276076,0.06748466257668717,-0.11042944785276076,8,True
5522,遠雄,20251223,20251224,81.0,entered,True,20251224,81.2,0.0024691358024691024,0.025925925925925908,-0.016049382716049387,1,True,20251229,76.0,-0.06172839506172845,0.025925925925925908,-0.0679012345679012,3,True,20251231,76.5,-0.05555555555555558,0.025925925925925908,-0.0679012345679012,5,True,20260106,71.9,-0.1123456790123456,0.025925925925925908,-0.1123456790123456,8,True
5608,四維航,20221201,20221202,26.0,entered,True,20221202,25.8,-0.007692307692307665,0.007692307692307665,-0.009615384615384581,1,True,20221206,25.15,-0.0326923076923078,0.007692307692307665,-0.038461538461538436,3,True,20221208,25.05,-0.03653846153846152,0.007692307692307665,-0.050000000000000044,5,True,20221213,25.6,-0.01538461538461533,0.007692307692307665,-0.050000000000000044,8,True
5608,四維航,20240514,20240515,22.95,entered,True,20240515,21.7,-0.05446623093681913,0.0,-0.05882352941176461,1,True,20240517,21.3,-0.07189542483660127,0.0,-0.08496732026143783,3,True,20240521,20.55,-0.10457516339869277,0.0,-0.10893246187363836,5,True,20240524,20.75,-0.0958605664488017,0.0,-0.10893246187363836,8,True
5706,鳳凰,20230216,20230217,71.0,entered,True,20230217,71.9,0.012676056338028152,0.016901408450704203,-0.011267605633802802,1,True,20230221,68.8,-0.030985915492957816,0.023943661971830954,-0.05774647887323936,3,True,20230223,70.9,-0.0014084507042252392,0.028169014084507005,-0.05774647887323936,5,True,20230302,69.0,-0.028169014084507005,0.028169014084507005,-0.05774647887323936,8,True
5706,鳳凰,20230519,20230522,71.4,entered,True,20230522,71.8,0.0056022408963585235,0.014005602240896309,-0.019607843137254943,1,True,20230524,86.7,0.2142857142857142,0.2142857142857142,-0.019607843137254943,3,True,20230526,87.9,0.23109243697478998,0.35154061624649846,-0.019607843137254943,5,True,20230531,99.1,0.38795518207282886,0.38795518207282886,-0.019607843137254943,8,True
5871,中租-KY,20230130,20230131,236.5,entered,True,20230131,225.0,-0.04862579281183932,0.0021141649048626032,-0.04862579281183932,1,True,20230202,231.0,-0.023255813953488413,0.0021141649048626032,-0.04862579281183932,3,True,20230206,227.5,-0.038054968287526414,0.0021141649048626032,-0.059196617336152224,5,True,20230209,230.5,-0.025369978858350906,0.0021141649048626032,-0.059196617336152224,8,True
5871,中租-KY,20230714,20230717,213.0,entered,True,20230717,215.0,0.009389671361502261,0.014084507042253502,-0.0023474178403756207,1,True,20230719,212.0,-0.0046948356807511304,0.014084507042253502,-0.014084507042253502,3,True,20230721,204.0,-0.04225352112676062,0.014084507042253502,-0.04694835680751175,5,True,20230726,203.5,-0.04460093896713613,0.014084507042253502,-0.04929577464788737,8,True
5871,中租-KY,20231011,20231012,183.5,entered,True,20231012,183.5,0.0,0.0027247956403269047,-0.019073569482288777,1,True,20231016,182.5,-0.00544959128065392,0.0027247956403269047,-0.019073569482288777,3,True,20231018,179.0,-0.02452316076294281,0.0027247956403269047,-0.02997275204359673,5,True,20231023,172.0,-0.06267029972752047,0.0027247956403269047,-0.07084468664850141,8,True
5871,中租-KY,20240925,20240926,154.0,entered,True,20240926,152.0,-0.012987012987012991,0.006493506493506551,-0.01948051948051943,1,True,20240930,163.5,0.06168831168831179,0.0844155844155845,-0.01948051948051943,3,True,20241004,161.5,0.04870129870129869,0.0844155844155845,-0.01948051948051943,5,True,20241009,157.5,0.022727272727272707,0.0844155844155845,-0.01948051948051943,8,True
5871,中租-KY,20250211,20250212,122.5,entered,True,20250212,122.0,-0.004081632653061273,0.020408163265306145,-0.01632653061224487,1,True,20250214,126.5,0.03265306122448974,0.04081632653061229,-0.01632653061224487,3,True,20250218,127.0,0.03673469387755102,0.048979591836734615,-0.01632653061224487,5,True,20250221,129.0,0.05306122448979589,0.05714285714285716,-0.01632653061224487,8,True
5871,中租-KY,20250516,20250519,125.0,entered,True,20250519,125.5,0.0040000000000000036,0.01200000000000001,-0.008000000000000007,1,True,20250521,127.5,0.020000000000000018,0.02400000000000002,-0.008000000000000007,3,True,20250523,128.5,0.028000000000000025,0.06800000000000006,-0.008000000000000007,5,True,20250528,122.5,-0.020000000000000018,0.06800000000000006,-0.03200000000000003,8,True
5871,中租-KY,20251219,20251222,109.5,entered,True,20251222,108.5,-0.0091324200913242,0.0,-0.022831050228310557,1,True,20251224,112.0,0.022831050228310446,0.027397260273972712,-0.022831050228310557,3,True,20251229,108.5,-0.0091324200913242,0.027397260273972712,-0.022831050228310557,5,True,20260102,104.0,-0.05022831050228316,0.027397260273972712,-0.05022831050228316,8,True
5871,中租-KY,20260414,20260415,113.5,entered,True,20260415,116.5,0.026431718061673992,0.03524229074889873,0.0,1,True,20260417,118.0,0.0396475770925111,0.044052863436123246,0.0,3,True,20260421,117.5,0.03524229074889873,0.06607929515418509,0.0,5,True,20260424,121.5,0.07048458149779746,0.08370044052863435,0.0,8,True
6104,創惟,20230130,20230131,103.0,entered,True,20230131,104.5,0.014563106796116498,0.01941747572815533,-0.009708737864077666,1,True,20230202,108.5,0.05339805825242716,0.07766990291262132,-0.009708737864077666,3,True,20230206,119.0,0.15533980582524265,0.16019417475728148,-0.009708737864077666,5,True,20230209,117.0,0.13592233009708732,0.16019417475728148,-0.009708737864077666,8,True
6104,創惟,20230217,20230220,125.5,entered,True,20230220,127.5,0.015936254980079667,0.031872509960159334,-0.01195219123505975,1,True,20230222,122.5,-0.0239043824701195,0.03585657370517925,-0.047808764940239,3,True,20230224,124.0,-0.01195219123505975,0.03984063745019917,-0.047808764940239,5,True,20230303,127.0,0.01195219123505975,0.03984063745019917,-0.047808764940239,8,True
6104,創惟,20231115,20231116,117.5,entered,True,20231116,114.0,-0.029787234042553234,0.0,-0.04680851063829783,1,True,20231120,119.5,0.017021276595744705,0.05957446808510647,-0.04680851063829783,3,True,20231122,128.0,0.08936170212765959,0.09787234042553195,-0.04680851063829783,5,True,20231127,126.5,0.07659574468085117,0.1574468085106382,-0.04680851063829783,8,True
6104,創惟,20231122,20231123,130.0,entered,True,20231123,128.0,-0.01538461538461533,0.026923076923076827,-0.0461538461538461,1,True,20231127,126.5,-0.02692307692307694,0.04615384615384621,-0.0461538461538461,3,True,20231129,136.5,0.050000000000000044,0.05769230769230771,-0.0461538461538461,5,True,20231204,129.5,-0.0038461538461538325,0.06153846153846154,-0.0461538461538461,8,True
6104,創惟,20250514,20250515,168.5,entered,True,20250515,178.0,0.05637982195845703,0.05637982195845703,-0.0029673590504450953,1,True,20250519,176.5,0.04747774480712175,0.0741839762611276,-0.0029673590504450953,3,True,20250521,173.0,0.026706231454005858,0.0741839762611276,-0.0029673590504450953,5,True,20250526,166.0,-0.014836795252225476,0.0741839762611276,-0.014836795252225476,8,True
6104,創惟,20260622,20260623,110.0,entered,True,20260623,105.5,-0.040909090909090895,0.009090909090909038,-0.054545454545454564,1,True,20260625,102.5,-0.06818181818181823,0.009090909090909038,-0.07272727272727275,3,True,20260629,101.5,-0.07727272727272727,0.009090909090909038,-0.12727272727272732,5,True,20260702,104.5,-0.050000000000000044,0.009090909090909038,-0.12727272727272732,8,True
6111,大宇資,20240122,20240123,83.9,entered,True,20240123,81.4,-0.02979737783075087,0.0023837902264598476,-0.03933253873659126,1,True,20240125,77.6,-0.07508939213349242,0.02741358760429069,-0.08104886769964259,3,True,20240129,77.6,-0.07508939213349242,0.02741358760429069,-0.09654350417163304,5,True,20240201,76.2,-0.09177592371871279,0.02741358760429069,-0.09654350417163304,8,True
6117,迎廣,20240306,20240307,88.0,entered,True,20240307,78.5,-0.10795454545454541,0.018181818181818077,-0.11818181818181828,1,True,20240311,76.8,-0.12727272727272732,0.018181818181818077,-0.15909090909090906,3,True,20240313,79.6,-0.09545454545454557,0.018181818181818077,-0.15909090909090906,5,True,20240318,82.2,-0.06590909090909092,0.018181818181818077,-0.15909090909090906,8,True
6117,迎廣,20250527,20250528,103.0,entered,True,20250528,100.5,-0.024271844660194164,0.04854368932038833,-0.05339805825242716,1,True,20250602,92.6,-0.10097087378640779,0.04854368932038833,-0.10970873786407764,3,True,20250604,94.6,-0.08155339805825246,0.04854368932038833,-0.11359223300970878,5,True,20250609,96.5,-0.06310679611650483,0.04854368932038833,-0.11359223300970878,8,True
6122,擎邦,20231114,20231115,68.0,entered,True,20231115,68.1,0.0014705882352941124,0.02941176470588225,-0.010294117647058898,1,True,20231117,72.6,0.0676470588235294,0.07058823529411762,-0.014705882352941124,3,True,20231121,72.0,0.05882352941176472,0.1014705882352942,-0.014705882352941124,5,True,20231124,67.8,-0.002941176470588225,0.1367647058823529,-0.014705882352941124,8,True
6125,廣運,20220609,20220610,27.8,entered,True,20220610,28.0,0.007194244604316502,0.007194244604316502,-0.01258992805755399,1,True,20220614,28.15,0.012589928057553879,0.01618705035971213,-0.01618705035971224,3,True,20220616,27.1,-0.025179856115107868,0.03237410071942448,-0.025179856115107868,5,True,20220621,27.8,0.0,0.03597122302158273,-0.025179856115107868,8,True
6125,廣運,20220819,20220822,32.15,entered,True,20220822,32.25,0.0031104199066873672,0.017107309486780853,-0.035769828926905056,1,True,20220824,31.55,-0.018662519440124314,0.017107309486780853,-0.035769828926905056,3,True,20220826,31.15,-0.031104199066874005,0.034214618973561484,-0.035769828926905056,5,True,20220831,33.4,0.038880248833592645,0.038880248833592645,-0.07620528771384139,8,True
6125,廣運,20230308,20230309,28.85,entered,True,20230309,28.6,-0.008665511265164683,0.017331022530329365,-0.012131715771230511,1,True,20230313,27.65,-0.04159445407279039,0.017331022530329365,-0.06412478336221838,3,True,20230315,29.35,0.017331022530329365,0.03986135181975725,-0.06412478336221838,5,True,20230320,29.45,0.020797227036394972,0.03986135181975725,-0.06412478336221838,8,True
6125,廣運,20240215,20240216,66.0,entered,True,20240216,70.8,0.07272727272727275,0.0924242424242423,-0.009090909090909038,1,True,20240220,74.7,0.13181818181818183,0.16666666666666674,-0.009090909090909038,3,True,20240222,76.5,0.15909090909090917,0.19090909090909092,-0.009090909090909038,5,True,20240227,77.5,0.1742424242424243,0.2848484848484849,-0.009090909090909038,8,True
6125,廣運,20240520,20240521,97.2,entered,True,20240521,105.0,0.08024691358024683,0.08024691358024683,-0.012345679012345734,1,True,20240523,114.0,0.17283950617283939,0.17283950617283939,-0.012345679012345734,3,True,20240527,124.0,0.27572016460905346,0.34259259259259256,-0.012345679012345734,5,True,20240530,111.5,0.14711934156378592,0.368312757201646,-0.012345679012345734,8,True
6125,廣運,20250724,20250725,74.1,entered,True,20250725,73.8,-0.004048582995951344,0.020242914979757165,-0.01754385964912275,1,True,20250729,73.2,-0.012145748987854144,0.020242914979757165,-0.022941970310391246,3,True,20250731,73.5,-0.0080971659919028,0.020242914979757165,-0.0323886639676112,5,True,20250805,74.6,0.006747638326585648,0.03508771929824572,-0.0323886639676112,8,True
6125,廣運,20260526,20260527,69.5,entered,True,20260527,65.8,-0.05323741007194249,0.030215827338129442,-0.05755395683453235,1,True,20260529,66.7,-0.04028776978417259,0.030215827338129442,-0.06618705035971217,3,True,20260602,71.0,0.021582733812949728,0.09208633093525198,-0.06618705035971217,5,True,20260605,64.8,-0.06762589928057561,0.09208633093525198,-0.07913669064748197,8,True
6127,九豪,20220105,20220106,31.8,entered,True,20220106,31.6,-0.0062893081761006275,0.007861635220125729,-0.03144654088050314,1,True,20220110,30.1,-0.053459119496855334,0.007861635220125729,-0.0691823899371069,3,True,20220112,29.7,-0.0660377358490567,0.007861635220125729,-0.09591194968553463,5,True,20220117,29.35,-0.07704402515723263,0.007861635220125729,-0.09591194968553463,8,True
6129,普誠,20220805,20220808,37.4,entered,True,20220808,37.85,0.012032085561497485,0.03609625668449201,-0.016042780748663166,1,True,20220810,38.8,0.03743315508021383,0.06149732620320858,-0.016042780748663166,3,True,20220812,40.0,0.06951871657754016,0.12299465240641716,-0.016042780748663166,5,True,20220817,41.9,0.1203208556149733,0.13903743315508033,-0.016042780748663166,8,True
6129,普誠,20221124,20221125,32.35,entered,True,20221125,31.25,-0.03400309119010825,0.0,-0.03554868624420404,1,True,20221129,31.85,-0.015455950540958274,0.02472952086553315,-0.051004636785162316,3,True,20221201,32.65,0.009273570324574765,0.037094281298299725,-0.051004636785162316,5,True,20221206,35.0,0.08191653786707875,0.14374034003091185,-0.051004636785162316,8,True
6129,普誠,20230308,20230309,38.9,entered,True,20230309,38.05,-0.02185089974293064,0.007712082262210984,-0.023136246786632397,1,True,20230313,36.1,-0.0719794344473007,0.007712082262210984,-0.0951156812339331,3,True,20230315,37.0,-0.04884318766066831,0.007712082262210984,-0.0951156812339331,5,True,20230320,36.0,-0.07455012853470433,0.007712082262210984,-0.0951156812339331,8,True
6134,萬旭,20241016,20241017,44.6,entered,True,20241017,41.55,-0.06838565022421539,0.0033632286995515237,-0.09304932735426008,1,True,20241021,43.85,-0.01681614349775784,0.0033632286995515237,-0.11210762331838564,3,True,20241023,40.85,-0.0840807174887892,0.0033632286995515237,-0.11210762331838564,5,True,20241028,36.55,-0.18049327354260103,0.0033632286995515237,-0.18161434977578483,8,True
6134,萬旭,20260303,20260304,34.3,entered,True,20260304,33.1,-0.03498542274052463,0.005830903790087438,-0.08746355685131191,1,True,20260306,31.95,-0.06851311953352768,0.03498542274052485,-0.09766763848396498,3,True,20260310,29.6,-0.13702623906705524,0.03498542274052485,-0.1603498542274051,5,True,20260313,30.3,-0.11661807580174921,0.03498542274052485,-0.1603498542274051,8,True
6138,茂達,20221202,20221205,146.5,entered,True,20221205,145.5,-0.0068259385665528916,0.017064846416382284,-0.023890784982935176,1,True,20221207,133.5,-0.0887372013651877,0.017064846416382284,-0.0921501706484642,3,True,20221209,131.0,-0.10580204778156999,0.017064846416382284,-0.11262798634812288,5,True,20221214,134.0,-0.08532423208191131,0.017064846416382284,-0.12627986348122866,8,True
6138,茂達,20230410,20230411,168.0,entered,True,20230411,167.0,-0.005952380952380931,0.011904761904761862,-0.017857142857142905,1,True,20230413,164.0,-0.023809523809523836,0.023809523809523725,-0.03273809523809523,3,True,20230417,173.0,0.029761904761904656,0.05654761904761907,-0.03273809523809523,5,True,20230420,168.0,0.0,0.07440476190476186,-0.03273809523809523,8,True
6138,茂達,20231114,20231115,184.5,entered,True,20231115,183.5,-0.005420054200542035,0.01897018970189701,-0.035230352303523005,1,True,20231117,185.0,0.0027100271002709064,0.01897018970189701,-0.04065040650406504,3,True,20231121,207.0,0.12195121951219523,0.1517615176151761,-0.04065040650406504,5,True,20231124,199.0,0.07859078590785917,0.1680216802168022,-0.04065040650406504,8,True
6139,亞翔,20221205,20221206,37.0,entered,True,20221206,37.15,0.004054054054054124,0.021621621621621623,-0.013513513513513487,1,True,20221208,37.35,0.009459459459459474,0.024324324324324298,-0.050000000000000044,3,True,20221212,38.1,0.02972972972972987,0.03648648648648645,-0.050000000000000044,5,True,20221215,38.35,0.03648648648648645,0.043243243243243246,-0.050000000000000044,8,True
6139,亞翔,20230406,20230407,50.0,entered,True,20230407,48.25,-0.03500000000000003,0.008000000000000007,-0.03599999999999992,1,True,20230411,47.6,-0.04799999999999993,0.008000000000000007,-0.050999999999999934,3,True,20230413,46.8,-0.06400000000000006,0.008000000000000007,-0.06599999999999995,5,True,20230418,45.9,-0.08200000000000007,0.008000000000000007,-0.08299999999999996,8,True
6139,亞翔,20230517,20230518,62.0,entered,True,20230518,62.6,0.00967741935483879,0.016129032258064502,-0.012903225806451535,1,True,20230522,64.6,0.04193548387096757,0.05806451612903207,-0.012903225806451535,3,True,20230524,64.5,0.040322580645161255,0.05806451612903207,-0.012903225806451535,5,True,20230529,63.8,0.029032258064516148,0.06290322580645169,-0.012903225806451535,8,True
6139,亞翔,20231120,20231121,146.0,entered,True,20231121,149.0,0.020547945205479534,0.03767123287671237,-0.013698630136986356,1,True,20231123,141.5,-0.03082191780821919,0.09246575342465757,-0.03082191780821919,3,True,20231127,144.0,-0.013698630136986356,0.09246575342465757,-0.0547945205479452,5,True,20231130,146.0,0.0,0.09246575342465757,-0.0547945205479452,8,True
6139,亞翔,20231212,20231213,167.0,entered,True,20231213,158.5,-0.050898203592814384,0.0029940119760478723,-0.05688622754491013,1,True,20231215,158.5,-0.050898203592814384,0.0029940119760478723,-0.07784431137724546,3,True,20231219,157.0,-0.05988023952095811,0.0029940119760478723,-0.08682634730538918,5,True,20231222,157.0,-0.05988023952095811,0.0029940119760478723,-0.08982035928143717,8,True
6139,亞翔,20231229,20240102,171.5,entered,True,20240102,163.5,-0.04664723032069973,0.011661807580174877,-0.08454810495626819,1,True,20240104,161.0,-0.061224489795918324,0.011661807580174877,-0.08454810495626819,3,True,20240108,166.5,-0.029154518950437303,0.011661807580174877,-0.08454810495626819,5,True,20240111,156.5,-0.08746355685131191,0.011661807580174877,-0.09037900874635574,8,True
6139,亞翔,20240321,20240322,197.0,entered,True,20240322,207.5,0.053299492385786795,0.053299492385786795,0.0,1,True,20240326,208.5,0.058375634517766395,0.09898477157360408,-0.0025380710659898,3,True,20240328,226.0,0.14720812182741128,0.14720812182741128,-0.0025380710659898,5,True,20240402,279.0,0.41624365482233494,0.42639593908629436,-0.0025380710659898,8,True
6139,亞翔,20241021,20241022,234.5,entered,True,20241022,235.0,0.002132196162046851,0.031982942430703654,-0.008528784648187626,1,True,20241024,226.0,-0.03624733475479747,0.031982942430703654,-0.03624733475479747,3,True,20241028,228.5,-0.02558635394456288,0.031982942430703654,-0.04264392324093813,5,True,20241101,233.0,-0.006396588486140775,0.031982942430703654,-0.0639658848614072,8,True
6139,亞翔,20250120,20250121,241.5,entered,True,20250121,241.0,-0.0020703933747412417,0.010351966873705987,-0.018633540372670843,1,True,20250203,250.0,0.035196687370600444,0.04761904761904767,-0.024844720496894457,3,True,20250205,243.5,0.008281573498964745,0.049689440993788914,-0.024844720496894457,5,True,20250210,247.5,0.024844720496894457,0.049689440993788914,-0.024844720496894457,8,True
6139,亞翔,20250624,20250625,342.0,entered,True,20250625,338.0,-0.011695906432748537,0.026315789473684292,-0.02777777777777779,1,True,20250627,309.5,-0.09502923976608191,0.026315789473684292,-0.10380116959064323,3,True,20250701,310.5,-0.09210526315789469,0.026315789473684292,-0.10672514619883045,5,True,20250704,298.5,-0.1271929824561403,0.026315789473684292,-0.1271929824561403,8,True
6143,振曜,20221125,20221128,75.7,entered,True,20221128,76.2,0.006605019815059343,0.022457067371202122,-0.02774108322324975,1,True,20221130,74.6,-0.014531043593130843,0.022457067371202122,-0.039630118890356725,3,True,20221202,73.9,-0.023778071334213946,0.023778071334213946,-0.039630118890356725,5,True,20221207,69.2,-0.08586525759577279,0.04095112285336855,-0.09775429326287988,8,True
6143,振曜,20230202,20230203,79.3,entered,True,20230203,77.4,-0.02395964691046648,0.020176544766708826,-0.032786885245901565,1,True,20230207,76.7,-0.032786885245901565,0.020176544766708826,-0.034047919293821005,3,True,20230209,80.7,0.017654476670870167,0.030264817150063017,-0.034047919293821005,5,True,20230214,77.1,-0.02774274905422447,0.04287515762925609,-0.06557377049180335,8,True
6143,振曜,20230216,20230217,81.7,entered,True,20230217,88.0,0.07711138310893517,0.0844553243574051,0.0,1,True,20230221,89.9,0.10036719706242359,0.10648714810281512,0.0,3,True,20230223,89.4,0.09424724602203183,0.10893512851897169,0.0,5,True,20230302,88.4,0.08200734394124853,0.11872705018359864,0.0,8,True
6143,振曜,20230324,20230327,106.5,entered,True,20230327,106.5,0.0,0.014084507042253502,-0.028169014084507005,1,True,20230329,105.5,-0.009389671361502372,0.014084507042253502,-0.06760563380281692,3,True,20230331,102.0,-0.04225352112676062,0.04694835680751175,-0.06760563380281692,5,True,20230410,101.5,-0.04694835680751175,0.04694835680751175,-0.06760563380281692,8,True
6143,振曜,20230614,20230615,96.0,entered,True,20230615,94.3,-0.017708333333333326,0.013541666666666563,-0.023958333333333304,1,True,20230619,93.9,-0.021874999999999978,0.013541666666666563,-0.039583333333333304,3,True,20230621,91.2,-0.04999999999999993,0.013541666666666563,-0.054166666666666696,5,True,20230628,87.0,-0.09375,0.013541666666666563,-0.10312500000000002,8,True
6143,振曜,20231113,20231114,91.4,entered,True,20231114,92.4,0.010940919037199182,0.027352297592997843,-0.005470459518599591,1,True,20231116,90.9,-0.005470459518599591,0.037199124726476906,-0.025164113785558162,3,True,20231120,91.6,0.002188183807439792,0.037199124726476906,-0.025164113785558162,5,True,20231123,90.6,-0.00875273522975939,0.037199124726476906,-0.025164113785558162,8,True
6143,振曜,20240305,20240306,104.5,entered,True,20240306,107.0,0.02392344497607657,0.04784688995215314,0.0,1,True,20240308,99.9,-0.04401913875598085,0.10526315789473695,-0.04401913875598085,3,True,20240312,97.1,-0.07081339712918666,0.10526315789473695,-0.07655502392344493,5,True,20240315,94.1,-0.09952153110047857,0.10526315789473695,-0.1004784688995215,8,True
6143,振曜,20240614,20240617,141.0,entered,True,20240617,138.0,-0.021276595744680882,0.0,-0.03900709219858156,1,True,20240619,138.0,-0.021276595744680882,0.010638297872340496,-0.04255319148936165,3,True,20240621,139.5,-0.010638297872340385,0.010638297872340496,-0.04255319148936165,5,True,20240626,135.0,-0.04255319148936165,0.010638297872340496,-0.09219858156028371,8,True
6143,振曜,20250905,20250908,150.5,entered,True,20250908,151.0,0.0033222591362125353,0.009966777408637828,-0.03322259136212624,1,True,20250910,150.0,-0.0033222591362126463,0.02657807308970095,-0.03322259136212624,3,True,20250912,146.0,-0.029900332225913595,0.02657807308970095,-0.05315614617940201,5,True,20250917,140.0,-0.06976744186046513,0.02657807308970095,-0.07308970099667778,8,True
6147,頎邦,20221116,20221117,58.8,entered,True,20221117,59.3,0.008503401360544283,0.010204081632653184,-0.008503401360544172,1,True,20221121,58.3,-0.008503401360544172,0.011904761904761862,-0.008503401360544172,3,True,20221123,58.9,0.001700680272108901,0.011904761904761862,-0.017006802721088454,5,True,20221128,57.7,-0.018707482993197133,0.011904761904761862,-0.022108843537414935,8,True
6147,頎邦,20230301,20230302,69.2,entered,True,20230302,69.0,-0.0028901734104046506,0.0014450867052022698,-0.011560693641618491,1,True,20230306,70.2,0.014450867052023142,0.023121387283236983,-0.011560693641618491,3,True,20230308,70.4,0.01734104046242768,0.023121387283236983,-0.011560693641618491,5,True,20230313,70.3,0.01589595375722541,0.028901734104046284,-0.011560693641618491,8,True
6147,頎邦,20230728,20230731,70.4,entered,True,20230731,69.4,-0.014204545454545414,0.0042613636363635354,-0.022727272727272818,1,True,20230802,67.4,-0.042613636363636354,0.0042613636363635354,-0.05113636363636376,3,True,20230807,68.7,-0.024147727272727293,0.0042613636363635354,-0.05113636363636376,5,True,20230810,67.4,-0.042613636363636354,0.0042613636363635354,-0.05965909090909094,8,True
6147,頎邦,20231212,20231213,71.7,entered,True,20231213,73.8,0.029288702928870203,0.029288702928870203,-0.006973500697350032,1,True,20231215,76.8,0.07112970711297062,0.11715481171548103,-0.006973500697350032,3,True,20231219,72.6,0.012552301255229992,0.11715481171548103,-0.006973500697350032,5,True,20231222,73.3,0.02231520223152006,0.11715481171548103,-0.006973500697350032,8,True
6147,頎邦,20240313,20240314,78.4,entered,True,20240314,77.5,-0.011479591836734748,0.003826530612244916,-0.02423469387755106,1,True,20240318,77.4,-0.012755102040816313,0.003826530612244916,-0.026785714285714413,3,True,20240320,77.6,-0.010204081632653184,0.030612244897959107,-0.026785714285714413,5,True,20240325,75.1,-0.042091836734693966,0.030612244897959107,-0.04974489795918369,8,True
6147,頎邦,20260508,20260511,191.0,entered,True,20260511,196.5,0.028795811518324665,0.10732984293193715,-0.020942408376963373,1,True,20260513,192.0,0.005235602094240788,0.10732984293193715,-0.04450261780104714,3,True,20260515,205.0,0.0732984293193717,0.10732984293193715,-0.07853403141361259,5,True,20260520,215.5,0.12827225130890052,0.15706806282722519,-0.07853403141361259,8,True
6153,嘉聯益,20220601,20220602,23.45,entered,True,20220602,23.8,0.014925373134328401,0.023454157782516027,-0.006396588486140664,1,True,20220607,23.75,0.01279317697228155,0.04051172707889128,-0.006396588486140664,3,True,20220609,23.95,0.021321961620469176,0.04051172707889128,-0.006396588486140664,5,True,20220614,24.3,0.03624733475479758,0.04051172707889128,-0.006396588486140664,8,True
6153,嘉聯益,20240830,20240902,24.0,entered,True,20240902,23.35,-0.027083333333333237,0.002083333333333437,-0.03541666666666676,1,True,20240904,21.15,-0.11875000000000002,0.002083333333333437,-0.12916666666666676,3,True,20240906,21.3,-0.11249999999999993,0.002083333333333437,-0.13124999999999998,5,True,20240911,20.5,-0.14583333333333337,0.002083333333333437,-0.15416666666666667,8,True
6160,欣技,20230324,20230327,28.55,entered,True,20230327,28.45,-0.00350262697022774,0.0,-0.042031523642731994,1,True,20230329,27.6,-0.03327495621716281,0.007005253940455258,-0.042031523642731994,3,True,20230331,28.15,-0.014010507880910739,0.01050788091068311,-0.042031523642731994,5,True,20230410,30.25,0.05954465849387036,0.0753064798598948,-0.042031523642731994,8,True
6163,華電網,20230331,20230406,21.6,entered,True,20230406,21.55,-0.0023148148148148806,0.03009259259259256,-0.0185185185185186,1,True,20230410,21.95,0.016203703703703498,0.03009259259259256,-0.03703703703703709,3,True,20230412,23.85,0.10416666666666674,0.10416666666666674,-0.06712962962962976,5,True,20230417,24.45,0.13194444444444442,0.1782407407407407,-0.06712962962962976,8,True
6163,華電網,20240711,20240712,26.05,entered,True,20240712,26.05,0.0,0.04414587332053732,-0.017274472168905874,1,True,20240716,24.9,-0.04414587332053754,0.04414587332053732,-0.04798464491362764,3,True,20240718,26.85,0.030710172744721653,0.0499040307101728,-0.04798464491362764,5,True,20240723,25.6,-0.017274472168905874,0.09213051823416496,-0.04798464491362764,8,True
6166,凌華,20230725,20230726,82.8,entered,True,20230726,76.6,-0.0748792270531401,0.019323671497584627,-0.07850241545893721,1,True,20230728,73.2,-0.1159420289855072,0.019323671497584627,-0.12922705314009664,3,True,20230801,71.2,-0.14009661835748788,0.019323671497584627,-0.14251207729468596,5,True,20230807,70.5,-0.14855072463768115,0.019323671497584627,-0.19927536231884058,8,True
6166,凌華,20260511,20260512,96.5,entered,True,20260512,101.5,0.051813471502590636,0.051813471502590636,-0.034196891191709766,1,True,20260514,111.5,0.15544041450777213,0.20207253886010368,-0.034196891191709766,3,True,20260518,113.5,0.17616580310880825,0.24870466321243523,-0.034196891191709766,5,True,20260521,118.5,0.22797927461139889,0.27461139896373066,-0.034196891191709766,8,True
6168,宏齊,20240223,20240226,29.9,entered,True,20240226,27.1,-0.09364548494983271,0.008361204013378032,-0.09866220735785947,1,True,20240229,26.8,-0.10367892976588622,0.008361204013378032,-0.12374581939799334,3,True,20240304,26.45,-0.11538461538461542,0.008361204013378032,-0.12374581939799334,5,True,20240307,25.75,-0.1387959866220735,0.008361204013378032,-0.14046822742474918,8,True
6168,宏齊,20260624,20260625,34.3,entered,True,20260625,32.8,-0.04373177842565601,0.0276967930029155,-0.04373177842565601,1,True,20260629,29.8,-0.1311953352769678,0.0276967930029155,-0.13994169096209907,3,True,20260701,30.15,-0.12099125364431484,0.0276967930029155,-0.13994169096209907,5,True,20260706,29.9,-0.1282798833819242,0.0276967930029155,-0.141399416909621,8,True
6168,宏齊,20260827,20260828,29.6,censored,False,20260828,28.85,-0.02533783783783783,0.0016891891891890332,-0.030405405405405483,1,True,,,,,,0,False,,,,,,0,False,,,,,,0,False
6173,信昌電,20260102,20260105,71.1,entered,True,20260105,69.2,-0.02672292545710253,0.021097046413502074,-0.043600562587904235,1,True,20260107,67.5,-0.050632911392405,0.021097046413502074,-0.050632911392405,3,True,20260109,65.9,-0.07313642756680716,0.021097046413502074,-0.09985935302390991,5,True,20260114,76.6,0.07735583684950775,0.07735583684950775,-0.09985935302390991,8,True
6173,信昌電,20260415,20260416,76.3,entered,True,20260416,83.9,0.09960681520314552,0.09960681520314552,-0.02096985583224109,1,True,20260420,90.7,0.18872870249017049,0.2450851900393185,-0.02096985583224109,3,True,20260422,88.5,0.15989515072083882,0.2450851900393185,-0.02096985583224109,5,True,20260427,77.4,0.014416775884665833,0.2450851900393185,-0.03407601572739183,8,True
6175,立敦,20251209,20251210,52.4,entered,True,20251210,52.0,-0.007633587786259555,0.020992366412213803,-0.007633587786259555,1,True,20251212,53.4,0.01908396946564883,0.022900763358778775,-0.01908396946564883,3,True,20251216,49.0,-0.06488549618320605,0.022900763358778775,-0.0830152671755725,5,True,20251219,53.0,0.011450381679389388,0.028625954198473247,-0.0830152671755725,8,True
6176,瑞儀,20240308,20240311,170.0,entered,True,20240311,167.5,-0.014705882352941124,0.0117647058823529,-0.02352941176470591,1,True,20240313,184.0,0.08235294117647052,0.09411764705882364,-0.02352941176470591,3,True,20240315,172.5,0.014705882352941124,0.11176470588235299,-0.02352941176470591,5,True,20240320,188.5,0.10882352941176476,0.18823529411764706,-0.02352941176470591,8,True
6176,瑞儀,20240830,20240902,197.5,entered,True,20240902,199.5,0.010126582278481067,0.010126582278481067,-0.012658227848101222,1,True,20240904,196.0,-0.0075949367088608,0.020253164556962133,-0.048101265822784844,3,True,20240906,195.0,-0.012658227848101222,0.025316455696202445,-0.048101265822784844,5,True,20240911,196.5,-0.005063291139240533,0.025316455696202445,-0.048101265822784844,8,True
6176,瑞儀,20241021,20241022,213.0,entered,True,20241022,212.0,-0.0046948356807511304,0.0,-0.023474178403755874,1,True,20241024,210.0,-0.014084507042253502,0.016431924882629012,-0.023474178403755874,3,True,20241028,215.0,0.009389671361502261,0.016431924882629012,-0.023474178403755874,5,True,20241101,208.0,-0.023474178403755874,0.018779342723004744,-0.039906103286385,8,True
6176,瑞儀,20251224,20251226,130.5,entered,True,20251226,128.5,-0.01532567049808431,0.003831417624521105,-0.03065134099616862,1,True,20251230,125.5,-0.03831417624521072,0.003831417624521105,-0.05747126436781613,3,True,20260102,122.5,-0.06130268199233713,0.003831417624521105,-0.06896551724137934,5,True,20260107,124.0,-0.04980842911877392,0.003831417624521105,-0.09195402298850575,8,True
6177,達麗,20240408,20240409,45.4,entered,True,20240409,45.3,-0.0022026431718061845,0.006607929515418665,-0.012114537444933848,1,True,20240411,46.35,0.020925110132158586,0.052863436123347984,-0.012114537444933848,3,True,20240415,46.05,0.014317180616740144,0.05726872246696035,-0.012114537444933848,5,True,20240418,47.45,0.045154185022026505,0.05726872246696035,-0.01541850220264307,8,True
6177,達麗,20240430,20240502,65.0,entered,True,20240502,64.3,-0.010769230769230864,0.05384615384615388,-0.021538461538461506,1,True,20240506,68.3,0.05076923076923068,0.0923076923076922,-0.03384615384615386,3,True,20240508,67.0,0.03076923076923066,0.10461538461538455,-0.03384615384615386,5,True,20240513,60.0,-0.07692307692307687,0.10461538461538455,-0.0953846153846154,8,True
6177,達麗,20250917,20250918,54.2,entered,True,20250918,53.4,-0.014760147601476148,0.01845018450184499,-0.027675276752767486,1,True,20250922,50.2,-0.07380073800738007,0.01845018450184499,-0.09132841328413288,3,True,20250924,50.1,-0.07564575645756455,0.01845018450184499,-0.09132841328413288,5,True,20250930,49.15,-0.09317343173431747,0.01845018450184499,-0.0996309963099632,8,True
6179,亞通,20240129,20240130,33.6,entered,True,20240130,33.15,-0.013392857142857206,0.004464285714285587,-0.04166666666666663,1,True,20240201,35.0,0.04166666666666652,0.059523809523809534,-0.04166666666666663,3,True,20240205,34.5,0.02678571428571419,0.059523809523809534,-0.04166666666666663,5,True,20240219,34.55,0.028273809523809312,0.06696428571428581,-0.04166666666666663,8,True
6179,亞通,20240229,20240301,36.5,entered,True,20240301,35.75,-0.020547945205479423,0.013698630136986356,-0.0273972602739726,1,True,20240305,34.9,-0.043835616438356206,0.013698630136986356,-0.05753424657534245,3,True,20240307,35.25,-0.03424657534246578,0.019178082191780854,-0.05753424657534245,5,True,20240312,34.3,-0.06027397260273981,0.019178082191780854,-0.09452054794520559,8,True
6182,合晶,20220825,20220826,54.5,entered,True,20220826,52.7,-0.03302752293577982,0.0,-0.034862385321100864,1,True,20220830,52.0,-0.04587155963302747,0.0,-0.07706422018348624,3,True,20220901,51.1,-0.062385321100917435,0.0,-0.07706422018348624,5,True,20220906,47.3,-0.13211009174311927,0.0,-0.13761467889908252,8,True
6182,合晶,20221111,20221114,45.25,entered,True,20221114,45.0,-0.0055248618784530246,0.00773480662983439,-0.015469613259668558,1,True,20221116,46.1,0.01878453038674044,0.023204419889502725,-0.015469613259668558,3,True,20221118,45.65,0.008839779005524795,0.02541436464088398,-0.015469613259668558,5,True,20221123,45.2,-0.001104972375690516,0.03314917127071815,-0.015469613259668558,8,True
6182,合晶,20221201,20221202,47.65,entered,True,20221202,47.6,-0.0010493179433367361,0.00734522560335793,-0.008394543546694666,1,True,20221206,46.0,-0.0346274921301154,0.009443861490031624,-0.03882476390346279,3,True,20221208,44.85,-0.05876180482686244,0.009443861490031624,-0.0692549842602308,5,True,20221213,43.85,-0.07974816369359905,0.009443861490031624,-0.08604407135362013,8,True
6182,合晶,20230130,20230131,44.4,entered,True,20230131,44.85,0.01013513513513531,0.013513513513513598,-0.009009009009009028,1,True,20230202,46.1,0.03828828828828845,0.04504504504504503,-0.009009009009009028,3,True,20230206,44.7,0.006756756756756799,0.04504504504504503,-0.009009009009009028,5,True,20230209,46.65,0.05067567567567566,0.06306306306306309,-0.009009009009009028,8,True
6182,合晶,20230322,20230323,48.75,entered,True,20230323,49.55,0.016410256410256396,0.016410256410256396,-0.008205128205128198,1,True,20230327,48.9,0.003076923076922977,0.019487179487179596,-0.008205128205128198,3,True,20230329,48.0,-0.01538461538461533,0.019487179487179596,-0.022564102564102573,5,True,20230406,47.6,-0.023589743589743528,0.019487179487179596,-0.026666666666666616,8,True
6182,合晶,20240705,20240708,42.0,entered,True,20240708,41.05,-0.02261904761904765,0.0,-0.027380952380952395,1,True,20240710,40.0,-0.04761904761904767,0.0,-0.05238095238095242,3,True,20240712,40.7,-0.030952380952380842,0.0,-0.05238095238095242,5,True,20240717,40.05,-0.046428571428571486,0.0,-0.05238095238095242,8,True
6182,合晶,20250821,20250822,25.4,entered,True,20250822,24.6,-0.03149606299212593,0.0019685039370078705,-0.0334645669291338,1,True,20250826,24.4,-0.03937007874015752,0.0019685039370078705,-0.055118110236220375,3,True,20250828,24.3,-0.04330708661417315,0.003937007874015741,-0.055118110236220375,5,True,20250902,23.2,-0.08661417322834641,0.003937007874015741,-0.09055118110236204,8,True
6182,合晶,20250905,20250908,25.8,entered,True,20250908,26.15,0.013565891472868241,0.03100775193798455,-0.02713178294573637,1,True,20250910,25.3,-0.019379844961240345,0.03100775193798455,-0.02713178294573637,3,True,20250912,27.1,0.050387596899224896,0.050387596899224896,-0.04457364341085279,5,True,20250917,33.1,0.2829457364341086,0.34883720930232553,-0.04457364341085279,8,True
6182,合晶,20260422,20260423,46.2,entered,True,20260423,40.7,-0.11904761904761907,0.051948051948051965,-0.12337662337662347,1,True,20260427,40.3,-0.12770562770562777,0.051948051948051965,-0.14069264069264065,3,True,20260429,39.0,-0.1558441558441559,0.051948051948051965,-0.1699134199134199,5,True,20260505,48.5,0.04978354978354971,0.051948051948051965,-0.1699134199134199,8,True
6182,合晶,20260506,20260507,51.5,entered,True,20260507,55.6,0.07961165048543695,0.07961165048543695,-0.009708737864077666,1,True,20260511,58.6,0.13786407766990294,0.1941747572815533,-0.009708737864077666,3,True,20260513,55.3,0.0737864077669903,0.1941747572815533,-0.009708737864077666,5,True,20260518,55.0,0.06796116504854366,0.1941747572815533,-0.009708737864077666,8,True
6185,幃翔,20230605,20230606,27.05,entered,True,20230606,26.1,-0.03512014787430684,0.005545286506469349,-0.0739371534195934,1,True,20230608,25.2,-0.06839186691312393,0.005545286506469349,-0.0739371534195934,3,True,20230612,23.65,-0.12569316081330872,0.005545286506469349,-0.14232902033271722,5,True,20230615,22.65,-0.16266173752310542,0.005545286506469349,-0.17375231053604434,8,True
6187,萬潤,20231225,20231226,142.0,entered,True,20231226,137.5,-0.03169014084507038,0.0035211267605634866,-0.03169014084507038,1,True,20231228,148.5,0.045774647887323994,0.04929577464788726,-0.03169014084507038,3,True,20240102,142.0,0.0,0.06690140845070425,-0.03169014084507038,5,True,20240105,142.5,0.0035211267605634866,0.06690140845070425,-0.03873239436619713,8,True
6187,萬潤,20240709,20240710,352.5,entered,True,20240710,341.0,-0.03262411347517735,0.03546099290780136,-0.04397163120567371,1,True,20240712,285.0,-0.19148936170212771,0.03546099290780136,-0.19148936170212771,3,True,20240716,260.0,-0.26241134751773054,0.03546099290780136,-0.26241134751773054,5,True,20240719,256.5,-0.27234042553191484,0.03546099290780136,-0.3262411347517731,8,True
6187,萬潤,20250612,20250613,350.0,entered,True,20250613,352.5,0.0071428571428571175,0.03571428571428581,0.0,1,True,20250617,360.5,0.030000000000000027,0.07857142857142851,-0.008571428571428563,3,True,20250619,350.5,0.0014285714285713347,0.07857142857142851,-0.008571428571428563,5,True,20250624,402.0,0.14857142857142858,0.16714285714285704,-0.008571428571428563,8,True
6187,萬潤,20250625,20250626,416.0,entered,True,20250626,402.0,-0.033653846153846145,0.0036057692307691624,-0.03725961538461542,1,True,20250630,404.0,-0.028846153846153855,0.0036057692307691624,-0.05649038461538458,3,True,20250702,402.0,-0.033653846153846145,0.0036057692307691624,-0.05649038461538458,5,True,20250707,394.0,-0.05288461538461542,0.0036057692307691624,-0.06730769230769229,8,True
6188,廣明,20230303,20230306,53.1,entered,True,20230306,53.9,0.015065913370998052,0.024482109227871973,-0.011299435028248594,1,True,20230308,53.5,0.007532956685499137,0.026365348399246757,-0.01883239171374762,3,True,20230310,52.7,-0.007532956685499026,0.026365348399246757,-0.026365348399246646,5,True,20230315,52.0,-0.020715630885122405,0.026365348399246757,-0.03578154425612046,8,True
6188,廣明,20230601,20230602,72.2,entered,True,20230602,71.7,-0.006925207756232732,0.011080332409972193,-0.02216066481994472,1,True,20230606,70.7,-0.020775623268698085,0.016620498614958512,-0.0373961218836566,3,True,20230608,65.4,-0.09418282548476453,0.016620498614958512,-0.10526315789473695,5,True,20230613,68.4,-0.05263157894736836,0.016620498614958512,-0.10526315789473695,8,True
6188,廣明,20240520,20240521,99.5,entered,True,20240521,108.5,0.09045226130653261,0.10050251256281406,-0.015075376884422065,1,True,20240523,111.0,0.11557788944723613,0.20100502512562812,-0.015075376884422065,3,True,20240527,124.5,0.25125628140703515,0.25125628140703515,-0.015075376884422065,5,True,20240530,120.0,0.20603015075376874,0.3216080402010051,-0.015075376884422065,8,True
6188,廣明,20241219,20241220,108.5,entered,True,20241220,104.0,-0.04147465437788023,0.032258064516129004,-0.04147465437788023,1,True,20241224,108.0,-0.004608294930875556,0.07834101382488479,-0.04147465437788023,3,True,20241226,111.5,0.02764976958525356,0.07834101382488479,-0.04147465437788023,5,True,20241231,111.5,0.02764976958525356,0.07834101382488479,-0.04608294930875578,8,True
6188,廣明,20250217,20250218,112.5,entered,True,20250218,113.5,0.008888888888888946,0.01333333333333342,-0.008888888888888835,1,True,20250220,111.0,-0.013333333333333308,0.026666666666666616,-0.03111111111111109,3,True,20250224,111.0,-0.013333333333333308,0.026666666666666616,-0.03111111111111109,5,True,20250227,107.5,-0.0444444444444444,0.026666666666666616,-0.04888888888888887,8,True
6188,廣明,20250925,20250926,125.5,entered,True,20250926,118.0,-0.05976095617529875,0.003984063745019917,-0.0677290836653387,1,True,20251001,114.5,-0.08764940239043828,0.003984063745019917,-0.09561752988047811,3,True,20251003,112.0,-0.10756972111553786,0.003984063745019917,-0.11952191235059761,5,True,20251009,110.0,-0.12350597609561753,0.003984063745019917,-0.12749003984063745,8,True
6189,豐藝,20240325,20240326,91.0,entered,True,20240326,87.3,-0.04065934065934074,0.03186813186813198,-0.04065934065934074,1,True,20240328,88.8,-0.0241758241758242,0.03186813186813198,-0.04395604395604391,3,True,20240401,96.4,0.05934065934065935,0.05934065934065935,-0.05054945054945048,5,True,20240408,94.1,0.034065934065933945,0.08351648351648344,-0.05054945054945048,8,True
6189,豐藝,20240516,20240517,94.5,entered,True,20240517,93.5,-0.010582010582010581,0.0,-0.035978835978836,1,True,20240521,90.1,-0.04656084656084658,0.0,-0.06349206349206349,3,True,20240523,86.1,-0.0888888888888889,0.0,-0.08994708994709,5,True,20240528,104.5,0.10582010582010581,0.10582010582010581,-0.0984126984126984,8,True
6189,豐藝,20240628,20240701,97.3,entered,True,20240701,98.7,0.014388489208633226,0.019527235354573458,-0.019527235354573347,1,True,20240703,107.0,0.09969167523124356,0.1253854059609456,-0.019527235354573347,3,True,20240705,103.0,0.058581706063720373,0.1664953751284688,-0.019527235354573347,5,True,20240710,94.7,-0.02672147995888996,0.1664953751284688,-0.05138746145940387,8,True
6190,萬泰科,20230601,20230602,36.45,entered,True,20230602,36.05,-0.010973936899863035,0.006858710562414272,-0.012345679012345734,1,True,20230606,35.65,-0.021947873799725737,0.008230452674897082,-0.02880658436214001,3,True,20230608,35.8,-0.017832647462277196,0.020576131687242816,-0.02880658436214001,5,True,20230613,34.6,-0.050754458161865634,0.020576131687242816,-0.056241426611797096,8,True
6190,萬泰科,20240314,20240315,35.5,entered,True,20240315,35.45,-0.0014084507042252392,0.025352112676056304,-0.016901408450704314,1,True,20240319,34.85,-0.018309859154929553,0.025352112676056304,-0.018309859154929553,3,True,20240321,35.35,-0.004225352112676051,0.025352112676056304,-0.023943661971831065,5,True,20240326,35.2,-0.00845070422535199,0.025352112676056304,-0.023943661971831065,8,True
6190,萬泰科,20240618,20240619,45.0,entered,True,20240619,41.95,-0.06777777777777771,0.022222222222222143,-0.08000000000000007,1,True,20240621,41.65,-0.07444444444444442,0.022222222222222143,-0.08222222222222231,3,True,20240625,41.55,-0.07666666666666677,0.022222222222222143,-0.10111111111111104,5,True,20240628,40.85,-0.0922222222222222,0.022222222222222143,-0.10777777777777786,8,True
6190,萬泰科,20250521,20250522,39.55,entered,True,20250522,40.0,0.01137800252844512,0.012642225031605614,-0.010113780025284402,1,True,20250526,40.35,0.020227560050569027,0.04930467762326174,-0.010113780025284402,3,True,20250528,40.0,0.01137800252844512,0.04930467762326174,-0.010113780025284402,5,True,20250603,40.0,0.01137800252844512,0.04930467762326174,-0.010113780025284402,8,True
6190,萬泰科,20250605,20250606,41.1,entered,True,20250606,39.8,-0.031630170316301776,0.0024330900243310083,-0.035279805352798066,1,True,20250610,40.2,-0.021897810218978075,0.0024330900243310083,-0.04744525547445266,3,True,20250612,41.6,0.012165450121654597,0.019464720194647178,-0.04744525547445266,5,True,20250617,41.9,0.019464720194647178,0.029197080291970767,-0.04744525547445266,8,True
6190,萬泰科,20250612,20250613,41.75,entered,True,20250613,40.45,-0.031137724550898138,0.0023952095808383866,-0.03233532934131744,1,True,20250617,41.9,0.003592814371257358,0.013173652694610682,-0.04311377245508974,3,True,20250619,40.4,-0.03233532934131744,0.013173652694610682,-0.04311377245508974,5,True,20250624,39.95,-0.04311377245508974,0.013173652694610682,-0.08383233532934131,8,True
6190,萬泰科,20260122,20260123,51.9,entered,True,20260123,51.8,-0.0019267822736031004,0.038535645472061564,-0.053949903660886256,1,True,20260127,52.5,0.011560693641618602,0.1464354527938343,-0.053949903660886256,3,True,20260129,50.1,-0.034682080924855474,0.1464354527938343,-0.053949903660886256,5,True,20260203,48.2,-0.07129094412331394,0.1464354527938343,-0.11078998073217727,8,True
6190,萬泰科,20260423,20260424,70.0,entered,True,20260424,74.5,0.06428571428571428,0.0714285714285714,-0.06142857142857139,1,True,20260428,72.0,0.02857142857142847,0.0714285714285714,-0.06142857142857139,3,True,20260430,69.8,-0.0028571428571428914,0.0714285714285714,-0.06142857142857139,5,True,20260506,75.0,0.0714285714285714,0.09285714285714275,-0.06142857142857139,8,True
6191,精成科,20230607,20230608,42.0,entered,True,20230608,41.65,-0.008333333333333415,0.0,-0.015476190476190421,1,True,20230612,42.0,0.0,0.008333333333333304,-0.015476190476190421,3,True,20230614,42.5,0.011904761904761862,0.01666666666666683,-0.015476190476190421,5,True,20230619,42.15,0.0035714285714285587,0.01904761904761898,-0.015476190476190421,8,True
6191,精成科,20231201,20231204,70.5,entered,True,20231204,70.1,-0.005673758865248346,0.042553191489361764,-0.008510638297872242,1,True,20231206,71.0,0.007092198581560183,0.042553191489361764,-0.03829787234042559,3,True,20231208,72.2,0.02411347517730511,0.042553191489361764,-0.03829787234042559,5,True,20231213,71.1,0.008510638297872353,0.042553191489361764,-0.03829787234042559,8,True
6191,精成科,20240702,20240703,76.0,entered,True,20240703,75.9,-0.001315789473684159,0.025000000000000133,-0.019736842105263164,1,True,20240705,74.8,-0.015789473684210575,0.025000000000000133,-0.019736842105263164,3,True,20240709,67.9,-0.106578947368421,0.025000000000000133,-0.106578947368421,5,True,20240712,67.0,-0.11842105263157898,0.025000000000000133,-0.11973684210526303,8,True
6191,精成科,20250513,20250514,73.5,entered,True,20250514,74.3,0.010884353741496655,0.013605442176870763,-0.006802721088435382,1,True,20250516,73.0,-0.006802721088435382,0.02448979591836742,-0.01904761904761909,3,True,20250520,71.5,-0.027210884353741527,0.02448979591836742,-0.04625850340136062,5,True,20250523,86.8,0.18095238095238098,0.18775510204081636,-0.04625850340136062,8,True
6191,精成科,20250526,20250527,89.4,entered,True,20250527,95.1,0.06375838926174482,0.09843400447427286,-0.007829977628635354,1,True,20250529,86.7,-0.030201342281879207,0.09843400447427286,-0.030201342281879207,3,True,20250603,80.3,-0.1017897091722596,0.09843400447427286,-0.11521252796420589,5,True,20250606,79.1,-0.11521252796420589,0.09843400447427286,-0.1588366890380314,8,True
6191,精成科,20250723,20250724,108.5,entered,True,20250724,107.5,-0.009216589861751112,0.06451612903225801,-0.02304147465437789,1,True,20250728,118.0,0.0875576036866359,0.11059907834101379,-0.027649769585253448,3,True,20250730,114.0,0.05069124423963123,0.11059907834101379,-0.027649769585253448,5,True,20250804,111.5,0.02764976958525356,0.12442396313364057,-0.027649769585253448,8,True
6196,帆宣,20240216,20240219,162.5,entered,True,20240219,159.0,-0.021538461538461506,0.006153846153846176,-0.024615384615384595,1,True,20240221,155.0,-0.0461538461538461,0.006153846153846176,-0.06769230769230772,3,True,20240223,159.5,-0.018461538461538418,0.01538461538461533,-0.06769230769230772,5,True,20240229,159.0,-0.021538461538461506,0.04307692307692301,-0.06769230769230772,8,True
6196,帆宣,20251219,20251222,279.0,entered,True,20251222,274.5,-0.016129032258064502,0.012544802867383575,-0.032258064516129004,1,True,20251224,272.5,-0.023297491039426577,0.012544802867383575,-0.032258064516129004,3,True,20251229,271.5,-0.026881720430107503,0.012544802867383575,-0.032258064516129004,5,True,20260102,276.0,-0.010752688172043001,0.016129032258064502,-0.043010752688172005,8,True
6196,帆宣,20260410,20260413,330.0,entered,True,20260413,320.5,-0.028787878787878807,0.0060606060606061,-0.046969696969696995,1,True,20260415,353.0,0.06969696969696959,0.09090909090909083,-0.046969696969696995,3,True,20260417,359.0,0.08787878787878789,0.09090909090909083,-0.046969696969696995,5,True,20260422,390.5,0.18333333333333335,0.25909090909090904,-0.046969696969696995,8,True
6196,帆宣,20260508,20260511,420.0,entered,True,20260511,425.0,0.011904761904761862,0.04166666666666674,-0.023809523809523836,1,True,20260513,419.5,-0.0011904761904761862,0.0630952380952381,-0.023809523809523836,3,True,20260515,403.5,-0.03928571428571426,0.0714285714285714,-0.0535714285714286,5,True,20260520,404.0,-0.03809523809523807,0.0714285714285714,-0.06547619047619047,8,True
6197,佳必琪,20260312,20260313,168.0,entered,True,20260313,175.5,0.044642857142857206,0.06547619047619047,0.0,1,True,20260317,191.5,0.13988095238095233,0.14880952380952372,0.0,3,True,20260319,196.0,0.16666666666666674,0.17559523809523814,0.0,5,True,20260324,173.5,0.032738095238095344,0.1964285714285714,0.0,8,True
6202,盛群,20260522,20260525,62.0,entered,True,20260525,61.1,-0.014516129032258074,0.004838709677419395,-0.024193548387096753,1,True,20260527,60.4,-0.02580645161290329,0.059677419354838834,-0.04354838709677422,3,True,20260529,58.7,-0.0532258064516129,0.059677419354838834,-0.06612903225806455,5,True,20260603,58.4,-0.058064516129032295,0.059677419354838834,-0.09677419354838712,8,True
6203,海韻電,20230727,20230728,113.0,entered,True,20230728,109.5,-0.030973451327433676,0.004424778761061843,-0.04867256637168138,1,True,20230801,103.5,-0.08407079646017701,0.004424778761061843,-0.09734513274336287,3,True,20230804,103.0,-0.08849557522123896,0.004424778761061843,-0.12477876106194685,5,True,20230809,102.5,-0.09292035398230092,0.008849557522123908,-0.12477876106194685,8,True
6206,飛捷,20250221,20250224,170.0,entered,True,20250224,167.5,-0.014705882352941124,0.050000000000000044,-0.026470588235294135,1,True,20250226,163.0,-0.04117647058823526,0.050000000000000044,-0.07058823529411762,3,True,20250303,149.5,-0.12058823529411766,0.050000000000000044,-0.1352941176470588,5,True,20250306,141.5,-0.16764705882352937,0.050000000000000044,-0.17941176470588238,8,True
6206,飛捷,20250611,20250612,122.5,entered,True,20250612,120.5,-0.01632653061224487,0.012244897959183598,-0.01632653061224487,1,True,20250616,121.5,-0.008163265306122436,0.012244897959183598,-0.048979591836734726,3,True,20250618,119.0,-0.02857142857142858,0.012244897959183598,-0.048979591836734726,5,True,20250623,113.5,-0.07346938775510203,0.012244897959183598,-0.10204081632653061,8,True
6207,雷科,20240401,20240402,44.25,entered,True,20240402,47.55,0.07457627118644061,0.07457627118644061,-0.037288135593220306,1,True,20240408,56.6,0.27909604519774023,0.27909604519774023,-0.037288135593220306,3,True,20240410,56.6,0.27909604519774023,0.40564971751412426,-0.037288135593220306,5,True,20240415,61.5,0.38983050847457634,0.4576271186440677,-0.037288135593220306,8,True
6207,雷科,20260422,20260423,61.0,entered,True,20260423,56.5,-0.07377049180327866,0.004918032786885185,-0.11967213114754094,1,True,20260427,56.0,-0.08196721311475408,0.004918032786885185,-0.11967213114754094,3,True,20260429,58.8,-0.0360655737704918,0.006557377049180246,-0.11967213114754094,5,True,20260505,68.1,0.1163934426229507,0.14262295081967213,-0.11967213114754094,8,True
6209,今國光,20250814,20250815,32.15,entered,True,20250815,33.4,0.038880248833592645,0.038880248833592645,-0.004665629860031051,1,True,20250819,34.35,0.06842923794712297,0.10419906687402802,-0.004665629860031051,3,True,20250821,34.45,0.07153965785381033,0.11819595645412151,-0.004665629860031051,5,True,20250826,38.25,0.18973561430793162,0.2130637636080872,-0.004665629860031051,8,True
6209,今國光,20250922,20250923,41.95,entered,True,20250923,38.05,-0.09296781883194294,0.0,-0.09296781883194294,1,True,20250925,36.8,-0.12276519666269381,0.0,-0.1775923718712754,3,True,20250930,37.75,-0.10011918951132304,0.0,-0.1775923718712754,5,True,20251003,39.85,-0.050059594755661574,0.0,-0.1775923718712754,8,True
6209,今國光,20251031,20251103,46.4,entered,True,20251103,46.8,0.008620689655172376,0.0549568965517242,-0.018318965517241437,1,True,20251105,44.55,-0.03987068965517249,0.0549568965517242,-0.0625,3,True,20251107,46.85,0.00969827586206895,0.0549568965517242,-0.0625,5,True,20251112,48.4,0.0431034482758621,0.08189655172413812,-0.0625,8,True
6209,今國光,20260421,20260422,67.5,entered,True,20260422,65.0,-0.03703703703703709,0.001481481481481417,-0.03703703703703709,1,True,20260424,60.9,-0.09777777777777785,0.001481481481481417,-0.1274074074074074,3,True,20260428,64.3,-0.047407407407407454,0.001481481481481417,-0.1274074074074074,5,True,20260504,62.5,-0.07407407407407407,0.001481481481481417,-0.1274074074074074,8,True
6209,今國光,20260507,20260508,72.2,entered,True,20260508,66.0,-0.08587257617728539,0.015235457063711877,-0.0872576177285318,1,True,20260512,66.0,-0.08587257617728539,0.015235457063711877,-0.10664819944598336,3,True,20260514,68.3,-0.054016620498615,0.015235457063711877,-0.14265927977839343,5,True,20260519,71.8,-0.005540166204986208,0.03601108033240985,-0.14265927977839343,8,True
6213,聯茂,20221111,20221114,71.3,entered,True,20221114,70.1,-0.016830294530154277,0.016830294530154388,-0.016830294530154277,1,True,20221116,75.1,0.05329593267882182,0.09957924263674633,-0.016830294530154277,3,True,20221118,73.5,0.030855539971949453,0.09957924263674633,-0.016830294530154277,5,True,20221123,76.3,0.07012622720897621,0.09957924263674633,-0.016830294530154277,8,True
6213,聯茂,20240205,20240215,91.0,entered,True,20240215,91.0,0.0,0.00439560439560438,-0.02857142857142847,1,True,20240219,92.8,0.01978021978021971,0.10989010989010994,-0.02857142857142847,3,True,20240221,90.3,-0.007692307692307776,0.10989010989010994,-0.02857142857142847,5,True,20240226,89.0,-0.02197802197802201,0.10989010989010994,-0.038461538461538436,8,True
6213,聯茂,20241023,20241024,78.2,entered,True,20241024,78.2,0.0,0.028132992327365658,-0.0038363171355498826,1,True,20241028,78.6,0.005115089514066362,0.028132992327365658,-0.012787723785166238,3,True,20241030,77.6,-0.007672634271099876,0.028132992327365658,-0.012787723785166238,5,True,20241105,78.0,-0.002557544757033292,0.028132992327365658,-0.03196930946291565,8,True
6213,聯茂,20241226,20241227,81.2,entered,True,20241227,79.9,-0.016009852216748777,0.0024630541871921707,-0.020935960591133007,1,True,20241231,78.7,-0.030788177339901468,0.0024630541871921707,-0.03817733990147798,3,True,20250103,77.8,-0.041871921182266125,0.0024630541871921707,-0.046798029556650245,5,True,20250108,77.6,-0.044334975369458185,0.0024630541871921707,-0.046798029556650245,8,True
6213,聯茂,20250508,20250509,71.3,entered,True,20250509,72.7,0.01963534361851349,0.026647966339411022,0.0,1,True,20250513,74.1,0.039270687237026536,0.05049088359046294,0.0,3,True,20250515,76.0,0.06591865357643756,0.07293127629733531,0.0,5,True,20250520,78.3,0.09817671809256656,0.10518934081346432,0.0,8,True
6213,聯茂,20250520,20250521,78.0,entered,True,20250521,80.1,0.026923076923076827,0.03589743589743577,-0.002564102564102555,1,True,20250523,81.2,0.0410256410256411,0.05641025641025643,-0.002564102564102555,3,True,20250527,89.8,0.1512820512820512,0.18717948717948718,-0.002564102564102555,5,True,20250602,86.8,0.11282051282051286,0.18717948717948718,-0.002564102564102555,8,True
6213,聯茂,20250725,20250728,99.5,entered,True,20250728,104.0,0.045226130653266416,0.0653266331658291,-0.02613065326633157,1,True,20250730,101.5,0.0201005025125629,0.0653266331658291,-0.02613065326633157,3,True,20250801,98.9,-0.0060301507537687815,0.07537688442211055,-0.02613065326633157,5,True,20250806,90.7,-0.08844221105527639,0.07537688442211055,-0.09045226130653261,8,True
6213,聯茂,20260105,20260106,122.0,entered,True,20260106,118.0,-0.032786885245901676,0.0,-0.04508196721311475,1,True,20260108,113.0,-0.07377049180327866,0.0,-0.08196721311475408,3,True,20260112,117.0,-0.040983606557377095,0.0,-0.08606557377049184,5,True,20260115,115.5,-0.05327868852459017,0.0,-0.08606557377049184,8,True
6213,聯茂,20260122,20260123,125.0,entered,True,20260123,119.5,-0.04400000000000004,0.0040000000000000036,-0.06000000000000005,1,True,20260127,121.0,-0.03200000000000003,0.0040000000000000036,-0.07199999999999995,3,True,20260129,110.5,-0.11599999999999999,0.0040000000000000036,-0.11599999999999999,5,True,20260203,107.5,-0.14,0.0040000000000000036,-0.18400000000000005,8,True
6214,精誠,20260817,20260818,175.0,entered,True,20260818,176.0,0.005714285714285783,0.005714285714285783,-0.008571428571428563,1,True,20260820,180.0,0.02857142857142847,0.037142857142857144,-0.008571428571428563,3,True,20260824,179.5,0.0257142857142858,0.037142857142857144,-0.008571428571428563,5,True,20260827,182.5,0.04285714285714293,0.05142857142857138,-0.008571428571428563,8,True
6215,和椿,20240515,20240516,51.3,entered,True,20240516,48.8,-0.04873294346978563,0.023391812865497075,-0.05458089668615984,1,True,20240520,51.2,-0.0019493177387913674,0.050682261208577106,-0.06627680311890838,3,True,20240522,52.0,0.013645224171540127,0.050682261208577106,-0.06627680311890838,5,True,20240527,54.6,0.06432748538011701,0.06432748538011701,-0.07309941520467833,8,True
6215,和椿,20240705,20240708,67.7,entered,True,20240708,64.6,-0.04579025110782875,0.033973412112259904,-0.05465288035450522,1,True,20240710,63.3,-0.06499261447562787,0.033973412112259904,-0.12850812407680945,3,True,20240712,63.6,-0.06056129985228953,0.033973412112259904,-0.12850812407680945,5,True,20240717,61.1,-0.0974889217134417,0.033973412112259904,-0.12850812407680945,8,True
6215,和椿,20241224,20241225,92.7,entered,True,20241225,94.0,0.014023732470334282,0.03775620280474645,-0.017259978425027023,1,True,20241227,86.7,-0.06472491909385114,0.03775620280474645,-0.07011866235167208,3,True,20241231,91.9,-0.008629989212513456,0.03775620280474645,-0.07011866235167208,5,True,20250106,105.0,0.1326860841423947,0.21359223300970864,-0.07011866235167208,8,True
6215,和椿,20250207,20250210,135.0,entered,True,20250210,138.5,0.025925925925925908,0.07407407407407418,-0.011111111111111072,1,True,20250212,130.0,-0.03703703703703709,0.07407407407407418,-0.03703703703703709,3,True,20250214,130.0,-0.03703703703703709,0.07407407407407418,-0.05555555555555558,5,True,20250219,133.0,-0.014814814814814836,0.07407407407407418,-0.05555555555555558,8,True
6215,和椿,20260512,20260513,123.5,entered,True,20260513,120.5,-0.02429149797570851,0.00809716599190291,-0.06882591093117407,1,True,20260515,130.5,0.05668016194331993,0.05668016194331993,-0.06882591093117407,3,True,20260519,123.5,0.0,0.06882591093117418,-0.06882591093117407,5,True,20260522,134.5,0.08906882591093113,0.11336032388663964,-0.06882591093117407,8,True
6215,和椿,20260522,20260525,136.0,entered,True,20260525,135.0,-0.007352941176470562,0.014705882352941124,-0.02573529411764708,1,True,20260527,130.5,-0.0404411764705882,0.014705882352941124,-0.05147058823529416,3,True,20260529,127.5,-0.0625,0.014705882352941124,-0.09558823529411764,5,True,20260603,117.5,-0.13602941176470584,0.014705882352941124,-0.1470588235294118,8,True
6217,中探針,20220112,20220113,60.6,entered,True,20220113,57.1,-0.05775577557755773,0.014851485148514865,-0.05775577557755773,1,True,20220117,54.6,-0.09900990099009899,0.014851485148514865,-0.12046204620462053,3,True,20220119,52.0,-0.14191419141914197,0.014851485148514865,-0.15181518151815188,5,True,20220124,48.3,-0.20297029702970304,0.014851485148514865,-0.23432343234323438,8,True
6217,中探針,20220325,20220328,57.8,entered,True,20220328,58.2,0.006920415224913601,0.02595155709342567,0.0,1,True,20220330,58.5,0.01211072664359869,0.04152249134948116,-0.027681660899653848,3,True,20220401,61.9,0.07093425605536341,0.07093425605536341,-0.027681660899653848,5,True,20220408,60.1,0.03979238754325265,0.08131487889273359,-0.027681660899653848,8,True
6217,中探針,20220607,20220608,69.8,entered,True,20220608,68.7,-0.015759312320916874,0.005730659025787954,-0.022922636103151817,1,True,20220610,66.5,-0.04727793696275073,0.005730659025787954,-0.06160458452722062,3,True,20220614,65.3,-0.0644699140401146,0.005730659025787954,-0.1017191977077363,5,True,20220617,63.3,-0.09312320916905448,0.005730659025787954,-0.11174785100286533,8,True
6217,中探針,20240704,20240705,52.2,entered,True,20240705,55.2,0.05747126436781613,0.05747126436781613,-0.00766283524904221,1,True,20240709,49.8,-0.04597701149425293,0.10727969348658983,-0.06417624521072796,3,True,20240711,49.6,-0.04980842911877392,0.10727969348658983,-0.06417624521072796,5,True,20240716,48.6,-0.06896551724137934,0.10727969348658983,-0.07183908045977017,8,True
6220,岳豐,20220818,20220819,31.1,entered,True,20220819,29.9,-0.03858520900321549,0.03536977491961424,-0.04180064308681675,1,True,20220823,28.85,-0.07234726688102888,0.03536977491961424,-0.08520900321543412,3,True,20220825,30.15,-0.030546623794212358,0.03536977491961424,-0.08520900321543412,5,True,20220830,30.0,-0.03536977491961424,0.03536977491961424,-0.09807073954983925,8,True
6223,旺矽,20221121,20221122,107.5,entered,True,20221122,108.5,0.009302325581395321,0.023255813953488413,-0.009302325581395321,1,True,20221124,109.0,0.013953488372093092,0.023255813953488413,-0.009302325581395321,3,True,20221128,111.0,0.032558139534883734,0.07441860465116279,-0.009302325581395321,5,True,20221201,126.5,0.17674418604651154,0.20465116279069773,-0.009302325581395321,8,True
6223,旺矽,20230208,20230209,125.5,entered,True,20230209,124.5,-0.007968127490039834,0.015936254980079667,-0.01195219123505975,1,True,20230213,120.5,-0.03984063745019917,0.015936254980079667,-0.043824701195219085,3,True,20230215,119.5,-0.047808764940239,0.015936254980079667,-0.055776892430278835,5,True,20230220,123.5,-0.015936254980079667,0.015936254980079667,-0.055776892430278835,8,True
6223,旺矽,20230519,20230522,152.0,entered,True,20230522,147.0,-0.03289473684210531,0.03289473684210531,-0.03947368421052633,1,True,20230524,155.5,0.023026315789473673,0.03289473684210531,-0.03947368421052633,3,True,20230526,163.0,0.07236842105263164,0.10526315789473695,-0.03947368421052633,5,True,20230531,163.0,0.07236842105263164,0.11184210526315796,-0.03947368421052633,8,True
6223,旺矽,20230714,20230717,187.5,entered,True,20230717,183.0,-0.02400000000000002,0.029333333333333433,-0.026666666666666616,1,True,20230719,187.0,-0.002666666666666706,0.029333333333333433,-0.040000000000000036,3,True,20230721,187.5,0.0,0.029333333333333433,-0.040000000000000036,5,True,20230726,198.5,0.058666666666666645,0.09600000000000009,-0.040000000000000036,8,True
6223,旺矽,20231113,20231114,228.0,entered,True,20231114,223.0,-0.021929824561403466,0.0,-0.037280701754385914,1,True,20231116,226.0,-0.00877192982456143,0.0,-0.037280701754385914,3,True,20231120,223.0,-0.021929824561403466,0.02412280701754388,-0.037280701754385914,5,True,20231123,217.0,-0.04824561403508776,0.02412280701754388,-0.05043859649122806,8,True
6223,旺矽,20240410,20240411,336.0,entered,True,20240411,371.0,0.10416666666666674,0.10416666666666674,-0.02083333333333337,1,True,20240415,390.5,0.16220238095238093,0.2455357142857142,-0.02083333333333337,3,True,20240417,414.0,0.2321428571428572,0.2455357142857142,-0.02083333333333337,5,True,20240422,368.5,0.09672619047619047,0.2455357142857142,-0.02083333333333337,8,True
6227,茂綸,20250513,20250514,117.0,entered,True,20250514,114.5,-0.021367521367521403,0.0,-0.038461538461538436,1,True,20250516,103.0,-0.11965811965811968,0.0,-0.12393162393162394,3,True,20250520,102.5,-0.12393162393162394,0.0,-0.14529914529914534,5,True,20250523,100.5,-0.14102564102564108,0.0,-0.16239316239316237,8,True
6231,系微,20230307,20230308,117.0,entered,True,20230308,123.0,0.05128205128205132,0.05128205128205132,-0.004273504273504258,1,True,20230310,122.0,0.042735042735042805,0.14529914529914523,-0.004273504273504258,3,True,20230314,111.0,-0.05128205128205132,0.14529914529914523,-0.05555555555555558,5,True,20230317,128.0,0.09401709401709413,0.14529914529914523,-0.05555555555555558,8,True
6231,系微,20231201,20231204,185.5,entered,True,20231204,188.5,0.016172506738544534,0.05121293800539073,-0.013477088948787075,1,True,20231206,191.0,0.029649595687331498,0.05121293800539073,-0.013477088948787075,3,True,20231208,185.5,0.0,0.07008086253369261,-0.013477088948787075,5,True,20231213,203.0,0.09433962264150941,0.10242587601078168,-0.013477088948787075,8,True
6235,華孚,20220531,20220601,45.95,entered,True,20220601,45.2,-0.016322089227421066,0.018498367791077053,-0.019586507072905435,1,True,20220606,42.0,-0.08596300326441786,0.018498367791077053,-0.09357997823721442,3,True,20220608,42.25,-0.0805223068552775,0.018498367791077053,-0.10010881392818283,5,True,20220613,43.8,-0.04678998911860732,0.018498367791077053,-0.10010881392818283,8,True
6235,華孚,20221202,20221205,41.0,entered,True,20221205,40.2,-0.019512195121951126,0.019512195121951237,-0.025609756097560887,1,True,20221207,37.55,-0.08414634146341471,0.019512195121951237,-0.0865853658536585,3,True,20221209,37.5,-0.08536585365853655,0.019512195121951237,-0.0865853658536585,5,True,20221214,38.0,-0.07317073170731703,0.019512195121951237,-0.10365853658536583,8,True
6235,華孚,20240305,20240306,111.0,entered,True,20240306,112.5,0.013513513513513598,0.03603603603603611,-0.009009009009009028,1,True,20240308,110.0,-0.009009009009009028,0.03603603603603611,-0.018018018018018056,3,True,20240312,112.5,0.013513513513513598,0.04504504504504503,-0.018018018018018056,5,True,20240315,111.0,0.0,0.04504504504504503,-0.027027027027026973,8,True
6235,華孚,20251007,20251008,73.4,entered,True,20251008,76.6,0.04359673024523136,0.06948228882833773,-0.013623978201634857,1,True,20251013,73.8,0.005449591280653809,0.06948228882833773,-0.04904632152588562,3,True,20251015,72.4,-0.013623978201634857,0.06948228882833773,-0.04904632152588562,5,True,20251020,71.1,-0.0313351498637604,0.06948228882833773,-0.04904632152588562,8,True
6237,驊訊,20260522,20260525,54.8,entered,True,20260525,54.6,-0.0036496350364962904,0.0675182481751826,-0.029197080291970656,1,True,20260527,51.1,-0.06751824817518237,0.0675182481751826,-0.07299270072992703,3,True,20260529,50.3,-0.08211678832116787,0.0675182481751826,-0.08211678832116787,5,True,20260603,56.1,0.023722627737226443,0.0675182481751826,-0.1177007299270072,8,True
6239,力成,20231201,20231204,116.5,entered,True,20231204,115.5,-0.008583690987124415,0.0,-0.02145922746781115,1,True,20231206,117.5,0.008583690987124415,0.01716738197424883,-0.02145922746781115,3,True,20231208,121.5,0.0429184549356223,0.06866952789699576,-0.02145922746781115,5,True,20231213,135.0,0.15879828326180268,0.15879828326180268,-0.02145922746781115,8,True
6239,力成,20231213,20231214,139.5,entered,True,20231214,148.5,0.06451612903225801,0.06451612903225801,-0.014336917562724039,1,True,20231218,148.5,0.06451612903225801,0.10394265232974909,-0.014336917562724039,3,True,20231220,145.0,0.03942652329749108,0.10394265232974909,-0.014336917562724039,5,True,20231225,143.5,0.028673835125448077,0.10394265232974909,-0.014336917562724039,8,True
6239,力成,20240125,20240126,144.0,entered,True,20240126,145.0,0.00694444444444442,0.03125,-0.00347222222222221,1,True,20240130,148.5,0.03125,0.04166666666666674,-0.00347222222222221,3,True,20240201,145.5,0.01041666666666674,0.04166666666666674,-0.02430555555555558,5,True,20240215,151.0,0.04861111111111116,0.05555555555555558,-0.02430555555555558,8,True
6239,力成,20250606,20250609,125.0,entered,True,20250609,126.0,0.008000000000000007,0.008000000000000007,-0.02400000000000002,1,True,20250611,130.0,0.040000000000000036,0.04800000000000004,-0.02400000000000002,3,True,20250613,129.5,0.03600000000000003,0.04800000000000004,-0.02400000000000002,5,True,20250618,133.0,0.06400000000000006,0.07600000000000007,-0.02400000000000002,8,True
6239,力成,20250918,20250919,152.0,entered,True,20250919,150.5,-0.009868421052631526,0.009868421052631637,-0.023026315789473673,1,True,20250923,150.5,-0.009868421052631526,0.009868421052631637,-0.023026315789473673,3,True,20250925,150.5,-0.009868421052631526,0.009868421052631637,-0.02631578947368418,5,True,20251001,147.0,-0.03289473684210531,0.009868421052631637,-0.08881578947368418,8,True
6239,力成,20260102,20260105,192.0,entered,True,20260105,201.5,0.04947916666666674,0.04947916666666674,-0.03385416666666663,1,True,20260107,205.5,0.0703125,0.11458333333333326,-0.03385416666666663,3,True,20260109,200.0,0.04166666666666674,0.11458333333333326,-0.03385416666666663,5,True,20260114,251.5,0.30989583333333326,0.3203125,-0.03385416666666663,8,True
6239,力成,20260114,20260115,250.0,entered,True,20260115,257.5,0.030000000000000027,0.030000000000000027,-0.010000000000000009,1,True,20260119,262.5,0.050000000000000044,0.08600000000000008,-0.010000000000000009,3,True,20260121,239.5,-0.04200000000000004,0.08600000000000008,-0.04800000000000004,5,True,20260126,257.5,0.030000000000000027,0.08600000000000008,-0.04800000000000004,8,True
6239,力成,20260506,20260507,236.0,entered,True,20260507,230.5,-0.02330508474576276,0.0,-0.0423728813559322,1,True,20260511,225.5,-0.044491525423728806,0.0,-0.07838983050847459,3,True,20260513,232.0,-0.016949152542372836,0.0,-0.07838983050847459,5,True,20260518,250.0,0.05932203389830515,0.07415254237288127,-0.07838983050847459,8,True
6243,迅杰,20231120,20231121,70.1,entered,True,20231121,67.5,-0.03708987161198285,0.005706134094151327,-0.0399429386590584,1,True,20231123,72.4,0.032810271041369576,0.12268188302425109,-0.0399429386590584,3,True,20231127,67.2,-0.04136947218259612,0.12268188302425109,-0.04422253922967179,5,True,20231130,75.3,0.0741797432239657,0.12268188302425109,-0.04422253922967179,8,True
6244,茂迪,20260525,20260526,30.7,entered,True,20260526,29.7,-0.032573289902280145,0.04234527687296419,-0.037459283387622055,1,True,20260528,30.1,-0.019543973941367976,0.04234527687296419,-0.05863192182410426,3,True,20260601,30.6,-0.0032573289902279035,0.04234527687296419,-0.05863192182410426,5,True,20260604,30.2,-0.016286644951140072,0.06351791530944628,-0.06840390879478819,8,True
6245,立端,20220801,20220802,70.3,entered,True,20220802,72.0,0.024182076813655806,0.0369843527738265,-0.024182076813655806,1,True,20220804,70.4,0.0014224751066858055,0.051209103840683,-0.03556187766714081,3,True,20220808,70.1,-0.002844950213371278,0.051209103840683,-0.03982930298719767,5,True,20220811,72.7,0.034139402560455334,0.051209103840683,-0.03982930298719767,8,True
6245,立端,20221121,20221122,87.6,entered,True,20221122,87.5,-0.0011415525114154557,0.022831050228310446,-0.025114155251141468,1,True,20221124,87.3,-0.003424657534246589,0.022831050228310446,-0.025114155251141468,3,True,20221128,88.0,0.004566210045662267,0.054794520547945424,-0.025114155251141468,5,True,20221201,96.6,0.10273972602739723,0.1347031963470322,-0.025114155251141468,8,True
6245,立端,20230209,20230210,105.5,entered,True,20230210,102.5,-0.028436018957345932,0.009478672985782088,-0.04739336492891,1,True,20230214,103.0,-0.023696682464455,0.033175355450236976,-0.04739336492891,3,True,20230216,105.5,0.0,0.033175355450236976,-0.04739336492891,5,True,20230221,116.5,0.10426540284360186,0.16587677725118488,-0.04739336492891,8,True
6245,立端,20230303,20230306,125.0,entered,True,20230306,119.5,-0.04400000000000004,0.0040000000000000036,-0.052000000000000046,1,True,20230308,119.0,-0.04800000000000004,0.0040000000000000036,-0.05600000000000005,3,True,20230310,114.5,-0.08399999999999996,0.0040000000000000036,-0.09599999999999997,5,True,20230315,111.5,-0.10799999999999998,0.0040000000000000036,-0.17200000000000004,8,True
6245,立端,20250207,20250210,113.0,entered,True,20250210,113.5,0.004424778761061843,0.030973451327433565,-0.008849557522123908,1,True,20250212,112.5,-0.004424778761061954,0.03539823008849563,-0.03982300884955747,3,True,20250214,110.5,-0.02212389380530977,0.03539823008849563,-0.03982300884955747,5,True,20250219,117.5,0.03982300884955747,0.09292035398230092,-0.04424778761061943,8,True
6257,矽格,20220608,20220609,62.7,entered,True,20220609,62.3,-0.006379585326953818,0.0015948963317382603,-0.014354066985646008,1,True,20220613,61.7,-0.01594896331738438,0.0015948963317382603,-0.022328548644338198,3,True,20220615,61.8,-0.014354066985646008,0.0015948963317382603,-0.036682615629984094,5,True,20220620,57.2,-0.08771929824561409,0.0015948963317382603,-0.08771929824561409,8,True
6257,矽格,20231130,20231201,64.4,entered,True,20231201,65.8,0.021739130434782483,0.024844720496894235,-0.0031055900621118626,1,True,20231205,65.5,0.017080745341614856,0.03416149068322971,-0.0031055900621118626,3,True,20231207,64.6,0.0031055900621115295,0.03416149068322971,-0.007763975155279601,5,True,20231212,65.8,0.021739130434782483,0.03416149068322971,-0.007763975155279601,8,True
6257,矽格,20240222,20240223,72.5,entered,True,20240223,72.5,0.0,0.034482758620689724,-0.006896551724137945,1,True,20240227,70.0,-0.03448275862068961,0.034482758620689724,-0.04689655172413798,3,True,20240301,67.2,-0.07310344827586202,0.034482758620689724,-0.07448275862068976,5,True,20240306,70.2,-0.03172413793103446,0.034482758620689724,-0.07448275862068976,8,True
6257,矽格,20240320,20240321,78.0,entered,True,20240321,74.7,-0.04230769230769227,0.0012820512820512775,-0.0461538461538461,1,True,20240325,72.3,-0.07307692307692315,0.0012820512820512775,-0.08717948717948709,3,True,20240327,73.8,-0.05384615384615388,0.0012820512820512775,-0.10256410256410253,5,True,20240401,71.6,-0.08205128205128209,0.0012820512820512775,-0.10256410256410253,8,True
6257,矽格,20240516,20240517,80.8,entered,True,20240517,78.0,-0.03465346534653457,0.0024752475247524774,-0.03465346534653457,1,True,20240521,79.0,-0.022277227722772297,0.007425742574257432,-0.03465346534653457,3,True,20240523,78.0,-0.03465346534653457,0.007425742574257432,-0.03465346534653457,5,True,20240528,81.2,0.004950495049504955,0.016089108910890992,-0.043316831683168355,8,True
6257,矽格,20250211,20250212,75.5,entered,True,20250212,74.7,-0.01059602649006619,0.014569536423840956,-0.02119205298013238,1,True,20250214,75.1,-0.005298013245033206,0.014569536423840956,-0.02119205298013238,3,True,20250218,75.5,0.0,0.014569536423840956,-0.02119205298013238,5,True,20250221,78.9,0.04503311258278164,0.07814569536423854,-0.02119205298013238,8,True
6257,矽格,20250219,20250220,80.0,entered,True,20250220,78.0,-0.025000000000000022,0.01750000000000007,-0.02750000000000008,1,True,20250224,78.5,-0.018750000000000044,0.01750000000000007,-0.02750000000000008,3,True,20250226,77.3,-0.03375000000000006,0.01750000000000007,-0.040000000000000036,5,True,20250304,82.0,0.02499999999999991,0.028750000000000053,-0.05249999999999999,8,True
6257,矽格,20251029,20251030,99.5,entered,True,20251030,97.5,-0.02010050251256279,0.0020100502512563345,-0.028140703517587906,1,True,20251103,114.5,0.1507537688442211,0.1507537688442211,-0.028140703517587906,3,True,20251105,99.5,0.0,0.16080402010050254,-0.028140703517587906,5,True,20251110,98.0,-0.015075376884422065,0.16080402010050254,-0.05628140703517581,8,True
6257,矽格,20260113,20260114,127.5,entered,True,20260114,129.5,0.015686274509803866,0.04705882352941182,-0.02352941176470591,1,True,20260116,137.5,0.07843137254901955,0.10588235294117654,-0.02352941176470591,3,True,20260120,138.0,0.08235294117647052,0.10588235294117654,-0.02352941176470591,5,True,20260123,133.5,0.04705882352941182,0.10588235294117654,-0.02352941176470591,8,True
6266,泰詠,20230411,20230412,43.3,entered,True,20230412,46.4,0.07159353348729791,0.0900692840646653,-0.02771362586605075,1,True,20230414,46.55,0.07505773672055427,0.10854503464203247,-0.02771362586605075,3,True,20230418,47.25,0.09122401847575068,0.1293302540415704,-0.02771362586605075,5,True,20230421,45.0,0.03926096997690531,0.1293302540415704,-0.02771362586605075,8,True
6269,台郡,20240507,20240508,100.0,entered,True,20240508,98.9,-0.010999999999999899,0.010000000000000009,-0.015999999999999903,1,True,20240510,100.5,0.004999999999999893,0.010000000000000009,-0.020000000000000018,3,True,20240514,99.7,-0.0030000000000000027,0.014999999999999902,-0.020000000000000018,5,True,20240517,100.0,0.0,0.014999999999999902,-0.020000000000000018,8,True
6269,台郡,20250710,20250711,65.2,entered,True,20250711,63.3,-0.02914110429447858,0.004601226993864893,-0.039877300613496924,1,True,20250715,64.7,-0.0076687116564416735,0.004601226993864893,-0.0690184049079755,3,True,20250717,64.3,-0.013803680981595123,0.01840490797546024,-0.0690184049079755,5,True,20250722,62.3,-0.04447852760736204,0.02300613496932513,-0.0690184049079755,8,True
6269,台郡,20250827,20250828,69.8,entered,True,20250828,68.0,-0.025787965616045794,0.0014326647564470996,-0.0372492836676217,1,True,20250901,66.4,-0.04871060171919761,0.0014326647564470996,-0.07736389684813738,3,True,20250903,64.3,-0.07879656160458448,0.0014326647564470996,-0.08309455587392545,5,True,20250908,64.8,-0.07163323782234954,0.0014326647564470996,-0.08309455587392545,8,True
6271,同欣電,20231130,20231201,168.0,entered,True,20231201,164.5,-0.02083333333333337,0.0,-0.0267857142857143,1,True,20231205,157.5,-0.0625,0.0,-0.06547619047619047,3,True,20231207,155.5,-0.07440476190476186,0.0,-0.08333333333333337,5,True,20231212,158.0,-0.059523809523809534,0.0,-0.08333333333333337,8,True
6271,同欣電,20250918,20250919,122.0,entered,True,20250919,123.5,0.012295081967213184,0.040983606557376984,-0.016393442622950838,1,True,20250923,120.5,-0.012295081967213073,0.040983606557376984,-0.016393442622950838,3,True,20250925,119.5,-0.020491803278688492,0.040983606557376984,-0.02868852459016391,5,True,20251001,114.5,-0.061475409836065587,0.040983606557376984,-0.061475409836065587,8,True
6271,同欣電,20251031,20251103,127.0,entered,True,20251103,130.0,0.023622047244094446,0.03543307086614167,-0.007874015748031482,1,True,20251105,127.0,0.0,0.03543307086614167,-0.03149606299212604,3,True,20251107,121.0,-0.047244094488189003,0.03543307086614167,-0.055118110236220486,5,True,20251112,127.0,0.0,0.03543307086614167,-0.055118110236220486,8,True
6271,同欣電,20260409,20260410,175.5,entered,True,20260410,171.5,-0.022792022792022748,0.008547008547008517,-0.031339031339031376,1,True,20260414,176.0,0.002849002849002913,0.02279202279202286,-0.031339031339031376,3,True,20260416,185.0,0.054131054131054235,0.09686609686609682,-0.031339031339031376,5,True,20260421,187.5,0.06837606837606836,0.09686609686609682,-0.031339031339031376,8,True
6274,台燿,20230524,20230525,77.4,entered,True,20230525,76.0,-0.01808785529715773,0.010335917312661369,-0.04263565891472887,1,True,20230529,75.2,-0.02842377260981921,0.010335917312661369,-0.04909560723514228,3,True,20230531,75.0,-0.03100775193798455,0.010335917312661369,-0.04909560723514228,5,True,20230605,75.8,-0.02067183462532307,0.011627906976743985,-0.04909560723514228,8,True
6274,台燿,20230714,20230717,97.8,entered,True,20230717,106.0,0.08384458077709622,0.08384458077709622,-0.005112474437627856,1,True,20230719,108.0,0.10429447852760743,0.18609406952965246,-0.005112474437627856,3,True,20230721,116.5,0.1912065439672801,0.21165644171779152,-0.005112474437627856,5,True,20230726,127.0,0.2985685071574642,0.44171779141104306,-0.005112474437627856,8,True
6274,台燿,20240202,20240205,148.5,entered,True,20240205,148.0,-0.0033670033670033517,0.030303030303030276,-0.013468013468013518,1,True,20240216,156.5,0.05387205387205385,0.1144781144781144,-0.013468013468013518,3,True,20240220,155.5,0.047138047138047146,0.13131313131313127,-0.013468013468013518,5,True,20240223,165.5,0.1144781144781144,0.1515151515151516,-0.013468013468013518,8,True
6274,台燿,20240223,20240226,167.5,entered,True,20240226,162.5,-0.02985074626865669,0.017910447761193993,-0.035820895522388096,1,True,20240229,156.5,-0.06567164179104479,0.017910447761193993,-0.09552238805970148,3,True,20240304,157.5,-0.05970149253731338,0.017910447761193993,-0.09552238805970148,5,True,20240307,164.0,-0.020895522388059695,0.06567164179104479,-0.09552238805970148,8,True
6274,台燿,20240830,20240902,178.0,entered,True,20240902,172.5,-0.030898876404494402,0.016853932584269593,-0.0337078651685393,1,True,20240904,167.5,-0.0589887640449438,0.016853932584269593,-0.0702247191011236,3,True,20240906,176.0,-0.011235955056179803,0.022471910112359605,-0.0702247191011236,5,True,20240911,175.0,-0.016853932584269704,0.022471910112359605,-0.0702247191011236,8,True
6274,台燿,20241211,20241212,188.0,entered,True,20241212,181.5,-0.034574468085106336,0.02127659574468077,-0.037234042553191515,1,True,20241216,182.0,-0.03191489361702127,0.02127659574468077,-0.04521276595744683,3,True,20241218,182.5,-0.0292553191489362,0.02127659574468077,-0.06648936170212771,5,True,20241223,177.5,-0.05585106382978722,0.02127659574468077,-0.06648936170212771,8,True
6274,台燿,20250508,20250509,154.0,entered,True,20250509,156.5,0.016233766233766156,0.04220779220779214,-0.012987012987012991,1,True,20250513,161.5,0.04870129870129869,0.08116883116883122,-0.012987012987012991,3,True,20250515,162.5,0.05519480519480524,0.08116883116883122,-0.012987012987012991,5,True,20250520,157.0,0.01948051948051943,0.08116883116883122,-0.012987012987012991,8,True
6274,台燿,20250528,20250529,172.0,entered,True,20250529,171.5,-0.0029069767441860517,0.008720930232558155,-0.026162790697674465,1,True,20250603,187.5,0.09011627906976738,0.10755813953488369,-0.026162790697674465,3,True,20250605,188.5,0.09593023255813948,0.13372093023255816,-0.026162790697674465,5,True,20250610,217.0,0.2616279069767442,0.30813953488372103,-0.026162790697674465,8,True
6274,台燿,20250610,20250611,217.0,entered,True,20250611,217.5,0.0023041474654377225,0.004608294930875667,-0.02995391705069128,1,True,20250613,211.5,-0.025345622119815614,0.009216589861751112,-0.04377880184331795,3,True,20250617,215.5,-0.00691244239631339,0.07373271889400912,-0.04377880184331795,5,True,20250620,208.0,-0.04147465437788023,0.07373271889400912,-0.05990783410138245,8,True
6274,台燿,20250710,20250711,256.0,entered,True,20250711,253.0,-0.01171875,0.005859375,-0.03515625,1,True,20250715,264.0,0.03125,0.03125,-0.03515625,3,True,20250717,256.0,0.0,0.056640625,-0.03515625,5,True,20250722,254.0,-0.0078125,0.056640625,-0.03515625,8,True
6274,台燿,20251030,20251031,376.0,entered,True,20251031,385.5,0.025265957446808596,0.07047872340425543,-0.0013297872340425343,1,True,20251104,395.0,0.05053191489361697,0.09308510638297873,-0.0013297872340425343,3,True,20251106,397.5,0.05718085106382986,0.09308510638297873,-0.0013297872340425343,5,True,20251111,377.5,0.003989361702127603,0.09308510638297873,-0.0013297872340425343,8,True
6275,元山,20240527,20240528,67.8,entered,True,20240528,68.6,0.01179941002949847,0.05752212389380529,-0.01179941002949847,1,True,20240530,64.6,-0.0471976401179941,0.05752212389380529,-0.04867256637168138,3,True,20240603,66.3,-0.02212389380530977,0.05752212389380529,-0.04867256637168138,5,True,20240606,62.1,-0.0840707964601769,0.05752212389380529,-0.08702064896755157,8,True
6278,台表科,20220105,20220106,129.0,entered,True,20220106,133.0,0.03100775193798455,0.03100775193798455,-0.015503875968992276,1,True,20220110,136.5,0.058139534883721034,0.09302325581395343,-0.015503875968992276,3,True,20220112,134.0,0.03875968992248069,0.09302325581395343,-0.015503875968992276,5,True,20220117,141.0,0.09302325581395343,0.09302325581395343,-0.015503875968992276,8,True
6278,台表科,20220810,20220811,94.5,entered,True,20220811,100.0,0.05820105820105814,0.0793650793650793,-0.004232804232804255,1,True,20220815,99.3,0.050793650793650835,0.08994708994709,-0.004232804232804255,3,True,20220817,101.5,0.07407407407407418,0.10052910052910047,-0.004232804232804255,5,True,20220822,103.0,0.08994708994709,0.13756613756613767,-0.004232804232804255,8,True
6278,台表科,20230406,20230407,101.0,entered,True,20230407,97.3,-0.036633663366336666,0.0,-0.03861386138613865,1,True,20230411,101.5,0.004950495049504955,0.00990099009900991,-0.05049504950495043,3,True,20230413,102.0,0.00990099009900991,0.01980198019801982,-0.05049504950495043,5,True,20230418,101.5,0.004950495049504955,0.03960396039603964,-0.05049504950495043,8,True
6278,台表科,20230411,20230412,102.5,entered,True,20230412,101.0,-0.014634146341463428,0.004878048780487809,-0.019512195121951237,1,True,20230414,102.5,0.0,0.004878048780487809,-0.019512195121951237,3,True,20230418,101.5,-0.009756097560975618,0.024390243902439046,-0.019512195121951237,5,True,20230421,98.1,-0.04292682926829272,0.024390243902439046,-0.04292682926829272,8,True
6278,台表科,20240314,20240315,109.5,entered,True,20240315,108.0,-0.013698630136986356,0.0,-0.03196347031963476,1,True,20240319,112.0,0.022831050228310446,0.0547945205479452,-0.03196347031963476,3,True,20240321,107.0,-0.022831050228310557,0.0547945205479452,-0.0365296803652968,5,True,20240326,103.0,-0.05936073059360736,0.0547945205479452,-0.06849315068493156,8,True
6278,台表科,20240430,20240502,119.0,entered,True,20240502,122.0,0.025210084033613356,0.03361344537815136,-0.004201680672268893,1,True,20240506,118.0,-0.008403361344537785,0.04201680672268915,-0.021008403361344574,3,True,20240508,121.0,0.01680672268907557,0.04201680672268915,-0.021008403361344574,5,True,20240513,116.5,-0.021008403361344574,0.04201680672268915,-0.025210084033613467,8,True
6278,台表科,20240701,20240702,124.5,entered,True,20240702,135.5,0.08835341365461846,0.08835341365461846,-0.016064257028112428,1,True,20240704,133.5,0.07228915662650603,0.13654618473895574,-0.016064257028112428,3,True,20240708,138.0,0.10843373493975905,0.15662650602409633,-0.016064257028112428,5,True,20240711,130.5,0.04819277108433728,0.15662650602409633,-0.016064257028112428,8,True
6278,台表科,20260814,20260817,172.5,entered,True,20260817,175.0,0.01449275362318847,0.037681159420289934,0.0,1,True,20260819,174.5,0.011594202898550732,0.05217391304347818,-0.02608695652173909,3,True,20260821,187.0,0.08405797101449286,0.10434782608695659,-0.02608695652173909,5,True,20260826,199.5,0.15652173913043477,0.15652173913043477,-0.02608695652173909,8,True
6279,胡連,20230613,20230614,175.0,entered,True,20230614,172.5,-0.014285714285714235,0.014285714285714235,-0.017142857142857126,1,True,20230616,167.0,-0.04571428571428571,0.014285714285714235,-0.05428571428571427,3,True,20230620,167.5,-0.042857142857142816,0.014285714285714235,-0.05428571428571427,5,True,20230627,165.0,-0.05714285714285716,0.014285714285714235,-0.06285714285714283,8,True
6282,康舒,20230201,20230202,37.0,entered,True,20230202,38.0,0.027027027027026973,0.027027027027026973,-0.027027027027026973,1,True,20230206,38.35,0.03648648648648645,0.048648648648648596,-0.027027027027026973,3,True,20230208,36.85,-0.004054054054054013,0.048648648648648596,-0.048648648648648596,5,True,20230213,37.4,0.0108108108108107,0.07297297297297312,-0.048648648648648596,8,True
6282,康舒,20230531,20230601,45.4,entered,True,20230601,45.35,-0.0011013215859030367,0.026431718061673992,-0.0066079295154184425,1,True,20230605,51.2,0.12775330396475781,0.15859030837004418,-0.0066079295154184425,3,True,20230607,48.1,0.05947136563876665,0.15859030837004418,-0.0066079295154184425,5,True,20230612,47.6,0.04845814977973584,0.15859030837004418,-0.0066079295154184425,8,True
6282,康舒,20240216,20240219,43.55,entered,True,20240219,43.85,0.006888633754305484,0.016073478760046056,-0.02066590126291612,1,True,20240221,41.45,-0.04822043628013761,0.04707233065442029,-0.05051664753157281,3,True,20240223,40.55,-0.06888633754305395,0.04707233065442029,-0.06888633754305395,5,True,20240229,42.6,-0.021814006888633664,0.04707233065442029,-0.09299655568312282,8,True
6282,康舒,20240618,20240619,39.9,entered,True,20240619,39.1,-0.020050125313283096,0.0012531328320803947,-0.022556390977443552,1,True,20240621,39.05,-0.02130325814536349,0.0012531328320803947,-0.028822055137844527,3,True,20240625,39.4,-0.01253132832080206,0.0012531328320803947,-0.048872180451127734,5,True,20240628,38.85,-0.02631578947368418,0.0012531328320803947,-0.048872180451127734,8,True
6282,康舒,20251027,20251028,44.1,entered,True,20251028,46.65,0.05782312925170063,0.09297052154195007,-0.00793650793650802,1,True,20251030,46.3,0.049886621315192725,0.14058956916099774,-0.00793650793650802,3,True,20251103,41.3,-0.0634920634920636,0.14058956916099774,-0.06575963718820854,5,True,20251106,42.25,-0.04195011337868482,0.14058956916099774,-0.1281179138321995,8,True
6282,康舒,20260113,20260114,53.5,entered,True,20260114,54.4,0.016822429906542036,0.05607476635514019,-0.02242990654205612,1,True,20260116,54.7,0.02242990654205612,0.1065420560747663,-0.02242990654205612,3,True,20260120,63.8,0.19252336448598117,0.19252336448598117,-0.02242990654205612,5,True,20260123,59.5,0.11214953271028039,0.23177570093457955,-0.02242990654205612,8,True
6284,佳邦,20240703,20240704,98.5,entered,True,20240704,95.5,-0.030456852791878153,0.0050761421319796,-0.030456852791878153,1,True,20240708,97.1,-0.014213197969543234,0.050761421319796884,-0.030456852791878153,3,True,20240710,99.3,0.008121827411167404,0.050761421319796884,-0.03350253807106596,5,True,20240715,99.0,0.0050761421319796,0.08629441624365475,-0.03350253807106596,8,True
6284,佳邦,20240828,20240829,95.7,entered,True,20240829,97.6,0.019853709508881767,0.030303030303030276,-0.002089864158829724,1,True,20240902,95.2,-0.005224660397074143,0.03552769070010431,-0.013584117032392817,3,True,20240904,86.0,-0.10135841170323934,0.03552769070010431,-0.12643678160919547,5,True,20240909,84.9,-0.11285266457680243,0.03552769070010431,-0.14315569487983282,8,True
6284,佳邦,20260521,20260522,96.1,entered,True,20260522,102.5,0.06659729448491158,0.06659729448491158,-0.006243496357960399,1,True,20260526,117.5,0.222684703433923,0.27991675338189403,-0.006243496357960399,3,True,20260528,124.0,0.2903225806451615,0.2903225806451615,-0.006243496357960399,5,True,20260602,110.0,0.1446409989594173,0.36316337148803335,-0.006243496357960399,8,True
6285,啟碁,20220804,20220805,76.6,entered,True,20220805,79.0,0.031331592689295196,0.039164490861618884,-0.011749347258485532,1,True,20220809,81.0,0.05744125326370764,0.06135770234986948,-0.011749347258485532,3,True,20220811,81.5,0.06396866840731086,0.10835509138381227,-0.011749347258485532,5,True,20220816,81.2,0.060052219321149014,0.10835509138381227,-0.011749347258485532,8,True
6285,啟碁,20221201,20221202,92.0,entered,True,20221202,92.2,0.0021739130434783593,0.018478260869565277,-0.011956521739130421,1,True,20221206,89.6,-0.026086956521739202,0.03804347826086962,-0.03152173913043488,3,True,20221208,89.8,-0.023913043478260954,0.03804347826086962,-0.05760869565217386,5,True,20221213,85.0,-0.07608695652173914,0.03804347826086962,-0.07608695652173914,8,True
6285,啟碁,20230327,20230328,93.0,entered,True,20230328,91.7,-0.013978494623655857,0.02043010752688179,-0.023655913978494647,1,True,20230330,103.5,0.11290322580645151,0.11290322580645151,-0.023655913978494647,3,True,20230406,101.0,0.08602150537634401,0.12365591397849451,-0.023655913978494647,5,True,20230411,98.4,0.058064516129032295,0.12365591397849451,-0.023655913978494647,8,True
6285,啟碁,20230705,20230706,106.0,entered,True,20230706,107.5,0.014150943396226356,0.028301886792452935,-0.009433962264150941,1,True,20230710,113.0,0.0660377358490567,0.09905660377358494,-0.009433962264150941,3,True,20230712,116.0,0.09433962264150941,0.1556603773584906,-0.009433962264150941,5,True,20230717,118.0,0.1132075471698113,0.1603773584905661,-0.009433962264150941,8,True
6285,啟碁,20231103,20231106,142.0,entered,True,20231106,138.5,-0.02464788732394363,0.0035211267605634866,-0.02464788732394363,1,True,20231108,139.0,-0.021126760563380254,0.0035211267605634866,-0.04225352112676062,3,True,20231110,137.0,-0.035211267605633756,0.014084507042253502,-0.04225352112676062,5,True,20231115,136.0,-0.04225352112676062,0.014084507042253502,-0.04225352112676062,8,True
6285,啟碁,20231121,20231122,142.0,entered,True,20231122,143.0,0.007042253521126751,0.01760563380281699,-0.014084507042253502,1,True,20231124,136.5,-0.03873239436619713,0.01760563380281699,-0.03873239436619713,3,True,20231128,136.5,-0.03873239436619713,0.01760563380281699,-0.073943661971831,5,True,20231201,136.5,-0.03873239436619713,0.01760563380281699,-0.073943661971831,8,True
6285,啟碁,20231211,20231212,151.5,entered,True,20231212,155.5,0.0264026402640265,0.06600660066006592,-0.0033003300330033403,1,True,20231214,167.5,0.10561056105610556,0.1452145214521452,-0.0033003300330033403,3,True,20231218,164.0,0.08250825082508251,0.1452145214521452,-0.0033003300330033403,5,True,20231221,152.0,0.0033003300330032292,0.1452145214521452,-0.0066006600660065695,8,True
6285,啟碁,20240516,20240517,154.5,entered,True,20240517,155.0,0.003236245954692629,0.012944983818770295,-0.003236245954692518,1,True,20240521,157.0,0.016181229773462702,0.029126213592232997,-0.003236245954692518,3,True,20240523,157.5,0.01941747572815533,0.04854368932038833,-0.003236245954692518,5,True,20240528,158.0,0.02265372168284796,0.04854368932038833,-0.003236245954692518,8,True
6285,啟碁,20240529,20240530,163.5,entered,True,20240530,159.5,-0.024464831804281384,0.0,-0.02752293577981646,1,True,20240603,160.5,-0.01834862385321101,0.006116207951070374,-0.04892966360856266,3,True,20240605,161.5,-0.012232415902140636,0.0183486238532109,-0.04892966360856266,5,True,20240611,158.5,-0.030581039755351647,0.0183486238532109,-0.04892966360856266,8,True
6285,啟碁,20241219,20241220,130.0,entered,True,20241220,137.5,0.05769230769230771,0.07307692307692304,-0.011538461538461497,1,True,20241224,134.5,0.034615384615384714,0.10000000000000009,-0.011538461538461497,3,True,20241226,141.0,0.08461538461538454,0.12307692307692308,-0.011538461538461497,5,True,20241231,137.5,0.05769230769230771,0.12307692307692308,-0.011538461538461497,8,True
6285,啟碁,20250826,20250827,133.5,entered,True,20250827,129.0,-0.0337078651685393,0.0037453183520599342,-0.03745318352059923,1,True,20250829,127.0,-0.048689138576779034,0.0037453183520599342,-0.048689138576779034,3,True,20250902,122.0,-0.08614232209737827,0.0037453183520599342,-0.09737827715355807,5,True,20250905,122.0,-0.08614232209737827,0.0037453183520599342,-0.09737827715355807,8,True
6285,啟碁,20251021,20251022,123.0,entered,True,20251022,122.5,-0.004065040650406471,0.0,-0.016260162601625994,1,True,20251027,122.0,-0.008130081300813052,0.008130081300812941,-0.016260162601625994,3,True,20251029,124.5,0.012195121951219523,0.03252032520325199,-0.016260162601625994,5,True,20251103,128.0,0.04065040650406515,0.07317073170731714,-0.016260162601625994,8,True
6285,啟碁,20260129,20260130,176.5,entered,True,20260130,185.0,0.04815864022662897,0.0878186968838528,-0.008498583569405138,1,True,20260203,196.0,0.11048158640226635,0.13881019830028318,-0.008498583569405138,3,True,20260205,187.0,0.059490084985835745,0.17563739376770537,-0.008498583569405138,5,True,20260210,172.5,-0.022662889518413554,0.17563739376770537,-0.05099150141643061,8,True
6285,啟碁,20260409,20260410,229.5,entered,True,20260410,225.5,-0.017429193899782147,0.015250544662309462,-0.039215686274509776,1,True,20260414,224.0,-0.023965141612200425,0.09368191721132901,-0.039215686274509776,3,True,20260416,267.0,0.1633986928104576,0.1633986928104576,-0.039215686274509776,5,True,20260421,249.5,0.08714596949891074,0.196078431372549,-0.039215686274509776,8,True
6288,聯嘉,20240223,20240226,35.75,entered,True,20240226,35.1,-0.018181818181818188,0.020979020979021046,-0.025174825174825166,1,True,20240229,36.35,0.016783216783216925,0.04335664335664324,-0.07132867132867127,3,True,20240304,36.35,0.016783216783216925,0.06153846153846154,-0.07132867132867127,5,True,20240307,33.8,-0.054545454545454675,0.06153846153846154,-0.07132867132867127,8,True
6288,聯嘉,20240402,20240403,36.0,entered,True,20240403,36.7,0.019444444444444597,0.03194444444444433,-0.001388888888888773,1,True,20240409,35.25,-0.02083333333333337,0.03888888888888875,-0.02083333333333337,3,True,20240411,35.15,-0.023611111111111138,0.03888888888888875,-0.03194444444444444,5,True,20240416,32.9,-0.08611111111111114,0.03888888888888875,-0.10138888888888886,8,True
6290,良維,20230216,20230217,69.9,entered,True,20230217,70.3,0.005722460658082795,0.014306151645207432,-0.012875536480686733,1,True,20230221,75.4,0.07868383404864088,0.07868383404864088,-0.012875536480686733,3,True,20230223,76.0,0.08726752503576529,0.09298998569384831,-0.012875536480686733,5,True,20230302,73.2,0.047210300429184615,0.09298998569384831,-0.012875536480686733,8,True
6290,良維,20240219,20240220,76.4,entered,True,20240220,78.9,0.0327225130890052,0.04057591623036649,-0.007853403141361404,1,True,20240222,81.5,0.06675392670157065,0.10471204188481664,-0.007853403141361404,3,True,20240226,89.0,0.16492146596858626,0.22643979057591612,-0.007853403141361404,5,True,20240301,101.0,0.32198952879581144,0.3612565445026177,-0.007853403141361404,8,True
6290,良維,20240412,20240415,105.0,entered,True,20240415,103.0,-0.01904761904761909,0.02857142857142847,-0.05714285714285716,1,True,20240417,94.6,-0.09904761904761905,0.02857142857142847,-0.11428571428571432,3,True,20240419,88.2,-0.15999999999999992,0.02857142857142847,-0.1885714285714285,5,True,20240424,88.9,-0.15333333333333332,0.02857142857142847,-0.20952380952380956,8,True
6290,良維,20240830,20240902,87.2,entered,True,20240902,86.9,-0.0034403669724770714,0.014908256880733939,-0.005733944954128489,1,True,20240904,84.7,-0.028669724770642224,0.025229357798165264,-0.04472477064220193,3,True,20240906,85.0,-0.025229357798165153,0.025229357798165264,-0.04472477064220193,5,True,20240911,86.3,-0.010321100917431214,0.025229357798165264,-0.04816513761467889,8,True
6290,良維,20250506,20250507,84.9,entered,True,20250507,83.7,-0.014134275618374548,0.0011778563015312216,-0.01531213191990588,1,True,20250509,88.4,0.04122497055359253,0.05064782096584208,-0.01531213191990588,3,True,20250513,93.6,0.10247349823321539,0.13074204946996448,-0.01531213191990588,5,True,20250516,96.5,0.1366313309776206,0.17785630153121312,-0.01531213191990588,8,True
6290,良維,20250520,20250521,101.5,entered,True,20250521,101.5,0.0,0.009852216748768461,-0.009852216748768461,1,True,20250523,102.0,0.0049261083743843415,0.029556650246305383,-0.009852216748768461,3,True,20250527,99.8,-0.016748768472906406,0.029556650246305383,-0.039408866995073843,5,True,20250602,97.6,-0.03842364532019715,0.029556650246305383,-0.08768472906403946,8,True
6290,良維,20250814,20250815,114.0,entered,True,20250815,111.5,-0.021929824561403466,0.004385964912280604,-0.02631578947368418,1,True,20250819,110.0,-0.03508771929824561,0.00877192982456143,-0.03947368421052633,3,True,20250821,109.0,-0.04385964912280704,0.00877192982456143,-0.06578947368421051,5,True,20250826,108.0,-0.052631578947368474,0.00877192982456143,-0.06578947368421051,8,True
6290,良維,20250919,20250922,121.5,entered,True,20250922,123.0,0.012345679012345734,0.024691358024691468,-0.008230452674897082,1,True,20250924,124.5,0.024691358024691468,0.08230452674897126,-0.008230452674897082,3,True,20250926,120.0,-0.012345679012345734,0.08230452674897126,-0.03703703703703709,5,True,20251002,132.0,0.08641975308641969,0.13168724279835398,-0.03703703703703709,8,True
6290,良維,20251001,20251002,131.5,entered,True,20251002,132.0,0.0038022813688212143,0.04562737642585546,-0.0038022813688213253,1,True,20251007,136.5,0.03802281368821303,0.04562737642585546,-0.0038022813688213253,3,True,20251009,136.0,0.034220532319391594,0.06844106463878319,-0.0038022813688213253,5,True,20251015,150.0,0.14068441064638781,0.1749049429657794,-0.01520912547528519,8,True
6290,良維,20260223,20260224,196.0,entered,True,20260224,210.0,0.0714285714285714,0.08673469387755106,-0.012755102040816313,1,True,20260226,227.0,0.15816326530612246,0.18112244897959173,-0.012755102040816313,3,True,20260303,216.0,0.1020408163265305,0.18112244897959173,-0.012755102040816313,5,True,20260306,239.5,0.22193877551020402,0.23979591836734704,-0.012755102040816313,8,True
6290,良維,20260421,20260422,266.5,entered,True,20260422,279.0,0.046904315196998114,0.054409005628517804,-0.018761726078799223,1,True,20260424,317.0,0.18949343339587243,0.23639774859287055,-0.018761726078799223,3,True,20260428,285.5,0.07129455909943716,0.23639774859287055,-0.018761726078799223,5,True,20260504,292.5,0.09756097560975618,0.23639774859287055,-0.018761726078799223,8,True
6290,良維,20260528,20260529,347.5,entered,True,20260529,347.0,-0.0014388489208633226,0.0,-0.07482014388489211,1,True,20260602,362.5,0.043165467625899234,0.07913669064748197,-0.07482014388489211,3,True,20260604,363.5,0.04604316546762588,0.07913669064748197,-0.07482014388489211,5,True,20260609,317.5,-0.08633093525179858,0.07913669064748197,-0.09784172661870505,8,True
6411,晶焱,20230217,20230220,130.5,entered,True,20230220,132.0,0.011494252873563315,0.026819923371647514,-0.011494252873563204,1,True,20230222,130.5,0.0,0.026819923371647514,-0.03831417624521072,3,True,20230224,129.0,-0.011494252873563204,0.034482758620689724,-0.03831417624521072,5,True,20230303,127.0,-0.026819923371647514,0.034482758620689724,-0.04980842911877392,8,True
6412,群電,20260601,20260602,106.5,entered,True,20260602,104.0,-0.023474178403755874,0.018779342723004744,-0.04694835680751175,1,True,20260604,103.0,-0.032863849765258246,0.018779342723004744,-0.05633802816901412,3,True,20260608,94.0,-0.11737089201877937,0.018779342723004744,-0.17183098591549295,5,True,20260611,91.4,-0.1417840375586854,0.018779342723004744,-0.19061032863849758,8,True
6414,樺漢,20240328,20240329,353.5,entered,True,20240329,375.0,0.06082036775106081,0.06364922206506374,-0.04384724186704381,1,True,20240402,345.5,-0.022630834512022635,0.06364922206506374,-0.04384724186704381,3,True,20240408,341.0,-0.03536067892503536,0.06364922206506374,-0.05657708628005653,5,True,20240411,337.5,-0.04526166902404527,0.06364922206506374,-0.06082036775106081,8,True
6415,矽力*-KY,20231113,20231114,355.5,entered,True,20231114,354.5,-0.002812939521800284,0.04078762306610417,-0.015471167369901506,1,True,20231116,384.0,0.08016877637130793,0.1026722925457102,-0.015471167369901506,3,True,20231120,413.0,0.16174402250351627,0.19268635724331928,-0.015471167369901506,5,True,20231123,406.5,0.14345991561181437,0.19268635724331928,-0.015471167369901506,8,True
6415,矽力*-KY,20231229,20240102,500.0,entered,True,20240102,467.5,-0.06499999999999995,0.008000000000000007,-0.06799999999999995,1,True,20240104,437.5,-0.125,0.008000000000000007,-0.128,3,True,20240108,441.0,-0.118,0.008000000000000007,-0.132,5,True,20240111,445.5,-0.10899999999999999,0.008000000000000007,-0.14300000000000002,8,True
6415,矽力*-KY,20240927,20240930,479.0,entered,True,20240930,468.0,-0.022964509394572064,0.039665970772442494,-0.034446764091857984,1,True,20241004,507.0,0.05845511482254695,0.09812108559498967,-0.039665970772442605,3,True,20241008,547.0,0.14196242171189977,0.1983298538622129,-0.039665970772442605,5,True,20241014,524.0,0.09394572025052184,0.1983298538622129,-0.039665970772442605,8,True
6415,矽力*-KY,20260422,20260423,411.0,entered,True,20260423,415.5,0.010948905109489093,0.07664233576642343,-0.03649635036496346,1,True,20260427,420.0,0.021897810218978186,0.07664233576642343,-0.03649635036496346,3,True,20260429,393.0,-0.04379562043795615,0.07664233576642343,-0.048661800486618056,5,True,20260505,436.0,0.06082725060827254,0.10948905109489049,-0.048661800486618056,8,True
6425,易發,20240401,20240402,76.3,entered,True,20240402,79.0,0.035386631716906924,0.07077326343381407,-0.001310615989514985,1,True,20240408,78.5,0.028833551769331667,0.09174311926605494,-0.019659239842726106,3,True,20240410,82.8,0.08519003931847968,0.15465268676277844,-0.019659239842726106,5,True,20240415,80.1,0.04980340760157276,0.15465268676277844,-0.019659239842726106,8,True
6438,迅得,20250206,20250207,247.0,entered,True,20250207,241.0,-0.02429149797570851,0.018218623481781382,-0.03238866396761131,1,True,20250211,223.5,-0.09514170040485825,0.018218623481781382,-0.10323886639676116,3,True,20250213,219.5,-0.11133603238866396,0.018218623481781382,-0.11740890688259109,5,True,20250218,225.0,-0.08906882591093113,0.018218623481781382,-0.12955465587044535,8,True
6438,迅得,20250522,20250523,187.5,entered,True,20250523,183.5,-0.021333333333333315,0.010666666666666602,-0.03733333333333333,1,True,20250527,181.0,-0.03466666666666662,0.010666666666666602,-0.04800000000000004,3,True,20250529,174.0,-0.07199999999999995,0.010666666666666602,-0.08266666666666667,5,True,20250604,173.5,-0.07466666666666666,0.010666666666666602,-0.09599999999999997,8,True
6438,迅得,20250814,20250815,186.0,entered,True,20250815,187.0,0.005376344086021501,0.010752688172043001,-0.018817204301075252,1,True,20250819,184.5,-0.008064516129032251,0.018817204301075252,-0.018817204301075252,3,True,20250821,178.0,-0.043010752688172005,0.018817204301075252,-0.056451612903225756,5,True,20250826,193.5,0.040322580645161255,0.08064516129032251,-0.07795698924731187,8,True
6442,光聖,20241009,20241011,422.0,entered,True,20241011,422.5,0.0011848341232227888,0.06872037914691953,-0.0011848341232227888,1,True,20241015,457.0,0.08293838862559233,0.1481042654028435,-0.0011848341232227888,3,True,20241017,432.0,0.023696682464454888,0.1481042654028435,-0.0011848341232227888,5,True,20241022,493.5,0.16943127962085303,0.17535545023696675,-0.0011848341232227888,8,True
6442,光聖,20250606,20250609,495.0,entered,True,20250609,501.0,0.0121212121212122,0.024242424242424176,-0.008080808080808133,1,True,20250611,491.0,-0.008080808080808133,0.024242424242424176,-0.02929292929292926,3,True,20250613,471.5,-0.04747474747474745,0.024242424242424176,-0.0505050505050505,5,True,20250618,478.0,-0.03434343434343434,0.024242424242424176,-0.0505050505050505,8,True
6443,元晶,20220809,20220810,37.0,entered,True,20220810,36.4,-0.016216216216216273,0.013513513513513598,-0.0175675675675675,1,True,20220812,36.25,-0.020270270270270285,0.021621621621621623,-0.025675675675675746,3,True,20220816,36.75,-0.006756756756756799,0.032432432432432545,-0.03513513513513511,5,True,20220819,37.0,0.0,0.032432432432432545,-0.03513513513513511,8,True
6443,元晶,20230131,20230201,37.2,entered,True,20230201,37.4,0.005376344086021501,0.014784946236559016,-0.010752688172043112,1,True,20230203,37.35,0.004032258064516014,0.04301075268817178,-0.010752688172043112,3,True,20230207,37.9,0.018817204301075252,0.04301075268817178,-0.010752688172043112,5,True,20230210,36.85,-0.009408602150537626,0.04301075268817178,-0.010752688172043112,8,True
6443,元晶,20230308,20230309,38.2,entered,True,20230309,37.35,-0.022251308900523625,0.0,-0.023560209424083878,1,True,20230313,36.6,-0.041884816753926746,0.0,-0.0680628272251309,3,True,20230315,37.9,-0.007853403141361404,0.0,-0.0680628272251309,5,True,20230320,39.9,0.04450261780104703,0.06282722513089012,-0.0680628272251309,8,True
6443,元晶,20240410,20240411,29.9,entered,True,20240411,29.05,-0.02842809364548493,0.0,-0.02842809364548493,1,True,20240415,29.4,-0.01672240802675584,0.0,-0.041806020066889604,3,True,20240417,28.35,-0.051839464882943,0.0,-0.07190635451505012,5,True,20240422,28.0,-0.0635451505016722,0.0,-0.07190635451505012,8,True
6443,元晶,20240927,20240930,24.4,entered,True,20240930,24.65,0.010245901639344357,0.020491803278688492,-0.010245901639344246,1,True,20241004,24.45,0.002049180327868827,0.020491803278688492,-0.0143442622950819,3,True,20241008,23.8,-0.024590163934426146,0.020491803278688492,-0.024590163934426146,5,True,20241014,23.2,-0.0491803278688524,0.020491803278688492,-0.0635245901639343,8,True
6443,元晶,20260204,20260205,44.05,entered,True,20260205,42.15,-0.04313280363223604,0.012485811577752637,-0.04426787741203164,1,True,20260209,39.4,-0.10556186152099889,0.012485811577752637,-0.1384790011350736,3,True,20260211,37.1,-0.15777525539160042,0.012485811577752637,-0.1736662883087401,5,True,20260225,41.0,-0.0692395005675368,0.012485811577752637,-0.1736662883087401,8,True
6446,藥華藥,20230915,20230918,365.0,entered,True,20230918,361.0,-0.010958904109588996,0.009589041095890316,-0.019178082191780854,1,True,20230920,342.0,-0.06301369863013695,0.009589041095890316,-0.07123287671232881,3,True,20230922,334.0,-0.08493150684931505,0.009589041095890316,-0.09863013698630141,5,True,20230927,336.0,-0.07945205479452055,0.009589041095890316,-0.10136986301369866,8,True
6446,藥華藥,20240520,20240521,432.0,entered,True,20240521,430.0,-0.00462962962962965,0.02083333333333326,-0.01157407407407407,1,True,20240523,417.0,-0.03472222222222221,0.02083333333333326,-0.07407407407407407,3,True,20240527,424.0,-0.01851851851851849,0.02083333333333326,-0.07407407407407407,5,True,20240530,419.0,-0.03009259259259256,0.02083333333333326,-0.07407407407407407,8,True
6449,鈺邦,20240716,20240717,198.5,entered,True,20240717,181.5,-0.08564231738035266,0.0,-0.08816120906801006,1,True,20240719,164.0,-0.17380352644836272,0.0,-0.17632241813602012,3,True,20240723,162.0,-0.18387909319899243,0.0,-0.22166246851385385,5,True,20240730,158.5,-0.20151133501259444,0.0,-0.2896725440806045,8,True
6449,鈺邦,20240902,20240903,176.5,entered,True,20240903,170.0,-0.03682719546742208,0.011331444759206777,-0.053824362606232246,1,True,20240905,154.5,-0.12464589235127477,0.011331444759206777,-0.13031161473087816,3,True,20240909,159.0,-0.09915014164305946,0.011331444759206777,-0.13031161473087816,5,True,20240912,158.5,-0.10198300283286121,0.011331444759206777,-0.16147308781869685,8,True
6449,鈺邦,20250826,20250827,181.0,entered,True,20250827,185.5,0.024861878453038777,0.06629834254143652,-0.0055248618784530246,1,True,20250829,181.5,0.0027624309392264568,0.06629834254143652,-0.02209944751381221,3,True,20250902,167.5,-0.074585635359116,0.06629834254143652,-0.11325966850828728,5,True,20250905,174.0,-0.03867403314917128,0.06629834254143652,-0.11325966850828728,8,True
6451,訊芯-KY,20240222,20240223,230.5,entered,True,20240223,220.5,-0.04338394793926248,0.006507592190889477,-0.07592190889370931,1,True,20240227,217.0,-0.0585683297180043,0.0390455531453362,-0.07592190889370931,3,True,20240301,208.0,-0.0976138828633406,0.0390455531453362,-0.10629067245119306,5,True,20240306,207.0,-0.10195227765726678,0.0390455531453362,-0.13015184381778744,8,True
6456,GIS-KY,20221118,20221121,92.3,entered,True,20221121,89.6,-0.02925243770314201,0.0,-0.03250270855904658,1,True,20221123,87.5,-0.05200433369447455,0.0,-0.054171180931744334,3,True,20221125,86.8,-0.0595882990249188,0.0,-0.0595882990249188,5,True,20221130,88.9,-0.03683640303358604,0.0,-0.07367280606717219,8,True
6462,神盾,20231212,20231213,134.0,entered,True,20231213,130.0,-0.02985074626865669,0.00746268656716409,-0.04477611940298509,1,True,20231215,124.5,-0.07089552238805974,0.00746268656716409,-0.07462686567164178,3,True,20231219,121.5,-0.09328358208955223,0.00746268656716409,-0.13432835820895528,5,True,20231222,129.0,-0.03731343283582089,0.00746268656716409,-0.13432835820895528,8,True
6462,神盾,20240717,20240718,291.0,entered,True,20240718,283.0,-0.027491408934707917,0.02405498281786933,-0.05670103092783507,1,True,20240722,272.0,-0.06529209621993126,0.02405498281786933,-0.08419243986254299,3,True,20240726,289.5,-0.005154639175257714,0.02405498281786933,-0.08419243986254299,5,True,20240731,240.5,-0.1735395189003437,0.02405498281786933,-0.1924398625429553,8,True
6462,神盾,20251023,20251027,145.0,entered,True,20251027,148.5,0.024137931034482696,0.034482758620689724,-0.02758620689655178,1,True,20251029,141.0,-0.02758620689655178,0.08275862068965512,-0.02758620689655178,3,True,20251031,137.5,-0.051724137931034475,0.08275862068965512,-0.08965517241379306,5,True,20251105,127.0,-0.12413793103448278,0.08275862068965512,-0.14137931034482754,8,True
6462,神盾,20260522,20260525,147.0,entered,True,20260525,155.0,0.054421768707483054,0.0714285714285714,-0.023809523809523836,1,True,20260527,133.0,-0.09523809523809523,0.09183673469387754,-0.10204081632653061,3,True,20260529,125.0,-0.1496598639455783,0.09183673469387754,-0.17006802721088432,5,True,20260603,122.0,-0.17006802721088432,0.09183673469387754,-0.1768707482993197,8,True
6472,保瑞,20220816,20220817,300.0,entered,True,20220817,305.5,0.018333333333333313,0.03499999999999992,-0.00666666666666671,1,True,20220819,319.0,0.06333333333333324,0.08333333333333326,-0.00666666666666671,3,True,20220823,325.0,0.08333333333333326,0.08666666666666667,-0.00666666666666671,5,True,20220826,350.0,0.16666666666666674,0.19166666666666665,-0.00666666666666671,8,True
6472,保瑞,20221114,20221115,372.0,entered,True,20221115,401.5,0.07930107526881724,0.07930107526881724,-0.010752688172043001,1,True,20221117,428.5,0.1518817204301075,0.20430107526881724,-0.010752688172043001,3,True,20221121,428.0,0.15053763440860224,0.20430107526881724,-0.010752688172043001,5,True,20221124,462.0,0.24193548387096775,0.2768817204301075,-0.010752688172043001,8,True
6477,安集,20220818,20220819,60.0,entered,True,20220819,57.6,-0.039999999999999925,0.0,-0.05833333333333335,1,True,20220823,56.3,-0.06166666666666676,0.0,-0.07499999999999996,3,True,20220825,57.4,-0.043333333333333335,0.0,-0.08166666666666667,5,True,20220830,57.8,-0.036666666666666736,0.014999999999999902,-0.08166666666666667,8,True
6488,環球晶,20250915,20250916,415.0,entered,True,20250916,449.5,0.08313253012048194,0.08313253012048194,-0.0036144578313253017,1,True,20250918,490.5,0.18192771084337345,0.18192771084337345,-0.0036144578313253017,3,True,20250922,511.0,0.2313253012048193,0.2530120481927711,-0.0036144578313253017,5,True,20250925,489.0,0.17831325301204815,0.2530120481927711,-0.0036144578313253017,8,True
6488,環球晶,20251230,20251231,414.0,entered,True,20251231,406.0,-0.019323671497584516,0.01690821256038655,-0.019323671497584516,1,True,20260105,413.0,-0.0024154589371980784,0.01690821256038655,-0.02657004830917875,3,True,20260107,470.0,0.13526570048309172,0.14009661835748788,-0.02657004830917875,5,True,20260112,472.0,0.14009661835748788,0.14009661835748788,-0.02657004830917875,8,True
6505,台塑化,20250507,20250508,38.1,entered,True,20250508,39.0,0.023622047244094446,0.028871391076115582,-0.001312335958005395,1,True,20250512,40.9,0.0734908136482939,0.07611548556430447,-0.001312335958005395,3,True,20250514,39.9,0.04724409448818889,0.07742782152230965,-0.001312335958005395,5,True,20250519,38.25,0.003937007874015741,0.07742782152230965,-0.007874015748031593,8,True
6505,台塑化,20251008,20251009,42.15,entered,True,20251009,42.1,-0.0011862396204032066,0.007117437722420128,-0.005931198102016588,1,True,20251014,40.8,-0.03202846975088969,0.007117437722420128,-0.04982206405693956,3,True,20251016,42.9,0.017793594306049876,0.02491103202846978,-0.04982206405693956,5,True,20251021,43.5,0.03202846975088969,0.0581257413997629,-0.04982206405693956,8,True
6505,台塑化,20251023,20251027,46.35,entered,True,20251027,45.8,-0.011866235167206085,0.011866235167206085,-0.014023732470334394,1,True,20251029,45.25,-0.02373247033441206,0.011866235167206085,-0.03883495145631077,3,True,20251031,44.7,-0.035598705501618144,0.011866235167206085,-0.03883495145631077,5,True,20251105,45.05,-0.028047464940668898,0.011866235167206085,-0.060409924487594524,8,True
6505,台塑化,20251106,20251107,47.5,entered,True,20251107,50.0,0.05263157894736836,0.06947368421052635,-0.010526315789473717,1,True,20251111,52.5,0.10526315789473695,0.1473684210526316,-0.010526315789473717,3,True,20251113,55.0,0.1578947368421053,0.17894736842105252,-0.010526315789473717,5,True,20251118,54.1,0.1389473684210527,0.17894736842105252,-0.010526315789473717,8,True
6505,台塑化,20260225,20260226,55.6,entered,True,20260226,54.5,-0.01978417266187049,0.0017985611510791255,-0.04496402877697847,1,True,20260303,58.8,0.05755395683453224,0.10251798561151082,-0.04496402877697847,3,True,20260305,56.4,0.014388489208633004,0.13848920863309355,-0.04496402877697847,5,True,20260310,61.4,0.10431654676258995,0.22661870503597115,-0.04496402877697847,8,True
6505,台塑化,20260604,20260605,57.5,entered,True,20260605,55.3,-0.03826086956521746,0.003478260869565375,-0.04347826086956519,1,True,20260609,52.4,-0.08869565217391306,0.003478260869565375,-0.10086956521739121,3,True,20260611,51.4,-0.10608695652173916,0.003478260869565375,-0.12521739130434784,5,True,20260616,52.7,-0.08347826086956511,0.003478260869565375,-0.12521739130434784,8,True
6509,聚和,20230221,20230222,47.0,entered,True,20230222,46.5,-0.010638297872340385,0.0,-0.014893617021276673,1,True,20230224,46.45,-0.011702127659574457,0.008510638297872353,-0.02021276595744692,3,True,20230302,46.5,-0.010638297872340385,0.008510638297872353,-0.03191489361702127,5,True,20230307,47.55,0.011702127659574346,0.015957446808510634,-0.03191489361702127,8,True
6509,聚和,20260410,20260413,46.4,entered,True,20260413,46.5,0.0021551724137931494,0.039870689655172376,-0.008620689655172376,1,True,20260415,44.95,-0.03124999999999989,0.039870689655172376,-0.03663793103448265,3,True,20260417,44.25,-0.04633620689655171,0.039870689655172376,-0.053879310344827624,5,True,20260422,44.05,-0.05064655172413801,0.039870689655172376,-0.06465517241379315,8,True
6509,聚和,20260521,20260522,49.95,entered,True,20260522,50.1,0.0030030030030030463,0.013013013013013053,-0.014014014014014031,1,True,20260526,51.8,0.03703703703703698,0.05705705705705699,-0.014014014014014031,3,True,20260528,50.0,0.0010010010010008674,0.05705705705705699,-0.014014014014014031,5,True,20260602,49.5,-0.009009009009009028,0.05705705705705699,-0.027027027027027084,8,True
6509,聚和,20260703,20260706,58.0,entered,True,20260706,57.5,-0.008620689655172376,0.020689655172413834,-0.03448275862068961,1,True,20260708,54.2,-0.06551724137931025,0.020689655172413834,-0.1103448275862069,3,True,20260713,51.2,-0.11724137931034473,0.020689655172413834,-0.1344827586206896,5,True,20260716,50.3,-0.13275862068965527,0.020689655172413834,-0.153448275862069,8,True
6531,愛普*,20221108,20221109,173.0,entered,True,20221109,177.0,0.023121387283236983,0.046242774566473965,-0.014450867052023142,1,True,20221111,175.5,0.014450867052023142,0.06069364161849711,-0.017341040462427793,3,True,20221115,180.5,0.043352601156069426,0.06358381502890165,-0.017341040462427793,5,True,20221118,203.0,0.17341040462427748,0.17341040462427748,-0.017341040462427793,8,True
6531,愛普*,20230131,20230201,212.0,entered,True,20230201,219.0,0.03301886792452824,0.04716981132075482,-0.021226415094339646,1,True,20230203,247.5,0.1674528301886793,0.195754716981132,-0.021226415094339646,3,True,20230207,244.0,0.15094339622641506,0.195754716981132,-0.021226415094339646,5,True,20230210,247.0,0.16509433962264142,0.2853773584905661,-0.021226415094339646,8,True
6531,愛普*,20230519,20230522,314.0,entered,True,20230522,304.5,-0.030254777070063743,0.01273885350318471,-0.035031847133757954,1,True,20230524,314.5,0.0015923566878981443,0.01273885350318471,-0.035031847133757954,3,True,20230526,310.5,-0.011146496815286677,0.08280254777070062,-0.035031847133757954,5,True,20230531,340.0,0.08280254777070062,0.15764331210191074,-0.035031847133757954,8,True
6531,愛普*,20230531,20230601,342.5,entered,True,20230601,348.5,0.01751824817518255,0.01751824817518255,-0.017518248175182438,1,True,20230605,328.5,-0.040875912408759096,0.04379562043795615,-0.040875912408759096,3,True,20230607,339.0,-0.010218978102189746,0.04379562043795615,-0.040875912408759096,5,True,20230612,333.0,-0.027737226277372296,0.04379562043795615,-0.06715328467153281,8,True
6531,愛普*,20230918,20230919,375.0,entered,True,20230919,360.5,-0.03866666666666663,0.02400000000000002,-0.05466666666666664,1,True,20230921,382.0,0.01866666666666661,0.02400000000000002,-0.05466666666666664,3,True,20230925,395.5,0.05466666666666664,0.06933333333333325,-0.05466666666666664,5,True,20230928,383.0,0.021333333333333426,0.08000000000000007,-0.05466666666666664,8,True
6531,愛普*,20240704,20240705,412.0,entered,True,20240705,394.5,-0.04247572815533984,0.0,-0.043689320388349495,1,True,20240709,398.0,-0.03398058252427183,0.0,-0.08616504854368934,3,True,20240711,382.5,-0.07160194174757284,0.0,-0.08616504854368934,5,True,20240716,385.0,-0.06553398058252424,0.0,-0.095873786407767,8,True
6531,愛普*,20250606,20250609,306.0,entered,True,20250609,311.5,0.017973856209150263,0.03431372549019618,-0.008169934640522847,1,True,20250611,312.0,0.019607843137254832,0.06862745098039214,-0.008169934640522847,3,True,20250613,303.0,-0.009803921568627416,0.06862745098039214,-0.009803921568627416,5,True,20250618,300.5,-0.017973856209150374,0.06862745098039214,-0.017973856209150374,8,True
6531,愛普*,20250909,20250910,335.5,entered,True,20250910,326.5,-0.026825633383010472,0.0,-0.037257824143069995,1,True,20250912,318.5,-0.05067064083457529,0.0014903129657228842,-0.05067064083457529,3,True,20250916,336.0,0.0014903129657228842,0.0253353204172877,-0.06706408345752612,5,True,20250919,338.5,0.008941877794336861,0.07004470938897178,-0.06706408345752612,8,True
6531,愛普*,20260102,20260105,469.5,entered,True,20260105,479.0,0.020234291799787085,0.06283280085197007,0.0,1,True,20260107,455.5,-0.029818956336528202,0.06283280085197007,-0.03727369542066028,3,True,20260109,480.0,0.022364217252396124,0.06283280085197007,-0.051118210862619806,5,True,20260114,468.5,-0.0021299254526091493,0.06283280085197007,-0.051118210862619806,8,True
6538,倉和,20260814,20260817,187.0,entered,True,20260817,190.5,0.018716577540107027,0.03208556149732611,-0.03208556149732622,1,True,20260819,191.5,0.02406417112299475,0.06149732620320858,-0.03208556149732622,3,True,20260821,196.5,0.050802139037433136,0.11229946524064172,-0.06417112299465244,5,True,20260826,212.0,0.1336898395721926,0.160427807486631,-0.06417112299465244,8,True
6547,高端疫苗,20260821,20260824,55.5,censored,False,20260824,55.5,0.0,0.03603603603603611,-0.007207207207207134,1,True,20260826,61.9,0.11531531531531525,0.11531531531531525,-0.010810810810810811,3,True,20260828,65.0,0.1711711711711712,0.22342342342342358,-0.010810810810810811,5,True,,,,,,0,False
6548,長科*,20251031,20251103,40.8,entered,True,20251103,40.5,-0.007352941176470562,0.01225490196078427,-0.02941176470588225,1,True,20251105,40.7,-0.002450980392156743,0.01225490196078427,-0.039215686274509665,3,True,20251107,41.45,0.015931372549019773,0.0490196078431373,-0.039215686274509665,5,True,20251112,47.7,0.1691176470588236,0.25,-0.039215686274509665,8,True
6548,長科*,20251112,20251113,47.65,entered,True,20251113,46.95,-0.014690451206715527,0.04512067156348376,-0.02413431269674704,1,True,20251117,46.2,-0.030430220356768012,0.04512067156348376,-0.04512067156348376,3,True,20251119,46.0,-0.0346274921301154,0.04512067156348376,-0.06505771248688352,5,True,20251124,43.9,-0.07869884575026231,0.04512067156348376,-0.09758656873032523,8,True
6548,長科*,20260106,20260107,49.05,entered,True,20260107,47.5,-0.031600407747196635,0.0010193679918450993,-0.031600407747196635,1,True,20260109,46.65,-0.04892966360856266,0.0010193679918450993,-0.09989806320081551,3,True,20260113,48.2,-0.0173292558613658,0.007135575942915473,-0.09989806320081551,5,True,20260116,47.9,-0.023445463812436285,0.014271151885830946,-0.09989806320081551,8,True
6548,長科*,20260529,20260601,71.3,entered,True,20260601,75.0,0.051893408134642494,0.051893408134642494,0.0,1,True,20260603,89.2,0.2510518934081347,0.2510518934081347,0.0,3,True,20260605,89.7,0.25806451612903225,0.3758765778401121,0.0,5,True,20260610,81.8,0.14726507713884995,0.3758765778401121,0.0,8,True
6558,興能高,20250815,20250818,53.7,entered,True,20250818,56.0,0.04283054003724396,0.05772811918063314,-0.009310986964618295,1,True,20250820,53.1,-0.011173184357541888,0.07448789571694592,-0.029795158286778478,3,True,20250822,54.5,0.014897579143389184,0.07448789571694592,-0.029795158286778478,5,True,20250827,56.0,0.04283054003724396,0.07448789571694592,-0.029795158286778478,8,True
6589,台康生技,20220826,20220829,115.5,entered,True,20220829,118.0,0.02164502164502169,0.06926406926406936,-0.008658008658008698,1,True,20220831,128.0,0.10822510822510822,0.20346320346320357,-0.008658008658008698,3,True,20220902,129.5,0.1212121212121211,0.20346320346320357,-0.008658008658008698,5,True,20220907,119.0,0.030303030303030276,0.20346320346320357,-0.02164502164502169,8,True
6589,台康生技,20221205,20221206,158.5,entered,True,20221206,150.5,-0.050473186119873836,0.02208201892744488,-0.05362776025236593,1,True,20221208,149.5,-0.056782334384858024,0.02208201892744488,-0.08517350157728709,3,True,20221212,146.5,-0.0757097791798107,0.02208201892744488,-0.08517350157728709,5,True,20221215,124.5,-0.21451104100946372,0.02208201892744488,-0.2239747634069401,8,True
6591,動力-KY,20250814,20250815,78.1,entered,True,20250815,76.4,-0.02176696542893708,0.006402048655569814,-0.03457106274007671,1,True,20250819,78.8,0.008962868117797784,0.06786171574903976,-0.03457106274007671,3,True,20250821,81.1,0.03841229193341866,0.10115236875800271,-0.03457106274007671,5,True,20250826,83.5,0.06914212548015364,0.10115236875800271,-0.03457106274007671,8,True
6603,富強鑫,20260817,20260818,29.9,entered,True,20260818,27.95,-0.06521739130434778,0.0117056856187292,-0.06688963210702337,1,True,20260820,27.1,-0.09364548494983271,0.0117056856187292,-0.10200668896321063,3,True,20260824,26.4,-0.117056856187291,0.0117056856187292,-0.12876254180601998,5,True,20260827,26.75,-0.1053511705685618,0.0117056856187292,-0.1371237458193979,8,True
6605,帝寶,20240328,20240329,228.5,entered,True,20240329,219.5,-0.03938730853391681,0.00875273522975939,-0.04157549234135671,1,True,20240402,218.5,-0.043763676148796504,0.00875273522975939,-0.07439824945295404,3,True,20240408,223.0,-0.024070021881838044,0.00875273522975939,-0.07439824945295404,5,True,20240411,218.0,-0.045951859956236296,0.00875273522975939,-0.07439824945295404,8,True
6643,M31,20221121,20221122,482.0,entered,True,20221122,483.5,0.003112033195020736,0.029045643153526868,-0.026970954356846488,1,True,20221124,520.0,0.07883817427385886,0.07883817427385886,-0.026970954356846488,3,True,20221128,506.0,0.049792531120331995,0.13070539419087135,-0.026970954356846488,5,True,20221201,500.0,0.03734439834024905,0.13070539419087135,-0.026970954356846488,8,True
6672,騰輝電子-KY,20250226,20250227,84.2,entered,True,20250227,82.4,-0.02137767220902609,0.015439429928741033,-0.02137767220902609,1,True,20250304,81.8,-0.028503562945368266,0.015439429928741033,-0.06888361045130642,3,True,20250306,80.0,-0.049881235154394354,0.015439429928741033,-0.06888361045130642,5,True,20250311,79.0,-0.061757719714964354,0.015439429928741033,-0.10332541567695963,8,True
8011,台通,20240219,20240220,24.55,entered,True,20240220,23.95,-0.024439918533604943,0.014256619144602745,-0.04276985743380857,1,True,20240222,23.8,-0.03054989816700615,0.014256619144602745,-0.04276985743380857,3,True,20240226,23.5,-0.04276985743380857,0.014256619144602745,-0.04276985743380857,5,True,20240301,24.2,-0.014256619144602856,0.014256619144602745,-0.07128309572301428,8,True
8011,台通,20240711,20240712,27.05,entered,True,20240712,27.1,0.001848428835489857,0.031423290203327126,-0.012939001848428888,1,True,20240716,29.9,0.10536044362292052,0.12014787430683915,-0.02402957486136792,3,True,20240718,30.75,0.13678373382624764,0.1478743068391868,-0.02402957486136792,5,True,20240723,27.45,0.014787430683918634,0.1829944547134934,-0.02402957486136792,8,True
8011,台通,20250828,20250829,24.5,entered,True,20250829,23.75,-0.030612244897959218,0.0,-0.03673469387755102,1,True,20250902,23.25,-0.05102040816326525,0.0,-0.0714285714285714,3,True,20250904,23.1,-0.05714285714285705,0.0,-0.0714285714285714,5,True,20250909,23.7,-0.032653061224489854,0.0,-0.0714285714285714,8,True
8016,矽創,20230411,20230412,252.0,entered,True,20230412,252.5,0.001984126984126977,0.003968253968253954,-0.02182539682539686,1,True,20230414,253.0,0.003968253968253954,0.005952380952380931,-0.025793650793650813,3,True,20230418,245.0,-0.02777777777777779,0.031746031746031855,-0.02777777777777779,5,True,20230421,229.5,-0.0892857142857143,0.031746031746031855,-0.09325396825396826,8,True
8021,尖點,20240823,20240826,41.8,entered,True,20240826,38.8,-0.0717703349282297,0.0011961722488038617,-0.0717703349282297,1,True,20240828,39.25,-0.06100478468899517,0.0011961722488038617,-0.07416267942583721,3,True,20240830,37.8,-0.09569377990430628,0.0011961722488038617,-0.09688995215311003,5,True,20240904,35.55,-0.1495215311004785,0.0011961722488038617,-0.18301435406698563,8,True
8021,尖點,20241022,20241023,40.0,entered,True,20241023,39.35,-0.016249999999999987,0.00749999999999984,-0.019999999999999907,1,True,20241025,40.55,0.013749999999999929,0.03499999999999992,-0.03249999999999997,3,True,20241029,39.05,-0.02375000000000005,0.03499999999999992,-0.03249999999999997,5,True,20241104,40.2,0.0050000000000001155,0.03499999999999992,-0.04125000000000001,8,True
8021,尖點,20250625,20250626,41.6,entered,True,20250626,41.65,0.0012019230769229061,0.014423076923076872,-0.014423076923076983,1,True,20250630,45.7,0.09855769230769229,0.10576923076923084,-0.04567307692307687,3,True,20250702,46.75,0.12379807692307687,0.14663461538461542,-0.04567307692307687,5,True,20250707,48.85,0.17427884615384626,0.2235576923076923,-0.04567307692307687,8,True
8021,尖點,20250708,20250709,49.9,entered,True,20250709,53.3,0.06813627254509025,0.06813627254509025,-0.01002004008016033,1,True,20250711,53.3,0.06813627254509025,0.1122244488977957,-0.01002004008016033,3,True,20250715,52.6,0.0541082164328659,0.1122244488977957,-0.01002004008016033,5,True,20250718,53.4,0.0701402805611222,0.13226452905811636,-0.014028056112224352,8,True
8027,鈦昇,20240403,20240408,105.0,entered,True,20240408,98.1,-0.06571428571428573,0.004761904761904745,-0.080952380952381,1,True,20240410,95.5,-0.09047619047619049,0.004761904761904745,-0.1133333333333334,3,True,20240412,100.5,-0.042857142857142816,0.004761904761904745,-0.1133333333333334,5,True,20240417,99.2,-0.0552380952380952,0.004761904761904745,-0.1133333333333334,8,True
8027,鈦昇,20240529,20240530,122.0,entered,True,20240530,115.5,-0.05327868852459017,0.0,-0.05737704918032782,1,True,20240603,119.5,-0.020491803278688492,0.0,-0.08196721311475408,3,True,20240605,117.0,-0.040983606557377095,0.0,-0.08196721311475408,5,True,20240611,117.0,-0.040983606557377095,0.03688524590163933,-0.08196721311475408,8,True
8028,昇陽半導體,20240429,20240430,55.5,entered,True,20240430,55.3,-0.003603603603603678,0.009009009009008917,-0.010810810810810811,1,True,20240503,54.0,-0.027027027027026973,0.009009009009008917,-0.027027027027026973,3,True,20240507,53.2,-0.04144144144144135,0.009009009009008917,-0.05585585585585584,5,True,20240510,52.4,-0.05585585585585584,0.009009009009008917,-0.06306306306306309,8,True
8028,昇陽半導體,20241008,20241009,141.0,entered,True,20241009,133.5,-0.05319148936170215,0.028368794326241176,-0.06382978723404253,1,True,20241014,138.5,-0.01773049645390068,0.028368794326241176,-0.06382978723404253,3,True,20241016,137.0,-0.028368794326241176,0.028368794326241176,-0.06382978723404253,5,True,20241021,135.0,-0.04255319148936165,0.0851063829787233,-0.06382978723404253,8,True
8028,昇陽半導體,20250217,20250218,144.0,entered,True,20250218,159.5,0.10763888888888884,0.10763888888888884,-0.00694444444444442,1,True,20250220,171.5,0.19097222222222232,0.23611111111111116,-0.00694444444444442,3,True,20250224,171.0,0.1875,0.23611111111111116,-0.00694444444444442,5,True,20250227,168.0,0.16666666666666674,0.27083333333333326,-0.00694444444444442,8,True
8028,昇陽半導體,20250908,20250909,182.5,entered,True,20250909,184.0,0.008219178082191858,0.013698630136986356,-0.024657534246575352,1,True,20250911,173.5,-0.049315068493150704,0.06849315068493156,-0.05753424657534245,3,True,20250915,170.5,-0.0657534246575342,0.06849315068493156,-0.07945205479452055,5,True,20250918,173.5,-0.049315068493150704,0.06849315068493156,-0.07945205479452055,8,True
8028,昇陽半導體,20251016,20251017,183.5,entered,True,20251017,179.0,-0.02452316076294281,0.005449591280654031,-0.02997275204359673,1,True,20251021,173.5,-0.05449591280653954,0.005449591280654031,-0.05994550408719346,3,True,20251023,170.5,-0.07084468664850141,0.005449591280654031,-0.08174386920980925,5,True,20251029,171.0,-0.0681198910081744,0.005449591280654031,-0.08174386920980925,8,True
8028,昇陽半導體,20251210,20251211,170.0,entered,True,20251211,171.5,0.008823529411764675,0.044117647058823595,-0.00588235294117645,1,True,20251215,170.5,0.002941176470588225,0.044117647058823595,-0.008823529411764675,3,True,20251217,164.0,-0.03529411764705881,0.044117647058823595,-0.03529411764705881,5,True,20251222,167.0,-0.01764705882352946,0.044117647058823595,-0.04117647058823526,8,True
8028,昇陽半導體,20260102,20260105,190.0,entered,True,20260105,205.0,0.07894736842105265,0.07894736842105265,-0.02631578947368418,1,True,20260107,196.5,0.03421052631578947,0.09210526315789469,-0.02631578947368418,3,True,20260109,189.5,-0.0026315789473684292,0.09210526315789469,-0.02631578947368418,5,True,20260114,188.5,-0.007894736842105288,0.09210526315789469,-0.02894736842105261,8,True
8028,昇陽半導體,20260318,20260319,191.5,entered,True,20260319,188.0,-0.018276762402088753,0.02872062663185382,-0.023498694516971286,1,True,20260323,182.0,-0.04960835509138384,0.02872062663185382,-0.09138381201044388,3,True,20260325,199.5,0.04177545691906004,0.04177545691906004,-0.09138381201044388,5,True,20260330,188.5,-0.015665796344647487,0.06788511749347248,-0.09138381201044388,8,True
8033,雷虎,20221108,20221109,32.3,entered,True,20221109,32.55,0.007739938080495445,0.037151702786377694,-0.015479876160990558,1,True,20221111,34.0,0.052631578947368585,0.08359133126934992,-0.015479876160990558,3,True,20221115,36.0,0.11455108359133126,0.11455108359133126,-0.015479876160990558,5,True,20221118,42.0,0.30030959752321995,0.37461300309597534,-0.015479876160990558,8,True
8033,雷虎,20230619,20230620,73.9,entered,True,20230620,71.3,-0.03518267929634655,0.0,-0.043301759133964834,1,True,20230626,70.2,-0.05006765899864685,0.0,-0.0690121786197565,3,True,20230628,69.5,-0.05953991880920173,0.0,-0.08660351826792967,5,True,20230703,70.7,-0.043301759133964834,0.0,-0.08660351826792967,8,True
8033,雷虎,20250619,20250620,67.0,entered,True,20250620,62.8,-0.0626865671641792,0.0029850746268658135,-0.06417910447761188,1,True,20250624,61.6,-0.08059701492537308,0.0029850746268658135,-0.10298507462686568,3,True,20250626,60.7,-0.09402985074626857,0.0029850746268658135,-0.10298507462686568,5,True,20250701,59.6,-0.11044776119402988,0.0029850746268658135,-0.11194029850746268,8,True
8033,雷虎,20260423,20260424,158.5,entered,True,20260424,154.5,-0.025236593059936863,0.003154574132492094,-0.04100946372239744,1,True,20260428,144.5,-0.08832807570977919,0.003154574132492094,-0.09463722397476337,3,True,20260430,144.0,-0.09148264984227128,0.003154574132492094,-0.11041009463722395,5,True,20260506,150.5,-0.050473186119873836,0.003154574132492094,-0.11041009463722395,8,True
8039,台虹,20250818,20250819,52.4,entered,True,20250819,54.4,0.03816793893129766,0.05343511450381677,-0.0362595419847328,1,True,20250821,49.5,-0.05534351145038163,0.05343511450381677,-0.06488549618320605,3,True,20250825,51.2,-0.022900763358778553,0.05343511450381677,-0.07061068702290063,5,True,20250828,51.8,-0.011450381679389388,0.05343511450381677,-0.07061068702290063,8,True
8039,台虹,20250905,20250908,65.0,entered,True,20250908,64.4,-0.009230769230769154,0.020000000000000018,-0.026153846153846194,1,True,20250910,61.0,-0.06153846153846154,0.020000000000000018,-0.0692307692307692,3,True,20250912,66.9,0.029230769230769393,0.09692307692307689,-0.08307692307692305,5,True,20250917,62.4,-0.040000000000000036,0.09692307692307689,-0.08307692307692305,8,True
8039,台虹,20251112,20251113,69.0,entered,True,20251113,68.8,-0.0028985507246377384,0.0014492753623187582,-0.03188405797101457,1,True,20251117,64.8,-0.0608695652173914,0.0014492753623187582,-0.06811594202898552,3,True,20251119,62.4,-0.09565217391304348,0.0014492753623187582,-0.10869565217391308,5,True,20251124,61.5,-0.10869565217391308,0.0014492753623187582,-0.12753623188405794,8,True
8039,台虹,20260123,20260126,95.2,entered,True,20260126,93.4,-0.018907563025210017,0.04936974789915971,-0.03256302521008414,1,True,20260128,90.3,-0.05147058823529416,0.04936974789915971,-0.06407563025210095,3,True,20260130,87.9,-0.07668067226890751,0.04936974789915971,-0.10924369747899165,5,True,20260204,88.9,-0.06617647058823528,0.04936974789915971,-0.1334033613445379,8,True
8039,台虹,20260527,20260528,162.0,entered,True,20260528,153.5,-0.05246913580246915,0.0,-0.07407407407407407,1,True,20260601,153.0,-0.05555555555555558,0.04012345679012341,-0.08024691358024694,3,True,20260603,150.5,-0.07098765432098764,0.04012345679012341,-0.11728395061728392,5,True,20260608,130.5,-0.19444444444444442,0.04012345679012341,-0.21913580246913578,8,True
8046,南電,20230324,20230327,287.0,entered,True,20230327,285.5,-0.005226480836236891,0.0034843205574912606,-0.024390243902439046,1,True,20230329,272.0,-0.05226480836236935,0.0034843205574912606,-0.05574912891986061,3,True,20230331,283.0,-0.013937282229965153,0.006968641114982521,-0.05574912891986061,5,True,20230410,275.5,-0.04006968641114983,0.006968641114982521,-0.059233449477351874,8,True
8046,南電,20230525,20230526,308.5,entered,True,20230526,303.0,-0.017828200972447306,0.014586709886547755,-0.021069692058346856,1,True,20230530,294.0,-0.04700162074554293,0.014586709886547755,-0.0486223662884927,3,True,20230601,298.5,-0.03241491085899517,0.014586709886547755,-0.0486223662884927,5,True,20230606,296.5,-0.03889789303079416,0.014586709886547755,-0.0486223662884927,8,True
8046,南電,20230915,20230918,269.5,entered,True,20230918,272.5,0.011131725417439675,0.029684601113172615,-0.005565862708719838,1,True,20230920,260.5,-0.033395176252319136,0.029684601113172615,-0.033395176252319136,3,True,20230922,267.0,-0.00927643784786647,0.029684601113172615,-0.051948051948051965,5,True,20230927,265.0,-0.016697588126159513,0.029684601113172615,-0.051948051948051965,8,True
8046,南電,20250711,20250714,144.5,entered,True,20250714,143.5,-0.00692041522491349,0.02076124567474058,-0.02768166089965396,1,True,20250716,173.0,0.19723183391003452,0.19723183391003452,-0.02768166089965396,3,True,20250718,171.0,0.18339100346020754,0.22491349480968847,-0.02768166089965396,5,True,20250723,171.5,0.18685121107266434,0.23875432525951568,-0.02768166089965396,8,True
8046,南電,20260121,20260122,374.5,entered,True,20260122,370.5,-0.010680907877169576,0.001335113484646211,-0.04672897196261683,1,True,20260126,370.0,-0.012016021361815787,0.020026702269692942,-0.04672897196261683,3,True,20260128,396.0,0.057409879839786404,0.06141522029372504,-0.04672897196261683,5,True,20260202,368.0,-0.01735647530040052,0.06809078771695587,-0.04806408544726304,8,True
8050,廣積,20230217,20230220,83.5,entered,True,20230220,83.2,-0.003592814371257469,0.016766467065868262,-0.010778443113772518,1,True,20230222,84.5,0.011976047904191711,0.04311377245508985,-0.017964071856287456,3,True,20230224,83.8,0.003592814371257358,0.04311377245508985,-0.017964071856287456,5,True,20230303,83.6,0.0011976047904191933,0.04311377245508985,-0.0239520958083832,8,True
8050,廣積,20230330,20230331,88.8,entered,True,20230331,86.2,-0.029279279279279202,0.007882882882882969,-0.0394144144144144,1,True,20230407,86.0,-0.03153153153153154,0.007882882882882969,-0.05405405405405406,3,True,20230411,81.7,-0.07995495495495486,0.007882882882882969,-0.08333333333333326,5,True,20230414,82.0,-0.07657657657657657,0.007882882882882969,-0.08333333333333326,8,True
8050,廣積,20230613,20230614,86.3,entered,True,20230614,88.5,0.02549246813441486,0.03823870220162218,-0.002317497103128674,1,True,20230616,85.6,-0.008111239860950192,0.03823870220162218,-0.009269988412514474,3,True,20230620,85.5,-0.009269988412514474,0.03823870220162218,-0.023174971031286185,5,True,20230627,84.6,-0.01969872537659334,0.03823870220162218,-0.023174971031286185,8,True
8050,廣積,20230704,20230705,102.5,entered,True,20230705,100.5,-0.019512195121951237,0.019512195121951237,-0.024390243902439046,1,True,20230707,97.1,-0.05268292682926834,0.034146341463414664,-0.06731707317073177,3,True,20230711,89.6,-0.12585365853658537,0.034146341463414664,-0.13170731707317074,5,True,20230714,103.5,0.009756097560975618,0.034146341463414664,-0.13170731707317074,8,True
8054,安國,20251002,20251003,107.5,entered,True,20251003,107.5,0.0,0.027906976744185963,-0.023255813953488413,1,True,20251008,104.5,-0.027906976744186074,0.027906976744185963,-0.06511627906976747,3,True,20251013,110.0,0.023255813953488413,0.08372093023255811,-0.06511627906976747,5,True,20251016,119.5,0.1116279069767443,0.1348837209302325,-0.06511627906976747,8,True
8054,安國,20251016,20251017,118.0,entered,True,20251017,119.0,0.008474576271186418,0.04661016949152552,0.0,1,True,20251021,126.5,0.07203389830508478,0.15254237288135597,0.0,3,True,20251023,140.5,0.19067796610169485,0.19067796610169485,0.0,5,True,20251029,129.0,0.09322033898305082,0.2542372881355932,0.0,8,True
8064,東捷,20240528,20240529,38.55,entered,True,20240529,38.2,-0.009079118028534228,0.03631647211413758,-0.05058365758754857,1,True,20240531,36.4,-0.055771725032425334,0.03631647211413758,-0.07263294422827493,3,True,20240604,36.3,-0.05836575875486383,0.03631647211413758,-0.07263294422827493,5,True,20240607,36.55,-0.05188067444876787,0.03631647211413758,-0.12451361867704269,8,True
8064,東捷,20241023,20241024,71.6,entered,True,20241024,70.1,-0.020949720670391025,0.032122905027933024,-0.03491620111731841,1,True,20241028,65.6,-0.08379888268156421,0.032122905027933024,-0.08379888268156421,3,True,20241030,63.5,-0.11312849162011163,0.032122905027933024,-0.11592178770949713,5,True,20241105,65.3,-0.08798882681564246,0.032122905027933024,-0.1382681564245809,8,True
8064,東捷,20250814,20250815,42.3,entered,True,20250815,42.9,0.014184397163120588,0.022458628841607542,-0.023640661938534313,1,True,20250819,43.2,0.021276595744680993,0.05910165484633567,-0.023640661938534313,3,True,20250821,42.6,0.007092198581560405,0.05910165484633567,-0.03427895981087459,5,True,20250826,42.75,0.010638297872340496,0.05910165484633567,-0.03427895981087459,8,True
8064,東捷,20260318,20260319,67.5,entered,True,20260319,67.0,-0.007407407407407418,0.01333333333333342,-0.01777777777777778,1,True,20260323,70.8,0.04888888888888876,0.04888888888888876,-0.07259259259259254,3,True,20260325,68.0,0.007407407407407307,0.14962962962962956,-0.07259259259259254,5,True,20260330,66.7,-0.01185185185185178,0.14962962962962956,-0.07259259259259254,8,True
8069,元太,20220325,20220328,172.5,entered,True,20220328,181.5,0.05217391304347818,0.05217391304347818,-0.01449275362318836,1,True,20220330,179.5,0.04057971014492745,0.0608695652173914,-0.01449275362318836,3,True,20220401,180.5,0.04637681159420293,0.13623188405797104,-0.01449275362318836,5,True,20220408,174.5,0.011594202898550732,0.13623188405797104,-0.02608695652173909,8,True
8069,元太,20230517,20230518,202.0,entered,True,20230518,198.5,-0.017326732673267342,0.007425742574257432,-0.01980198019801982,1,True,20230522,196.0,-0.02970297029702973,0.007425742574257432,-0.044554455445544594,3,True,20230524,203.5,0.007425742574257432,0.00990099009900991,-0.044554455445544594,5,True,20230529,205.0,0.014851485148514865,0.06930693069306937,-0.044554455445544594,8,True
8069,元太,20231227,20231228,202.0,entered,True,20231228,201.5,-0.0024752475247524774,0.0024752475247524774,-0.012376237623762387,1,True,20240102,195.0,-0.034653465346534684,0.0024752475247524774,-0.04207920792079212,3,True,20240104,188.0,-0.06930693069306926,0.0024752475247524774,-0.07425742574257421,5,True,20240109,190.0,-0.05940594059405946,0.0024752475247524774,-0.07425742574257421,8,True
8069,元太,20240215,20240216,230.0,entered,True,20240216,226.0,-0.017391304347826098,0.008695652173912993,-0.017391304347826098,1,True,20240220,228.5,-0.006521739130434745,0.008695652173912993,-0.03913043478260869,3,True,20240222,233.0,0.01304347826086949,0.017391304347825987,-0.03913043478260869,5,True,20240227,230.0,0.0,0.026086956521739202,-0.03913043478260869,8,True
8069,元太,20240229,20240301,248.0,entered,True,20240301,253.0,0.02016129032258074,0.022177419354838745,-0.020161290322580627,1,True,20240305,241.0,-0.028225806451612878,0.040322580645161255,-0.03629032258064513,3,True,20240307,240.0,-0.032258064516129004,0.040322580645161255,-0.056451612903225756,5,True,20240312,236.0,-0.048387096774193505,0.040322580645161255,-0.11895161290322576,8,True
8069,元太,20240612,20240613,249.0,entered,True,20240613,246.5,-0.010040160642570295,0.01807228915662651,-0.02208835341365467,1,True,20240617,246.0,-0.012048192771084376,0.01807228915662651,-0.02409638554216864,3,True,20240619,238.5,-0.04216867469879515,0.01807228915662651,-0.050200803212851364,5,True,20240624,234.0,-0.06024096385542166,0.01807228915662651,-0.0662650602409639,8,True
8069,元太,20240703,20240704,270.0,entered,True,20240704,275.0,0.0185185185185186,0.024074074074074137,0.0,1,True,20240708,263.0,-0.025925925925925908,0.03888888888888897,-0.04814814814814816,3,True,20240710,266.5,-0.012962962962962954,0.03888888888888897,-0.04814814814814816,5,True,20240715,268.0,-0.007407407407407418,0.059259259259259345,-0.04814814814814816,8,True
8069,元太,20250811,20250812,261.0,entered,True,20250812,266.5,0.021072796934865856,0.02298850574712641,-0.017241379310344862,1,True,20250814,262.5,0.005747126436781658,0.09578544061302674,-0.017241379310344862,3,True,20250818,257.5,-0.013409961685823757,0.09578544061302674,-0.03831417624521072,5,True,20250821,250.0,-0.04214559386973182,0.09578544061302674,-0.04980842911877392,8,True
8070,長華*,20240325,20240326,40.9,entered,True,20240326,39.8,-0.02689486552567244,0.008557457212714059,-0.03422982885085568,1,True,20240328,39.75,-0.028117359413202925,0.008557457212714059,-0.03422982885085568,3,True,20240401,40.75,-0.003667481662591676,0.008557457212714059,-0.03422982885085568,5,True,20240408,43.65,0.06723716381418088,0.07457212713936445,-0.03422982885085568,8,True
8070,長華*,20240408,20240409,43.65,entered,True,20240409,43.1,-0.012600229095074411,0.0,-0.02978235967926679,1,True,20240411,42.25,-0.032073310423825885,0.002290950744558984,-0.04123711340206182,3,True,20240415,41.2,-0.056128293241695215,0.002290950744558984,-0.056128293241695215,5,True,20240418,41.05,-0.0595647193585338,0.002290950744558984,-0.08361970217640313,8,True
8070,長華*,20240513,20240514,47.75,entered,True,20240514,48.4,0.013612565445026092,0.021989528795811397,-0.005235602094240788,1,True,20240516,47.15,-0.012565445026178068,0.0680628272251309,-0.012565445026178068,3,True,20240520,52.3,0.09528795811518309,0.09738219895287958,-0.012565445026178068,5,True,20240523,49.2,0.030366492146596924,0.12879581151832453,-0.012565445026178068,8,True
8070,長華*,20240530,20240531,54.8,entered,True,20240531,52.9,-0.034671532846715314,0.034671532846715536,-0.03649635036496346,1,True,20240604,50.3,-0.08211678832116787,0.034671532846715536,-0.09580291970802923,3,True,20240606,49.75,-0.09215328467153283,0.034671532846715536,-0.10766423357664234,5,True,20240612,51.9,-0.0529197080291971,0.034671532846715536,-0.10766423357664234,8,True
8070,長華*,20240823,20240826,54.8,entered,True,20240826,58.4,0.06569343065693434,0.08941605839416078,-0.02372262773722622,1,True,20240828,57.9,0.0565693430656935,0.11131386861313874,-0.02372262773722622,3,True,20240830,62.3,0.13686131386861322,0.17700729927007308,-0.02372262773722622,5,True,20240904,58.8,0.07299270072992692,0.17700729927007308,-0.02372262773722622,8,True
8070,長華*,20250529,20250602,48.3,entered,True,20250602,46.4,-0.039337474120082816,0.006211180124223725,-0.04140786749482406,1,True,20250604,43.4,-0.10144927536231885,0.006211180124223725,-0.10559006211180111,3,True,20250606,43.2,-0.10559006211180111,0.006211180124223725,-0.11283643892339534,5,True,20250611,42.05,-0.12939958592132506,0.006211180124223725,-0.1428571428571428,8,True
8070,長華*,20251112,20251113,47.3,entered,True,20251113,46.85,-0.009513742071881492,0.010570824524312794,-0.015856236786469302,1,True,20251117,45.4,-0.04016913319238902,0.010570824524312794,-0.04228329809725162,3,True,20251119,43.9,-0.07188160676532762,0.010570824524312794,-0.07610993657505272,5,True,20251124,43.8,-0.07399577167019022,0.010570824524312794,-0.07610993657505272,8,True
8070,長華*,20260112,20260113,47.6,entered,True,20260113,46.7,-0.018907563025210017,0.0,-0.03256302521008414,1,True,20260115,46.7,-0.018907563025210017,0.007352941176470562,-0.03256302521008414,3,True,20260119,46.95,-0.013655462184873901,0.007352941176470562,-0.03361344537815125,5,True,20260122,48.55,0.01995798319327724,0.054621848739495826,-0.03361344537815125,8,True
8070,長華*,20260122,20260123,49.5,entered,True,20260123,49.35,-0.00303030303030305,0.010101010101010166,-0.045454545454545414,1,True,20260127,48.75,-0.015151515151515138,0.010101010101010166,-0.045454545454545414,3,True,20260129,47.25,-0.045454545454545414,0.0121212121212122,-0.08080808080808077,5,True,20260203,46.3,-0.06464646464646473,0.0121212121212122,-0.08383838383838382,8,True
8070,長華*,20260409,20260410,47.05,entered,True,20260410,47.6,0.011689691817215797,0.023379383634431594,-0.012752391073326153,1,True,20260414,48.0,0.020191285866099973,0.046758767268862966,-0.012752391073326153,3,True,20260416,46.4,-0.01381509032943673,0.046758767268862966,-0.022316684378320906,5,True,20260421,48.05,0.02125398512221044,0.04888416578108412,-0.022316684378320906,8,True
8070,長華*,20260417,20260420,49.0,entered,True,20260420,48.5,-0.010204081632653073,0.0071428571428571175,-0.014285714285714346,1,True,20260422,49.45,0.009183673469387754,0.03265306122448974,-0.027551020408163263,3,True,20260424,46.85,-0.043877551020408134,0.03265306122448974,-0.0653061224489796,5,True,20260429,46.85,-0.043877551020408134,0.03265306122448974,-0.0775510204081632,8,True
8071,能率網通,20260617,20260618,29.45,entered,True,20260618,29.4,-0.001697792869269965,0.011884550084889645,-0.035653650254668934,1,True,20260623,27.0,-0.08319185059422751,0.011884550084889645,-0.11375212224108655,3,True,20260625,30.8,0.045840407470288724,0.045840407470288724,-0.11375212224108655,5,True,20260630,31.1,0.05602716468590829,0.12733446519524638,-0.11375212224108655,8,True
8086,宏捷科,20230220,20230221,82.0,entered,True,20230221,79.2,-0.03414634146341455,0.013414634146341475,-0.03414634146341455,1,True,20230223,78.0,-0.04878048780487809,0.013414634146341475,-0.056097560975609695,3,True,20230301,77.1,-0.05975609756097566,0.013414634146341475,-0.06829268292682922,5,True,20230306,79.3,-0.03292682926829271,0.013414634146341475,-0.09390243902439033,8,True
8086,宏捷科,20230607,20230608,93.2,entered,True,20230608,90.1,-0.03326180257510736,0.011802575107296098,-0.037553648068669565,1,True,20230612,89.8,-0.03648068669527904,0.011802575107296098,-0.04828326180257514,3,True,20230614,88.6,-0.049356223175965774,0.011802575107296098,-0.0504291845493563,5,True,20230619,89.3,-0.04184549356223177,0.011802575107296098,-0.0504291845493563,8,True
8086,宏捷科,20231107,20231108,120.5,entered,True,20231108,123.0,0.020746887966804906,0.024896265560165887,-0.012448132780082943,1,True,20231110,132.0,0.09543568464730301,0.09958506224066399,-0.012448132780082943,3,True,20231114,131.0,0.08713692946058083,0.11203319502074693,-0.012448132780082943,5,True,20231117,127.0,0.053941908713692976,0.11203319502074693,-0.012448132780082943,8,True
8086,宏捷科,20240205,20240215,130.0,entered,True,20240215,131.0,0.007692307692307665,0.011538461538461497,-0.019230769230769273,1,True,20240219,146.0,0.12307692307692308,0.12307692307692308,-0.019230769230769273,3,True,20240221,147.5,0.13461538461538458,0.17692307692307696,-0.019230769230769273,5,True,20240226,141.5,0.08846153846153837,0.17692307692307696,-0.019230769230769273,8,True
8086,宏捷科,20240305,20240306,153.5,entered,True,20240306,156.5,0.019543973941368087,0.02931596091205213,-0.0228013029315961,1,True,20240308,148.0,-0.03583061889250816,0.07491856677524433,-0.06514657980456029,3,True,20240312,157.5,0.026058631921824116,0.07491856677524433,-0.06514657980456029,5,True,20240315,153.5,0.0,0.07491856677524433,-0.06514657980456029,8,True
8086,宏捷科,20250718,20250721,94.5,entered,True,20250721,96.0,0.015873015873015817,0.04550264550264549,-0.015873015873015928,1,True,20250723,88.9,-0.059259259259259234,0.04550264550264549,-0.060317460317460325,3,True,20250725,95.6,0.011640211640211673,0.04550264550264549,-0.06772486772486774,5,True,20250730,95.5,0.010582010582010692,0.04550264550264549,-0.06772486772486774,8,True
8086,宏捷科,20250801,20250804,102.0,entered,True,20250804,103.0,0.009803921568627416,0.014705882352941124,-0.021568627450980427,1,True,20250806,99.9,-0.020588235294117574,0.06372549019607843,-0.045098039215686225,3,True,20250808,106.0,0.03921568627450989,0.09313725490196068,-0.045098039215686225,5,True,20250813,107.0,0.0490196078431373,0.10294117647058831,-0.045098039215686225,8,True
8086,宏捷科,20251105,20251106,120.0,entered,True,20251106,119.5,-0.004166666666666652,0.012499999999999956,-0.03749999999999998,1,True,20251110,113.5,-0.054166666666666696,0.012499999999999956,-0.06666666666666665,3,True,20251112,115.5,-0.03749999999999998,0.012499999999999956,-0.06666666666666665,5,True,20251117,110.0,-0.08333333333333337,0.012499999999999956,-0.12916666666666665,8,True
8086,宏捷科,20260112,20260113,116.5,entered,True,20260113,113.5,-0.025751072961373356,0.008583690987124415,-0.03862660944206009,1,True,20260115,113.5,-0.025751072961373356,0.008583690987124415,-0.047210300429184504,3,True,20260119,110.5,-0.05150214592274682,0.008583690987124415,-0.05150214592274682,5,True,20260122,125.5,0.07725321888412018,0.1330472103004292,-0.05579399141630903,8,True
8086,宏捷科,20260121,20260122,128.0,entered,True,20260122,125.5,-0.01953125,0.03125,-0.0234375,1,True,20260126,123.0,-0.0390625,0.03125,-0.05078125,3,True,20260128,123.5,-0.03515625,0.03125,-0.05078125,5,True,20260202,103.5,-0.19140625,0.03125,-0.19140625,8,True
8086,宏捷科,20260417,20260420,150.0,entered,True,20260420,150.0,0.0,0.06000000000000005,-0.010000000000000009,1,True,20260422,149.5,-0.0033333333333332993,0.06000000000000005,-0.046666666666666634,3,True,20260424,138.0,-0.07999999999999996,0.06000000000000005,-0.10666666666666669,5,True,20260429,142.0,-0.053333333333333344,0.06000000000000005,-0.13,8,True
8088,品安,20230915,20230918,37.7,entered,True,20230918,37.35,-0.009283819628647216,0.022546419098143033,-0.01326259946949604,1,True,20230920,36.95,-0.019893899204244003,0.06631299734748008,-0.023872679045092937,3,True,20230922,37.55,-0.003978779840848934,0.06631299734748008,-0.039787798408488007,5,True,20230927,39.3,0.04244031830238715,0.06631299734748008,-0.039787798408488007,8,True
8088,品安,20231114,20231115,40.9,entered,True,20231115,40.95,0.0012224938875307068,0.023227383863080764,-0.017114914425427785,1,True,20231117,39.8,-0.02689486552567244,0.023227383863080764,-0.041564792176039034,3,True,20231121,39.85,-0.025672371638141733,0.023227383863080764,-0.041564792176039034,5,True,20231124,39.75,-0.028117359413202925,0.023227383863080764,-0.041564792176039034,8,True
8088,品安,20251224,20251226,44.9,entered,True,20251226,44.65,-0.0055679287305122616,0.011135857461024523,-0.031180400890868598,1,True,20251230,46.4,0.03340757238307357,0.061247216035634766,-0.04008908685968815,3,True,20260102,46.75,0.04120267260579058,0.06570155902004471,-0.04008908685968815,5,True,20260107,49.25,0.0968819599109132,0.13585746102449892,-0.04008908685968815,8,True
8088,品安,20260107,20260108,49.5,entered,True,20260108,54.1,0.09292929292929286,0.09292929292929286,-0.016161616161616155,1,True,20260112,53.0,0.07070707070707072,0.16767676767676765,-0.016161616161616155,3,True,20260114,55.0,0.11111111111111116,0.1777777777777778,-0.016161616161616155,5,True,20260119,73.1,0.47676767676767673,0.47676767676767673,-0.016161616161616155,8,True
8088,品安,20260525,20260526,59.6,entered,True,20260526,60.4,0.01342281879194629,0.03187919463087252,-0.023489932885906062,1,True,20260528,60.4,0.01342281879194629,0.11409395973154379,-0.023489932885906062,3,True,20260601,59.7,0.001677852348993314,0.11409395973154379,-0.023489932885906062,5,True,20260604,67.6,0.1342281879194629,0.14093959731543615,-0.023489932885906062,8,True
8089,康全電訊,20240516,20240517,92.8,entered,True,20240517,94.8,0.02155172413793105,0.07758620689655182,-0.010775862068965525,1,True,20240521,96.3,0.037715517241379226,0.07758620689655182,-0.010775862068965525,3,True,20240523,97.3,0.04849137931034475,0.07758620689655182,-0.010775862068965525,5,True,20240528,109.5,0.1799568965517242,0.1799568965517242,-0.010775862068965525,8,True
8096,擎亞,20250206,20250207,52.4,entered,True,20250207,54.0,0.03053435114503822,0.03053435114503822,-0.048664122137404564,1,True,20250211,59.7,0.13931297709923673,0.13931297709923673,-0.048664122137404564,3,True,20250213,64.6,0.23282442748091592,0.25,-0.048664122137404564,5,True,20250218,77.7,0.48282442748091614,0.48282442748091614,-0.048664122137404564,8,True
8103,瀚荃,20220103,20220104,54.1,entered,True,20220104,55.5,0.025878003696857554,0.0369685767097967,-0.027726432532347522,1,True,20220106,52.7,-0.025878003696857665,0.038817005545286554,-0.027726432532347522,3,True,20220110,50.8,-0.060998151571164616,0.038817005545286554,-0.06284658040665436,5,True,20220113,48.2,-0.10905730129390012,0.038817005545286554,-0.10905730129390012,8,True
8103,瀚荃,20240711,20240712,71.5,entered,True,20240712,78.3,0.09510489510489517,0.09510489510489517,0.0,1,True,20240716,72.1,0.00839160839160824,0.16643356643356655,-0.009790209790209836,3,True,20240718,73.0,0.020979020979021046,0.16643356643356655,-0.009790209790209836,5,True,20240723,68.7,-0.03916083916083912,0.16643356643356655,-0.06433566433566429,8,True
8103,瀚荃,20260424,20260427,106.5,entered,True,20260427,116.5,0.0938967136150235,0.0938967136150235,-0.05164319248826288,1,True,20260429,124.5,0.16901408450704225,0.22065727699530524,-0.05164319248826288,3,True,20260504,123.0,0.15492957746478875,0.2816901408450705,-0.05164319248826288,5,True,20260507,121.5,0.14084507042253525,0.2816901408450705,-0.05164319248826288,8,True
8110,華東,20240620,20240621,20.55,entered,True,20240621,20.7,0.007299270072992581,0.031630170316301554,-0.012165450121654486,1,True,20240625,21.4,0.04136253041362514,0.14111922141119204,-0.012165450121654486,3,True,20240627,20.95,0.019464720194647178,0.14111922141119204,-0.012165450121654486,5,True,20240702,20.15,-0.01946472019464729,0.14111922141119204,-0.01946472019464729,8,True
8111,立碁,20241211,20241212,46.3,entered,True,20241212,45.35,-0.02051835853131745,0.025917926565874883,-0.02051835853131745,1,True,20241216,46.1,-0.004319654427645703,0.025917926565874883,-0.03887688984881199,3,True,20241218,47.5,0.025917926565874883,0.03131749460043198,-0.06695464362850956,5,True,20241223,53.0,0.14470842332613398,0.23974082073434122,-0.06695464362850956,8,True
8111,立碁,20251030,20251031,57.0,entered,True,20251031,61.5,0.07894736842105265,0.10000000000000009,0.0,1,True,20251104,59.9,0.050877192982456076,0.14035087719298245,0.0,3,True,20251106,67.6,0.18596491228070167,0.2456140350877194,0.0,5,True,20251111,65.4,0.1473684210526316,0.2456140350877194,0.0,8,True
8111,立碁,20251106,20251107,67.3,entered,True,20251107,66.5,-0.011887072808320909,0.02377414561664204,-0.06092124814264477,1,True,20251111,65.4,-0.028231797919762158,0.02377414561664204,-0.08915304606240715,3,True,20251113,69.5,0.03268945022288272,0.03268945022288272,-0.08915304606240715,5,True,20251118,63.4,-0.05794947994056465,0.09955423476968805,-0.08915304606240715,8,True
8112,至上,20230607,20230608,49.2,entered,True,20230608,49.5,0.0060975609756097615,0.009146341463414531,-0.001016260162601701,1,True,20230612,49.9,0.014227642276422703,0.014227642276422703,-0.011178861788617933,3,True,20230614,50.4,0.024390243902439046,0.024390243902439046,-0.011178861788617933,5,True,20230619,48.85,-0.0071138211382114624,0.026422764227642226,-0.014227642276422814,8,True
8112,至上,20231213,20231214,72.8,entered,True,20231214,71.1,-0.02335164835164838,0.013736263736263687,-0.04807692307692313,1,True,20231218,65.1,-0.10576923076923084,0.013736263736263687,-0.10989010989010994,3,True,20231220,60.8,-0.1648351648351648,0.013736263736263687,-0.17307692307692302,5,True,20231225,59.0,-0.18956043956043955,0.013736263736263687,-0.19780219780219777,8,True
8112,至上,20240306,20240307,69.8,entered,True,20240307,67.5,-0.032951289398280736,0.025787965616045794,-0.045845272206303744,1,True,20240311,68.6,-0.017191977077363974,0.025787965616045794,-0.05300859598853869,3,True,20240313,68.4,-0.02005730659025773,0.025787965616045794,-0.05300859598853869,5,True,20240318,70.1,0.004297994269340855,0.025787965616045794,-0.05300859598853869,8,True
8112,至上,20260312,20260313,88.4,entered,True,20260313,87.0,-0.015837104072398245,0.007918552036199067,-0.05090497737556565,1,True,20260317,91.5,0.035067873303167296,0.0678733031674208,-0.05090497737556565,3,True,20260319,91.7,0.037330316742081315,0.08257918552036192,-0.05090497737556565,5,True,20260324,79.3,-0.10294117647058831,0.10746606334841635,-0.12104072398190047,8,True
8112,至上,20260601,20260602,93.0,entered,True,20260602,94.5,0.016129032258064502,0.037634408602150504,-0.01505376344086029,1,True,20260604,95.6,0.027956989247311714,0.06451612903225801,-0.01505376344086029,3,True,20260608,84.7,-0.08924731182795698,0.06451612903225801,-0.10107526881720441,5,True,20260611,95.5,0.026881720430107503,0.06451612903225801,-0.10107526881720441,8,True
8112,至上,20260612,20260615,101.0,entered,True,20260615,97.3,-0.036633663366336666,0.0,-0.04158415841584162,1,True,20260617,96.8,-0.04158415841584162,0.0,-0.0663366336633664,3,True,20260622,100.5,-0.004950495049504955,0.024752475247524774,-0.0663366336633664,5,True,20260625,95.1,-0.05841584158415847,0.024752475247524774,-0.07128712871287135,8,True
8114,振樺電,20220803,20220804,158.0,entered,True,20220804,167.0,0.05696202531645578,0.06329113924050622,-0.012658227848101222,1,True,20220808,155.5,-0.015822784810126556,0.06962025316455689,-0.022151898734177222,3,True,20220810,155.5,-0.015822784810126556,0.06962025316455689,-0.04113924050632911,5,True,20220815,151.0,-0.044303797468354444,0.06962025316455689,-0.06329113924050633,8,True
8121,越峰,20260521,20260522,37.55,entered,True,20260522,39.55,0.053262316910785534,0.09187749667110534,0.0,1,True,20260526,41.5,0.10519307589880178,0.15845539280958731,0.0,3,True,20260528,40.0,0.06524633821571246,0.15845539280958731,0.0,5,True,20260602,38.75,0.031957390146471365,0.15845539280958731,-0.0013315579227695107,8,True
8131,福懋科,20251027,20251028,37.55,entered,True,20251028,39.25,0.045272969374167804,0.06657789613848197,0.0,1,True,20251030,37.1,-0.011984021304926706,0.06657789613848197,-0.018641810918774815,3,True,20251103,37.6,0.0013315579227697327,0.06657789613848197,-0.026631158455392767,5,True,20251106,39.85,0.06125166444740349,0.06657789613848197,-0.0692410119840211,8,True
8131,福懋科,20251223,20251224,58.6,entered,True,20251224,56.6,-0.03412969283276446,0.0,-0.05119453924914674,1,True,20251229,56.2,-0.04095563139931735,0.005119453924914641,-0.05119453924914674,3,True,20251231,64.7,0.10409556313993185,0.10409556313993185,-0.05290102389078499,5,True,20260106,67.8,0.15699658703071662,0.22866894197952226,-0.05290102389078499,8,True
8131,福懋科,20260429,20260430,64.7,entered,True,20260430,60.8,-0.0602782071097373,0.007727975270479082,-0.06646058732612059,1,True,20260505,69.0,0.06646058732612059,0.08037094281298307,-0.06646058732612059,3,True,20260507,70.3,0.08655332302936625,0.15919629057187,-0.06646058732612059,5,True,20260512,67.0,0.03554868624420404,0.15919629057187,-0.06646058732612059,8,True
8150,南茂,20220112,20220113,50.9,entered,True,20220113,51.3,0.007858546168958647,0.035363457760314354,-0.003929273084479323,1,True,20220117,49.5,-0.027504911591355596,0.035363457760314354,-0.04125736738703345,3,True,20220119,47.8,-0.06090373280943029,0.035363457760314354,-0.06286836935166984,5,True,20220124,47.0,-0.0766208251473477,0.035363457760314354,-0.08840864440078589,8,True
8150,南茂,20230331,20230406,38.3,entered,True,20230406,39.1,0.02088772845953013,0.023498694516971508,-0.00652741514360311,1,True,20230410,38.45,0.003916449086162066,0.02872062663185382,-0.00652741514360311,3,True,20230412,39.15,0.022193211488250597,0.02872062663185382,-0.00652741514360311,5,True,20230417,38.85,0.01436031331592691,0.02872062663185382,-0.00652741514360311,8,True
8150,南茂,20231204,20231205,41.85,entered,True,20231205,41.85,0.0,0.0035842293906809264,-0.015531660692950977,1,True,20231207,41.75,-0.002389486260453988,0.007168458781361853,-0.015531660692950977,3,True,20231211,42.4,0.013142174432496878,0.03345280764635605,-0.015531660692950977,5,True,20231214,43.35,0.03584229390680993,0.045400238948626104,-0.015531660692950977,8,True
8150,南茂,20240304,20240305,45.35,entered,True,20240305,45.1,-0.005512679162072764,0.014332965821389099,-0.012127894156560237,1,True,20240307,47.15,0.03969128996692395,0.04299889746416752,-0.012127894156560237,3,True,20240311,46.9,0.034178610804851184,0.058434399117971214,-0.012127894156560237,5,True,20240314,47.55,0.04851157662624028,0.0760749724366041,-0.012127894156560237,8,True
8150,南茂,20250918,20250919,30.05,entered,True,20250919,29.7,-0.011647254575707255,0.008319467554076532,-0.03660565723793685,1,True,20250923,30.45,0.01331114808652245,0.04159733777038266,-0.03660565723793685,3,True,20250925,30.0,-0.0016638935108153063,0.04159733777038266,-0.03660565723793685,5,True,20251001,29.55,-0.016638935108153063,0.04159733777038266,-0.04159733777038266,8,True
8150,南茂,20260107,20260108,53.2,entered,True,20260108,53.0,-0.003759398496240629,0.018796992481203034,-0.04511278195488733,1,True,20260112,59.2,0.11278195488721798,0.18984962406015016,-0.08458646616541354,3,True,20260114,59.4,0.1165413533834585,0.18984962406015016,-0.08458646616541354,5,True,20260119,70.8,0.3308270676691729,0.3890977443609023,-0.08458646616541354,8,True
8155,博智,20220118,20220119,184.5,entered,True,20220119,189.5,0.027100271002709952,0.02981029810298108,-0.01897018970189701,1,True,20220121,176.5,-0.04336043360433606,0.05420054200542013,-0.04336043360433606,3,True,20220125,173.5,-0.05962059620596205,0.05420054200542013,-0.06233062330623307,5,True,20220208,194.5,0.05420054200542013,0.08401084010840099,-0.06233062330623307,8,True
8155,博智,20230418,20230419,162.0,entered,True,20230419,160.0,-0.012345679012345734,0.030864197530864113,-0.024691358024691357,1,True,20230421,150.5,-0.07098765432098764,0.030864197530864113,-0.08333333333333337,3,True,20230425,143.0,-0.11728395061728392,0.030864197530864113,-0.13271604938271608,5,True,20230428,156.0,-0.03703703703703709,0.030864197530864113,-0.13271604938271608,8,True
8155,博智,20230714,20230717,182.5,entered,True,20230717,175.0,-0.04109589041095896,0.010958904109588996,-0.049315068493150704,1,True,20230719,180.0,-0.013698630136986356,0.03287671232876721,-0.049315068493150704,3,True,20230721,179.0,-0.019178082191780854,0.03287671232876721,-0.05205479452054795,5,True,20230726,171.0,-0.06301369863013695,0.03287671232876721,-0.07397260273972606,8,True
8155,博智,20251112,20251113,174.5,entered,True,20251113,168.5,-0.034383954154727836,0.017191977077363862,-0.034383954154727836,1,True,20251117,156.5,-0.1031518624641834,0.017191977077363862,-0.1031518624641834,3,True,20251119,148.5,-0.14899713467048714,0.017191977077363862,-0.15186246418338112,5,True,20251124,152.5,-0.1260744985673352,0.017191977077363862,-0.15186246418338112,8,True
8155,博智,20260129,20260130,228.0,entered,True,20260130,220.5,-0.03289473684210531,0.013157894736842035,-0.07675438596491224,1,True,20260203,214.5,-0.05921052631578949,0.013157894736842035,-0.09210526315789469,3,True,20260205,211.0,-0.07456140350877194,0.013157894736842035,-0.09210526315789469,5,True,20260210,214.0,-0.06140350877192979,0.013157894736842035,-0.12938596491228072,8,True
8171,天宇,20230302,20230303,66.6,entered,True,20230303,66.1,-0.007507507507507505,0.01501501501501501,-0.024024024024023927,1,True,20230307,66.5,-0.0015015015015014122,0.01501501501501501,-0.024024024024023927,3,True,20230309,64.5,-0.03153153153153143,0.01501501501501501,-0.04204204204204198,5,True,20230314,59.1,-0.11261261261261246,0.01501501501501501,-0.1216216216216216,8,True
8183,精星,20220826,20220829,65.2,entered,True,20220829,67.1,0.02914110429447847,0.03834355828220848,-0.00613496932515345,1,True,20220831,67.0,0.027607361963190247,0.07055214723926362,-0.00613496932515345,3,True,20220902,67.6,0.03680981595092003,0.07055214723926362,-0.00613496932515345,5,True,20220907,62.2,-0.04601226993865026,0.07055214723926362,-0.06288343558282206,8,True
8210,勤誠,20230531,20230601,115.0,entered,True,20230601,116.5,0.01304347826086949,0.017391304347825987,-0.0304347826086957,1,True,20230605,116.0,0.008695652173912993,0.026086956521739202,-0.0304347826086957,3,True,20230607,116.5,0.01304347826086949,0.05217391304347818,-0.0304347826086957,5,True,20230612,115.5,0.004347826086956497,0.11304347826086958,-0.0304347826086957,8,True
8210,勤誠,20231130,20231201,252.5,entered,True,20231201,277.0,0.09702970297029712,0.09702970297029712,-0.001980198019801982,1,True,20231205,246.5,-0.023762376237623783,0.1287128712871286,-0.05346534653465351,3,True,20231207,251.0,-0.005940594059405946,0.1287128712871286,-0.05346534653465351,5,True,20231212,268.0,0.06138613861386144,0.1287128712871286,-0.05346534653465351,8,True
8210,勤誠,20240119,20240122,317.0,entered,True,20240122,312.5,-0.014195583596214534,0.018927444794952786,-0.04258675078864349,1,True,20240124,303.0,-0.04416403785488954,0.018927444794952786,-0.056782334384858024,3,True,20240126,286.5,-0.09621451104100942,0.018927444794952786,-0.10567823343848581,5,True,20240131,280.0,-0.11671924290220825,0.018927444794952786,-0.11671924290220825,8,True
8210,勤誠,20240513,20240514,303.0,entered,True,20240514,289.5,-0.044554455445544594,0.0066006600660066805,-0.04620462046204621,1,True,20240516,293.0,-0.03300330033003296,0.013201320132013139,-0.04620462046204621,3,True,20240520,294.0,-0.02970297029702973,0.013201320132013139,-0.04620462046204621,5,True,20240523,300.0,-0.00990099009900991,0.04290429042904287,-0.04620462046204621,8,True
8210,勤誠,20240716,20240717,315.0,entered,True,20240717,310.0,-0.015873015873015928,0.00952380952380949,-0.01904761904761909,1,True,20240719,290.0,-0.07936507936507942,0.00952380952380949,-0.07936507936507942,3,True,20240723,279.0,-0.11428571428571432,0.00952380952380949,-0.1682539682539682,5,True,20240730,266.0,-0.15555555555555556,0.00952380952380949,-0.19841269841269837,8,True
8210,勤誠,20250611,20250612,374.0,entered,True,20250612,382.5,0.022727272727272707,0.022727272727272707,-0.002673796791443861,1,True,20250616,421.0,0.12566844919786102,0.12566844919786102,-0.002673796791443861,3,True,20250618,463.5,0.23930481283422456,0.23930481283422456,-0.002673796791443861,5,True,20250623,470.0,0.25668449197860954,0.3315508021390374,-0.002673796791443861,8,True
8215,明基材,20230605,20230606,38.35,entered,True,20230606,38.6,0.006518904823989535,0.011734028683181075,-0.007822685788787642,1,True,20230608,38.7,0.009126466753585527,0.020860495436766602,-0.007822685788787642,3,True,20230612,38.65,0.00782268578878731,0.0325945241199479,-0.007822685788787642,5,True,20230615,38.9,0.014341590612777066,0.05084745762711851,-0.007822685788787642,8,True
8222,寶一,20250804,20250805,53.8,entered,True,20250805,52.6,-0.022304832713754608,0.0018587360594795044,-0.044609665427509215,1,True,20250807,52.0,-0.03345724907063197,0.014869888475836479,-0.044609665427509215,3,True,20250811,51.5,-0.04275092936802971,0.014869888475836479,-0.06319702602230481,5,True,20250814,49.4,-0.0817843866171003,0.014869888475836479,-0.0817843866171003,8,True
8234,新漢,20230620,20230621,58.0,entered,True,20230621,57.5,-0.008620689655172376,0.008620689655172376,-0.03448275862068961,1,True,20230627,53.8,-0.07241379310344831,0.008620689655172376,-0.08103448275862069,3,True,20230629,54.3,-0.06379310344827593,0.008620689655172376,-0.08103448275862069,5,True,20230704,55.0,-0.051724137931034475,0.008620689655172376,-0.08103448275862069,8,True
8234,新漢,20240507,20240508,56.9,entered,True,20240508,55.8,-0.019332161687170446,0.09841827768014055,-0.019332161687170446,1,True,20240510,53.9,-0.0527240773286467,0.09841827768014055,-0.056239015817223126,3,True,20240514,51.0,-0.1036906854130053,0.09841827768014055,-0.1239015817223198,5,True,20240517,51.0,-0.1036906854130053,0.09841827768014055,-0.1239015817223198,8,True
8234,新漢,20250724,20250725,93.9,entered,True,20250725,94.1,0.0021299254526090383,0.026624068157614422,-0.012779552715655007,1,True,20250729,94.9,0.010649627263045858,0.048988285410010546,-0.022364217252396235,3,True,20250731,109.5,0.16613418530351431,0.19275825346112874,-0.022364217252396235,5,True,20250805,105.5,0.1235356762513311,0.19808306709265167,-0.022364217252396235,8,True
8249,菱光,20250523,20250526,51.5,entered,True,20250526,51.3,-0.003883495145631133,0.01747572815533971,-0.011650485436893177,1,True,20250528,48.45,-0.059223300970873693,0.01747572815533971,-0.062135922330097126,3,True,20250602,48.1,-0.06601941747572815,0.01747572815533971,-0.07184466019417479,5,True,20250605,50.7,-0.015533980582524198,0.027184466019417375,-0.08640776699029129,8,True
8261,富鼎,20221123,20221124,108.5,entered,True,20221124,110.5,0.018433179723502224,0.02764976958525356,-0.009216589861751112,1,True,20221128,114.0,0.05069124423963123,0.06912442396313367,-0.009216589861751112,3,True,20221130,114.5,0.055299539170506895,0.06912442396313367,-0.009216589861751112,5,True,20221205,117.0,0.07834101382488479,0.12442396313364057,-0.009216589861751112,8,True
8261,富鼎,20230131,20230201,115.0,entered,True,20230201,114.5,-0.004347826086956497,0.0,-0.017391304347826098,1,True,20230203,112.5,-0.021739130434782594,0.017391304347825987,-0.021739130434782594,3,True,20230207,113.5,-0.013043478260869601,0.017391304347825987,-0.0304347826086957,5,True,20230210,111.5,-0.0304347826086957,0.021739130434782705,-0.034782608695652195,8,True
8261,富鼎,20260416,20260417,115.0,entered,True,20260417,127.5,0.10869565217391308,0.10869565217391308,-0.004347826086956497,1,True,20260421,128.0,0.11304347826086958,0.19999999999999996,-0.004347826086956497,3,True,20260423,117.0,0.017391304347825987,0.19999999999999996,-0.004347826086956497,5,True,20260428,118.5,0.0304347826086957,0.19999999999999996,-0.02608695652173909,8,True
8271,宇瞻,20260108,20260109,130.0,entered,True,20260109,128.5,-0.011538461538461497,0.026923076923076827,-0.10769230769230764,1,True,20260113,124.5,-0.04230769230769227,0.06538461538461537,-0.10769230769230764,3,True,20260115,121.0,-0.0692307692307692,0.06538461538461537,-0.10769230769230764,5,True,20260120,129.5,-0.0038461538461538325,0.08846153846153837,-0.10769230769230764,8,True
8299,群聯,20230412,20230413,418.0,entered,True,20230413,409.5,-0.020334928229665095,0.0023923444976077235,-0.028708133971291905,1,True,20230417,410.0,-0.019138755980861233,0.0023923444976077235,-0.031100478468899517,3,True,20230419,393.5,-0.05861244019138756,0.0023923444976077235,-0.05861244019138756,5,True,20230424,385.0,-0.07894736842105265,0.0023923444976077235,-0.09090909090909094,8,True
8299,群聯,20230915,20230918,467.5,entered,True,20230918,468.5,0.002139037433155133,0.022459893048128343,-0.013903743315508033,1,True,20230920,460.0,-0.016042780748663055,0.022459893048128343,-0.02352941176470591,3,True,20230922,457.5,-0.021390374331550777,0.022459893048128343,-0.048128342245989275,5,True,20230927,466.5,-0.002139037433155133,0.022459893048128343,-0.048128342245989275,8,True
8358,金居,20221114,20221115,52.3,entered,True,20221115,52.3,0.0,0.01147227533460815,-0.02294455066921597,1,True,20221117,51.8,-0.009560229445506718,0.01147227533460815,-0.02294455066921597,3,True,20221121,50.8,-0.028680688336520044,0.019120458891013437,-0.042065009560229405,5,True,20221124,52.9,0.01147227533460815,0.028680688336520044,-0.042065009560229405,8,True
8358,金居,20230109,20230110,58.4,entered,True,20230110,58.4,0.0,0.027397260273972712,-0.008561643835616417,1,True,20230112,58.6,0.0034246575342467,0.027397260273972712,-0.008561643835616417,3,True,20230116,58.9,0.008561643835616417,0.027397260273972712,-0.008561643835616417,5,True,20230131,65.7,0.125,0.13698630136986312,-0.008561643835616417,8,True
8358,金居,20230201,20230202,68.1,entered,True,20230202,67.0,-0.01615271659324513,0.007342143906020615,-0.03083700440528625,1,True,20230206,67.0,-0.01615271659324513,0.007342143906020615,-0.04111600587371511,3,True,20230208,67.9,-0.002936857562408024,0.022026431718061623,-0.04111600587371511,5,True,20230213,63.8,-0.06314243759177673,0.022026431718061623,-0.06607929515418487,8,True
8358,金居,20230609,20230612,62.8,entered,True,20230612,61.8,-0.015923566878980888,0.0015923566878981443,-0.03662420382165599,1,True,20230614,60.8,-0.031847133757961776,0.006369426751592355,-0.03662420382165599,3,True,20230616,60.1,-0.04299363057324834,0.006369426751592355,-0.04458598726114649,5,True,20230621,65.0,0.035031847133758065,0.06369426751592355,-0.055732484076433164,8,True
8358,金居,20230621,20230626,65.3,entered,True,20230626,63.9,-0.02143950995405819,0.003062787136294043,-0.030627871362940318,1,True,20230628,60.0,-0.08116385911179169,0.003062787136294043,-0.08116385911179169,3,True,20230630,61.3,-0.061255742725880524,0.003062787136294043,-0.0888208269525268,5,True,20230705,63.0,-0.03522205206738127,0.003062787136294043,-0.0888208269525268,8,True
8358,金居,20240402,20240403,63.5,entered,True,20240403,64.2,0.011023622047244164,0.03149606299212593,-0.007874015748031482,1,True,20240409,66.8,0.051968503937007915,0.09448818897637801,-0.007874015748031482,3,True,20240411,67.2,0.058267716535433056,0.09448818897637801,-0.007874015748031482,5,True,20240416,62.5,-0.015748031496062964,0.10236220472440949,-0.022047244094488216,8,True
8358,金居,20240515,20240516,72.0,entered,True,20240516,70.2,-0.02499999999999991,0.012500000000000178,-0.03472222222222221,1,True,20240520,71.5,-0.00694444444444442,0.012500000000000178,-0.054166666666666696,3,True,20240522,70.7,-0.01805555555555549,0.03750000000000009,-0.054166666666666696,5,True,20240527,70.4,-0.022222222222222143,0.03750000000000009,-0.05555555555555558,8,True
8358,金居,20240710,20240711,73.5,entered,True,20240711,75.2,0.023129251700680253,0.06394557823129254,-0.008163265306122325,1,True,20240715,73.0,-0.006802721088435382,0.06394557823129254,-0.01224489795918371,3,True,20240717,72.7,-0.010884353741496544,0.06394557823129254,-0.027210884353741527,5,True,20240722,66.2,-0.0993197278911564,0.06394557823129254,-0.11564625850340138,8,True
8358,金居,20250609,20250610,57.8,entered,True,20250610,57.0,-0.01384083044982698,0.0017301038062282892,-0.01730103806228378,1,True,20250612,57.7,-0.0017301038062282892,0.02595155709342567,-0.02595155709342556,3,True,20250616,57.6,-0.0034602076124566894,0.02595155709342567,-0.02595155709342556,5,True,20250619,57.1,-0.01211072664359858,0.02595155709342567,-0.02595155709342556,8,True
8358,金居,20250718,20250721,86.4,entered,True,20250721,90.3,0.04513888888888884,0.04513888888888884,-0.01041666666666674,1,True,20250723,89.6,0.03703703703703698,0.08333333333333326,-0.01041666666666674,3,True,20250725,97.5,0.1284722222222221,0.13888888888888884,-0.01041666666666674,5,True,20250730,114.0,0.3194444444444444,0.34259259259259256,-0.01041666666666674,8,True
8358,金居,20260102,20260105,295.0,entered,True,20260105,273.0,-0.07457627118644072,0.011864406779660941,-0.09152542372881356,1,True,20260107,266.0,-0.09830508474576272,0.011864406779660941,-0.10508474576271187,3,True,20260109,258.5,-0.12372881355932208,0.011864406779660941,-0.1694915254237288,5,True,20260114,261.0,-0.11525423728813555,0.011864406779660941,-0.1694915254237288,8,True
8383,千附,20260421,20260422,71.9,entered,True,20260422,72.4,0.006954102920723182,0.05006954102920713,-0.004172461752434131,1,True,20260424,64.3,-0.10570236439499314,0.0709318497913769,-0.13212795549374134,3,True,20260428,64.0,-0.10987482614742705,0.0709318497913769,-0.14464534075104318,5,True,20260504,66.5,-0.07510431154381092,0.0709318497913769,-0.14464534075104318,8,True
8390,金益鼎,20260113,20260114,105.0,entered,True,20260114,103.0,-0.01904761904761909,0.014285714285714235,-0.023809523809523836,1,True,20260116,97.2,-0.07428571428571429,0.014285714285714235,-0.08285714285714285,3,True,20260120,99.2,-0.0552380952380952,0.014285714285714235,-0.09142857142857141,5,True,20260123,96.7,-0.07904761904761903,0.014285714285714235,-0.12571428571428578,8,True
8404,百和興業-KY,20250221,20250224,30.0,entered,True,20250224,30.3,0.010000000000000009,0.053333333333333455,-0.011666666666666714,1,True,20250226,29.25,-0.025000000000000022,0.053333333333333455,-0.028333333333333433,3,True,20250303,28.6,-0.046666666666666634,0.053333333333333455,-0.050000000000000044,5,True,20250306,27.7,-0.07666666666666666,0.053333333333333455,-0.08166666666666667,8,True
8404,百和興業-KY,20251022,20251023,27.95,entered,True,20251023,28.0,0.0017889087656530744,0.03935599284436497,-0.02683363148479423,1,True,20251028,26.1,-0.06618962432915909,0.03935599284436497,-0.06976744186046513,3,True,20251030,25.05,-0.1037567084078711,0.03935599284436497,-0.1037567084078711,5,True,20251104,24.95,-0.10733452593917714,0.03935599284436497,-0.11270125223613592,8,True
8431,匯鑽科,20260105,20260106,76.6,entered,True,20260106,75.9,-0.009138381201044266,0.02872062663185382,-0.052219321148825104,1,True,20260108,78.8,0.02872062663185382,0.06657963446475201,-0.052219321148825104,3,True,20260112,73.4,-0.04177545691905993,0.06657963446475201,-0.058746736292428214,5,True,20260115,70.5,-0.07963446475195812,0.06657963446475201,-0.09399477806788492,8,True
8436,大江,20230203,20230206,200.0,entered,True,20230206,199.0,-0.0050000000000000044,0.03499999999999992,-0.007499999999999951,1,True,20230208,198.0,-0.010000000000000009,0.03499999999999992,-0.025000000000000022,3,True,20230210,198.5,-0.007499999999999951,0.03499999999999992,-0.025000000000000022,5,True,20230215,208.0,0.040000000000000036,0.07250000000000001,-0.025000000000000022,8,True
8436,大江,20230215,20230216,208.0,entered,True,20230216,212.5,0.02163461538461542,0.033653846153846256,-0.004807692307692291,1,True,20230220,224.5,0.07932692307692313,0.10096153846153855,-0.004807692307692291,3,True,20230222,229.5,0.10336538461538458,0.10576923076923084,-0.004807692307692291,5,True,20230301,212.5,0.02163461538461542,0.12259615384615374,-0.004807692307692291,8,True
8478,東哥遊艇,20220812,20220815,226.5,entered,True,20220815,215.5,-0.04856512141280356,0.0,-0.050772626931567366,1,True,20220817,236.5,0.04415011037527594,0.04415011037527594,-0.05960264900662249,3,True,20220819,286.0,0.26269315673289184,0.26269315673289184,-0.05960264900662249,5,True,20220824,309.0,0.3642384105960266,0.5011037527593818,-0.05960264900662249,8,True
8478,東哥遊艇,20220822,20220823,294.0,entered,True,20220823,322.5,0.09693877551020402,0.09693877551020402,-0.020408163265306145,1,True,20220825,305.0,0.03741496598639449,0.15646258503401356,-0.020408163265306145,3,True,20220829,300.0,0.020408163265306145,0.15646258503401356,-0.020408163265306145,5,True,20220901,308.0,0.04761904761904767,0.15646258503401356,-0.020408163265306145,8,True
8478,東哥遊艇,20221122,20221123,309.5,entered,True,20221123,312.0,0.008077544426494443,0.016155088852988664,-0.017770597738287597,1,True,20221125,320.0,0.03392568659127626,0.04846526655896599,-0.022617124394184174,3,True,20221129,323.5,0.04523424878836835,0.09531502423263327,-0.022617124394184174,5,True,20221202,318.5,0.029079159935379684,0.09531502423263327,-0.022617124394184174,8,True
8926,台汽電,20230412,20230413,46.0,entered,True,20230413,44.9,-0.023913043478260954,0.0,-0.033695652173913015,1,True,20230417,49.15,0.0684782608695651,0.07826086956521738,-0.033695652173913015,3,True,20230419,48.8,0.060869565217391175,0.15217391304347827,-0.033695652173913015,5,True,20230424,48.95,0.06413043478260883,0.15217391304347827,-0.033695652173913015,8,True
8926,台汽電,20260511,20260512,52.5,entered,True,20260512,51.6,-0.017142857142857126,0.0,-0.04571428571428571,1,True,20260514,57.6,0.0971428571428572,0.1561904761904762,-0.04571428571428571,3,True,20260518,57.5,0.09523809523809534,0.1942857142857144,-0.04571428571428571,5,True,20260521,61.0,0.161904761904762,0.1942857142857144,-0.04571428571428571,8,True
8926,台汽電,20260525,20260526,63.5,entered,True,20260526,68.7,0.0818897637795275,0.0818897637795275,-0.007874015748031482,1,True,20260528,67.3,0.0598425196850394,0.1417322834645669,-0.007874015748031482,3,True,20260601,67.2,0.058267716535433056,0.1417322834645669,-0.007874015748031482,5,True,20260604,72.4,0.14015748031496078,0.16062992125984255,-0.007874015748031482,8,True
8932,智通*,20260525,20260526,105.5,entered,True,20260526,101.5,-0.03791469194312791,0.023696682464454888,-0.05213270142180093,1,True,20260528,97.0,-0.08056872037914697,0.023696682464454888,-0.08815165876777253,3,True,20260601,103.5,-0.018957345971563955,0.023696682464454888,-0.08815165876777253,5,True,20260604,100.0,-0.05213270142180093,0.023696682464454888,-0.08815165876777253,8,True
8932,智通*,20260825,20260826,112.0,entered,True,20260826,115.0,0.02678571428571419,0.05803571428571419,-0.022321428571428603,1,True,20260828,94.3,-0.15803571428571428,0.05803571428571419,-0.2098214285714286,3,True,,,,,,0,False,,,,,,0,False
8936,國統,20230413,20230414,32.0,entered,True,20230414,30.0,-0.0625,0.006250000000000089,-0.06874999999999998,1,True,20230418,28.65,-0.10468750000000004,0.006250000000000089,-0.10468750000000004,3,True,20230420,27.6,-0.13749999999999996,0.006250000000000089,-0.13906249999999998,5,True,20230425,27.5,-0.140625,0.006250000000000089,-0.15625,8,True
8936,國統,20230620,20230621,30.1,entered,True,20230621,30.65,0.018272425249169277,0.018272425249169277,-0.013289036544850585,1,True,20230627,31.05,0.03156146179401986,0.054817275747508276,-0.013289036544850585,3,True,20230629,31.9,0.05980066445182719,0.06976744186046524,-0.013289036544850585,5,True,20230704,32.4,0.07641196013289031,0.1295681063122922,-0.013289036544850585,8,True
8936,國統,20231103,20231106,41.5,entered,True,20231106,42.2,0.01686746987951815,0.025301204819277112,-0.04939759036144575,1,True,20231108,43.05,0.03734939759036138,0.04578313253012034,-0.04939759036144575,3,True,20231110,42.3,0.01927710843373487,0.04578313253012034,-0.04939759036144575,5,True,20231115,42.35,0.02048192771084345,0.06144578313253013,-0.04939759036144575,8,True
8936,國統,20240717,20240718,84.5,entered,True,20240718,86.8,0.02721893491124261,0.06745562130177518,-0.010650887573964596,1,True,20240722,81.2,-0.03905325443786978,0.07100591715976323,-0.053254437869822535,3,True,20240726,81.1,-0.04023668639053257,0.07100591715976323,-0.07218934911242592,5,True,20240731,75.5,-0.10650887573964496,0.07100591715976323,-0.14674556213017753,8,True
8936,國統,20250513,20250514,59.2,entered,True,20250514,58.9,-0.005067567567567655,0.011824324324324342,-0.005067567567567655,1,True,20250516,57.7,-0.02533783783783783,0.011824324324324342,-0.027027027027027084,3,True,20250520,56.4,-0.04729729729729737,0.011824324324324342,-0.05067567567567566,5,True,20250523,58.0,-0.020270270270270285,0.011824324324324342,-0.06756756756756754,8,True
8936,國統,20251029,20251030,57.9,entered,True,20251030,57.8,-0.0017271157167529916,0.006908462867011966,-0.013816925734024155,1,True,20251103,58.5,0.010362694300518172,0.022452504317789446,-0.013816925734024155,3,True,20251105,59.9,0.0345423143350605,0.039723661485319584,-0.013816925734024155,5,True,20251110,61.4,0.060449050086355705,0.09844559585492241,-0.013816925734024155,8,True
8936,國統,20260504,20260505,52.5,entered,True,20260505,52.1,-0.007619047619047636,0.0,-0.015238095238095162,1,True,20260507,52.8,0.005714285714285561,0.00952380952380949,-0.015238095238095162,3,True,20260511,50.6,-0.03619047619047622,0.02285714285714291,-0.040000000000000036,5,True,20260514,49.85,-0.05047619047619045,0.02285714285714291,-0.05333333333333323,8,True
8936,國統,20260603,20260604,55.5,entered,True,20260604,60.1,0.08288288288288292,0.08288288288288292,-0.00540540540540535,1,True,20260608,57.7,0.03963963963963968,0.1351351351351351,-0.00540540540540535,3,True,20260610,54.9,-0.010810810810810811,0.1351351351351351,-0.02522522522522519,5,True,20260615,57.9,0.043243243243243246,0.1351351351351351,-0.028828828828828867,8,True
8996,高力,20220610,20220613,71.0,entered,True,20220613,72.0,0.014084507042253502,0.022535211267605604,-0.012676056338028263,1,True,20220615,70.0,-0.014084507042253502,0.022535211267605604,-0.08732394366197183,3,True,20220617,67.3,-0.05211267605633807,0.022535211267605604,-0.08873239436619718,5,True,20220622,66.2,-0.06760563380281681,0.022535211267605604,-0.11126760563380278,8,True
8996,高力,20220728,20220729,74.8,entered,True,20220729,78.6,0.050802139037433136,0.050802139037433136,-0.004010695187165791,1,True,20220802,83.4,0.11497326203208558,0.14973262032085577,-0.004010695187165791,3,True,20220804,78.9,0.05481283422459904,0.14973262032085577,-0.004010695187165791,5,True,20220809,77.1,0.03074866310160429,0.14973262032085577,-0.004010695187165791,8,True
8996,高力,20230523,20230524,242.5,entered,True,20230524,242.5,0.0,0.035051546391752675,-0.008247422680412342,1,True,20230526,268.5,0.10721649484536089,0.10721649484536089,-0.008247422680412342,3,True,20230530,253.5,0.0453608247422681,0.12783505154639174,-0.008247422680412342,5,True,20230602,270.5,0.11546391752577323,0.1670103092783506,-0.008247422680412342,8,True
8996,高力,20240205,20240215,282.0,entered,True,20240215,275.5,-0.023049645390070927,0.0035460992907800915,-0.046099290780141855,1,True,20240219,279.5,-0.00886524822695034,0.06205673758865249,-0.046099290780141855,3,True,20240221,270.5,-0.04078014184397161,0.06205673758865249,-0.05673758865248224,5,True,20240226,264.5,-0.06205673758865249,0.06205673758865249,-0.06382978723404253,8,True
8996,高力,20240306,20240307,314.0,entered,True,20240307,302.0,-0.03821656050955413,0.019108280254777066,-0.039808917197452276,1,True,20240311,313.5,-0.0015923566878981443,0.019108280254777066,-0.1146496815286624,3,True,20240313,305.0,-0.0286624203821656,0.060509554140127486,-0.1146496815286624,5,True,20240318,327.0,0.04140127388535042,0.060509554140127486,-0.1146496815286624,8,True
8996,高力,20250731,20250801,309.0,entered,True,20250801,307.0,-0.006472491909385147,0.017799352750809128,-0.012944983818770184,1,True,20250805,300.5,-0.027508090614886682,0.017799352750809128,-0.03883495145631066,3,True,20250807,309.0,0.0,0.02265372168284796,-0.03883495145631066,5,True,20250812,336.5,0.08899676375404542,0.11326860841423958,-0.03883495145631066,8,True
8996,高力,20251003,20251007,416.0,entered,True,20251007,407.5,-0.02043269230769229,0.02163461538461542,-0.03245192307692313,1,True,20251009,429.0,0.03125,0.05408653846153855,-0.043269230769230727,3,True,20251014,460.5,0.10697115384615374,0.10697115384615374,-0.043269230769230727,5,True,20251017,543.0,0.30528846153846145,0.33173076923076916,-0.043269230769230727,8,True
9802,鈺齊-KY,20220825,20220826,188.0,entered,True,20220826,193.0,0.02659574468085113,0.034574468085106336,-0.007978723404255317,1,True,20220830,193.0,0.02659574468085113,0.034574468085106336,-0.02659574468085102,3,True,20220901,189.0,0.005319148936170137,0.034574468085106336,-0.02659574468085102,5,True,20220906,188.0,0.0,0.034574468085106336,-0.02659574468085102,8,True
9904,寶成,20221115,20221116,32.65,entered,True,20221116,32.2,-0.01378254211332297,0.0015313935681471325,-0.02297090352220521,1,True,20221118,32.35,-0.009188361408882018,0.009188361408882129,-0.02297090352220521,3,True,20221122,32.35,-0.009188361408882018,0.009188361408882129,-0.02450229709035212,5,True,20221125,31.7,-0.029096477794793296,0.009188361408882129,-0.03369065849923425,8,True
9904,寶成,20231115,20231116,30.2,entered,True,20231116,30.7,0.01655629139072845,0.021523178807947074,0.0,1,True,20231120,30.15,-0.0016556291390729116,0.023178807947019875,-0.0016556291390729116,3,True,20231122,30.4,0.0066225165562914245,0.023178807947019875,-0.0016556291390729116,5,True,20231127,30.75,0.01821192052980125,0.023178807947019875,-0.0016556291390729116,8,True
9904,寶成,20231218,20231219,31.75,entered,True,20231219,31.9,0.0047244094488188,0.0094488188976376,-0.014173228346456623,1,True,20231221,31.75,0.0,0.014173228346456845,-0.014173228346456623,3,True,20231225,30.95,-0.025196850393700787,0.014173228346456845,-0.028346456692913358,5,True,20231228,31.1,-0.020472440944881876,0.014173228346456845,-0.0299212598425197,8,True
9904,寶成,20240312,20240313,32.0,entered,True,20240313,32.2,0.006250000000000089,0.010937500000000044,-0.0078125,1,True,20240315,33.05,0.03281249999999991,0.03750000000000009,-0.0078125,3,True,20240319,33.45,0.04531250000000009,0.05624999999999991,-0.0078125,5,True,20240322,35.1,0.09687500000000004,0.10312499999999991,-0.0078125,8,True
9904,寶成,20240514,20240515,38.25,entered,True,20240515,38.4,0.0039215686274509665,0.030065359477124076,-0.01176470588235301,1,True,20240517,37.6,-0.01699346405228752,0.045751633986928164,-0.01699346405228752,3,True,20240521,38.05,-0.005228758169934733,0.045751633986928164,-0.0562091503267973,5,True,20240524,37.05,-0.031372549019607954,0.045751633986928164,-0.0562091503267973,8,True
9904,寶成,20241028,20241029,38.05,entered,True,20241029,38.1,0.0013140604467807293,0.0013140604467807293,-0.021024967148488782,1,True,20241101,37.95,-0.0026281208935609035,0.005256241787122251,-0.04336399474375818,3,True,20241105,39.0,0.024967148488830526,0.031537450722733285,-0.04336399474375818,5,True,20241108,39.2,0.030223390275952777,0.04073587385019728,-0.04336399474375818,8,True
9904,寶成,20251022,20251023,30.0,entered,True,20251023,30.1,0.0033333333333334103,0.008333333333333304,-0.0050000000000000044,1,True,20251028,29.2,-0.026666666666666727,0.013333333333333197,-0.028333333333333433,3,True,20251030,29.05,-0.03166666666666662,0.013333333333333197,-0.036666666666666736,5,True,20251104,28.65,-0.04500000000000004,0.013333333333333197,-0.04833333333333334,8,True
9907,統一實,20230413,20230414,20.6,entered,True,20230414,20.35,-0.012135922330097082,0.0,-0.02184466019417486,1,True,20230418,20.35,-0.012135922330097082,0.012135922330097193,-0.02184466019417486,3,True,20230420,20.45,-0.00728155339805836,0.012135922330097193,-0.02184466019417486,5,True,20230425,20.5,-0.004854368932038944,0.016990291262135804,-0.02184466019417486,8,True
9907,統一實,20250509,20250512,21.2,entered,True,20250512,20.8,-0.01886792452830177,0.011792452830188704,-0.028301886792452713,1,True,20250514,20.3,-0.04245283018867918,0.011792452830188704,-0.047169811320754707,3,True,20250516,20.5,-0.03301886792452824,0.011792452830188704,-0.047169811320754707,5,True,20250521,20.45,-0.035377358490566,0.011792452830188704,-0.047169811320754707,8,True
9921,巨大,20240307,20240308,222.0,entered,True,20240308,215.5,-0.029279279279279313,0.011261261261261257,-0.03828828828828834,1,True,20240312,215.5,-0.029279279279279313,0.011261261261261257,-0.03828828828828834,3,True,20240314,211.0,-0.0495495495495496,0.011261261261261257,-0.07657657657657657,5,True,20240319,220.0,-0.009009009009009028,0.011261261261261257,-0.07657657657657657,8,True
9921,巨大,20240320,20240321,235.0,entered,True,20240321,227.5,-0.03191489361702127,0.010638297872340496,-0.044680851063829796,1,True,20240325,219.0,-0.06808510638297871,0.010638297872340496,-0.08085106382978724,3,True,20240327,224.0,-0.04680851063829783,0.010638297872340496,-0.09361702127659577,5,True,20240401,209.0,-0.11063829787234047,0.010638297872340496,-0.11063829787234047,8,True
9921,巨大,20240604,20240605,229.5,entered,True,20240605,226.0,-0.015250544662309351,0.006535947712418277,-0.02614379084967322,1,True,20240607,226.0,-0.015250544662309351,0.006535947712418277,-0.030501089324618702,3,True,20240612,216.5,-0.05664488017429192,0.006535947712418277,-0.0631808278867102,5,True,20240617,215.0,-0.0631808278867102,0.006535947712418277,-0.06971677559912859,8,True
9921,巨大,20251023,20251027,110.0,entered,True,20251027,106.0,-0.036363636363636376,0.00454545454545463,-0.0636363636363636,1,True,20251029,104.0,-0.054545454545454564,0.00454545454545463,-0.06818181818181823,3,True,20251031,101.5,-0.07727272727272727,0.00454545454545463,-0.08181818181818179,5,True,20251105,99.5,-0.09545454545454546,0.00454545454545463,-0.11909090909090903,8,True
9921,巨大,20260515,20260518,76.3,entered,True,20260518,72.3,-0.05242463958060284,0.011795543905635641,-0.05504587155963303,1,True,20260520,70.6,-0.07470511140235914,0.011795543905635641,-0.0812581913499345,3,True,20260522,70.3,-0.07863695937090431,0.011795543905635641,-0.08387942332896448,5,True,20260527,66.2,-0.13237221494102225,0.011795543905635641,-0.13368283093053734,8,True
9933,中鼎,20220325,20220328,46.5,entered,True,20220328,46.05,-0.00967741935483879,0.006451612903225712,-0.021505376344086002,1,True,20220330,46.25,-0.005376344086021501,0.021505376344086002,-0.021505376344086002,3,True,20220401,46.2,-0.006451612903225712,0.021505376344086002,-0.023655913978494647,5,True,20220408,45.95,-0.011827956989247213,0.021505376344086002,-0.031182795698924792,8,True
9933,中鼎,20240327,20240328,47.9,entered,True,20240328,47.3,-0.012526096033402934,0.0020876826722338038,-0.01670146137787054,1,True,20240401,46.8,-0.022964509394572064,0.0020876826722338038,-0.025052192066805756,3,True,20240403,47.7,-0.0041753653444676075,0.0020876826722338038,-0.035490605427974886,5,True,20240410,49.5,0.03340292275574108,0.04384133611691032,-0.035490605427974886,8,True
9933,中鼎,20240619,20240620,53.0,entered,True,20240620,52.8,-0.0037735849056603765,0.0037735849056603765,-0.02264150943396237,1,True,20240624,53.5,0.009433962264151052,0.01132075471698113,-0.026415094339622636,3,True,20240626,51.8,-0.02264150943396237,0.01132075471698113,-0.028301886792452824,5,True,20240701,53.1,0.0018867924528302993,0.01132075471698113,-0.028301886792452824,8,True
9933,中鼎,20250721,20250722,28.0,entered,True,20250722,27.4,-0.021428571428571463,0.010714285714285676,-0.023214285714285632,1,True,20250724,28.3,0.010714285714285676,0.017857142857142794,-0.023214285714285632,3,True,20250728,28.25,0.008928571428571397,0.03214285714285703,-0.023214285714285632,5,True,20250731,29.15,0.041071428571428426,0.10892857142857149,-0.023214285714285632,8,True
9933,中鼎,20251106,20251107,32.0,entered,True,20251107,32.25,0.0078125,0.0390625,0.0,1,True,20251111,31.35,-0.020312499999999956,0.0390625,-0.025000000000000022,3,True,20251113,31.65,-0.010937500000000044,0.0390625,-0.025000000000000022,5,True,20251118,30.5,-0.046875,0.0390625,-0.0625,8,True
9933,中鼎,20251203,20251204,35.7,entered,True,20251204,34.2,-0.04201680672268904,0.0,-0.04621848739495815,1,True,20251208,34.25,-0.04061624649859952,0.0,-0.05882352941176472,3,True,20251210,32.0,-0.10364145658263313,0.0,-0.12324929971988796,5,True,20251215,32.15,-0.09943977591036424,0.0,-0.12324929971988796,8,True
9933,中鼎,20260311,20260312,32.1,entered,True,20260312,34.25,0.06697819314641751,0.07476635514018692,0.0,1,True,20260316,34.35,0.07009345794392519,0.0778816199376946,0.0,3,True,20260318,34.1,0.06230529595015577,0.0778816199376946,0.0,5,True,20260323,34.65,0.07943925233644844,0.0950155763239875,0.0,8,True
9933,中鼎,20260521,20260522,39.75,entered,True,20260522,39.3,-0.01132075471698124,0.0062893081761006275,-0.015094339622641506,1,True,20260526,40.6,0.021383647798742134,0.03144654088050314,-0.021383647798742134,3,True,20260528,38.9,-0.021383647798742134,0.03144654088050314,-0.02515723270440251,5,True,20260602,39.35,-0.010062893081761004,0.03144654088050314,-0.02515723270440251,8,True
9938,百和,20231129,20231130,65.5,entered,True,20231130,62.2,-0.05038167938931293,0.0,-0.051908396946564905,1,True,20231204,64.5,-0.01526717557251911,0.0015267175572517555,-0.0625954198473283,3,True,20231206,63.9,-0.02442748091603053,0.0015267175572517555,-0.0625954198473283,5,True,20231211,62.3,-0.04885496183206106,0.0015267175572517555,-0.0625954198473283,8,True
9938,百和,20240513,20240514,68.2,entered,True,20240514,67.4,-0.011730205278592365,0.0,-0.019061583577712593,1,True,20240516,67.6,-0.008797653958944385,0.0014662756598240456,-0.03958944281524934,3,True,20240520,67.2,-0.014662756598240456,0.0014662756598240456,-0.03958944281524934,5,True,20240523,65.7,-0.03665689149560114,0.0014662756598240456,-0.04692082111436957,8,True
9938,百和,20240923,20240924,72.5,entered,True,20240924,72.5,0.0,0.034482758620689724,-0.0096551724137931,1,True,20240926,71.8,-0.0096551724137931,0.034482758620689724,-0.03172413793103446,3,True,20240930,73.0,0.006896551724137945,0.08275862068965512,-0.03172413793103446,5,True,20241007,77.2,0.06482758620689655,0.08275862068965512,-0.03172413793103446,8,True
9938,百和,20241017,20241018,80.1,entered,True,20241018,79.0,-0.013732833957552981,0.00998751560549338,-0.02621722846441943,1,True,20241022,80.7,0.0074906367041198685,0.011235955056179803,-0.031210986267166008,3,True,20241024,81.5,0.017478152309613026,0.017478152309613026,-0.031210986267166008,5,True,20241029,81.4,0.01622971285892638,0.029962546816479474,-0.031210986267166008,8,True
9945,潤泰新,20220111,20220112,67.5,entered,True,20220112,66.5,-0.014814814814814836,0.002962962962963056,-0.0251851851851852,1,True,20220114,66.0,-0.022222222222222254,0.002962962962963056,-0.0251851851851852,3,True,20220118,67.0,-0.007407407407407418,0.002962962962963056,-0.0251851851851852,5,True,20220121,64.8,-0.040000000000000036,0.002962962962963056,-0.04296296296296309,8,True
9945,潤泰新,20230605,20230606,37.3,entered,True,20230606,37.0,-0.008042895442359144,0.0,-0.02680965147453085,1,True,20230608,36.25,-0.02815013404825728,0.0,-0.029490616621983712,3,True,20230612,35.55,-0.046916890080428986,0.0,-0.046916890080428986,5,True,20230615,36.7,-0.0160857908847184,0.0,-0.046916890080428986,8,True
9945,潤泰新,20231114,20231115,36.15,entered,True,20231115,36.7,0.015214384508990486,0.020746887966804906,-0.008298755186721962,1,True,20231117,36.9,0.020746887966804906,0.03181189488243419,-0.008298755186721962,3,True,20231121,35.95,-0.0055325034578145305,0.03181189488243419,-0.016597510373444035,5,True,20231124,35.85,-0.008298755186721962,0.03181189488243419,-0.017980636237897585,8,True
9945,潤泰新,20231214,20231215,36.8,entered,True,20231215,36.75,-0.0013586956521738358,0.010869565217391353,-0.0013586956521738358,1,True,20231219,36.45,-0.009510869565217184,0.013586956521739024,-0.014945652173912971,3,True,20231221,36.4,-0.010869565217391242,0.013586956521739024,-0.014945652173912971,5,True,20231226,36.7,-0.0027173913043476716,0.013586956521739024,-0.016304347826086807,8,True
9945,潤泰新,20240102,20240103,39.1,entered,True,20240103,38.7,-0.010230179028132946,0.0012787723785165905,-0.01406649616368294,1,True,20240105,38.05,-0.02685421994884918,0.0012787723785165905,-0.02941176470588236,3,True,20240109,37.2,-0.04859335038363166,0.0012787723785165905,-0.04859335038363166,5,True,20240112,36.9,-0.05626598465473154,0.0012787723785165905,-0.0613810741687979,8,True
9945,潤泰新,20240429,20240430,39.1,entered,True,20240430,38.45,-0.01662404092071612,0.01662404092071612,-0.017902813299232823,1,True,20240503,42.45,0.08567774936061379,0.10741687979539627,-0.017902813299232823,3,True,20240507,41.8,0.06905370843989767,0.13554987212276215,-0.017902813299232823,5,True,20240510,40.5,0.03580562659846542,0.13554987212276215,-0.017902813299232823,8,True
9945,潤泰新,20240712,20240715,47.25,entered,True,20240715,46.4,-0.017989417989418,0.014814814814814836,-0.01904761904761898,1,True,20240717,49.4,0.04550264550264549,0.06243386243386251,-0.05291005291005291,3,True,20240719,48.05,0.016931216931216797,0.0793650793650793,-0.05291005291005291,5,True,20240726,51.3,0.08571428571428563,0.10052910052910047,-0.05291005291005291,8,True
9946,三發地產,20240517,20240520,39.5,entered,True,20240520,39.9,0.010126582278481067,0.0303797468354432,-0.006329113924050667,1,True,20240522,42.1,0.06582278481012671,0.07594936708860756,-0.006329113924050667,3,True,20240524,41.35,0.04683544303797471,0.07594936708860756,-0.006329113924050667,5,True,20240529,44.3,0.12151898734177213,0.1354430379746836,-0.006329113924050667,8,True
9958,世紀鋼,20220110,20220111,119.5,entered,True,20220111,116.5,-0.025104602510460206,0.004184100418409997,-0.03765690376569042,1,True,20220113,116.0,-0.029288702928870314,0.004184100418409997,-0.04184100418410042,3,True,20220117,114.0,-0.046025104602510414,0.004184100418409997,-0.05020920502092052,5,True,20220120,113.5,-0.05020920502092052,0.004184100418409997,-0.06276150627615062,8,True
9958,世紀鋼,20221202,20221205,89.0,entered,True,20221205,88.8,-0.0022471910112359383,0.017977528089887507,-0.00786516853932584,1,True,20221207,85.9,-0.03483146067415721,0.032584269662921495,-0.03707865168539326,3,True,20221209,88.5,-0.005617977528089901,0.032584269662921495,-0.03707865168539326,5,True,20221214,90.3,0.014606741573033766,0.032584269662921495,-0.03707865168539326,8,True
9958,世紀鋼,20230220,20230221,108.0,entered,True,20230221,105.5,-0.02314814814814814,0.004629629629629539,-0.03240740740740744,1,True,20230223,106.5,-0.01388888888888884,0.004629629629629539,-0.04166666666666663,3,True,20230301,104.5,-0.03240740740740744,0.004629629629629539,-0.04166666666666663,5,True,20230306,103.0,-0.04629629629629628,0.004629629629629539,-0.06018518518518523,8,True
9958,世紀鋼,20230412,20230413,114.0,entered,True,20230413,112.5,-0.013157894736842146,0.013157894736842035,-0.030701754385964897,1,True,20230417,115.5,0.013157894736842035,0.03508771929824572,-0.03508771929824561,3,True,20230419,115.5,0.013157894736842035,0.06140350877192979,-0.03508771929824561,5,True,20230424,113.5,-0.004385964912280715,0.06140350877192979,-0.03508771929824561,8,True
9958,世紀鋼,20230609,20230612,116.5,entered,True,20230612,112.5,-0.03433476394849788,0.008583690987124415,-0.03433476394849788,1,True,20230614,111.0,-0.047210300429184504,0.008583690987124415,-0.07296137339055797,3,True,20230616,113.0,-0.030042918454935674,0.008583690987124415,-0.07296137339055797,5,True,20230621,112.0,-0.03862660944206009,0.008583690987124415,-0.07296137339055797,8,True
9958,世紀鋼,20230915,20230918,178.0,entered,True,20230918,188.0,0.05617977528089879,0.0926966292134832,0.0,1,True,20230920,183.0,0.028089887640449396,0.0926966292134832,0.0,3,True,20230922,181.0,0.016853932584269593,0.0926966292134832,-0.002808988764044895,5,True,20230927,183.0,0.028089887640449396,0.0926966292134832,-0.0252808988764045,8,True
9958,世紀鋼,20231205,20231206,183.0,entered,True,20231206,180.0,-0.016393442622950838,0.002732240437158362,-0.04644808743169404,1,True,20231208,182.5,-0.002732240437158473,0.016393442622950838,-0.04644808743169404,3,True,20231212,181.0,-0.010928961748633892,0.016393442622950838,-0.04644808743169404,5,True,20231215,172.0,-0.060109289617486295,0.08196721311475419,-0.060109289617486295,8,True
9958,世紀鋼,20240514,20240515,258.0,entered,True,20240515,240.5,-0.0678294573643411,0.04844961240310086,-0.0736434108527132,1,True,20240517,252.5,-0.02131782945736438,0.04844961240310086,-0.0736434108527132,3,True,20240521,275.5,0.06782945736434098,0.06782945736434098,-0.0736434108527132,5,True,20240524,299.5,0.16085271317829464,0.18410852713178305,-0.0736434108527132,8,True
9958,世紀鋼,20250605,20250606,209.0,entered,True,20250606,216.5,0.03588516746411474,0.04306220095693769,-0.014354066985645897,1,True,20250610,217.0,0.038277511961722466,0.07655502392344493,-0.014354066985645897,3,True,20250612,226.5,0.08373205741626788,0.09090909090909083,-0.014354066985645897,5,True,20250617,232.5,0.1124401913875599,0.16267942583732053,-0.014354066985645897,8,True
3219,倚強科,20250829,20250901,108.5,entered,True,20250901,100.0,-0.07834101382488479,0.0,-0.07834101382488479,1,True,20250903,104.0,-0.04147465437788023,0.0,-0.12073732718894004,3,True,20250905,104.0,-0.04147465437788023,0.0,-0.12073732718894004,5,True,20250910,109.5,0.009216589861751112,0.009216589861751112,-0.12073732718894004,8,True
3714,富采,20220105,20220106,83.0,entered,True,20220106,85.2,0.026506024096385472,0.03614457831325302,-0.012048192771084376,1,True,20220110,94.2,0.13493975903614452,0.14819277108433737,-0.012048192771084376,3,True,20220112,92.7,0.11686746987951802,0.17469879518072284,-0.012048192771084376,5,True,20220117,94.2,0.13493975903614452,0.17469879518072284,-0.012048192771084376,8,True
3714,富采,20221114,20221115,45.75,entered,True,20221115,46.2,0.009836065573770592,0.014207650273224015,-0.010928961748633892,1,True,20221117,46.5,0.016393442622950838,0.022950819672131084,-0.010928961748633892,3,True,20221121,45.55,-0.004371584699453646,0.022950819672131084,-0.010928961748633892,5,True,20221124,46.5,0.016393442622950838,0.022950819672131084,-0.013114754098360715,8,True
3714,富采,20230605,20230606,52.8,entered,True,20230606,52.7,-0.0018939393939393367,0.0037878787878788955,-0.009469696969697017,1,True,20230608,52.4,-0.007575757575757569,0.011363636363636465,-0.009469696969697017,3,True,20230612,51.9,-0.017045454545454475,0.011363636363636465,-0.024621212121212044,5,True,20230615,51.7,-0.02083333333333326,0.03409090909090917,-0.024621212121212044,8,True
3714,富采,20230619,20230620,54.0,entered,True,20230620,53.1,-0.016666666666666607,0.0,-0.025925925925925908,1,True,20230626,53.1,-0.016666666666666607,0.005555555555555536,-0.025925925925925908,3,True,20230628,51.2,-0.051851851851851816,0.005555555555555536,-0.0537037037037037,5,True,20230703,51.6,-0.0444444444444444,0.005555555555555536,-0.0537037037037037,8,True
3714,富采,20240429,20240430,42.8,entered,True,20240430,42.85,0.001168224299065601,0.00233644859813098,-0.010514018691588634,1,True,20240503,42.6,-0.004672897196261627,0.014018691588784993,-0.010514018691588634,3,True,20240507,43.45,0.015186915887850594,0.02686915887850483,-0.010514018691588634,5,True,20240510,43.0,0.004672897196261738,0.02686915887850483,-0.012850467289719614,8,True
3714,富采,20240516,20240517,44.25,entered,True,20240517,43.8,-0.01016949152542379,0.0,-0.012429378531073398,1,True,20240521,45.8,0.03502824858757059,0.03502824858757059,-0.012429378531073398,3,True,20240523,45.65,0.031638418079096065,0.041807909604519855,-0.012429378531073398,5,True,20240528,48.4,0.09378531073446328,0.10169491525423724,-0.012429378531073398,8,True
3714,富采,20240920,20240923,46.2,entered,True,20240923,46.1,-0.0021645021645021467,0.027056277056277,-0.014069264069264231,1,True,20240925,46.8,0.01298701298701288,0.031385281385281294,-0.022727272727272818,3,True,20240927,45.5,-0.015151515151515249,0.031385281385281294,-0.025974025974025983,5,True,20241004,46.1,-0.0021645021645021467,0.031385281385281294,-0.03679653679653683,8,True
3714,富采,20241016,20241017,47.2,entered,True,20241017,46.65,-0.011652542372881491,0.010593220338983134,-0.018008474576271194,1,True,20241021,48.35,0.024364406779660897,0.03177966101694918,-0.02012711864406791,3,True,20241023,47.6,0.008474576271186418,0.03177966101694918,-0.02012711864406791,5,True,20241028,47.75,0.01165254237288127,0.03177966101694918,-0.02012711864406791,8,True
3714,富采,20250219,20250220,52.3,entered,True,20250220,50.4,-0.03632887189292544,0.003824091778202643,-0.043977055449330726,1,True,20250224,46.65,-0.10803059273422555,0.003824091778202643,-0.11376673040152951,3,True,20250226,45.75,-0.12523900573613767,0.003824091778202643,-0.13479923518164427,5,True,20250304,43.25,-0.17304015296367103,0.003824091778202643,-0.18738049713193117,8,True
3714,富采,20250917,20250918,40.05,entered,True,20250918,40.65,0.014981273408239737,0.014981273408239737,-0.006242197253433224,1,True,20250922,39.6,-0.011235955056179692,0.01622971285892638,-0.027465667915105962,3,True,20250924,39.95,-0.0024968789013731785,0.01622971285892638,-0.027465667915105962,5,True,20250930,39.25,-0.019975031210986205,0.0362047440699127,-0.028714107365792718,8,True
3714,富采,20260311,20260312,39.3,entered,True,20260312,43.65,0.11068702290076349,0.11068702290076349,-0.00254452926208637,1,True,20260316,47.0,0.19592875318066172,0.19592875318066172,-0.00254452926208637,3,True,20260318,47.2,0.20101781170483468,0.2798982188295165,-0.00254452926208637,5,True,20260323,46.8,0.19083969465648853,0.30279898218829526,-0.00254452926208637,8,True
2211,長榮鋼,20220406,20220407,64.9,entered,True,20220407,61.6,-0.05084745762711873,0.0,-0.05238828967642539,1,True,20220411,60.5,-0.06779661016949157,0.0,-0.07241910631741144,3,True,20220413,61.0,-0.06009244992295848,0.0,-0.08936825885978439,5,True,20220418,58.5,-0.09861325115562414,0.0,-0.10169491525423746,8,True
2211,長榮鋼,20231215,20231218,99.9,entered,True,20231218,99.6,-0.0030030030030031574,0.07107107107107091,-0.01501501501501501,1,True,20231220,100.5,0.006006006006005871,0.07107107107107091,-0.03103103103103111,3,True,20231222,103.5,0.03603603603603589,0.07107107107107091,-0.03103103103103111,5,True,20231227,101.0,0.011011011011010874,0.07107107107107091,-0.03103103103103111,8,True
6768,志強-KY,20250224,20250225,167.0,entered,True,20250225,162.5,-0.026946107784431184,0.017964071856287456,-0.0359281437125748,1,True,20250227,157.5,-0.05688622754491013,0.017964071856287456,-0.07185628742514971,3,True,20250304,150.0,-0.10179640718562877,0.017964071856287456,-0.11377245508982037,5,True,20250307,143.5,-0.14071856287425155,0.017964071856287456,-0.16167664670658688,8,True
3357,臺慶科,20260416,20260417,175.0,entered,True,20260417,181.0,0.03428571428571425,0.10000000000000009,0.0,1,True,20260421,188.0,0.07428571428571429,0.11714285714285722,0.0,3,True,20260423,169.5,-0.03142857142857147,0.11714285714285722,-0.05428571428571427,5,True,20260428,169.5,-0.03142857142857147,0.11714285714285722,-0.06857142857142862,8,True
3357,臺慶科,20260512,20260513,188.0,entered,True,20260513,213.0,0.13297872340425543,0.13297872340425543,-0.018617021276595702,1,True,20260515,220.0,0.17021276595744683,0.3271276595744681,-0.018617021276595702,3,True,20260519,210.0,0.11702127659574457,0.3271276595744681,-0.018617021276595702,5,True,20260522,279.0,0.48404255319148937,0.48404255319148937,-0.018617021276595702,8,True
6788,華景電,20250807,20250808,291.0,entered,True,20250808,272.5,-0.06357388316151202,0.0017182130584192379,-0.07388316151202745,1,True,20250812,270.5,-0.07044673539518898,0.0017182130584192379,-0.12371134020618557,3,True,20250814,280.0,-0.037800687285223344,0.0017182130584192379,-0.12371134020618557,5,True,20250819,274.5,-0.05670103092783507,0.0017182130584192379,-0.12371134020618557,8,True
6806,森崴能源,20230417,20230418,110.0,entered,True,20230418,121.0,0.10000000000000009,0.10000000000000009,-0.009090909090909038,1,True,20230420,113.5,0.031818181818181746,0.10909090909090913,-0.009090909090909038,3,True,20230424,110.5,0.00454545454545463,0.10909090909090913,-0.027272727272727226,5,True,20230427,107.0,-0.027272727272727226,0.10909090909090913,-0.05909090909090908,8,True
6806,森崴能源,20231107,20231108,112.5,entered,True,20231108,110.5,-0.01777777777777778,0.004444444444444473,-0.022222222222222254,1,True,20231110,109.5,-0.026666666666666616,0.004444444444444473,-0.06666666666666665,3,True,20231114,110.5,-0.01777777777777778,0.004444444444444473,-0.06666666666666665,5,True,20231117,111.5,-0.008888888888888835,0.008888888888888946,-0.06666666666666665,8,True
6806,森崴能源,20240219,20240220,123.5,entered,True,20240220,124.0,0.004048582995951344,0.012145748987854255,-0.020242914979757054,1,True,20240222,123.5,0.0,0.04048582995951411,-0.020242914979757054,3,True,20240226,133.5,0.08097165991902844,0.10121457489878538,-0.020242914979757054,5,True,20240301,151.0,0.22267206477732793,0.26315789473684204,-0.020242914979757054,8,True
6806,森崴能源,20240710,20240711,181.0,entered,True,20240711,181.5,0.0027624309392264568,0.06077348066298338,-0.02209944751381221,1,True,20240715,181.5,0.0027624309392264568,0.06077348066298338,-0.02209944751381221,3,True,20240717,173.0,-0.04419889502762431,0.06077348066298338,-0.06077348066298338,5,True,20240722,176.0,-0.027624309392265234,0.06077348066298338,-0.06077348066298338,8,True
6770,力積電,20220406,20220407,54.3,entered,True,20220407,54.5,0.0036832412523020164,0.011049723756906049,-0.009208103130755041,1,True,20220411,52.3,-0.036832412523020275,0.016574585635359185,-0.036832412523020275,3,True,20220413,53.0,-0.023941068139963106,0.016574585635359185,-0.05156537753222834,5,True,20220418,51.0,-0.06077348066298338,0.016574585635359185,-0.06261510128913439,8,True
6770,力積電,20221111,20221114,33.65,entered,True,20221114,33.45,-0.005943536404160343,0.008915304606240904,-0.010401188707280906,1,True,20221116,34.05,0.011887072808320909,0.031203566121842607,-0.010401188707280906,3,True,20221118,33.65,0.0,0.031203566121842607,-0.010401188707280906,5,True,20221123,32.95,-0.02080237741456159,0.031203566121842607,-0.06983655274888556,8,True
6770,力積電,20230130,20230131,33.9,entered,True,20230131,34.3,0.01179941002949847,0.016224188790560534,-0.005899705014749124,1,True,20230202,35.3,0.041297935103244754,0.05752212389380529,-0.005899705014749124,3,True,20230206,33.7,-0.005899705014749124,0.05752212389380529,-0.005899705014749124,5,True,20230209,34.15,0.007374631268436627,0.05752212389380529,-0.008849557522123797,8,True
6770,力積電,20230614,20230615,32.5,entered,True,20230615,32.7,0.006153846153846176,0.007692307692307665,-0.01538461538461533,1,True,20230619,31.85,-0.019999999999999907,0.01846153846153853,-0.026153846153846194,3,True,20230621,31.95,-0.01692307692307693,0.01846153846153853,-0.02923076923076917,5,True,20230628,30.7,-0.055384615384615365,0.01846153846153853,-0.056923076923076965,8,True
6770,力積電,20240927,20240930,21.8,entered,True,20240930,21.6,-0.00917431192660545,0.0,-0.022935779816513735,1,True,20241004,20.6,-0.05504587155963303,0.0,-0.06880733944954132,3,True,20241008,20.55,-0.05733944954128445,0.0,-0.07110091743119273,5,True,20241014,20.15,-0.07568807339449546,0.0,-0.0825688073394496,8,True
6770,力積電,20260130,20260202,66.3,entered,True,20260202,62.6,-0.05580693815987925,0.009049773755656298,-0.05580693815987925,1,True,20260204,65.6,-0.010558069381598867,0.016591251885369696,-0.12669683257918551,3,True,20260206,63.5,-0.042232277526395134,0.016591251885369696,-0.12669683257918551,5,True,20260211,63.1,-0.04826546003016585,0.03318250377073917,-0.12669683257918551,8,True
6770,力積電,20260506,20260507,60.5,entered,True,20260507,63.9,0.056198347107438096,0.056198347107438096,-0.04132231404958675,1,True,20260511,62.5,0.03305785123966931,0.09917355371900816,-0.04132231404958675,3,True,20260513,60.5,0.0,0.09917355371900816,-0.04132231404958675,5,True,20260518,62.0,0.024793388429751984,0.1074380165289257,-0.04132231404958675,8,True
6770,力積電,20260525,20260526,69.9,entered,True,20260526,70.8,0.012875536480686511,0.05293276108726741,-0.027181688125894166,1,True,20260528,80.7,0.15450643776824036,0.1759656652360515,-0.027181688125894166,3,True,20260601,87.0,0.24463519313304705,0.3519313304721028,-0.027181688125894166,5,True,20260604,81.0,0.15879828326180245,0.3519313304721028,-0.027181688125894166,8,True
6770,力積電,20260814,20260817,79.9,entered,True,20260817,74.6,-0.06633291614518166,0.0,-0.07133917396745937,1,True,20260819,66.6,-0.16645807259073853,0.0,-0.16770963704630792,3,True,20260821,68.4,-0.14392991239048814,0.0,-0.17146433041301634,5,True,20260826,70.2,-0.12140175219023785,0.0,-0.17146433041301634,8,True
6719,力智,20230208,20230209,330.5,entered,True,20230209,321.0,-0.02874432677760963,0.05748865355521926,-0.0408472012102874,1,True,20230213,301.0,-0.08925869894099847,0.05748865355521926,-0.09228441754916794,3,True,20230215,293.5,-0.11195158850226927,0.05748865355521926,-0.11951588502269284,5,True,20230220,299.5,-0.09379727685325268,0.05748865355521926,-0.13464447806354007,8,True
5244,弘凱,20250827,20250828,50.1,entered,True,20250828,49.7,-0.007984031936127733,0.031936127744510934,-0.0259481037924153,1,True,20250901,47.6,-0.04990019960079839,0.031936127744510934,-0.05189620758483038,3,True,20250903,46.65,-0.06886227544910184,0.031936127744510934,-0.07984031936127745,5,True,20250908,46.95,-0.06287425149700598,0.031936127744510934,-0.07984031936127745,8,True
8438,昶昕,20260408,20260409,81.0,entered,True,20260409,81.2,0.0024691358024691024,0.02839506172839501,-0.024691358024691357,1,True,20260413,86.3,0.06543209876543199,0.19753086419753085,-0.024691358024691357,3,True,20260415,88.1,0.08765432098765435,0.19753086419753085,-0.024691358024691357,5,True,20260420,88.4,0.09135802469135812,0.19753086419753085,-0.024691358024691357,8,True
6799,來頡,20231129,20231130,172.0,entered,True,20231130,167.0,-0.029069767441860517,0.005813953488372103,-0.03197674418604646,1,True,20231204,162.5,-0.05523255813953487,0.005813953488372103,-0.05813953488372092,3,True,20231206,157.5,-0.08430232558139539,0.005813953488372103,-0.08430232558139539,5,True,20231211,166.5,-0.03197674418604646,0.005813953488372103,-0.09302325581395354,8,True
6799,來頡,20231222,20231225,185.0,entered,True,20231225,175.5,-0.05135135135135138,0.0,-0.05135135135135138,1,True,20231227,185.5,0.002702702702702675,0.0108108108108107,-0.05135135135135138,3,True,20231229,191.5,0.03513513513513522,0.08648648648648649,-0.05135135135135138,5,True,20240104,180.5,-0.024324324324324298,0.08648648648648649,-0.05135135135135138,8,True
6799,來頡,20240220,20240221,198.0,entered,True,20240221,193.5,-0.022727272727272707,0.03282828282828287,-0.03535353535353536,1,True,20240223,182.0,-0.08080808080808077,0.03282828282828287,-0.08333333333333337,3,True,20240227,197.5,-0.002525252525252486,0.08080808080808088,-0.08333333333333337,5,True,20240304,212.5,0.07323232323232332,0.1515151515151516,-0.08333333333333337,8,True
6585,鼎基,20231122,20231123,146.5,entered,True,20231123,140.5,-0.04095563139931746,0.013651877133105783,-0.058020477815699634,1,True,20231127,133.0,-0.0921501706484642,0.013651877133105783,-0.0921501706484642,3,True,20231129,137.0,-0.06484641638225253,0.013651877133105783,-0.0921501706484642,5,True,20231204,133.5,-0.0887372013651877,0.013651877133105783,-0.0921501706484642,8,True
6546,正基,20220816,20220817,138.5,entered,True,20220817,135.0,-0.02527075812274371,0.018050541516245522,-0.02527075812274371,1,True,20220819,142.0,0.025270758122743597,0.07220216606498187,-0.03971119133574008,3,True,20220823,138.5,0.0,0.07220216606498187,-0.03971119133574008,5,True,20220826,142.5,0.028880866425992746,0.10830324909747291,-0.03971119133574008,8,True
6550,北極星藥業-KY,20240401,20240402,74.2,entered,True,20240402,71.2,-0.040431266846361225,0.0,-0.049865229110512166,1,True,20240408,73.2,-0.013477088948787075,0.009433962264151052,-0.049865229110512166,3,True,20240410,72.5,-0.022911051212938016,0.009433962264151052,-0.049865229110512166,5,True,20240415,68.6,-0.07547169811320764,0.009433962264151052,-0.08086253369272234,8,True
6789,采鈺,20231130,20231201,303.0,entered,True,20231201,314.5,0.037953795379537913,0.041254125412541365,-0.004950495049504955,1,True,20231205,314.5,0.037953795379537913,0.06930693069306937,-0.004950495049504955,3,True,20231207,295.5,-0.024752475247524774,0.06930693069306937,-0.02970297029702973,5,True,20231212,291.0,-0.03960396039603964,0.06930693069306937,-0.05280528052805278,8,True
6789,采鈺,20260224,20260225,309.0,entered,True,20260225,311.0,0.006472491909385036,0.032362459546925626,-0.021035598705501646,1,True,20260302,376.0,0.21682847896440127,0.21682847896440127,-0.021035598705501646,3,True,20260304,347.0,0.12297734627831725,0.24110032362459544,-0.021035598705501646,5,True,20260309,311.5,0.008090614886731462,0.24110032362459544,-0.021035598705501646,8,True
3715,定穎投控,20231201,20231204,109.0,entered,True,20231204,100.0,-0.08256880733944949,0.013761467889908285,-0.09541284403669725,1,True,20231206,97.0,-0.11009174311926606,0.013761467889908285,-0.12110091743119267,3,True,20231208,92.0,-0.15596330275229353,0.013761467889908285,-0.15596330275229353,5,True,20231213,94.5,-0.1330275229357798,0.013761467889908285,-0.1623853211009174,8,True
3715,定穎投控,20240924,20240925,79.3,entered,True,20240925,78.7,-0.007566204287515643,0.008827238335435084,-0.013871374527112179,1,True,20240927,75.5,-0.047919293820933184,0.008827238335435084,-0.05044136191677173,3,True,20241001,74.4,-0.06179066834804525,0.008827238335435084,-0.073139974779319,5,True,20241008,73.4,-0.07440100882723821,0.008827238335435084,-0.10466582597730134,8,True
3715,定穎投控,20241218,20241219,65.0,entered,True,20241219,65.1,0.0015384615384614886,0.023076923076922995,-0.007692307692307665,1,True,20241223,64.0,-0.01538461538461533,0.023076923076922995,-0.01692307692307693,3,True,20241225,61.7,-0.05076923076923068,0.023076923076922995,-0.05384615384615388,5,True,20241230,60.8,-0.06461538461538463,0.023076923076922995,-0.06461538461538463,8,True
3715,定穎投控,20250703,20250704,50.0,entered,True,20250704,47.8,-0.04400000000000004,0.0020000000000000018,-0.05599999999999994,1,True,20250708,52.8,0.05600000000000005,0.06599999999999984,-0.05799999999999994,3,True,20250710,57.3,0.1459999999999999,0.16599999999999993,-0.05799999999999994,5,True,20250715,61.4,0.22799999999999998,0.272,-0.05799999999999994,8,True
3715,定穎投控,20250729,20250730,76.6,entered,True,20250730,79.0,0.031331592689295196,0.031331592689295196,-0.01305483028720622,1,True,20250801,85.9,0.1214099216710185,0.13446475195822472,-0.01305483028720622,3,True,20250805,84.0,0.09660574412532652,0.15535248041775462,-0.01305483028720622,5,True,20250808,94.4,0.2323759791122717,0.31853785900783294,-0.01305483028720622,8,True
3715,定穎投控,20251009,20251013,100.0,entered,True,20251013,101.5,0.014999999999999902,0.020000000000000018,-0.028000000000000025,1,True,20251015,94.8,-0.052000000000000046,0.050000000000000044,-0.07400000000000007,3,True,20251017,94.4,-0.05599999999999994,0.050000000000000044,-0.07400000000000007,5,True,20251022,92.0,-0.07999999999999996,0.050000000000000044,-0.08400000000000007,8,True
3715,定穎投控,20260112,20260113,146.5,entered,True,20260113,137.5,-0.061433447098976135,0.0034129692832765013,-0.10238907849829348,1,True,20260115,131.5,-0.10238907849829348,0.0034129692832765013,-0.11604095563139927,3,True,20260119,132.0,-0.0989761092150171,0.0034129692832765013,-0.11604095563139927,5,True,20260122,136.5,-0.06825938566552903,0.0034129692832765013,-0.11945392491467577,8,True
6834,天二科技,20260518,20260519,52.7,entered,True,20260519,55.1,0.04554079696394675,0.09867172675521818,-0.028462998102466774,1,True,20260521,66.6,0.26375711574952554,0.26375711574952554,-0.028462998102466774,3,True,20260525,77.5,0.47058823529411753,0.47058823529411753,-0.028462998102466774,5,True,20260528,70.5,0.3377609108159392,0.6129032258064515,-0.028462998102466774,8,True
6695,芯鼎,20231227,20231228,74.8,entered,True,20231228,73.0,-0.024064171122994638,0.017379679144384985,-0.046791443850267345,1,True,20240102,78.2,0.045454545454545636,0.05481283422459904,-0.06016042780748665,3,True,20240104,77.8,0.04010695187165769,0.10294117647058831,-0.06016042780748665,5,True,20240109,76.9,0.02807486631016065,0.143048128342246,-0.06016042780748665,8,True
6695,芯鼎,20260511,20260512,53.1,entered,True,20260512,52.0,-0.020715630885122405,0.007532956685499137,-0.032015065913371,1,True,20260514,50.3,-0.052730696798493515,0.007532956685499137,-0.06591337099811678,3,True,20260518,51.0,-0.039548022598870136,0.016949152542372836,-0.06591337099811678,5,True,20260521,51.5,-0.030131826741996215,0.016949152542372836,-0.07909604519774016,8,True
6695,芯鼎,20260526,20260527,65.1,entered,True,20260527,60.9,-0.06451612903225801,0.003072196620583778,-0.0752688172043009,1,True,20260529,58.2,-0.10599078341013812,0.003072196620583778,-0.14439324116743457,3,True,20260602,55.0,-0.15514592933947768,0.003072196620583778,-0.16743471582181246,5,True,20260605,52.8,-0.18894009216589858,0.003072196620583778,-0.22427035330261125,8,True
3447,展達,20241028,20241029,79.7,entered,True,20241029,80.6,0.011292346298619638,0.026348808030112858,-0.008782936010037656,1,True,20241101,82.6,0.03638644918444145,0.04767879548306153,-0.021329987452948562,3,True,20241105,80.6,0.011292346298619638,0.06649937264742789,-0.021329987452948562,5,True,20241108,92.1,0.15558343789209528,0.18444165621079045,-0.021329987452948562,8,True
6753,龍德造船,20250908,20250909,188.5,entered,True,20250909,185.0,-0.018567639257294433,0.0053050397877985045,-0.050397877984084904,1,True,20250911,184.5,-0.021220159151193685,0.1352785145888593,-0.050397877984084904,3,True,20250915,169.0,-0.10344827586206895,0.1352785145888593,-0.11936339522546424,5,True,20250918,156.5,-0.16976127320954904,0.1352785145888593,-0.1724137931034483,8,True
2645,長榮航太,20230414,20230417,114.0,entered,True,20230417,122.5,0.07456140350877183,0.07456140350877183,0.0,1,True,20230419,118.5,0.03947368421052633,0.12280701754385959,0.0,3,True,20230421,112.5,-0.013157894736842146,0.12280701754385959,-0.08771929824561409,5,True,20230426,109.0,-0.04385964912280704,0.12280701754385959,-0.08771929824561409,8,True
2645,長榮航太,20230619,20230620,119.0,entered,True,20230620,118.0,-0.008403361344537785,0.004201680672268893,-0.03361344537815125,1,True,20230626,112.5,-0.054621848739495826,0.004201680672268893,-0.06302521008403361,3,True,20230628,111.0,-0.0672268907563025,0.004201680672268893,-0.08823529411764708,5,True,20230703,112.5,-0.054621848739495826,0.004201680672268893,-0.08823529411764708,8,True
2645,長榮航太,20250804,20250805,131.0,entered,True,20250805,143.5,0.09541984732824438,0.09541984732824438,-0.007633587786259555,1,True,20250807,152.0,0.16030534351145032,0.22137404580152675,-0.007633587786259555,3,True,20250811,166.0,0.26717557251908386,0.26717557251908386,-0.007633587786259555,5,True,20250814,162.5,0.24045801526717558,0.33206106870229,-0.007633587786259555,8,True
2645,長榮航太,20260108,20260109,153.0,entered,True,20260109,145.0,-0.05228758169934644,0.0032679738562091387,-0.05882352941176472,1,True,20260113,150.0,-0.019607843137254943,0.0032679738562091387,-0.06209150326797386,3,True,20260115,155.0,0.013071895424836555,0.013071895424836555,-0.06209150326797386,5,True,20260120,161.0,0.05228758169934644,0.06862745098039214,-0.06209150326797386,8,True
6584,南俊國際,20251110,20251111,310.0,entered,True,20251111,310.5,0.001612903225806539,0.05967741935483861,-0.04354838709677422,1,True,20251113,300.5,-0.030645161290322576,0.05967741935483861,-0.04354838709677422,3,True,20251117,347.5,0.12096774193548376,0.12096774193548376,-0.0532258064516129,5,True,20251120,363.5,0.17258064516129035,0.23064516129032264,-0.0532258064516129,8,True
6757,台灣虎航,20260625,20260626,64.9,entered,True,20260626,62.6,-0.035439137134052445,0.007704160246533087,-0.03697996918335911,1,True,20260630,62.3,-0.04006163328197243,0.007704160246533087,-0.06009244992295848,3,True,20260702,60.8,-0.0631741140215718,0.007704160246533087,-0.0662557781201849,5,True,20260707,60.2,-0.07241910631741144,0.007704160246533087,-0.08782742681047773,8,True
4949,有成精密,20260430,20260504,109.5,entered,True,20260504,105.0,-0.04109589041095896,0.0,-0.0821917808219178,1,True,20260506,96.2,-0.12146118721461185,0.0,-0.13242009132420096,3,True,20260508,93.7,-0.1442922374429223,0.0,-0.1479452054794521,5,True,20260513,89.0,-0.18721461187214616,0.0,-0.18721461187214616,8,True
6903,巨漢,20260114,20260115,283.0,entered,True,20260115,278.0,-0.017667844522968212,0.007067137809187329,-0.03180212014134276,1,True,20260119,271.0,-0.04240282685512364,0.044169611307420586,-0.05830388692579502,3,True,20260121,271.0,-0.04240282685512364,0.044169611307420586,-0.05830388692579502,5,True,20260126,262.0,-0.0742049469964664,0.044169611307420586,-0.0795053003533569,8,True
4772,台特化,20250605,20250606,234.0,entered,True,20250606,232.5,-0.0064102564102563875,0.012820512820512775,-0.019230769230769273,1,True,20250610,242.5,0.03632478632478642,0.047008547008547064,-0.02564102564102566,3,True,20250612,239.0,0.02136752136752129,0.05982905982905984,-0.02564102564102566,5,True,20250617,230.0,-0.017094017094017144,0.05982905982905984,-0.02564102564102566,8,True
6919,康霈*,20260821,20260824,117.5,entered,True,20260824,110.5,-0.05957446808510636,0.008510638297872353,-0.05957446808510636,1,True,20260826,106.0,-0.09787234042553195,0.008510638297872353,-0.11063829787234047,3,True,20260828,99.6,-0.15234042553191496,0.008510638297872353,-0.15914893617021275,5,True,,,,,,0,False
2646,星宇航空,20250506,20250507,26.05,entered,True,20250507,25.5,-0.021113243761996192,0.0,-0.02303262955854135,1,True,20250509,25.95,-0.0038387715930903177,0.0,-0.02303262955854135,3,True,20250513,26.15,0.0038387715930900956,0.02111324376199608,-0.02303262955854135,5,True,20250516,26.15,0.0038387715930900956,0.02111324376199608,-0.02303262955854135,8,True
6962,奕力-KY,20250206,20250207,58.2,entered,True,20250207,60.9,0.04639175257731942,0.07903780068728516,-0.01718213058419249,1,True,20250211,57.3,-0.015463917525773252,0.07903780068728516,-0.046391752577319645,3,True,20250213,65.9,0.13230240549828176,0.13573883161512001,-0.046391752577319645,5,True,20250218,64.0,0.09965635738831602,0.1615120274914088,-0.046391752577319645,8,True
6962,奕力-KY,20250513,20250514,56.8,entered,True,20250514,59.5,0.04753521126760574,0.06338028169014098,-0.008802816901408494,1,True,20250516,56.3,-0.008802816901408494,0.06338028169014098,-0.022887323943661886,3,True,20250520,55.1,-0.029929577464788637,0.06338028169014098,-0.04401408450704225,5,True,20250523,56.3,-0.008802816901408494,0.06338028169014098,-0.04401408450704225,8,True
3717,聯嘉投控,20260522,20260525,25.0,entered,True,20260525,22.95,-0.08200000000000007,0.0,-0.08200000000000007,1,True,20260527,22.0,-0.12,0.0,-0.122,3,True,20260529,22.6,-0.09599999999999997,0.0,-0.14400000000000002,5,True,20260603,23.35,-0.06599999999999995,0.0,-0.14400000000000002,8,True
7777,能率亞洲,20260601,20260602,43.75,entered,True,20260602,41.05,-0.06171428571428583,0.025142857142857133,-0.08571428571428574,1,True,20260604,39.9,-0.08800000000000008,0.025142857142857133,-0.08800000000000008,3,True,20260608,36.0,-0.17714285714285716,0.025142857142857133,-0.18171428571428583,5,True,20260611,37.55,-0.1417142857142858,0.025142857142857133,-0.18171428571428583,8,True
