stock_id,name,signal_date,entry_date,entry_price,exit_date,exit_price,holding_days,exit_reason,exit_trigger_date,exit_execution_delay_sessions,gross_return,net_return,net_return_slippage_0_1,volume_ratio,daily_return,breakout_ratio,breakout_type,foreign_ratio,investment_trust_ratio,combined_ratio,signal_low,initial_stop_price,t1_gap_pct,mfe,mae,day1_close_return,day3_close_return,day5_close_return,day8_close_return,post_exit_5d_max_return
1101,台泥,20230223,20230224,39.65,20230302,37.8,2,Close Confirmed Stop,20230301,0,-0.046658259773013855,-0.05027444860174602,-0.05217963664856932,2.552421207840067,0.03810775295663604,1.025974025974026,Breakout,0.3179880539097289,0.025560873871088963,0.34354892778081786,38.4,38.4,0.0037974683544304,0.0012610340479193294,-0.05170239596469095,-0.01261034047919296,,,,0.0092592592592593
1101,台泥,20240522,20240523,34.2,20240530,33.05,5,Close Confirmed Stop,20240529,0,-0.033625730994152225,-0.037311617242229825,-0.039242183682022695,2.32523134185837,0.02998500749625177,1.0073313782991202,Breakout,0.24049057317582542,0.00977790730230345,0.2502684804781289,33.6,33.6,-0.004366812227074246,0.0029239766081869956,-0.029239766081871288,-0.005847953216374324,-0.011695906432748648,-0.029239766081871288,,0.004538577912254427
1101,台泥,20240927,20240930,33.5,20241009,32.9,5,Day 5 Weakness,20241008,0,-0.017910447761194104,-0.021637300171698143,-0.023599173203888883,2.4320688843400577,0.021472392638036686,1.003012048192771,Breakout,0.4156014563195718,0.0024852255222439514,0.41808668184181574,32.7,32.7,0.006006006006006093,0.020895522388059806,-0.017910447761194104,0.008955223880596996,0.008955223880596996,-0.013432835820895606,,0.003039513677811634
1101,台泥,20250220,20250221,34.05,20250305,35.15,8,Day 8 Time Stop,20250305,0,0.032305433186490484,0.028393821403163225,0.026331565284821484,3.3449595341912954,0.027231467473525228,1.0,Breakout,0.023744931590364362,0.07529842748206848,0.09904335907243283,33.15,33.15,0.002945508100147043,0.038179148311306976,-0.010279001468428639,0.004405286343612591,0.026431718061674214,0.03083700440528636,0.032305433186490484,0.008534850640113945
1101,台泥,20260112,20260113,25.4,20260122,25.7,8,Day 8 Time Stop,20260122,0,0.011811023622047223,0.007974168093997312,0.005950708528168755,3.836416399725162,0.05496828752642702,1.0439330543933054,Extended Breakout,0.1163737243541952,-0.0008015483760062406,0.11557217597818896,23.8,24.13,0.018036072144288484,0.051181102362204856,-0.027559055118110187,-0.017716535433070835,-0.015748031496062964,0.03149606299212593,0.011811023622047223,0.048638132295719894
1102,亞泥,20221114,20221115,40.3,20221124,41.1,8,Day 8 Time Stop,20221124,0,0.01985111662531036,0.015975889475649586,0.013937701838017869,1.8929561971936455,0.03969270166453276,1.031766200762389,Extended Breakout,0.21524282327640124,-0.04012214941933657,0.17512067385706465,39.15,39.15,-0.007389162561576512,0.032258064516129226,-0.012406947890818865,0.011166253101737134,0.02853598014888359,0.018610421836228186,0.01985111662531036,0.012165450121654597
1102,亞泥,20231115,20231116,41.05,20231127,41.8,8,Day 8 Time Stop,20231127,0,0.018270401948842885,0.014393648781626835,0.01239715131727915,2.5227288384982796,0.023690773067331472,1.0098400984009839,Breakout,0.3111069413332969,-0.022019359206220217,0.2890875821270767,40.35,40.35,0.0,0.02436053593179044,-0.0012180267965894442,0.010962241169305775,0.0073081607795373316,0.013398294762484886,0.018270401948842885,0.013157894736842257
1102,亞泥,20240703,20240704,45.5,20240711,44.45,5,Day 5 Weakness,20240710,0,-0.023076923076922995,-0.02680146017035311,-0.028754506321499583,2.5282712853152023,0.036322360953461974,1.0178372352285394,Breakout,-0.06943665025649734,0.3696109466382603,0.30017429638176296,44.15,44.15,-0.003285870755750264,0.01098901098901095,-0.02637362637362639,0.009890109890109855,-0.01758241758241752,-0.0241758241758242,,0.030371203599550034
1102,亞泥,20250520,20250521,44.85,20250523,43.3,2,Close Confirmed Stop,20250522,0,-0.03455964325529548,-0.038249287663737294,-0.04017378340586548,3.0452308561898875,0.020361990950226172,0.9804347826086957,Pre-breakout,-0.3789962760176972,0.4755547498592458,0.09655847384154856,44.4,44.4,-0.005543237250554278,0.00557413600891854,-0.035674470457079166,-0.0011148272017837968,,,,0.008083140877598094
1104,環泥,20230612,20230613,31.7,20230620,31.0,5,Day 5 Weakness,20230619,0,-0.02208201892744477,-0.025806494623369203,-0.02775981157563873,2.6203816410097223,0.034710743801652955,1.029605263157895,Breakout,0.13802532304740198,0.0,0.13802532304740198,30.45,30.45,0.012779552715654896,0.006309148264984188,-0.041009463722397554,0.003154574132492094,-0.014195583596214534,-0.023659305993690816,,0.003225806451612856
1210,大成,20250627,20250630,66.3,20250707,66.0,5,Day 5 Weakness,20250704,0,-0.004524886877828038,-0.008292305434361985,-0.010276709218562705,3.593822884422977,0.029733959311424085,1.003048780487805,Breakout,0.3695539874029009,0.04363780999239081,0.4131917973952917,63.7,63.7,0.0075987841945288626,0.009049773755656298,-0.019607843137254832,-0.006033182503770607,-0.0015082956259425684,-0.004524886877828038,,-0.0060606060606061
1216,統一,20230619,20230620,78.0,20230627,75.6,3,Close Confirmed Stop,20230626,0,-0.030769230769230882,-0.034461353624349295,-0.03639341691284961,2.237187757527133,0.02072538860103612,1.0025445292620865,Breakout,-0.3580326308759966,0.5583419075054302,0.20030927662943357,76.4,76.4,-0.01015228426395931,0.008974358974358942,-0.028205128205128216,0.002564102564102555,-0.023076923076922995,,,0.021164021164021385
1216,統一,20240220,20240221,76.1,20240229,75.0,5,Day 5 Weakness,20240227,0,-0.014454664914586024,-0.018216126472725747,-0.02015687072959692,2.435479169770895,0.020107238605898026,1.0119680851063828,Breakout,0.4422649000984718,0.05130487060015205,0.49356977069862384,74.5,74.5,0.0,0.009198423127463995,-0.014454664914586024,0.009198423127463995,-0.003942181340341633,-0.010512483574244391,,0.026666666666666616
1216,統一,20250519,20250520,83.0,20250527,80.0,5,Day 5 Weakness,20250526,0,-0.03614457831325302,-0.03983319432860717,-0.041754525742957835,2.4877893437191783,0.04271356783919611,1.008505467800729,Breakout,0.20228642147219816,0.12636375815605652,0.3286501796282547,79.7,79.7,0.0,0.008433734939758963,-0.051807228915662584,-0.01807228915662651,-0.031325301204819245,-0.03975903614457832,,0.020000000000000018
1216,統一,20251226,20251229,79.8,20260102,77.1,3,Close Confirmed Stop,20251231,0,-0.03383458646616544,-0.037528810502054435,-0.03945474886061877,1.8696690977638113,0.02678571428571419,1.00625,Breakout,-0.5879380830188764,0.7057091414995591,0.11777105848068267,77.2,77.2,-0.008695652173913104,0.00877192982456143,-0.03508771929824561,-0.0025062656641604564,-0.03383458646616544,,,0.009079118028534339
1218,泰山,20221130,20221201,47.05,20221206,40.05,3,Close Confirmed Stop,20221205,0,-0.14877789585547296,-0.1520202382361917,-0.15368878224793614,3.0216266243132313,0.04560622914349266,1.0363836824696802,Extended Breakout,0.11193473960398995,0.0,0.11193473960398995,43.7,44.6975,0.0010638297872340718,0.012752391073326264,-0.1168969181721573,-0.040382571732199724,-0.1168969181721573,,,0.03245942571785276
1301,台塑,20240927,20240930,53.2,20241009,51.1,5,Day 5 Weakness,20241008,0,-0.03947368421052633,-0.04309562268886258,-0.045010371495985024,2.095670257846559,0.06786427145708585,1.024904214559387,Breakout,0.3963695450382503,0.0005315927031913058,0.3969011377414416,50.2,50.54,-0.005607476635513975,0.03571428571428559,-0.048872180451127845,0.005639097744360777,-0.003759398496240629,-0.04511278195488733,,-0.013698630136986356
1301,台塑,20250717,20250718,38.0,20250729,38.8,8,Day 8 Time Stop,20250729,0,0.021052631578947212,0.01717676868707065,0.015136478611445438,3.1053922174585487,0.06638418079096042,1.014784946236559,Breakout,0.08041943549330821,-0.03523150240897759,0.04518793308433062,35.55,36.1,0.0066225165562914245,0.07631578947368411,-0.003947368421052588,0.021052631578947212,0.025000000000000133,0.03421052631578947,0.021052631578947212,0.11340206185567037
1301,台塑,20251023,20251027,40.8,20251103,38.1,5,Close Confirmed Stop,20251031,0,-0.06617647058823517,-0.06971666666666655,-0.07158298252642528,2.7108690520229812,0.03209242618741981,1.012594458438287,Breakout,0.28593868206334944,-5.0451520083278644e-05,0.2858882305432662,38.85,38.85,0.01492537313432818,0.011029411764705843,-0.06740196078431371,-0.019607843137254832,-0.0404411764705882,-0.06617647058823517,,0.030183727034120755
1301,台塑,20260127,20260128,51.3,20260202,46.55,3,Close Confirmed Stop,20260130,0,-0.09259259259259256,-0.09605888319453343,-0.09783436634675106,5.425632233991912,0.04508196721311486,1.0450819672131149,Extended Breakout,0.10392692277977805,0.007798710290763568,0.11172563307054163,48.85,48.85,0.00588235294117645,0.029239766081871288,-0.08089668615984402,0.0,-0.07797270955165692,,,0.030075187969925032
1301,台塑,20260603,20260604,52.0,20260608,45.5,2,Close Confirmed Stop,20260605,0,-0.125,-0.12832065144840477,-0.13006488774803657,2.0008893998985866,0.0216110019646365,1.0,Breakout,0.12992620558501405,-0.00011225219010675629,0.12981395339490728,50.7,50.7,0.0,0.02115384615384608,-0.06538461538461537,-0.023076923076923106,,,,0.04065934065934074
1301,台塑,20260703,20260706,63.2,20260708,57.0,2,Close Confirmed Stop,20260707,0,-0.09810126582278489,-0.10153226021729274,-0.10333010866636978,3.5111278208639907,0.04020100502512558,1.0384615384615385,Extended Breakout,0.031126105923548014,-5.74963283060355e-07,0.031125530960264953,59.0,60.04,0.017713365539452575,0.0015822784810126667,-0.09810126582278489,-0.044303797468354444,,,,0.20350877192982453
1303,南亞,20230130,20230131,76.4,20230206,74.1,4,Close Confirmed Stop,20230203,0,-0.030104712041884918,-0.033797495393981664,-0.035730885118813754,2.2903121267826396,0.026666666666666616,1.0225763612217795,Breakout,0.24999546892939195,-0.046365011914099606,0.20363045701529234,74.9,74.9,-0.007792207792207684,0.005235602094240788,-0.028795811518324665,-0.01308900523560208,-0.015706806282722585,,,0.021592442645074428
1303,南亞,20231115,20231116,68.3,20231127,67.7,8,Day 8 Time Stop,20231127,0,-0.008784773060029227,-0.012548465280023277,-0.014532944430661334,2.0944607951967953,0.033434650455927084,1.0134128166915053,Breakout,0.4685914685890798,-0.0013736830770065074,0.46721778551207327,66.1,66.1,0.004411764705882337,0.019033674963396807,-0.020497803806734827,0.0014641288433383526,-0.013177159590043841,0.002928257686676483,-0.008784773060029227,0.026587887740029403
1303,南亞,20250724,20250725,32.35,20250805,38.35,7,Trailing Stop,20250804,0,0.1854714064914993,0.18096395220738368,0.17862930124995682,4.231598678615157,0.023696682464454888,1.0236966824644549,Breakout,0.09374042056254622,0.00811343092623874,0.10185385148878497,30.75,30.75,-0.0015432098765431057,0.2921174652241112,-0.010819165378670781,0.04018547140649131,0.10819165378670781,0.26584234930448236,,0.10430247718383301
1303,南亞,20260108,20260109,68.5,20260112,63.1,1,Close Confirmed Stop,20260109,0,-0.07883211678832114,-0.08234017330906782,-0.08417642865431488,3.5349940975907135,0.03554868624420404,1.035548686244204,Extended Breakout,0.23141700279814492,-0.004788569920783827,0.2266284328773611,66.0,66.0,0.02238805970149249,0.021897810218978186,-0.1021897810218978,-0.09635036496350369,,,,0.28526148969889054
1304,台聚,20230110,20230111,22.85,20230201,23.9,8,Day 8 Time Stop,20230201,0,0.045951859956236296,0.04196564325535485,0.03991094483905748,2.0171566165238892,0.02008928571428581,1.0155555555555555,Breakout,0.04526434299812353,0.00041756851025669356,0.045681911508380225,22.55,22.55,0.0,0.06345733041575485,-0.006564551422319598,0.01969365426695835,0.02188183807439814,0.026258205689277725,0.045951859956236296,0.03138075313807542
1305,華夏,20230110,20230111,28.05,20230201,29.2,8,Day 8 Time Stop,20230201,0,0.04099821746880572,0.03704814909267283,0.03500264975675794,2.3074297802514074,0.04477611940298498,1.0218978102189782,Breakout,0.07230506821030817,0.14216384534598359,0.21446891355629175,26.95,26.95,0.0017857142857142794,0.05882352941176472,-0.0089126559714795,0.00891265597147961,0.0,0.03743315508021383,0.04099821746880572,-0.006849315068493178
1307,三芳,20250221,20250224,49.8,20250303,51.7,4,Trailing Stop,20250227,0,0.0381526104417671,0.034236252817455654,0.03216025589554083,2.7709020079380693,0.06559139784946222,1.0216494845360824,Breakout,0.16949208800339943,0.005649736266779982,0.17514182427017944,46.15,47.309999999999995,0.005045408678102881,0.12851405622489964,-0.007028112449799062,0.048192771084337505,0.07429718875502012,,,0.05415860735009659
1316,上曜,20220118,20220119,24.65,20220121,25.5,2,Trailing Stop,20220120,0,0.034482758620689724,0.030570406566914544,0.02850181073848614,16.435187380800677,0.04852320675105504,1.048523206751055,Extended Breakout,0.05402427107128035,0.0,0.05402427107128035,23.25,23.417499999999997,-0.008048289738430747,0.12576064908722118,-0.006085192697768749,0.08113590263691695,,,,-0.013725490196078494
1319,東陽,20220530,20220531,40.05,20220610,41.5,8,Day 8 Time Stop,20220610,0,0.0362047440699127,0.032291494845790344,0.03022066732669444,2.7833790380934014,0.036363636363636376,1.0,Breakout,0.05485768396788589,0.03314071547791925,0.08799839944580513,38.35,38.35,0.003759398496240518,0.0586766541822723,-0.024968789013732784,-0.0012484394506865337,0.02621722846441954,0.014981273408239737,0.0362047440699127,0.0879518072289156
1319,東陽,20220818,20220819,53.2,20220826,53.0,5,Day 5 Weakness,20220825,0,-0.003759398496240629,-0.007562509177802473,-0.0095150652315546,1.899792935252788,0.037109375,1.021153846153846,Breakout,0.23212343267213265,1.7128353733802123e-05,0.23214056102586644,50.5,50.54,0.0018832391713747842,0.011278195488721776,-0.05639097744360899,-0.020676691729323293,-0.03195488721804518,-0.020676691729323293,,0.05283018867924527
1319,東陽,20221201,20221202,49.3,20221208,47.0,4,Close Confirmed Stop,20221207,0,-0.04665314401622711,-0.05026945548648714,-0.052175819747953364,2.3124096232072606,0.03898840885142252,1.0102459016393444,Breakout,0.007740182062529183,0.018399424745747836,0.02613960680827702,48.55,48.55,0.0,0.008113590263691739,-0.05273833671399586,-0.011156186612576002,-0.013184584178498993,,,0.05638297872340425
1319,東陽,20230517,20230518,50.9,20230525,50.2,5,Day 5 Weakness,20230524,0,-0.013752455795677743,-0.017514612181207572,-0.01945361471398925,1.8505748072352328,0.049792531120331995,0.9825242718446602,Pre-breakout,0.04742822500141294,-0.0012984672550819104,0.046129757746331025,48.2,48.355,0.005928853754940677,0.011787819253438192,-0.03536345776031424,-0.026522593320235766,0.003929273084479323,-0.013752455795677743,,0.009960159362549792
1319,東陽,20230605,20230606,51.8,20230607,50.4,1,Close Confirmed Stop,20230606,0,-0.027027027027026973,-0.03074902846934758,-0.032661613034051094,1.9487908546817376,0.02902902902902893,0.9980582524271845,Pre-breakout,0.11917229794960904,-0.004259063187905447,0.11491323476170359,50.5,50.5,0.0077821011673151474,0.0,-0.03474903474903468,-0.030888030888030826,,,,0.0793650793650793
1319,東陽,20230613,20230614,52.2,20230628,51.8,8,Trailing Stop,20230627,0,-0.00766283524904221,-0.011429600864726563,-0.013407738054173135,2.249582938559176,0.02946954813359537,1.0096339113680155,Breakout,0.137652350397185,-0.00048576038957983243,0.1371665900076052,51.0,51.0,-0.003816793893129722,0.08812260536398453,-0.021072796934865967,0.02298850574712641,0.0344827586206895,0.044061302681992265,-0.021072796934865967,0.032818532818532864
1319,東陽,20230727,20230728,58.8,20230807,58.5,5,Day 5 Weakness,20230804,0,-0.005102040816326481,-0.0089,-0.010857305302997798,2.7094304329731784,0.038321167883211604,1.0197132616487457,Breakout,0.2048980768810322,-0.0007127025280415866,0.20418537435299064,55.1,55.85999999999999,0.033391915641476144,0.07823129251700678,-0.020408163265306034,0.03061224489795933,0.03741496598639471,-0.008503401360544172,,0.04615384615384621
1319,東陽,20240125,20240126,87.1,20240202,84.9,5,Day 5 Weakness,20240201,0,-0.025258323765786295,-0.02898473363937212,-0.030927769356631742,6.222679352943134,0.06913580246913575,1.0496969696969696,Extended Breakout,0.2151205672317644,0.040730027494520385,0.2558505947262848,82.4,82.74499999999999,0.005773672055427337,0.016073478760046056,-0.036739380022961954,-0.00918484500574046,-0.012629161882893203,-0.03444316877152698,,0.11896348645465249
1319,東陽,20250723,20250724,107.0,20250731,106.0,5,Day 5 Weakness,20250730,0,-0.009345794392523366,-0.013112238088882957,-0.01508701431506461,2.08867586636969,0.05940594059405946,1.0288461538461537,Breakout,0.021019014144308963,0.024865279579954543,0.04588429372426351,101.5,101.64999999999999,0.0,0.02336448598130847,-0.032710280373831724,0.014018691588784993,-0.02336448598130836,-0.009345794392523366,,0.018867924528301883
1319,東陽,20260115,20260116,109.0,20260127,115.0,8,Day 8 Time Stop,20260127,0,0.05504587155963292,0.051022109580818355,0.04893776105590427,3.8104214741439764,0.06490872210953347,1.044776119402985,Extended Breakout,0.18503285934427766,0.03759254370272448,0.22262540304700215,99.2,103.55,0.03809523809523818,0.06422018348623859,-0.022935779816513735,0.02752293577981657,-0.00917431192660545,0.013761467889908285,0.05504587155963292,-0.008695652173912993
1319,東陽,20260603,20260604,94.0,20260615,101.5,7,Trailing Stop,20260612,0,0.07978723404255317,0.07568837922528168,0.07352304872350038,3.066621954431023,0.023887079261672106,0.9915878023133544,Pre-breakout,0.0031826618001844272,0.12593272810649453,0.12911538990667898,91.6,91.6,-0.0031813361611876534,0.14893617021276606,-0.014893617021276673,0.02659574468085113,0.04042553191489362,0.13829787234042556,,0.034482758620689724
1324,地球,20231208,20231211,20.8,20231213,18.55,2,Close Confirmed Stop,20231212,0,-0.10817307692307687,-0.11156250833177805,-0.11334498368204354,3.5481237759011552,0.045685279187817285,0.9856459330143542,Pre-breakout,0.06901045347412807,0.0,0.06901045347412807,18.8,19.759999999999998,0.009708737864077666,0.03125,-0.11057692307692313,-0.012019230769230727,,,,0.013477088948786964
1326,台化,20221111,20221114,72.6,20221121,71.7,5,Day 5 Weakness,20221118,0,-0.01239669421487588,-0.016158928916714912,-0.018136733655901363,1.9717988821593806,0.024011299435028333,1.0225669957686883,Breakout,0.47364114140703795,0.0023972511108165673,0.4760383925178545,71.2,71.2,0.0013793103448274113,0.024793388429752206,-0.01377410468319562,0.019283746556473913,0.009641873278236845,-0.008264462809917328,,0.03207810320781035
1326,台化,20230109,20230110,73.1,20230112,71.6,2,Close Confirmed Stop,20230111,0,-0.020519835841313228,-0.024247073341560222,-0.026208670566877822,2.4486945833746647,0.030855539971949453,1.018005540166205,Breakout,0.36751152854875146,0.013262873206132302,0.38077440175488375,72.0,72.0,-0.0054421768707483276,0.0,-0.025991792065663377,-0.008207934336525224,,,,0.036312849162011274
1326,台化,20250718,20250721,25.1,20250730,26.95,7,Trailing Stop,20250729,0,0.07370517928286846,0.06960991785113226,0.06749949570778334,3.0032767999114895,0.030425963488843744,1.0241935483870968,Breakout,0.2928864953597223,-0.04345884265994783,0.24942765269977443,24.45,24.45,-0.011811023622047112,0.16533864541832655,-0.003984063745020028,0.02589641434262946,0.06772908366533859,0.06175298804780871,,0.08719851576994442
1326,台化,20250812,20250813,29.5,20250820,28.75,5,Day 5 Weakness,20250819,0,-0.025423728813559365,-0.029148879402347918,-0.03106189985023039,1.8700847685599482,0.04285714285714293,0.9864864864864864,Pre-breakout,0.13601176795143485,0.018784477288823594,0.15479624524025845,28.2,28.2,0.010273972602739656,0.03389830508474567,-0.047457627118643986,-0.025423728813559365,0.0,-0.016949152542372836,,0.13913043478260878
1326,台化,20260127,20260128,40.8,20260202,41.55,3,Trailing Stop,20260130,0,0.018382352941176405,0.014508333333333335,0.01250636096781043,5.36146951286264,0.04107830551989711,1.041078305519897,Extended Breakout,0.10889966568723285,0.005520855852613785,0.11442052153984664,39.0,39.0,0.006165228113440113,0.13970588235294135,-0.008578431372548878,0.08088235294117663,0.03799019607843146,,,0.03369434416365835
1326,台化,20260226,20260302,52.0,20260303,48.0,1,Close Confirmed Stop,20260302,0,-0.07692307692307687,-0.08042984915231612,-0.08226991894899341,2.747737799956802,0.03658536585365857,1.0365853658536586,Extended Breakout,0.15736537737758116,-0.028489175838849495,0.12887620153873167,48.5,49.4,0.019607843137254832,0.017307692307692246,-0.07403846153846161,-0.07307692307692304,,,,0.023958333333333304
1326,台化,20260603,20260604,57.0,20260608,49.65,2,Close Confirmed Stop,20260605,0,-0.1289473684210527,-0.13222977928919125,-0.13397241291857592,2.455765477117274,0.03860294117647056,0.9929701230228472,Pre-breakout,0.1927881937728894,-0.002316970649833486,0.1904712231230559,53.8,54.15,0.008849557522123908,0.03508771929824572,-0.09473684210526312,-0.03157894736842104,,,,0.0453172205438066
1326,台化,20260625,20260626,58.3,20260629,54.4,1,Close Confirmed Stop,20260626,0,-0.06689536878216118,-0.07043785150542724,-0.07229791335933072,1.9699385331204053,0.03119584055459268,1.0050675675675675,Breakout,0.07325660599139192,2.947436594743974e-05,0.07328608035733936,58.2,58.2,-0.020168067226890796,0.0,-0.07718696397941682,-0.07032590051457965,,,,0.34191176470588247
1402,遠東新,20221114,20221115,32.75,20221116,31.55,1,Close Confirmed Stop,20221115,0,-0.036641221374045796,-0.040325214088167693,-0.042249578896579494,2.5718051902509025,0.029457364341085368,1.0106544901065448,Breakout,0.38124835151395375,-0.11342814047611001,0.26782021103784376,32.2,32.2,-0.013554216867469937,0.007633587786259444,-0.03358778625954206,-0.03358778625954206,,,,0.009508716323296307
1402,遠東新,20240229,20240301,32.15,20240308,31.85,5,Day 5 Weakness,20240307,0,-0.009331259720062102,-0.013093196969469565,-0.015072037592990464,4.655129121580679,0.03001579778830976,1.0219435736677116,Breakout,0.2787770266014252,0.01731064371322096,0.2960876703146462,31.65,31.65,-0.013803680981595123,0.0015552099533437946,-0.015552099533437058,-0.007776049766718529,-0.009331259720062102,-0.0031104199066874783,,0.04552590266875978
1402,遠東新,20240516,20240517,35.2,20240521,34.45,2,Close Confirmed Stop,20240520,0,-0.021306818181818232,-0.025031330826867183,-0.026986630718902088,2.259243804206514,0.024745269286754024,1.015873015873016,Breakout,0.47741318644656544,-0.00052393292718742,0.476889253519378,34.55,34.55,0.0,0.0014204545454543638,-0.02840909090909094,-0.014204545454545414,,,,-0.0014513788098694524
1402,遠東新,20260126,20260127,29.05,20260202,27.8,4,Close Confirmed Stop,20260130,0,-0.04302925989672979,-0.04664639432374398,-0.048557550163985774,2.3334082125288105,0.03380782918149472,1.0104347826086957,Breakout,0.47774307388697324,-0.11980567718432322,0.35793739670265,28.25,28.25,0.0,0.008605851979345935,-0.04991394148020656,-0.025817555938037917,-0.027538726333907082,,,0.02877697841726623
1402,遠東新,20260820,20260821,29.25,20260828,28.35,5,Day 5 Weakness,20260827,0,-0.03076923076923077,-0.034457752994423746,-0.03639341691284949,2.1906070541896496,0.04285714285714293,1.0409982174688057,Extended Breakout,0.5050724974428056,0.11085415436597325,0.6159266518087788,28.15,28.15,0.001712328767123239,0.047863247863247915,-0.03589743589743588,0.037606837606837695,-0.008547008547008517,-0.029059829059829068,,
1442,名軒,20240429,20240430,57.5,20240510,57.0,7,Trailing Stop,20240509,0,-0.008695652173912993,-0.01246267038155458,-0.014438744433961627,2.421825724930227,0.023550724637681153,1.0143626570915618,Breakout,0.05885781394498717,-0.0047057989082546535,0.05415201503673251,55.7,55.7,0.017699115044247815,0.09565217391304337,-0.05739130434782602,0.006956521739130306,0.06608695652173902,0.06956521739130439,,0.07543859649122808
1449,佳和,20231128,20231129,25.1,20231201,22.85,2,Close Confirmed Stop,20231130,0,-0.08964143426294824,-0.09310482728742106,-0.09492243629509277,1.8383909860987773,0.02448979591836742,1.004,Breakout,0.029018566867272243,0.0,0.029018566867272243,24.1,24.1,0.0,0.013944223107569709,-0.07569721115537853,0.009960159362549792,,,,0.037199124726476906
1453,大將,20220822,20220823,24.8,20220825,23.7,2,Close Confirmed Stop,20220824,0,-0.04435483870967749,-0.04797100869472454,-0.049879004112164296,1.9899571114238803,0.06941431670281983,0.9899598393574297,Pre-breakout,0.025879332592091242,0.0,0.025879332592091242,22.65,23.56,0.006085192697768749,0.03427419354838701,-0.05645161290322587,-0.028225806451612878,,,,0.029535864978902815
1477,聚陽,20220812,20220815,185.0,20220822,174.5,5,Day 5 Weakness,20220819,0,-0.05675675675675673,-0.06033620172103262,-0.062216475626225065,4.580204162159338,0.03081232492997188,1.0308123249299719,Extended Breakout,0.04110685740698168,0.09963822592995834,0.14074508333694002,177.0,177.0,0.005434782608695565,0.008108108108108025,-0.05135135135135138,0.0,-0.008108108108108136,-0.037837837837837784,,0.08595988538681953
1477,聚陽,20230616,20230619,269.0,20230620,260.5,1,Close Confirmed Stop,20230619,0,-0.03159851301115246,-0.03530179773024003,-0.03723219122233219,7.678057847148753,0.03937007874015741,1.0393700787401574,Extended Breakout,-0.06925109742075886,0.10760859972721286,0.038357502306454,261.0,261.0,0.018939393939394034,0.005576208178438735,-0.04646840148698883,-0.03345724907063197,,,,0.14587332053742808
1477,聚陽,20230621,20230626,269.0,20230705,306.5,8,Day 8 Time Stop,20230705,0,0.1394052044609666,0.1350641090020421,0.13279282377807292,3.2211059682281613,0.022514071294559068,0.9963436928702011,Pre-breakout,-0.211381875037156,0.25174654124207946,0.04036466620492344,263.5,263.5,-0.012844036697247652,0.19516728624535307,-0.020446096654275103,-0.01115241635687736,0.07620817843866168,0.12267657992565062,0.1394052044609666,0.019575856443719397
1477,聚陽,20240715,20240716,453.5,20240723,451.5,5,Day 5 Weakness,20240722,0,-0.004410143329658167,-0.008182212871121797,-0.010166840206584933,2.003030007416005,0.03420752565564422,1.0033185840707965,Breakout,-0.1509942624352026,0.24269682399424078,0.09170256155903816,436.0,436.0,0.0,0.030871003307607392,-0.03858875413450935,0.0011025358324145973,-0.007717750826901848,-0.034178610804851184,,0.012181616832779518
1503,士電,20230714,20230717,164.0,20230719,152.0,2,Close Confirmed Stop,20230718,0,-0.07317073170731703,-0.07669122572002679,-0.07853877343237059,2.5157041537663645,0.06557377049180335,0.9878419452887538,Pre-breakout,0.019802826338199065,0.008621720328337029,0.028424546666536092,154.0,155.79999999999998,0.009230769230769154,0.060975609756097615,-0.057926829268292734,-0.0030487804878048808,,,,0.049342105263157965
1503,士電,20240314,20240315,210.0,20240326,320.0,8,Day 8 Time Stop,20240326,0,0.5238095238095237,0.5180343255564495,0.514996741658747,2.504806078827401,0.04511278195488733,1.0451127819548873,Extended Breakout,0.020566086950099368,0.014873042967756529,0.035439129917855895,192.5,199.5,0.007194244604316502,0.5452380952380953,-0.042857142857142816,-0.023809523809523836,0.13809523809523805,0.269047619047619,0.5238095238095237,-0.009375000000000022
1503,士電,20260119,20260120,205.5,20260126,229.0,4,Trailing Stop,20260123,0,0.11435523114355228,0.11011590264848455,0.10789454745038826,4.425293139200451,0.050761421319796884,1.0048543689320388,Breakout,0.05599565702570939,-0.0001299381206106967,0.05586571890509869,195.0,195.225,-0.007246376811594235,0.197080291970803,-0.007299270072992692,0.06082725060827254,0.15328467153284664,,,0.10043668122270732
1504,東元,20230323,20230324,41.7,20230407,43.05,8,Day 8 Time Stop,20230407,0,0.03237410071942426,0.028460407477420513,0.026397012533354122,2.5876739458721163,0.0554089709762533,1.0050251256281408,Breakout,0.040014051582890266,0.026568867771964665,0.06658291935485493,38.3,39.615,0.04249999999999998,0.0695443645083933,-0.03117505995203851,0.05515587529976007,-0.01918465227817756,0.023980815347721895,0.03237410071942426,0.10104529616724744
1504,東元,20230519,20230522,51.1,20230529,51.2,5,Day 5 Weakness,20230526,0,0.001956947162426559,-0.0018428603325146302,-0.0038466519413507985,2.437866196288913,0.026104417670682833,1.011881188118812,Breakout,0.03625875688021457,0.014067354482301106,0.05032611136251568,50.3,50.3,0.0,0.043052837573385405,-0.015655577299413026,0.015655577299412915,0.02544031311154593,-0.00391389432485334,,0.087890625
1504,東元,20240216,20240219,47.9,20240229,49.2,8,Day 8 Time Stop,20240229,0,0.02713987473903967,0.023262016041390353,0.021208286513047854,2.243227772542306,0.03816793893129766,1.0138445154419595,Breakout,0.17404639373742867,0.015786464687138013,0.18983285842456668,46.05,46.05,0.006302521008403339,0.03340292275574108,-0.025052192066805756,-0.01148225469728592,-0.017745302713987554,0.0010438413361169019,0.02713987473903967,0.04065040650406493
1504,東元,20240306,20240307,51.1,20240314,51.2,5,Day 5 Weakness,20240313,0,0.001956947162426559,-0.0018428603325146302,-0.0038466519413507985,2.8453291371073024,0.03166496424923393,1.02020202020202,Breakout,-0.05319386969557724,0.1305527490342018,0.07735887933862455,48.6,48.6,0.011881188118811892,0.023483365949119372,-0.045988258317025466,-0.019569471624266144,-0.015655577299413026,-0.00195694716242667,,0.16015625
1504,東元,20240318,20240319,53.3,20240328,57.1,8,Day 8 Time Stop,20240328,0,0.07129455909943716,0.06722818070785481,0.06509264900709652,1.907626436949232,0.04347826086956519,1.0095602294455066,Breakout,0.12006727306705259,0.05350147676480739,0.17356874983185996,51.3,51.3,0.009469696969697017,0.11819887429643527,0.0,0.031894934333958735,0.0900562851782365,0.05065666041275807,0.07129455909943716,0.017513134851138368
1504,東元,20240607,20240611,59.6,20240618,55.2,5,Day 5 Weakness,20240617,0,-0.0738255033557047,-0.0773303813169371,-0.0791836107377456,1.8438624513948765,0.02430555555555558,1.013745704467354,Breakout,0.2187213742433723,-0.032960936746193416,0.18576043749717888,57.0,57.0,0.01016949152542379,0.0,-0.04026845637583887,-0.01845637583892623,-0.038590604026845665,-0.03355704697986572,,-0.009057971014492794
1504,東元,20241007,20241008,50.7,20241014,49.2,3,Close Confirmed Stop,20241011,0,-0.029585798816568087,-0.033276954333009735,-0.035211382443108445,2.46451546274248,0.04213771839671132,1.0099601593625498,Breakout,0.3929730367959469,-0.22899001933928095,0.16398301745666596,49.35,49.35,0.0,0.0,-0.03254437869822491,-0.01775147928994092,-0.03254437869822491,,,0.022357723577235644
1504,東元,20250818,20250819,59.4,20250827,71.1,6,Trailing Stop,20250826,0,0.1969696969696968,0.19242560565163785,0.19006390545529958,2.429887387119514,0.054054054054053946,0.9881756756756757,Pre-breakout,0.11381884304603998,-0.03275721306317109,0.0810616299828689,55.1,56.42999999999999,0.01538461538461533,0.2727272727272727,-0.05555555555555547,-0.026936026936026924,0.07407407407407396,0.24915824915824913,,-0.011251758087201136
1504,東元,20260813,20260814,70.8,20260825,70.8,8,Day 8 Time Stop,20260825,0,0.0,-0.0038050226298714305,-0.005798425469441984,2.871946584940584,0.04606240713224374,0.9846153846153847,Pre-breakout,0.31234812007402846,-0.0017606557900464851,0.31058746428398193,68.3,68.3,0.005681818181818121,0.06638418079096042,-0.01412429378531077,-0.0028248587570621764,0.0028248587570622874,0.03248587570621475,0.0,0.04943502824858759
1513,中興電,20220810,20220811,62.1,20220818,61.9,5,Day 5 Weakness,20220817,0,-0.0032206119162641045,-0.007018526109516953,-0.008980009769890782,2.217140823810633,0.05308219178082196,1.0301507537688441,Extended Breakout,0.1059820626652846,0.02893915119798548,0.13492121386327008,58.3,58.995,0.009756097560975618,0.06924315619967802,-0.017713365539452464,0.012882447665056418,0.041867954911433136,-0.0016103059581320522,,0.07431340872374803
1513,中興電,20230215,20230216,87.8,20230301,96.5,8,Day 8 Time Stop,20230301,0,0.09908883826879267,0.09490915404082562,0.09271822511113915,4.04906626591919,0.02853745541022601,1.0212514757969302,Breakout,0.031756798909821936,0.024408925441661268,0.056165724351483204,84.8,84.8,0.015028901734104094,0.11047835990888388,-0.011389521640091105,0.0,0.048974943052391806,0.07289293849658329,0.09908883826879267,0.051813471502590636
1513,中興電,20230411,20230412,110.0,20230419,110.0,5,Day 5 Weakness,20230418,0,0.0,-0.003808632901242817,-0.005802031378496201,3.7685784201310537,0.0640394088669951,1.0485436893203883,Extended Breakout,0.1211926661290598,0.01040451238662622,0.131597178515686,101.5,104.5,0.0185185185185186,0.06363636363636371,-0.045454545454545414,0.045454545454545414,-0.040909090909090895,-0.009090909090909038,,0.00454545454545463
1513,中興電,20230620,20230621,134.0,20230629,130.0,4,Close Confirmed Stop,20230628,0,-0.02985074626865669,-0.033551883321067774,-0.03548577019519045,2.1391969935997523,0.027237354085603016,0.9850746268656716,Pre-breakout,0.07792930040668687,0.0032311816199405664,0.08116048202662744,130.5,130.5,0.015151515151515138,0.05597014925373145,-0.04850746268656714,-0.011194029850746245,-0.014925373134328401,,,0.0807692307692307
1513,中興電,20231123,20231124,110.0,20231205,129.5,8,Day 8 Time Stop,20231205,0,0.17727272727272725,0.17279166109848992,0.1704448847069882,3.3405649838658866,0.039024390243902474,1.0191387559808613,Breakout,0.02994138090670495,0.013332529286882755,0.04327391019358771,102.5,104.5,0.032863849765258246,0.209090909090909,-0.018181818181818188,0.06363636363636371,0.1272727272727272,0.1045454545454545,0.17727272727272725,0.03474903474903468
1513,中興電,20240226,20240227,154.5,20240311,166.0,8,Trailing Stop,20240308,0,0.0744336569579287,0.0703351675837919,0.0682056857498021,4.872286493737402,0.06993006993007,1.047945205479452,Extended Breakout,0.02856624608079983,0.00023411544365011672,0.028800361524449945,149.0,149.0,0.009803921568627416,0.1618122977346279,-0.01941747572815533,0.006472491909385036,0.10679611650485432,0.09385113268608425,0.0453074433656957,0.10843373493975905
1513,中興電,20250516,20250519,152.5,20250528,152.0,8,Day 8 Time Stop,20250528,0,-0.003278688524590123,-0.0070563841883486056,-0.00904326455830198,5.1471665135859235,0.04861111111111116,1.0413793103448277,Extended Breakout,0.119981996448123,0.04003983923270343,0.16002183568082642,146.0,146.0,0.009933774834437026,0.026229508196721207,-0.02950819672131144,-0.006557377049180357,-0.006557377049180357,0.006557377049180246,-0.003278688524590123,0.0625
1513,中興電,20250829,20250901,173.5,20250902,166.0,1,Close Confirmed Stop,20250901,0,-0.043227665706051854,-0.0468613921082602,-0.04876862887978048,2.5371639662673435,0.026946107784431073,0.9828080229226361,Pre-breakout,0.34397905575375304,-0.003126986588714182,0.34085206916503885,166.5,166.5,0.011661807580174877,0.0057636887608070175,-0.05187319884726227,-0.04899135446685876,,,,0.03915662650602414
1513,中興電,20260122,20260123,185.5,20260128,177.0,3,Close Confirmed Stop,20260127,0,-0.04582210242587603,-0.0494184587063844,-0.051320551788488336,4.221237109373186,0.036619718309859106,0.9813333333333333,Pre-breakout,0.0822026466233571,-0.0004838133035997196,0.08171883331975738,178.0,178.0,0.008152173913043459,0.016172506738544534,-0.05121293800539084,-0.008086253369272267,-0.04582210242587603,,,0.053672316384180796
1513,中興電,20260526,20260527,168.5,20260603,171.0,5,Day 5 Weakness,20260602,0,0.014836795252225476,0.010998166972171305,0.008953512173886726,4.991658737864877,0.03125,1.0091743119266054,Breakout,0.00985737199157244,0.019872944177289496,0.029730316168861935,164.0,164.0,0.021212121212121238,0.05044510385756684,-0.020771513353115778,0.0029673590504450953,-0.011869436201780381,-0.0029673590504450953,,0.17543859649122817
1513,中興電,20260813,20260814,172.5,20260820,165.0,4,Close Confirmed Stop,20260819,0,-0.04347826086956519,-0.047111825687919745,-0.04901856214504292,4.653598910609345,0.0332326283987916,1.002932551319648,Breakout,0.5450283870803233,-0.00013215267139637563,0.544896234408927,166.5,166.5,0.00877192982456143,0.008695652173912993,-0.05507246376811592,-0.01449275362318836,-0.03188405797101446,,,0.045454545454545414
1514,亞力,20220606,20220607,30.3,20220609,28.8,2,Close Confirmed Stop,20220608,0,-0.04950495049504955,-0.053117398113899164,-0.054982446121139936,5.614334896213388,0.03780068728522323,0.9805194805194805,Pre-breakout,0.2391089602954559,0.0,0.2391089602954559,29.25,29.25,0.0033112582781458233,0.06600660066006592,-0.04785478547854782,0.054455445544554504,,,,0.015625
1514,亞力,20230131,20230201,34.6,20230203,33.4,2,Close Confirmed Stop,20230202,0,-0.034682080924855585,-0.038366955235220074,-0.04029546040588285,2.260208462068108,0.02552552552552556,0.9869942196531791,Pre-breakout,0.12735840641979185,0.020255617990117193,0.14761402440990903,33.15,33.15,0.013177159590044063,0.0014450867052022698,-0.04479768786127181,-0.027456647398844014,,,,0.004491017964071808
1514,亞力,20230220,20230221,35.3,20230301,38.3,4,Trailing Stop,20230224,0,0.08498583569405094,0.08084931808403127,0.07871983210584244,2.0151873626741565,0.024531024531024626,1.0215827338129497,Breakout,0.12174894578721537,0.0,0.12174894578721537,34.75,34.75,-0.005633802816901512,0.1841359773371105,0.0,0.05099150141643083,0.13739376770538247,,,0.14882506527415162
1514,亞力,20230605,20230606,60.4,20230607,57.9,1,Close Confirmed Stop,20230606,0,-0.04139072847682124,-0.04501107759656194,-0.046921999438513294,4.107419909686098,0.022260273972602773,1.0222602739726028,Breakout,0.04504301138715044,-0.0041990130902201305,0.040843998296930306,59.0,59.0,0.011725293132328174,0.011589403973510048,-0.056291390728476776,-0.05132450331125826,,,,0.02590673575129543
1514,亞力,20231204,20231205,70.0,20231214,89.0,8,Day 8 Time Stop,20231214,0,0.27142857142857135,0.2666155078072868,0.2640810133737932,2.3704512602156558,0.04599406528189909,1.0247093023255813,Breakout,0.03578334854210983,0.0,0.03578334854210983,66.7,66.7,-0.007092198581560294,0.3214285714285714,-0.0071428571428571175,0.1071428571428572,0.2142857142857142,0.26428571428571423,0.27142857142857135,0.03707865168539315
1514,亞力,20240223,20240226,91.8,20240307,113.5,8,Day 8 Time Stop,20240307,0,0.23638344226579533,0.23167929242321003,0.22921468255368127,3.362309951608405,0.04312354312354305,1.0011185682326622,Breakout,0.03786816985030998,0.0002610975870033533,0.03812926743731334,85.0,87.21,0.025698324022346286,0.3017429193899783,-0.02614379084967311,0.028322440087146017,0.08932461873638342,0.17102396514161233,0.23638344226579533,0.013215859030837107
1514,亞力,20250829,20250901,114.5,20250902,109.5,1,Close Confirmed Stop,20250901,0,-0.04366812227074235,-0.047282663023558026,-0.04920286979538061,3.302697882627108,0.02714932126696823,1.0133928571428572,Breakout,0.3465483350190276,0.0,0.3465483350190276,110.5,110.5,0.008810572687224738,0.0,-0.06550218340611358,-0.05676855895196509,,,,0.0
1514,亞力,20251212,20251215,103.0,20251217,99.6,2,Close Confirmed Stop,20251216,0,-0.03300970873786413,-0.03669834917458734,-0.03863864078039925,1.8720263870487392,0.023302938196555267,0.9950738916256158,Pre-breakout,0.12987994640751846,0.0,0.12987994640751846,99.3,99.3,0.01980198019801982,0.06796116504854366,-0.042718446601941795,-0.009708737864077666,,,,0.04417670682730934
1514,亞力,20260120,20260121,131.0,20260128,133.0,5,Trailing Stop,20260127,0,0.01526717557251911,0.011429142647695845,0.009388473396138177,5.47839454357519,0.05833333333333335,1.0241935483870968,Breakout,0.07520267317030334,0.0005987390555490138,0.07580141222585235,118.0,124.44999999999999,0.03149606299212593,0.12977099236641232,-0.003816793893129722,0.06488549618320616,0.08778625954198471,0.01526717557251911,,0.05263157894736836
1515,力山,20230914,20230915,46.4,20230919,43.7,2,Close Confirmed Stop,20230918,0,-0.0581896551724137,-0.06176800149401052,-0.06361758693581089,2.9334569346244543,0.02154195011337867,0.998891352549889,Pre-breakout,0.11226835649487867,0.0,0.11226835649487867,43.0,44.08,0.02996670366259724,0.0,-0.07004310344827591,-0.03556034482758619,,,,-0.020594965675057364
1515,力山,20231114,20231115,53.7,20231124,60.3,8,Day 8 Time Stop,20231124,0,0.12290502793296088,0.11865254898821077,0.11641412626089166,14.19200795018854,0.04960317460317465,1.0496031746031746,Extended Breakout,0.0601247195380593,0.025029487732136608,0.0851542072701959,48.25,51.015,0.015122873345935872,0.13966480446927365,-0.0018621973929237035,0.08193668528864051,0.11545623836126628,0.10800744878957169,0.12290502793296088,0.0066334991708127955
1519,華城,20220406,20220407,44.8,20220408,42.6,1,Close Confirmed Stop,20220407,0,-0.049107142857142794,-0.05268950612342898,-0.05459040915945161,3.7732087042890776,0.06190476190476191,1.0372093023255815,Extended Breakout,0.09494175098252873,0.0,0.09494175098252873,41.65,42.559999999999995,0.004484304932735439,0.0,-0.0558035714285714,-0.0558035714285714,,,,0.04929577464788726
1519,華城,20230217,20230220,58.5,20230303,63.0,8,Day 8 Time Stop,20230303,0,0.07692307692307687,0.07282071819516753,0.07067398120794491,1.8025369982377615,0.03214285714285703,0.9897260273972602,Pre-breakout,0.03822225517675919,0.011765694195567028,0.049987949372326215,55.1,55.574999999999996,0.01211072664359869,0.14017094017094012,-0.017094017094017144,0.0034188034188034067,0.10769230769230775,0.07692307692307687,0.07692307692307687,0.20476190476190492
1519,華城,20230308,20230309,73.1,20230314,67.3,3,Close Confirmed Stop,20230313,0,-0.07934336525307795,-0.08284694660307497,-0.08465733831823892,2.2098109844753147,0.055152394775036306,1.0125348189415042,Breakout,0.008779019622881024,0.029073964976798962,0.037852984599679985,68.4,69.445,0.005502063273727487,0.03830369357045149,-0.09575923392612862,0.03283173734610134,-0.0834473324213405,,,0.09212481426448749
1519,華城,20231207,20231208,363.0,20231212,341.0,2,Close Confirmed Stop,20231211,0,-0.06060606060606055,-0.06417489421720733,-0.06604748574582865,2.24520152305955,0.04492753623188417,1.0270655270655271,Breakout,0.07839045593526078,-0.003083052172119955,0.07530740376314082,341.5,344.84999999999997,0.006934812760055475,0.026170798898071723,-0.08953168044077131,0.011019283746556363,,,,0.08944281524926678
1522,堤維西,20230614,20230615,35.75,20230628,37.6,8,Day 8 Time Stop,20230628,0,0.051748251748251706,0.047728389918766975,0.045660392157006874,22.946991015226285,0.04599406528189909,1.045994065281899,Extended Breakout,0.03056102152941758,0.0,0.03056102152941758,34.6,34.6,0.014184397163120588,0.08531468531468533,-0.011188811188811099,0.03356643356643363,0.03776223776223775,0.036363636363636376,0.051748251748251706,0.0731382978723405
1522,堤維西,20240219,20240220,44.4,20240301,50.8,8,Day 8 Time Stop,20240301,0,0.14414414414414423,0.1397838703221933,0.13750313624863686,3.2075694418885106,0.02671312427410011,0.9943757030371203,Pre-breakout,0.3987470879282204,0.0,0.3987470879282204,42.6,42.6,0.004524886877828038,0.1936936936936937,-0.021396396396396344,-0.019144144144144226,0.013513513513513598,0.03490990990990994,0.14414414414414423,0.013779527559055094
1522,堤維西,20240619,20240620,70.8,20240701,71.2,8,Day 8 Time Stop,20240701,0,0.005649717514124353,0.0018424320102536805,-0.00016225219977753007,2.167583214940597,0.023255813953488413,0.991549295774648,Pre-breakout,0.08294887607802653,0.0,0.08294887607802653,69.3,69.3,0.005681818181818121,0.05790960451977423,-0.016949152542372947,0.0,0.01412429378531077,0.025423728813559254,0.005649717514124353,0.015449438202247201
1524,耿鼎,20220802,20220803,27.45,20220804,25.8,1,Close Confirmed Stop,20220803,0,-0.060109289617486295,-0.06368674843434229,-0.0655302579980936,7.10124604372742,0.03667953667953672,1.0366795366795367,Extended Breakout,0.035484595786862395,0.0,0.035484595786862395,25.35,26.077499999999997,0.022346368715083775,0.005464480874316946,-0.09653916211293256,-0.07103825136612019,,,,0.06782945736434098
1524,耿鼎,20221114,20221115,23.9,20221122,23.8,5,Day 5 Weakness,20221121,0,-0.004184100418409997,-0.007981603985803077,-0.009939364819686686,2.412138551388272,0.057777777777777706,1.010615711252654,Breakout,0.06321487481193154,0.0,0.06321487481193154,22.7,22.705,0.004201680672268893,0.023012552301255207,-0.03556485355648531,-0.02092050209205021,-0.0020920502092048876,-0.0020920502092048876,,0.12605042016806722
1524,耿鼎,20240216,20240219,34.1,20240226,34.4,5,Day 5 Weakness,20240223,0,0.008797653958944274,0.004958997395442428,0.0029436917466679193,4.774741626541579,0.051162790697674376,1.0495356037151704,Extended Breakout,0.13070658272579427,0.0,0.13070658272579427,32.6,32.6,0.005899705014749346,0.04398826979472137,-0.02639296187683282,-0.007331378299120228,0.0014662756598240456,-0.007331378299120228,,0.10610465116279055
1524,耿鼎,20240227,20240229,36.0,20240306,34.65,4,Close Confirmed Stop,20240305,0,-0.03750000000000009,-0.0411850000000001,-0.043041370473620624,9.677635227416875,0.03170028818443793,1.0056179775280898,Breakout,0.05441736251449266,0.0,0.05441736251449266,34.8,34.8,0.005586592178770999,0.02777777777777768,-0.04444444444444451,0.008333333333333304,-0.01666666666666672,,,0.08802308802308811
1524,耿鼎,20240401,20240402,37.2,20240411,35.55,5,Day 5 Weakness,20240410,0,-0.0443548387096776,-0.04797100869472454,-0.04988050031836129,2.24666100184646,0.022068965517241246,0.982758620689655,Pre-breakout,0.08415870825699628,0.0,0.08415870825699628,36.4,36.4,0.004048582995951566,0.04704301075268824,-0.013440860215053752,0.006720430107526987,0.010752688172043001,-0.0026881720430107503,,0.05063291139240511
1524,耿鼎,20240920,20240923,34.75,20241004,34.9,8,Day 8 Time Stop,20241004,0,0.004316546762589857,0.0005149785425606296,-0.001491452931545535,4.894151976641994,0.055469953775038494,1.0118168389955686,Breakout,0.07745500639763166,0.0,0.07745500639763166,32.3,33.012499999999996,0.014598540145985384,0.05611510791366925,-0.012949640287769904,0.03597122302158273,0.050359712230215736,0.025899280575539585,0.004316546762589857,0.017191977077363862
1524,耿鼎,20241212,20241213,41.45,20241216,39.85,1,Close Confirmed Stop,20241213,0,-0.0386007237635706,-0.04222098808052617,-0.04413748246692627,4.308208414117635,0.04556962025316458,1.015990159901599,Breakout,0.06368241226041751,0.0,0.06368241226041751,40.1,40.1,0.003631961259080052,0.0,-0.04704463208685172,-0.0458383594692402,,,,0.008782936010037767
1529,樂事綠能,20230220,20230221,25.7,20230301,24.25,4,Close Confirmed Stop,20230224,0,-0.05642023346303504,-0.05999720036395262,-0.0618812121881675,2.378317100385343,0.048979591836734615,1.0300601202404809,Extended Breakout,0.07022019988912065,0.0,0.07022019988912065,24.55,24.55,0.0,0.027237354085603016,-0.060311284046692615,-0.015564202334630295,-0.040856031128404746,,,0.06391752577319587
1529,樂事綠能,20230414,20230417,37.5,20230421,39.35,4,Trailing Stop,20230420,0,0.04933333333333345,0.04534852725576436,0.043251794628882526,7.446381647467122,0.03693181818181812,1.0369318181818181,Extended Breakout,0.08686779195147473,-2.869253319575455e-05,0.08683909941827897,33.8,35.625,0.027397260273972712,0.19999999999999996,-0.010666666666666602,0.07066666666666666,0.1266666666666667,,,0.0698856416772553
1529,樂事綠能,20240325,20240326,36.4,20240328,35.3,2,Close Confirmed Stop,20240327,0,-0.030219780219780223,-0.03390700402591521,-0.03584464366218912,3.634719191508888,0.03982930298719767,1.0082758620689654,Breakout,0.08194799081975611,0.0,0.08194799081975611,35.5,35.5,-0.004103967168262668,0.030219780219780334,-0.03571428571428559,0.004120879120879106,,,,-0.014164305949008527
1532,勤美,20240412,20240415,41.15,20240424,43.4,8,Day 8 Time Stop,20240424,0,0.054678007290400954,0.0506575231545117,0.04854961725391429,4.362779027204578,0.040251572327044016,1.03375,Extended Breakout,0.23670334738283338,0.014037516804362724,0.2507408641871961,40.1,40.1,-0.0048367593712213,0.08019441069258826,-0.03280680437424066,0.00486026731470246,0.014580801944106936,0.024301336573511634,0.054678007290400954,0.20276497695852536
1533,車王電,20230621,20230626,65.0,20230627,64.7,1,Trailing Stop,20230626,0,-0.004615384615384577,-0.008383093705173943,-0.010367316388045271,3.136637800626109,0.043618739903069415,1.0031055900621115,Breakout,0.030292287406736975,0.0,0.030292287406736975,62.4,62.4,0.006191950464396356,0.09076923076923094,0.0,0.007692307692307665,,,,0.10200927357032441
1536,和大,20240712,20240715,75.0,20240718,70.0,3,Close Confirmed Stop,20240717,0,-0.06666666666666665,-0.0702052512328402,-0.07207462894507836,3.292384917830335,0.04050279329608952,0.9946595460614152,Pre-breakout,0.03416120215155419,0.0,0.03416120215155419,69.6,71.25,0.006711409395973256,0.029333333333333433,-0.052000000000000046,0.0,-0.052000000000000046,,,-0.010000000000000009
1536,和大,20241107,20241108,62.0,20241113,58.6,3,Close Confirmed Stop,20241112,0,-0.05483870967741933,-0.05842179050670942,-0.06030589090696625,4.405096924479414,0.05263157894736836,1.008130081300813,Breakout,0.03893769901393515,0.0,0.03893769901393515,59.2,59.2,0.0,0.00967741935483879,-0.05483870967741933,-0.009677419354838679,-0.05161290322580647,,,0.017064846416382284
1536,和大,20250218,20250219,83.1,20250303,83.0,7,Trailing Stop,20250227,0,-0.001203369434416346,-0.005001482784702945,-0.007003023841845169,10.2621975479895,0.03684879288437082,1.0368487928843708,Extended Breakout,0.07472726141378998,0.0010158148297091977,0.07574307624349917,79.9,79.9,0.018382352941176405,0.09386281588447676,-0.03610108303249093,-0.013237063778579916,0.06137184115523486,0.04091456077015643,,-0.01686746987951815
1536,和大,20250811,20250812,65.6,20250821,63.3,8,Day 8 Time Stop,20250821,0,-0.03506097560975607,-0.03874803275627513,-0.040679602969651354,3.646281897710225,0.035598705501618255,1.019108280254777,Breakout,-0.008199581209296028,0.046815827348515214,0.03861624613921919,62.0,62.31999999999999,0.02499999999999991,0.030487804878048808,-0.05030487804878048,-0.012195121951219523,-0.010670731707316916,0.007621951219512146,-0.03506097560975607,0.15165876777251208
1539,巨庭,20220819,20220822,47.0,20220831,48.35,8,Day 8 Time Stop,20220831,0,0.028723404255319274,0.024811654110273994,0.022788213871486877,3.83036305175194,0.03183315038419332,1.0318331503841933,Extended Breakout,0.04041510109996917,0.0,0.04041510109996917,45.7,45.7,0.0,0.07021276595744674,-0.02765957446808509,-0.009574468085106425,0.006382978723404209,0.04148936170212769,0.028723404255319274,0.009307135470527417
1560,中砂,20220530,20220531,155.0,20220606,154.0,3,Close Confirmed Stop,20220602,0,-0.006451612903225823,-0.01022488054265379,-0.012205429030325439,4.225513653025905,0.026229508196721207,1.0262295081967212,Breakout,0.05531085144467444,0.00541399381936612,0.06072484526404055,152.5,152.5,-0.009584664536741228,0.10967741935483866,-0.032258064516129004,0.00967741935483879,-0.01935483870967747,,,0.11038961038961048
1560,中砂,20230613,20230614,130.0,20230621,128.0,5,Day 5 Weakness,20230620,0,-0.01538461538461533,-0.01912276009628243,-0.02108550225603574,7.830117554662837,0.069672131147541,1.0357142857142858,Extended Breakout,0.05074600953632611,0.011391560587744208,0.06213757012407032,125.0,125.0,-0.003831417624521105,0.03846153846153855,-0.03076923076923077,-0.007692307692307665,-0.0038461538461538325,-0.019230769230769273,,-0.0078125
1560,中砂,20230914,20230915,145.0,20230920,139.0,3,Close Confirmed Stop,20230919,0,-0.04137931034482756,-0.04501037413827722,-0.04692130582273851,4.1973738465273565,0.04332129963898912,1.024822695035461,Breakout,0.009880687436710585,0.05289896339937035,0.06277965083608093,140.5,140.5,0.0034602076124568004,0.006896551724137945,-0.0482758620689655,-0.01379310344827589,-0.04137931034482756,,,0.1151079136690647
1560,中砂,20231103,20231106,181.0,20231108,171.0,2,Close Confirmed Stop,20231107,0,-0.05524861878453036,-0.05884124912139773,-0.060724519270073885,2.570716912937394,0.05263157894736836,1.0344827586206897,Extended Breakout,0.1217502199277794,0.009137246367860851,0.13088746629564024,172.5,172.5,0.005555555555555536,0.013812154696132506,-0.09116022099447518,-0.013812154696132617,,,,0.08187134502923987
1560,中砂,20240131,20240201,217.0,20240221,250.5,8,Day 8 Time Stop,20240221,0,0.15437788018433185,0.14997663395420255,0.14767550268364524,4.0831499156408,0.047732696897374804,1.0209302325581395,Breakout,0.08520026637792114,0.0037473011806177384,0.08894756755853887,211.5,211.5,-0.011389521640091105,0.19354838709677424,-0.004608294930875556,0.0023041474654377225,0.016129032258064502,0.09677419354838701,0.15437788018433185,0.17764471057884235
1560,中砂,20240401,20240402,272.0,20240403,265.0,1,Trailing Stop,20240402,0,-0.02573529411764708,-0.029433382333288786,-0.03137549262530559,1.8438461648610782,0.03441682600382401,1.0018518518518518,Breakout,-0.07496282556054208,0.10289487170112332,0.027932046140581233,263.0,263.0,0.005545286506469571,0.0808823529411764,-0.009191176470588203,0.0018382352941177516,,,,0.01132075471698113
1560,中砂,20240529,20240530,281.0,20240603,287.0,2,Trailing Stop,20240531,0,0.021352313167259718,0.017484394925833948,0.015448414441487835,1.9768005670913604,0.02722323049001818,1.00354609929078,Breakout,0.10232306717910554,0.060594457846630256,0.16291752502573578,275.0,275.0,-0.007067137809187329,0.09608540925266906,-0.03380782918149461,0.05160142348754437,,,,0.006968641114982521
1560,中砂,20241017,20241018,386.0,20241021,367.0,1,Close Confirmed Stop,20241018,0,-0.04922279792746109,-0.05283513822560032,-0.05473041980435108,3.3160190612131655,0.04027777777777786,1.019047619047619,Breakout,0.10833407188397787,0.0683788372294174,0.17671290911339527,360.0,366.7,0.030707610146862407,0.031088082901554515,-0.06347150259067358,-0.05829015544041449,,,,0.005449591280654031
1560,中砂,20250513,20250514,284.0,20250523,282.5,8,Day 8 Time Stop,20250523,0,-0.005281690140845119,-0.009067444355054974,-0.011050314414861583,1.9177456381455948,0.040968342644320366,1.0126811594202898,Breakout,0.0442709312947441,0.06578328049148625,0.11005421178623036,268.5,269.8,0.01610017889087656,0.045774647887323994,-0.02464788732394363,-0.01936619718309862,0.007042253521126751,0.007042253521126751,-0.005281690140845119,0.014159292035398341
1560,中砂,20250616,20250617,312.5,20250619,292.0,2,Close Confirmed Stop,20250618,0,-0.06559999999999999,-0.06913901106224177,-0.07100522003838802,3.8637929408758813,0.06394316163410307,1.0152542372881357,Breakout,0.10418402447101678,-0.01033288063835159,0.0938511438326652,278.5,296.875,0.04340567612687818,0.009600000000000053,-0.07040000000000002,-0.02080000000000004,,,,0.13013698630136994
1560,中砂,20250625,20250626,325.5,20250630,318.0,2,Close Confirmed Stop,20250627,0,-0.02304147465437789,-0.02677081247079244,-0.028718272335157398,3.5061445351101828,0.023734177215189778,1.0237341772151898,Breakout,0.035870570738228656,0.09074759712798182,0.12661816786621047,319.0,319.0,0.0061823802163833985,0.01228878648233489,-0.044546850998463894,-0.004608294930875556,,,,0.05188679245283012
1560,中砂,20251205,20251208,344.0,20251217,366.0,8,Day 8 Time Stop,20251217,0,0.06395348837209291,0.05988643954575818,0.057798937655105714,3.31769249008587,0.0332326283987916,0.991304347826087,Pre-breakout,0.214540464857871,0.020028481992876573,0.23456894685074758,334.5,334.5,0.005847953216374213,0.12209302325581395,0.0,0.04941860465116288,0.03197674418604657,0.07267441860465107,0.06395348837209291,0.03551912568306004
1569,濱川,20240925,20240926,34.7,20240927,33.35,1,Close Confirmed Stop,20240926,0,-0.0389048991354467,-0.04252353898268922,-0.04444361415063967,3.0652590747801556,0.041158536585365946,0.9841498559077808,Pre-breakout,0.05483196655410838,0.0,0.05483196655410838,33.7,33.7,0.016105417276720546,0.0028818443804032867,-0.0389048991354467,-0.03458213256484155,,,,0.24437781109445278
1569,濱川,20250618,20250619,56.2,20250623,56.0,2,Trailing Stop,20250620,0,-0.003558718861210064,-0.007361529169141717,-0.009314489738098041,2.9497838954366356,0.03327171903881698,0.9893805309734514,Pre-breakout,0.10475911503204907,0.0,0.10475911503204907,53.2,53.39,0.005366726296959001,0.12099644128113862,-0.019572953736654797,0.026690391459074814,,,,0.010714285714285676
1569,濱川,20250908,20250909,65.0,20250912,62.1,3,Close Confirmed Stop,20250911,0,-0.04461538461538461,-0.04823364579510951,-0.05013812959757842,3.960523603380746,0.06666666666666665,1.0372771474878444,Extended Breakout,0.09806399609184172,0.0,0.09806399609184172,60.7,61.75,0.015625,0.05384615384615388,-0.08307692307692305,-0.02923076923076917,-0.07384615384615378,,,0.033816425120772875
1582,信錦,20231201,20231204,94.0,20231211,90.5,5,Day 5 Weakness,20231208,0,-0.037234042553191515,-0.04091939462630842,-0.04278331063665233,10.901171960470146,0.030201342281878985,1.030201342281879,Extended Breakout,0.010756239942542703,0.014805770586782363,0.025562010529325066,87.9,89.3,0.02062975027144409,0.0478723404255319,-0.06702127659574464,-0.03191489361702127,0.006382978723404209,-0.024468085106382986,,0.01878453038674044
1582,信錦,20240603,20240604,113.0,20240607,112.0,3,Close Confirmed Stop,20240606,0,-0.008849557522123908,-0.012618085923156525,-0.014593850757387804,2.7756945223585703,0.04566210045662111,1.0088105726872247,Breakout,0.0012697980176436527,0.05982368733143623,0.061093485349079886,111.0,111.0,-0.013100436681222738,0.06194690265486735,-0.030973451327433676,0.022123893805309658,-0.02212389380530977,,,0.06696428571428581
1584,精剛,20230221,20230222,29.15,20230302,28.05,4,Close Confirmed Stop,20230301,0,-0.037735849056603654,-0.04141985213622655,-0.043274940272757974,2.069974040562477,0.057657657657657735,1.0068610634648372,Breakout,0.030048189304851296,0.0,0.030048189304851296,28.55,28.55,-0.006814310051107442,0.046312178387650116,-0.04288164665523153,0.032590051457976,-0.0017152658662091813,,,0.10516934046345816
1584,精剛,20230414,20230417,39.1,20230421,40.65,4,Trailing Stop,20230420,0,0.039641943734015195,0.0356929773979474,0.033648738763818284,3.3563107024750294,0.02652519893899208,1.026525198938992,Breakout,0.06757730176195716,0.0,0.06757730176195716,37.3,37.3,0.010335917312661369,0.17647058823529416,-0.010230179028132946,0.08823529411764697,0.1304347826086958,,,0.06642066420664205
1584,精剛,20230705,20230706,40.15,20230707,38.0,1,Close Confirmed Stop,20230706,0,-0.0535491905354919,-0.057127287816144796,-0.0590187584409589,2.1746138080614457,0.021601016518424387,0.9901477832512315,Pre-breakout,0.09561394487865076,0.0,0.09561394487865076,39.65,39.65,-0.0012437810945274963,0.001245330012453305,-0.048567870485678566,-0.043586550435865457,,,,0.03157894736842115
1584,精剛,20231124,20231127,37.25,20231201,35.5,4,Close Confirmed Stop,20231130,0,-0.046979865771812124,-0.05059461801938447,-0.05249887224308878,3.4369895521928067,0.0385714285714287,1.021067415730337,Breakout,0.11798235294117647,0.0,0.11798235294117647,35.3,35.387499999999996,0.024759284731774356,0.0013422818791946067,-0.06711409395973156,-0.046979865771812124,-0.046979865771812124,,,0.026760563380281877
1584,精剛,20240409,20240410,36.6,20240412,34.7,2,Close Confirmed Stop,20240411,0,-0.051912568306010876,-0.055493307189019334,-0.05738762515085168,2.562523740029188,0.044604316546762446,0.9918032786885245,Pre-breakout,0.18812720510095643,0.0,0.18812720510095643,34.75,34.77,0.00826446280991755,0.017759562841529908,-0.058743169398907114,-0.006830601092896127,,,,0.06051873198847235
1589,永冠-KY,20230322,20230323,79.3,20230406,79.9,8,Day 8 Time Stop,20230406,0,0.007566204287515976,0.0037282325243269813,0.001742989070668199,5.033370664389499,0.03255208333333326,0.990012484394507,Pre-breakout,0.15688968463235245,0.037821716960976526,0.19471140159332898,77.0,77.0,0.0,0.04539722572509475,-0.03783102143757877,-0.016393442622950838,0.031525851197982346,0.003783102143757766,0.007566204287515976,0.050062578222778376
1591,駿吉-KY,20231207,20231208,54.0,20231213,58.1,3,Trailing Stop,20231212,0,0.07592592592592595,0.07182642919084785,0.06968168034287658,2.607000144432141,0.06175298804780871,0.9944029850746268,Pre-breakout,0.041688654353562005,0.0,0.041688654353562005,50.3,51.3,0.013133208255159623,0.21851851851851856,-0.022222222222222254,0.0092592592592593,0.09999999999999987,,,-0.018932874354561147
1597,直得,20241225,20241226,114.0,20241230,108.0,2,Close Confirmed Stop,20241227,0,-0.052631578947368474,-0.05621124224844969,-0.058113395886601735,3.918200266658684,0.041095890410958846,0.9956331877729258,Pre-breakout,0.0770839862138277,0.0,0.0770839862138277,108.5,108.5,0.0,0.00877192982456143,-0.06578947368421051,-0.030701754385964897,,,,0.21296296296296302
1597,直得,20260506,20260507,180.0,20260515,178.0,6,Trailing Stop,20260514,0,-0.011111111111111072,-0.014886926267897765,-0.016858165329183737,3.042564369144196,0.028901734104046284,1.0289017341040463,Breakout,0.11010936482030984,-0.0003321317597057085,0.10977723306060413,169.5,171.0,0.011235955056179803,0.08333333333333326,-0.07777777777777772,0.002777777777777768,0.011111111111111072,0.050000000000000044,,0.1179775280898876
1605,華新,20221111,20221114,42.75,20221118,43.65,4,Trailing Stop,20221117,0,0.021052631578947434,0.017174926408659107,0.015139549254840897,2.3541555130901353,0.02679658952496955,1.0071684587813619,Breakout,0.19703501814798718,0.005599198194818502,0.20263421634280568,41.25,41.25,0.014234875444839812,0.1532163742690058,-0.009356725146198785,0.042105263157894646,0.12280701754385959,,,0.05154639175257736
1605,華新,20230131,20230201,53.6,20230208,53.2,5,Day 5 Weakness,20230207,0,-0.007462686567164201,-0.011229582577132437,-0.013208119363336128,1.8487778750350112,0.04230769230769238,1.0383141762452108,Extended Breakout,0.17173677870272763,0.0014411498616597241,0.17317792856438735,51.6,51.6,-0.011070110701107083,0.033582089552238736,-0.02985074626865669,0.018656716417910557,0.011194029850746245,-0.018656716417910446,,0.022556390977443552
1605,華新,20231115,20231116,38.5,20231127,39.0,8,Day 8 Time Stop,20231127,0,0.01298701298701288,0.009148932624527139,0.007124698611796517,6.5206957986791085,0.05833333333333335,1.0467032967032968,Extended Breakout,0.34135162355573245,-0.002294933139814115,0.33905669041591835,36.25,36.574999999999996,0.01049868766404205,0.051948051948051965,-0.023376623376623384,-0.00909090909090915,-0.011688311688311748,0.010389610389610393,0.01298701298701288,0.03846153846153855
1605,華新,20240229,20240301,36.7,20240308,35.0,5,Close Confirmed Stop,20240307,0,-0.04632152588555871,-0.049936824699375625,-0.051842327813843174,2.4655548580113247,0.03786816269284721,1.0027100271002711,Breakout,0.2263409383317738,-0.07078825558939408,0.1555526827423797,35.3,35.3,-0.008108108108108025,0.0013623978201633413,-0.043596730245231696,-0.016348773841961872,-0.016348773841961872,-0.043596730245231696,,0.06142857142857139
1605,華新,20240409,20240410,39.1,20240417,38.2,5,Day 5 Weakness,20240416,0,-0.023017902813299185,-0.0267418179636487,-0.02869418514876153,2.743505191154867,0.03191489361702127,1.0,Breakout,0.18063551584633888,-0.0018996352820137485,0.17873588056432513,37.35,37.35,0.0077319587628867925,0.056265984654731316,-0.03196930946291565,-0.002557544757033292,0.002557544757033181,-0.02685421994884918,,0.09947643979057585
1605,華新,20250512,20250513,22.4,20250522,22.7,8,Day 8 Time Stop,20250522,0,0.013392857142857206,0.009554883088490174,0.007529031752618423,2.8414191339893216,0.030444964871194413,1.0068649885583523,Breakout,0.131335701371074,-0.00016109288966742748,0.13117460848140658,21.5,21.5,0.018181818181818077,0.0758928571428572,-0.011160714285714302,-0.006696428571428492,0.013392857142857206,0.024553571428571397,0.013392857142857206,0.013215859030837107
1605,華新,20251224,20251226,32.6,20260107,39.65,8,Day 8 Time Stop,20260107,0,0.21625766871165641,0.21163844820690575,0.20920892837942529,3.3386381139903167,0.036006546644844484,0.9890625,Pre-breakout,0.11520834161918096,0.0065812862432041265,0.12178962786238508,31.25,31.25,0.03001579778830976,0.21625766871165641,-0.03834355828220859,0.0260736196319018,-0.026073619631901912,0.009202453987730008,0.21625766871165641,0.05926860025220693
1605,華新,20260113,20260114,41.95,20260120,41.55,4,Trailing Stop,20260119,0,-0.00953516090584039,-0.013297229743803615,-0.015276893566705025,2.2357166316755195,0.04930467762326174,1.0246913580246915,Breakout,0.02859558122176501,0.031734713242794116,0.06033029446455913,38.2,39.8525,0.010843373493975905,0.09773539928486286,-0.042908224076281365,-0.025029797377830842,0.023837902264600697,,,0.02527075812274382
1605,華新,20260420,20260421,32.4,20260423,31.65,2,Close Confirmed Stop,20260422,0,-0.02314814814814814,-0.026874458008138216,-0.028821708471652913,3.0444880007586885,0.04179566563467496,1.0044776119402985,Breakout,0.03751991998010025,-0.011137024074244795,0.026382895905855453,31.65,31.65,-0.03714710252600295,0.04166666666666674,-0.029320987654321007,0.007716049382715973,,,,-0.018957345971563955
1608,華榮,20240306,20240307,23.0,20240308,22.7,1,Close Confirmed Stop,20240307,0,-0.013043478260869601,-0.016804426076523153,-0.01877470534190329,4.77721266422508,0.02237136465324374,0.9849137931034484,Pre-breakout,0.04701225187092826,0.0,0.04701225187092826,22.8,22.8,0.006564551422319376,0.0021739130434783593,-0.030434782608695587,-0.013043478260869601,,,,0.17621145374449343
1608,華榮,20240311,20240312,23.5,20240314,25.15,2,Trailing Stop,20240313,0,0.07021276595744674,0.06615107673844915,0.06401451950688998,2.9814182898923622,0.05145413870246074,1.0,Breakout,0.2533065129490627,0.000519070723256276,0.25382558367231894,22.45,22.45,0.0,0.13617021276595742,-0.004255319148936176,0.036170212765957555,,,,0.045725646123260466
1608,華榮,20240327,20240328,30.5,20240408,30.3,5,Day 5 Weakness,20240403,0,-0.006557377049180357,-0.010322236484571609,-0.012306411596511305,6.676037161820156,0.04475043029259895,1.044750430292599,Extended Breakout,0.05107339724439631,9.471612504663408e-06,0.05108286885690097,27.7,28.974999999999998,0.0049423393739702615,0.022950819672131084,-0.03770491803278686,0.006557377049180246,-0.0180327868852459,-0.016393442622950838,,0.3729372937293729
1608,華榮,20250827,20250828,31.05,20250902,29.45,3,Close Confirmed Stop,20250901,0,-0.05152979066022545,-0.055108427230281594,-0.05700284433072642,3.589761811916184,0.06666666666666665,0.9950900163666121,Pre-breakout,0.08101578405508934,0.0,0.08101578405508934,28.6,29.4975,0.021381578947368585,0.008051529790660261,-0.0628019323671497,-0.03864734299516903,-0.05958132045088571,,,0.10356536502546687
1608,華榮,20251105,20251106,41.2,20251107,38.25,1,Close Confirmed Stop,20251106,0,-0.07160194174757284,-0.0751393073292986,-0.07696149325764405,11.250757932597828,0.040103492884864256,1.0401034928848643,Extended Breakout,0.10041294407396875,-2.5479758370355423e-05,0.1003874643155984,37.0,39.14,0.02487562189054726,0.0024271844660193054,-0.07645631067961178,-0.061893203883495285,,,,0.013071895424836555
1608,華榮,20251212,20251215,37.65,20251217,37.15,2,Close Confirmed Stop,20251216,0,-0.013280212483399723,-0.017043900551675373,-0.019010821945365772,3.524761628879536,0.03788903924221909,1.0145502645502646,Breakout,0.18168790997354498,-0.00020130509110137388,0.18148660488244361,37.45,37.45,-0.018252933507170832,0.04116865869853936,-0.027888446215139417,0.007968127490040056,,,,0.030955585464333746
1608,華榮,20251226,20251229,40.3,20251231,38.4,2,Close Confirmed Stop,20251230,0,-0.04714640198511166,-0.050761455166159875,-0.05266574533228576,4.534578042554682,0.06612685560053988,0.9937106918238994,Pre-breakout,0.08674926630411836,-4.243408173050259e-05,0.08670683222238786,37.6,38.285,0.02025316455696191,0.03101736972704705,-0.0645161290322579,-0.027295285359801302,,,,0.04166666666666674
1608,華榮,20260128,20260129,40.7,20260202,37.3,2,Close Confirmed Stop,20260130,0,-0.08353808353808367,-0.08700375567767164,-0.08883535729414772,2.6216548618710456,0.023989898989898784,1.0074534161490682,Breakout,0.11448119410359935,-0.0004471884578450692,0.11403400564575428,39.7,39.7,0.0036991368680643344,0.017199017199017064,-0.0626535626535627,-0.004914004914004955,,,,-0.04959785522788185
1608,華榮,20260602,20260603,36.8,20260609,34.0,4,Close Confirmed Stop,20260608,0,-0.07608695652173902,-0.07958938808158901,-0.08143542891693911,3.978619673440984,0.030172413793103647,1.0213675213675213,Breakout,0.16717593192338656,-0.0026526616912741024,0.16452327023211247,35.15,35.15,0.026499302649930057,0.07065217391304346,-0.1032608695652173,0.07065217391304346,-0.0190217391304347,,,0.04705882352941182
1609,大亞,20221202,20221205,20.65,20221214,20.75,8,Day 8 Time Stop,20221214,0,0.004842615012106588,0.0010401456203868785,-0.0009655487668105963,3.8473671451209803,0.06169665809768632,1.0222772277227723,Breakout,0.025022992876467053,0.0,0.025022992876467053,19.65,19.65,0.0,0.05084745762711873,-0.03147699757869238,-0.002421307506053183,-0.03147699757869238,0.007263922518159882,0.004842615012106588,0.01686746987951815
1609,大亞,20230201,20230202,24.4,20230207,23.05,3,Close Confirmed Stop,20230206,0,-0.055327868852458884,-0.05890578541047207,-0.060791823988479265,7.491978682447799,0.04782608695652191,1.047826086956522,Extended Breakout,0.03898724779632323,0.00606626889761879,0.045053516693942024,23.4,23.4,0.012448132780082943,0.00819672131147553,-0.05327868852459006,-0.018442622950819665,-0.05122950819672134,,,0.04772234273318854
1609,大亞,20230215,20230216,25.1,20230223,24.9,5,Day 5 Weakness,20230222,0,-0.007968127490039945,-0.011730791661806609,-0.013711470293654777,3.894749905536237,0.05399568034557234,0.9838709677419354,Pre-breakout,0.021785249990105046,0.009856789785312795,0.031642039775417845,23.25,23.845,0.028688524590164022,0.02589641434262946,-0.04183266932270924,-0.02390438247011961,-0.0019920318725099584,-0.007968127490039945,,0.012048192771084265
1609,大亞,20230307,20230308,25.7,20230313,24.55,3,Close Confirmed Stop,20230310,0,-0.04474708171206221,-0.04836204626731844,-0.05026936634335212,3.2578321477891183,0.03614457831325302,1.0019417475728156,Breakout,0.058668954033191154,0.0,0.058668954033191154,25.05,25.05,-0.003875968992248069,0.054474708171206254,-0.03696498054474706,0.05252918287937747,-0.029182879377431914,,,0.07739307535641538
1609,大亞,20230606,20230607,36.55,20230613,38.7,4,Trailing Stop,20230612,0,0.05882352941176494,0.0547977187072677,0.052682145594780225,6.159371800743289,0.02442528735632199,1.024425287356322,Breakout,0.07895783329191247,-0.0001783970168704828,0.07877943627504198,35.15,35.15,0.02524544179523147,0.12995896032831733,-0.01094391244870041,0.07250341997264043,0.08071135430916554,,,0.0348837209302324
1609,大亞,20240229,20240301,38.25,20240308,36.75,5,Day 5 Weakness,20240307,0,-0.039215686274509776,-0.042833333333333334,-0.044753215429212165,4.332821863137378,0.051893408134642494,1.0,Breakout,0.05875767889127092,-0.0008254680446795378,0.05793221084659138,35.55,36.3375,0.020000000000000018,0.030065359477124076,-0.053594771241829986,-0.010457516339869244,-0.04967320261437902,-0.04052287581699343,,0.061224489795918435
1609,大亞,20240410,20240411,46.2,20240423,57.5,8,Trailing Stop,20240422,0,0.24458874458874447,0.23985691330119538,0.23736865107619307,2.0107206939087403,0.02524698133918779,0.9946751863684771,Pre-breakout,0.021910867519976455,0.0212618375471754,0.04317270506715185,45.7,45.7,-0.010706638115631661,0.47186147186147176,-0.011904761904761973,-0.0043290043290044045,0.20346320346320335,0.27489177489177474,0.251082251082251,0.07826086956521738
1609,大亞,20260120,20260121,42.55,20260126,43.25,3,Trailing Stop,20260123,0,0.016451233842538215,0.012612567582202574,0.010580896684496344,3.3049400256126775,0.03780487804878052,1.0047225501770956,Breakout,0.3450821035578127,-0.00035115734166545065,0.3447309462161473,40.4,40.42249999999999,0.0,0.1750881316098709,0.0,0.01057579318448898,0.009400705052879044,,,0.02774566473988438
1611,中電,20220610,20220613,19.8,20220617,20.5,4,Trailing Stop,20220616,0,0.03535353535353525,0.03144056782965111,0.029371499137511692,7.683859201095439,0.02499999999999991,1.0199004975124377,Breakout,0.04417401443809454,0.0,0.04417401443809454,19.6,19.6,-0.03414634146341455,0.13131313131313127,-0.010101010101010055,0.037878787878787845,0.06060606060606055,,,0.024390243902439046
1612,宏泰,20220325,20220328,30.2,20220408,30.0,7,Trailing Stop,20220407,0,-0.0066225165562913135,-0.010386458937487868,-0.012370465547504907,5.058219579835482,0.04317789291882557,1.0254668930390491,Breakout,0.2679583986176652,0.0,0.2679583986176652,29.3,29.3,0.0,0.0976821192052979,-0.01986754966887405,0.036423841059602724,0.0910596026490067,0.056291390728476776,,0.05499999999999994
1612,宏泰,20230605,20230606,24.7,20230612,26.75,4,Trailing Stop,20230609,0,0.082995951417004,0.0788957856909507,0.0767335420318164,2.7484675731944614,0.03177966101694918,0.9959100204498978,Pre-breakout,0.12824051064041173,0.007028519141220653,0.13526902978163236,24.2,24.2,0.014373716632443356,0.1740890688259109,-0.0161943319838056,0.004048582995951566,0.13765182186234837,,,0.0018691588785046953
1612,宏泰,20230725,20230726,28.1,20230731,26.9,3,Close Confirmed Stop,20230728,0,-0.04270462633451966,-0.04632151680130161,-0.048233206089608766,4.3579474532260445,0.0650095602294456,1.0017985611510791,Breakout,0.11077655313088537,5.933398667963866e-05,0.11083588711756501,26.4,26.695,0.008976660682226134,0.039145907473309594,-0.05693950177935947,-0.014234875444839923,-0.051601423487544595,,,0.06319702602230493
1612,宏泰,20231208,20231211,27.9,20231214,29.75,3,Trailing Stop,20231213,0,0.06630824372759858,0.06224899598393574,0.060119641286760526,7.198805774245592,0.03525046382189245,1.007220216606498,Breakout,0.05167929849458767,0.0,0.05167929849458767,26.95,26.95,0.0,0.13799283154121866,-0.0017921146953403522,0.057347670250896154,0.05555555555555558,,,-0.02352941176470591
1612,宏泰,20240322,20240325,30.15,20240403,31.1,8,Day 8 Time Stop,20240403,0,0.03150912106136006,0.027597984089299844,0.025537827307858574,7.348635702037388,0.050000000000000044,1.0226086956521738,Breakout,0.1049962209019718,-9.22800324327402e-05,0.10490394086953905,28.25,28.6425,0.025510204081632626,0.0862354892205639,-0.016583747927031545,0.021558872305140975,0.04311774461028195,0.026533996683250516,0.03150912106136006,0.22347266881028927
1612,宏泰,20250814,20250815,38.7,20250822,37.85,5,Day 5 Weakness,20250821,0,-0.021963824289405687,-0.025687813494642588,-0.0276422358153907,3.402507132913772,0.035278154681139595,1.0039473684210527,Breakout,0.26755504884213843,0.0,0.26755504884213843,37.0,37.0,0.014416775884665833,0.0025839793281652312,-0.043927648578811485,-0.01421188630490966,-0.01421188630490966,-0.03100775193798455,,0.026420079260237816
1612,宏泰,20251103,20251104,40.6,20251105,39.1,1,Close Confirmed Stop,20251104,0,-0.036945812807881784,-0.040634132671444015,-0.042520536106354374,2.3094432170482255,0.02664974619289362,1.0037220843672459,Breakout,0.11570090323980253,0.0,0.11570090323980253,39.65,39.65,0.003708281829418958,0.008620689655172376,-0.03325123152709364,-0.03325123152709364,,,,0.03324808184143224
1616,億泰,20250609,20250610,28.7,20250619,43.55,8,Day 8 Time Stop,20250619,0,0.5174216027874563,0.5116486409918842,0.508651613136565,2.3870862223897933,0.028673835125448077,1.0141342756183744,Breakout,0.06045482592220743,0.0,0.06045482592220743,27.65,27.65,0.0,0.5627177700348434,-0.019163763066202155,0.019163763066202044,0.23170731707317072,0.3066202090592334,0.5174216027874563,0.021814006888633886
1618,合機,20230522,20230523,20.5,20230525,19.6,2,Close Confirmed Stop,20230524,0,-0.04390243902439017,-0.04751778959121426,-0.049428642051105434,2.959911060408439,0.055837563451776706,1.0048309178743962,Breakout,0.06547105244181323,-0.00028558801501336195,0.06518546442679987,19.7,19.7,-0.014423076923076983,0.004878048780487809,-0.07073170731707312,-0.012195121951219523,,,,0.04591836734693877
1618,合機,20230605,20230606,21.9,20230609,20.1,3,Close Confirmed Stop,20230608,0,-0.08219178082191769,-0.08569304273316186,-0.0874918193161014,2.4264930536826865,0.0491400491400491,1.023980815347722,Breakout,0.23414203221944546,0.0066615753531809475,0.24080360757262642,20.45,20.804999999999996,0.025761124121779666,0.03424657534246567,-0.08219178082191769,-0.015981735159817267,-0.08219178082191769,,,0.01492537313432818
1618,合機,20231201,20231204,30.05,20231208,31.5,4,Trailing Stop,20231207,0,0.048252911813643884,0.044267196410893925,0.04217361073635368,3.512138501441218,0.02763385146804831,1.017094017094017,Breakout,0.2314796214629503,0.0,0.2314796214629503,29.1,29.1,0.010084033613445342,0.16472545757071555,-0.014975041597337757,-0.008319467554076532,0.10815307820299491,,,0.26349206349206344
1618,合機,20240216,20240219,32.3,20240229,34.9,8,Day 8 Time Stop,20240229,0,0.08049535603715174,0.07639463223327907,0.07423634187066468,1.8726786735830634,0.0490196078431373,0.9938080495356039,Pre-breakout,0.27721728381596406,-0.03143310731793035,0.24578417649803372,30.85,30.85,0.006230529595015355,0.1083591331269349,-0.02786377708978327,0.004643962848297489,-0.013931888544891469,0.004643962848297489,0.08049535603715174,0.0644699140401146
1618,合機,20240322,20240325,37.15,20240401,37.3,5,Trailing Stop,20240329,0,0.004037685060565233,0.00023506229150722517,-0.0017711181671723976,2.49434168644843,0.03385049365303239,0.9865410497981157,Pre-breakout,0.05154992395869914,0.0,0.05154992395869914,35.7,35.7,0.013642564802182733,0.09825033647375503,-0.024226110363391617,0.0013458950201885589,0.05652759084791392,0.004037685060565233,,0.09785522788203771
1618,合機,20250711,20250714,51.5,20250721,51.2,5,Day 5 Weakness,20250718,0,-0.005825242718446533,-0.009591462397865552,-0.011579742320148507,4.3168548600152805,0.04771573604060908,1.0197628458498025,Breakout,0.04087468606408245,0.0,0.04087468606408245,49.35,49.35,-0.0019379844961240345,0.023300970873786353,-0.03786407766990296,0.007766990291262044,-0.03203883495145632,-0.011650485436893177,,-0.007812500000000111
1708,東鹼,20220112,20220113,35.65,20220120,33.95,5,Close Confirmed Stop,20220119,0,-0.04768583450210362,-0.05130085868175421,-0.053170163771803274,3.430417548627455,0.04347826086956519,1.005586592178771,Breakout,0.41541063901444397,0.0,0.41541063901444397,34.75,34.75,-0.009722222222222299,0.03786816269284721,-0.04908835904628328,0.005610098176718203,0.005610098176718203,-0.04768583450210362,,-0.008836524300441906
1708,東鹼,20240927,20240930,41.95,20241009,40.35,5,Day 5 Weakness,20241008,0,-0.038140643623361226,-0.041824619870860356,-0.0436804420692291,2.440638374789471,0.05534591194968552,0.996437054631829,Pre-breakout,0.24511146783733456,0.0,0.24511146783733456,40.0,40.0,0.0,0.0011918951132299238,-0.050059594755661574,-0.014302741358760418,-0.03933253873659126,-0.04171632896305122,,-0.0012391573729865213
1708,東鹼,20260303,20260304,38.45,20260305,37.5,1,Close Confirmed Stop,20260304,0,-0.024707412223667125,-0.02843049028430502,-0.030379401974779625,2.8025001588401595,0.02008032128514059,1.0132978723404256,Breakout,0.17078593052577887,0.0,0.17078593052577887,37.1,37.1,0.009186351706036877,0.002600780234070177,-0.05071521456436934,-0.04681404421326407,,,,0.040000000000000036
1709,和益,20220103,20220104,24.4,20220112,24.1,6,Trailing Stop,20220111,0,-0.012295081967212962,-0.016056880758410014,-0.01802883045142028,3.8207983352841466,0.05627705627705626,1.0427350427350428,Extended Breakout,0.10178686654418621,0.0,0.10178686654418621,23.1,23.179999999999996,0.0,0.0963114754098362,-0.032786885245901565,-0.022540983606557208,0.049180327868852514,0.040983606557376984,,0.0435684647302903
1709,和益,20240920,20240923,25.4,20240927,24.5,4,Close Confirmed Stop,20240926,0,-0.03543307086614167,-0.03911774310715969,-0.04104674082471189,4.12947523057107,0.028865979381443196,1.002008032128514,Breakout,0.03023531979855365,0.000211929811672105,0.030447249610225754,24.3,24.3,0.018036072144288484,0.007874015748031704,-0.04527559055118102,-0.023622047244094446,-0.025590551181102317,,,0.03265306122448974
1709,和益,20260706,20260707,24.3,20260709,23.95,2,Close Confirmed Stop,20260708,0,-0.01440329218107006,-0.018164423198725306,-0.020132150054989924,2.8864420297213518,0.04852320675105504,1.016359918200409,Breakout,0.11282110173345013,0.0,0.11282110173345013,24.1,24.1,-0.02213279678068414,0.034979423868312765,-0.03703703703703709,0.008230452674897082,,,,0.18162839248434248
1709,和益,20260824,20260825,34.4,20260828,34.5,3,Trailing Stop,20260827,0,0.0029069767441860517,-0.0008930713657326942,-0.0028966421229467336,2.859644370583823,0.04054054054054057,1.0236336779911372,Breakout,0.06818246324439088,0.0,0.06818246324439088,33.55,33.55,-0.00721500721500723,0.0959302325581397,-0.04651162790697683,-0.018895348837209225,-0.007267441860465129,,,
1710,東聯,20230605,20230606,22.1,20230615,22.6,8,Day 8 Time Stop,20230615,0,0.02262443438914019,0.01874893756020492,0.016707564956717467,2.4127673427953726,0.023255813953488413,1.0,Breakout,0.42809592321176354,0.010159164954267295,0.43825508816603087,21.6,21.6,0.00454545454545463,0.07918552036199089,-0.004524886877828149,0.02262443438914019,0.0475113122171944,0.038461538461538325,0.02262443438914019,0.05088495575221241
1711,永光,20260102,20260105,20.9,20260109,20.5,4,Trailing Stop,20260108,0,-0.019138755980861122,-0.022863999200093205,-0.024824449720083023,5.080098147323195,0.060052219321149014,1.0175438596491229,Breakout,0.07461660726063728,0.0,0.07461660726063728,19.3,19.854999999999997,0.029556650246305383,0.09569377990430628,-0.03588516746411485,-0.011961722488038284,0.06698564593301448,,,0.23170731707317072
1711,永光,20260421,20260422,54.2,20260424,55.0,2,Trailing Stop,20260423,0,0.014760147601476037,0.010918938388372624,0.008889144515900716,4.3707149156929255,0.028462998102466885,1.0284629981024669,Breakout,0.05868672177778029,0.0,0.05868672177778029,51.5,51.5,0.0,0.1863468634686345,-0.011070110701107083,0.09963099630996308,,,,0.07272727272727275
1712,興農,20220819,20220822,39.5,20220825,41.05,3,Trailing Stop,20220824,0,0.03924050632911391,0.03532383095773934,0.033247008690708554,2.035129592923109,0.027379400260756137,1.0154639175257731,Breakout,0.37494323966011533,0.0,0.37494323966011533,38.4,38.4,0.002538071065989911,0.1518987341772151,-0.008860759493670933,0.026582278481012578,0.05189873417721502,,,0.15225334957369063
1712,興農,20220826,20220829,44.0,20220907,44.6,8,Day 8 Time Stop,20220907,0,0.013636363636363669,0.009794502268481525,0.00777390121510522,3.8597635891938737,0.025000000000000133,0.9912087912087912,Pre-breakout,0.09051609567229699,0.0016000724000759586,0.09211616807237294,43.25,43.25,-0.024390243902439046,0.07499999999999996,-0.00454545454545463,0.01931818181818179,0.031818181818181746,0.011363636363636465,0.013636363636363669,0.03139013452914785
1717,長興,20240927,20240930,34.8,20241009,32.75,5,Close Confirmed Stop,20241008,0,-0.05890804597701138,-0.0624833386649605,-0.06436346665603357,3.9270144536438827,0.06221547799696503,1.0309278350515463,Extended Breakout,0.30895081053427303,0.0004627723907215061,0.30941358292499455,33.3,33.3,-0.005714285714285783,0.004310344827586299,-0.07471264367816077,-0.01867816091954022,-0.03735632183908033,-0.06465517241379315,,0.01526717557251911
1717,長興,20250811,20250812,29.5,20250821,41.4,7,Trailing Stop,20250820,0,0.40338983050847443,0.3980589647812167,0.395256189939166,3.8585993180835327,0.05141843971631199,1.0367132867132867,Extended Breakout,0.4148066089749454,0.004079962878614671,0.4188865718535601,28.4,28.4,-0.005059021922428242,0.535593220338983,-0.016949152542372836,-0.016949152542372836,0.1881355932203388,0.43728813559322033,,0.06280193236714982
1717,長興,20251211,20251212,41.55,20251215,39.45,1,Close Confirmed Stop,20251212,0,-0.050541516245487195,-0.05411997560902457,-0.05601761952922435,2.30456917961571,0.023631840796019876,0.9821002386634845,Pre-breakout,0.25004733615608027,0.0,0.25004733615608027,40.3,40.3,0.009720534629404476,0.0,-0.03369434416365824,-0.03369434416365824,,,,0.0633713561470215
1717,長興,20251222,20251223,41.5,20251226,40.8,2,Close Confirmed Stop,20251224,0,-0.01686746987951815,-0.02059716430358637,-0.022556954994411942,2.5454349133621705,0.02871410736579283,0.9856459330143542,Pre-breakout,0.32289694641425465,0.001009157927989734,0.32390610434224437,40.8,40.8,0.007281553398058138,0.027710843373493832,-0.02289156626506028,0.010843373493975905,,,,0.12990196078431393
1717,長興,20260102,20260105,43.0,20260109,51.5,4,Trailing Stop,20260108,0,0.19767441860465107,0.19312610479271589,0.19076548999383672,2.5993803851031783,0.025672371638141955,0.9835873388042204,Pre-breakout,0.03578018208919708,0.0024523894730604837,0.03823257156225757,41.15,41.15,0.02502979737783062,0.3395348837209302,-0.006976744186046435,0.0720930232558139,0.2953488372093025,,,0.36504854368932027
1717,長興,20260706,20260707,86.8,20260708,78.4,1,Close Confirmed Stop,20260707,0,-0.09677419354838701,-0.10020695640563443,-0.10200745326138694,6.8100423939698675,0.04656862745098045,1.0465686274509804,Extended Breakout,0.23047769886046623,0.004072581027083059,0.23455027988754928,80.7,82.46,0.016393442622950616,0.0011520737327190833,-0.11405529953917037,-0.11175115207373276,,,,-0.012755102040816313
1722,台肥,20240429,20240430,66.6,20240508,65.9,5,Day 5 Weakness,20240507,0,-0.01051051051051033,-0.014275231805749876,-0.01624768384081394,1.8004085752088494,0.030959752321981338,1.0199081163859112,Breakout,0.0712551443504075,-0.002444325521218044,0.06881081882918946,65.0,65.0,0.0,0.02402402402402415,-0.019519519519519468,-0.018018018018017834,-0.013513513513513375,-0.01051051051051033,,-0.006069802731411333
1727,中華化,20260303,20260304,49.0,20260305,48.3,1,Close Confirmed Stop,20260304,0,-0.014285714285714346,-0.018046666666666714,-0.01998437407180589,2.6276654265831914,0.021582733812949728,0.9861111111111112,Pre-breakout,0.11063396205793524,-0.00021823945879407685,0.11041572259914116,47.9,47.9,-0.014084507042253613,0.0,-0.07448979591836735,-0.05102040816326525,,,,0.14492753623188404
1734,杏輝,20230616,20230619,37.6,20230628,37.4,5,Trailing Stop,20230627,0,-0.005319148936170248,-0.009086299834552005,-0.011069117572846182,4.598794885831022,0.02592087312414737,1.0053475935828877,Breakout,0.07759932591952351,0.0,0.07759932591952351,37.0,37.0,0.0,0.09308510638297873,-0.019946808510638347,0.03191489361702127,0.015957446808510634,-0.01196808510638303,,-0.006684491978609652
1760,寶齡富錦,20220817,20220818,142.5,20220823,146.0,3,Trailing Stop,20220822,0,0.024561403508772006,0.020676754517820757,0.018634377734786208,6.875239471383203,0.025454545454545396,1.0254545454545454,Breakout,0.08655198942824194,0.0005332587026384574,0.0870852481308804,135.5,135.5,0.010638297872340496,0.10175438596491237,0.0,0.04561403508771922,0.021052631578947434,,,0.09589041095890405
1773,勝一,20240327,20240328,191.0,20240402,183.0,3,Close Confirmed Stop,20240401,0,-0.041884816753926746,-0.045501516717223904,-0.047434602743446394,1.8327886202632588,0.048913043478260976,1.0078328981723237,Breakout,-0.042508818701218545,0.10833179747204376,0.06582297877082521,185.0,185.0,-0.010362694300518172,0.018324607329842868,-0.05235602094240843,0.005235602094240788,-0.04973821989528793,,,0.05464480874316946
1783,和康生,20230206,20230207,59.9,20230210,60.5,3,Trailing Stop,20230209,0,0.01001669449081799,0.006174487684400241,0.0041611165662788375,9.67600739421938,0.03633217993079585,1.0363321799307958,Extended Breakout,0.0402598973434098,0.0,0.0402598973434098,58.1,58.1,0.0,0.08180300500834714,-0.015025041736226985,0.056761268781302165,0.0016694490818029983,,,-0.0033057851239669533
1785,光洋科,20230607,20230608,39.0,20230615,38.75,5,Day 5 Weakness,20230614,0,-0.0064102564102563875,-0.010173982601739826,-0.012159518025500592,4.060108988825893,0.0438829787234043,0.9861809045226131,Pre-breakout,0.11251758087201125,-0.0014064697609001407,0.1111111111111111,37.8,37.8,-0.006369426751592355,0.024358974358974494,-0.030769230769230882,-0.011538461538461608,-0.023076923076922995,-0.005128205128205221,,0.028387096774193488
1785,光洋科,20230626,20230627,39.6,20230629,38.45,2,Close Confirmed Stop,20230628,0,-0.029040404040403978,-0.032730116175156365,-0.03467050806013743,2.292972105270569,0.031372549019607954,0.9874843554443054,Pre-breakout,0.07546537290715373,-0.007039573820395738,0.06842579908675799,38.85,38.85,0.0038022813688212143,0.03409090909090917,-0.032828282828282984,-0.016414141414141326,,,,0.031209362808842567
1785,光洋科,20231106,20231107,40.65,20231109,39.2,2,Close Confirmed Stop,20231108,0,-0.035670356703566886,-0.03935465168584247,-0.04128192648240251,2.3545589637811344,0.034220532319391594,0.991494532199271,Pre-breakout,0.09471539387454861,0.0,0.09471539387454861,39.6,39.6,-0.003676470588235281,0.0,-0.03444034440344401,-0.014760147601476037,,,,0.014030612244897878
1785,光洋科,20240216,20240219,44.25,20240226,43.6,5,Day 5 Weakness,20240223,0,-0.014689265536723117,-0.0184539152631447,-0.02038468699868718,7.502819956616052,0.04744958481613293,1.0437352245862885,Extended Breakout,0.13704263975155279,-0.00031055900621118014,0.13673208074534163,42.45,42.45,0.0022650056625141968,0.03502824858757059,-0.037288135593220306,-0.02033898305084747,0.005649717514124353,-0.0361581920903955,,0.06192660550458706
1785,光洋科,20240304,20240305,45.85,20240311,43.2,4,Close Confirmed Stop,20240308,0,-0.0577971646673936,-0.061374296200734,-0.0632579640923466,1.8949613857670504,0.03189066059225509,0.9890829694323144,Pre-breakout,0.1989795918367347,-0.00030369290573372206,0.19867589893100096,44.25,44.25,0.012141280353201056,0.0730643402399127,-0.05452562704471098,-0.021810250817884458,0.007633587786259666,,,0.0439814814814814
1785,光洋科,20240529,20240530,50.2,20240606,48.5,5,Close Confirmed Stop,20240605,0,-0.033864541832669404,-0.03755328303548205,-0.03947916818484129,3.6510314462754696,0.044652128764278265,1.029682702149437,Breakout,0.24576390518657593,-0.0245716967847923,0.2211922084017836,48.15,48.15,-0.001988071570576455,0.041832669322709126,-0.054780876494023856,0.003984063745019917,-0.02689243027888444,-0.04880478087649409,,0.11134020618556706
1785,光洋科,20240617,20240618,56.7,20240627,65.3,8,Day 8 Time Stop,20240627,0,0.15167548500881822,0.14728240402848713,0.1450117095868752,2.5123101245986588,0.06704980842911867,1.0333951762523192,Extended Breakout,0.06131191307463482,0.0,0.06131191307463482,53.7,53.865,0.01795332136445249,0.23633156966490287,-0.01940035273368612,-0.0017636684303351524,0.06172839506172845,0.17283950617283939,0.15167548500881822,0.1102603369065851
1785,光洋科,20240830,20240902,67.3,20240905,62.3,3,Close Confirmed Stop,20240904,0,-0.0742942050520059,-0.07780243987917425,-0.0796477585188496,3.072845663844921,0.05246422893481717,0.9954887218045113,Pre-breakout,0.020177310779321653,0.005696038664020023,0.025873349443341676,63.0,63.934999999999995,0.016616314199395577,0.03417533432392261,-0.10995542347696874,0.014858841010401136,-0.09063893016344715,,,-0.0048154093097912964
1785,光洋科,20250609,20250610,60.6,20250619,60.5,8,Day 8 Time Stop,20250619,0,-0.0016501650165017256,-0.005448365490352894,-0.0074461570189063376,4.296022327607724,0.0528109028960817,1.0369127516778522,Extended Breakout,0.11489510088814309,0.00014324888470511194,0.1150383497728482,59.5,59.5,-0.01941747572815522,0.04785478547854782,-0.008250825082508295,0.028052805280528004,0.028052805280528004,0.008250825082508184,-0.0016501650165017256,-0.016528925619834656
1785,光洋科,20250922,20250923,65.1,20250930,62.3,4,Close Confirmed Stop,20250926,0,-0.043010752688172005,-0.046631951398624624,-0.04853963655930273,2.324223787996036,0.05263157894736836,1.0174880763116056,Breakout,0.08979888809749921,-0.00017806267806267807,0.08962082541943653,60.4,61.84499999999999,0.01718749999999991,0.006144393241167556,-0.06912442396313356,-0.03379416282642078,-0.03993855606758823,,,0.027287319422151013
1785,光洋科,20251210,20251211,64.7,20251217,61.9,4,Close Confirmed Stop,20251216,0,-0.043276661514683235,-0.046896533313757004,-0.04880368898303373,7.050107006606495,0.06333333333333324,1.0323624595469256,Extended Breakout,0.3047209568404772,0.04981248808186961,0.3545334449223468,60.7,61.464999999999996,0.014106583072100332,0.026275115919629055,-0.0602782071097373,-0.018547140649149974,-0.007727975270479082,,,0.13085621970920847
1785,光洋科,20260312,20260313,82.1,20260323,91.8,6,Trailing Stop,20260320,0,0.11814859926918397,0.11389829377720713,0.11170269230518662,3.716486163875096,0.0463659147869675,1.0283251231527093,Breakout,0.17088931682638234,1.6601023453095883e-05,0.17090591784983544,79.4,79.4,-0.016766467065868373,0.3032886723507917,-0.04872107186358099,-0.0012180267965894442,0.10353227771010953,0.23629719853836795,,0.08714596949891074
1795,美時,20220325,20220328,126.0,20220408,131.0,7,Trailing Stop,20220407,0,0.039682539682539764,0.03573333333333333,0.0336776233116647,3.0603557824617647,0.02892561983471076,1.0163265306122449,Breakout,0.020039570228034365,0.027375485605733794,0.04741505583376816,121.0,121.0,0.012048192771084265,0.1071428571428572,-0.023809523809523836,-0.007936507936507908,0.059523809523809534,0.03571428571428581,,0.03053435114503822
1795,美時,20220608,20220609,144.5,20220615,136.5,4,Close Confirmed Stop,20220614,0,-0.05536332179930792,-0.058950323324477416,-0.0608333711837799,5.327583894860986,0.043010752688172005,1.043010752688172,Extended Breakout,0.06202686024156034,0.03399706908530364,0.09602392932686397,136.5,137.275,-0.0068728522336769515,0.05190311418685112,-0.0726643598615917,0.006920415224913601,-0.01038062283737029,,,0.09523809523809534
1795,美時,20220817,20220818,168.0,20220824,177.5,4,Trailing Stop,20220823,0,0.05654761904761907,0.05251370504078085,0.050407594975259526,5.38232153279717,0.04024767801857587,1.0402476780185759,Extended Breakout,0.13535239688272335,0.007514375544682496,0.14286677242740584,160.0,160.0,0.0,0.14880952380952372,-0.005952380952380931,0.09821428571428581,0.0714285714285714,,,0.07323943661971821
1795,美時,20221121,20221122,195.0,20221130,229.5,6,Trailing Stop,20221129,0,0.17692307692307696,0.1724628940932087,0.17011679784689396,1.934000222516503,0.02673796791443861,1.0052356020942408,Breakout,0.06988854569534424,0.009511108208743601,0.07939965390408783,185.0,185.25,0.015625,0.30000000000000004,-0.038461538461538436,0.01538461538461533,0.22564102564102573,0.26410256410256405,,0.17647058823529416
1795,美時,20230217,20230220,297.5,20230223,279.0,3,Close Confirmed Stop,20230222,0,-0.06218487394957983,-0.06575498958403334,-0.06762442622538112,1.8837990763840082,0.0369718309859155,1.0051194539249146,Breakout,0.07643678183115264,0.011090004055710489,0.08752678588686313,282.5,282.625,0.01018675721561979,0.015126050420168013,-0.07058823529411762,-0.043697478991596594,-0.07058823529411762,,,0.03405017921146958
1795,美時,20231201,20231204,270.0,20231213,264.5,8,Day 8 Time Stop,20231213,0,-0.020370370370370372,-0.024097792008538458,-0.02605058914826305,2.2434954095949533,0.03481624758220514,1.0132575757575757,Breakout,0.01757391606726965,0.02480640582032897,0.042380321887598625,260.5,260.5,0.009345794392523255,0.04444444444444451,-0.022222222222222254,0.025925925925925908,0.0,0.007407407407407307,-0.020370370370370372,0.05860113421550084
1795,美時,20240408,20240409,327.0,20240419,319.5,8,Close Confirmed Stop,20240418,0,-0.022935779816513735,-0.026655245389499142,-0.028602921256077666,2.0041177302995674,0.023622047244094446,1.0046367851622875,Breakout,0.030198331330508123,0.028949787961706396,0.05914811929221452,322.0,322.0,0.006153846153846176,0.06116207951070329,-0.030581039755351647,-0.012232415902140636,-0.006116207951070374,0.01681957186544336,-0.01834862385321101,0.020344287949921824
1795,美時,20260113,20260114,294.5,20260120,319.5,4,Trailing Stop,20260119,0,0.08488964346349737,0.08075546519247895,0.0785928551684319,2.708615392262722,0.02626970227670755,0.9949066213921901,Pre-breakout,0.05989781509304437,-0.0003313579944062954,0.05956645709863807,285.5,285.5,0.005119453924914641,0.16977928692699495,-0.005093378607809895,0.013582342954159499,0.14601018675721567,,,0.1001564945226916
1795,美時,20260127,20260128,348.0,20260206,331.5,8,Day 8 Time Stop,20260206,0,-0.04741379310344829,-0.051035404141616565,-0.052900927890116994,2.3750207950502826,0.040723981900452566,1.0014513788098693,Breakout,0.15752905756833255,0.010633655074816084,0.16816271264314864,331.5,331.5,0.008695652173912993,0.06178160919540221,-0.054597701149425304,-0.005747126436781658,0.03735632183908044,0.04022988505747116,-0.04741379310344829,0.02865761689291091
1802,台玻,20221122,20221123,25.0,20221125,24.15,2,Close Confirmed Stop,20221124,0,-0.03400000000000003,-0.037684926029588166,-0.039616687144383655,1.9661998469751258,0.024896265560165887,1.0206611570247934,Breakout,0.26865581677196204,0.0120956493430413,0.28075146611500335,24.0,24.0,0.012145748987854255,0.008000000000000007,-0.08200000000000007,-0.01200000000000001,,,,0.0020703933747412417
1802,台玻,20240617,20240618,20.65,20240624,19.8,4,Close Confirmed Stop,20240621,0,-0.04116222760290544,-0.04477960247768011,-0.046693473308898094,3.9368646565080074,0.06578947368421062,1.0175879396984926,Breakout,0.03398175072459436,0.009126076401922626,0.043107827126516986,19.05,19.617499999999996,0.01975308641975304,0.016949152542373058,-0.0556900726392251,-0.03631961259079908,-0.04358353510895874,,,-0.00757575757575768
1802,台玻,20250725,20250728,20.65,20250806,23.0,7,Trailing Stop,20250805,0,0.11380145278450371,0.10958867574793807,0.10736549580383793,4.709935823281558,0.024691358024691468,1.0246913580246915,Breakout,0.10192962112440128,0.0011325157152026677,0.10306213683960394,19.75,19.75,-0.004819277108433773,0.23486682808716708,-0.01210653753026636,0.08232445520581133,0.053268765133172025,0.21065375302663436,,0.2978260869565219
1802,台玻,20251008,20251009,32.05,20251015,28.7,3,Close Confirmed Stop,20251014,0,-0.10452418096723859,-0.1079478054567021,-0.10970316649744769,2.8781834544746268,0.036006546644844484,1.0360065466448445,Extended Breakout,0.04617191397438909,0.006669318141529019,0.05284123211591811,30.1,30.447499999999994,0.012638230647709303,0.018720748829953227,-0.12168486739469575,-0.009360374414976502,-0.1092043681747269,,,0.04181184668989535
1802,台玻,20251113,20251114,35.5,20251117,36.5,1,Close Confirmed Stop,20251114,0,0.028169014084507005,0.024258984654859296,0.022238129750997673,7.053543667474677,0.02269503546099272,1.0226950354609927,Breakout,0.033170431060543557,0.001771746901829844,0.0349421779623734,35.25,35.25,-0.015256588072121935,0.04366197183098586,-0.018309859154929553,-0.014084507042253502,,,,-0.06027397260273981
1802,台玻,20260417,20260420,75.5,20260421,71.4,1,Close Confirmed Stop,20260420,0,-0.05430463576158928,-0.05788464424471818,-0.059778840929918815,3.0896440487068024,0.06151645207439205,1.0192307692307694,Breakout,0.0585784191601268,-4.6137953296999805e-06,0.058573805364797095,69.1,71.725,0.017520215633423097,0.0066225165562914245,-0.06754966887417213,-0.060927152317880706,,,,0.07703081232492992
1808,潤隆,20251020,20251021,34.75,20251031,38.0,8,Day 8 Time Stop,20251031,0,0.09352517985611519,0.08938794216907629,0.08720328930874169,4.024877238718118,0.03308270676691727,1.0330827067669173,Extended Breakout,0.3914815240016973,0.0,0.3914815240016973,33.4,33.4,0.011644832605531175,0.09352517985611519,-0.004316546762589857,0.03453237410071952,0.03597122302158273,0.04028776978417259,0.09352517985611519,0.05789473684210544
1815,富喬,20240523,20240524,24.6,20240531,26.4,5,Trailing Stop,20240530,0,0.07317073170731692,0.06907471482762978,0.066965435234169,8.10645581692244,0.044303797468354444,1.0443037974683544,Extended Breakout,0.05197244682119469,0.0006888846692249606,0.05266133149041965,23.85,23.85,-0.006060606060605989,0.17682926829268286,-0.0487804878048782,0.05284552845528445,0.022357723577235644,0.05081300813008127,,0.10795454545454541
1815,富喬,20250523,20250526,32.25,20250605,39.2,8,Day 8 Time Stop,20250605,0,0.21550387596899223,0.21088503391157992,0.20845707359177007,2.6017531457214598,0.06260296540362442,1.0173501577287067,Breakout,0.12700352072426327,0.0,0.12700352072426327,30.15,30.6375,0.0,0.2310077519379845,-0.010852713178294615,0.007751937984496138,0.09457364341085261,0.08217054263565893,0.21550387596899223,0.05612244897959173
1815,富喬,20250717,20250718,48.15,20250722,44.95,2,Close Confirmed Stop,20250721,0,-0.06645898234683267,-0.0699979506455466,-0.07186456884275227,4.140238856885603,0.06966292134831464,1.0461538461538462,Extended Breakout,0.12074838335790264,-0.0010124563643637281,0.11973592699353891,43.5,45.7425,0.011554621848739455,0.012461059190031154,-0.07580477673935615,-0.0425752855659397,,,,0.07897664071190214
1815,富喬,20251224,20251226,92.3,20260105,91.4,5,Trailing Stop,20260102,0,-0.009750812567713929,-0.013512387743880984,-0.015497952035777833,2.0004302825522093,0.03986332574031892,1.0032967032967033,Breakout,0.14281983958719816,0.01791198341309804,0.1607318230002962,87.8,87.8,0.010952902519167473,0.09967497291440952,-0.018418201516793076,0.003250270855904569,0.04983748645720487,-0.01733477789815807,,0.012035010940919078
1904,正隆,20260609,20260610,22.85,20260622,22.55,8,Day 8 Time Stop,20260622,0,-0.013129102844638973,-0.016891621542319032,-0.018861711504589547,1.8707997244420114,0.04147465437788034,0.9868995633187774,Pre-breakout,0.06216189974799552,-8.937702515304848e-05,0.06207252272284247,21.85,21.85,0.01106194690265494,0.04814004376367609,-0.035010940919037226,0.013129102844638751,0.002188183807439792,0.008752735229759168,-0.013129102844638973,0.0022172949002217113
1905,華紙,20230703,20230704,30.0,20230707,28.2,3,Close Confirmed Stop,20230706,0,-0.06000000000000005,-0.06357457017193123,-0.06541862463543707,2.1437198123105903,0.060390763765541866,0.9933444259567388,Pre-breakout,0.18039796399733712,0.0,0.18039796399733712,28.2,28.5,0.005025125628140614,0.02499999999999991,-0.06499999999999995,-0.025000000000000022,-0.05833333333333335,,,0.0035460992907800915
1905,華紙,20231218,20231219,24.6,20231226,23.9,5,Day 5 Weakness,20231225,0,-0.028455284552845628,-0.03214397621285769,-0.0340836888735544,9.464492249303609,0.05756929637526653,1.0442105263157895,Extended Breakout,0.04606132758383906,0.0,0.04606132758383906,23.7,23.7,-0.008064516129032251,0.03658536585365857,-0.03658536585365857,0.028455284552845406,-0.002032520325203291,-0.03455284552845539,,0.004184100418409997
1905,華紙,20240927,20240930,22.1,20241008,21.0,4,Close Confirmed Stop,20241007,0,-0.04977375565610864,-0.05335364329354672,-0.055250499510696084,4.482477607363815,0.04761904761904767,1.035294117647059,Extended Breakout,0.1811571999844453,-0.0005142054064199188,0.18064299457802538,21.0,21.0,0.00454545454545463,0.006787330316742057,-0.06561085972850689,-0.018099547511312264,-0.04977375565610864,,,-0.033333333333333326
1907,永豐餘,20221114,20221115,27.95,20221122,27.95,5,Day 5 Weakness,20221121,0,0.0,-0.0037997023566487295,-0.005796650423073049,2.586539356402007,0.03339517625231925,1.0276752767527675,Breakout,0.4155499968512877,0.0002495676863752764,0.415799564537663,27.1,27.1,0.0035906642728904536,0.028622540250447193,-0.03220035778175312,0.005366726296959001,-0.01073345259391778,-0.012522361359570633,,0.012522361359570633
1907,永豐餘,20230523,20230524,33.7,20230531,32.0,5,Day 5 Weakness,20230530,0,-0.05044510385756684,-0.05402432927845371,-0.05592122927986554,1.8058731120919578,0.04212168486739465,1.0045112781954886,Breakout,0.395256867676066,-0.008528607729921457,0.38672825994614457,31.9,32.015,0.008982035928143839,0.007418397626112849,-0.05934718100890213,0.007418397626112849,-0.04451038575667654,-0.04747774480712175,,0.19999999999999996
1907,永豐餘,20230626,20230627,38.7,20230628,36.55,1,Close Confirmed Stop,20230627,0,-0.05555555555555569,-0.059132796747154825,-0.06102008678308336,3.4765692094968657,0.05066666666666664,1.0260416666666667,Breakout,-0.292845944014201,0.36092514684961946,0.06807920283541843,37.7,37.7,-0.01776649746192882,0.018087855297157507,-0.0620155038759691,-0.05684754521963831,,,,0.06976744186046524
1907,永豐餘,20231201,20231204,32.75,20231213,35.0,8,Day 8 Time Stop,20231213,0,0.06870229007633588,0.06464296424644297,0.06250817224099445,2.108816232250534,0.029874213836478036,1.0202492211838006,Breakout,0.319756792462808,0.0,0.319756792462808,31.55,31.55,0.0,0.07480916030534357,-0.010687022900763399,0.05496183206106853,0.05038167938931304,0.02442748091603053,0.06870229007633588,0.01571428571428557
2002,中鋼,20240409,20240410,26.15,20240415,24.8,3,Close Confirmed Stop,20240412,0,-0.05162523900573601,-0.05520386722011052,-0.057097508916391954,5.066185045846493,0.04200000000000004,1.042,Extended Breakout,0.3245117706901099,-0.0008159245747500099,0.32369584611535984,25.05,25.05,0.0038387715930900956,0.003824091778202643,-0.05162523900573601,-0.021032504780114647,-0.04971319311663469,,,0.008064516129032251
2002,中鋼,20240927,20240930,23.45,20241014,22.35,8,Day 8 Time Stop,20241014,0,-0.046908315565031944,-0.05052233744548736,-0.0524250700552348,3.956268086026723,0.0620689655172415,1.0289532293986638,Breakout,0.37256609401435636,0.01194173688363819,0.3845078308979945,21.85,22.2775,0.015151515151515138,0.021321961620469176,-0.05117270788912576,-0.01279317697228144,0.010660980810234477,0.010660980810234477,-0.046908315565031944,0.03803131991051445
2002,中鋼,20250506,20250507,21.95,20250509,21.2,2,Close Confirmed Stop,20250508,0,-0.034168564920273314,-0.03785542594438536,-0.03978340279848866,1.9002769020864019,0.03546099290780136,1.0138888888888888,Breakout,0.233114221491809,-0.017867302184372432,0.21524691930743656,21.45,21.45,0.0022831050228311334,0.006833712984054774,-0.03189066059225509,-0.018223234624145768,,,,0.01650943396226423
2002,中鋼,20250723,20250724,19.75,20250730,19.35,4,Close Confirmed Stop,20250729,0,-0.02025316455696191,-0.02397932816537458,-0.025934813240166797,2.925854627678166,0.03896103896103886,1.0204081632653061,Breakout,0.4087314305856461,-0.004113446499478379,0.4046179840861677,19.35,19.35,-0.012499999999999956,0.012658227848101333,-0.027848101265822822,-0.005063291139240533,-0.017721518987341867,,,0.028423772609818876
2002,中鋼,20260129,20260130,20.8,20260210,20.5,8,Day 8 Time Stop,20260210,0,-0.014423076923076983,-0.018183272455808322,-0.020119789482892895,4.968481688163688,0.05612244897959173,1.037593984962406,Extended Breakout,0.07484320234006382,-0.0017456409529937155,0.0730975613870701,19.8,19.8,0.004830917874396157,0.03846153846153855,-0.03125000000000011,-0.0024038461538461453,-0.007211538461538547,0.007211538461538325,-0.014423076923076983,0.03658536585365857
2006,東和鋼鐵,20220606,20220607,68.5,20220614,68.5,5,Day 5 Weakness,20220613,0,0.0,-0.003806788773312407,-0.005800189478838504,3.6505668455435165,0.039393939393939315,1.0331325301204817,Extended Breakout,0.171499901891549,0.02009389677021755,0.19159379866176657,67.3,67.3,-0.001457725947521804,0.0262773722627736,-0.010218978102189857,0.011678832116788218,0.021897810218978186,0.0,,0.007299270072992803
2006,東和鋼鐵,20260305,20260306,80.0,20260316,77.7,6,Close Confirmed Stop,20260313,0,-0.028749999999999942,-0.03243702518992403,-0.03438297011673454,2.1032173085314194,0.021437578814627933,1.0087173100871731,Breakout,0.495933612382915,-0.034405491755758036,0.461528120627157,79.5,79.5,-0.012345679012345734,0.050000000000000044,-0.03375000000000006,0.0050000000000001155,0.020000000000000018,0.012499999999999956,,0.01158301158301156
2006,東和鋼鐵,20260612,20260615,69.0,20260625,70.0,8,Day 8 Time Stop,20260625,0,0.01449275362318847,0.010648240870552106,0.008625932566372048,1.8603344308242342,0.02086438152011927,1.0088365243004418,Breakout,0.16496993007389668,0.17484576005640579,0.3398156901303025,66.8,66.8,0.007299270072992803,0.04057971014492745,-0.01449275362318836,0.0,0.008695652173912993,0.008695652173912993,0.01449275362318847,0.014285714285714235
2009,第一銅,20240314,20240315,36.05,20240320,35.3,3,Trailing Stop,20240319,0,-0.020804438280166426,-0.02452875463246861,-0.02648516308728534,6.533176613885553,0.0602055800293686,1.0197740112994351,Breakout,0.0517402065363002,0.0,0.0517402065363002,35.35,35.35,-0.0013850415512466352,0.11789181692094308,-0.03883495145631066,0.038834951456310884,-0.001386962552010984,,,0.056657223796034106
2009,第一銅,20240401,20240402,40.0,20240412,50.0,6,Trailing Stop,20240411,0,0.25,0.24526855924296947,0.24277047232914145,3.9537794806119257,0.06809078771695587,0.9925558312655087,Pre-breakout,0.03535310558533849,0.0,0.03535310558533849,38.1,38.1,0.0,0.3374999999999999,-0.03125,0.050000000000000044,0.1312500000000001,0.2875000000000001,,0.1259999999999999
2009,第一銅,20260129,20260130,55.6,20260202,47.8,1,Close Confirmed Stop,20260130,0,-0.1402877697841728,-0.1435337753999281,-0.14524755384209148,3.13829827879195,0.05576923076923079,1.0457142857142856,Extended Breakout,0.06818931065221545,0.0,0.06818931065221545,50.4,52.82,0.012750455373406355,0.021582733812949506,-0.1007194244604317,-0.09892086330935257,,,,-0.013598326359832602
2010,春源,20240429,20240430,22.5,20240508,21.65,5,Close Confirmed Stop,20240507,0,-0.0377777777777778,-0.041462114016231,-0.043316310125593206,2.7745889763445053,0.051162790697674376,1.0134529147982063,Breakout,0.02803889339806765,0.0235380154812598,0.05157690887932745,21.75,21.75,-0.004424778761062065,0.01777777777777767,-0.0444444444444444,0.0022222222222223476,0.0022222222222223476,-0.039999999999999925,,-0.009237875288683584
2014,中鴻,20221215,20221216,27.2,20221220,26.4,2,Close Confirmed Stop,20221219,0,-0.02941176470588236,-0.03310167275831706,-0.035039795996599656,5.057187892852347,0.06563706563706573,1.0072992700729928,Breakout,0.018661278830310768,0.06102761489309329,0.07968889372340406,26.5,26.5,-0.01449275362318847,0.03308823529411775,-0.044117647058823484,0.011029411764705843,,,,0.07196969696969702
2014,中鴻,20230918,20230919,24.8,20230926,24.0,5,Day 5 Weakness,20230925,0,-0.032258064516129115,-0.03594575132021126,-0.03787789415209129,4.23603540586176,0.024896265560165887,1.0185567010309278,Breakout,0.18115399896119713,0.006664974207549563,0.18781897316874668,24.0,24.0,0.004048582995951566,0.01814516129032251,-0.03629032258064524,0.0,-0.020161290322580627,-0.032258064516129115,,-0.027083333333333237
2014,中鴻,20231115,20231116,22.3,20231127,23.25,8,Day 8 Time Stop,20231127,0,0.04260089686098656,0.03865124727133359,0.0365670326190734,2.561907936563632,0.04245283018867929,0.997742663656885,Pre-breakout,0.2688461240005988,0.00713877121616035,0.2759848952167592,21.4,21.4,0.009049773755656076,0.053811659192825045,-0.011210762331838597,0.006726457399103047,-0.004484304932735439,0.017937219730941534,0.04260089686098656,0.027956989247311714
2014,中鴻,20250224,20250225,23.0,20250307,24.85,8,Day 8 Time Stop,20250307,0,0.08043478260869574,0.07633648846820429,0.07417959246834077,2.0179660514909723,0.03393665158371051,1.0066079295154187,Breakout,0.008856678830157767,0.06662674004959936,0.07548341887975712,21.85,21.85,0.006564551422319376,0.13695652173913042,-0.008695652173912993,0.0565217391304349,0.07173913043478253,0.0304347826086957,0.08043478260869574,0.026156941649899235
2020,美亞,20240515,20240516,42.05,20240517,40.9,1,Close Confirmed Stop,20240516,0,-0.02734839476813311,-0.031038236426710226,-0.032982308887165954,2.010551667741135,0.024570024570024662,1.0096852300242132,Breakout,0.2569801841370403,0.0,0.2569801841370403,41.05,41.05,0.008393285371702586,0.0,-0.030915576694411362,-0.02734839476813311,,,,0.01833740831295838
2027,大成鋼,20220818,20220819,40.9,20220826,40.8,5,Day 5 Weakness,20220825,0,-0.0024449877750611915,-0.006245061133580388,-0.00823876961964641,2.531818581124701,0.027812895069532217,1.006188118811881,Breakout,0.002271662396299828,0.03598879879155291,0.038260461187852736,39.7,39.7,0.006150061500614923,0.004889975550122383,-0.03422982885085568,-0.006112469437652757,-0.025672371638141733,-0.013447432762836109,,-0.02450980392156865
2027,大成鋼,20221114,20221115,41.4,20221122,39.9,5,Day 5 Weakness,20221121,0,-0.036231884057971064,-0.03991916119737474,-0.041778687424351785,5.831922304448388,0.0394904458598726,1.0074074074074073,Breakout,0.2661043697516364,4.7548587405168505e-05,0.2661519183390416,39.05,39.33,0.014705882352941124,0.01690821256038655,-0.050724637681159424,-0.0024154589371980784,-0.007246376811594124,-0.03019323671497587,,0.020050125313283207
2027,大成鋼,20221205,20221206,43.3,20221213,42.95,5,Day 5 Weakness,20221212,0,-0.008083140877597983,-0.011849637705333574,-0.013826935748675329,3.78454306122626,0.06913580246913575,1.028503562945368,Breakout,0.4365293608319767,-0.0006640118767578865,0.43586534895521883,40.8,41.135,0.0,0.011547344110854452,-0.04503464203233243,-0.011547344110854452,-0.002309468822170757,-0.019630484988452546,,0.055878928987194376
2027,大成鋼,20230605,20230606,47.0,20230613,46.8,5,Day 5 Weakness,20230612,0,-0.004255319148936176,-0.008053870258017274,-0.010011380897709615,3.8990251921576786,0.026258205689277725,1.0229007633587786,Breakout,0.4886926802813416,0.0013654489095728465,0.49005812919091446,46.05,46.05,0.002132196162046851,0.014893617021276562,-0.009574468085106425,-0.0021276595744681437,0.005319148936170137,-0.0010638297872339608,,0.042735042735042805
2027,大成鋼,20230615,20230616,48.2,20230627,47.7,5,Day 5 Weakness,20230626,0,-0.010373443983402453,-0.014136914685053546,-0.0161156925837539,2.2403965977509537,0.02021276595744692,1.0052410901467506,Breakout,0.36538486100307066,0.002162762988243275,0.3675476239913139,47.15,47.15,0.005213764337852034,0.012448132780082943,-0.025933609958506243,0.003112033195020736,-0.014522821576763545,-0.012448132780083054,,0.01048218029350112
2027,大成鋼,20230915,20230918,38.55,20230925,38.1,5,Day 5 Weakness,20230922,0,-0.01167315175097261,-0.015434660160845588,-0.017409627230857466,4.063026313588182,0.04761904761904767,1.0294117647058825,Breakout,0.1088310005500532,-0.005036387172662461,0.10379461337739072,36.85,36.85,0.0012987012987011326,0.011673151750972943,-0.027237354085603016,0.0038910505836577958,-0.0038910505836575737,-0.01037613488975353,,-0.002624671916010568
2027,大成鋼,20231116,20231117,38.25,20231128,38.65,8,Day 8 Time Stop,20231128,0,0.010457516339869244,0.0066199999999999514,0.004600849606731632,4.884386369378611,0.029689608636977116,1.0119363395225462,Breakout,0.2227140905291488,-0.032971875076188886,0.1897422154529599,37.3,37.3,0.002621231979030192,0.01437908496732021,-0.010457516339869244,-0.0039215686274509665,0.006535947712418277,0.010457516339869244,0.010457516339869244,0.019404915912031084
2027,大成鋼,20231215,20231218,39.95,20231225,39.7,5,Day 5 Weakness,20231222,0,-0.006257822277847325,-0.010025188076531718,-0.012006130754717,8.4449120836248,0.035340314136125484,1.0038071065989846,Breakout,0.1614846056587448,0.024907245102469815,0.18639185076121462,39.0,39.0,0.010113780025284624,0.016270337922402955,-0.03128911138923651,-0.005006257822277926,-0.006257822277847325,-0.018773466833541974,,0.0025188916876572875
2027,大成鋼,20240321,20240322,37.85,20240327,36.35,3,Close Confirmed Stop,20240326,0,-0.039630118890356725,-0.043248902938391155,-0.045167910698943894,2.1701327396102505,0.02060439560439553,1.0054127198917455,Breakout,-0.017064559603872972,0.21296548543241,0.19590092582853702,36.65,36.65,0.018842530282638048,0.005284015852047519,-0.04623513870541607,-0.019815059445178362,-0.036988110964332854,,,0.02751031636863832
2027,大成鋼,20240409,20240410,37.8,20240417,36.9,5,Day 5 Weakness,20240416,0,-0.023809523809523725,-0.027534897990489367,-0.029485524820102645,2.286075878130326,0.024590163934426146,0.985545335085414,Pre-breakout,0.10151493411580911,0.004898922730365524,0.10641385684617465,36.5,36.5,0.008000000000000007,0.0,-0.03835978835978826,-0.021164021164021052,-0.034391534391534306,-0.02910052910052896,,0.05555555555555558
2027,大成鋼,20240520,20240521,39.85,20240527,38.25,4,Close Confirmed Stop,20240524,0,-0.04015056461731492,-0.04377034744089237,-0.0456837469318374,13.032800459780843,0.05533596837944654,1.0416124837451235,Extended Breakout,0.1765932135793181,0.13883593453179874,0.31542914811111683,38.85,38.85,-0.004993757802746468,0.023839397741530544,-0.04391468005018817,0.005018820577164185,-0.012547051442910906,,,0.010457516339869244
2027,大成鋼,20250211,20250212,44.4,20250213,42.8,1,Close Confirmed Stop,20250212,0,-0.03603603603603611,-0.03972383430058047,-0.04164538349198672,8.563209019728797,0.03818615751789989,1.0381861575178999,Extended Breakout,0.1004995207965434,0.04975063517263004,0.15025015596917343,42.25,42.25,0.020689655172413834,0.009009009009008917,-0.057432432432432345,-0.05405405405405406,,,,0.0981308411214954
2027,大成鋼,20250725,20250728,38.9,20250804,38.9,5,Day 5 Weakness,20250801,0,0.0,-0.0037995060642116527,-0.005797842056962018,6.990448631858663,0.04488078541374474,1.0013440860215053,Breakout,-0.018827907234196806,0.12733540927836687,0.10850750204417005,35.85,36.955,0.04429530201342269,0.04755784061696655,-0.06426735218508994,-0.028277634961439646,0.03984575835475579,0.0,,0.11696658097686385
2027,大成鋼,20251014,20251015,39.5,20251016,38.6,1,Close Confirmed Stop,20251015,0,-0.02278481012658229,-0.02650996082353917,-0.02846284492238434,2.0788418072440944,0.020618556701031077,0.9974811083123425,Pre-breakout,0.1970998760969279,-0.015063762570870975,0.18203611352605692,38.75,38.75,-0.002525252525252597,0.010126582278481067,-0.032911392405063244,-0.027848101265822822,,,,0.023316062176165664
2027,大成鋼,20260126,20260127,38.05,20260204,38.3,6,Trailing Stop,20260203,0,0.006570302233902758,0.002733752508718004,0.0007557383797202279,2.0224532232735117,0.03305785123966953,0.9973404255319148,Pre-breakout,0.2980287942774262,0.0034009819246993353,0.3014297762021255,36.45,36.45,0.014666666666666606,0.08015768725361383,-0.013140604467805517,-0.00525624178712214,0.05650459921156381,0.01182654402102501,,0.02088772845953013
2027,大成鋼,20260514,20260515,40.05,20260527,41.5,8,Trailing Stop,20260526,0,0.0362047440699127,0.032291494845790344,0.03022066732669444,2.441437044757842,0.044619422572178324,0.983930778739184,Pre-breakout,0.2512199959481991,-0.050042521018104094,0.201177474930095,38.1,38.1,0.00628140703517599,0.11735330836454438,-0.019975031210986205,-0.004993757802746468,-0.0012484394506865337,0.05742821473158566,0.03245942571785276,0.06867469879518073
2030,彰源,20260623,20260624,19.85,20260625,19.35,1,Close Confirmed Stop,20260624,0,-0.02518891687657432,-0.02891151078057746,-0.030859615655709473,1.9209606809845527,0.028061224489795755,1.0151133501259444,Breakout,0.3400310789850042,0.0,0.3400310789850042,19.55,19.55,-0.014888337468982438,0.0,-0.032745591939546737,-0.027707808564231717,,,,-0.012919896640826822
2031,新光鋼,20220325,20220328,67.0,20220408,68.7,7,Trailing Stop,20220407,0,0.025373134328358304,0.021491271986916374,0.019447270574865876,1.885335168243334,0.030303030303030276,1.0119047619047619,Breakout,0.05353276109884238,0.09072745577601835,0.14426021687486074,65.6,65.6,-0.014705882352941124,0.09701492537313428,-0.03731343283582089,0.013432835820895717,0.005970149253731405,0.03731343283582089,,0.13100436681222716
2031,新光鋼,20220812,20220815,38.4,20220824,39.05,8,Day 8 Time Stop,20220824,0,0.01692708333333326,0.013087286350425349,0.01105519539405811,2.9191213131900864,0.03804347826086962,1.001310615989515,Breakout,0.04325525797412969,0.059847883387486325,0.10310314136161601,37.0,37.0,0.005235602094240788,0.05208333333333326,-0.01432291666666663,0.04166666666666674,0.02213541666666674,0.0234375,0.01692708333333326,0.015364916773367598
2031,新光鋼,20230131,20230201,48.55,20230208,47.2,5,Day 5 Weakness,20230207,0,-0.02780638516992784,-0.031499281718269954,-0.033437261723909706,2.251431699312468,0.03862660944205998,1.0308839190628327,Extended Breakout,0.25930915301849,-0.050365976927314295,0.20894317609117571,46.85,46.85,0.0030991735537189147,0.00720906282183309,-0.044284243048403726,-0.013388259526261548,-0.019567456230689895,-0.03089598352214218,,-0.007415254237288171
2031,新光鋼,20231218,20231219,57.4,20231229,58.4,8,Trailing Stop,20231228,0,0.017421602787456525,0.013578072247354444,0.011549913002478531,12.332487042404045,0.028368794326241176,1.0283687943262412,Breakout,0.03533683200353436,0.027568835719952126,0.06290566772348649,56.4,56.4,-0.010344827586206917,0.11149825783972123,-0.0331010452961672,0.04703832752613235,0.07491289198606288,0.054006968641115094,0.013937282229965264,-0.003424657534246478
2031,新光鋼,20240223,20240226,63.5,20240307,64.5,8,Day 8 Time Stop,20240307,0,0.015748031496062964,0.011906350053361794,0.009873387870486203,3.740702412123939,0.0380165289256198,1.0096463022508038,Breakout,0.22687356556037813,-0.0007551488796611221,0.226118416680717,60.2,60.324999999999996,0.011146496815286566,0.07874015748031504,0.0,0.03307086614173227,0.051968503937007915,0.04251968503937009,0.015748031496062964,-0.0031007751937984773
2034,允強,20220728,20220729,28.75,20220809,29.9,8,Day 8 Time Stop,20220809,0,0.040000000000000036,0.03605043627544931,0.03400683829032595,3.2885507066254207,0.034545454545454435,0.9895652173913043,Pre-breakout,0.031792764410440155,0.0,0.031792764410440155,27.5,27.5,0.010544815465729274,0.07304347826086954,-0.008695652173912993,0.05913043478260871,0.03304347826086951,0.02086956521739136,0.040000000000000036,0.010033444816053505
2038,海光,20230131,20230201,24.5,20230206,23.1,3,Close Confirmed Stop,20230203,0,-0.05714285714285705,-0.060719999999999955,-0.06260242572156872,1.8856981432418234,0.027837259100642386,1.0084033613445378,Breakout,0.1971725516181017,0.010614672662020711,0.20778722428012242,23.4,23.4,0.02083333333333326,0.006122448979591688,-0.05714285714285705,-0.02448979591836742,-0.05714285714285705,,,0.017316017316017174
2049,上銀,20230202,20230203,231.5,20230214,241.0,8,Day 8 Time Stop,20230214,0,0.0410367170626349,0.03710398152332178,0.03502874994313301,3.13221560562174,0.028888888888888964,1.0021645021645023,Breakout,0.08628164483337472,0.07300333585535931,0.15928498068873403,224.0,224.0,0.0,0.08855291576673863,-0.030237580993520474,-0.008639308855291628,0.002159827213822796,0.06263498920086397,0.0410367170626349,0.051867219917012486
2049,上銀,20230221,20230222,248.0,20230307,263.0,8,Day 8 Time Stop,20230307,0,0.06048387096774199,0.05642885933091495,0.0543149129447391,2.226481118784594,0.048728813559322015,0.9821428571428571,Pre-breakout,0.03635913025831387,0.11597399285802024,0.1523331231163341,244.5,244.5,0.002020202020202033,0.092741935483871,-0.028225806451612878,-0.0040322580645161255,0.012096774193548487,0.006048387096774244,0.06048387096774199,0.034220532319391594
2049,上銀,20230307,20230308,265.0,20230313,241.0,3,Close Confirmed Stop,20230310,0,-0.09056603773584904,-0.09403478318923791,-0.0958476430326597,2.355277315052796,0.05622489959839361,1.0374753451676528,Extended Breakout,-0.06604296643677271,0.10698778999215867,0.040944823555385965,253.5,253.5,0.0076045627376426506,0.026415094339622636,-0.07169811320754715,-0.013207547169811318,-0.06792452830188678,,,0.06431535269709543
2049,上銀,20230411,20230412,262.0,20230419,257.5,5,Day 5 Weakness,20230418,0,-0.01717557251908397,-0.020917001338688086,-0.022876162475875674,1.8170853270957474,0.025590551181102317,0.9923809523809524,Pre-breakout,-0.00027057492214699184,0.07185361199164558,0.07158303706949859,254.5,254.5,0.0057581573896352545,0.009541984732824416,-0.03053435114503822,-0.001908396946564861,0.0,-0.026717557251908386,,-0.013592233009708687
2049,上銀,20241210,20241211,250.5,20241220,285.5,8,Day 8 Time Stop,20241220,0,0.13972055888223545,0.1353721308451956,0.13310022463168664,2.183896362882618,0.026422764227642226,0.9805825242718447,Pre-breakout,0.22512593602046865,0.010249564816134817,0.23537550083660347,244.5,244.5,-0.007920792079207928,0.18962075848303384,-0.0239520958083832,0.007984031936127733,-0.009980039920159722,0.07984031936127733,0.13972055888223545,0.18213660245183894
2049,上銀,20241223,20241224,301.5,20250103,311.0,7,Trailing Stop,20250102,0,0.031509121061359835,0.027611727867919156,0.02555548992679047,3.326851842293263,0.0525394045534151,1.0083892617449663,Breakout,-0.014287491949483505,0.043406682879622634,0.029119190930139132,288.0,288.0,0.0033277870216306127,0.11940298507462677,-0.0016583747927031434,0.06633499170812596,0.06135986733001664,0.05306799336650081,,0.012861736334405238
2049,上銀,20251008,20251009,228.5,20251014,217.0,2,Close Confirmed Stop,20251013,0,-0.05032822757111599,-0.05391461154430549,-0.055807716675723776,1.91563258087578,0.03160270880361171,0.9934782608695653,Pre-breakout,0.23065007180804753,-0.00017310571784988918,0.23047696609019763,220.5,220.5,0.0,0.015317286652078765,-0.08096280087527352,-0.017505470459518557,,,,0.009216589861751112
2049,上銀,20260116,20260119,224.0,20260128,259.5,8,Day 8 Time Stop,20260128,0,0.1584821428571428,0.1540565024828882,0.15178072234330794,4.905145589502168,0.030516431924882736,1.0257009345794392,Breakout,0.09774387150881254,0.019638387964608175,0.11738225947342072,216.0,216.0,0.0205011389521641,0.1830357142857142,-0.013392857142857095,0.02678571428571419,0.033482142857142794,0.03125,0.1584821428571428,0.05780346820809257
2061,風青,20260527,20260528,32.9,20260603,41.5,4,Trailing Stop,20260602,0,0.2613981762917934,0.2566243884217865,0.2541046496242163,3.228580158002706,0.04347826086956519,1.0434782608695652,Extended Breakout,0.06263351363285131,0.0,0.06263351363285131,31.55,31.55,-0.02083333333333337,0.30395136778115495,-0.006079027355622935,0.003039513677811634,0.2127659574468086,,,0.08313253012048194
2101,南港,20231228,20231229,42.9,20240110,43.0,8,Day 8 Time Stop,20240110,0,0.002331002331002363,-0.0014700441013229912,-0.003473544291166132,3.1298557426454834,0.02400960384153672,1.019115890083632,Breakout,0.21473446783248862,0.0,0.21473446783248862,41.3,41.3,0.0058616647127784915,0.07808857808857805,-0.02564102564102566,-0.020979020979020935,-0.002331002331002363,0.061771561771561734,0.002331002331002363,0.016279069767441978
2101,南港,20240409,20240410,42.5,20240419,50.0,8,Day 8 Time Stop,20240419,0,0.17647058823529416,0.17199619676725217,0.16965101441160635,3.7309427038969165,0.03071253071253066,1.0194410692588094,Breakout,0.32062154797737924,0.0,0.32062154797737924,40.9,40.9,0.013110846245530272,0.1976470588235293,-0.015294117647058791,-0.0117647058823529,0.09882352941176475,0.08705882352941186,0.17647058823529416,0.19399999999999995
2101,南港,20240604,20240605,64.4,20240607,60.2,2,Close Confirmed Stop,20240606,0,-0.0652173913043479,-0.06876293477535227,-0.07062634433181914,2.6035732983623125,0.05220228384991854,1.047077922077922,Extended Breakout,0.14762964829248604,0.0,0.14762964829248604,60.2,61.18,-0.0015503875968991832,0.012422360248447228,-0.09627329192546585,-0.015527950310559091,,,,-0.004983388704319025
2101,南港,20250825,20250826,40.4,20250902,39.65,5,Day 5 Weakness,20250901,0,-0.01856435643564358,-0.02229165555140586,-0.024253081968884635,4.075405610099185,0.033376123234916566,0.9950556242274412,Pre-breakout,0.32516817966930467,0.0,0.32516817966930467,39.2,39.2,0.003726708074534235,0.03836633663366351,-0.030940594059405968,-0.0024752475247524774,0.013613861386138737,-0.013613861386138515,,0.021437578814627933
2103,台橡,20260511,20260512,21.1,20260519,20.6,5,Day 5 Weakness,20260518,0,-0.023696682464455,-0.027421145453757446,-0.029369921212405215,2.031882747754734,0.039408866995073843,0.9976359338061467,Pre-breakout,0.07645351513552118,4.803871266914641e-05,0.07650155384819032,20.1,20.1,0.0,0.06398104265402837,-0.04739336492891,0.009478672985781866,0.04265402843601884,-0.03317535545023709,,0.0024271844660193054
2105,正新,20231011,20231012,44.9,20231018,43.1,4,Close Confirmed Stop,20231017,0,-0.04008908685968815,-0.04370575766867081,-0.0456246972786817,2.122977214501532,0.03944315545243615,1.0135746606334841,Breakout,0.36197117696753156,-0.009471959766930835,0.35249921720060073,43.6,43.6,0.0022321428571427937,0.0055679287305121505,-0.04454342984409798,0.0011135857461026522,-0.013363028953229383,,,0.025522041763341052
2105,正新,20231115,20231116,46.8,20231121,45.7,3,Close Confirmed Stop,20231120,0,-0.02350427350427342,-0.027226864995268323,-0.02917921586325115,2.192473431556371,0.023076923076922995,1.0119565217391304,Breakout,0.4836398997650482,-0.0017623553818991394,0.48187754438314906,45.8,45.8,0.005370569280343629,0.008547008547008739,-0.03418803418803407,-0.019230769230769162,-0.024572649572649596,,,0.042669584245076386
2105,正新,20240314,20240315,47.7,20240326,48.85,8,Day 8 Time Stop,20240326,0,0.024109014675052443,0.020228513461204668,0.018187035212962673,2.9178113728199677,0.02253218884120156,1.014909478168264,Breakout,0.3102449487931561,0.07824204255491021,0.3884869913480663,46.55,46.55,0.0010493179433368471,0.05870020964360578,-0.010482180293501009,0.01048218029350112,0.002096436058700135,0.030398322851152848,0.024109014675052443,0.03377686796315249
2105,正新,20240327,20240328,50.0,20240403,48.4,4,Close Confirmed Stop,20240402,0,-0.03200000000000003,-0.035685725709716114,-0.03762148176427341,2.0100282721388663,0.020470829068577334,0.9871287128712871,Pre-breakout,0.179704667263337,-0.0007115625208070837,0.1789931047425299,49.1,49.1,0.0030090270812437314,0.010000000000000009,-0.030000000000000027,-0.005999999999999894,-0.0050000000000000044,,,0.029958677685950397
2105,正新,20240513,20240514,51.9,20240523,58.5,8,Day 8 Time Stop,20240523,0,0.12716763005780352,0.1229182078093448,0.12066391491522473,2.562535786983631,0.03600000000000003,1.0257425742574258,Breakout,0.26553186563682263,0.00410680374351849,0.26963866938034114,49.9,49.9,0.0019305019305020377,0.1541425818882467,-0.019267822736030782,-0.0077071290944122905,0.025048169556840083,0.028901734104046284,0.12716763005780352,0.022222222222222143
2201,裕隆,20220103,20220104,43.3,20220111,42.95,5,Day 5 Weakness,20220110,0,-0.008083140877597983,-0.011849637705333574,-0.013826935748675329,4.451915916007363,0.022673031026253065,1.0082352941176471,Breakout,0.30835029609690595,-0.21823072531786752,0.09011957077903841,42.05,42.05,0.010501750291715295,0.01847575057736739,-0.01385681293302532,-0.0011547344110853786,0.006928406466512715,0.0,,0.020954598370197974
2201,裕隆,20220601,20220602,45.95,20220610,44.7,5,Day 5 Weakness,20220609,0,-0.027203482045701888,-0.030896120968656786,-0.032835305456191996,3.948700080162478,0.030371203599550034,1.03037120359955,Extended Breakout,0.19549690908401104,0.0,0.19549690908401104,44.3,44.3,0.0032751091703058233,0.0043525571273121955,-0.04026115342763881,-0.017410228509249226,-0.03482045701849845,-0.016322089227421066,,0.04809843400447433
2201,裕隆,20221115,20221116,50.7,20221125,60.6,8,Day 8 Time Stop,20221125,0,0.195266272189349,0.19075117511851258,0.1883684945785753,4.275598224629828,0.03232323232323231,1.0323232323232323,Extended Breakout,0.16676862098627127,0.011297556945587659,0.17806617793185892,48.5,48.5,-0.007827788649706457,0.22287968441814598,-0.04240631163708097,0.0039447731755424265,-0.029585798816568087,0.08284023668639051,0.195266272189349,0.1716171617161717
2201,裕隆,20221125,20221128,60.8,20221130,64.5,2,Trailing Stop,20221129,0,0.06085526315789469,0.05682909585678849,0.05470620273391035,3.138392766309337,0.05025996533795496,1.0376712328767124,Extended Breakout,0.03180905062210157,0.024715130335914652,0.05652418095801622,57.4,57.76,0.0033003300330032292,0.16776315789473695,-0.009868421052631526,0.06578947368421062,,,,0.06666666666666665
2201,裕隆,20230109,20230110,67.7,20230113,66.8,3,Close Confirmed Stop,20230112,0,-0.013293943870014813,-0.01705490432655307,-0.01899692495893436,1.9880820586767816,0.030211480362537735,0.9884057971014493,Pre-breakout,0.018198766659973595,0.04431137818186651,0.06251014484184012,66.5,66.5,-0.007331378299120228,0.01624815361890697,-0.03545051698670609,-0.00738552437223039,-0.02215657311669128,,,0.2649700598802396
2201,裕隆,20230117,20230130,74.0,20230206,78.0,5,Trailing Stop,20230203,0,0.054054054054053946,0.05003001801080648,0.04792887637832513,2.073132158001853,0.026011560693641522,1.0260115606936415,Breakout,0.0200259852532232,0.04792821997842867,0.06795420523165187,68.6,70.3,0.04225352112676051,0.14729729729729746,-0.005405405405405461,0.055405405405405395,0.14189189189189189,0.055405405405405395,,0.028205128205128327
2201,裕隆,20230417,20230418,82.6,20230425,81.3,5,Day 5 Weakness,20230424,0,-0.01573849878934619,-0.019499396582188223,-0.021438387283679052,2.893934819438639,0.034134007585335135,1.0199501246882792,Breakout,0.037632641595662916,0.0027733419406034245,0.04040598353626634,79.0,79.0,0.009779951100244544,0.04600484261501214,-0.05447941888619856,0.037530266343825724,-0.007263922518159771,-0.020581113801452666,,0.013530135301353052
2201,裕隆,20230522,20230523,84.2,20230530,83.5,5,Day 5 Weakness,20230529,0,-0.008313539192399078,-0.01207848682104367,-0.014065914982953079,2.1466077634026357,0.04726368159203975,1.0169082125603865,Breakout,0.1497326390140423,0.0,0.1497326390140423,80.9,80.9,0.0,0.017814726840855055,-0.02375296912114011,-0.005938242280285055,-0.009501187648455978,-0.016627078384798155,,0.1317365269461077
2201,裕隆,20240219,20240220,72.0,20240227,70.7,5,Day 5 Weakness,20240226,0,-0.01805555555555549,-0.021786143372046433,-0.023743560035036127,2.0329409039094286,0.03290414878397696,1.0069735006973501,Breakout,0.037109392252834474,-3.53973550104956e-05,0.03707399489782398,70.2,70.2,-0.0027700831024931594,0.005555555555555536,-0.023611111111111138,-0.015277777777777724,-0.015277777777777724,-0.019444444444444486,,0.01555869872701554
2201,裕隆,20240927,20240930,60.1,20241009,59.2,5,Day 5 Weakness,20241008,0,-0.014975041597337757,-0.018735480086261153,-0.020673194511449066,1.8529206893994623,0.036206896551724155,1.0134907251264755,Breakout,0.20026585955718082,0.00020372115596237084,0.2004695807131432,58.5,58.5,0.0,0.011647254575707144,-0.02329450915141429,-0.0016638935108153063,-0.008319467554076532,-0.01830282861896837,,-0.011824324324324342
2201,裕隆,20250916,20250917,35.1,20250924,35.45,5,Day 5 Weakness,20250923,0,0.009971509971510084,0.0061325756817863985,0.004114797585689761,3.1527617829663472,0.027417027417027562,1.0128022759601707,Breakout,0.17720984756876132,0.0011497463255065558,0.1783595938942679,34.8,34.8,-0.014044943820224698,0.03418803418803407,-0.002849002849002913,0.009971509971510084,-0.0014245014245015675,-0.0014245014245015675,,0.014104372355430161
2201,裕隆,20260603,20260604,29.2,20260609,27.5,3,Close Confirmed Stop,20260608,0,-0.05821917808219179,-0.06179584272209697,-0.06367667953310267,2.504389123205322,0.035523978685612745,1.031858407079646,Extended Breakout,0.091421071613272,0.0013822164457388607,0.09280328805901086,28.3,28.3,0.0017152658662091813,0.022260273972602773,-0.0702054794520548,-0.013698630136986245,-0.06164383561643838,,,0.034545454545454435
2204,中華,20230323,20230324,64.4,20230328,63.4,2,Close Confirmed Stop,20230327,0,-0.015527950310559091,-0.01926029775018371,-0.021222760638557894,4.470536275837477,0.04038772213247177,1.0157728706624607,Breakout,0.0661734884928416,0.10404566015569389,0.1702191486485355,63.3,63.3,0.0,0.004658385093167627,-0.02795031055900632,0.0031055900621115295,,,,0.020504731861198833
2204,中華,20230413,20230414,66.6,20230425,76.1,8,Day 8 Time Stop,20230425,0,0.1426426426426426,0.13828296978186927,0.13600523391166938,2.158561997740697,0.02639751552795011,1.013803680981595,Breakout,0.13789539740709164,0.05232275012678852,0.19021814753388017,64.6,64.6,0.0075642965204236745,0.1726726726726726,-0.01501501501501501,0.0030030030030030463,0.048048048048048075,0.12612612612612617,0.1426426426426426,0.06176084099868606
2204,中華,20230525,20230526,92.6,20230606,99.5,8,Day 8 Time Stop,20230606,0,0.0745140388768899,0.07044028099913778,0.0682983279972887,2.844191519647989,0.04138702460850108,1.029867256637168,Breakout,0.0029686535747362884,0.04779642398691798,0.05076507756165427,86.7,87.96999999999998,-0.00537056928034374,0.11231101511879049,-0.017278617710583144,-0.002159827213822796,-0.004319654427645703,0.0356371490280778,0.0745140388768899,0.035175879396984966
2204,中華,20231206,20231207,112.5,20231219,114.0,8,Trailing Stop,20231218,0,0.01333333333333342,0.009486588502521962,0.00746659859161405,2.352296292318018,0.05188679245283012,1.0276497695852536,Breakout,-0.010559318751441945,0.03890247717980285,0.028343158428360906,107.5,107.5,0.008968609865470878,0.12888888888888883,-0.01777777777777778,-0.004444444444444473,0.0755555555555556,0.08000000000000007,0.026666666666666616,0.04824561403508776
2204,中華,20240216,20240219,123.5,20240226,120.5,5,Day 5 Weakness,20240223,0,-0.02429149797570851,-0.027994247299240778,-0.0299392356287756,2.5047507538555696,0.06034482758620685,1.0423728813559323,Extended Breakout,0.027325300063379524,0.06919333813426745,0.09651863819764699,117.5,117.5,0.004065040650406582,0.012145748987854255,-0.04453441295546556,-0.02429149797570851,-0.004048582995951455,-0.020242914979757054,,0.07883817427385886
2204,中華,20240306,20240307,133.5,20240314,124.5,5,Close Confirmed Stop,20240313,0,-0.0674157303370787,-0.0709653697018318,-0.0728243835951654,2.878204289768835,0.06854838709677424,1.0192307692307692,Breakout,0.04265281683644498,0.07115125107785523,0.11380406791430021,124.0,126.82499999999999,0.007547169811320753,0.02621722846441954,-0.11610486891385763,-0.011235955056179803,-0.048689138576779034,-0.08239700374531833,,0.10040160642570273
2204,中華,20240412,20240415,148.0,20240417,140.0,2,Close Confirmed Stop,20240416,0,-0.05405405405405406,-0.05764343988230574,-0.059529099840549896,1.8999867839836837,0.03873239436619724,1.0243055555555556,Breakout,0.1260682337349214,0.10687475202242375,0.23294298575734515,141.5,141.5,0.003389830508474523,0.013513513513513598,-0.07770270270270274,-0.010135135135135087,,,,0.03214285714285725
2206,三陽工業,20240226,20240227,75.4,20240308,74.5,8,Day 8 Time Stop,20240308,0,-0.011936339522546469,-0.015705040439727872,-0.017674639878207,2.074878180400289,0.021768707482993088,0.99734395750332,Pre-breakout,0.1457363726308341,-0.0027063069672884055,0.1430300656635457,73.3,73.3,0.003994673768308976,0.06366047745358094,-0.02785145888594176,-0.022546419098143256,0.037135278514588865,0.021220159151193574,-0.011936339522546469,0.042953020134228304
2208,台船,20230217,20230220,21.75,20230302,22.85,6,Trailing Stop,20230301,0,0.05057471264367819,0.046555186175752626,0.04448850218967696,3.085092382393061,0.031175059952038398,1.0023310023310024,Breakout,0.0809483755310509,0.0,0.0809483755310509,20.85,20.85,0.011627906976744207,0.14252873563218404,-0.006896551724137834,0.06896551724137923,0.11264367816091947,0.08275862068965512,,0.037199124726476906
2208,台船,20230412,20230413,25.0,20230417,26.45,2,Trailing Stop,20230414,0,0.05800000000000005,0.053978408636545384,0.05186267981908487,3.3686041169350256,0.03601694915254239,0.9979591836734694,Pre-breakout,0.20240678899945574,2.6876482405982705e-05,0.20243366548186173,23.85,23.85,0.02249488752556239,0.1379999999999999,-0.0040000000000000036,0.07400000000000007,,,,0.05482041587901709
2208,台船,20250829,20250901,21.0,20250902,19.4,1,Close Confirmed Stop,20250901,0,-0.07619047619047625,-0.07969333333333344,-0.081537321827839,9.053146549649973,0.037783375314861534,1.0377833753148615,Extended Breakout,0.11277216069443016,0.0,0.11277216069443016,20.2,20.2,0.01941747572815533,0.021428571428571352,-0.08095238095238089,-0.06904761904761902,,,,0.3969072164948455
2208,台船,20260113,20260114,21.3,20260123,22.1,8,Day 8 Time Stop,20260123,0,0.03755868544600949,0.033643975148654824,0.031572890550573635,2.779766599485226,0.021791767554479646,1.0047619047619047,Breakout,0.25305281656676815,0.0001688061248714049,0.25322162269163956,20.55,20.55,0.009478672985781866,0.11502347417840375,-0.021126760563380254,0.014084507042253502,0.009389671361502261,0.06572769953051627,0.03755868544600949,0.08144796380090491
2231,為升,20250908,20250909,142.0,20250910,135.0,1,Close Confirmed Stop,20250909,0,-0.04929577464788737,-0.0528791619403483,-0.054774332803114355,1.892362209881751,0.06870229007633588,1.0108303249097472,Breakout,0.013147753989242743,0.10631807152122377,0.11946582551046651,130.5,134.9,0.014285714285714235,0.0035211267605634866,-0.07746478873239437,-0.052816901408450745,,,,0.11481481481481493
2231,為升,20260422,20260423,143.0,20260424,137.0,1,Close Confirmed Stop,20260423,0,-0.04195804195804198,-0.04558680892337536,-0.04749658749421577,3.2035090015439045,0.05555555555555558,1.0363636363636364,Extended Breakout,0.07251226483308501,0.0,0.07251226483308501,139.0,139.0,0.0035087719298245723,0.020979020979021046,-0.10139860139860135,-0.05244755244755239,,,,-0.04744525547445255
2233,宇隆,20260521,20260522,345.0,20260528,365.5,4,Trailing Stop,20260527,0,0.05942028985507242,0.055387103294926215,0.053275261875216064,2.3426422703673917,0.03915662650602414,0.9942363112391931,Pre-breakout,0.1249346262062927,0.0,0.1249346262062927,327.5,327.75,0.0,0.1420289855072463,-0.020289855072463725,0.005797101449275255,0.09275362318840585,,,0.017783857729138264
2241,艾姆勒,20260609,20260610,39.7,20260612,40.1,2,Trailing Stop,20260611,0,0.010075566750629594,0.006236347567991074,0.004217771643008183,3.002785000656451,0.020565552699228995,0.9937421777221527,Pre-breakout,0.11747474006603525,0.0,0.11747474006603525,38.9,38.9,0.0,0.10075566750629728,-0.021410579345088165,0.04659949622166226,,,,0.37157107231920206
2243,宏旭-KY,20241008,20241009,29.9,20241011,25.2,1,Close Confirmed Stop,20241009,0,-0.15719063545150502,-0.16039424432615482,-0.16207749920056355,2.4512398796829826,0.029462738301559765,0.9966442953020134,Pre-breakout,0.048097433857611394,0.0,0.048097433857611394,28.35,28.404999999999998,0.006734006734006703,0.02006688963210701,-0.07525083612040129,-0.06521739130434778,,,,-0.04761904761904756
2301,光寶科,20230531,20230601,87.8,20230612,103.0,8,Day 8 Time Stop,20230612,0,0.17312072892938501,0.16867767546524753,0.16633915287331008,4.797112467335996,0.026528258362168433,1.0159817351598175,Breakout,-0.07357125126939307,0.11998109641211174,0.046409845142718675,85.6,85.6,-0.013483146067415741,0.21867881548974943,-0.018223234624145768,-0.018223234624145768,0.09339407744874717,0.0956719817767655,0.17312072892938501,0.08737864077669899
2301,光寶科,20240320,20240321,126.0,20240326,119.0,3,Close Confirmed Stop,20240325,0,-0.05555555555555558,-0.059133333333333336,-0.061031080199607624,3.4793404668614647,0.06034482758620685,1.0468085106382978,Extended Breakout,-0.0845729494088781,0.177786028526938,0.09321307911805989,116.5,119.69999999999999,0.024390243902439046,0.0,-0.06349206349206349,-0.019841269841269882,-0.05555555555555558,,,-0.008403361344537785
2301,光寶科,20240704,20240705,110.5,20240708,107.0,1,Close Confirmed Stop,20240705,0,-0.03167420814479638,-0.03536676959025286,-0.037297024849949206,2.218895632223917,0.03240740740740744,1.0045045045045045,Breakout,-0.276422024326767,0.385138567241815,0.10871654291504801,108.0,108.0,-0.008968609865470878,0.004524886877828038,-0.03167420814479638,-0.03167420814479638,,,,0.0420560747663552
2301,光寶科,20241111,20241112,107.0,20241113,105.0,1,Close Confirmed Stop,20241112,0,-0.01869158878504673,-0.0224209261977846,-0.0243770740311632,5.510542806447013,0.03809523809523818,1.0186915887850467,Breakout,0.3792099544452699,0.02097821438689943,0.4001881688321693,106.0,106.0,-0.01834862385321101,0.009345794392523255,-0.01869158878504673,-0.01869158878504673,,,,0.023809523809523725
2301,光寶科,20250604,20250605,106.0,20250612,106.0,5,Day 5 Weakness,20250611,0,0.0,-0.0037987337554148616,-0.005805593205186938,1.9896226756600466,0.029126213592232997,1.014354066985646,Breakout,0.29342883847653883,-0.08549207431385154,0.20793676416268728,103.5,103.5,0.0,0.014150943396226356,-0.018867924528301883,0.0,-0.004716981132075526,0.0,,0.03301886792452824
2301,光寶科,20250703,20250704,115.0,20250715,117.0,8,Day 8 Time Stop,20250715,0,0.017391304347825987,0.013539716501738432,0.011511627518627875,2.083294518743294,0.02678571428571419,1.0222222222222221,Breakout,0.5682464848523446,-0.019267066072214598,0.54897941878013,112.0,112.0,0.0,0.0304347826086957,-0.0304347826086957,-0.013043478260869601,-0.004347826086956497,0.021739130434782705,0.017391304347825987,0.012820512820512775
2301,光寶科,20260421,20260422,172.0,20260504,171.5,8,Day 8 Time Stop,20260504,0,-0.0029069767441860517,-0.006713426853707414,-0.008667655124163015,2.4722705707551387,0.039393939393939315,1.0117994100294985,Breakout,0.33508145655579785,-0.041089936172839764,0.2939915203829581,163.5,163.5,0.00291545189504383,0.05232558139534893,-0.06686046511627908,0.023255813953488413,-0.014534883720930258,0.0029069767441860517,-0.0029069767441860517,0.30612244897959173
2303,聯電,20221115,20221116,46.9,20221123,46.35,5,Day 5 Weakness,20221122,0,-0.011727078891257903,-0.015491426265213656,-0.01746144891585992,2.431898634371348,0.03786191536748329,1.0241758241758243,Breakout,0.40346125745878086,0.04209011798855832,0.4455513754473392,44.8,44.8,0.006437768240343367,0.0,-0.056503198294242996,-0.03518123667377393,-0.02771855010660973,-0.017057569296375252,,0.003236245954692629
2303,聯電,20230117,20230130,47.95,20230208,50.5,8,Day 8 Time Stop,20230208,0,0.05318039624608972,0.049156542114523485,0.0470571452074937,2.276759055492484,0.023385300668151476,1.0010893246187365,Breakout,0.18597095498612792,0.03195206087551257,0.2179230158616405,44.85,45.5525,0.043525571273123065,0.05735140771637126,-0.009384775808133572,0.017726798748696426,0.027111574556829998,0.044838373305526646,0.05318039624608972,0.013861386138613874
2303,聯電,20231227,20231228,54.3,20240104,50.5,4,Close Confirmed Stop,20240103,0,-0.06998158379373842,-0.07352195720612556,-0.0753488960978298,4.32912920832486,0.053149606299212726,1.0490196078431373,Extended Breakout,0.3784800942629068,0.057515115390356,0.43599520965326277,51.2,51.584999999999994,0.01495327102803734,0.009208103130755152,-0.06998158379373842,-0.03314917127071815,-0.04419889502762431,,,0.03366336633663369
2303,聯電,20240308,20240311,52.0,20240318,51.5,5,Day 5 Weakness,20240315,0,-0.009615384615384581,-0.013382725937792017,-0.01535696263033276,5.360724715672106,0.03386454183266929,1.0338645418326693,Extended Breakout,0.2214690178018336,0.04960951731281051,0.27107853511464414,51.0,51.0,0.0019267822736031004,0.023076923076923217,-0.023076923076923106,-0.007692307692307665,0.019230769230769162,-0.0019230769230769162,,0.05436893203883497
2303,聯電,20240319,20240320,53.6,20240327,51.6,5,Day 5 Weakness,20240326,0,-0.03731343283582089,-0.041001654745382726,-0.04285399512438893,1.8402476202366531,0.02316602316602312,0.9962406015037594,Pre-breakout,-0.049515072751413855,0.10679274637885626,0.057277673627442405,51.3,51.3,0.01132075471698113,0.013059701492537323,-0.052238805970149294,-0.013059701492537323,-0.022388059701492602,-0.035447761194029814,,0.02325581395348819
2303,聯電,20240522,20240523,55.4,20240603,55.0,8,Day 8 Time Stop,20240603,0,-0.0072202166064981865,-0.010986078963693172,-0.01297206387787437,3.0567018555062804,0.020408163265306145,1.0204081632653061,Breakout,0.26860016055038555,0.17002188646296468,0.4386220470133502,54.3,54.3,0.0072727272727273196,0.045126353790613694,-0.014440433212996373,0.010830324909747224,0.02166064981949467,0.00902527075812265,-0.0072202166064981865,0.01090909090909098
2303,聯電,20250521,20250522,49.45,20250527,47.1,3,Close Confirmed Stop,20250526,0,-0.04752275025278063,-0.05113964247949372,-0.053038321092752735,2.8763177692584305,0.03552769070010431,1.0322916666666666,Extended Breakout,0.4341455641255492,0.027519546761057296,0.4616651108866065,47.9,47.9,-0.0020181634712410634,0.00707785642062686,-0.04752275025278063,0.0,-0.04752275025278063,,,0.02123142250530785
2303,聯電,20250904,20250905,41.85,20250912,41.0,5,Close Confirmed Stop,20250911,0,-0.020310633213859064,-0.02403875022517571,-0.02599166583701468,1.9206634988794915,0.02689486552567244,0.9882352941176471,Pre-breakout,0.2351380874682247,0.009920312708121215,0.24505840017634592,41.15,41.15,-0.0035714285714285587,0.0011947431302268274,-0.022700119474313052,-0.015531660692950977,-0.009557945041815952,-0.022700119474313052,,0.05853658536585371
2303,聯電,20250919,20250922,43.9,20251002,43.8,8,Day 8 Time Stop,20251002,0,-0.002277904328018221,-0.00607753778041529,-0.008071959853377015,3.8372456194872795,0.0346889952153111,1.0128805620608898,Breakout,0.20336900789138765,-0.016982182162953174,0.18638682572843449,42.2,42.2,0.015028901734104094,0.07744874715261951,-0.02050113895216399,-0.019362186788154934,0.021640091116173155,0.021640091116173155,-0.002277904328018221,0.057077625570776336
2303,聯電,20251103,20251104,48.75,20251107,45.5,3,Close Confirmed Stop,20251106,0,-0.06666666666666665,-0.0702074633459195,-0.0720737415128708,2.2235680662262123,0.02586206896551735,1.016008537886873,Breakout,0.3574175836914823,-0.09118918482089723,0.2662283988705851,46.8,46.8,0.024159663865546133,0.0,-0.06153846153846154,-0.027692307692307683,-0.060512820512820586,,,0.01098901098901095
2303,聯電,20260116,20260119,60.3,20260126,66.0,5,Trailing Stop,20260123,0,0.09452736318407973,0.09038694377457804,0.08820508496979883,2.5381976574880674,0.06946983546617913,1.0017123287671232,Breakout,0.17591827626334963,-0.04509914646281091,0.13081912980053872,53.8,57.285,0.03076923076923066,0.19237147595356574,-0.02487562189054726,0.036484245439469376,0.1343283582089554,0.07462686567164178,,0.20757575757575752
2303,聯電,20260420,20260421,78.0,20260422,76.5,1,Close Confirmed Stop,20260421,0,-0.019230769230769273,-0.022960886397009744,-0.02491595639014139,2.913841405626225,0.053424657534246744,1.0280748663101607,Breakout,0.124558513820382,0.046578476961662084,0.17113699078204408,76.3,76.3,0.014304291287386084,0.0064102564102563875,-0.05128205128205132,-0.023076923076922995,,,,0.03921568627450989
2308,台達電,20221111,20221114,284.5,20221123,295.5,8,Day 8 Time Stop,20221123,0,0.03866432337434089,0.03473372484063645,0.0326632290214345,1.9226903305353173,0.046125461254612476,1.0253164556962024,Breakout,0.211129296308793,-0.005746183948915701,0.20538311235987733,277.0,277.0,0.003527336860670305,0.04569420035149374,-0.007029876977152849,0.0035149384885764245,0.014059753954305698,0.02987697715289972,0.03866432337434089,0.02876480541455151
2308,台達電,20230414,20230417,315.5,20230424,300.0,5,Close Confirmed Stop,20230421,0,-0.04912836767036455,-0.05274391769080692,-0.054644120776235774,4.174105525862682,0.04658901830282858,1.0345394736842106,Extended Breakout,0.21339620912952084,0.0012225968398218324,0.21461880596934266,303.5,303.5,0.0031796502384737746,0.0,-0.045958795562599075,-0.017432646592709933,-0.031695721077654504,-0.03961965134706813,,0.020000000000000018
2308,台達電,20230526,20230529,324.0,20230605,319.0,5,Day 5 Weakness,20230602,0,-0.015432098765432056,-0.019181757209926223,-0.02114439061048564,2.9022319914558135,0.032467532467532534,1.0274636510500808,Breakout,0.22416456583165667,-0.012539834932581187,0.21162473089907546,311.0,311.0,0.018867924528301883,0.0,-0.04166666666666663,-0.026234567901234573,-0.02314814814814814,-0.02777777777777779,,0.07523510971786829
2308,台達電,20230607,20230608,331.0,20230619,375.5,8,Day 8 Time Stop,20230619,0,0.1344410876132931,0.13015904972820616,0.1278976219663656,2.102017905517354,0.039556962025316444,1.0138888888888888,Breakout,0.23304638965524552,0.03138847061564548,0.26443486027089097,318.0,318.0,0.007610350076103556,0.1631419939577039,-0.024169184290030232,-0.01812688821752262,0.015105740181268867,0.06646525679758297,0.1344410876132931,-0.0026631158455392434
2308,台達電,20240308,20240311,312.5,20240318,304.0,5,Day 5 Weakness,20240315,0,-0.027200000000000002,-0.03092096494735439,-0.032865597150947834,4.1581525785889735,0.05050505050505061,1.04,Extended Breakout,0.24748821378202188,0.016978063387128855,0.2644662771691507,296.5,296.875,0.0016025641025640969,0.016000000000000014,-0.03520000000000001,-0.014399999999999968,0.006399999999999961,-0.030399999999999983,,0.20065789473684204
2308,台達電,20240321,20240322,348.0,20240329,346.5,5,Day 5 Weakness,20240328,0,-0.004310344827586188,-0.008082832331329325,-0.010067658487534416,3.1277684284157465,0.06962025316455689,1.044822256568779,Extended Breakout,0.11054689085140236,0.02833072592913782,0.1388776167805402,317.0,330.59999999999997,0.029585798816567976,0.04885057471264376,-0.030172413793103425,0.028735632183908066,-0.012931034482758674,-0.015804597701149392,,-0.0014430014430014682
2308,台達電,20240527,20240528,353.0,20240531,332.0,3,Close Confirmed Stop,20240530,0,-0.059490084985835745,-0.06307308522114348,-0.06494788852512969,2.130877572973572,0.054878048780487854,1.0297619047619047,Breakout,0.15206634171993003,-0.008927092475730716,0.14313924924419932,331.0,335.34999999999997,0.020231213872832443,0.0028328611898016387,-0.06515580736543913,-0.018413597733711096,-0.06515580736543913,,,0.06024096385542177
2308,台達電,20240619,20240620,368.5,20240701,390.5,8,Day 8 Time Stop,20240701,0,0.05970149253731338,0.05565881348269453,0.05354641482350066,2.389617050400306,0.05459770114942519,1.0124137931034483,Breakout,0.26433505671573504,0.029214183831774057,0.2935492405475091,356.5,356.5,0.004087193460490468,0.07462686567164178,-0.014925373134328401,0.0027137042062415073,0.02170963364993206,0.04477611940298498,0.05970149253731338,0.03457106274007682
2308,台達電,20241211,20241212,412.0,20241223,420.0,8,Day 8 Time Stop,20241223,0,0.01941747572815533,0.01553443860358539,0.013502340833047913,2.2210092320615686,0.028535980148883366,1.019680196801968,Breakout,0.1940687282846278,0.08733540600036506,0.28140413428499284,401.5,401.5,-0.006031363088057851,0.04975728155339798,-0.012135922330097082,0.012135922330097193,0.03398058252427183,0.03276699029126218,0.01941747572815533,0.04285714285714293
2308,台達電,20250710,20250711,471.0,20250722,513.0,8,Day 8 Time Stop,20250722,0,0.08917197452229297,0.08502610746168099,0.08285495855868924,2.3626802265670723,0.06984478935698446,1.0455037919826653,Extended Breakout,0.14684876373994482,0.04110005643281787,0.18794882017276268,458.0,458.0,-0.023834196891191706,0.13163481953290868,0.0,0.02547770700636942,0.04883227176220806,0.05944798301486198,0.08917197452229297,0.031189083820662766
2312,金寶,20241017,20241018,26.25,20241024,24.85,4,Close Confirmed Stop,20241023,0,-0.05333333333333323,-0.05691325297187347,-0.05880349634235856,6.929235971102368,0.03629032258064502,1.0158102766798418,Breakout,0.08968279230395819,0.0,0.08968279230395819,25.0,25.0,0.021400778210116655,0.017142857142857126,-0.05333333333333323,-0.003809523809523818,-0.03619047619047622,,,0.044265593561368055
2312,金寶,20241106,20241107,27.7,20241112,26.2,3,Close Confirmed Stop,20241111,0,-0.054151624548736454,-0.057728640403050875,-0.05962072776846859,4.3150680913331785,0.06990291262135928,1.0128676470588236,Breakout,0.1046337627383317,3.5160375932770494e-06,0.10463727877592499,25.8,26.314999999999998,0.005444646098003547,0.028880866425992746,-0.050541516245487306,-0.016245487364620947,-0.050541516245487306,,,0.13358778625954204
2312,金寶,20251007,20251008,20.45,20251015,21.85,4,Trailing Stop,20251014,0,0.06845965770171158,0.06439781672929515,0.06226517352796399,2.188620948806008,0.04884318766066831,0.9831325301204819,Pre-breakout,0.3761821817337148,0.0,0.3761821817337148,19.9,19.9,0.002450980392156854,0.158924205378973,-0.044009779951100225,-0.017114914425427785,0.07823960880195613,,,0.08924485125858128
2313,華通,20220325,20220328,53.0,20220330,50.1,2,Close Confirmed Stop,20220329,0,-0.05471698113207546,-0.058293902032655706,-0.06018457365363489,3.4728318517840346,0.03921568627450989,1.0331384015594542,Extended Breakout,0.1809025885104043,0.019384023443924835,0.20028661195432915,50.4,50.4,0.0,0.009433962264151052,-0.06603773584905659,-0.0037735849056603765,,,,-0.00698602794411185
2313,華通,20221111,20221114,48.1,20221115,47.65,1,Close Confirmed Stop,20221114,0,-0.00935550935550944,-0.01312115763735764,-0.015095915421145065,3.352077773552546,0.037878787878787845,1.023479188900747,Breakout,0.21123887779435538,-0.010720638723380596,0.20051823907097477,47.6,47.6,0.0031282586027110426,0.0010395010395010118,-0.02079002079002079,-0.01455301455301461,,,,0.04197271773347322
2313,華通,20230705,20230706,46.1,20230713,46.4,5,Day 5 Weakness,20230712,0,0.006507592190889255,0.0027020715882176334,0.0006956718215255571,3.623312682307086,0.025583982202447064,1.0154185022026432,Breakout,0.21550544390702123,0.051315761550547505,0.26682120545756877,44.8,44.8,0.0,0.0032537960954446277,-0.03253796095444683,-0.013015184381778733,-0.027114967462039008,-0.007592190889370909,,0.06465517241379315
2313,華通,20230918,20230919,58.0,20230926,54.7,5,Close Confirmed Stop,20230925,0,-0.05689655172413788,-0.06047403160210676,-0.06236095061689814,4.464606137265914,0.05882352941176472,1.0359712230215827,Extended Breakout,-0.009497065762965199,0.06127748283929595,0.05178041707633075,54.4,55.099999999999994,0.00694444444444442,0.04827586206896539,-0.06206896551724139,-0.018965517241379293,-0.0431034482758621,-0.05689655172413788,,0.0
2313,華通,20231113,20231114,59.1,20231116,57.8,2,Close Confirmed Stop,20231115,0,-0.021996615905245376,-0.025724169910961284,-0.027673718811958768,4.383411898571801,0.03321678321678312,0.9983108108108107,Pre-breakout,0.030889983598990874,0.03495080914977421,0.06584079274876509,57.7,57.7,0.0,0.0033840947546530664,-0.03891708967851104,-0.02368866328257191,,,,0.16955017301038056
2313,華通,20231120,20231121,64.0,20231130,73.3,8,Day 8 Time Stop,20231130,0,0.14531249999999996,0.14094913896676017,0.1386660750807364,3.1109975535467065,0.06779661016949157,1.0413223140495869,Extended Breakout,0.06598656404315682,0.0506379448335901,0.11662450887674693,58.6,60.8,0.015873015873015817,0.1937500000000001,-0.0234375,0.0078125,0.014062500000000089,0.08906250000000004,0.14531249999999996,0.02182810368349264
2313,華通,20240627,20240628,82.2,20240702,75.6,2,Close Confirmed Stop,20240701,0,-0.08029197080291983,-0.0838010476801369,-0.08560101124060787,2.759712115348167,0.025188916876574208,1.0238993710691824,Breakout,0.0784172535829789,0.020094565167874747,0.09851181875085364,79.2,79.2,0.009828009828009687,0.007299270072992581,-0.08029197080291983,-0.009732360097323589,,,,0.18386243386243395
2313,華通,20240708,20240709,86.4,20240716,86.0,5,Day 5 Weakness,20240715,0,-0.00462962962962965,-0.008428689552159281,-0.01039041091204674,2.810612024492983,0.05372405372405353,1.0347721822541966,Extended Breakout,0.19236027265569097,-0.12083183123706372,0.07152844141862726,80.5,82.08,0.0011587485515645035,0.06944444444444442,-0.02777777777777779,-0.003472222222222321,0.04513888888888884,-0.00810185185185186,,0.010465116279069875
2313,華通,20241211,20241212,67.5,20241223,69.1,8,Day 8 Time Stop,20241223,0,0.02370370370370356,0.01982522847041551,0.017784557294972494,6.916737512312474,0.03453689167974883,1.0045731707317076,Breakout,0.056902438918019736,0.04237157082856186,0.0992740097465816,63.6,64.125,0.02427921092564489,0.07407407407407418,-0.016296296296296253,0.007407407407407307,-0.002962962962963056,0.04740740740740734,0.02370370370370356,0.05933429811866864
2313,華通,20250811,20250812,69.3,20250821,75.2,8,Day 8 Time Stop,20250821,0,0.08513708513708518,0.08102946283088933,0.07886632647729709,2.504981400183592,0.040723981900452566,1.0058309037900874,Breakout,0.1559783637491301,0.016608400966677084,0.17258676471580717,66.7,66.7,0.004347826086956497,0.12842712842712856,-0.01298701298701288,-0.0014430014430013571,0.12121212121212133,0.0966810966810967,0.08513708513708518,0.09707446808510634
2313,華通,20251215,20251216,89.0,20251222,89.5,4,Trailing Stop,20251219,0,0.00561797752808979,0.0018163639393434427,-0.00019955984631471173,5.679996644237134,0.06557377049180313,1.0340909090909092,Extended Breakout,0.010123038420542872,0.016616590386786957,0.02673962880732983,83.8,84.55,-0.02197802197802201,0.10224719101123592,-0.0393258426966292,-0.030337078651685445,0.026966292134831482,,,0.16759776536312843
2313,華通,20251223,20251224,102.5,20251230,96.5,3,Close Confirmed Stop,20251229,0,-0.05853658536585371,-0.06212009885779173,-0.06396344846661528,3.224659727194739,0.051813471502590636,1.034658511722732,Extended Breakout,0.0530421718409245,0.003742473711075774,0.05678464555200028,97.7,97.7,0.009852216748768461,0.009756097560975618,-0.06243902439024396,-0.034146341463414664,-0.05756097560975615,,,0.16580310880829008
2316,楠梓電,20240306,20240307,42.0,20240314,41.3,5,Day 5 Weakness,20240313,0,-0.01666666666666672,-0.02039333333333343,-0.022358747077909157,5.573886296109971,0.035131744040150625,0.9951749095295536,Pre-breakout,0.06560533710256586,0.0,0.06560533710256586,38.8,39.9,0.018181818181818077,0.021428571428571352,-0.08095238095238089,-0.050000000000000044,-0.023809523809523836,-0.01904761904761898,,0.07869249394673128
2316,楠梓電,20240408,20240409,46.75,20240412,44.5,3,Close Confirmed Stop,20240411,0,-0.048128342245989275,-0.05174498603177251,-0.05360913175335949,1.9853029573005412,0.04938271604938271,1.0297356828193833,Breakout,0.03445101677254767,0.0,0.03445101677254767,43.85,44.4125,0.0,0.031016042780748654,-0.05561497326203213,-0.00855614973262031,-0.05454545454545445,,,0.021348314606741692
2316,楠梓電,20240603,20240604,48.0,20240612,45.65,5,Day 5 Weakness,20240611,0,-0.048958333333333326,-0.05257063841130215,-0.05443889488120802,2.3829794095549985,0.055928411633109576,0.9915966386554622,Pre-breakout,0.09001877697056657,0.0,0.09001877697056657,45.2,45.599999999999994,0.016949152542372836,0.02083333333333326,-0.054166666666666696,-0.023958333333333304,-0.04791666666666661,-0.046875,,0.18291347207009867
2316,楠梓電,20240614,20240617,49.8,20240625,58.1,6,Trailing Stop,20240624,0,0.16666666666666674,0.16223209165232952,0.15989908263486344,2.5439808956311056,0.05769230769230771,1.010204081632653,Breakout,0.3868183952770696,-0.0003354353951428955,0.38648295988192677,46.9,47.309999999999995,0.0060606060606061,0.25903614457831337,-0.04518072289156627,-0.025100401606425682,0.08433734939759052,0.21285140562248994,,0.04991394148020656
2317,鴻海,20220531,20220601,112.5,20220613,111.5,8,Day 8 Time Stop,20220613,0,-0.008888888888888835,-0.012659919163576845,-0.014635602418332845,2.773519582947966,0.02262443438914019,1.018018018018018,Breakout,0.2594240766585138,0.009773671167770094,0.2691977478262839,110.0,110.0,-0.004424778761061954,0.03111111111111109,-0.013333333333333308,0.01777777777777767,0.026666666666666616,0.01333333333333342,-0.008888888888888835,0.017937219730941756
2317,鴻海,20220811,20220812,113.0,20220819,111.5,5,Day 5 Weakness,20220818,0,-0.013274336283185861,-0.017041092232199486,-0.01900802165742448,2.0940967683535563,0.027272727272727337,1.018018018018018,Breakout,0.1936052003516834,0.004739166616929562,0.19834436696861296,110.5,110.5,0.0,0.008849557522123908,-0.02212389380530977,-0.004424778761061954,-0.017699115044247815,-0.008849557522123908,,-0.004484304932735439
2317,鴻海,20230612,20230613,111.0,20230626,115.5,8,Day 8 Time Stop,20230626,0,0.04054054054054057,0.03658861983856981,0.034547715461531014,2.681969878261886,0.02314814814814814,1.0137614678899083,Breakout,0.09014718583656914,-0.006287729428387268,0.08385945640818188,107.5,107.5,0.004524886877828038,0.04504504504504503,0.0,0.013513513513513598,0.0045045045045044585,0.013513513513513598,0.04054054054054057,0.008658008658008587
2317,鴻海,20230626,20230627,116.0,20230704,112.0,5,Day 5 Weakness,20230703,0,-0.03448275862068961,-0.038176352705410824,-0.040100997239632785,2.263410799237614,0.022123893805309658,1.0176211453744493,Breakout,0.020280669058976263,0.03867320418251176,0.05895387324148802,113.0,113.0,0.0043290043290042934,0.004310344827586299,-0.0431034482758621,-0.017241379310344862,-0.025862068965517238,-0.008620689655172376,,-0.013392857142857095
2317,鴻海,20240304,20240305,107.0,20240314,121.0,8,Day 8 Time Stop,20240314,0,0.13084112149532712,0.12651808354464167,0.12426388142641373,4.5604651300669445,0.044117647058823595,1.0191387559808613,Breakout,0.041518733206084124,0.011286474945786655,0.05280520815187078,102.5,102.5,0.0046948356807512415,0.1542056074766356,-0.02336448598130836,-0.004672897196261627,0.004672897196261738,0.02336448598130847,0.13084112149532712,0.19834710743801653
2317,鴻海,20240318,20240319,133.0,20240328,155.5,8,Day 8 Time Stop,20240328,0,0.16917293233082709,0.16472926478939107,0.16239862782050576,2.3465123929178597,0.030303030303030276,1.0225563909774436,Breakout,0.16273239333499526,0.03913759522340625,0.20186998855840152,131.5,131.5,-0.022058823529411797,0.18045112781954886,-0.022556390977443663,0.022556390977443552,0.0714285714285714,0.09398496240601495,0.16917293233082709,0.02893890675241151
2317,鴻海,20241004,20241007,199.0,20241015,201.0,5,Day 5 Weakness,20241014,0,0.01005025125628145,0.006228651798272052,0.004215195780789869,1.8547812895067795,0.03743315508021383,1.0,Breakout,0.06622621364351915,0.02040439894439983,0.08663061258791897,188.0,189.04999999999998,0.025773195876288568,0.015075376884422065,-0.025125628140703515,-0.007537688442211032,0.0,0.0,,0.07462686567164178
2317,鴻海,20241015,20241016,204.0,20241025,216.0,8,Day 8 Time Stop,20241025,0,0.05882352941176472,0.0548,0.05266181770779283,2.0258905666218547,0.04020100502512558,1.0247524752475248,Breakout,0.21313772951066842,0.0354651598630354,0.2486028893737038,200.5,200.5,-0.01449275362318836,0.06372549019607843,-0.002450980392156854,0.004901960784313708,0.017156862745097978,0.056372549019607865,0.05882352941176472,0.02546296296296302
2317,鴻海,20250624,20250625,161.5,20250704,161.0,8,Day 8 Time Stop,20250704,0,-0.003095975232198178,-0.006875324110473578,-0.008862567411370726,1.8165643922733483,0.028846153846153744,1.0126182965299684,Breakout,-0.12579338460506703,0.1567312488943406,0.03093786428927354,157.5,157.5,0.006230529595015577,0.030959752321981338,-0.009287925696594423,0.003095975232198178,0.021671826625387025,0.024767801857585203,-0.003095975232198178,0.009316770186335477
2317,鴻海,20250724,20250725,175.5,20250805,184.5,8,Day 8 Time Stop,20250805,0,0.05128205128205132,0.04727443294133414,0.045178814958144096,3.138231995374743,0.04819277108433728,1.045045045045045,Extended Breakout,0.3772110224811678,0.012832790185369607,0.39004381266653737,167.5,167.5,0.008620689655172376,0.054131054131054235,-0.02564102564102566,-0.005698005698005715,-0.022792022792022748,0.014245014245014342,0.05128205128205132,0.07859078590785917
2317,鴻海,20250807,20250808,197.0,20250819,208.0,8,Day 8 Time Stop,20250819,0,0.055837563451776706,0.051809320336493526,0.04970462160537638,2.586398294719916,0.045698924731182755,1.0318302387267904,Extended Breakout,0.27915129742311434,0.01866831092524581,0.2978196083483602,190.0,190.0,0.01285347043701801,0.07614213197969533,-0.022842639593908642,-0.012690355329949221,0.0,0.012690355329949332,0.055837563451776706,0.004807692307692291
2317,鴻海,20250923,20250924,222.0,20251001,219.0,4,Close Confirmed Stop,20250930,0,-0.013513513513513487,-0.017277032886398504,-0.019243488514749156,1.8384472029191352,0.02314814814814814,1.011441647597254,Breakout,0.35596757119533334,0.00982917097630934,0.3657967421716427,217.5,217.5,0.004524886877828038,0.04054054054054057,-0.029279279279279313,0.0045045045045044585,-0.011261261261261257,,,0.057077625570776336
2317,鴻海,20251020,20251021,241.5,20251031,257.5,8,Day 8 Time Stop,20251031,0,0.0662525879917184,0.0621870618866413,0.060061599417312664,1.8374293911505046,0.052980132450331174,1.0302375809935205,Extended Breakout,0.2511863223299712,-0.004124185103203707,0.24706213722676745,229.0,229.42499999999998,0.012578616352201255,0.09730848861283636,-0.020703933747411973,-0.010351966873705987,-0.010351966873705987,0.035196687370600444,0.0662525879917184,-0.003883495145631022
2317,鴻海,20260422,20260423,229.5,20260430,224.5,5,Day 5 Weakness,20260429,0,-0.02178649237472763,-0.025530204040607095,-0.02744668235440591,2.6923499932784636,0.04739336492891,1.0375586854460095,Extended Breakout,0.2725976812270161,0.022717399102711092,0.2953150803297272,212.5,218.02499999999998,0.03846153846153855,0.019607843137254832,-0.050108932461873645,-0.019607843137254943,-0.006535947712418277,-0.019607843137254943,,0.1492204899777283
2317,鴻海,20260505,20260506,246.5,20260515,248.5,8,Day 8 Time Stop,20260515,0,0.008113590263691739,0.004289759873988303,0.0022801746190903335,2.344341859659439,0.05274725274725278,1.0235042735042734,Breakout,0.38347410769047374,0.013706605077379573,0.39718071276785333,227.0,234.17499999999998,0.029227557411273475,0.05476673427991896,-0.016227180527383367,0.022312373225152227,0.014198782961460488,0.014198782961460488,0.008113590263691739,0.02213279678068414
2324,仁寶,20230529,20230530,28.4,20230531,27.55,1,Close Confirmed Stop,20230530,0,-0.029929577464788637,-0.03361731061515074,-0.03555454609627874,2.3722142939719917,0.02177858439201441,1.0125899280575539,Breakout,0.2641319634716732,-0.10013861263143192,0.16399335084024128,27.7,27.7,0.008880994671403242,0.0017605633802817433,-0.040492957746478875,-0.029929577464788637,,,,0.04537205081669682
2324,仁寶,20230602,20230605,28.6,20230614,28.55,8,Day 8 Time Stop,20230614,0,-0.0017482517482517723,-0.005549478402390592,-0.007543018818671479,1.8960382469990236,0.04029304029304015,0.9912739965095986,Pre-breakout,0.2034115371387779,-0.10741428848070633,0.09599724865807159,27.25,27.25,0.007042253521126751,0.02447552447552437,-0.02447552447552459,-0.012237762237762295,-0.005244755244755317,0.00874125874125875,-0.0017482517482517723,0.07005253940455347
2324,仁寶,20231211,20231212,32.55,20231221,36.7,8,Day 8 Time Stop,20231221,0,0.12749615975422435,0.12324382180386853,0.12099161443067842,2.0219404562875587,0.03205128205128216,1.018987341772152,Breakout,0.1927545106325157,-0.001115007609770106,0.1916395030227456,31.45,31.45,0.01086956521739113,0.1551459293394779,-0.02150537634408589,-0.016897081413210335,0.03379416282642089,0.06298003072196634,0.12749615975422435,0.11307901907356954
2324,仁寶,20240514,20240515,37.5,20240516,37.1,1,Close Confirmed Stop,20240515,0,-0.010666666666666602,-0.014427562308409969,-0.016404406511197973,4.490798198800716,0.023287671232876672,1.0177111716621252,Breakout,0.22779227860921547,-0.00775226145117088,0.22004001715804458,37.1,37.1,0.004016064257028162,0.020000000000000018,-0.02533333333333343,-0.02533333333333343,,,,0.0889487870619945
2324,仁寶,20241001,20241004,34.25,20241016,35.0,8,Day 8 Time Stop,20241016,0,0.021897810218978186,0.018019896099997497,0.01598283113429301,2.1916693302951553,0.03603603603603611,1.0087719298245612,Breakout,0.22357017439939617,0.03801665446584556,0.2615868288652417,33.5,33.5,-0.007246376811594235,0.03065693430656924,-0.014598540145985384,-0.008759124087591164,-0.008759124087591164,0.01897810218978102,0.021897810218978186,0.03571428571428581
2324,仁寶,20241107,20241108,38.1,20241115,38.7,5,Day 5 Weakness,20241114,0,0.015748031496062964,0.01190797654408654,0.009878277995640181,4.517513423753789,0.053867403314916906,1.025537634408602,Breakout,0.1121673390770853,-0.01688134903091577,0.09528599004616953,35.95,36.195,-0.001310615989514985,0.034120734908136496,-0.03805774278215235,-0.014435695538057902,-0.03280839895013121,0.0,,-0.0012919896640828377
2324,仁寶,20250915,20250916,30.75,20250925,36.4,8,Day 8 Time Stop,20250925,0,0.18373983739837385,0.17926533470030756,0.1769010471485149,4.28071538796201,0.02348993288590595,1.0,Breakout,0.08317636961646417,-0.046915475838076884,0.03626089377838729,29.5,29.5,0.008196721311475308,0.2292682926829268,-0.024390243902439046,-0.021138211382113803,-0.011382113821138296,0.014634146341463428,0.18373983739837385,-0.004120879120879106
2327,國巨,20221111,20221114,446.5,20221123,449.0,8,Day 8 Time Stop,20221123,0,0.005599104143336975,0.0017876534959485424,-0.0002169245875031468,1.8698541003658096,0.05693950177935947,1.0482352941176472,Extended Breakout,0.11610561742734848,0.03593085260404198,0.15203647003139045,435.0,435.0,0.002244668911335568,0.04703247480403139,-0.022396416573348232,-0.015677491601343796,0.03247480403135494,0.015677491601343796,0.005599104143336975,0.031180400890868487
2327,國巨*,20251007,20251008,184.5,20251015,172.5,4,Close Confirmed Stop,20251014,0,-0.06504065040650409,-0.06859302364469416,-0.070456777946021,1.9613309609559295,0.05128205128205132,0.9972972972972973,Pre-breakout,0.057313214051331475,0.002977096895483882,0.060290310946815355,178.0,178.0,0.0,0.03794037940379402,-0.07046070460704612,0.005420054200542035,-0.035230352303523005,,,0.20869565217391295
2327,國巨*,20251021,20251022,206.5,20251103,254.0,8,Day 8 Time Stop,20251103,0,0.2300242130750605,0.22535846033150278,0.2229065122688208,2.3075588725818474,0.04591836734693877,1.0353535353535352,Extended Breakout,0.07359919873217434,0.018385994932851847,0.09198519366502618,196.5,196.5,0.007317073170731714,0.26876513317191275,-0.016949152542372836,0.007263922518159882,0.20338983050847448,0.1985472154963681,0.2300242130750605,0.003937007874015741
2327,國巨*,20260106,20260107,257.0,20260109,238.5,2,Close Confirmed Stop,20260108,0,-0.07198443579766534,-0.07550965665236052,-0.0773595680176452,2.485091290985991,0.03893442622950816,1.0180722891566265,Breakout,0.17050461262478153,0.04397763697309291,0.21448224959787443,247.0,247.0,0.013806706114398493,0.011673151750972721,-0.08171206225680938,-0.015564202334630295,,,,0.19496855345911945
2327,國巨*,20260113,20260114,268.0,20260122,287.5,6,Trailing Stop,20260121,0,0.0727611940298507,0.06866599462365591,0.06652756847758505,3.1947768295258427,0.05252525252525242,1.001923076923077,Breakout,0.20530199349976352,0.024568929337041124,0.22987092283680466,248.0,254.6,0.028790786948176494,0.11940298507462677,-0.009328358208955279,0.03917910447761197,0.05597014925373145,0.08022388059701502,,0.05913043478260871
2327,國巨*,20260413,20260414,311.5,20260424,295.5,8,Close Confirmed Stop,20260423,0,-0.051364365971107495,-0.05495387083834737,-0.05684490272860013,4.0908299025078865,0.06491228070175437,1.025337837837838,Breakout,0.339570196596887,0.010627519118676114,0.3501977157155631,292.0,295.925,0.02635914332784184,0.0802568218298556,-0.0706260032102729,0.0016051364365972098,0.043338683788122,0.025682182985553803,-0.052969502407704705,0.1675126903553299
2327,國巨*,20260508,20260511,394.5,20260518,475.0,5,Trailing Stop,20260515,0,0.2040557667934093,0.19950656798026273,0.1970795590650575,2.0191921402355226,0.0471063257065949,1.047106325706595,Extended Breakout,0.02469968190178975,0.048196068286260905,0.07289575018805065,369.5,374.775,0.014138817480719768,0.2484157160963245,-0.06210392902408113,-0.0076045627376425395,0.06463878326996197,0.15462610899873264,,0.4547368421052631
2328,廣宇,20221205,20221206,40.55,20221208,39.8,2,Close Confirmed Stop,20221207,0,-0.018495684340320562,-0.02222429778724384,-0.02418083777293071,18.950091352151265,0.035220125786163514,1.0352201257861635,Extended Breakout,0.02585474109846459,1.0304799162401192e-05,0.025865045897626993,39.9,39.9,-0.014580801944106936,0.024660912453760897,-0.05055487053020957,0.004932182490752224,,,,-0.002512562814070196
2328,廣宇,20230529,20230530,40.0,20230608,41.75,8,Day 8 Time Stop,20230608,0,0.043749999999999956,0.03980074636811942,0.03771484429683944,3.442434256320699,0.027379400260756137,1.0012706480304956,Breakout,0.2329663803530958,0.0,0.2329663803530958,39.05,39.05,0.015228426395939021,0.09624999999999995,-0.018750000000000044,-0.010000000000000009,0.07499999999999996,0.05125000000000002,0.043749999999999956,0.013173652694610682
2328,廣宇,20230714,20230717,45.4,20230720,42.3,3,Close Confirmed Stop,20230719,0,-0.06828193832599128,-0.07182412596744074,-0.07368141880060904,4.9934518403265225,0.037844036697247674,0.9879912663755459,Pre-breakout,0.1372525829720046,0.00030422746692206054,0.13755681043892665,42.15,43.129999999999995,0.0033149171270718814,0.0022026431718062955,-0.0770925110132159,-0.03414096916299558,-0.0693832599118942,,,0.0378250591016549
2328,廣宇,20240327,20240328,36.3,20240408,35.6,5,Day 5 Weakness,20240403,0,-0.01928374655647369,-0.02300988805099371,-0.024969366307931944,2.7043239566073938,0.05714285714285716,1.0173661360347324,Breakout,0.1083657880952518,0.0,0.1083657880952518,33.3,34.48499999999999,0.03271692745376953,0.06473829201101933,-0.031680440771349794,0.053719008264462964,-0.015151515151515027,-0.022038567493112837,,-0.002808988764045006
2328,廣宇,20240527,20240528,36.5,20240606,40.85,8,Day 8 Time Stop,20240606,0,0.11917808219178094,0.11492736461130472,0.11269638353562675,2.1442491947582365,0.02560455192034139,0.9903846153846153,Pre-breakout,0.11438095029151153,0.0,0.11438095029151153,35.5,35.5,0.012482662968099856,0.17260273972602724,-0.009589041095890427,0.020547945205479534,0.06712328767123288,0.09589041095890405,0.11917808219178094,-0.001223990208078396
2328,廣宇,20250826,20250827,62.4,20250901,59.0,3,Close Confirmed Stop,20250829,0,-0.054487179487179516,-0.05806968362034441,-0.05995448682454363,3.951610291859505,0.043771043771043905,1.043771043771044,Extended Breakout,0.053915078627208804,0.0,0.053915078627208804,59.8,59.8,0.006451612903225712,0.0016025641025640969,-0.0657051282051282,-0.028846153846153855,-0.05769230769230771,,,0.0
2328,廣宇,20251029,20251030,58.7,20251104,55.7,3,Close Confirmed Stop,20251103,0,-0.05110732538330498,-0.054685963935923114,-0.056584527997106684,3.963292286663387,0.05786618444846292,1.0017123287671232,Breakout,0.10395016916046959,0.0,0.10395016916046959,55.8,55.8,0.0034188034188034067,0.008517887563884052,-0.05792163543441231,-0.02555366269165249,-0.05110732538330498,,,-0.02872531418312385
2328,廣宇,20260115,20260116,50.6,20260128,52.8,8,Trailing Stop,20260127,0,0.04347826086956519,0.039523212045169315,0.03744312393996628,2.6780469897025285,0.03391572456320646,1.0110552763819094,Breakout,0.12032515722557742,-4.7020381877912234e-05,0.1202781368436995,48.2,48.2,0.0059642147117298094,0.12450592885375489,-0.017786561264822143,0.007905138339920903,0.029644268774703608,0.07707509881422925,0.04150197628458496,0.02840909090909083
2328,廣宇,20260422,20260423,47.6,20260424,45.4,1,Close Confirmed Stop,20260423,0,-0.04621848739495804,-0.049833333333333334,-0.05174035713369456,2.832229427384169,0.030501089324618702,1.0150214592274678,Breakout,0.04829829024052548,0.0,0.04829829024052548,45.75,45.75,0.00634249471458781,0.006302521008403339,-0.0619747899159665,-0.04726890756302515,,,,0.20044052863436135
2328,廣宇,20260429,20260430,48.3,20260511,53.0,6,Trailing Stop,20260508,0,0.09730848861283659,0.09313710787401315,0.09097635429915751,3.3975376764602507,0.028322440087146017,0.9853862212943634,Pre-breakout,0.05231683721418264,0.0,0.05231683721418264,46.3,46.3,0.02330508474576254,0.165631469979296,-0.01449275362318836,0.025879917184264967,0.14078674948240177,0.10973084886128381,,0.035849056603773466
2328,廣宇,20260525,20260526,57.3,20260528,54.0,2,Close Confirmed Stop,20260527,0,-0.05759162303664922,-0.0611709845596549,-0.06304959109800001,2.0358895902008816,0.031021897810219023,1.0035523978685614,Breakout,0.21235888767579086,0.010022816682622978,0.22238170435841384,54.4,54.434999999999995,0.014159292035398119,0.0,-0.07853403141361259,-0.048865619546247796,,,,0.19444444444444442
2329,華泰,20230308,20230309,21.1,20230315,20.15,4,Close Confirmed Stop,20230314,0,-0.04502369668246453,-0.048639611136485766,-0.05054582458143376,3.030627779257532,0.03194103194103182,1.0268948655256724,Breakout,0.16581600666948826,0.0006823703978168241,0.16649837706730508,20.15,20.15,0.004761904761904745,0.004739336492890933,-0.05924170616113744,-0.007109004739336622,-0.04502369668246453,,,-0.002481389578163684
2329,華泰,20230605,20230606,21.8,20230615,23.9,8,Day 8 Time Stop,20230615,0,0.09633027522935778,0.09215963317426895,0.0900014806392119,3.9083923697581704,0.026066350710900243,1.0093240093240092,Breakout,0.08849244520524951,-0.0057607764096338455,0.08273166879561566,20.9,20.9,0.006928406466512715,0.12844036697247718,-0.016055045871559703,0.004587155963302614,0.032110091743119185,0.05275229357798161,0.09633027522935778,0.010460251046025215
2329,華泰,20230705,20230706,27.25,20230717,30.25,8,Day 8 Time Stop,20230717,0,0.11009174311926606,0.10587921432620802,0.10366251523825387,4.208996215147846,0.06370656370656369,1.0435606060606062,Extended Breakout,0.044276407270648716,0.023821617064814136,0.06809802433546285,26.4,26.4,-0.010889292196007316,0.11926605504587151,-0.029357798165137616,0.00917431192660545,0.014678899082568808,0.031192660550458662,0.11009174311926606,0.17355371900826455
2329,華泰,20240122,20240123,64.3,20240129,59.9,4,Close Confirmed Stop,20240126,0,-0.06842923794712286,-0.07197139025480559,-0.07382838893106243,4.275415576523972,0.03536977491961424,1.0125786163522013,Breakout,0.04817415530115524,0.0004920288753197872,0.04866618417647503,62.3,62.3,-0.0015527950310559868,0.004665629860031162,-0.0637636080870917,-0.02488335925349916,-0.01710730948678063,,,0.10183639398998334
2329,華泰,20250217,20250218,38.0,20250224,37.55,4,Trailing Stop,20250221,0,-0.011842105263157987,-0.015604787624191601,-0.017579349844713873,3.9497240754662513,0.051175656984785656,1.045392022008253,Extended Breakout,0.09861917649298889,-0.0004421181823165696,0.09817705831067232,36.15,36.15,0.0,0.08421052631578951,-0.010526315789473606,0.03684210526315779,0.018421052631579116,,,0.023968042609853635
2329,華泰,20250808,20250811,41.0,20250818,40.95,5,Day 5 Weakness,20250815,0,-0.0012195121951218413,-0.005021178667911792,-0.007017349233098936,3.334548301229278,0.04830287206266326,0.991358024691358,Pre-breakout,0.061858409138158384,-0.0008480642086373644,0.06101034492952102,38.85,38.949999999999996,0.021170610211706187,0.019512195121951237,-0.03170731707317065,-0.013414634146341364,-0.018292682926829285,-0.0012195121951218413,,0.0866910866910866
2329,華泰,20250825,20250826,43.85,20250902,44.15,5,Day 5 Weakness,20250901,0,0.0068415051311288,0.003006125564065038,0.0010268242822824142,3.806037386601668,0.06959706959706935,1.045346062052506,Extended Breakout,0.16132451801493738,0.0,0.16132451801493738,41.5,41.6575,0.0011415525114155667,0.04561003420752563,-0.019384264538198415,0.018244013683010207,0.019384264538198526,-0.005701254275940704,,0.05662514156285381
2329,華泰,20250908,20250909,46.6,20250910,43.8,1,Close Confirmed Stop,20250909,0,-0.06008583690987135,-0.06363132927227969,-0.06550498807832382,2.354239628892189,0.04772727272727284,1.0043572984749456,Breakout,0.0530256221821793,-3.492183079932963e-05,0.05299070035137997,44.15,44.269999999999996,0.010845986984815648,0.001072961373390413,-0.06437768240343344,-0.062231759656652286,,,,0.09703196347031962
2329,華泰,20260120,20260121,70.0,20260122,66.5,1,Close Confirmed Stop,20260121,0,-0.050000000000000044,-0.0535833444548245,-0.05547710882888981,2.6487819071867356,0.027941176470588358,1.0279411764705884,Breakout,0.10427007393299174,0.004387454991844479,0.10865752892483622,62.4,66.5,0.0014306151645206988,0.01571428571428557,-0.09714285714285709,-0.08857142857142863,,,,-0.015037593984962405
2330,台積電,20230113,20230116,506.0,20230206,526.0,8,Day 8 Time Stop,20230206,0,0.03952569169960474,0.03559231232840019,0.033520099476001076,3.094963871163917,0.027749229188078095,1.0245901639344261,Breakout,0.43019599997501884,0.013848183924145519,0.44404418389916434,499.0,499.0,0.01200000000000001,0.0731225296442688,-0.012845849802371578,-0.0019762845849802257,0.0731225296442688,0.04743083003952564,0.03952569169960474,0.03802281368821303
2331,精英,20220817,20220818,25.95,20220824,24.7,4,Close Confirmed Stop,20220823,0,-0.048169556840077066,-0.05178239398604474,-0.05365269058764516,9.629148669597782,0.04259634888438146,1.0425963488843815,Extended Breakout,0.1688501736467845,0.0,0.1688501736467845,24.4,24.6525,0.009727626459143934,0.03660886319845846,-0.06358381502890165,0.019267822736030782,-0.044315992292870865,,,0.08704453441295557
2332,友訊,20230519,20230522,20.1,20230529,19.65,5,Day 5 Weakness,20230526,0,-0.022388059701492713,-0.02611228884177971,-0.02806355372391587,6.896153201229135,0.04427083333333348,1.0282051282051283,Breakout,0.1263711657376917,0.0,0.1263711657376917,19.35,19.35,0.0024937655860348684,0.01990049751243772,-0.03233830845771157,0.01243781094527363,0.00746268656716409,-0.029850746268656803,,0.12468193384223936
2332,友訊,20230530,20230531,20.7,20230609,20.8,8,Day 8 Time Stop,20230609,0,0.004830917874396157,0.0010297837454135118,-0.000978517884313306,1.9694560371165475,0.03258145363408538,1.0048780487804878,Breakout,0.10689830860185547,0.0,0.10689830860185547,20.15,20.15,0.004854368932038833,0.06763285024154597,-0.009661835748792202,0.009661835748792313,0.04589371980676327,0.004830917874396157,0.004830917874396157,0.05769230769230771
2332,友訊,20241107,20241108,20.95,20241113,19.1,3,Close Confirmed Stop,20241112,0,-0.08830548926014314,-0.09177115477911199,-0.09359095295160236,4.5930958875536145,0.061224489795918435,1.0246305418719213,Breakout,0.20171935689845336,0.0,0.20171935689845336,19.6,19.9025,0.007211538461538325,0.0,-0.11455847255369922,-0.04773269689737469,-0.09069212410501182,,,0.18324607329842935
2337,旺宏,20221118,20221121,34.9,20221128,33.85,5,Day 5 Weakness,20221125,0,-0.03008595988538676,-0.033775019922576935,-0.03571274428807656,2.1179932605947402,0.03412462908011871,1.0072254335260116,Breakout,0.29040146125208754,0.03323853584634593,0.3236399970984335,33.75,33.75,0.0014347202295552641,0.008595988538682153,-0.03151862464183386,-0.02005730659025773,-0.005730659025787843,-0.02005730659025773,,0.0768094534711965
2337,旺宏,20230202,20230203,37.05,20230210,36.35,5,Day 5 Weakness,20230209,0,-0.01889338731443979,-0.0226209711710178,-0.024581323999019196,4.02491185462159,0.04481792717086819,1.036111111111111,Extended Breakout,0.19823888864354705,-0.027339494918269626,0.17089939372527743,35.85,35.85,-0.006702412868632712,0.010796221322537214,-0.022941970310391246,0.005398110661268607,-0.021592442645074095,-0.01754385964912275,,0.009628610729023324
2337,旺宏,20230616,20230619,34.85,20230621,32.6,2,Close Confirmed Stop,20230620,0,-0.06456241032998566,-0.06810525964713338,-0.0699740983965382,4.994305226038596,0.028023598820059004,1.0160349854227406,Breakout,0.35321716258073793,-0.1924531230003717,0.16076403958036625,34.0,34.0,0.0,0.010043041606886627,-0.06456241032998566,0.0014347202295552641,,,,0.01840490797546024
2337,旺宏,20231215,20231218,30.3,20231220,29.65,2,Close Confirmed Stop,20231219,0,-0.021452145214521545,-0.025175780599153586,-0.027130180695432233,6.7561346324721425,0.03082191780821919,1.0220713073005094,Breakout,0.1138087722775165,0.048750961100278954,0.16255973337779545,29.5,29.5,0.006644518272425293,0.0016501650165017256,-0.0363036303630363,-0.01320132013201325,,,,0.08431703204047225
2337,旺宏,20231227,20231228,32.05,20240105,31.35,5,Day 5 Weakness,20240104,0,-0.021840873634945246,-0.0255641302464444,-0.027517971090849632,3.4762651401914213,0.03398058252427183,1.0191387559808611,Breakout,-0.04742197837904743,0.12720121530925785,0.07977923693021044,31.0,31.0,0.003129890453833939,0.01716068642745716,-0.04056162246489847,-0.009360374414976502,-0.020280811232449292,-0.026521060842433664,,-0.00797448165869219
2337,旺宏,20240408,20240409,27.85,20240415,26.9,4,Close Confirmed Stop,20240412,0,-0.034111310592459754,-0.03779687367216053,-0.03972568953026903,1.9036848573625644,0.023941068139963217,0.9875666074600356,Pre-breakout,-0.06643814825455263,0.13124775368307307,0.06480960542852042,27.3,27.3,0.0017985611510791255,0.010771992818671361,-0.034111310592459754,0.0,-0.016157989228007263,,,-0.0074349442379182396
2337,旺宏,20250513,20250514,21.25,20250523,21.1,8,Day 8 Time Stop,20250523,0,-0.007058823529411673,-0.010823199953326649,-0.012805211891397756,2.02122737204901,0.02168674698795181,0.9837587006960556,Pre-breakout,0.1951198798138169,-0.022427818302364153,0.17269206151145275,20.95,20.95,0.002358490566037874,0.051764705882352935,-0.007058823529411673,0.007058823529411784,0.007058823529411784,0.030588235294117583,-0.007058823529411673,0.0995260663507107
2337,旺宏,20250618,20250619,23.05,20250623,20.95,2,Close Confirmed Stop,20250620,0,-0.09110629067245124,-0.09456984238359598,-0.09638428944746653,3.1327922253731666,0.03167420814479627,0.9827586206896552,Pre-breakout,0.27807740137595544,0.0,0.27807740137595544,22.1,22.1,0.010964912280701844,0.00433839479392617,-0.07809110629067251,-0.03687635574837311,,,,0.07159904534606198
2337,旺宏,20250919,20250922,27.8,20250923,26.35,1,Close Confirmed Stop,20250922,0,-0.05215827338129497,-0.05573643204190852,-0.05762920591138079,6.687379195945221,0.02957486136783727,1.0295748613678373,Breakout,0.07707740536009364,0.0029069055565495105,0.07998431091664315,27.15,27.15,-0.0017953321364452268,0.010791366906474753,-0.06474820143884896,-0.0611510791366906,,,,0.017077798861480087
2338,光罩,20220530,20220531,91.7,20220608,92.0,5,Day 5 Weakness,20220607,0,0.0032715376226826187,-0.0005300371025972303,-0.0025416208103725933,1.8199744225123689,0.029378531073446235,1.0190156599552571,Breakout,0.02846825870987192,0.1367445472800585,0.1652128059899304,89.9,89.9,0.00658616904500553,0.04580152671755733,-0.01526717557251911,0.02399127589967298,0.005452562704471031,-0.0021810250817885235,,0.03913043478260869
2338,光罩,20240711,20240712,82.5,20240719,79.5,5,Day 5 Weakness,20240718,0,-0.036363636363636376,-0.04005407299854804,-0.0419416196313719,3.645872561117679,0.06226175349428198,1.0108827085852479,Breakout,0.07482330696198101,0.002379861333412973,0.07720316829539399,79.1,79.1,-0.013157894736842035,0.024242424242424176,-0.06060606060606055,-0.00242424242424244,-0.0072727272727272085,-0.03515151515151527,,-0.04276729559748438
2338,光罩,20260525,20260526,59.1,20260527,56.9,1,Close Confirmed Stop,20260526,0,-0.03722504230118451,-0.04091313964311097,-0.042765659604456475,2.5031498530270246,0.04963235294117663,1.0017543859649123,Breakout,0.3364422599654659,0.0,0.3364422599654659,53.5,56.144999999999996,0.035026269702276736,0.02030456852791862,-0.06768189509306255,-0.06260575296108295,,,,0.07908611599297011
2340,台亞,20230620,20230621,41.8,20230628,45.5,3,Trailing Stop,20230627,0,0.08851674641148333,0.0843789397850754,0.08220331298717065,6.202589835293496,0.038659793814433074,1.0293742017879948,Breakout,0.05147427663574151,0.0,0.05147427663574151,38.8,39.709999999999994,0.037220843672456594,0.16507177033492848,-0.005980861244019087,0.05980861244019131,0.0717703349282297,,,0.04395604395604402
2340,台亞,20260317,20260318,29.95,20260320,29.2,2,Close Confirmed Stop,20260319,0,-0.025041736227045086,-0.028766052224013444,-0.03071324138643851,3.099002248143079,0.027972027972027913,1.0103092783505154,Breakout,0.2491232081148909,0.0,0.2491232081148909,28.6,28.6,0.018707482993197244,0.0,-0.06343906510851416,-0.03839732888146907,,,,0.006849315068493178
2342,茂矽,20260120,20260121,36.95,20260126,35.5,3,Trailing Stop,20260123,0,-0.039242219215155694,-0.04286245619770204,-0.04477766936615543,2.396281401374811,0.030855539971949453,1.0096153846153846,Breakout,0.030327327847125926,0.0,0.030327327847125926,34.4,35.1025,0.005442176870748439,0.0987821380243572,-0.041948579161028565,0.023004059539918575,-0.03788903924221931,,,0.018309859154929553
2342,茂矽,20260617,20260618,52.0,20260624,54.4,3,Trailing Stop,20260623,0,0.04615384615384621,0.042163930049392534,0.0401118732203079,5.607402305195077,0.04474505723205002,1.04474505723205,Extended Breakout,0.02850870472524436,0.0,0.02850870472524436,47.25,49.4,0.03585657370517925,0.22884615384615392,-0.013461538461538525,0.06153846153846154,0.09615384615384626,,,0.0753676470588236
2344,華邦電,20230130,20230131,21.7,20230209,22.9,8,Day 8 Time Stop,20230209,0,0.055299539170506895,0.05127760704500462,0.0491710676289828,3.175701515115487,0.03809523809523818,1.028301886792453,Breakout,0.41934841762831554,0.011877742958065853,0.43122616058638136,21.35,21.35,-0.004587155963302836,0.09447004608294929,-0.01612903225806439,-0.006912442396313279,0.08755760368663612,0.03686635944700467,0.055299539170506895,0.026200873362445476
2344,華邦電,20230216,20230217,23.4,20230224,23.2,5,Day 5 Weakness,20230223,0,-0.008547008547008517,-0.012308902128567098,-0.014291147762055412,1.8966718124587971,0.0469798657718119,0.9852631578947367,Pre-breakout,0.09129313828812925,-0.020972019089038216,0.07032111919909104,22.55,22.55,0.0,0.02991452991453003,-0.021367521367521403,-0.010683760683760646,0.010683760683760646,-0.014957264957264904,,0.125
2344,華邦電,20230302,20230303,24.4,20230314,23.85,8,Day 8 Time Stop,20230314,0,-0.022540983606557208,-0.0262653502046693,-0.028216843693087947,3.7496639585294567,0.06666666666666665,0.9958506224066389,Pre-breakout,0.1846874363639296,0.01361103870306389,0.1982984750669935,23.45,23.45,0.016666666666666607,0.069672131147541,-0.026639344262294973,0.049180327868852514,0.020491803278688492,0.028688524590164022,-0.022540983606557208,0.04192872117400426
2344,華邦電,20230331,20230406,26.05,20230407,25.9,1,Close Confirmed Stop,20230406,0,-0.0057581573896353655,-0.009523079256756467,-0.01150829144160358,3.475956051719228,0.04950495049504955,1.0153256704980842,Breakout,0.09646624595314102,0.028927766979761887,0.1253940129329029,25.7,25.7,-0.016981132075471694,0.007677543186180413,-0.021113243761996192,-0.017274472168905874,,,,0.061776061776061875
2344,華邦電,20230529,20230530,26.9,20230608,27.2,8,Day 8 Time Stop,20230608,0,0.011152416356877248,0.007315325523653997,0.005296240974069177,2.808835299097837,0.03262955854126681,1.003731343283582,Breakout,0.20848143884638304,0.002240739013652615,0.21072217786003566,26.35,26.35,0.0,0.0780669144981414,-0.026022304832713727,-0.0074349442379182396,-0.011152416356877248,0.04646840148698894,0.011152416356877248,0.09191176470588225
2344,華邦電,20230731,20230801,29.95,20230804,27.85,2,Close Confirmed Stop,20230802,0,-0.07011686143572615,-0.07365643114235648,-0.07548025386812103,4.336776184574959,0.02622377622377625,1.0034188034188034,Breakout,0.22537371269847026,0.00449712008094669,0.22987083277941694,29.0,29.0,0.020442930153321992,0.005008347245408995,-0.06510851419031716,-0.02170283806343898,,,,-0.0017953321364452268
2344,華邦電,20230915,20230918,28.0,20230921,26.45,3,Close Confirmed Stop,20230920,0,-0.05535714285714288,-0.058934999999999974,-0.06082140966790171,2.790609699892122,0.031135531135531025,1.019927536231884,Breakout,0.16355246524986014,0.008034567665951113,0.17158703291581123,27.35,27.35,-0.005328596802841923,0.010714285714285676,-0.0535714285714286,-0.0071428571428571175,-0.0535714285714286,,,0.00945179584120992
2344,華邦電,20231227,20231228,30.2,20240105,29.1,5,Day 5 Weakness,20240104,0,-0.03642384105960261,-0.04010919781604354,-0.04203368450424903,2.4919751167639816,0.02763385146804831,0.9949832775919732,Pre-breakout,0.2732846742201342,0.017255917347209007,0.2905405915673432,28.9,28.9,0.015126050420168013,0.052980132450331174,-0.04139072847682124,0.01821192052980125,-0.0066225165562913135,-0.03642384105960261,,0.0034364261168384758
2344,華邦電,20250624,20250625,20.2,20250702,19.9,5,Day 5 Weakness,20250701,0,-0.014851485148514865,-0.018611083341664288,-0.020546598565345586,3.5672626962983074,0.022959183673469274,0.9876847290640394,Pre-breakout,0.12270397907390386,0.014900536663823936,0.1376045157377278,19.85,19.85,0.007481296758104605,0.07425742574257432,-0.01980198019801971,0.0024752475247524774,0.04702970297029707,-0.01732673267326723,,0.0
2344,華邦電,20250916,20250917,28.1,20250926,32.95,7,Trailing Stop,20250925,0,0.17259786476868322,0.16816137517628116,0.16581973384369966,4.275223205741612,0.042910447761193904,1.0313653136531364,Extended Breakout,0.021873809299170974,0.03776297593013319,0.059636785229304164,25.75,26.695,0.005366726296959001,0.31138790035587194,-0.028469750889679735,0.0462633451957295,0.19217081850533813,0.2971530249110321,,0.2943854324734445
2344,華邦電,20260512,20260513,117.0,20260520,117.5,5,Trailing Stop,20260519,0,0.004273504273504258,0.0004672273394740355,-0.0015347093974144937,1.8612199014650768,0.03404255319148941,1.0340425531914894,Extended Breakout,0.04477094590205559,0.01675242963082284,0.06152337553287843,116.0,116.0,-0.03703703703703709,0.16666666666666674,-0.017094017094017144,0.042735042735042805,0.1068376068376069,0.004273504273504258,,0.31914893617021267
2345,智邦,20230207,20230208,275.5,20230217,283.0,8,Day 8 Time Stop,20230217,0,0.02722323049001818,0.023315191829604245,0.021267526910042307,2.4652055132817274,0.060194174757281615,1.0419847328244274,Extended Breakout,0.19536226840128165,-0.02502015031136668,0.17034211808991498,259.0,261.72499999999997,0.009157509157509125,0.05263157894736836,-0.029038112522686066,-0.005444646098003658,-0.007259528130671544,0.005444646098003547,0.02722323049001818,0.0176678445229681
2345,智邦,20240516,20240517,493.5,20240528,502.0,8,Day 8 Time Stop,20240528,0,0.01722391084093222,0.013368442373911282,0.011340699543802313,2.079646139334881,0.05324813631522907,1.0259336099585061,Breakout,0.03876375448844715,0.037009242649630236,0.07577299713807739,484.5,484.5,-0.002022244691607722,0.06585612968591703,-0.00911854103343468,0.012158054711246091,0.01317122593718345,0.033434650455927084,0.01722391084093222,0.06972111553784854
2347,聯強,20231011,20231012,67.6,20231023,66.2,8,Day 8 Time Stop,20231023,0,-0.020710059171597517,-0.02444023125091783,-0.026392346611829588,2.4901744765186455,0.03846153846153855,1.0384615384615385,Extended Breakout,0.2505861908790862,0.07706969603524727,0.3276558869143334,65.6,65.6,0.001481481481481417,0.016272189349112454,-0.02810650887573951,-0.002958579881656598,0.0,0.002958579881656931,-0.020710059171597517,0.027190332326283873
2347,聯強,20240313,20240314,79.4,20240321,78.6,5,Day 5 Weakness,20240320,0,-0.010075566750629816,-0.01384501332407235,-0.015818328357319396,2.2026880263640134,0.03718459495351922,1.0038560411311053,Breakout,0.055521485761823704,0.23962356657361847,0.2951450523354422,75.0,75.43,0.016645326504481472,0.02015113350125941,-0.03652392947103278,-0.03148614609571787,0.00881612090680095,-0.015113350125944613,,0.007633587786259666
2347,聯強,20240527,20240528,86.8,20240604,82.8,5,Day 5 Weakness,20240603,0,-0.04608294930875578,-0.04970291741771814,-0.051604468008579145,2.9185720096787824,0.043165467625899234,0.9808342728297632,Pre-breakout,0.4234519297823135,-0.38644686995523303,0.037005059827080466,81.6,82.46,-0.0022988505747126853,0.03917050691244239,-0.06105990783410131,0.02188940092165903,-0.01612903225806439,-0.03801843317972342,,0.018115942028985588
2347,聯強,20260602,20260603,92.1,20260609,86.9,4,Close Confirmed Stop,20260608,0,-0.05646036916395214,-0.06004441550201182,-0.0619252758163142,4.543305397970397,0.05780346820809257,1.0374149659863945,Extended Breakout,-0.3014395707858138,0.3315260812415412,0.030086510455727383,86.4,87.49499999999999,0.006557377049180246,0.01954397394136831,-0.08686210640608039,-0.010857763300760048,-0.04125950054288818,,,0.11737629459148424
2348,海悅,20241212,20241213,189.5,20241220,187.0,5,Day 5 Weakness,20241219,0,-0.01319261213720313,-0.016959903849364005,-0.018926995854075736,2.4201253113846644,0.06798866855524088,1.0134408602150538,Breakout,0.1413549817579767,0.1449907096344478,0.2863456913924245,176.5,180.025,0.0053050397877985045,0.02110817941952514,-0.0474934036939314,-0.0237467018469657,-0.01846965699208447,-0.02638522427440637,,0.3529411764705883
2348,海悅,20241226,20241227,237.0,20241230,218.0,1,Close Confirmed Stop,20241227,0,-0.08016877637130804,-0.08365133560956016,-0.08548494505492282,2.858593663962858,0.05485232067510548,1.0416666666666667,Extended Breakout,-0.03737068140548322,0.1450861321959548,0.10771545079047157,234.5,234.5,-0.052000000000000046,0.025316455696202445,-0.05063291139240511,-0.05063291139240511,,,,-0.011467889908256867
2351,順德,20221128,20221129,107.0,20221208,107.0,8,Day 8 Time Stop,20221208,0,0.0,-0.003803549979981316,-0.005796954598966023,2.0517310402565876,0.05970149253731338,1.009478672985782,Breakout,0.11005530987494087,0.015842089410024855,0.1258973992849657,100.5,101.64999999999999,0.0046948356807512415,0.06074766355140193,-0.04205607476635509,-0.032710280373831724,0.032710280373831724,0.028037383177569986,0.0,0.02336448598130847
2351,順德,20250821,20250822,81.1,20250902,86.8,8,Day 8 Time Stop,20250902,0,0.07028360049321836,0.06621372908587453,0.06408022078104784,1.870768517278265,0.06964520367936933,0.9866666666666667,Pre-breakout,0.10897559977110827,0.0,0.10897559977110827,76.7,77.04499999999999,-0.0036855036855037993,0.12453760789149215,-0.007398273736128114,0.004932182490752224,0.054254007398273796,0.08754623921085081,0.07028360049321836,0.07027649769585254
2352,佳世達,20221116,20221117,28.6,20221128,28.15,8,Day 8 Time Stop,20221128,0,-0.01573426573426584,-0.019496544916091013,-0.021428805441414508,1.8445510807650791,0.026929982046678624,1.0250896057347672,Breakout,0.4596014315193867,-0.01536419771073454,0.44423723380865215,27.9,27.9,0.0,0.020979020979020824,-0.019230769230769273,0.012237762237762073,0.010489510489510412,0.005244755244755206,-0.01573426573426584,0.02841918294849033
2352,佳世達,20230220,20230221,29.85,20230306,30.55,8,Day 8 Time Stop,20230306,0,0.02345058626465657,0.019575992336207257,0.01753196906769619,2.4270317839591327,0.03103448275862064,1.0222222222222221,Breakout,0.1921336129633613,-0.011683260096897439,0.18045035286646385,29.05,29.05,-0.0016722408026754731,0.03350083752093802,-0.0201005025125629,-0.011725293132328396,0.003350083752093669,0.01340033500837512,0.02345058626465657,0.03436988543371533
2352,佳世達,20230608,20230609,44.2,20230620,46.8,8,Day 8 Time Stop,20230620,0,0.0588235294117645,0.054797262138253866,0.052686597190424116,1.834503325384201,0.023640661938534313,1.0069767441860464,Breakout,0.07842051578030053,0.11439687194996641,0.19281738773026694,42.45,42.45,0.020785219399538146,0.10520361990950233,-0.007918552036199178,0.02714932126696823,0.07239819004524883,0.09502262443438902,0.0588235294117645,0.025641025641025772
2352,佳世達,20241017,20241018,38.5,20241025,37.35,5,Close Confirmed Stop,20241024,0,-0.029870129870129825,-0.033557751595647126,-0.03549634833566831,1.8037626863833647,0.02136181575433893,1.006578947368421,Breakout,0.21974249921040387,0.007365096732295443,0.22710759594269933,37.5,37.5,0.006535947712418277,0.01298701298701288,-0.038961038961038974,-0.0025974025974025983,0.0051948051948051965,-0.033766233766233666,,-0.009370816599732268
2352,佳世達,20260521,20260522,28.2,20260529,28.05,5,Day 5 Weakness,20260528,0,-0.005319148936170137,-0.009085119011891088,-0.011071478582756263,2.66185250063749,0.04414587332053732,1.0264150943396226,Breakout,0.2097292697894916,0.073959021617985,0.2836882914074766,26.1,26.79,0.03676470588235303,0.03900709219858167,-0.03191489361702127,0.019503546099290725,-0.0035460992907800915,-0.019503546099290836,,0.267379679144385
2353,宏碁,20220105,20220106,30.55,20220113,30.3,5,Day 5 Weakness,20220112,0,-0.008183306055646433,-0.011949015311082983,-0.013926114247687136,2.2459053439596794,0.026446280991735627,1.0048543689320388,Breakout,0.20315998463046397,0.017470593436932948,0.22063057806739694,30.1,30.1,-0.01610305958132041,0.008183306055646433,-0.022913256955810146,-0.00327332242225864,-0.009819967266775809,-0.013093289689034449,,0.01980198019801982
2353,宏碁,20231219,20231220,41.2,20231229,53.8,8,Day 8 Time Stop,20231229,0,0.30582524271844647,0.3008705041725544,0.29826064856129375,2.9828213424506385,0.046272493573264795,1.0264817150063053,Breakout,0.146937867882283,0.05425468349441539,0.2011925513766984,39.1,39.14,0.01228501228501222,0.36650485436893177,-0.009708737864077777,0.08252427184466016,0.09951456310679596,0.22815533980582514,0.30582524271844647,0.011152416356877248
2353,宏碁,20260114,20260115,27.5,20260122,26.45,5,Close Confirmed Stop,20260121,0,-0.038181818181818206,-0.041834795077867075,-0.043722097581157325,1.8834225966543992,0.04554079696394675,1.0091575091575091,Breakout,0.09025767789214428,-0.01806547852658443,0.07219219936555986,26.5,26.5,-0.001814882032667886,0.0036363636363636598,-0.052727272727272734,-0.014545454545454528,-0.0072727272727272085,-0.049090909090909185,,0.022684310018903586
2353,宏碁,20260318,20260319,28.65,20260324,27.4,3,Close Confirmed Stop,20260323,0,-0.04363001745200701,-0.047244868545797784,-0.049154774853240754,4.134741617629076,0.052823315118396996,1.017605633802817,Breakout,0.05795615209613251,0.012878644524725029,0.07083479662085754,27.7,27.7,-0.00865051903114189,0.017452006980802848,-0.06457242582897027,-0.010471204188481575,-0.05759162303664922,,,0.010948905109489093
2353,宏碁,20260814,20260817,32.5,20260818,31.1,1,Close Confirmed Stop,20260817,0,-0.04307692307692301,-0.04669188090438018,-0.04860335592086694,2.5488876376222325,0.023771790808240878,0.9938461538461537,Pre-breakout,0.25831746909265735,-0.002380245696378674,0.25593722339627867,31.8,31.8,0.006191950464396356,0.0015384615384614886,-0.05384615384615388,-0.03230769230769237,,,,0.016077170418006492
2354,鴻準,20220105,20220106,66.0,20220111,64.1,3,Close Confirmed Stop,20220110,0,-0.028787878787878918,-0.032479316786762816,-0.034415338230759665,5.463094358364788,0.02635658914728678,1.0060790273556233,Breakout,0.03217660884778565,-0.0003141531965101086,0.031862455651275545,64.2,64.2,-0.0030211480362538623,0.003030303030303161,-0.034848484848484795,-0.004545454545454519,-0.030303030303030276,,,-0.006240249609984261
2354,鴻準,20221109,20221110,47.95,20221121,49.55,8,Day 8 Time Stop,20221121,0,0.033368091762252305,0.029452231848769626,0.027392296294136576,2.119266121373401,0.028815368196371427,1.0136698212407993,Breakout,0.3643502502870651,0.00029501026134854617,0.3646452605484136,47.15,47.15,-0.005186721991701226,0.05943691345151181,-0.011470281543274341,-0.008342022940563187,0.03232533889468181,0.044838373305526646,0.033368091762252305,0.0131180625630678
2354,鴻準,20221130,20221201,52.8,20221208,53.2,5,Day 5 Weakness,20221207,0,0.007575757575757791,0.003739700823934231,0.0017577989595146807,2.788372210457775,0.03992015968063867,1.0255905511811025,Breakout,0.22178090673554815,0.0,0.22178090673554815,50.3,50.3,0.013435700575815668,0.03977272727272729,-0.018939393939393923,-0.017045454545454475,0.026515151515151603,0.0,,0.020676691729323293
2354,鴻準,20230130,20230131,55.2,20230209,55.5,8,Day 8 Time Stop,20230209,0,0.005434782608695565,0.0016307827757322787,-0.0003804832728345912,7.171997397123312,0.061302681992337016,1.025925925925926,Breakout,0.05173522288131406,0.00018888926541425134,0.05192411214672831,52.7,52.7,-0.0036101083032490378,0.032608695652173836,-0.021739130434782705,-0.018115942028985477,0.021739130434782483,0.023550724637681153,0.005434782608695565,0.0
2354,鴻準,20230915,20230918,59.0,20230925,57.7,5,Day 5 Weakness,20230922,0,-0.02203389830508473,-0.025760405549626393,-0.027717219542583722,3.8179921005123822,0.026086956521739202,1.0207612456747406,Breakout,0.04603247688466157,0.01016557423117676,0.056198051115838324,57.1,57.1,0.0,0.06440677966101682,-0.03220338983050841,-0.03220338983050841,-0.0016949152542372614,-0.025423728813559365,,0.0121317157712304
2354,鴻準,20241024,20241025,71.5,20241106,87.2,8,Day 8 Time Stop,20241106,0,0.21958041958041963,0.21492133931699514,0.212490242440795,18.209123182096445,0.02196193265007329,0.9900709219858156,Pre-breakout,0.15624679652366574,2.1639018300637112e-05,0.15626843554196637,68.5,68.5,0.024355300859598916,0.26433566433566447,-0.034965034965035,0.016783216783216925,0.025174825174825166,0.1398601398601398,0.21958041958041963,0.1353211009174311
2354,鴻準,20250612,20250613,64.3,20250620,62.4,5,Close Confirmed Stop,20250619,0,-0.029548989113530322,-0.03324014705195529,-0.035174648678664676,3.0138309216205994,0.035031847133758065,1.0046367851622875,Breakout,0.04477021614634663,-9.060793471873443e-05,0.04467960821162789,62.7,62.7,-0.010769230769230864,0.015552099533437058,-0.029548989113530322,0.0,-0.010886469673405896,-0.027993779160186527,,0.05288461538461542
2354,鴻準,20250805,20250806,71.0,20250813,71.9,5,Trailing Stop,20250812,0,0.012676056338028152,0.008834323080002766,0.006815639881159742,6.896421615403542,0.06051437216338873,1.0339233038348081,Extended Breakout,0.093595228059472,-7.729257506912533e-05,0.09351793548440288,66.9,67.45,0.012838801711840375,0.09436619718309869,-0.03943661971830981,-0.019718309859155014,-0.022535211267605604,0.009859154929577452,,0.03198887343532686
2355,敬鵬,20220104,20220105,42.65,20220107,39.65,2,Close Confirmed Stop,20220106,0,-0.07033997655334112,-0.07387910298233535,-0.07570396932613463,5.550891833109667,0.0678851174934727,1.0225,Breakout,0.09397230131947956,0.016758040190155497,0.11073034150963505,38.6,40.5175,0.04278728606356963,0.041031652989449,-0.07385697538100822,-0.03751465416178201,,,,-0.017654476670870056
2355,敬鵬,20260317,20260318,46.1,20260324,44.0,4,Close Confirmed Stop,20260323,0,-0.045553145336225676,-0.049171031123861626,-0.05107364240268868,1.9664713634646522,0.04022988505747116,1.0,Breakout,0.04190122553875812,-0.0005937647312634707,0.04130746080749465,43.9,43.9,0.01878453038674044,0.06941431670281983,-0.07158351409978314,0.04446854663774391,-0.013015184381778733,,,0.21363636363636362
2356,英業達,20230322,20230323,30.15,20230406,33.9,8,Day 8 Time Stop,20230406,0,0.12437810945273631,0.1201299512682744,0.11788431422458066,2.197073540074058,0.027210884353741527,1.023728813559322,Breakout,0.3102097529735908,0.1093653321012626,0.41957508507485347,29.45,29.45,-0.0016556291390729116,0.12437810945273631,-0.00497512437810943,0.03316749585406309,0.021558872305140975,0.03150912106136006,0.12437810945273631,0.0
2356,英業達,20230609,20230612,38.8,20230621,43.7,7,Trailing Stop,20230620,0,0.12628865979381465,0.12203876764741199,0.11978808752507934,2.1121334678211583,0.061813186813186816,0.991025641025641,Pre-breakout,0.06214412258650232,-0.002165533181218958,0.05997858940528336,36.85,36.85999999999999,0.0038809831824062613,0.22036082474226815,-0.05025773195876282,-0.04768041237113385,0.106958762886598,0.17268041237113407,,0.03318077803203656
2356,英業達,20240123,20240124,57.7,20240129,55.6,3,Close Confirmed Stop,20240126,0,-0.036395147313691534,-0.04008571914961801,-0.04197320134722243,2.358372986862687,0.021428571428571574,1.0070422535211268,Breakout,0.10831451532511044,0.005215175033968974,0.11352969035907941,55.6,55.6,0.00874125874125875,0.008665511265164572,-0.045060658578856216,-0.020797227036395194,-0.03986135181975747,,,0.02517985611510798
2356,英業達,20241106,20241107,52.0,20241113,50.3,4,Close Confirmed Stop,20241112,0,-0.0326923076923078,-0.03638366039247099,-0.03831188367574896,6.568666758701862,0.03784860557768921,1.0357852882703777,Extended Breakout,0.14548119061026085,0.004227090072117748,0.1497082806823786,51.4,51.4,-0.0019193857965451588,0.05384615384615388,-0.028846153846153855,0.009615384615384581,0.04038461538461546,,,0.015904572564612307
2356,英業達,20250912,20250915,43.8,20250924,44.65,8,Day 8 Time Stop,20250924,0,0.019406392694063967,0.015528240444159777,0.013496151842026403,3.5716154765340167,0.04076738609112707,1.0187793427230045,Breakout,0.31312886316598876,0.0014776076967709306,0.31460647086275967,42.0,42.0,0.009216589861751112,0.03767123287671237,-0.02739726027397249,-0.004566210045662045,-0.023972602739726012,0.017123287671232834,0.019406392694063967,0.08622620380739088
2356,英業達,20250925,20250926,47.1,20250930,45.65,1,Close Confirmed Stop,20250926,0,-0.030785562632696495,-0.03447723541424753,-0.036409266627044724,4.281312413860588,0.054871220604703286,1.0363036303630362,Extended Breakout,0.23659117563591103,-0.06316458303414281,0.17342659260176824,45.1,45.1,0.0,0.0010615711252652815,-0.05414012738853513,-0.04670912951167738,,,,0.042716319824753546
2356,英業達,20251205,20251208,47.85,20251210,45.3,2,Close Confirmed Stop,20251209,0,-0.053291536050156796,-0.056874267922752804,-0.0587614588946883,2.749666702567601,0.0228013029315961,1.0216919739696313,Breakout,0.33571308840245695,0.014120382134831463,0.3498334705372884,45.9,45.9,0.015923566878981,0.0,-0.05747126436781613,-0.011494252873563315,,,,-0.01103752759381893
2356,英業達,20260424,20260427,50.3,20260428,46.35,1,Close Confirmed Stop,20260427,0,-0.07852882703777331,-0.08203182309241491,-0.08387456822647676,2.063914265702205,0.0388768898488121,0.9907312049433574,Pre-breakout,0.21775433624422144,0.0694937161293932,0.28724805237361467,46.6,47.785,0.04573804573804563,0.0,-0.07852882703777331,-0.07157057654075538,,,,0.06688241639697945
2357,華碩,20230130,20230131,280.0,20230201,274.5,1,Close Confirmed Stop,20230131,0,-0.019642857142857184,-0.02337181369277993,-0.02532606203061377,2.2024412056259655,0.04477611940298498,1.0071942446043165,Breakout,0.32616652569247495,0.007800047696744783,0.33396657338921976,273.5,273.5,0.0,0.0017857142857142794,-0.03035714285714286,-0.02857142857142858,,,,0.01821493624772308
2357,華碩,20231213,20231214,410.0,20231225,471.5,8,Day 8 Time Stop,20231225,0,0.1499999999999999,0.14563155433838754,0.1433391343166759,1.8864703798244207,0.03689567430025442,1.0061728395061729,Breakout,0.26611161831759483,0.04393299622124733,0.31004461453884213,394.0,394.0,0.006134969325153339,0.1682926829268292,-0.01585365853658538,0.0024390243902439046,0.045121951219512235,0.09756097560975618,0.1499999999999999,0.06468716861081658
2358,廷鑫,20220104,20220105,24.0,20220111,26.25,4,Trailing Stop,20220110,0,0.09375,0.0896141543382647,0.08742722532862628,2.308839125055871,0.05054945054945059,0.9958333333333332,Pre-breakout,0.03223846504010556,0.0,0.03223846504010556,22.7,22.799999999999997,0.004184100418409997,0.1875,-0.016666666666666607,-0.016666666666666607,0.17500000000000004,,,0.04380952380952374
2359,所羅門,20220609,20220610,27.85,20220614,26.3,2,Close Confirmed Stop,20220613,0,-0.05565529622980259,-0.0592322650630114,-0.061118060867325665,1.8989217421717182,0.051851851851851816,1.001763668430335,Breakout,0.07302256900470885,0.0,0.07302256900470885,27.2,27.2,-0.01936619718309851,0.03949730700179521,-0.04129263913824066,0.02333931777378817,,,,0.015209125475285079
2359,所羅門,20220808,20220809,31.55,20220811,29.5,2,Close Confirmed Stop,20220810,0,-0.0649762282091918,-0.06851873467958446,-0.0703863564563975,2.447436512789999,0.05342237061769617,1.037828947368421,Extended Breakout,0.14767724154418577,0.0,0.14767724154418577,29.1,29.9725,0.0,0.03803486529318545,-0.0649762282091918,0.03803486529318545,,,,-0.03898305084745757
2359,所羅門,20230306,20230307,29.3,20230310,34.0,3,Trailing Stop,20230309,0,0.16040955631399312,0.15600999136260704,0.15369251314137752,2.4852015323804806,0.025044722719141266,1.0123674911660776,Breakout,0.08727549667491676,0.0,0.08727549667491676,28.15,28.15,0.022687609075043635,0.28839590443686003,-0.005119453924914752,0.07508532423208192,0.17918088737201354,,,0.020588235294117796
2359,所羅門,20230726,20230727,44.0,20230731,41.15,2,Close Confirmed Stop,20230728,0,-0.06477272727272732,-0.0683163197224447,-0.07018061975945847,4.915644844504691,0.03452380952380962,1.0345238095238096,Extended Breakout,0.06407212949377064,0.0,0.06407212949377064,42.1,42.1,0.012658227848101111,0.05454545454545445,-0.08750000000000002,-0.006818181818181723,,,,-0.013365735115431265
2359,所羅門,20240311,20240312,39.4,20240321,54.2,8,Day 8 Time Stop,20240321,0,0.3756345177664975,0.3704167972422441,0.36770108021278286,2.4596626682131655,0.04817708333333348,0.990159901599016,Pre-breakout,0.10171715789847031,0.0,0.10171715789847031,38.3,38.3,-0.021118012422360333,0.3756345177664975,-0.0012690355329948444,0.045685279187817285,0.025380710659898442,0.04187817258883242,0.3756345177664975,0.37269372693726943
2359,所羅門,20241211,20241212,146.0,20241223,168.5,8,Day 8 Time Stop,20241223,0,0.15410958904109595,0.1497060984570169,0.14740550575154845,3.3487198212730207,0.06909090909090909,1.0173010380622838,Breakout,0.09458664240455227,0.0,0.09458664240455227,136.5,138.7,-0.006802721088435382,0.18150684931506844,0.0,0.0547945205479452,0.017123287671232834,0.09931506849315075,0.15410958904109595,0.06824925816023741
2359,所羅門,20241225,20241226,179.0,20241227,169.0,1,Close Confirmed Stop,20241226,0,-0.05586592178770955,-0.05945494064537703,-0.06133698223006838,3.107340089287766,0.056213017751479244,1.0347826086956522,Extended Breakout,0.0718996032172689,0.0,0.0718996032172689,167.0,170.04999999999998,0.0028011204481792618,0.005586592178770999,-0.06145251396648044,-0.06145251396648044,,,,0.00591715976331364
2359,所羅門,20250221,20250224,158.5,20250304,155.0,5,Day 5 Weakness,20250303,0,-0.02208201892744477,-0.025810434289337138,-0.02775981157563885,3.2858973067586073,0.05921052631578938,1.00625,Breakout,0.08531655972975209,0.0,0.08531655972975209,151.0,151.0,-0.01552795031055898,0.05993690851735023,-0.034700315457413256,0.0,0.009463722397476282,-0.003154574132492094,,0.032258064516129004
2359,所羅門,20250723,20250724,146.0,20250731,139.5,5,Day 5 Weakness,20250730,0,-0.044520547945205435,-0.04814307661478859,-0.05004774467309902,4.764349761335178,0.051094890510948954,0.993103448275862,Pre-breakout,0.11033627394280633,0.0,0.11033627394280633,138.0,138.7,0.01388888888888884,0.020547945205479534,-0.05821917808219179,-0.006849315068493178,-0.03424657534246578,-0.044520547945205435,,0.06093189964157708
2359,所羅門,20250818,20250819,152.5,20250820,146.0,1,Close Confirmed Stop,20250819,0,-0.042622950819672156,-0.04625108688382048,-0.04815953820490434,2.496590329541831,0.023648648648648685,1.0,Breakout,0.08063106889148676,0.0,0.08063106889148676,147.0,147.0,0.0066006600660066805,0.0,-0.05245901639344264,-0.04590163934426228,,,,0.20205479452054798
2359,所羅門,20260128,20260129,145.5,20260130,137.5,1,Close Confirmed Stop,20260129,0,-0.054982817869415834,-0.05856261464065366,-0.06043038632188786,1.9668101836273584,0.040441176470588314,0.9826388888888888,Pre-breakout,0.09948446504842996,0.0,0.09948446504842996,135.0,138.225,0.028268551236749095,0.02405498281786933,-0.07903780068728528,-0.05841924398625431,,,,-0.047272727272727244
2360,致茂,20230529,20230530,225.5,20230605,219.0,4,Close Confirmed Stop,20230602,0,-0.02882483370288247,-0.03251287349809189,-0.0344767199259413,4.156108360047217,0.04377880184331806,1.043778801843318,Extended Breakout,0.16334048079842978,-0.02241084329929324,0.14092963749913656,220.0,220.0,-0.004415011037527616,0.0509977827050998,-0.037694013303769425,0.0022172949002217113,0.0,,,0.06849315068493156
2360,致茂,20240527,20240528,300.5,20240603,292.0,4,Close Confirmed Stop,20240531,0,-0.028286189683860208,-0.03200443526031954,-0.03394142632386032,1.8578980042951414,0.04262877442273538,1.0371024734982333,Extended Breakout,0.12664387243381198,0.00437728005068019,0.13102115248449217,284.0,285.47499999999997,0.023850085178875657,0.03494176372712143,-0.061564059900166335,-0.01830282861896837,-0.0266222961730449,,,0.015410958904109595
2360,致茂,20240618,20240619,331.0,20240621,310.0,2,Close Confirmed Stop,20240620,0,-0.06344410876132933,-0.06700892557546473,-0.06887585357767666,1.8595700496024403,0.036977491961414755,1.0369774919614148,Extended Breakout,0.1106088266506053,0.0669365351617741,0.1775453618123794,308.5,314.45,0.02635658914728678,0.01812688821752273,-0.07099697885196377,-0.04078549848942603,,,,0.058064516129032295
2360,致茂,20250630,20250701,442.5,20250708,418.0,5,Day 5 Weakness,20250707,0,-0.05536723163841806,-0.05895244356782818,-0.060835478687961554,2.2050521914518426,0.030267753201397074,1.0125858123569793,Breakout,-0.11495310219667779,0.1459006940618307,0.030947591865152908,427.0,427.0,0.0,0.047457627118643986,-0.03502824858757059,-0.009039548022598876,-0.01807909604519775,-0.02259887005649719,,0.04784688995215314
2362,藍天,20240516,20240517,60.9,20240528,66.1,8,Day 8 Time Stop,20240528,0,0.08538587848932666,0.0812482485287641,0.079117972564009,12.956674080269096,0.050000000000000044,1.05,Extended Breakout,0.10720604705905588,0.0,0.10720604705905588,58.2,58.2,0.0,0.11330049261083741,-0.0377668308702791,0.021346469622331776,-0.019704433497536922,0.011494252873563315,0.08538587848932666,-0.012102874432677768
2363,矽統,20240412,20240415,60.5,20240422,69.4,5,Trailing Stop,20240419,0,0.14710743801652892,0.14274270264857558,0.14045605541749345,10.26942203207284,0.04957264957264962,1.0495726495726496,Extended Breakout,0.0434360714985255,0.0,0.0434360714985255,58.1,58.1,-0.014657980456026065,0.2148760330578512,-0.018181818181818188,0.024793388429751984,0.1388429752066116,0.12727272727272743,,0.09510086455331401
2363,矽統,20251027,20251028,61.4,20251029,57.3,1,Close Confirmed Stop,20251028,0,-0.0667752442996743,-0.07031812965384727,-0.07217843094417813,1.8779005591426996,0.0620689655172415,1.0065359477124183,Breakout,0.03827475390196489,-0.00032638726994476346,0.037948366632020135,58.4,58.4,-0.0032467532467532756,0.0,-0.06840390879478819,-0.0667752442996743,,,,-0.0017452006980801515
2363,矽統,20260119,20260120,51.4,20260123,55.1,3,Trailing Stop,20260122,0,0.07198443579766534,0.06791935473110455,0.06578244358030795,3.5527914197947688,0.05050505050505061,1.0116731517509727,Breakout,0.10074908357358608,0.00288029673969131,0.1036293803132774,49.75,49.75,-0.011538461538461608,0.17509727626459148,-0.017509727626459082,0.0077821011673151474,0.07198443579766534,,,0.15245009074410154
2363,矽統,20260422,20260423,59.4,20260424,54.1,1,Close Confirmed Stop,20260423,0,-0.08922558922558921,-0.09268886000866407,-0.09451126424311479,4.2708071025597905,0.04370629370629375,1.0067453625632379,Breakout,0.11838844074340817,-0.00039830113612162883,0.11799013960728653,56.5,56.5,-0.005025125628140725,0.0,-0.09427609427609429,-0.08922558922558921,,,,0.04066543438077619
2363,矽統,20260512,20260513,61.6,20260520,60.8,5,Day 5 Weakness,20260519,0,-0.012987012987013102,-0.016747081089726574,-0.018722316784498948,2.365150212871005,0.0360655737704918,1.0112,Breakout,0.09925530006367496,0.0005351491508360305,0.099790449214511,58.7,58.7,-0.025316455696202556,0.05032467532467533,-0.0665584415584416,-0.02759740259740262,-0.017857142857142905,-0.017857142857142905,,0.1842105263157896
2363,矽統,20260522,20260525,68.9,20260529,66.1,4,Close Confirmed Stop,20260528,0,-0.04063860667634267,-0.04425767505461361,-0.04617842608612935,2.2855734622759436,0.06210191082802563,1.0030075187969925,Breakout,0.10421190578474118,-0.00013940362975115768,0.10407250215499002,64.0,65.455,0.03298350824587715,0.04499274310595047,-0.06386066763425258,0.004354136429608024,-0.030478955007257058,,,0.05597579425113475
2367,燿華,20231121,20231122,20.3,20231201,22.2,8,Day 8 Time Stop,20231201,0,0.09359605911330049,0.08945794479765025,0.08727514419810693,8.898751380952003,0.025380710659898442,1.0227848101265822,Breakout,0.030625967394406824,0.0,0.030625967394406824,20.1,20.1,0.004950495049504955,0.1206896551724137,-0.012315270935960632,0.012315270935960632,-0.0024630541871921707,0.034482758620689724,0.09359605911330049,0.054054054054053946
2367,燿華,20240301,20240304,22.0,20240308,25.55,4,Trailing Stop,20240307,0,0.16136363636363638,0.156965464364291,0.1546471528126877,3.458140714825579,0.021126760563380254,1.0116279069767442,Breakout,0.08188266282818528,0.0,0.08188266282818528,21.45,21.45,0.011494252873563315,0.2727272727272727,0.0,0.0863636363636362,0.2113636363636362,,,0.06849315068493156
2367,燿華,20240516,20240517,37.4,20240523,38.3,4,Trailing Stop,20240522,0,0.024064171122994527,0.020188757215031237,0.01814253194636771,1.9492647463459045,0.027142857142857135,0.9986111111111112,Pre-breakout,0.10493987624275047,0.0,0.10493987624275047,34.7,35.529999999999994,0.04033379694019468,0.11096256684491967,-0.0401069518716578,0.02673796791443861,0.046791443850267456,,,0.00783289817232391
2367,燿華,20250711,20250714,25.35,20250723,27.25,8,Day 8 Time Stop,20250723,0,0.07495069033530566,0.07085418677012961,0.0687079219647458,3.322498775993856,0.04106776180698146,1.0079522862823063,Breakout,0.21113452950767764,0.0,0.21113452950767764,24.35,24.35,0.0,0.13609467455621305,-0.025641025641025772,-0.01775147928994092,0.019723865877712132,0.027613412228796763,0.07495069033530566,0.031192660550458662
2367,燿華,20260127,20260128,50.0,20260206,55.0,7,Trailing Stop,20260205,0,0.10000000000000009,0.09582833533253365,0.09362862368068776,2.8295422723921027,0.03298969072164959,1.0329896907216496,Extended Breakout,0.05310914338763801,0.001098562152445052,0.05420770554008306,49.2,49.2,-0.001996007984031989,0.246,-0.04700000000000004,-0.0020000000000000018,0.03600000000000003,0.08200000000000007,,0.11272727272727279
2367,燿華,20260525,20260526,70.1,20260527,67.6,1,Close Confirmed Stop,20260526,0,-0.03566333808844513,-0.03935587933757894,-0.0412781671883505,1.8694958815245275,0.04940119760479034,1.0385185185185184,Extended Breakout,0.11072853711863472,0.0,0.11072853711863472,68.2,68.2,0.0,0.0014265335235379428,-0.05706134094151216,-0.04850213980028517,,,,0.03550295857988184
2368,金像電,20231114,20231115,234.5,20231117,221.0,2,Close Confirmed Stop,20231116,0,-0.05756929637526653,-0.061137496433785896,-0.06301615400706313,2.1302663488318236,0.06912442396313367,1.0021598272138228,Breakout,0.1991044557113105,-0.0086040394327093,0.1905004162786012,223.0,223.0,0.010775862068965525,0.006396588486140775,-0.07675906183368875,-0.023454157782516027,,,,0.045248868778280604
2368,金像電,20231208,20231211,239.5,20231212,223.0,1,Close Confirmed Stop,20231211,0,-0.06889352818371608,-0.07243860498505818,-0.07429467280698634,2.0308182649838606,0.060133630289532336,1.0084745762711864,Breakout,0.07934149696682678,0.060064683847779105,0.1394061808146059,233.5,233.5,0.006302521008403339,0.0020876826722338038,-0.07933194154488521,-0.07933194154488521,,,,0.03587443946188351
2368,金像電,20240130,20240131,232.5,20240221,256.5,8,Trailing Stop,20240220,0,0.10322580645161294,0.09905180889533237,0.0968536086459323,3.010819404284277,0.04231625835189301,1.0308370044052864,Extended Breakout,0.07945436264416285,0.041837427336722986,0.12129178998088584,223.5,223.5,-0.0064102564102563875,0.22150537634408596,-0.02580645161290318,-0.01505376344086018,0.03655913978494629,0.17419354838709666,0.12473118279569895,0.05263157894736836
2368,金像電,20240702,20240703,214.5,20240715,215.0,8,Trailing Stop,20240712,0,0.002331002331002363,-0.0014919118263347583,-0.0034899487196027056,2.7419838505563816,0.0491400491400491,1.0142517814726841,Breakout,0.05569088105794645,0.07815818406746697,0.13384906512541342,203.5,203.77499999999998,0.004683840749414525,0.08624708624708632,-0.004662004662004615,0.002331002331002363,0.06759906759906764,0.04428904428904423,0.002331002331002363,0.07441860465116279
2368,金像電,20240903,20240904,210.0,20240906,206.5,2,Close Confirmed Stop,20240905,0,-0.01666666666666672,-0.020414320193081256,-0.022374490235357272,2.361734075147155,0.05263157894736836,0.9843400447427293,Pre-breakout,0.18319525445069476,0.012590991401189175,0.19578624585188395,209.5,209.5,-0.045454545454545414,0.03809523809523818,-0.030952380952380953,0.0023809523809523725,,,,0.004842615012106588
2368,金像電,20241213,20241216,236.0,20241223,233.5,5,Day 5 Weakness,20241220,0,-0.010593220338983023,-0.014357657417289222,-0.016326190815849535,3.948448095870807,0.05215419501133778,1.0043290043290043,Breakout,0.12450539586629918,0.11597931803823991,0.2404847139045391,222.5,224.2,0.01724137931034475,0.06144067796610164,-0.04661016949152541,0.019067796610169552,0.0021186440677967155,-0.02330508474576276,,0.0685224839400429
2368,金像電,20250522,20250523,248.5,20250604,268.0,8,Day 8 Time Stop,20250604,0,0.07847082494969815,0.07438321265754894,0.07223337358540129,3.9071088490057853,0.024590163934426146,1.0245901639344261,Breakout,0.10477350103254662,0.09109563331360915,0.19586913434615577,243.0,243.0,-0.006000000000000005,0.10663983903420515,-0.030181086519114664,-0.02012072434607648,-0.02012072434607648,0.046277665995975825,0.07847082494969815,0.08208955223880587
2368,金像電,20250704,20250707,299.5,20250716,317.5,8,Day 8 Time Stop,20250716,0,0.06010016694490816,0.05607102329617516,0.053957812012890224,1.8660483772705565,0.036206896551724155,0.9901153212520593,Pre-breakout,0.08599074761037467,0.024340678105291745,0.11033142571566641,291.5,291.5,-0.0033277870216306127,0.08347245409015036,-0.018363939899833093,-0.005008347245408995,0.07846410684474114,0.036727879799666185,0.06010016694490816,0.08976377952755898
2369,菱生,20240215,20240216,25.9,20240220,28.85,2,Trailing Stop,20240219,0,0.113899613899614,0.10968797701655122,0.10746386404868744,2.104568779668526,0.05797101449275366,1.0019607843137255,Breakout,0.08089326163542937,0.0,0.08089326163542937,24.05,24.604999999999997,0.013698630136986134,0.18725868725868722,0.0,0.084942084942085,,,,-0.013864818024263537
2369,菱生,20251112,20251113,23.25,20251117,22.1,2,Close Confirmed Stop,20251114,0,-0.04946236559139783,-0.053075372027529086,-0.054939658941047534,2.687049932626868,0.06422018348623837,1.0265486725663715,Breakout,0.13926654999438154,0.0,0.13926654999438154,22.0,22.0875,0.0021551724137931494,0.04086021505376336,-0.06021505376344083,-0.0021505376344086446,,,,0.004524886877828038
2369,菱生,20260116,20260119,29.5,20260122,31.6,3,Trailing Stop,20260121,0,0.07118644067796609,0.06712246531483465,0.06498314917811149,2.3997970761355534,0.02177858439201441,1.0071556350626119,Breakout,0.0874666933976091,0.0,0.0874666933976091,27.6,28.025,0.047957371225577416,0.1423728813559324,0.0,0.04915254237288136,0.035593220338983045,,,-0.03322784810126589
2369,菱生,20260317,20260318,30.25,20260324,35.4,4,Trailing Stop,20260323,0,0.1702479338842975,0.16581165231454084,0.16347438544841494,3.462433504190283,0.05477031802120136,1.0,Breakout,0.04878777051765385,0.0,0.04878777051765385,28.65,28.737499999999997,0.01340033500837512,0.28099173553719003,-0.046280991735537125,0.04297520661157028,0.18181818181818188,,,-0.025423728813559254
2369,菱生,20260505,20260506,34.25,20260507,31.9,1,Close Confirmed Stop,20260506,0,-0.06861313868613139,-0.07215463255589002,-0.0740112647252074,2.251110097379819,0.0658105939004816,1.0091185410334347,Breakout,0.19876821050048415,0.0,0.19876821050048415,31.7,32.5375,0.031626506024096335,0.0,-0.07737226277372256,-0.06861313868613139,,,,0.057993730407523536
2371,大同,20221207,20221208,33.95,20221219,34.7,8,Day 8 Time Stop,20221219,0,0.022091310751104487,0.01821449590444767,0.016172654723917948,3.6361203802056266,0.03658536585365857,1.0240963855421685,Breakout,0.16162101730172954,0.0,0.16162101730172954,32.8,32.8,-0.0014705882352940014,0.04123711340206171,-0.022091310751104598,-0.01620029455081018,-0.007363770250368162,0.026509572901325384,0.022091310751104487,0.004322766570605152
2371,大同,20230215,20230216,34.15,20230223,33.95,5,Day 5 Weakness,20230222,0,-0.005856515373352744,-0.009621379064332386,-0.011607412274255319,3.2575038683766757,0.020926756352765086,0.9813218390804598,Pre-breakout,0.03163748018207571,-0.0006316012377546874,0.03100587894432102,33.55,33.55,0.0,0.01171303074670571,-0.01024890190336758,-0.004392386530014614,0.0,-0.01024890190336758,,0.002945508100147043
2371,大同,20230621,20230626,51.6,20230705,54.8,8,Day 8 Time Stop,20230705,0,0.06201550387596888,0.05795622774376816,0.055865599677116365,1.92003602623793,0.03503503503503502,1.0197238658777121,Breakout,0.1041916481186995,-1.012365581944324e-05,0.10418152446288007,49.3,49.3,-0.0019342359767892114,0.11627906976744184,-0.007751937984496138,0.04457364341085257,0.05620155038759678,0.05232558139534871,0.06201550387596888,0.031021897810219023
2371,大同,20240301,20240304,54.0,20240311,51.9,5,Close Confirmed Stop,20240308,0,-0.03888888888888886,-0.042508838636515243,-0.0444247578549492,2.8288845547453016,0.028901734104046284,1.0249520153550864,Breakout,0.03801869611363894,-0.00017411286682819524,0.03784458324681075,51.4,51.4,0.011235955056179803,0.0185185185185186,-0.07685185185185184,-0.01851851851851849,-0.01851851851851849,-0.07407407407407407,,-0.015414258188824581
2371,大同,20250812,20250813,39.7,20250822,41.45,8,Day 8 Time Stop,20250822,0,0.044080604534004975,0.04012772840206099,0.03804120051266283,3.379178133235073,0.055033557046979764,1.0115830115830116,Breakout,0.223016414664811,0.013146862993266116,0.23616327765807713,37.4,37.715,0.010178117048346147,0.10453400503778343,-0.01385390428211597,0.0,0.08312342569269515,0.09068010075566746,0.044080604534004975,0.01568154402895061
2371,大同,20251211,20251212,34.05,20251216,32.4,2,Close Confirmed Stop,20251215,0,-0.048458149779735615,-0.0520708895853223,-0.05393847703076613,2.907931172373497,0.039755351681957096,0.9898107714701601,Pre-breakout,0.12956693663912472,0.0001558734252836215,0.12972281006440836,33.15,33.15,0.0014705882352941124,0.07048458149779746,-0.07195301027900136,0.03083700440528636,,,,0.0030864197530864335
2371,大同,20260603,20260604,31.7,20260609,29.25,3,Close Confirmed Stop,20260608,0,-0.07728706624605675,-0.08078946140359067,-0.08263250977596122,3.513306493904151,0.06030150753768826,0.9952830188679245,Pre-breakout,0.03887017199269185,0.0033346206203972743,0.04220479261308912,29.95,30.115,0.0015797788309637184,0.034700315457413256,-0.12460567823343849,0.011041009463722329,-0.08990536277602512,,,-0.010256410256410331
2374,佳能,20231123,20231124,26.35,20231205,25.8,8,Day 8 Time Stop,20231205,0,-0.020872865275142316,-0.02459806055676493,-0.026553127828450047,2.4277826409574583,0.031372549019607954,1.0154440154440156,Breakout,0.1485935402058068,0.0006676218109375146,0.14926116201674433,25.65,25.65,0.0019011406844107182,0.030360531309297834,-0.026565464895635826,0.009487666034155628,0.015180265654648917,0.018975332068311257,-0.020872865275142316,0.06782945736434098
2374,佳能,20241212,20241213,51.5,20241224,63.8,8,Day 8 Time Stop,20241224,0,0.23883495145631062,0.23413706853426708,0.23165948187859664,9.538645953500945,0.058581706063720373,1.035175879396985,Extended Breakout,0.08352902736678418,0.0,0.08352902736678418,48.85,48.925,0.0,0.29902912621359223,-0.03398058252427183,-0.025242718446601864,0.09902912621359228,0.19611650485436893,0.23883495145631062,0.13322884012539182
2374,佳能,20250717,20250718,56.4,20250729,58.8,8,Day 8 Time Stop,20250729,0,0.042553191489361764,0.038597615519152,0.036519375680210533,2.902833378727339,0.031135531135531025,1.0071556350626119,Breakout,0.048109184414018256,0.0,0.048109184414018256,54.6,54.6,0.001776198934280604,0.10992907801418439,-0.014184397163120477,0.00886524822695045,0.03546099290780136,0.06205673758865249,0.042553191489361764,0.15136054421768708
2374,佳能,20260116,20260119,82.6,20260128,91.1,8,Day 8 Time Stop,20260128,0,0.102905569007264,0.09873048893511746,0.0965204165292006,4.431323014613523,0.03783102143757877,1.0135467980295565,Breakout,0.18696120589568402,-0.0006966039165858607,0.18626460197909817,80.1,80.1,0.0036452004860267895,0.11985472154963683,-0.03389830508474578,-0.02421307506053272,-0.001210653753026536,0.007263922518159882,0.102905569007264,0.07135016465422606
2374,佳能,20260128,20260129,93.1,20260202,83.2,2,Close Confirmed Stop,20260130,0,-0.10633727175080554,-0.10972917819821128,-0.11152116689495713,1.9359921044747306,0.02015677491601342,0.9848648648648648,Pre-breakout,0.07200236360951731,0.0,0.07200236360951731,87.5,88.445,0.021953896816685026,0.04833512352309355,-0.08485499462943058,0.01611170784103111,,,,0.028846153846153744
2374,佳能,20260430,20260504,80.0,20260511,79.0,5,Day 5 Weakness,20260508,0,-0.012499999999999956,-0.016260162601626018,-0.018238684303275396,5.841959716237322,0.04533333333333345,0.9861635220125787,Pre-breakout,0.03464046183782472,0.0,0.03464046183782472,74.5,76.0,0.020408163265306145,0.03874999999999984,-0.036250000000000115,0.02499999999999991,-0.010000000000000009,-0.018750000000000044,,0.08227848101265822
2374,佳能,20260515,20260518,81.5,20260520,80.1,2,Close Confirmed Stop,20260519,0,-0.01717791411042957,-0.02090387948273566,-0.02287319079043746,3.0049334068022846,0.023661270236612797,0.982078853046595,Pre-breakout,0.08593178758702812,-0.0001404950374255071,0.0857912925496026,81.2,81.2,-0.008515815085158196,0.018404907975460016,-0.052760736196318936,0.011042944785276232,,,,0.07116104868913853
2375,凱美,20230308,20230309,81.5,20230314,76.0,3,Close Confirmed Stop,20230313,0,-0.06748466257668717,-0.07102386348486868,-0.07289238039789801,3.445422221501153,0.04166666666666674,1.0165184243964422,Breakout,-0.010234168466938367,0.04334246720139942,0.033108298734461056,75.5,77.425,0.018750000000000044,0.01717791411042957,-0.08343558282208585,-0.009815950920245342,-0.05521472392638038,,,0.043421052631578805
2375,凱美,20260114,20260115,100.0,20260126,102.0,8,Day 8 Time Stop,20260126,0,0.020000000000000018,0.016126882580301212,0.014114067577541927,8.170438981119883,0.04712041884816753,1.0224948875255624,Breakout,0.09224418961331254,0.0,0.09224418961331254,96.8,96.8,0.0,0.09499999999999997,-0.04200000000000004,-0.018000000000000016,0.07000000000000006,0.030000000000000027,0.020000000000000018,0.009803921568627416
2376,技嘉,20230130,20230131,118.5,20230201,117.0,1,Close Confirmed Stop,20230131,0,-0.012658227848101222,-0.016420771859631575,-0.01837040312719467,2.039102325646113,0.04824561403508776,1.0391304347826087,Extended Breakout,0.08784353652043853,0.083884320598787,0.17172785711922553,116.0,116.0,-0.008368200836820106,0.029535864978903037,-0.03375527426160341,-0.025316455696202556,,,,0.047008547008547064
2376,技嘉,20230322,20230323,123.0,20230406,138.0,8,Day 8 Time Stop,20230406,0,0.12195121951219523,0.11768837162636701,0.11545186646477494,1.8828336101718024,0.029166666666666563,0.9959677419354839,Pre-breakout,0.38089202685069934,-0.07019011083270818,0.31070191601799113,120.0,120.0,-0.004048582995951455,0.12195121951219523,-0.008130081300813052,0.024390243902439046,0.04065040650406515,0.05691056910569103,0.12195121951219523,0.0036231884057971175
2376,技嘉,20230519,20230522,163.5,20230531,186.5,8,Day 8 Time Stop,20230531,0,0.1406727828746177,0.13634009855508228,0.1340662714482632,2.115027000619287,0.028213166144200663,1.0282131661442007,Breakout,-0.020103805611213606,0.09938452601296197,0.07928072040174837,157.5,157.5,-0.0030487804878048808,0.20795107033639137,-0.02752293577981646,-0.012232415902140636,0.00917431192660545,0.13149847094801226,0.1406727828746177,0.2091152815013404
2376,技嘉,20230602,20230605,201.0,20230614,242.5,8,Day 8 Time Stop,20230614,0,0.20646766169154218,0.20191248623210173,0.1995074747384622,2.2794789680998595,0.06561679790026242,1.0278481012658227,Breakout,-0.003200151477105577,0.0468857707737869,0.04368561929668133,192.0,192.0,-0.009852216748768461,0.2885572139303483,-0.01741293532338306,0.052238805970149294,0.11691542288557222,0.19651741293532332,0.20646766169154218,0.07835051546391747
2376,技嘉,20231207,20231208,269.5,20231212,253.5,2,Close Confirmed Stop,20231211,0,-0.05936920222634512,-0.06292082268223816,-0.0647959053978239,1.9239133923266223,0.06570841889117052,1.0338645418326693,Extended Breakout,0.03166649602954078,0.06363288874982438,0.09529938477936516,239.0,256.025,0.038535645472061564,0.007421150278293043,-0.06864564007421148,-0.04081632653061229,,,,0.03155818540433919
2376,技嘉,20240130,20240131,302.0,20240220,364.5,7,Trailing Stop,20240219,0,0.20695364238410585,0.20239050484787696,0.19998453234543426,1.848531165792299,0.03389830508474567,1.018363939899833,Breakout,0.024627005000896287,0.07842925811689172,0.10305626311778801,299.0,299.0,-0.00983606557377048,0.3062913907284768,-0.0066225165562914245,0.023178807947019875,0.10264900662251653,0.22682119205298013,,0.016460905349794164
2376,技嘉,20240517,20240520,327.5,20240527,322.0,5,Day 5 Weakness,20240524,0,-0.016793893129770976,-0.020543695181874592,-0.022503608519582514,2.136317976772289,0.025437201907790197,1.0078125,Breakout,0.05165700658023072,0.0022668490873286895,0.05392385566755941,315.5,315.5,0.015503875968992276,0.016793893129771087,-0.03816793893129766,-0.007633587786259555,0.003053435114503733,-0.025954198473282397,,0.06366459627329202
2376,技嘉,20241105,20241106,297.0,20241113,296.5,5,Day 5 Weakness,20241112,0,-0.0016835016835017313,-0.005481688826685328,-0.007476035330865247,3.9227460991941916,0.055655296229802476,1.0315789473684212,Extended Breakout,0.1894938852260676,0.020959048608365585,0.2104529338344332,280.0,282.15,0.010204081632652962,0.04377104377104368,-0.006734006734006703,0.02020202020202011,0.028619528619528545,-0.006734006734006703,,0.02023608768971341
2376,技嘉,20250106,20250107,290.0,20250113,268.0,4,Close Confirmed Stop,20250110,0,-0.07586206896551728,-0.07937889030185395,-0.08122106708808213,3.334728983324878,0.04761904761904767,1.0035087719298246,Breakout,0.12826640703557965,0.04600060593529694,0.1742670129708766,275.0,275.5,0.013986013986013957,0.012068965517241459,-0.07241379310344831,-0.022413793103448265,-0.04655172413793107,,,-0.020522388059701524
2376,技嘉,20250514,20250515,266.0,20250522,258.0,5,Day 5 Weakness,20250521,0,-0.03007518796992481,-0.0337874110857603,-0.03572083629194677,2.644988127559333,0.05835010060362178,1.0354330708661417,Extended Breakout,0.18752360436757046,0.0029233861091437514,0.1904469904767142,253.0,253.0,0.011406844106463865,0.03947368421052633,-0.043233082706766957,-0.001879699248120259,-0.0357142857142857,-0.022556390977443663,,0.07364341085271309
2376,技嘉,20250529,20250602,272.0,20250603,271.0,1,Close Confirmed Stop,20250602,0,-0.003676470588235281,-0.007450220499799546,-0.009436311157629404,3.292844891580818,0.022222222222222143,0.9981916817359855,Pre-breakout,0.35073201430049733,-0.20159162799587582,0.14914038630462148,268.5,268.5,-0.01449275362318836,0.0,-0.03125,-0.022058823529411797,,,,0.07564575645756455
2376,技嘉,20250925,20250926,293.5,20251009,299.0,8,Day 8 Time Stop,20251009,0,0.01873935264054505,0.014891983037830979,0.012861196512738338,4.935287476293001,0.05395683453237421,1.0,Breakout,0.33225136967983315,-0.04620052720161371,0.2860508424782195,283.0,283.0,0.0017064846416381396,0.08006814310051102,-0.022146507666098825,-0.0017035775127768327,-0.0017035775127768327,0.061328790459965976,0.01873935264054505,-0.010033444816053505
2376,技嘉,20260415,20260416,280.0,20260427,285.0,8,Day 8 Time Stop,20260427,0,0.017857142857142794,0.014013078873615374,0.011984050375375541,3.485627273411549,0.05882352941176472,1.0201096892138939,Breakout,0.25023948170823124,0.010753303491087766,0.260992785199319,268.0,268.0,0.0035842293906809264,0.04285714285714293,-0.02857142857142858,0.0035714285714285587,-0.0035714285714285587,0.017857142857142794,0.017857142857142794,0.012280701754386003
2376,技嘉,20260507,20260508,316.0,20260520,309.0,8,Trailing Stop,20260519,0,-0.022151898734177222,-0.025878314712612732,-0.027827547803205465,2.2372577664820863,0.02657807308970095,1.0147783251231528,Breakout,0.15353713644869588,-0.010629106961048736,0.14290802948764714,300.5,300.5,0.02265372168284796,0.110759493670886,-0.03639240506329111,0.0031645569620253333,0.015822784810126667,0.034810126582278444,-0.034810126582278444,0.11003236245954695
2376,技嘉,20260601,20260602,387.5,20260605,370.0,3,Close Confirmed Stop,20260604,0,-0.04516129032258065,-0.04876128578368147,-0.050664694289155376,2.112658694441338,0.04594594594594592,1.0431266846361187,Extended Breakout,0.020703319727025223,0.07908486893028956,0.09978818865731477,376.5,376.5,0.0012919896640826156,0.03741935483870962,-0.03870967741935483,0.007741935483871032,-0.03483870967741931,,,-0.027027027027026973
2376,技嘉,20260813,20260814,390.0,20260818,359.0,2,Close Confirmed Stop,20260817,0,-0.07948717948717954,-0.08299608795359503,-0.08483102685700641,2.332341280842125,0.04793608521970705,1.0328083989501313,Extended Breakout,0.2980199452922375,0.006939348824019425,0.30495929411625694,379.5,379.5,-0.008894536213468918,0.03076923076923066,-0.08205128205128209,0.019230769230769162,,,,-0.011142061281337101
2377,微星,20221116,20221117,125.5,20221124,123.5,5,Day 5 Weakness,20221123,0,-0.015936254980079667,-0.01969573259127189,-0.02163969224698884,2.025339814534267,0.03252032520325199,1.016,Breakout,0.18185655835299722,0.0164630797288803,0.1983196380818775,122.0,122.0,-0.011811023622047223,0.047808764940239,-0.043824701195219085,0.0239043824701195,0.003984063745019917,-0.0239043824701195,,0.03238866396761142
2377,微星,20230223,20230224,143.0,20230301,136.5,1,Close Confirmed Stop,20230224,0,-0.045454545454545414,-0.04908190909394963,-0.05095129331070679,2.902205398910047,0.03663003663003672,1.029090909090909,Breakout,0.0702709322980126,0.09821203255287327,0.16848296485088585,139.5,139.5,0.010600706713780994,0.006993006993007089,-0.045454545454545414,-0.04195804195804198,,,,0.03663003663003672
2377,微星,20230526,20230529,170.5,20230531,166.5,2,Close Confirmed Stop,20230530,0,-0.02346041055718473,-0.02716963433223337,-0.029116274750067502,3.4259366263118083,0.04307692307692301,1.0059347181008902,Breakout,0.1773449971395968,-0.027897360253854895,0.14944763688574192,165.5,165.5,0.005899705014749346,0.0058651026392961825,-0.04398826979472137,-0.014662756598240456,,,,0.08708708708708701
2377,微星,20231225,20231226,194.0,20240105,186.0,8,Day 8 Time Stop,20240105,0,-0.04123711340206182,-0.04486750535331906,-0.04677872185846338,2.4238083296224424,0.048913043478260976,1.0157894736842106,Breakout,0.0067492219636901985,0.02301414722756008,0.029763369191250277,185.0,185.0,0.005181347150259086,0.07474226804123707,-0.04123711340206182,0.0077319587628865705,0.038659793814433074,0.020618556701030855,-0.04123711340206182,0.040322580645161255
2377,微星,20240522,20240523,182.0,20240531,194.0,6,Trailing Stop,20240530,0,0.06593406593406592,0.06188881446751507,0.05976397069667277,2.5834187032518807,0.047761194029850795,0.9971590909090909,Pre-breakout,0.025666016997282316,0.10707331777345512,0.13273933477073743,168.5,172.9,0.03703703703703698,0.15384615384615374,-0.013736263736263687,0.024725274725274637,0.098901098901099,0.08516483516483508,,0.06443298969072164
2377,微星,20241105,20241106,187.5,20241113,178.0,5,Close Confirmed Stop,20241112,0,-0.05066666666666664,-0.05424496867919499,-0.05615987639976624,2.465535081225598,0.03287671232876721,1.0134408602150538,Breakout,0.20826989823953163,0.037940794050386924,0.24621069228991857,182.0,182.0,-0.0053050397877983935,0.021333333333333426,-0.040000000000000036,0.008000000000000007,-0.016000000000000014,-0.03466666666666662,,-0.022471910112359605
2377,微星,20241225,20241226,185.0,20250103,183.5,5,Day 5 Weakness,20250102,0,-0.008108108108108136,-0.011873790941231406,-0.013851040101666106,2.9965303394667595,0.03361344537815136,1.0137362637362637,Breakout,0.3805879596000179,-0.07103714730675872,0.3095508122932592,179.5,179.5,0.0027100271002709064,0.0108108108108107,-0.018918918918918948,0.0,-0.00540540540540535,-0.010810810810810811,,0.07629427792915533
2377,微星,20250106,20250107,189.5,20250114,183.5,5,Day 5 Weakness,20250113,0,-0.0316622691292876,-0.035355390111174174,-0.037285668540654425,2.194627741005278,0.02732240437158473,1.0053475935828877,Breakout,-0.05906108692156411,0.254125770806904,0.19506468388533993,183.0,183.0,0.007978723404255428,0.04221635883905006,-0.0474934036939314,-0.01846965699208447,-0.0079155672823219,-0.0316622691292876,,0.016348773841961872
2377,微星,20250218,20250219,202.0,20250226,193.0,5,Close Confirmed Stop,20250225,0,-0.044554455445544594,-0.04818108867192725,-0.05008568404406239,3.19012280018019,0.025575447570332477,0.9852579852579852,Pre-breakout,0.20782628002448017,-0.029760796848819333,0.17806548317566084,195.5,195.5,0.007481296758104827,0.014851485148514865,-0.04702970297029707,-0.014851485148514865,-0.004950495049504955,-0.03712871287128716,,0.010362694300518172
2377,微星,20250801,20250804,146.0,20250813,143.5,8,Day 8 Time Stop,20250813,0,-0.017123287671232834,-0.02085699018101663,-0.022816265085364627,1.9107182672452525,0.02430555555555558,0.9800664451827242,Pre-breakout,0.0689522878225077,0.07778109911567448,0.14673338693818216,142.5,142.5,-0.01016949152542368,0.051369863013698724,-0.017123287671232834,0.010273972602739656,0.041095890410958846,0.03082191780821919,-0.017123287671232834,0.03832752613240409
2377,微星,20260421,20260422,94.4,20260424,98.5,2,Trailing Stop,20260423,0,0.04343220338983045,0.039473156783624064,0.037393165502023755,1.877342909061327,0.022900763358778553,0.9852941176470588,Pre-breakout,0.13196784320135987,0.05306768047204995,0.18503552367340984,92.5,92.5,0.006396588486140775,0.12288135593220328,-0.006355932203389925,0.032838983050847315,,,,0.030456852791878264
2377,微星,20260525,20260526,128.0,20260527,127.5,1,Close Confirmed Stop,20260526,0,-0.00390625,-0.007709251101321586,-0.009661514427975235,2.527384441410493,0.024193548387096753,1.0241935483870968,Breakout,0.08304553346521874,0.012015978584162977,0.09506151204938172,127.0,127.0,0.007874015748031482,0.00390625,-0.03515625,-0.015625,,,,0.196078431372549
2377,微星,20260602,20260603,151.5,20260605,138.5,2,Close Confirmed Stop,20260604,0,-0.08580858085808585,-0.08927321803458962,-0.09111314352089228,2.357154726475513,0.053003533568904526,1.0347222222222223,Extended Breakout,0.04501780962398469,0.0039842049340813295,0.049002014558066014,142.0,143.92499999999998,0.016778523489932917,0.0033003300330032292,-0.07590759075907594,-0.03300330033003296,,,,0.036101083032491044
2379,瑞昱,20221124,20221125,344.5,20221129,309.0,2,Close Confirmed Stop,20221128,0,-0.10304789550072568,-0.10647522804208982,-0.10826928391394713,2.034136355738579,0.04892966360856277,1.03003003003003,Extended Breakout,0.024877767858707708,0.1447191133316904,0.16959688119039812,324.0,327.275,0.004373177842565523,0.010159651669085612,-0.07547169811320753,-0.04063860667634256,,,,0.08252427184466016
2379,瑞昱,20230202,20230203,348.0,20230207,333.0,2,Close Confirmed Stop,20230206,0,-0.0431034482758621,-0.04672678690714763,-0.048634284339955675,1.9603691657361257,0.053110773899848196,1.042042042042042,Extended Breakout,0.04445954419474171,0.024446677031881192,0.0689062212266229,333.5,333.5,0.0028818443804035088,0.011494252873563315,-0.04597701149425293,0.0,,,,0.09459459459459452
2379,瑞昱,20230223,20230224,389.0,20230307,390.0,5,Day 5 Weakness,20230306,0,0.0025706940874035134,-0.0012347739028867012,-0.0032333106172894002,2.2892338108321293,0.03238866396761142,1.0119047619047619,Breakout,0.10878698039601721,0.07056719394820889,0.1793541743442261,376.0,376.0,0.01699346405228752,0.008997429305912519,-0.04370179948586117,-0.023136246786632397,-0.023136246786632397,-0.0025706940874036244,,0.01025641025641022
2379,瑞昱,20231129,20231130,456.0,20231201,444.0,1,Close Confirmed Stop,20231130,0,-0.02631578947368418,-0.030048563334682313,-0.03195578141908589,1.8452878511283137,0.02436323366555926,1.013143483023001,Breakout,0.11029163654324296,0.1323090637742925,0.24260070031753544,450.0,450.0,-0.014054054054054022,0.0010964912280702066,-0.014254385964912242,-0.014254385964912242,,,,0.020270270270270174
2382,廣達,20230324,20230327,87.5,20230410,89.9,8,Day 8 Time Stop,20230410,0,0.02742857142857158,0.023542773156963053,0.021494671208340754,2.395307557561055,0.02579132473622514,1.0198135198135199,Breakout,0.13248068337689223,0.09128386591404353,0.22376454929093575,85.8,85.8,0.0,0.03200000000000003,-0.006857142857142784,0.0,0.005714285714285783,0.01828571428571424,0.02742857142857158,0.013348164627363657
2382,廣達,20231220,20231221,207.0,20240102,214.0,8,Day 8 Time Stop,20240102,0,0.033816425120772875,0.029912810194500334,0.02785197144316666,2.1256787760011853,0.03194103194103204,0.9836065573770492,Pre-breakout,0.3526122260031985,-0.24971424725756508,0.10289797874563347,204.0,204.0,-0.014285714285714235,0.09420289855072461,-0.01449275362318836,0.04106280193236711,0.04106280193236711,0.04106280193236711,0.033816425120772875,0.051401869158878455
2382,廣達,20240329,20240401,294.5,20240410,290.0,5,Day 5 Weakness,20240409,0,-0.015280135823429575,-0.01903785727488112,-0.02100078443927357,3.5292196836660996,0.048214285714285765,1.0482142857142858,Extended Breakout,0.04277604486036005,0.06940454976929741,0.11218059462965747,276.5,279.775,0.0034071550255536653,0.015280135823429575,-0.04414261460101865,-0.04074702886247883,-0.00339558573853993,-0.025466893039049254,,-0.006896551724137945
2382,廣達,20240620,20240621,320.5,20240625,301.0,2,Close Confirmed Stop,20240624,0,-0.060842433697347875,-0.06440632493250834,-0.06627845033687246,2.4586518671941304,0.044303797468354444,1.03125,Extended Breakout,0.25927650098782806,0.0032779272417046423,0.2625544282295327,318.0,318.0,-0.028787878787878807,0.004680187207488196,-0.05148205928237126,-0.0031201248049922414,,,,0.04318936877076407
2382,廣達,20240709,20240710,344.0,20240715,330.0,3,Close Confirmed Stop,20240712,0,-0.04069767441860461,-0.04432197728790915,-0.04623427857417594,2.1642539513519212,0.05164319248826299,1.0135746606334841,Breakout,0.146450191327195,0.030522544181384448,0.17697273550857945,326.0,326.8,0.023809523809523725,0.0029069767441860517,-0.06976744186046513,-0.008720930232558155,-0.05232558139534882,,,-0.009090909090909038
2382,廣達,20241015,20241016,290.0,20241025,310.0,8,Day 8 Time Stop,20241025,0,0.06896551724137923,0.06488856167592531,0.06275769452060352,2.067378546810506,0.042328042328042326,1.0368421052631578,Extended Breakout,0.17647926560960586,0.029876066632776355,0.20635533224238223,287.0,287.0,-0.0186125211505922,0.11206896551724133,-0.006896551724137945,0.01724137931034475,0.05862068965517242,0.10000000000000009,0.06896551724137923,0.014516129032257963
2382,廣達,20250514,20250515,276.5,20250520,270.0,3,Close Confirmed Stop,20250519,0,-0.023508137432188048,-0.027214300060253063,-0.02916084885624439,2.313602689526086,0.055343511450381744,1.0317164179104477,Extended Breakout,0.2128097967911583,0.00799146397883926,0.22080126076999756,267.0,267.0,0.0,0.00723327305605781,-0.03797468354430378,0.003616636528029016,-0.03797468354430378,,,0.0092592592592593
2382,廣達,20260225,20260226,302.0,20260305,288.0,4,Close Confirmed Stop,20260304,0,-0.04635761589403975,-0.04998328318288198,-0.05185087804908353,3.2528230797149615,0.04753521126760574,1.018835616438356,Breakout,0.2983387227468051,-0.0022389364916713555,0.2960997862551338,285.5,286.9,0.015126050420168013,0.0,-0.06953642384105962,-0.03476821192052981,-0.024834437086092676,,,0.00868055555555558
2382,廣達,20260408,20260409,304.5,20260420,329.0,8,Day 8 Time Stop,20260420,0,0.08045977011494254,0.07634073627441128,0.07418695565123816,3.824962859442638,0.06401384083044981,1.0423728813559323,Extended Breakout,0.39402897684026744,0.022460536810155377,0.4164895136504228,293.5,293.5,-0.009756097560975618,0.08538587848932666,-0.031198686371100126,0.02791461412151075,0.04761904761904767,0.013136288998357948,0.08045977011494254,0.04863221884498481
2382,廣達,20260603,20260604,402.0,20260608,357.0,2,Close Confirmed Stop,20260605,0,-0.11194029850746268,-0.1153225806451613,-0.11709283341369649,2.481047724399699,0.04119850187265928,1.0183150183150182,Breakout,-0.12199535728821567,0.22954021852193476,0.10754486123371909,393.0,393.0,-0.03597122302158273,0.02487562189054726,-0.06716417910447758,0.004975124378109541,,,,0.08263305322128844
2383,台光電,20230518,20230519,182.0,20230524,189.5,3,Trailing Stop,20230523,0,0.041208791208791284,0.037273945077026124,0.03519837237044499,1.9223145370529144,0.05604719764011801,0.9808219178082191,Pre-breakout,0.026084790386423685,0.1105260915400714,0.1366108819264951,172.0,172.9,0.016759776536312776,0.10989010989010994,-0.02197802197802201,0.013736263736263687,0.030219780219780112,,,0.1345646437994723
2383,台光電,20240202,20240205,480.5,20240221,499.5,5,Trailing Stop,20240220,0,0.03954214360041619,0.035600442908432034,0.03352820726696345,1.8229394016815308,0.05555555555555558,0.9937238493723849,Pre-breakout,0.0595476737005767,0.04640469303065834,0.10595236673123505,463.0,463.0,0.011578947368421133,0.1446409989594173,-0.0010405827263267886,0.03537981269510926,0.11134235171696161,0.0593132154006244,,0.05905905905905895
2385,群光,20230726,20230727,106.0,20230804,100.5,5,Close Confirmed Stop,20230802,0,-0.05188679245283023,-0.05546484505164945,-0.0573675150561778,2.4210940395286262,0.03960396039603964,1.0144927536231885,Breakout,0.17474007463222904,0.040827489022087986,0.215567563654317,101.0,101.0,0.00952380952380949,0.05188679245283012,-0.057547169811320686,0.014150943396226356,-0.014150943396226467,-0.05660377358490565,,0.054726368159204064
2385,群光,20230914,20230915,117.5,20230922,114.5,5,Day 5 Weakness,20230921,0,-0.025531914893617058,-0.029258202805718194,-0.031200692230364063,1.9226147126911988,0.026315789473684292,1.017391304347826,Breakout,-0.16920470048308867,0.22338725726885944,0.054182556785770775,114.5,114.5,0.004273504273504258,0.017021276595744705,-0.03829787234042559,0.012765957446808418,-0.012765957446808529,-0.017021276595744705,,0.02183406113537112
2385,群光,20231107,20231108,140.5,20231117,152.5,8,Day 8 Time Stop,20231117,0,0.08540925266903909,0.08129999832990965,0.07913632035368973,2.710116806223946,0.03308823529411775,1.0218181818181817,Breakout,0.29728259134814883,0.01257797660961297,0.3098605679577618,134.5,134.5,0.0,0.13879003558718872,-0.017793594306049876,0.01067615658362997,0.039145907473309594,0.08185053380782925,0.08540925266903909,0.026229508196721207
2385,群光,20231213,20231214,180.0,20231221,173.5,5,Day 5 Weakness,20231220,0,-0.036111111111111094,-0.03974307507025291,-0.04166452776362972,2.3108009477080778,0.056213017751479244,1.002808988764045,Breakout,0.06234030873667014,0.22928698491327704,0.29162729364994716,170.0,171.0,0.008403361344537785,0.050000000000000044,-0.033333333333333326,0.050000000000000044,0.008333333333333304,-0.01388888888888884,,0.06340057636887608
2385,群光,20240226,20240227,190.0,20240308,223.0,8,Day 8 Time Stop,20240308,0,0.17368421052631589,0.1692245828027612,0.16688495482198473,1.9155440366791159,0.043126684636118684,1.0025906735751295,Breakout,0.10581306585735598,0.01742144261894412,0.1232345084763001,182.0,182.0,-0.018087855297157618,0.21052631578947367,-0.03157894736842104,-0.007894736842105288,-0.0026315789473684292,0.07631578947368411,0.17368421052631589,0.10986547085201792
2385,群光,20240313,20240314,237.0,20240322,244.0,6,Trailing Stop,20240321,0,0.029535864978903037,0.02564102564102564,0.02358872576391651,2.112009940475065,0.03752759381898452,1.0217391304347827,Breakout,-0.06484029669652251,0.1639904442489695,0.099150147552447,227.0,227.0,0.008510638297872353,0.12658227848101267,-0.025316455696202556,0.014767932489451407,0.06751054852320681,0.09071729957805896,,-0.02868852459016391
2385,群光,20250108,20250109,162.0,20250114,154.0,3,Close Confirmed Stop,20250113,0,-0.04938271604938271,-0.0529651124007738,-0.05486011081578435,2.3934412674043726,0.0625,1.0352564102564104,Extended Breakout,0.3072845082833703,-0.024738292779087612,0.28254621550428266,153.5,153.9,0.003095975232198178,0.006172839506172867,-0.05246913580246915,-0.01851851851851849,-0.05246913580246915,,,0.01298701298701288
2385,群光,20250804,20250805,139.0,20250812,135.5,5,Day 5 Weakness,20250811,0,-0.025179856115107868,-0.028882496571562364,-0.030825710727995857,2.1043842866196893,0.04580152671755733,1.0036630036630036,Breakout,0.1060744000450024,-0.05439888635859242,0.05167551368640998,130.5,132.04999999999998,0.014598540145985384,0.017985611510791477,-0.046762589928057596,-0.007194244604316502,-0.021582733812949617,-0.025179856115107868,,0.014760147601476037
2388,威盛,20230221,20230222,79.0,20230306,85.8,6,Trailing Stop,20230303,0,0.08607594936708862,0.08193503154942747,0.0798034055431719,4.288415985205188,0.06357615894039736,1.0229299363057325,Breakout,0.07120737304033853,0.0,0.07120737304033853,75.9,75.9,-0.016189290161892855,0.1632911392405063,-0.040506329113924044,-0.03544303797468351,0.14936708860759484,0.11265822784810142,,0.13053613053613056
2388,威盛,20231115,20231116,159.0,20231124,163.5,6,Trailing Stop,20231123,0,0.028301886792452935,0.024411449973247727,0.02236160937575371,1.8145844989407542,0.06020066889632103,1.046204620462046,Extended Breakout,0.10932123545779071,0.0045896728606518306,0.11391090831844254,150.0,151.04999999999998,0.003154574132492094,0.12893081761006298,-0.03144654088050314,0.0062893081761006275,0.04402515723270439,0.07232704402515733,,0.08868501529051986
2388,威盛,20251210,20251211,63.6,20251215,62.2,2,Trailing Stop,20251212,0,-0.022012578616352196,-0.025741133757791794,-0.02769064956745984,13.805978512948133,0.03839999999999999,1.0384,Extended Breakout,0.09223766984162368,0.0,0.09223766984162368,60.8,60.8,-0.02003081664098616,0.09905660377358494,-0.02358490566037741,0.047169811320754595,,,,-0.019292604501607746
2392,正崴,20231211,20231212,48.0,20231221,48.8,8,Day 8 Time Stop,20231221,0,0.016666666666666607,0.012794882047181128,0.010795403019915484,5.026286728722442,0.059617547806524174,1.0351648351648353,Extended Breakout,0.2765640798935839,0.04125040411728732,0.3178144840108712,45.6,45.6,0.019108280254777066,0.07916666666666661,-0.004166666666666763,0.07499999999999996,0.04166666666666674,0.025000000000000133,0.016666666666666607,0.013319672131147708
2392,正崴,20240513,20240514,51.9,20240523,73.3,8,Day 8 Time Stop,20240523,0,0.4123314065510597,0.4069682974455352,0.4041436594443339,3.167548052446616,0.058461538461538565,1.011764705882353,Breakout,0.20117029942486925,0.0,0.20117029942486925,49.0,49.305,0.005813953488372103,0.4123314065510597,-0.021194605009633993,-0.0077071290944122905,0.0019267822736031004,0.12716763005780352,0.4123314065510597,0.05047748976807642
2392,正崴,20250718,20250721,61.0,20250723,56.7,2,Close Confirmed Stop,20250722,0,-0.07049180327868843,-0.07403464272602875,-0.07585417987046347,5.361783444751585,0.051724137931034475,1.0338983050847457,Extended Breakout,0.027561721399100257,0.0,0.027561721399100257,58.0,58.0,0.0,0.014754098360655776,-0.09836065573770492,-0.03934426229508192,,,,0.03527336860670194
2392,正崴,20260603,20260604,44.0,20260605,41.7,1,Close Confirmed Stop,20260604,0,-0.05227272727272725,-0.05585468374699758,-0.05774391051059028,1.8601078806667153,0.057485029940119725,1.0437352245862885,Extended Breakout,0.1478110971669557,0.0,0.1478110971669557,42.15,42.15,-0.003397508493771184,0.0,-0.05340909090909096,-0.045454545454545414,,,,-0.033573141486810676
2393,億光,20220117,20220118,55.3,20220124,54.1,4,Trailing Stop,20220121,0,-0.02169981916817354,-0.025426385544579478,-0.027383405640573785,5.471425040269619,0.05405405405405417,1.0036764705882353,Breakout,0.05584572719769897,0.004295666147371284,0.06014139334507025,51.8,52.535,0.012820512820512775,0.08499095840867987,-0.016274864376130127,0.030741410488245968,0.018083182640144635,,,0.0443622920517559
2393,億光,20230705,20230706,53.5,20230717,54.2,8,Day 8 Time Stop,20230717,0,0.013084112149532867,0.009241959161884425,0.007222461465851084,2.4513460254169788,0.028846153846153744,1.019047619047619,Breakout,0.12996463763600777,0.00046086750934754526,0.1304255051453553,52.5,52.5,0.0,0.03364485981308407,-0.02242990654205612,0.016822429906542036,-0.00747663551401867,0.013084112149532867,0.013084112149532867,0.011070110701106861
2393,億光,20240408,20240409,58.9,20240418,62.4,8,Day 8 Time Stop,20240418,0,0.05942275042444822,0.0553979214526492,0.0532781478052428,2.7428509870293274,0.045454545454545414,1.043557168784029,Extended Breakout,0.05224629331509856,0.08980653064727509,0.14205282396237365,55.5,55.955,0.024347826086956514,0.05942275042444822,-0.02037351443123936,-0.013582342954159499,0.032258064516129004,0.03395585738539908,0.05942275042444822,-0.0016025641025640969
2393,億光,20240613,20240614,75.5,20240625,76.2,8,Day 8 Time Stop,20240625,0,0.009271523178808083,0.0054326257691217905,0.003444460632431195,1.922561068713348,0.032653061224489965,1.022911051212938,Breakout,0.21644784300504794,0.008505917434383224,0.22495376043943113,73.5,73.5,-0.005270092226614009,0.07152317880794712,-0.015894039735099397,-0.003973509933774766,0.05562913907284761,0.041059602649006655,0.009271523178808083,0.10498687664041984
2393,億光,20240702,20240703,81.9,20240709,76.1,4,Close Confirmed Stop,20240708,0,-0.0708180708180709,-0.07435789698339978,-0.07618640456488399,5.411168624012911,0.06919060052219339,1.0123609394313968,Breakout,-0.2272540811626595,0.4723472810552622,0.2450931998926027,76.8,77.805,0.0,0.05616605616605619,-0.06593406593406603,0.012210012210012167,-0.04761904761904767,,,0.06438896189224708
2393,億光,20240902,20240903,83.8,20240910,84.5,5,Day 5 Weakness,20240909,0,0.00835322195704058,0.0045408071209479045,0.0025307294420578216,2.2390633298864873,0.04936708860759498,1.0184275184275184,Breakout,0.1362292208333232,0.028927819160456367,0.16515703999377956,79.8,79.8,0.010856453558504064,0.013126491646778149,-0.054892601431980825,-0.004773269689737347,-0.029832935560859197,-0.0011933174224343368,,-0.014201183431952646
2393,億光,20260206,20260209,60.1,20260225,60.0,5,Day 5 Weakness,20260224,0,-0.0016638935108153063,-0.00546298734413492,-0.007460690507092399,2.0022987616703767,0.035211267605633756,0.99830220713073,Pre-breakout,0.10351906830191038,-0.00028667236724163984,0.10323239593466874,56.5,57.095,0.022108843537415046,0.016638935108153063,-0.048252911813643884,-0.029950083194675625,-0.04159733777038266,-0.0033277870216306127,,-0.010000000000000009
2395,研華,20260223,20260224,314.0,20260305,335.5,6,Trailing Stop,20260304,0,0.06847133757961776,0.06438911601099122,0.06225924223591259,1.953354240040554,0.032786885245901676,1.0194174757281553,Breakout,0.15673889027256666,0.00762685739605475,0.16436574766862141,310.0,310.0,-0.0031746031746031633,0.09076433121019112,-0.0079617834394905,0.031847133757961776,0.07165605095541405,0.05095541401273884,,0.12220566318926984
2395,研華,20260417,20260420,375.0,20260424,357.0,4,Close Confirmed Stop,20260423,0,-0.04800000000000004,-0.05161268825803012,-0.05352236730669559,2.0917898490659748,0.030985915492957705,1.011049723756906,Breakout,0.38095301452250147,-0.03659148420604725,0.3443615303164542,359.5,359.5,0.024590163934426146,0.0040000000000000036,-0.07199999999999995,-0.03066666666666662,-0.03733333333333333,,,0.10644257703081239
2399,映泰,20230525,20230526,20.65,20230531,20.25,3,Close Confirmed Stop,20230530,0,-0.01937046004842613,-0.023096566852692686,-0.025053926517187443,5.564766688110757,0.03768844221105527,1.0147420147420145,Breakout,0.028113880561030823,0.0,0.028113880561030823,20.05,20.05,0.0,0.04842615012106544,-0.04116222760290544,0.0,-0.03147699757869238,,,0.15555555555555545
2399,映泰,20240216,20240219,25.8,20240223,24.9,4,Close Confirmed Stop,20240222,0,-0.03488372093023262,-0.0385707998239508,-0.0404978220617346,7.004472064858777,0.057377049180328044,1.0197628458498025,Breakout,0.2428709579865344,0.0,0.2428709579865344,24.7,24.7,0.0,0.003875968992248069,-0.050387596899224785,-0.013565891472868241,-0.04069767441860472,,,0.12449799196787148
2399,映泰,20260814,20260817,46.25,20260821,46.35,4,Close Confirmed Stop,20260820,0,0.00216216216216214,-0.0016409845907544769,-0.0036387081554458403,2.3677116506482916,0.03490990990990994,1.0043715846994536,Breakout,0.12888671323854728,0.0,0.12888671323854728,45.05,45.05,0.006528835690968293,0.022702702702702693,-0.05081081081081085,0.016216216216216273,-0.024864864864864833,,,0.06796116504854366
2401,凌陽,20231117,20231120,34.85,20231129,36.4,8,Day 8 Time Stop,20231129,0,0.0444763271162123,0.04052296301237368,0.03843628456581776,4.23730903875078,0.05828220858895694,1.0207100591715976,Breakout,0.25139888500719504,0.0,0.25139888500719504,32.5,33.1075,0.010144927536231974,0.0860832137733143,-0.015781922525107683,0.022955523672883782,0.03443328550932545,0.020086083213773254,0.0444763271162123,0.005494505494505475
2401,凌陽,20240705,20240708,38.7,20240715,37.7,5,Day 5 Weakness,20240712,0,-0.025839793281653756,-0.02956223233181689,-0.031475575052893015,3.806815616354033,0.056473829201102,1.0026143790849673,Breakout,0.16524372214869468,0.0,0.16524372214869468,36.85,36.85,0.009126466753585527,0.007751937984496138,-0.0620155038759691,-0.025839793281653756,-0.040051679586563416,-0.03746770025839796,,0.01591511936339507
2401,凌陽,20260114,20260115,21.8,20260126,23.0,8,Day 8 Time Stop,20260126,0,0.05504587155963292,0.05102503265708728,0.04891606287911876,2.4865248285065285,0.040476190476190554,1.0210280373831777,Breakout,0.1287537338582819,8.333575007008536e-05,0.12883706960835198,21.2,21.2,-0.0022883295194507935,0.0848623853211008,-0.032110091743119185,-0.016055045871559703,0.059633027522935755,0.029816513761467878,0.05504587155963292,0.021739130434782705
2402,毅嘉,20230323,20230324,28.0,20230329,26.85,3,Close Confirmed Stop,20230328,0,-0.04107142857142854,-0.04468833333333326,-0.04660327191956781,10.429346015335904,0.029906542056074903,1.029906542056075,Breakout,0.04849870641862757,0.0,0.04849870641862757,26.9,26.9,0.016333938294010864,0.02678571428571419,-0.07500000000000007,0.0,-0.06071428571428572,,,0.05586592178770955
2402,毅嘉,20231211,20231212,37.3,20231219,36.4,5,Day 5 Weakness,20231218,0,-0.024128686327077764,-0.027852219244563506,-0.02980214421876222,2.1507060358370724,0.026499302649930057,0.9892473118279569,Pre-breakout,0.0350747649298354,0.0,0.0350747649298354,35.5,35.5,0.013586956521739024,0.04021447721179627,-0.03217158176943691,-0.0013404825737264314,0.002680965147453085,-0.024128686327077764,,0.028846153846153966
2402,毅嘉,20240216,20240219,35.6,20240226,34.6,5,Day 5 Weakness,20240223,0,-0.028089887640449396,-0.03178022622985807,-0.03372202406843683,2.6683961512625345,0.03768115942028971,1.0170454545454544,Breakout,0.21060285588992558,0.0,0.21060285588992558,34.6,34.6,-0.005586592178770777,0.028089887640449396,-0.028089887640449396,0.001404494382022392,-0.014044943820224698,-0.028089887640449396,,0.054913294797687806
2402,毅嘉,20240401,20240402,36.05,20240411,34.9,5,Close Confirmed Stop,20240410,0,-0.03190013869625519,-0.03558669048444288,-0.037520930906080704,3.1639714191990924,0.022759601706970223,0.9986111111111112,Pre-breakout,0.13483073474530585,0.0,0.13483073474530585,35.15,35.15,0.0027816411682890507,0.026352288488210807,-0.03467406380027738,-0.012482662968099745,0.008321775312066793,-0.029126213592232886,,0.01862464183381074
2402,毅嘉,20240527,20240528,35.0,20240531,34.7,3,Close Confirmed Stop,20240530,0,-0.008571428571428452,-0.01233378878261734,-0.01431450478568716,1.8621934251012058,0.020408163265306145,1.002865329512894,Breakout,0.2625123863459264,0.0,0.2625123863459264,34.3,34.3,0.0,0.03142857142857136,-0.021428571428571463,0.014285714285714235,-0.021428571428571463,,,0.03890489913544659
2402,毅嘉,20240717,20240718,43.0,20240722,40.6,2,Close Confirmed Stop,20240719,0,-0.05581395348837204,-0.05939365640529631,-0.06128094802229739,6.389407739635532,0.04265402843601884,1.0426540284360188,Extended Breakout,0.030566495759175246,0.0,0.030566495759175246,42.35,42.35,-0.022727272727272707,0.04069767441860472,-0.06395348837209303,0.02674418604651163,,,,0.013546798029556495
2402,毅嘉,20241017,20241018,46.3,20241021,44.0,1,Close Confirmed Stop,20241018,0,-0.049676025917926525,-0.053259966430971556,-0.055154377153124656,4.284774838708322,0.05131128848346633,1.0065502183406114,Breakout,0.14554534570068162,0.0,0.14554534570068162,43.7,43.98499999999999,0.00433839479392617,0.003239740820734527,-0.05399568034557234,-0.05291576673866083,,,,0.007954545454545547
2402,毅嘉,20250812,20250813,47.6,20250822,61.1,8,Day 8 Time Stop,20250822,0,0.28361344537815114,0.27876666666666666,0.2762001761543606,6.436599597672564,0.02399127589967298,1.023991275899673,Breakout,0.1482602268225022,0.0,0.1482602268225022,46.0,46.0,0.013844515441959526,0.33193277310924363,-0.007352941176470673,0.004201680672268893,0.1869747899159664,0.23949579831932777,0.28361344537815114,0.06055646481178378
2404,漢唐,20240312,20240313,409.5,20240315,365.0,2,Close Confirmed Stop,20240314,0,-0.10866910866910862,-0.11206968617812776,-0.11384645737160592,1.9790244043441352,0.03242542153048,1.0114358322744599,Breakout,0.018347187444672924,0.10785279103550117,0.12619997848017409,372.0,389.025,0.028894472361808976,0.024420024420024333,-0.07692307692307687,0.024420024420024333,,,,0.22876712328767113
2405,輔信,20240226,20240227,21.1,20240304,20.4,3,Close Confirmed Stop,20240301,0,-0.03317535545023709,-0.03686268757230362,-0.038792543464759764,3.932099348454292,0.02676399026763998,1.0047619047619047,Breakout,0.057303797834719665,0.0,0.057303797834719665,20.3,20.3,0.0,0.02843601895734582,-0.05213270142180104,-0.028436018957346043,-0.049763033175355464,,,-0.004901960784313597
2405,輔信,20240522,20240523,20.45,20240531,21.7,6,Trailing Stop,20240530,0,0.06112469437652801,0.057099130759510126,0.0549811254691345,4.803282901728939,0.04134366925064592,1.0074999999999998,Breakout,0.2643754020932784,0.0,0.2643754020932784,19.3,19.4275,0.01488833746898277,0.15403422982885107,-0.05134474327628369,-0.02689486552567244,0.02933985330073363,0.14180929095354533,,0.025345622119815614
2405,輔信,20250211,20250212,21.3,20250221,22.55,8,Day 8 Time Stop,20250221,0,0.05868544600938974,0.05466229368317201,0.052549045978505515,5.042554605381138,0.04086538461538458,0.9908466819221967,Pre-breakout,0.028569494208886614,0.0,0.028569494208886614,20.65,20.65,-0.016166281755196188,0.107981220657277,-0.011737089201877882,0.009389671361502261,-0.009389671361502261,0.025821596244131495,0.05868544600938974,0.01773835920177369
2406,國碩,20240513,20240514,22.1,20240516,21.75,2,Close Confirmed Stop,20240515,0,-0.015837104072398245,-0.019597222824039993,-0.02152848746811003,8.771676451599475,0.029748283752860427,1.0297482837528604,Breakout,0.03486634537682494,0.0,0.03486634537682494,21.75,21.75,-0.01777777777777767,0.11085972850678738,-0.02714932126696834,0.03167420814479627,,,,0.11264367816091947
2406,國碩,20260114,20260115,31.85,20260122,30.8,5,Day 5 Weakness,20260121,0,-0.03296703296703296,-0.03665595498760134,-0.03858755057671796,3.4867459432873,0.03241491085899506,1.032414910858995,Extended Breakout,0.13752073569078718,0.0,0.13752073569078718,30.05,30.2575,0.0,0.03453689167974883,-0.06907378335949776,0.01883830455259039,-0.03296703296703296,-0.04552590266875989,,0.0016233766233766378
2406,國碩,20260601,20260602,36.2,20260605,37.8,3,Trailing Stop,20260604,0,0.044198895027624197,0.0402459847393414,0.03815968260859575,1.8211218548570145,0.0390738060781477,0.9917127071823203,Pre-breakout,0.20639708240057467,0.0,0.20639708240057467,34.2,34.39,0.008356545961002881,0.1546961325966849,-0.05524861878453036,-0.011049723756906271,0.06353591160220984,,,0.14550264550264558
2408,南亞科,20230130,20230131,60.0,20230201,58.2,1,Close Confirmed Stop,20230131,0,-0.029999999999999916,-0.03368652538984406,-0.03562750775967127,3.2841710651236244,0.045060658578855994,1.0432525951557095,Extended Breakout,0.2726947984201879,0.015827289435368236,0.28852208785555616,59.0,59.0,-0.00497512437810943,0.0033333333333334103,-0.039999999999999925,-0.036666666666666736,,,,0.03436426116838498
2408,南亞科,20230324,20230327,63.2,20230330,65.0,3,Close Confirmed Stop,20230329,0,0.028481012658227778,0.02459891620618767,0.022548707751782672,3.731196835507224,0.05852842809364556,1.0309446254071661,Extended Breakout,0.10701462166882184,0.06070652001304388,0.16772114168186572,61.2,61.2,-0.0015797788309636074,0.007911392405063333,-0.03797468354430389,0.0,-0.034810126582278555,,,0.06153846153846154
2408,南亞科,20230330,20230331,65.0,20230414,67.6,8,Day 8 Time Stop,20230414,0,0.039999999999999813,0.03608099542982949,0.03400781785162207,3.1445566183889513,0.04754098360655745,0.9876352395672333,Pre-breakout,0.02922864430933449,0.06520454698011331,0.0944331912894478,63.6,63.6,0.017214397496087663,0.07538461538461538,-0.013846153846153952,0.023076923076922995,0.055384615384615365,0.04923076923076919,0.039999999999999813,0.010355029585798814
2408,南亞科,20230525,20230526,72.9,20230602,72.0,5,Day 5 Weakness,20230601,0,-0.012345679012345734,-0.016110682960842646,-0.018079469296584133,3.1779082245610963,0.03576537911301858,0.9931412894375857,Pre-breakout,0.26974199501053725,-0.04827312696103356,0.2214688680495037,69.6,69.6,0.006906077348066253,0.008230452674897082,-0.03292181069958855,-0.013717421124828544,-0.013717421124828544,-0.020576131687242816,,0.01388888888888884
2408,南亞科,20230728,20230731,75.3,20230801,72.5,1,Close Confirmed Stop,20230731,0,-0.03718459495351922,-0.04087200731119954,-0.04275794226170842,2.4098801933812632,0.04761904761904745,1.0303030303030303,Extended Breakout,0.21822151943305163,0.012273756770301295,0.23049527620335292,72.8,72.8,0.006684491978609541,0.005312084993359889,-0.04116865869853914,-0.03984063745019917,,,,-0.026206896551724257
2408,南亞科,20230914,20230915,70.5,20230926,70.3,8,Day 8 Time Stop,20230926,0,-0.0028368794326241176,-0.006638976463327162,-0.008626716775879593,1.9018239223446844,0.023391812865497075,1.0043041606886656,Breakout,0.13715412355369108,0.14396506222357536,0.28111918577726647,68.8,68.8,0.0071428571428571175,0.052482269503546064,-0.01134751773049636,0.026950354609929228,0.017021276595744705,0.03262411347517724,-0.0028368794326241176,0.002844950213371389
2408,南亞科,20231120,20231121,70.9,20231128,70.4,5,Day 5 Weakness,20231127,0,-0.007052186177715081,-0.010815693254273782,-0.012803957935685655,2.22059044603732,0.03857566765578624,0.9900990099009901,Pre-breakout,0.12417023371128362,-0.010540612757666809,0.11362962095361681,67.7,67.7,0.0128571428571429,0.004231311706629048,-0.031029619181946466,-0.0042313117066292705,-0.0028208744710860323,-0.011283497884344351,,0.06818181818181812
2408,南亞科,20240617,20240618,68.5,20240625,69.5,5,Trailing Stop,20240624,0,0.014598540145985384,0.010752508640408729,0.008729990886674893,2.1136379563711247,0.025679758308157163,1.014947683109118,Breakout,0.3249137694904806,0.006100850222624015,0.33101461971310464,66.1,66.1,0.008836524300441795,0.10072992700729944,-0.0014598540145984717,0.051094890510948954,0.0613138686131387,0.008759124087591053,,0.010071942446043147
2408,南亞科,20250217,20250218,34.35,20250303,38.1,8,Trailing Stop,20250227,0,0.10917030567685582,0.1049599077319493,0.10274405266248172,2.7038238133262875,0.06346749226006199,1.023845007451565,Breakout,0.02255742782366154,0.010530546225464666,0.0330879740491262,31.85,32.6325,0.0,0.2780203784570596,-0.02037845705967989,0.0363901018922852,0.12954876273653548,0.18922852983988347,0.12518195050946135,0.06955380577427817
2408,南亞科,20250605,20250606,52.6,20250617,53.8,8,Day 8 Time Stop,20250617,0,0.02281368821292773,0.01893712075748483,0.016891422907653955,1.938255228837222,0.06598984771573613,1.043737574552684,Extended Breakout,0.04315932060012849,0.020024632786928183,0.06318395338705668,49.3,49.97,0.0019047619047618536,0.05893536121673004,-0.024714828897338448,-0.011406844106463865,0.032319391634980876,0.028517110266159662,0.02281368821292773,0.1431226765799256
2408,南亞科,20250619,20250620,60.5,20250624,59.7,2,Close Confirmed Stop,20250623,0,-0.013223140495867702,-0.01698960263021746,-0.0189566346629091,1.8972501746042731,0.021996615905245376,1.0219966159052454,Breakout,0.04980970919586939,0.01974896406888066,0.06955867326475006,58.9,58.9,0.0016556291390728006,0.006611570247933907,-0.05289256198347114,-0.026446280991735516,,,,-0.021775544388609736
2408,南亞科,20260428,20260429,236.0,20260504,223.0,2,Close Confirmed Stop,20260430,0,-0.05508474576271183,-0.05866462113127001,-0.06054301777677106,1.9411708597449713,0.04856512141280356,0.9895833333333334,Pre-breakout,0.07457765024119971,0.004643366105051348,0.07922101634625106,231.5,231.5,-0.0063157894736841635,0.025423728813559254,-0.09110169491525422,-0.004237288135593209,,,,0.34977578475336313
2409,友達,20230621,20230626,20.05,20230627,19.6,1,Close Confirmed Stop,20230626,0,-0.02244389027431415,-0.026167402055533983,-0.02812103911040446,2.092921881393079,0.025510204081632626,0.9877149877149877,Pre-breakout,0.16636428011560128,-0.10028387648722127,0.06608040362838,19.75,19.75,-0.0024875621890547706,0.0174563591022443,-0.01995012468827939,-0.017456359102244412,,,,-0.022959183673469497
2409,友達,20260416,20260417,20.4,20260420,20.0,1,Close Confirmed Stop,20260417,0,-0.019607843137254832,-0.023333333333333216,-0.025290187786644283,2.3355837467359852,0.032418952618453734,1.0048543689320388,Breakout,0.06134503810855377,-7.225528179990765e-05,0.06127278282675386,19.9,19.9,-0.01449275362318847,0.01225490196078427,-0.02941176470588225,-0.026960784313725394,,,,-0.015000000000000013
2412,中華電,20221125,20221128,111.5,20221207,112.5,8,Day 8 Time Stop,20221207,0,0.008968609865470878,0.005132392394727633,0.0031402342784269902,2.272975899688387,0.022727272727272707,1.0089686098654709,Breakout,0.16199088901325426,0.0023151647546325823,0.16430605376788684,110.0,110.0,-0.008888888888888835,0.022421524663677195,-0.008968609865470878,-0.008968609865470878,0.017937219730941756,0.004484304932735439,0.008968609865470878,0.004444444444444473
2412,中華電,20260302,20260303,137.5,20260310,137.0,5,Day 5 Weakness,20260309,0,-0.0036363636363636598,-0.007436555840864375,-0.009406717936768082,2.503903723666673,0.029850746268656803,1.0147058823529411,Breakout,0.2998842647562436,0.0058679012678757025,0.30575216602411925,134.5,134.5,-0.0036231884057971175,0.0036363636363636598,-0.021818181818181848,0.0036363636363636598,-0.0036363636363636598,-0.010909090909090868,,0.0036496350364962904
2413,環科,20230208,20230209,31.2,20230213,28.55,2,Close Confirmed Stop,20230210,0,-0.08493589743589736,-0.08840247772977014,-0.09023019040638572,3.52598392071933,0.03161397670549082,1.0214168039538714,Breakout,0.20735527748687468,0.0,0.20735527748687468,30.25,30.25,0.006451612903225712,0.024038461538461453,-0.08653846153846156,-0.02564102564102566,,,,0.02977232924693518
2413,環科,20230703,20230704,34.2,20230713,34.4,8,Day 8 Time Stop,20230713,0,0.005847953216374213,0.002012970998553521,3.687857501175949e-05,2.6585603623281697,0.041158536585365946,0.9813218390804598,Pre-breakout,0.02740106313357174,0.0,0.02740106313357174,32.6,32.6,0.0014641288433383526,0.051169590643274754,-0.033625730994152225,0.03801169590643272,-0.0014619883040937198,0.014619883040935644,0.005847953216374213,0.03924418604651159
2413,環科,20260226,20260302,53.6,20260304,51.0,2,Close Confirmed Stop,20260303,0,-0.04850746268656714,-0.05212447955588774,-0.05398786277824721,4.052405990900399,0.02898550724637672,1.0289855072463767,Breakout,0.0790963583713186,-0.00013459746675902447,0.07896176090455959,53.6,53.6,-0.05633802816901401,0.11753731343283569,-0.04850746268656714,0.04477611940298498,,,,0.01764705882352935
2413,環科,20260615,20260616,63.0,20260617,58.4,1,Close Confirmed Stop,20260616,0,-0.07301587301587309,-0.07652000000000007,-0.07837524203767991,2.0692299489868686,0.0212418300653594,0.9889240506329113,Pre-breakout,0.030264574539223488,0.0,0.030264574539223488,61.0,61.0,0.008000000000000007,0.022222222222222365,-0.060317460317460325,-0.05555555555555558,,,,0.0034246575342467
2417,圓剛,20250207,20250210,51.0,20250214,52.4,4,Trailing Stop,20250213,0,0.027450980392156765,0.02357333333333336,0.021518581529425197,1.8884088284440377,0.024048096192384794,1.0019607843137255,Breakout,0.12348154511563396,0.0007351101737890926,0.12421665528942305,49.65,49.65,-0.00195694716242667,0.1215686274509804,-0.020588235294117574,-0.013725490196078494,0.08823529411764697,,,0.020992366412213803
2417,圓剛,20250826,20250827,48.85,20250901,45.65,3,Close Confirmed Stop,20250829,0,-0.06550665301944736,-0.06904642087056222,-0.07091502487842644,4.2761266144023065,0.04885993485342022,1.0254777070063694,Breakout,0.05487385245292992,0.0,0.05487385245292992,45.7,46.4075,0.011387163561076719,0.0,-0.07062436028659169,-0.035823950870010224,-0.06960081883316271,,,0.020810514786418377
2419,仲琦,20220729,20220801,29.8,20220804,27.2,3,Close Confirmed Stop,20220803,0,-0.0872483221476511,-0.09071448577563782,-0.09253741853917338,3.688061896683521,0.04778761061946901,1.0206896551724138,Breakout,0.04003965478273686,0.0,0.04003965478273686,28.05,28.31,0.006756756756756799,0.021812080536912637,-0.09395973154362414,-0.005033557046979942,-0.07718120805369133,,,0.047794117647058876
2419,仲琦,20230302,20230303,28.95,20230310,28.6,5,Day 5 Weakness,20230309,0,-0.012089810017271052,-0.015851114177348455,-0.017824044293369447,7.731910071240052,0.05797101449275344,1.0174216027874565,Breakout,0.11373477704473983,0.0,0.11373477704473983,27.85,27.85,-0.008561643835616417,0.024179620034542326,-0.020725388601036232,-0.015544041450777146,-0.005181347150258975,0.0,,0.0034965034965033226
2419,仲琦,20260108,20260109,26.65,20260119,31.15,6,Trailing Stop,20260116,0,0.16885553470919334,0.16442032790711245,0.16208637507989007,3.6636426889100835,0.05753968253968256,0.9907063197026023,Pre-breakout,0.026122358038441266,0.0,0.026122358038441266,25.0,25.3175,0.0,0.275797373358349,-0.052532833020637826,-0.039399624765478314,0.11819887429643527,0.2532833020637899,,0.054574638844301804
2421,建準,20220118,20220119,45.9,20220126,41.8,5,Close Confirmed Stop,20220125,0,-0.08932461873638342,-0.09279065656818321,-0.09461130661046296,2.407383681519252,0.031567080045095786,0.9817596566523605,Pre-breakout,0.16226708609041005,0.02039598187575733,0.18266306796616738,43.9,43.9,0.003278688524590123,0.06644880174291945,-0.09259259259259256,0.028322440087146017,-0.027233115468409563,-0.08932461873638342,,0.1435406698564594
2421,建準,20220808,20220809,42.0,20220818,43.7,8,Day 8 Time Stop,20220818,0,0.040476190476190554,0.03652666666666676,0.03448038421837913,1.9314970258558963,0.027878787878787836,0.9953051643192488,Pre-breakout,0.17990947573275032,0.03156693868685067,0.211476414419601,40.3,40.3,-0.009433962264150941,0.050000000000000044,-0.004761904761904856,0.03809523809523818,0.029761904761904656,0.02619047619047632,0.040476190476190554,0.005720823798627039
2421,建準,20230322,20230323,50.7,20230406,53.5,8,Day 8 Time Stop,20230406,0,0.055226824457593526,0.05120147319328654,0.04909799079031877,3.5313640635098142,0.02851323828920571,1.015075376884422,Breakout,0.16774192778311553,0.0,0.16774192778311553,49.2,49.2,0.003960396039603964,0.06311637080867838,-0.01183431952662728,0.011834319526627057,0.04339250493096647,0.02564102564102555,0.055226824457593526,0.0
2421,建準,20230417,20230418,56.8,20230420,53.6,2,Close Confirmed Stop,20230419,0,-0.05633802816901401,-0.05991520678345728,-0.06180309664278992,2.6779476604583214,0.05860113421550106,1.038961038961039,Extended Breakout,0.012329183052274952,0.018470930671221873,0.030800113723496825,53.3,53.959999999999994,0.014285714285714235,0.0,-0.054577464788732266,-0.03169014084507038,,,,0.005597014925373012
2421,建準,20230526,20230529,87.8,20230607,89.8,8,Day 8 Time Stop,20230607,0,0.02277904328018221,0.018897027891478978,0.016858207808207407,3.961359687749691,0.036809815950920255,1.0368098159509203,Extended Breakout,-0.0029641850425209,0.04144648590780246,0.038482300865281566,82.9,83.41,0.03905325443786989,0.056947608200455635,-0.03530751708428237,0.013667425968109326,-0.011389521640091105,0.001138952164009277,0.02277904328018221,0.04231625835189301
2421,建準,20250509,20250512,94.0,20250521,104.0,8,Day 8 Time Stop,20250521,0,0.1063829787234043,0.10217347823188212,0.0999882006656535,2.287130570735443,0.047937569676700154,0.9915611814345991,Pre-breakout,0.23128979480360898,0.0011678745409106034,0.23245766934451956,91.2,91.2,0.0,0.11702127659574457,-0.0021276595744681437,0.009574468085106425,0.06382978723404253,0.07446808510638303,0.1063829787234043,0.004807692307692291
2421,建準,20250612,20250613,107.5,20250618,102.0,3,Close Confirmed Stop,20250617,0,-0.051162790697674376,-0.05474178873169025,-0.05664608929395742,2.1726752189811274,0.03883495145631066,0.9953488372093023,Pre-breakout,0.21763638144729383,0.061722102694011634,0.2793584841413055,103.0,103.0,0.004672897196261738,0.009302325581395321,-0.06511627906976747,-0.032558139534883734,-0.046511627906976716,,,0.009803921568627416
2421,建準,20250805,20250806,121.0,20250815,136.0,8,Day 8 Time Stop,20250815,0,0.12396694214876036,0.1197030001003378,0.11746247028832073,6.67523691818205,0.05701754385964919,1.0387931034482758,Extended Breakout,0.02795007133633174,0.009194447224741461,0.0371445185610732,115.5,115.5,0.004149377593360981,0.1446280991735538,-0.008264462809917328,0.004132231404958775,0.08677685950413228,0.11157024793388426,0.12396694214876036,0.040441176470588314
2421,建準,20251110,20251111,178.0,20251117,177.5,4,Trailing Stop,20251114,0,-0.002808988764044895,-0.0065851049605562244,-0.008572925365685897,3.9366163202971842,0.04747774480712175,1.0474777448071217,Extended Breakout,0.11123501849840028,0.0,0.11123501849840028,169.5,169.5,0.008498583569405138,0.09550561797752799,-0.014044943820224698,0.022471910112359605,0.03370786516853941,,,0.08450704225352124
2421,建準,20260522,20260525,163.0,20260601,161.0,5,Day 5 Weakness,20260529,0,-0.012269938650306789,-0.016031195840554593,-0.017987180737434428,2.9849282271235102,0.04276315789473695,0.9968553459119497,Pre-breakout,0.15488265868137158,0.09106935719067794,0.2459520158720495,153.5,154.85,0.028391167192429068,0.021472392638036908,-0.06748466257668717,-0.0030674846625766694,-0.006134969325153339,-0.024539877300613466,,0.10559006211180133
2426,鼎元,20241011,20241014,26.1,20241016,23.9,2,Close Confirmed Stop,20241015,0,-0.08429118773946376,-0.08775736727898173,-0.08958577736198602,5.0326542469606,0.06198347107438007,0.9884615384615384,Pre-breakout,0.07614137630741004,0.0,0.07614137630741004,24.5,24.795,0.015564202334630517,0.0344827586206895,-0.0823754789272031,-0.019157088122605415,,,,0.10041841004184104
2427,三商電,20230915,20230918,26.35,20230925,25.95,5,Day 5 Weakness,20230922,0,-0.015180265654649028,-0.018941073327488702,-0.02087417437902151,2.400596771318756,0.04980079681274896,1.0,Breakout,0.04436566466277783,0.0,0.04436566466277783,24.85,25.0325,0.0,0.05313092979127121,-0.0436432637571158,0.013282732447817747,-0.015180265654649028,-0.026565464895635826,,0.08477842003853553
2427,三商電,20250616,20250617,29.25,20250624,28.7,5,Day 5 Weakness,20250623,0,-0.018803418803418848,-0.022530069265584755,-0.024489630442830573,3.3013242599891655,0.03527336860670194,0.9882154882154883,Pre-breakout,0.11136945088123071,0.0,0.11136945088123071,28.3,28.3,-0.0034071550255536653,0.01025641025641022,-0.042735042735042694,-0.013675213675213627,-0.010256410256410331,-0.029059829059829068,,0.0017421602787457413
2427,三商電,20250717,20250718,31.0,20250723,28.8,3,Close Confirmed Stop,20250722,0,-0.07096774193548383,-0.07450731935042841,-0.07632956255156638,3.7527902502035055,0.05670103092783507,1.021594684385382,Breakout,0.05791195107598373,0.008669859342369494,0.06658181041835322,29.35,29.45,0.008130081300812941,0.001612903225806539,-0.07258064516129037,-0.04516129032258065,-0.07096774193548383,,,0.00694444444444442
2428,興勤,20251020,20251021,185.5,20251029,199.5,5,Trailing Stop,20251028,0,0.07547169811320753,0.07139151535436365,0.06924765740399298,2.008791562267592,0.06340057636887608,1.0394366197183098,Extended Breakout,0.10424837831344058,0.022259699461679522,0.1265080777751201,176.5,176.5,0.005420054200542035,0.1482479784366577,-0.008086253369272267,0.0026954177897573484,0.08894878706199472,0.06469002695417791,,-0.010025062656641603
2436,偉詮電,20221202,20221205,49.2,20221207,46.8,2,Close Confirmed Stop,20221206,0,-0.0487804878048782,-0.05239734710490164,-0.054260185652925695,2.0704711218681653,0.03290870488322706,1.0209863588667367,Breakout,0.07506881243514543,0.0,0.07506881243514543,47.2,47.2,0.011305241521069043,0.030487804878048808,-0.0477642276422765,-0.0071138211382114624,,,,-0.010683760683760646
2436,偉詮電,20260211,20260223,61.7,20260303,60.0,5,Day 5 Weakness,20260302,0,-0.027552674230145957,-0.03124187451247077,-0.033187960078453795,3.9788650648950843,0.024137931034482696,0.9933110367892977,Pre-breakout,0.08425655992763285,0.0002207122804643919,0.08447727220809725,56.3,58.615,0.03872053872053871,0.04538087520259304,-0.05672609400324147,-0.008103727714748765,-0.029173419773095732,-0.030794165316045508,,-0.03833333333333333
2436,偉詮電,20260813,20260814,71.3,20260818,66.6,2,Close Confirmed Stop,20260817,0,-0.06591865357643767,-0.06946391614927577,-0.07132592542350177,2.098826798339729,0.053254437869822535,1.0333817126269955,Extended Breakout,0.22587172600123623,-0.017570788245564364,0.20830093775567188,67.6,67.735,0.001404494382022392,0.005610098176718203,-0.07152875175315565,-0.030855539971949564,,,,-0.0030030030030028243
2439,美律,20240401,20240402,127.0,20240409,122.0,3,Close Confirmed Stop,20240408,0,-0.03937007874015752,-0.04298959445037353,-0.04491993049115731,2.464920386630505,0.05531914893617018,1.008130081300813,Breakout,0.07826630805826938,0.06893041386414069,0.14719672192241007,118.0,120.64999999999999,0.024193548387096753,0.0,-0.055118110236220486,-0.023622047244094446,-0.051181102362204745,,,0.06557377049180335
2439,美律,20240410,20240411,127.0,20240416,118.5,3,Close Confirmed Stop,20240415,0,-0.06692913385826771,-0.07047091782283885,-0.07231250070055886,3.102421397348427,0.049180327868852514,1.0078740157480315,Breakout,0.06683291407495995,0.032793767528380036,0.09962668160333998,123.0,123.0,-0.0078125,0.0,-0.055118110236220486,-0.019685039370078705,-0.051181102362204745,,,0.016877637130801704
2439,美律,20240626,20240627,136.0,20240708,144.5,8,Day 8 Time Stop,20240708,0,0.0625,0.05846585594013096,0.05634785754718004,3.8824143591426625,0.037735849056603765,1.014760147601476,Breakout,0.1131479990223623,0.0,0.1131479990223623,132.0,132.0,-0.010909090909090868,0.08823529411764697,-0.007352941176470562,0.007352941176470562,0.003676470588235281,0.018382352941176405,0.0625,0.0034602076124568004
2439,美律,20250508,20250509,121.0,20250520,124.5,8,Day 8 Time Stop,20250520,0,0.02892561983471076,0.02503428208301281,0.022983196802474026,2.1894549928089337,0.048458149779735615,1.0347826086956522,Extended Breakout,0.27003677927141445,0.20203952348207363,0.4720763027534881,114.0,114.94999999999999,0.01680672268907557,0.05371900826446274,-0.016528925619834656,0.008264462809917328,0.016528925619834656,0.016528925619834656,0.02892561983471076,0.016064257028112428
2439,美律,20250529,20250602,125.5,20250604,120.5,2,Close Confirmed Stop,20250603,0,-0.03984063745019917,-0.043457250928965394,-0.04538644463990661,2.6787567165472552,0.03688524590163933,0.9921568627450981,Pre-breakout,-0.03731866328025734,0.2059189771953254,0.16860031391506805,123.5,123.5,-0.007905138339920903,0.019920318725099584,-0.043824701195219085,-0.01195219123505975,,,,-0.008298755186721962
2439,美律,20251105,20251106,108.0,20251117,110.5,8,Day 8 Time Stop,20251117,0,0.02314814814814814,0.019262897620956964,0.01722334424063411,2.6635474732318154,0.043689320388349495,0.9953703703703703,Pre-breakout,0.28381628287961985,-0.02779898509698942,0.25601729778263044,102.0,102.6,0.0046511627906977715,0.07870370370370372,-0.01388888888888884,0.0092592592592593,0.02777777777777768,0.04166666666666674,0.02314814814814814,0.0
2441,超豐,20251110,20251111,78.2,20251117,72.5,4,Close Confirmed Stop,20251114,0,-0.07289002557544766,-0.07639857689252608,-0.07824669969882457,2.9178674647642158,0.054495912806539426,1.0389261744966443,Extended Breakout,0.1722614019543137,-0.02704116705670918,0.1452202348976045,72.3,74.29,0.010335917312661369,0.010230179028132946,-0.0831202046035806,-0.03580562659846542,-0.021739130434782594,,,0.06206896551724128
2441,超豐,20260706,20260707,145.0,20260708,136.5,1,Close Confirmed Stop,20260707,0,-0.05862068965517242,-0.062177899738973294,-0.06405447068337747,3.671212958454844,0.021126760563380254,0.9897610921501706,Pre-breakout,0.07764444650849456,0.016318926601383815,0.09396337310987837,144.0,144.0,0.0,0.01724137931034475,-0.08965517241379306,-0.07931034482758625,,,,0.1135531135531136
2442,新美齊,20240429,20240430,32.45,20240502,31.1,1,Close Confirmed Stop,20240430,0,-0.04160246533127898,-0.04521966408630546,-0.047134079490052536,3.1883020503974815,0.049679487179487225,1.0363924050632911,Extended Breakout,0.07683451332238567,0.0,0.07683451332238567,31.55,31.55,-0.00916030534351131,0.02003081664098616,-0.0631741140215718,-0.03697996918335911,,,,0.067524115755627
2442,新美齊,20240710,20240711,34.0,20240722,32.5,8,Day 8 Time Stop,20240722,0,-0.044117647058823484,-0.047733333333333336,-0.04964291184071017,4.051782751286808,0.0691823899371069,1.0194902548725637,Breakout,0.2839129654467034,0.0,0.2839129654467034,31.6,32.3,0.0,0.05882352941176472,-0.06617647058823528,-0.004411764705882337,-0.01764705882352946,0.013235294117647234,-0.044117647058823484,0.17538461538461547
2449,京元電子,20220113,20220114,45.75,20220125,45.3,8,Day 8 Time Stop,20220125,0,-0.009836065573770592,-0.013601527774303158,-0.0155753259742654,3.806358898890327,0.03178206583427934,0.9978046103183317,Pre-breakout,0.24975795217936383,0.1355031373022286,0.38526108948159243,44.15,44.15,0.0066006600660064585,0.04371584699453557,-0.040437158469945333,-0.029508196721311553,0.02841530054644803,0.020765027322404483,-0.009836065573770592,0.004415011037527616
2449,京元電子,20230130,20230131,37.95,20230209,40.05,8,Day 8 Time Stop,20230209,0,0.05533596837944654,0.05131282820705151,0.049204034303391826,2.5034757734985855,0.021534320323014944,1.00796812749004,Breakout,0.11539559873812694,0.029510127588761273,0.1449057263268882,37.45,37.45,0.0,0.06587615283267456,-0.0013175230566535578,0.009222661396574239,0.04347826086956519,0.048748353096178976,0.05533596837944654,0.03370786516853941
2449,京元電子,20230223,20230224,41.8,20230309,48.9,8,Day 8 Time Stop,20230309,0,0.16985645933014348,0.1654192765137112,0.16308107929627663,2.108657170597998,0.023427866831072786,1.002415458937198,Breakout,0.19240893788041974,0.004426501130279398,0.19683543901069914,40.6,40.6,0.0072289156626506035,0.1722488038277512,-0.013157894736842035,0.0011961722488038617,0.01555023923444998,0.10406698564593309,0.16985645933014348,0.006134969325153561
2449,京元電子,20230309,20230310,48.75,20230313,46.5,1,Close Confirmed Stop,20230310,0,-0.0461538461538461,-0.049769531477915865,-0.05167682490736047,3.7766582593395617,0.030558482613276983,1.0294736842105263,Breakout,0.321794665216703,0.004935606123562916,0.32673027134026594,47.9,47.9,-0.0030674846625766694,0.0,-0.03897435897435897,-0.036923076923076836,,,,0.08172043010752672
2449,京元電子,20230529,20230530,54.5,20230602,52.5,3,Close Confirmed Stop,20230601,0,-0.03669724770642202,-0.040384166472137925,-0.04224435071926189,5.4245552998942514,0.050880626223092085,1.0386847195357833,Extended Breakout,0.11051145591637279,0.004488132221127173,0.11499958813749997,53.0,53.0,0.014897579143389184,0.005504587155963359,-0.04220183486238527,-0.011009174311926606,-0.03853211009174318,,,0.04380952380952374
2449,京元電子,20230704,20230705,61.3,20230706,59.5,1,Close Confirmed Stop,20230705,0,-0.029363784665579096,-0.03305355195630199,-0.03499597400406493,1.8024197306284755,0.03198653198653201,1.0216666666666667,Breakout,0.0173796185242572,0.008638646067531983,0.026018264591789183,60.2,60.2,0.0,0.0,-0.02610114192495916,-0.021207177814029365,,,,0.055462184873949605
2449,京元電子,20231213,20231214,92.0,20231219,85.7,3,Close Confirmed Stop,20231218,0,-0.06847826086956521,-0.07201706439141445,-0.07385144229324109,2.082082019706632,0.04190919674039573,0.9944444444444445,Pre-breakout,0.18238277172863013,0.13111773399337728,0.3135005057220074,86.2,87.39999999999999,0.027932960893854775,0.03913043478260869,-0.07282608695652182,0.016304347826086918,-0.07173913043478253,,,0.005834305717619559
2449,京元電子,20240216,20240219,89.3,20240227,89.5,6,Trailing Stop,20240226,0,0.002239641657334923,-0.0015704619497118035,-0.0035683318542615076,2.119533390803865,0.05386416861826682,1.0440835266821344,Extended Breakout,0.034153898181999646,0.0283957246061134,0.06254962278811305,86.9,86.9,-0.007777777777777772,0.11758118701007847,-0.034714445688689755,-0.017917133258678497,-0.02015677491601342,0.06159014557670783,,0.1899441340782122
2449,京元電子,20240618,20240619,105.0,20240628,119.0,8,Day 8 Time Stop,20240628,0,0.1333333333333333,0.12900424224204163,0.12674506977275793,2.182639705598253,0.05025125628140703,1.0,Breakout,0.03524856642697004,0.011790250358415733,0.047038816785385774,101.0,101.0,0.004784688995215225,0.17142857142857149,-0.01904761904761909,0.03809523809523818,0.06666666666666665,0.11904761904761907,0.1333333333333333,0.021008403361344463
2449,京元電子,20241016,20241017,135.0,20241021,129.0,2,Close Confirmed Stop,20241018,0,-0.0444444444444444,-0.04806217063571476,-0.04996699650172903,2.165737066806373,0.04296875,1.0229885057471264,Breakout,0.16689028432017347,0.020378156702508327,0.1872684410226818,125.0,128.25,0.011235955056179803,0.0185185185185186,-0.07407407407407407,-0.0037037037037036535,,,,0.06589147286821695
2449,京元電子,20250703,20250704,108.5,20250709,105.0,3,Close Confirmed Stop,20250708,0,-0.032258064516129004,-0.03595033046264771,-0.037879419950936154,1.8521415762471172,0.03864734299516903,1.0141509433962264,Breakout,0.225055276856329,-0.13094065502138186,0.09411462183494715,104.5,104.5,0.009302325581395321,0.004608294930875667,-0.055299539170506895,-0.01382488479262678,-0.04147465437788023,,,0.05714285714285716
2449,京元電子,20250807,20250808,125.0,20250819,137.0,8,Day 8 Time Stop,20250819,0,0.09600000000000009,0.09182993469278955,0.08966116949046334,1.8871018313741665,0.047413793103448176,0.9918367346938776,Pre-breakout,0.11527531307660066,0.00020696590602233822,0.115482278982623,117.5,118.75,0.028806584362139898,0.1519999999999999,-0.0040000000000000036,0.06800000000000006,0.1279999999999999,0.1160000000000001,0.09600000000000009,0.03284671532846706
2449,京元電子,20250908,20250909,168.0,20250916,167.0,5,Day 5 Weakness,20250915,0,-0.005952380952380931,-0.00972723626153229,-0.011708779938651838,1.8993033101904637,0.05624999999999991,1.015015015015015,Breakout,-0.004747917023784359,0.03256295783339444,0.027815040809610083,162.0,162.0,-0.00591715976331364,0.03571428571428581,-0.029761904761904767,0.014880952380952328,-0.011904761904761862,-0.008928571428571397,,0.0748502994011977
2451,創見,20240529,20240530,115.0,20240606,114.0,5,Day 5 Weakness,20240605,0,-0.008695652173912993,-0.012469911741107249,-0.01444597704220486,2.610447427601986,0.02678571428571419,1.0087719298245614,Breakout,-0.21333048439856786,0.3424344616145869,0.12910397721601907,110.0,110.0,0.0,0.0304347826086957,-0.04347826086956519,-0.004347826086956497,-0.017391304347826098,-0.008695652173912993,,0.09210526315789469
2451,創見,20240607,20240611,120.0,20240620,131.0,8,Day 8 Time Stop,20240620,0,0.09166666666666656,0.08753165400506464,0.08533892255433162,1.8002756197483274,0.0608695652173914,1.0209205020920502,Breakout,-0.29427687280133646,0.4279877417924632,0.1337108689911267,116.0,116.0,-0.016393442622950838,0.13749999999999996,-0.033333333333333326,-0.01666666666666672,0.016666666666666607,0.05833333333333335,0.09166666666666656,0.057251908396946494
2451,創見,20250704,20250707,120.0,20250708,103.5,1,Close Confirmed Stop,20250707,0,-0.13749999999999996,-0.14077702252432361,-0.14247605765413124,3.11491381927759,0.048034934497816595,1.0434782608695652,Extended Breakout,-0.25096251759107013,0.439085495575076,0.18812297798400587,111.5,114.0,0.0,0.016666666666666607,-0.09583333333333333,-0.07499999999999996,,,,-0.024154589371980673
2455,全新,20220530,20220531,95.6,20220610,96.2,8,Day 8 Time Stop,20220610,0,0.006276150627615218,0.0024653580448175004,0.00045942690983299516,2.2600451478877006,0.05888888888888877,1.0052742616033756,Breakout,0.09649572809473124,0.019245437421490923,0.11574116551622216,91.5,91.5,0.0031479538300105414,0.043933054393305415,-0.006276150627614996,0.01569037656903771,0.025104602510460206,0.029288702928870425,0.006276150627615218,-0.0020790020790021346
2455,全新,20221117,20221118,72.5,20221122,68.3,2,Close Confirmed Stop,20221121,0,-0.057931034482758714,-0.06151329516433265,-0.06339122029699226,3.4774742092608144,0.06754772393538921,1.0385714285714287,Extended Breakout,0.2451574781491373,0.028324586002611757,0.273482064151749,68.1,68.875,-0.0027510316368638543,0.011034482758620623,-0.05517241379310345,-0.02758620689655178,,,,0.20058565153733543
2455,全新,20221123,20221124,75.3,20221205,77.8,8,Day 8 Time Stop,20221205,0,0.033200531208499307,0.029284823257086062,0.027225222185296254,2.5062141915473783,0.06069364161849711,1.0,Breakout,0.04279240985508158,0.15617667830321744,0.19896908815829903,70.1,71.535,0.02588555858310615,0.08897742363877836,-0.0013280212483398612,0.07171314741035872,0.054448871181939085,0.04249667994687911,0.033200531208499307,0.0012853470437019787
2455,全新,20230410,20230411,101.0,20230414,92.8,3,Close Confirmed Stop,20230413,0,-0.08118811881188126,-0.08468792695524681,-0.08649788882959566,2.0841597811107717,0.05714285714285716,1.0040201005025127,Breakout,0.07074699061859467,0.12417554400771677,0.19492253462631143,95.1,95.94999999999999,0.011011011011010874,0.024752475247524774,-0.0663366336633664,-0.00990099009900991,-0.06237623762376232,,,0.1099137931034484
2455,全新,20230531,20230601,105.5,20230612,122.0,8,Day 8 Time Stop,20230612,0,0.1563981042654028,0.15199839861213052,0.14969323051402342,3.9292910039126214,0.0641547861507128,0.9952380952380953,Pre-breakout,0.0986575183025857,0.016950163741454652,0.11560768204404036,99.5,100.225,0.009569377990430672,0.17061611374407581,-0.018957345971563955,0.023696682464454888,0.09478672985782,0.12796208530805697,0.1563981042654028,0.069672131147541
2455,全新,20231124,20231127,178.0,20231128,165.5,1,Close Confirmed Stop,20231127,0,-0.0702247191011236,-0.0737398047867362,-0.07559324306923562,4.808558561660223,0.05074626865671639,1.0262390670553936,Breakout,-0.0329766668826868,0.07296926777672137,0.03999260089403457,165.5,169.1,0.011363636363636465,0.008426966292134797,-0.0870786516853933,-0.0786516853932584,,,,0.06344410876132933
2455,全新,20240221,20240222,166.5,20240301,163.5,5,Day 5 Weakness,20240229,0,-0.018018018018018056,-0.02174638116203055,-0.023703875487013942,2.7269492211818798,0.04402515723270439,1.0407523510971788,Extended Breakout,0.10703081532668197,0.08143528232887068,0.18846609765555267,155.0,158.17499999999998,0.003012048192771122,0.018018018018018056,-0.048048048048048075,-0.006006006006005982,0.006006006006006093,-0.018018018018018056,,0.1620795107033639
2455,全新,20240305,20240306,187.0,20240307,184.5,1,Close Confirmed Stop,20240306,0,-0.013368983957219305,-0.017138848055592678,-0.019072208990612162,2.322991040855624,0.04143646408839774,1.0244565217391304,Breakout,0.12283767134006279,0.03516182513854507,0.15799949647860786,182.5,182.5,-0.007957559681697646,0.0,-0.0401069518716578,-0.03475935828877008,,,,0.005420054200542035
2455,全新,20250612,20250613,121.0,20250620,119.5,5,Day 5 Weakness,20250619,0,-0.012396694214875992,-0.01617110940165223,-0.018106369942858108,4.8909245602796805,0.02941176470588225,1.008230452674897,Breakout,-0.0043547874699735615,0.03532795422983507,0.03097316675986151,118.5,118.5,-0.01224489795918371,0.04958677685950419,-0.016528925619834656,0.004132231404958775,0.004132231404958775,0.0,,0.11715481171548126
2455,全新,20250918,20250919,167.5,20250924,161.5,3,Close Confirmed Stop,20250923,0,-0.035820895522388096,-0.039507242994549004,-0.04138291375017724,2.9479188794910707,0.024922118380062308,1.0154320987654322,Breakout,0.14949328973599244,-0.004726293211128602,0.14476699652486383,161.0,161.0,0.01823708206686936,0.011940298507462588,-0.047761194029850795,-0.014925373134328401,-0.04477611940298509,,,0.015479876160990669
2457,飛宏,20230216,20230217,42.0,20230302,47.05,8,Day 8 Time Stop,20230302,0,0.12023809523809526,0.1159899999999999,0.113750950131763,7.027176928637228,0.03926380368098159,1.01194743130227,Breakout,0.14544802570052198,0.0,0.14544802570052198,41.15,41.15,-0.008264462809917439,0.1345238095238095,-0.004761904761904856,0.0035714285714285587,0.11190476190476195,0.10952380952380958,0.12023809523809526,0.20510095642933068
2457,飛宏,20230601,20230602,82.8,20230609,79.7,5,Day 5 Weakness,20230608,0,-0.03743961352656999,-0.04112640734219082,-0.042988534128044285,2.098474623310588,0.044642857142857206,0.9891304347826088,Pre-breakout,0.0700103022568131,0.00040637776226575803,0.07041668001907886,77.7,78.66,0.01098901098901095,0.050724637681159424,-0.05917874396135259,0.007246376811594235,-0.0024154589371980784,-0.047101449275362195,,0.04015056461731503
2457,飛宏,20240219,20240220,62.5,20240227,61.3,5,Day 5 Weakness,20240226,0,-0.019199999999999995,-0.022924163667866187,-0.02488706467557975,7.21173382021741,0.061328790459965754,1.0435510887772192,Extended Breakout,0.05318289828208732,9.014969179291096e-06,0.05319191325126661,58.5,59.375,0.0032102728731941976,0.008000000000000007,-0.04479999999999995,-0.011200000000000099,-0.019199999999999995,-0.02079999999999993,,0.019575856443719397
2457,飛宏,20240604,20240605,52.1,20240613,51.4,5,Day 5 Weakness,20240612,0,-0.013435700575815779,-0.01720082083451509,-0.019167429944358067,2.9822222042010766,0.023622047244094446,0.9961685823754789,Pre-breakout,0.03786053160762758,0.0,0.03786053160762758,50.4,50.4,0.0019230769230769162,0.0249520153550864,-0.03262955854126681,-0.0057581573896353655,-0.0019193857965451588,-0.021113243761996192,,0.009727626459143934
2457,飛宏,20260522,20260525,27.15,20260528,25.2,3,Close Confirmed Stop,20260527,0,-0.07182320441988943,-0.07532949148924815,-0.07718292152963704,1.9728656949408374,0.04590818363273441,0.9961977186311787,Pre-breakout,0.4487361343614197,0.0,0.4487361343614197,25.05,25.792499999999997,0.03625954198473269,0.011049723756906049,-0.07918968692449346,-0.011049723756905938,-0.07182320441988943,,,0.27182539682539675
2458,義隆,20231208,20231211,157.5,20231218,154.0,5,Close Confirmed Stop,20231215,0,-0.022222222222222254,-0.025954504459364664,-0.02790359704907975,2.5202547379524765,0.026058631921824116,1.0161290322580645,Breakout,0.18818936541639433,0.006035737372313185,0.19422510278870753,155.0,155.0,0.0,0.022222222222222143,-0.02857142857142858,-0.0031746031746031633,0.0031746031746031633,-0.022222222222222254,,0.0844155844155845
2458,義隆,20240221,20240222,169.0,20240301,166.5,5,Day 5 Weakness,20240229,0,-0.014792899408283988,-0.0185296574770259,-0.02049358313943359,3.7918123954114376,0.04037267080745344,1.021341463414634,Breakout,0.22672977435440125,0.05092266639148119,0.27765244074588247,162.0,162.0,0.008955223880596996,0.026627218934911268,-0.053254437869822535,-0.00887573964497046,0.00591715976331364,-0.017751479289940808,,0.03003003003003002
2458,義隆,20260311,20260312,139.0,20260324,133.0,8,Close Confirmed Stop,20260323,0,-0.043165467625899234,-0.04679399270829849,-0.04870135999787469,2.8193040857454315,0.06015037593984962,1.0217391304347827,Breakout,0.16947883029336178,0.006460770216751311,0.1759396005101131,133.5,133.5,-0.014184397163120588,0.03237410071942448,-0.0611510791366906,0.02877697841726623,0.014388489208633004,0.014388489208633004,-0.05755395683453235,0.018796992481203034
2458,義隆,20260422,20260423,142.5,20260424,137.0,1,Close Confirmed Stop,20260423,0,-0.038596491228070184,-0.04222199953235127,-0.04413849602520099,2.024924851674224,0.021897810218978186,1.0,Breakout,0.32595161422367946,-0.12127773197197027,0.2046738822517092,138.0,138.0,0.017857142857142794,0.01754385964912286,-0.056140350877192935,-0.04561403508771933,,,,0.014598540145985384
2458,義隆,20260508,20260511,151.0,20260514,144.0,3,Close Confirmed Stop,20260513,0,-0.04635761589403975,-0.04998328318288198,-0.05185087804908353,2.2169155445691793,0.05208333333333326,1.016778523489933,Breakout,0.2393061400415777,-0.07619493087824813,0.16311120916332955,144.0,144.0,-0.0033003300330033403,0.019867549668874274,-0.06622516556291391,-0.0066225165562914245,-0.056291390728476776,,,0.13888888888888884
2458,義隆,20260630,20260701,190.0,20260707,181.5,4,Close Confirmed Stop,20260706,0,-0.044736842105263186,-0.04833791300851149,-0.050242167955562,2.269847597632582,0.050000000000000044,1.0053191489361701,Breakout,-0.030651132716238004,0.072304347615566,0.041653214899327995,180.0,180.5,0.005291005291005346,0.03157894736842115,-0.07631578947368423,-0.044736842105263186,-0.03157894736842104,,,0.0440771349862259
2462,良得電,20231108,20231109,41.55,20231114,38.5,3,Close Confirmed Stop,20231113,0,-0.07340553549939821,-0.07690821062873399,-0.07876016118137896,3.263945531621368,0.06363636363636371,0.9915254237288137,Pre-breakout,0.05437455475262133,0.0,0.05437455475262133,38.9,39.4725,0.0146520146520146,0.02767749699157651,-0.0806257521058964,0.001203369434416457,-0.07099879663056552,,,0.10129870129870122
2464,盟立,20241223,20241224,84.2,20241227,85.2,3,Trailing Stop,20241226,0,0.01187648456057011,0.008036762351936826,0.006008874986382077,5.734725952242183,0.05163727959697728,0.9881656804733728,Pre-breakout,0.04899219997150521,-0.00027232993097934063,0.04871987004052587,80.5,80.5,0.008383233532934131,0.08551068883610458,-0.0071258907363421775,0.019002375296911955,0.009501187648456089,,,0.0011737089201877549
2464,盟立,20250217,20250218,84.0,20250225,81.4,5,Day 5 Weakness,20250224,0,-0.030952380952380842,-0.0346399999999999,-0.036582044743080515,4.558429486624023,0.06249999999999978,1.0233415233415233,Breakout,0.11599019857868412,0.00029357175038897525,0.11628377032907308,78.7,79.8,0.008403361344537785,0.0071428571428571175,-0.03452380952380962,-0.008333333333333415,-0.03452380952380962,-0.028571428571428692,,0.03808353808353804
2464,盟立,20260209,20260210,75.7,20260211,71.0,1,Close Confirmed Stop,20260210,0,-0.06208718626155885,-0.06563029357235274,-0.06750891344124675,6.193519677354746,0.04335664335664324,0.9959946595460613,Pre-breakout,0.06141625989240326,0.0,0.06141625989240326,74.6,74.6,0.014745308310992078,0.003963011889035695,-0.0647291941875826,-0.04887714663143994,,,,0.08169014084507031
2464,盟立,20260811,20260812,185.5,20260818,190.0,4,Trailing Stop,20260817,0,0.0242587601078168,0.02036649652748724,0.018324733417258033,2.936313532919547,0.04166666666666674,1.0080645161290323,Breakout,0.08065396095215778,7.713842379953078e-06,0.08066167479453773,176.0,176.225,-0.010666666666666713,0.12129380053908356,-0.010781671159029615,0.059299191374662996,0.03504043126684642,,,0.015789473684210575
2465,麗臺,20231130,20231201,63.2,20231212,64.9,8,Day 8 Time Stop,20231212,0,0.026898734177215333,0.023017271295480608,0.020970222339347235,2.477763876154663,0.06354515050167242,1.0127388535031847,Breakout,0.06710022495061256,0.0,0.06710022495061256,58.6,60.04,-0.0062893081761006275,0.09968354430379733,-0.03164556962025311,-0.017405063291139222,0.0,0.05537974683544311,0.026898734177215333,0.12172573189522318
2467,志聖,20240219,20240220,113.5,20240229,126.0,6,Trailing Stop,20240227,0,0.11013215859030834,0.10591806778756338,0.10370511675612226,3.0608165261519433,0.04587155963302747,1.0458715596330275,Extended Breakout,0.12701857661429722,0.0,0.12701857661429722,103.0,107.82499999999999,-0.004385964912280715,0.2599118942731278,-0.004405286343612369,0.004405286343612369,0.09251101321585908,0.18502202643171817,,0.18253968253968256
2467,志聖,20251231,20260102,250.5,20260108,258.0,4,Trailing Stop,20260107,0,0.029940119760478945,0.026038260986201232,0.023985162191963703,1.9098484383166825,0.020366598778004175,0.9960238568588469,Pre-breakout,0.04071172460362528,0.0010220837374467888,0.04173380834107207,245.0,245.0,0.0,0.14171656686626743,-0.001996007984031989,0.07784431137724557,0.06586826347305386,,,0.05232558139534893
2472,立隆電,20240628,20240701,85.6,20240702,83.2,1,Close Confirmed Stop,20240701,0,-0.028037383177569986,-0.031729614306686124,-0.033667133747261546,2.514056303019822,0.04091456077015643,0.9885714285714285,Pre-breakout,0.11779902765568939,0.0008872637801340995,0.11868629143582349,83.7,83.7,-0.010404624277456698,0.001168224299065601,-0.029205607476635476,-0.028037383177569986,,,,0.04567307692307687
2472,立隆電,20250120,20250121,98.0,20250204,92.9,3,Close Confirmed Stop,20250203,0,-0.05204081632653057,-0.055619999999999954,-0.057521409439898155,14.906714934472602,0.041349292709466745,1.0402173913043478,Extended Breakout,0.07774998600642286,0.04361295271615985,0.1213629387225827,91.0,93.1,0.024033437826541215,0.08673469387755106,-0.05816326530612248,0.04591836734693877,-0.05816326530612248,,,0.10333692142088258
2472,立隆電,20251022,20251023,108.0,20251103,109.5,6,Trailing Stop,20251031,0,0.01388888888888884,0.010040764501470196,0.00801966665505045,7.616663630584295,0.043689320388349495,1.0436893203883495,Extended Breakout,0.04158201167931319,0.017303750051569575,0.058885761730882766,101.5,102.6,0.0046511627906977715,0.09259259259259256,-0.0092592592592593,0.02314814814814814,0.06481481481481488,0.02314814814814814,,0.004566210045662045
2472,立隆電,20260113,20260114,121.5,20260121,117.0,5,Day 5 Weakness,20260120,0,-0.03703703703703709,-0.040667536202802584,-0.04258714133081709,2.2537811909624854,0.06756756756756754,0.9916317991631799,Pre-breakout,0.11408858356670168,-0.010387450065067352,0.10370113350163432,110.0,115.425,0.025316455696202445,0.03703703703703698,-0.04115226337448563,-0.012345679012345734,-0.008230452674897082,-0.020576131687242816,,0.05555555555555558
2474,可成,20220601,20220602,170.0,20220614,168.0,8,Day 8 Time Stop,20220614,0,-0.0117647058823529,-0.015535213149806227,-0.017505153207805026,1.9015057133207247,0.03963414634146334,1.0148809523809523,Breakout,-0.12416952372940235,0.28854484136558806,0.1643753176361857,164.5,164.5,-0.0029325513196480912,0.038235294117647145,-0.03529411764705881,0.00588235294117645,0.020588235294117574,0.01764705882352935,-0.0117647058823529,0.017857142857142794
2474,可成,20220809,20220810,177.5,20220817,178.5,5,Day 5 Weakness,20220816,0,0.005633802816901401,0.001832752961562172,-0.0001944958478752221,3.684280718263433,0.04970760233918137,1.0375722543352601,Extended Breakout,0.24441793035562204,0.06644850122242411,0.3108664315780461,171.5,171.5,-0.011142061281337101,0.019718309859154903,-0.025352112676056304,-0.011267605633802802,-0.008450704225352101,0.0,,0.01680672268907557
2474,可成,20221114,20221115,183.0,20221122,182.0,5,Day 5 Weakness,20221121,0,-0.005464480874316946,-0.009249019804966322,-0.011231526249237856,1.8029287512054315,0.02499999999999991,1.0081967213114753,Breakout,0.3793792204464578,0.002176690013221837,0.3815559104596796,181.0,181.0,-0.008130081300813052,0.032786885245901676,-0.021857923497267784,0.024590163934426146,0.024590163934426146,-0.005464480874316946,,0.0
2474,可成,20240513,20240514,230.5,20240520,216.0,4,Close Confirmed Stop,20240517,0,-0.06290672451193058,-0.06645094572505587,-0.06831897194534664,2.069688254462535,0.03378378378378377,1.02,Breakout,0.2087060205705497,0.10528883145179378,0.3139948520223435,224.5,224.5,0.004357298474945592,0.01952277657266821,-0.045553145336225564,-0.002169197396963085,0.008676789587852562,,,0.06712962962962954
2474,可成,20240702,20240703,238.5,20240710,217.5,5,Close Confirmed Stop,20240709,0,-0.08805031446540879,-0.09153548257305236,-0.09331985119402766,3.512989534454379,0.05494505494505497,1.0300429184549356,Extended Breakout,-0.3448244279778062,0.5701145490890094,0.22529012111120322,226.0,226.575,-0.006249999999999978,0.0,-0.10272536687631029,-0.02096436058700213,-0.03563941299790352,-0.10062893081761004,,0.04367816091954024
2476,鉅祥,20230324,20230327,58.5,20230330,56.4,3,Close Confirmed Stop,20230329,0,-0.03589743589743588,-0.03958750500600723,-0.04150932828058137,5.013745052291306,0.06666666666666665,1.0415913200723328,Extended Breakout,0.048943820110620116,0.0,0.048943820110620116,54.6,55.574999999999996,0.015625,0.01538461538461533,-0.06324786324786325,-0.023931623931623958,-0.05470085470085473,,,0.037234042553191626
2476,鉅祥,20231201,20231204,67.1,20231213,74.1,8,Day 8 Time Stop,20231213,0,0.10432190760059612,0.10014763861532977,0.0979369069148698,3.3120077706773814,0.05705229793977806,1.034108527131783,Extended Breakout,0.14652545389111601,0.0,0.14652545389111601,62.9,63.74499999999999,0.0059970014992503096,0.11624441132637875,-0.025335320417287477,-0.0014903129657226621,-0.011922503725782407,0.0253353204172877,0.10432190760059612,0.04993252361673428
2476,鉅祥,20240122,20240123,74.4,20240126,69.9,3,Close Confirmed Stop,20240125,0,-0.06048387096774188,-0.06406024963994239,-0.06590857709517715,1.8605278262814766,0.03621169916434552,0.985430463576159,Pre-breakout,0.162519197304912,0.0,0.162519197304912,71.9,71.9,0.0,0.034946236559139754,-0.06720430107526876,0.025537634408602017,-0.05913978494623662,,,0.03433476394849766
2476,鉅祥,20240410,20240411,79.7,20240412,79.2,1,Close Confirmed Stop,20240411,0,-0.006273525721455453,-0.010040294604258952,-0.012021206639816262,3.2982168380336527,0.020434227330779153,0.9937810945273632,Pre-breakout,0.1090487556432792,0.0,0.1090487556432792,79.2,79.2,-0.0025031289111389077,0.0,-0.021329987452948562,-0.017565872020075313,,,,-0.005050505050505083
2476,鉅祥,20240515,20240516,91.9,20240523,90.4,5,Day 5 Weakness,20240522,0,-0.016322089227421066,-0.02005245000233556,-0.022013329169344297,6.803187618178564,0.02485875706214702,1.024858757062147,Breakout,0.13413027943523284,1.785468178055957e-05,0.1341481341170134,88.8,88.8,0.013230429988974723,0.04461371055495089,-0.04026115342763881,-0.022850924918389692,-0.0010881392818281599,-0.018498367791077275,,0.10619469026548667
2476,鉅祥,20240613,20240614,107.0,20240620,111.0,4,Trailing Stop,20240619,0,0.03738317757009346,0.03346456692913386,0.031396615421125915,2.331053843821747,0.02392344497607657,1.0239234449760766,Breakout,0.08057730446962304,-0.0005043957458758398,0.0800729087237472,102.0,102.0,0.0,0.10280373831775691,-0.028037383177570097,-0.01869158878504673,0.06542056074766345,,,0.022522522522522515
2476,鉅祥,20240705,20240708,118.0,20240709,110.0,1,Close Confirmed Stop,20240708,0,-0.06779661016949157,-0.0713380469583778,-0.07317683582479344,1.823158462627877,0.06849315068493156,0.9915254237288136,Pre-breakout,0.11775302439346863,5.297032136458328e-05,0.11780599471483322,110.0,112.1,0.008547008547008517,0.0,-0.05932203389830504,-0.05932203389830504,,,,0.050000000000000044
2476,鉅祥,20250818,20250819,93.2,20250821,89.0,2,Close Confirmed Stop,20250820,0,-0.045064377682403456,-0.04868823757400802,-0.05059181783901163,2.7549610880131747,0.050561797752809,1.0,Breakout,0.04278258456454157,0.0,0.04278258456454157,87.5,88.53999999999999,-0.0032085561497325887,0.0042918454935620964,-0.06866952789699576,-0.03433476394849788,,,,0.12022471910112364
2476,鉅祥,20250829,20250901,102.5,20250910,117.5,8,Day 8 Time Stop,20250910,0,0.14634146341463405,0.14197448400240464,0.13968936935325815,2.8800829312085456,0.04485219164118259,1.0280842527582748,Breakout,0.09595787518335079,0.0,0.09595787518335079,99.4,99.4,0.0,0.1707317073170731,-0.030243902439024306,0.0,0.009756097560975618,0.07804878048780495,0.14634146341463405,0.029787234042553123
2476,鉅祥,20260414,20260415,107.5,20260424,122.5,7,Trailing Stop,20260423,0,0.13953488372093026,0.13517972304154377,0.13292596272548932,4.545025127670235,0.03431372549019618,0.9952830188679245,Pre-breakout,0.03447105729472928,2.6641311230283154e-05,0.03449769860595956,103.0,103.0,0.018957345971563955,0.17674418604651154,-0.037209302325581395,0.0046511627906977715,0.06976744186046502,0.1348837209302325,,0.008163265306122547
2478,大毅,20260416,20260417,74.5,20260424,66.3,5,Close Confirmed Stop,20260423,0,-0.11006711409395975,-0.1134608324154735,-0.11523481967843009,2.633562210254701,0.04067321178120631,0.9893333333333334,Pre-breakout,0.29288543206531814,-6.904257351497881e-05,0.29281638949180316,69.4,70.77499999999999,0.0040431266846361336,0.06711409395973145,-0.12751677852348997,0.03624161073825505,-0.008053691275167751,-0.11006711409395975,,0.08446455505279049
2478,大毅,20260618,20260622,231.0,20260629,221.0,5,Close Confirmed Stop,20260626,0,-0.04329004329004327,-0.04692898594478548,-0.048802580654760536,3.1965788490781435,0.02857142857142847,1.0285714285714285,Breakout,0.04313884359255285,0.0,0.04313884359255285,223.0,223.0,-0.012820512820512775,0.09740259740259738,-0.05627705627705626,0.01948051948051943,0.03896103896103886,-0.05627705627705626,,0.16063348416289602
2481,強茂,20220804,20220805,67.5,20220812,66.8,5,Day 5 Weakness,20220811,0,-0.010370370370370363,-0.014135147755319955,-0.016107879622697167,3.3918953578132873,0.052050473186119994,0.9970104633781763,Pre-breakout,0.012028005163884354,0.0765521127962173,0.08858011796010166,64.2,64.2,0.011994002998500619,0.020740740740740726,-0.038518518518518396,0.001481481481481417,-0.001481481481481417,-0.01777777777777778,,0.09281437125748515
2481,強茂,20220816,20220817,71.7,20220824,68.6,5,Day 5 Weakness,20220823,0,-0.0432357043235706,-0.04685384189496584,-0.048769744083214925,1.9653121742273367,0.03387334315169355,1.0188679245283019,Breakout,0.03623251566147558,0.014539909197485346,0.05077242485896093,67.9,68.115,0.02136752136752129,0.018131101813110062,-0.052998605299860446,-0.009762900976290179,-0.025104602510460206,-0.04881450488145045,,0.06268221574344035
2481,強茂,20230609,20230612,71.6,20230619,68.8,5,Close Confirmed Stop,20230616,0,-0.03910614525139666,-0.04273098915192652,-0.04464646852364814,2.7694834687761807,0.02604920405209854,0.990223463687151,Pre-breakout,0.26762742110436394,0.0,0.26762742110436394,69.7,69.7,0.009873060648800891,0.0027932960893854997,-0.03910614525139666,-0.011173184357541888,-0.022346368715083775,-0.0377094972067038,,0.03779069767441867
2481,強茂,20240712,20240715,68.0,20240719,62.1,4,Close Confirmed Stop,20240718,0,-0.08676470588235297,-0.09022999999999992,-0.09205831936004098,5.132830152967364,0.020186335403726607,1.0107692307692309,Breakout,0.05316316242803154,0.02674492562950542,0.07990808805753696,63.1,64.6,0.035007610350076046,0.01911764705882346,-0.08970588235294119,-0.026470588235294024,-0.04852941176470582,,,-0.033816425120772986
2481,強茂,20250919,20250922,76.5,20250923,72.5,1,Close Confirmed Stop,20250922,0,-0.05228758169934644,-0.05586666666666667,-0.05776500616632606,2.5216974190177295,0.03346720214190091,1.0104712041884816,Breakout,0.024669561263259823,0.030186750335023608,0.054856311598283435,75.2,75.2,-0.0090673575129534,0.0039215686274509665,-0.05228758169934644,-0.048366013071895475,,,,0.015172413793103301
2481,強茂,20260116,20260119,92.3,20260126,90.0,5,Trailing Stop,20260123,0,-0.024918743228602325,-0.028640930372048852,-0.030562726977697935,4.106764084455552,0.04691075514874132,1.0433295324971494,Extended Breakout,0.18768581056707076,0.02656681947150217,0.21425263003857292,86.9,87.68499999999999,0.008743169398907069,0.11050920910075845,-0.050920910075839654,-0.037919826652221045,0.015167930660888507,-0.03033586132177679,,0.10444444444444456
2481,強茂,20260317,20260318,105.0,20260323,91.3,3,Close Confirmed Stop,20260320,0,-0.13047619047619052,-0.13376423823362393,-0.13549756940360075,2.242993484990152,0.045226130653266416,1.0246305418719213,Breakout,0.09168461498020448,-0.01258228882234797,0.0791023261578565,98.4,99.75,0.009615384615384581,0.004761904761904745,-0.09904761904761905,-0.023809523809523836,-0.0971428571428572,,,0.1500547645125958
2482,連宇,20230201,20230202,34.2,20230207,39.05,3,Trailing Stop,20230206,0,0.14181286549707584,0.1374569244202709,0.13517587680411994,5.069577719247974,0.0408472012102874,1.0377073906485672,Extended Breakout,0.10851430847613311,0.0,0.10851430847613311,32.5,32.5,-0.005813953488371992,0.252923976608187,0.0,0.10526315789473673,0.15058479532163727,,,0.08834827144686308
2484,希華,20220808,20220809,38.2,20220818,42.15,8,Day 8 Time Stop,20220818,0,0.10340314136125639,0.09922830761025354,0.09702343944143214,4.553210186734855,0.04371584699453557,0.9807445442875481,Pre-breakout,0.07799251901177508,0.0,0.07799251901177508,37.2,37.2,0.0,0.13219895287958106,-0.002617801047120505,0.03926701570680624,0.06806282722513068,0.0981675392670156,0.10340314136125639,0.03440094899169632
2484,希華,20230306,20230307,39.6,20230310,37.05,3,Close Confirmed Stop,20230309,0,-0.06439393939393945,-0.06793612367118837,-0.0698058598475515,1.8092777871120787,0.024484536082474362,1.0114503816793894,Breakout,0.04305326668092234,0.0,0.04305326668092234,39.0,39.0,-0.0037735849056603765,0.02651515151515138,-0.0505050505050505,0.0037878787878786735,-0.0479797979797979,,,0.025641025641025772
2484,希華,20240229,20240301,36.75,20240308,35.3,5,Close Confirmed Stop,20240307,0,-0.039455782312925236,-0.04307333333333336,-0.04499255477105834,2.626726718821758,0.04843304843304841,0.9919137466307276,Pre-breakout,0.11475180901770982,0.0,0.11475180901770982,35.1,35.1,-0.0013586956521738358,0.0,-0.048979591836734615,-0.03809523809523807,-0.021768707482993088,-0.04761904761904767,,-0.009915014164305735
2484,希華,20260526,20260527,56.5,20260528,52.6,1,Close Confirmed Stop,20260527,0,-0.0690265486725663,-0.07257068464799546,-0.07442648792666252,3.1657104806915113,0.03321033210332103,1.033210332103321,Extended Breakout,0.031221876346102472,0.0,0.031221876346102472,50.4,53.675,0.008928571428571397,0.0,-0.08318584070796464,-0.0690265486725663,,,,0.10266159695817478
2486,一詮,20230606,20230607,41.5,20230616,44.65,8,Day 8 Time Stop,20230616,0,0.07590361445783134,0.07180316930775645,0.0696584661677472,2.9873727719086,0.02275600505689024,0.9963054187192119,Pre-breakout,0.08389415137393215,0.0,0.08389415137393215,38.8,39.425,0.02595797280593315,0.110843373493976,-0.025301204819277,0.015662650602409567,0.04819277108433728,0.04819277108433728,0.07590361445783134,0.04143337066069441
2486,一詮,20240301,20240304,51.7,20240308,51.0,4,Trailing Stop,20240307,0,-0.013539651837524258,-0.01730115341022735,-0.019240685612068435,1.9533691156455844,0.036511156186612714,0.9826923076923078,Pre-breakout,0.05288089982222647,0.0,0.05288089982222647,49.5,49.5,0.011741682974559797,0.0831721470019342,-0.05029013539651839,-0.01547388781431347,0.046421663442939964,,,0.10784313725490202
2486,一詮,20240321,20240322,59.0,20240327,61.6,3,Trailing Stop,20240326,0,0.04406779661016946,0.0401147278548559,0.038025675454307135,2.4618336806978713,0.06834532374100721,0.9933110367892977,Pre-breakout,0.03390095413392807,-7.301747337344816e-06,0.03389365238659072,56.2,56.2,-0.006734006734006703,0.10508474576271198,-0.005084745762711784,0.005084745762711895,0.01864406779661021,,,0.2629870129870129
2486,一詮,20250221,20250224,114.0,20250226,107.0,2,Close Confirmed Stop,20250225,0,-0.06140350877192979,-0.0649463225978529,-0.06683085328226786,3.646778510736626,0.05022831050228316,1.0176991150442478,Breakout,0.09326991124379483,0.0,0.09326991124379483,108.5,108.5,-0.008695652173912993,0.004385964912280604,-0.06140350877192979,-0.021929824561403466,,,,0.05607476635514019
2486,一詮,20250918,20250919,85.0,20250924,82.8,3,Close Confirmed Stop,20250923,0,-0.025882352941176467,-0.029580382199652595,-0.03152219884439993,2.814965362363828,0.04039167686658507,0.9929906542056075,Pre-breakout,0.13754792278247496,0.0,0.13754792278247496,82.4,82.4,0.0,0.003529411764705781,-0.03294117647058825,-0.02705882352941169,-0.03176470588235303,,,0.0036231884057971175
2486,一詮,20260128,20260129,131.0,20260205,131.5,5,Day 5 Weakness,20260204,0,0.003816793893129722,1.6660557795474994e-05,-0.0020010118399717202,3.7241725027881345,0.027450980392156765,1.0274509803921568,Breakout,0.16204699222334304,0.0262151558708833,0.18826214809422634,121.5,124.44999999999999,0.0,0.03053435114503822,-0.09160305343511455,-0.022900763358778664,-0.04580152671755722,-0.011450381679389277,,0.21673003802281365
2486,一詮,20260413,20260414,196.0,20260416,186.0,2,Close Confirmed Stop,20260415,0,-0.05102040816326525,-0.0546,-0.05651524284945056,2.075822153742335,0.04582210242587603,1.0157068062827226,Breakout,0.036686021964121816,0.01889283848039752,0.05557886044451934,183.0,186.2,0.010309278350515427,0.005102040816326481,-0.08673469387755106,-0.022959183673469385,,,,0.26344086021505375
2489,瑞軒,20240705,20240708,21.4,20240717,25.8,8,Day 8 Time Stop,20240717,0,0.20560747663551404,0.20105756599785304,0.19865102146659774,1.8399793392902906,0.037220843672456594,0.9905213270142179,Pre-breakout,0.09968966795149983,0.0,0.09968966795149983,20.25,20.33,0.02392344497607657,0.2593457943925235,-0.04439252336448596,-0.03738317757009335,0.03738317757009346,0.14485981308411233,0.20560747663551404,-0.015503875968992276
2492,華新科,20220104,20220105,178.0,20220107,172.0,2,Close Confirmed Stop,20220106,0,-0.0337078651685393,-0.0374047332531087,-0.03933092151768054,5.046623043129281,0.03508771929824572,1.0260869565217392,Breakout,0.11546119344421536,-0.0005042872932682671,0.11495690615094709,173.0,173.0,0.005649717514124353,0.0,-0.0449438202247191,-0.028089887640449396,,,,-0.01744186046511631
2492,華新科,20230411,20230412,103.0,20230420,103.0,6,Trailing Stop,20230419,0,0.0,-0.0038019009504752376,-0.005808396466018272,2.725072159055686,0.02499999999999991,0.9903381642512077,Pre-breakout,0.09845097179351489,5.659191384175396e-05,0.09850756370735665,100.0,100.0,0.004878048780487809,0.10194174757281549,-0.009708737864077666,0.06796116504854366,0.07281553398058249,0.029126213592232997,,0.004854368932038833
2492,華新科,20231103,20231106,123.5,20231113,123.5,5,Day 5 Weakness,20231110,0,0.0,-0.003812836549717382,-0.005806229947675677,4.405176168175363,0.029535864978903037,1.0,Breakout,0.09563841790001949,0.05939841971833181,0.1550368376183513,120.5,120.5,0.012295081967213184,0.03238866396761142,-0.03238866396761131,0.0,0.0,-0.01619433198380571,,-0.012145748987854255
2492,華新科,20240614,20240617,117.5,20240626,118.5,8,Day 8 Time Stop,20240626,0,0.008510638297872353,0.004670636707868355,0.002660270951362763,5.116737185759287,0.04888888888888898,0.9915966386554622,Pre-breakout,0.18360677881857898,0.0009434360032936602,0.18455021482187264,113.5,113.5,-0.004237288135593209,0.051063829787234116,-0.012765957446808529,0.017021276595744705,-0.004255319148936176,0.029787234042553123,0.008510638297872353,0.016877637130801704
2492,華新科,20240711,20240712,125.0,20240723,116.0,7,Close Confirmed Stop,20240722,0,-0.07199999999999995,-0.07553645208583233,-0.07736767292706859,3.4078811477234936,0.0672268907563025,1.0283400809716599,Breakout,0.1603440333972098,0.0005327742434358921,0.16087680764064569,118.0,118.75,-0.015748031496062964,0.06000000000000005,-0.08799999999999997,-0.01200000000000001,0.016000000000000014,0.008000000000000007,,0.008620689655172376
2492,華新科,20251028,20251029,141.5,20251030,131.0,1,Close Confirmed Stop,20251029,0,-0.0742049469964664,-0.07770743085638121,-0.07956950744098575,1.8637875417526346,0.022222222222222143,1.0222222222222221,Breakout,0.03561137500372183,0.03974391954914831,0.07535529455287014,133.0,134.42499999999998,0.0253623188405796,0.021201413427561766,-0.07773851590106007,-0.07067137809187274,,,,-0.01526717557251911
2492,華新科,20260106,20260107,130.0,20260109,123.5,2,Close Confirmed Stop,20260108,0,-0.050000000000000044,-0.053590532227868415,-0.05548428790424123,2.6701680291316343,0.04435483870967749,1.0,Breakout,0.1280745474498238,0.0,0.1280745474498238,123.5,123.5,0.0038610038610038533,0.03076923076923066,-0.06153846153846154,0.01538461538461533,,,,0.1417004048582995
2492,華新科,20260114,20260115,135.0,20260126,154.5,7,Trailing Stop,20260123,0,0.14444444444444438,0.14008405043025815,0.1378027167160302,6.270258297526277,0.026717557251908497,1.0037313432835822,Breakout,0.028373978262792213,2.6743809363066494e-05,0.028400722072155278,132.0,132.0,0.0037174721189590088,0.22592592592592586,-0.04814814814814816,-0.007407407407407418,0.08518518518518525,0.06296296296296289,,0.006472491909385036
2492,華新科,20260416,20260417,149.0,20260424,131.0,5,Close Confirmed Stop,20260423,0,-0.12080536912751683,-0.12416140983278262,-0.12588064485721984,1.9460135979619886,0.02768166089965396,0.9834437086092715,Pre-breakout,0.2001047119721939,0.00025489079862200937,0.2003596027708159,138.5,141.54999999999998,0.0033670033670034627,0.033557046979865834,-0.13758389261744963,-0.01342281879194629,0.0,-0.12751677852348997,,0.09541984732824438
2495,普安,20221121,20221122,20.5,20221124,19.6,2,Close Confirmed Stop,20221123,0,-0.04390243902439017,-0.04751778959121426,-0.049428642051105434,1.9540767792814926,0.03608247422680422,0.9901477832512315,Pre-breakout,0.1377228415693706,0.0,0.1377228415693706,19.15,19.474999999999998,0.01990049751243772,0.0,-0.060975609756097615,-0.039024390243902474,,,,0.03826530612244894
2495,普安,20221214,20221215,23.4,20221221,22.0,4,Close Confirmed Stop,20221220,0,-0.05982905982905973,-0.06340384128380447,-0.06525022111124248,3.4363912273388775,0.0219780219780219,1.021978021978022,Breakout,0.07804160893450039,0.0,0.07804160893450039,22.25,22.25,0.006451612903225712,0.02991452991453003,-0.07478632478632474,0.0277777777777779,-0.038461538461538436,,,0.031818181818181746
2495,普安,20230725,20230726,26.5,20230727,25.05,1,Close Confirmed Stop,20230726,0,-0.05471698113207546,-0.058293902032655706,-0.06018457365363489,2.064795186238109,0.02544031311154593,0.9943074003795066,Pre-breakout,0.1538400273589051,0.0,0.1538400273589051,25.6,25.6,0.011450381679389388,0.0,-0.0641509433962264,-0.0641509433962264,,,,0.0059880239520957446
2497,怡利電,20230410,20230411,82.3,20230414,77.5,3,Close Confirmed Stop,20230413,0,-0.05832320777642763,-0.061903554315764206,-0.06378069847908906,3.4199653035632753,0.05377720870678626,1.0012165450121653,Breakout,0.080287631146212,-0.009286616346472664,0.07100101479973933,78.0,78.18499999999999,0.0,0.0,-0.0656136087484811,-0.007290400972053357,-0.06439854191980554,,,0.011612903225806548
2498,宏達電,20230206,20230207,67.2,20230214,65.9,5,Day 5 Weakness,20230213,0,-0.019345238095238027,-0.02307292083566795,-0.025036128480208766,2.810387418040653,0.05529953917050712,0.9913419913419914,Pre-breakout,0.03925621258899518,-0.00010976231953175781,0.03914645026946342,64.9,64.9,-0.02183406113537123,0.007440476190476275,-0.03125000000000011,-0.016369047619047783,0.007440476190476275,-0.029761904761904767,,0.04248861911987856
2498,宏達電,20230529,20230530,61.7,20230608,60.4,8,Day 8 Time Stop,20230608,0,-0.021069692058346856,-0.024794821022594785,-0.026753892510599626,3.3104279057046027,0.05308219178082196,1.0098522167487685,Breakout,0.0502932910653453,-0.00021471090129919688,0.05007858016404611,58.5,58.615,0.003252032520325354,0.05672609400324147,-0.021069692058346856,0.0016207455429497752,0.011345218800648205,0.030794165316045286,-0.021069692058346856,0.019867549668874274
2498,宏達電,20231117,20231120,49.15,20231127,49.15,5,Day 5 Weakness,20231124,0,0.0,-0.0038008235117608816,-0.005800462475459342,2.7148610558706645,0.026998961578400982,1.0071283095723014,Breakout,0.107760230887882,0.0007531572351296635,0.10851338812301166,48.5,48.5,-0.006066734074823166,0.0315361139369279,-0.011190233977619424,0.0,0.01729399796541209,-0.0020345879959308144,,0.029501525940996975
2498,宏達電,20240620,20240621,48.75,20240628,46.2,5,Close Confirmed Stop,20240627,0,-0.05230769230769228,-0.05588757470430847,-0.05778255518265417,4.222132869209234,0.05837004405286339,1.0201698513800423,Breakout,0.03334074585947578,-0.00019336784716642548,0.03314737801230936,45.65,46.3125,0.014568158168574374,0.031794871794871726,-0.05743589743589739,0.01025641025641022,-0.024615384615384706,-0.05743589743589739,,0.0714285714285714
2498,宏達電,20241230,20241231,51.1,20250102,49.2,1,Close Confirmed Stop,20241231,0,-0.03718199608610562,-0.040866177681061835,-0.04272502274236659,8.68806933106518,0.044897959183673564,1.017892644135189,Breakout,0.1135956937689738,-0.00013574178879934218,0.11345995198017446,49.55,49.55,-0.001953125,0.015655577299412915,-0.04305283757338563,-0.03718199608610562,,,,0.08943089430894302
2498,宏達電,20250121,20250122,58.3,20250204,51.8,2,Close Confirmed Stop,20250203,0,-0.11149228130360211,-0.11488348199691777,-0.11665462583315064,3.302580987108147,0.02517985611510798,1.008849557522124,Breakout,0.10715830891030895,0.002084998651589729,0.10924330756189868,55.0,55.385,0.022807017543859498,0.05317324185248706,-0.08576329331046317,0.01543739279588352,,,,-0.04440154440154431
2498,宏達電,20250512,20250513,40.55,20250520,39.6,5,Day 5 Weakness,20250519,0,-0.023427866831072675,-0.027154505986800376,-0.029101197374245054,2.0115584246553198,0.05657894736842106,0.991358024691358,Pre-breakout,0.07487941946586839,0.005255842937017591,0.08013526240288599,38.7,38.7,0.00996264009962644,0.035758323057953234,-0.03452527743526512,-0.025893958076448786,-0.013563501849568338,-0.03452527743526512,,0.07070707070707072
2498,宏達電,20250521,20250522,41.35,20250528,39.8,4,Close Confirmed Stop,20250527,0,-0.03748488512696502,-0.0411710277335513,-0.043028055716801704,1.872908158539251,0.05500000000000016,1.0047619047619047,Breakout,0.0701667457036244,0.0,0.0701667457036244,39.7,39.7,-0.020142180094786744,0.012091898428053138,-0.04957678355501827,-0.0145102781136639,-0.03264812575574372,,,-0.0012562814070351536
2501,國建,20240607,20240611,37.4,20240612,34.7,1,Close Confirmed Stop,20240611,0,-0.0721925133689838,-0.07569617553354566,-0.07755006445571382,2.2721474349423696,0.056657223796034106,1.0149659863945577,Breakout,0.09017622379853922,0.04646595222575413,0.13664217602429335,35.15,35.529999999999994,0.002680965147453085,0.005347593582887722,-0.08155080213903732,-0.0721925133689838,,,,0.0057636887608067955
2501,國建,20260422,20260423,25.6,20260429,23.5,4,Close Confirmed Stop,20260428,0,-0.08203125,-0.08553298476805299,-0.08733250623325652,2.586569103645046,0.02620967741935476,1.0159680638722555,Breakout,0.5215963656360336,0.0003254382290172278,0.5219218038650508,24.8,24.8,0.005893909626719207,0.037109375,-0.06640625000000011,0.025390625,0.037109375,,,0.004255319148936287
2501,國建,20260605,20260608,23.5,20260617,27.0,8,Day 8 Time Stop,20260617,0,0.14893617021276606,0.1445763050870058,0.142282585465412,2.2720213081674494,0.025531914893617058,1.021186440677966,Breakout,0.64372804234907,0.0,0.64372804234907,23.4,23.4,-0.024896265560165998,0.16382978723404262,-0.010638297872340385,0.019148936170212627,0.13191489361702136,0.12765957446808507,0.14893617021276606,0.051851851851851816
2504,國產,20240301,20240304,34.2,20240313,36.75,8,Day 8 Time Stop,20240313,0,0.07456140350877183,0.07046564951642033,0.06835228553435357,2.6325347632990415,0.030303030303030276,1.0303030303030303,Extended Breakout,0.3913391434094069,0.0,0.3913391434094069,33.3,33.3,0.00588235294117645,0.11257309941520455,-0.005847953216374324,-0.0014619883040937198,0.02777777777777768,0.06432748538011679,0.07456140350877183,0.01632653061224487
2504,國產,20240408,20240409,40.9,20240418,48.05,8,Day 8 Time Stop,20240418,0,0.17481662591687042,0.17034546224455435,0.16803083585118317,2.1747822267461667,0.03899371069182389,1.0350877192982455,Extended Breakout,0.080750791000496,0.016679062610772052,0.09742985361126805,40.05,40.05,-0.009685230024213065,0.1968215158924207,-0.0158924205378973,0.011002444987775029,0.019559902200489088,0.04278728606356963,0.17481662591687042,0.03537981269510926
2514,龍邦,20240520,20240521,23.3,20240524,21.95,3,Close Confirmed Stop,20240523,0,-0.05793991416309019,-0.0615168455053653,-0.06339753630934078,4.126329213217116,0.03539823008849541,1.0353982300884954,Extended Breakout,0.031791262168179554,0.0,0.031791262168179554,22.35,22.35,-0.004273504273504147,0.03862660944205998,-0.06437768240343344,0.023605150214592197,-0.05579399141630903,,,0.1298405466970387
2520,冠德,20240327,20240328,41.5,20240410,43.5,8,Day 8 Time Stop,20240410,0,0.04819277108433728,0.04420350291909925,0.042114032935151466,4.228683609608604,0.03899371069182389,1.0337922403003754,Extended Breakout,0.3951967970992775,-7.360147626897042e-05,0.3951231956230085,40.05,40.05,0.004842615012106588,0.051807228915662584,-0.012048192771084376,-0.010843373493976016,0.02048192771084345,0.008433734939758963,0.04819277108433728,0.04597701149425282
2520,冠德,20240411,20240412,45.05,20240423,48.95,7,Trailing Stop,20240422,0,0.08657047724750289,0.08243174481360709,0.08026577615507083,3.3015616602138533,0.03218390804597693,1.0286368843069873,Breakout,0.0795621574391293,0.010988820523440478,0.09055097796256978,42.35,42.79749999999999,0.0033407572383072903,0.20532741398446164,-0.052164261931187395,0.004439511653718142,-0.04106548279689226,0.09655937846836848,,0.20326864147088863
2520,冠德,20240715,20240716,60.3,20240722,63.4,4,Trailing Stop,20240719,0,0.05140961857379778,0.04738652017437655,0.045323980144379675,2.1233550822507925,0.042031523642731994,0.9949832775919732,Pre-breakout,0.22531476936295303,0.003129097285535831,0.22844386664848887,56.9,57.285,0.013445378151260456,0.13764510779436145,-0.013266998341625147,-0.00497512437810943,0.10613598673300184,,,0.061514195583596276
2520,冠德,20241108,20241111,52.0,20241118,52.6,5,Day 5 Weakness,20241115,0,0.011538461538461497,0.007695901748765258,0.005679491652183847,2.3478103840327686,0.02162718846549949,1.0184804928131417,Breakout,0.040188398357149276,0.03551743978440658,0.07570583814155586,49.15,49.4,0.048387096774193505,0.019230769230769162,-0.0346153846153846,-0.005769230769230749,-0.03076923076923077,-0.0019230769230769162,,0.11216730038022815
2520,冠德,20250224,20250225,58.0,20250303,55.1,3,Close Confirmed Stop,20250227,0,-0.04999999999999993,-0.053580238682578815,-0.05548093408833007,2.3195879182776182,0.03068592057761732,1.0106194690265486,Breakout,0.04931139664531273,0.11079904579686048,0.1601104424421732,55.6,55.6,0.015761821366024442,0.005172413793103292,-0.051724137931034475,-0.010344827586206917,-0.04999999999999993,,,0.05444646098003636
2520,冠德,20250516,20250519,57.1,20250526,55.9,5,Day 5 Weakness,20250523,0,-0.021015761821366108,-0.024741993030894145,-0.026700602267106084,4.087985400017632,0.05740740740740735,1.017825311942959,Breakout,0.2978957774919059,0.017726568857149724,0.31562234634905556,54.2,54.245,0.0,0.005253940455341555,-0.038528896672504476,-0.02626970227670755,-0.028021015761821366,-0.021015761821366108,,0.012522361359570633
2530,華建,20240402,20240403,47.65,20240416,51.4,8,Day 8 Time Stop,20240416,0,0.07869884575026243,0.0745984921882947,0.07244168733706315,2.3860544798903947,0.06270996640537518,1.0315217391304348,Extended Breakout,0.20466864841033,0.0,0.20466864841033,44.7,45.2675,0.004214963119072657,0.13536201469045128,-0.02728226652675758,-0.005246589716684125,0.06400839454354679,0.08919202518363067,0.07869884575026243,0.07003891050583655
2542,興富發,20221114,20221115,43.3,20221124,44.9,8,Day 8 Time Stop,20221124,0,0.036951501154734556,0.03303353394093866,0.03096644383643598,2.3201451323933093,0.022405660377358583,1.0164126611957798,Breakout,0.6595450453925142,-0.001433794948396286,0.658111250444118,42.3,42.3,-0.0011534025374856371,0.03926096997690531,-0.012702078521939941,-0.009237875288683584,0.005773672055427337,0.015011547344111031,0.036951501154734556,0.00222717149220486
2542,興富發,20230918,20230919,44.25,20230926,39.45,5,Close Confirmed Stop,20230925,0,-0.1084745762711864,-0.11186799803131538,-0.11364516640685558,1.9718512269252124,0.020809248554913173,0.9988687782805429,Pre-breakout,0.05971908765562935,0.1306542228370868,0.19037331049271614,43.35,43.35,0.0022650056625141968,0.00225988700564983,-0.029378531073446235,0.001129943502824693,-0.006779661016949046,-0.027118644067796627,,0.0139416983523446
2542,興富發,20240506,20240507,48.2,20240509,46.85,2,Close Confirmed Stop,20240508,0,-0.028008298755186734,-0.03169803016764249,-0.03364154275665732,2.6559514667642126,0.020127118644067687,0.9989626556016596,Pre-breakout,0.03967164087173183,0.0,0.03967164087173183,47.2,47.2,0.0010384215991694479,0.03734439834024883,-0.03526970954356856,-0.007261410788381717,,,,-0.012806830309498474
2542,興富發,20240607,20240611,48.45,20240620,52.5,8,Day 8 Time Stop,20240620,0,0.0835913312693497,0.07949157654932654,0.07732489476460552,2.95642787908036,0.023231256599788752,1.0167890870933893,Breakout,0.2929166533958668,0.002046572186905329,0.29496322558277216,47.05,47.05,0.0,0.10423116615067074,-0.02063983488132093,0.01031991744066052,0.014447884416924683,0.07533539731682137,0.0835913312693497,0.04190476190476189
2542,興富發,20250804,20250805,42.75,20250812,42.0,5,Day 5 Weakness,20250811,0,-0.01754385964912286,-0.02127269240070381,-0.02323113318851533,1.9019493300328125,0.02261904761904776,1.0070339976553342,Breakout,0.3313189327187196,0.02186924672077625,0.3531881794394959,41.75,41.75,-0.00465657741559955,0.0035087719298245723,-0.024561403508771895,-0.01754385964912286,-0.01871345029239757,-0.01520467836257311,,0.03571428571428581
2542,興富發,20250916,20250917,46.6,20250922,44.9,3,Close Confirmed Stop,20250919,0,-0.03648068669527904,-0.04016906971623772,-0.04208973010712026,2.4435525514550056,0.02866593164277842,1.0075593952483801,Breakout,0.3391815795713191,0.054294830513347624,0.3934764100846667,45.45,45.45,-0.001071811361200381,0.007510729613734002,-0.05150214592274671,0.0032188841201716833,-0.0429184549356223,,,0.010022271714922093
2542,興富發,20260429,20260430,40.2,20260508,39.5,5,Day 5 Weakness,20260507,0,-0.017412935323383172,-0.021139154433822673,-0.023102853464223437,2.4514605874612685,0.038363171355498826,1.020100502512563,Breakout,0.1237765189289713,-0.0003083041847784135,0.1234682147441929,39.25,39.25,-0.009852216748768461,0.00746268656716409,-0.026119402985074758,-0.0012437810945274963,-0.01243781094527363,-0.019900497512437942,,0.10759493670886067
2542,興富發,20260513,20260514,42.4,20260525,42.4,8,Day 8 Time Stop,20260525,0,0.0,-0.0038014191965000266,-0.005800202175486693,2.3236927484441674,0.038929440389294356,1.0227544910179642,Breakout,0.30419070191815745,0.0006834209087972396,0.3048741228269547,41.55,41.55,-0.007025761124121899,0.05660377358490565,-0.007075471698113178,0.017688679245283057,0.051886792452830344,0.030660377358490587,0.0,0.024764150943396235
2542,興富發,20260813,20260814,46.2,20260825,47.5,8,Day 8 Time Stop,20260825,0,0.02813852813852802,0.024260063075497138,0.022204558618676134,2.0609306321217375,0.03571428571428581,1.032258064516129,Extended Breakout,0.24736785289626775,0.0777936608192344,0.32516151371550217,44.9,44.9,-0.004310344827586077,0.06060606060606055,-0.009740259740259827,0.0,0.03354978354978355,0.045454545454545414,0.02813852813852802,0.01263157894736855
2543,皇昌,20240216,20240219,30.65,20240223,35.9,4,Trailing Stop,20240222,0,0.17128874388254478,0.16685174254777793,0.16451233749078187,2.09471216723353,0.02430555555555558,0.9932659932659933,Pre-breakout,0.12172592713267934,0.0,0.12172592713267934,27.5,29.117499999999996,0.03898305084745757,0.303425774877651,-0.017944535073409318,0.03588907014681908,0.25122349102773267,,,0.370473537604457
2543,皇昌,20241007,20241008,89.5,20241015,94.5,4,Trailing Stop,20241014,0,0.05586592178770955,0.051842837853606494,0.04972605046558895,1.8820296725990744,0.06293706293706292,0.9817007534983854,Pre-breakout,0.03793972526101911,2.904153088480411e-05,0.03796876679190391,85.8,85.8,-0.018640350877193068,0.13407821229050287,-0.0011173184357541333,0.036871508379888285,0.09162011173184359,,,0.06349206349206349
2543,皇昌,20250815,20250818,86.4,20250825,83.2,5,Day 5 Weakness,20250822,0,-0.03703703703703709,-0.04072310687898433,-0.042586486589335656,5.4078596351048995,0.06068268015170686,1.0396530359355638,Extended Breakout,0.14657792703197925,0.08956311223077137,0.23614103926275062,80.0,82.08,0.029797377830750982,0.01388888888888884,-0.0590277777777779,-0.006944444444444531,-0.03703703703703709,-0.04861111111111116,,0.07211538461538458
2548,華固,20240607,20240611,173.5,20240620,189.5,8,Day 8 Time Stop,20240620,0,0.09221902017291073,0.08806190125276345,0.08588467306178377,1.9260039473733046,0.03293413173652704,0.9971098265895953,Pre-breakout,-0.13317494403070315,0.2732770808979421,0.140102136867239,166.0,166.0,0.005797101449275255,0.10662824207492805,-0.043227665706051854,-0.0057636887608069065,0.011527377521613813,0.07204610951008639,0.09221902017291073,-0.1345646437994723
2603,長榮,20230614,20230615,163.0,20230626,159.0,5,Day 5 Weakness,20230621,0,-0.024539877300613466,-0.028262898280229303,-0.030194207197931998,2.0900198816038986,0.02866242038216571,1.0221518987341771,Breakout,0.21107850528824978,0.02180754389775486,0.23288604918600464,157.0,157.0,0.009287925696594534,0.021472392638036908,-0.030674846625766916,-0.006134969325153339,-0.006134969325153339,-0.030674846625766916,,0.022012578616352307
2603,長榮,20230914,20230915,109.5,20230926,115.5,8,Day 8 Time Stop,20230926,0,0.0547945205479452,0.050759893665044895,0.04869069117130545,2.0849228638343487,0.028169014084507005,0.9909502262443439,Pre-breakout,0.31716853885313856,0.07671386010651392,0.3938823989596525,106.5,106.5,0.0,0.10045662100456632,0.0,0.08219178082191791,0.05936073059360725,0.0547945205479452,0.0547945205479452,0.01298701298701288
2603,長榮,20231114,20231115,115.0,20231122,113.0,5,Day 5 Weakness,20231121,0,-0.017391304347826098,-0.0211286440224659,-0.02308737922443116,5.026321750064727,0.05069124423963123,1.008849557522124,Breakout,0.18974523149938913,-0.0007206806973322443,0.18902455080205688,112.5,112.5,0.00877192982456143,0.021739130434782705,-0.021739130434782594,0.004347826086956497,0.0,-0.013043478260869601,,0.017699115044247815
2603,長榮,20231204,20231205,119.0,20231214,129.0,8,Day 8 Time Stop,20231214,0,0.08403361344537807,0.0799,0.07775608257988117,2.920410656299442,0.03493449781659397,1.0085106382978724,Breakout,0.27040208108066843,0.0347502705082705,0.30515235158893894,114.5,114.5,0.00421940928270037,0.10084033613445387,-0.03361344537815125,-0.012605042016806678,-0.02941176470588236,0.025210084033613356,0.08403361344537807,0.18604651162790709
2603,長榮,20231215,20231218,138.5,20231226,142.5,6,Trailing Stop,20231225,0,0.028880866425992746,0.02499331729484095,0.022942316815361928,2.467682603415375,0.03875968992248069,1.0229007633587786,Breakout,0.07781188735581858,0.14410664772851786,0.22191853508433643,130.0,131.575,0.033582089552238736,0.10830324909747291,-0.018050541516245522,0.02166064981949467,0.06859205776173294,0.10469314079422376,,0.09473684210526323
2603,長榮,20240304,20240305,171.5,20240314,183.5,8,Day 8 Time Stop,20240314,0,0.06997084548104948,0.06588952534083677,0.06375665553352185,1.93104416701963,0.042424242424242475,1.0207715133531157,Breakout,0.043777562342405485,0.11450092097734992,0.15827848331975541,161.5,162.92499999999998,-0.0029069767441860517,0.13411078717201175,-0.005830903790087438,0.011661807580174877,0.03498542274052485,0.04956268221574334,0.06997084548104948,0.013623978201634968
2603,長榮,20240514,20240515,206.0,20240516,205.5,1,Close Confirmed Stop,20240515,0,-0.0024271844660194164,-0.006207750485241951,-0.008196328079789046,3.4483662708935463,0.04622871046228716,1.0238095238095237,Breakout,0.08671734585570766,0.02885340848673149,0.11557075434243914,204.0,204.0,-0.041860465116279055,0.009708737864077666,-0.01941747572815533,-0.012135922330097082,,,,0.08029197080291972
2603,長榮,20240923,20240924,197.0,20241007,186.0,7,Close Confirmed Stop,20241004,0,-0.055837563451776595,-0.059420483375617575,-0.06130258897302006,1.8303026900611468,0.031746031746031855,1.0103626943005182,Breakout,0.48774495399998474,0.0003351790515610475,0.4880801330515458,189.0,189.0,0.01025641025641022,0.08883248730964466,-0.060913705583756306,0.035532994923857864,0.045685279187817285,0.020304568527918843,,0.018817204301075252
2603,長榮,20250224,20250225,221.5,20250305,219.0,5,Day 5 Weakness,20250304,0,-0.011286681715575675,-0.015059586488157917,-0.017030478400762723,1.9165941279771628,0.039906103286385,1.0114155251141552,Breakout,0.2004749324028235,-0.004036611143749127,0.19643832125907437,212.0,212.0,0.0,0.013544018058690765,-0.038374717832957095,-0.004514672686230292,-0.02483069977426633,-0.011286681715575675,,0.06392694063926951
2603,長榮,20250513,20250514,234.5,20250523,256.0,8,Day 8 Time Stop,20250523,0,0.09168443496801704,0.08751908973433803,0.0853764700574618,3.6149268434819657,0.06896551724137923,1.0356347438752784,Extended Breakout,0.2891081754287342,0.04932767597950124,0.3384358514082354,228.0,228.0,0.008602150537634357,0.13006396588486147,-0.008528784648187626,0.034115138592750505,0.11087420042643914,0.09808102345415781,0.09168443496801704,0.0078125
2603,長榮,20260107,20260108,195.0,20260115,194.5,5,Day 5 Weakness,20260114,0,-0.002564102564102555,-0.006349046805374074,-0.008337345639188202,2.4200983420672415,0.0316622691292876,1.0051413881748072,Breakout,0.28607093230490144,-0.0875077626018907,0.19856316970301074,189.5,189.5,-0.002557544757033292,0.01538461538461533,-0.007692307692307665,-0.007692307692307665,0.002564102564102555,-0.00512820512820511,,0.0
2603,長榮,20260303,20260304,221.0,20260305,212.0,1,Close Confirmed Stop,20260304,0,-0.040723981900452455,-0.04435956712567427,-0.04627180221733643,4.903229993847927,0.030952380952380842,1.0140515222482436,Breakout,0.20750712728853418,-0.03186472823685998,0.1756423990516742,212.5,212.5,0.020785219399538146,0.006787330316742057,-0.06334841628959276,-0.05203619909502266,,,,0.018867924528301883
2603,長榮,20260522,20260525,220.0,20260527,213.0,2,Close Confirmed Stop,20260526,0,-0.03181818181818186,-0.03551383135106241,-0.03744379532419803,2.1485872583836514,0.03301886792452824,1.0115473441108545,Breakout,0.3467657405668038,0.036486932155727556,0.38325267272253133,214.0,214.0,0.004566210045662045,0.009090909090909038,-0.03863636363636369,-0.027272727272727226,,,,0.13849765258215951
2603,長榮,20260601,20260602,225.0,20260609,226.5,5,Day 5 Weakness,20260608,0,0.006666666666666599,0.002855997594949394,0.000849286338188062,1.8634602062999097,0.05164319248826299,1.009009009009009,Breakout,-0.1699965393113556,0.37477765762001514,0.20478111830865953,216.5,216.5,0.0044642857142858094,0.07777777777777772,-0.020000000000000018,0.026666666666666616,0.04888888888888898,-0.004444444444444473,,0.024282560706401668
2603,長榮,20260818,20260819,236.0,20260827,226.0,6,Trailing Stop,20260826,0,-0.0423728813559322,-0.04599119530416222,-0.047895246300793066,2.936515325330829,0.02807775377969768,1.0258620689655173,Breakout,0.5770972595718145,0.0006404584265537818,0.5777377179983683,231.0,231.0,-0.008403361344537785,0.08686440677966112,-0.03389830508474578,0.019067796610169552,0.06567796610169485,0.04237288135593231,,0.028761061946902755
2605,新興,20230914,20230915,23.15,20230922,22.9,5,Trailing Stop,20230921,0,-0.010799136069114423,-0.014562580752719545,-0.016537361565904823,3.138218721674401,0.06506024096385543,1.0045454545454546,Breakout,0.08820730426366628,0.0739245061502034,0.16213181041386968,21.15,21.992499999999996,0.0475113122171944,0.09719222462203025,-0.015118790496760126,0.04967602591792675,0.030237580993520696,0.006479481641468832,,0.07423580786026207
2605,新興,20231201,20231204,24.65,20231213,27.75,8,Day 8 Time Stop,20231213,0,0.12576064908722118,0.12151190977989776,0.11926079648086657,4.915937408883021,0.055309734513274256,1.0236051502145922,Breakout,0.08267090195235534,0.0,0.08267090195235534,22.7,23.417499999999997,0.03354297693920327,0.2068965517241379,-0.014198782961460377,0.06288032454361048,0.15618661257606492,0.18864097363083165,0.12576064908722118,0.03243243243243232
2605,新興,20240220,20240221,27.4,20240229,28.0,5,Day 5 Weakness,20240227,0,0.021897810218978186,0.01802078192319497,0.015980174449421517,3.4432865265016814,0.03100775193798455,1.0230769230769232,Breakout,0.18285595008117414,0.054040085015288994,0.23689603509646315,25.6,26.029999999999998,0.03007518796992481,0.03284671532846728,-0.034671532846715314,0.0036496350364965124,-0.005474452554744436,-0.012773722627737127,,-0.0071428571428571175
2605,新興,20240513,20240514,28.5,20240516,28.55,2,Trailing Stop,20240515,0,0.0017543859649122862,-0.0020470760818829706,-0.00404759841353934,3.9980778831576025,0.02732240437158473,0.9808695652173913,Pre-breakout,0.051208511688149855,0.0,0.051208511688149855,28.05,28.05,0.010638297872340496,0.08245614035087723,-0.03157894736842104,0.03157894736842093,,,,0.05078809106830118
2605,新興,20240826,20240827,27.6,20240903,27.15,5,Day 5 Weakness,20240902,0,-0.01630434782608703,-0.02003294914892496,-0.021997296847206468,3.1198429841735456,0.026119402985074647,0.9945750452079567,Pre-breakout,0.10408620560945714,0.0,0.10408620560945714,26.95,26.95,0.0036363636363636598,0.021739130434782483,-0.023550724637681264,-0.007246376811594346,-0.01449275362318847,-0.021739130434782705,,-0.03314917127071815
2605,新興,20250516,20250519,25.8,20250521,24.15,2,Close Confirmed Stop,20250520,0,-0.06395348837209314,-0.06749556542498575,-0.06936454952500636,3.3745911075424693,0.0498960498960499,1.0039761431411531,Breakout,0.05964280920658917,0.0,0.05964280920658917,24.3,24.509999999999998,0.0217821782178218,0.007751937984496138,-0.06007751937984496,-0.04263565891472876,,,,0.01449275362318847
2605,新興,20250814,20250815,24.5,20250822,24.15,5,Day 5 Weakness,20250821,0,-0.014285714285714346,-0.018046666666666714,-0.020014653331383907,2.1042662333995032,0.03813559322033888,1.008230452674897,Breakout,0.24232660307517773,0.0,0.24232660307517773,23.85,23.85,0.0,0.03265306122448974,-0.02857142857142858,0.006122448979591688,0.008163265306122325,-0.014285714285714346,,0.006211180124223725
2605,新興,20260112,20260113,28.35,20260122,29.3,8,Day 8 Time Stop,20260122,0,0.0335097001763669,0.029597117938566182,0.027533199952194654,2.738219843867647,0.04144144144144146,1.0414414414414415,Extended Breakout,0.23202140304083635,0.0103103731633359,0.24233177620417223,26.8,26.9325,-0.019031141868511958,0.051146384479717755,-0.03880070546737213,-0.029982363315696703,0.005291005291005346,0.01058201058201047,0.0335097001763669,0.09385665529010234
2605,新興,20260225,20260226,32.7,20260305,35.3,4,Trailing Stop,20260304,0,0.07951070336391419,0.07541194550285177,0.07325556850298061,2.1526261879758604,0.06472491909385103,1.0265210608424338,Breakout,0.36328889869994563,0.00776312517611512,0.3710520238760608,31.4,31.4,-0.006079027355622935,0.22935779816513757,-0.006116207951070374,0.032110091743119185,0.15749235474006107,,,0.0382436260623229
2605,新興,20260317,20260318,42.2,20260323,40.0,3,Close Confirmed Stop,20260320,0,-0.05213270142180104,-0.05571495295923145,-0.05760445903777632,2.8573631185427817,0.06282722513089012,1.0099502487562189,Breakout,0.18587469491891603,0.0005510290930565014,0.18642572401197255,37.7,40.09,0.039408866995073843,0.09597156398104256,-0.06279620853080581,-0.023696682464455,-0.056872037914692086,,,0.10000000000000009
2605,新興,20260818,20260819,35.9,20260827,34.7,6,Trailing Stop,20260826,0,-0.03342618384401097,-0.03711422712039603,-0.039045403644012544,4.054564770794976,0.0699088145896658,1.0383480825958704,Extended Breakout,0.06466339039363922,-5.080464524145022e-05,0.06461258574839777,33.25,34.105,0.019886363636363535,0.09192200557103081,-0.04456824512534818,0.023676880222841312,0.05292479108635084,0.022284122562674202,,0.025936599423631135
2606,裕民,20221111,20221114,40.25,20221123,43.3,8,Day 8 Time Stop,20221123,0,0.0757763975155279,0.07167918128557486,0.06952923017801882,2.048074802817513,0.028571428571428692,1.0179948586118253,Breakout,0.22436669159224595,0.04844075857285039,0.27280745016509633,38.8,38.8,0.016414141414141437,0.1018633540372671,-0.008695652173913104,0.023602484472049712,0.07204968944099366,0.06459627329192541,0.0757763975155279,0.08545034642032334
2606,裕民,20221125,20221128,46.5,20221207,45.3,8,Day 8 Time Stop,20221207,0,-0.02580645161290329,-0.029528903997733794,-0.03144327390745591,2.8680977103289216,0.04494382022471921,1.0367892976588629,Extended Breakout,0.1531207616622662,0.051851488565583526,0.20497225022784973,44.5,44.5,0.0,0.053763440860215006,-0.04946236559139783,-0.02473118279569886,0.0,0.005376344086021501,-0.02580645161290329,0.06732891832229582
2606,裕民,20221215,20221216,49.65,20221220,47.1,2,Close Confirmed Stop,20221219,0,-0.051359516616314105,-0.054938901221975464,-0.05683588144573652,1.9364749406998045,0.04771784232365128,1.030612244897959,Extended Breakout,0.0698838252978374,0.06014647360589898,0.13003029890373638,48.2,48.2,-0.016831683168316847,0.03726082578046319,-0.05035246727089626,0.004028197381671816,,,,0.10191082802547768
2606,裕民,20230915,20230918,50.8,20230925,48.7,5,Day 5 Weakness,20230922,0,-0.04133858267716528,-0.044957310565635004,-0.046874472476518644,4.785174215947135,0.06609808102345416,1.0193679918450562,Breakout,0.11692021806699394,0.06920678779946521,0.18612700586645914,48.2,48.26,0.016000000000000014,0.03346456692913402,-0.0501968503937007,-0.0019685039370077595,-0.02066929133858264,-0.049212598425196874,,0.015400410677617993
2606,裕民,20240226,20240227,54.5,20240229,55.1,1,Close Confirmed Stop,20240227,0,0.011009174311926717,0.0071697735685463705,0.00514743460061909,1.9576598554033036,0.02238805970149249,1.0036630036630036,Breakout,0.19030788089524833,-0.005004259934067408,0.18530362096118091,53.8,53.8,-0.005474452554744436,0.007339449541284404,-0.02752293577981646,-0.016513761467889854,,,,0.01814882032667886
2606,裕民,20240229,20240301,55.3,20240304,54.9,1,Close Confirmed Stop,20240301,0,-0.00723327305605781,-0.010998979476131057,-0.012984925343827279,2.7453437926932662,0.03731343283582089,1.0127504553734064,Breakout,0.09686325748806866,-0.0005469909741650024,0.09631626651390365,54.8,54.8,-0.0053956834532374875,0.001808318264014508,-0.019891500904159032,-0.012658227848101222,,,,0.02732240437158473
2606,裕民,20240927,20240930,56.7,20241009,55.6,5,Day 5 Weakness,20241008,0,-0.01940035273368612,-0.023125143719818886,-0.025086924622879928,7.395427421161965,0.04119850187265928,1.0072463768115942,Breakout,0.17454699082054653,0.01745880879377857,0.1920057996143251,54.1,54.1,0.019784172661870603,0.01058201058201047,-0.04585537918871252,-0.015873015873015928,-0.015873015873015928,-0.01940035273368612,,-0.007194244604316502
2606,裕民,20241111,20241112,58.6,20241121,61.2,8,Day 8 Time Stop,20241121,0,0.04436860068259385,0.04041179573115769,0.03832993148533705,3.4430140151765922,0.03880070546737202,1.0172711571675301,Breakout,0.3572726386678439,0.023443578353613298,0.3807162170214572,57.7,57.7,-0.005093378607809784,0.04948805460750849,-0.0068259385665528916,0.0017064846416381396,0.03242320819112621,0.029010238907849706,0.04436860068259385,0.0032679738562091387
2606,裕民,20250724,20250725,57.2,20250730,53.7,3,Close Confirmed Stop,20250729,0,-0.06118881118881114,-0.06473279795096182,-0.06661102097531736,3.3113118108719575,0.04444444444444451,1.0444444444444445,Extended Breakout,0.2392977460602901,-0.02428469613402479,0.21501304992626533,54.6,54.6,0.014184397163120588,0.022727272727272707,-0.06818181818181823,-0.00874125874125875,-0.05944055944055948,,,-0.007448789571694703
2606,裕民,20250818,20250819,59.7,20250825,57.2,4,Close Confirmed Stop,20250822,0,-0.041876046901172526,-0.045494873488229365,-0.04740482785167396,2.9782818545466934,0.04440497335701599,1.005128205128205,Breakout,0.07886567953765611,0.10397303744142057,0.1828387169790767,56.8,56.8,0.015306122448979664,0.02680067001675024,-0.06197654941373543,-0.008375209380234505,-0.041876046901172526,,,0.020979020979020824
2606,裕民,20260415,20260416,64.0,20260423,63.4,5,Day 5 Weakness,20260422,0,-0.009375000000000022,-0.013142437591776775,-0.015117154284970433,1.9142811815546654,0.044776119402985204,1.012861736334405,Breakout,0.2482551462506858,-0.027754207261679587,0.2205009389890062,61.4,61.4,0.015873015873015817,0.02187500000000009,-0.034375000000000044,0.0,-0.03125,-0.009375000000000022,,-0.02681388012618291
2606,裕民,20260526,20260527,70.2,20260605,70.8,8,Day 8 Time Stop,20260605,0,0.008547008547008517,0.004708644297271423,0.002722600380086263,2.1347874314542996,0.030927835051546282,1.0309278350515463,Extended Breakout,0.20809583590133895,0.002863651072389599,0.21095948697372854,67.5,67.5,0.0028571428571428914,0.03988603988603989,-0.027065527065527117,0.03276353276353272,-0.017094017094017144,0.02564102564102555,0.008547008547008517,-0.015536723163841692
2606,裕民,20260821,20260824,73.5,20260827,70.2,3,Trailing Stop,20260826,0,-0.04489795918367345,-0.04851333333333326,-0.05042612492893628,3.7720220932799826,0.03418803418803407,1.0312499999999998,Extended Breakout,0.20060763857142452,0.017664914918938398,0.21827255349036292,70.2,70.2,0.012396694214876103,0.08163265306122458,-0.03401360544217691,-0.016326530612244983,-0.020408163265306145,,,0.056980056980056926
2607,榮運,20220111,20220112,30.4,20220117,29.15,3,Close Confirmed Stop,20220114,0,-0.041118421052631526,-0.044736947416162,-0.04665208305598111,7.36311420967852,0.038528896672504365,0.9899833055091819,Pre-breakout,0.04323240153098417,0.0,0.04323240153098417,29.2,29.2,0.025295109612141653,0.03618421052631593,-0.049342105263157854,0.03618421052631593,-0.041118421052631526,,,0.020583190394511286
2607,榮運,20231113,20231114,33.3,20231116,31.35,2,Close Confirmed Stop,20231115,0,-0.058558558558558405,-0.06213728236942154,-0.06401395843058601,3.8132778395657394,0.04062499999999991,1.0246153846153845,Breakout,0.1632043126216681,0.040973565936326346,0.20417787855799446,32.2,32.2,0.0,0.02552552552552556,-0.058558558558558405,0.006006006006006093,,,,-0.052631578947368474
2607,榮運,20231215,20231218,33.6,20231226,32.25,6,Close Confirmed Stop,20231225,0,-0.04017857142857151,-0.04379786013500896,-0.04571525979773615,1.9163475444289848,0.021604938271605034,1.021604938271605,Breakout,0.2008209888886069,0.2763455284829658,0.4771665173715727,32.6,32.6,0.015105740181268867,0.059523809523809534,-0.044642857142857095,0.04166666666666652,0.03720238095238093,0.029761904761904656,,0.032558139534883734
2607,榮運,20240429,20240430,33.85,20240508,33.8,5,Day 5 Weakness,20240507,0,-0.001477104874446189,-0.00527612146744846,-0.0072708671326638585,2.3393557706320576,0.04552352048558417,1.040785498489426,Extended Breakout,0.1533492946073363,0.04766742298409825,0.20101671759143455,33.2,33.2,-0.01741654571843254,0.03249630723781394,-0.025110782865583547,-0.005908419497784423,0.011816838995568624,-0.001477104874446189,,0.07396449704142016
2607,榮運,20250516,20250519,33.7,20250528,34.2,8,Day 8 Time Stop,20250528,0,0.014836795252225476,0.010998166972171304,0.008970853433475874,6.480694628605783,0.056426332288401326,1.0181268882175227,Breakout,0.23836921936049602,0.0,0.23836921936049602,32.1,32.1,0.0,0.05044510385756662,-0.023738872403560984,0.005934718100890191,0.0014836795252224366,0.005934718100890191,0.014836795252225476,0.029239766081871288
2609,陽明,20230302,20230303,66.4,20230314,67.5,8,Day 8 Time Stop,20230314,0,0.016566265060240948,0.012720973082674593,0.010694524323622062,1.8643071872411197,0.028213166144200663,1.0061349693251533,Breakout,0.18326265689259166,0.015747588548098733,0.1990102454406904,64.5,64.5,0.012195121951219745,0.08584337349397564,-0.01656626506024106,0.010542168674698704,0.015060240963855387,0.009036144578313143,0.016566265060240948,0.020740740740740726
2609,陽明,20230915,20230918,46.15,20230925,45.75,5,Day 5 Weakness,20230922,0,-0.008667388949079036,-0.012429397357503457,-0.014411321213228035,8.493417431776633,0.041479820627802644,1.0164113785557987,Breakout,0.21067539802733984,-0.08370477661767685,0.12697062140966298,44.95,44.95,-0.006458557588805314,0.024918743228602436,-0.023835319609967542,-0.014084507042253502,0.003250270855904569,-0.007583965330444253,,0.022950819672131084
2609,陽明,20231201,20231204,44.05,20231211,44.45,5,Day 5 Weakness,20231208,0,0.009080590238365716,0.005244909621943364,0.0032277686517323966,2.713035323298833,0.030952380952380842,1.0,Breakout,0.2157694158084937,0.049813067374834936,0.26558248318332867,42.1,42.1,0.01732101616628179,0.036322360953461974,-0.011350737797956922,0.02497162315550505,0.013620885357548351,-0.0011350737797956034,,0.09448818897637778
2609,陽明,20231219,20231220,49.7,20231226,51.6,4,Trailing Stop,20231225,0,0.03822937625754519,0.03431161631828042,0.03224197367897177,8.46197474079588,0.030303030303030276,1.013360739979445,Breakout,0.15728755501603692,-0.10753189814656505,0.04975565686947187,48.05,48.05,0.008113590263691739,0.17505030181086512,-0.030181086519114664,0.014084507042253502,0.1569416498993963,,,0.06976744186046524
2609,陽明,20240429,20240430,53.0,20240502,53.1,1,Close Confirmed Stop,20240430,0,0.0018867924528302993,-0.001912695768077235,-0.003916587701748151,5.993441301962971,0.021235521235521304,1.0212355212355213,Breakout,0.09457049236512903,0.023350456826882804,0.11792094919201183,52.6,52.6,0.001890359168241984,0.0,-0.03207547169811331,-0.015094339622641506,,,,0.058380414312617646
2609,陽明,20240516,20240517,74.1,20240520,72.0,1,Close Confirmed Stop,20240517,0,-0.028340080971659853,-0.03203510037264087,-0.033972011869210755,2.330510629015097,0.037815126050420034,1.012295081967213,Breakout,0.12131849603272693,0.005877597312504813,0.12719609334523174,71.1,71.1,0.0,0.0,-0.04723346828609987,-0.04183535762483126,,,,0.10972222222222228
2609,陽明,20240925,20240926,70.7,20241007,64.1,5,Close Confirmed Stop,20241004,0,-0.09335219236209347,-0.09681614469401927,-0.09859823021740327,5.0370414284165035,0.04142011834319548,1.020289855072464,Breakout,0.047992550314734705,0.009212376269704739,0.057204926584439444,67.6,67.6,0.0042613636363635354,0.05940594059405946,-0.09759547383309763,0.0028288543140029265,-0.0240452616690241,-0.09335219236209347,,0.007800312012480548
2609,陽明,20241105,20241106,71.0,20241115,72.2,8,Day 8 Time Stop,20241115,0,0.016901408450704203,0.013057983585774386,0.011030863190668086,2.323644533574337,0.038179148311306976,1.0,Breakout,0.17280185772848639,0.029234610114235123,0.2020364678427215,68.5,68.5,0.004243281471004279,0.04084507042253538,-0.035211267605633756,-0.0028169014084507005,0.007042253521126751,0.015492957746478853,0.016901408450704203,0.10526315789473673
2609,陽明,20250516,20250519,84.2,20250526,83.5,5,Day 5 Weakness,20250523,0,-0.008313539192399078,-0.01207848682104367,-0.014065914982953079,6.148714506839732,0.05660377358490565,1.0281517747858018,Breakout,0.12577032499265123,0.014133380409489778,0.139903705402141,80.0,80.0,0.0023809523809523725,0.04275534441805218,-0.03444180522565332,-0.0106888361045131,-0.0106888361045131,-0.005938242280285055,,-0.0011976047904190823
2609,陽明,20251224,20251226,55.4,20260107,57.6,8,Day 8 Time Stop,20260107,0,0.03971119133574019,0.035793138870174976,0.03371329300743106,2.9839108318525125,0.04734848484848486,1.0355805243445693,Extended Breakout,0.4861731211593616,-0.005591513710756481,0.4805816074486051,53.5,53.5,0.001808318264014508,0.04151624548736477,-0.012635379061371799,0.012635379061371799,0.016245487364620947,0.010830324909747224,0.03971119133574019,0.01909722222222232
2609,陽明,20260107,20260108,58.0,20260114,55.5,4,Close Confirmed Stop,20260113,0,-0.0431034482758621,-0.04671978131875458,-0.048634284339955675,1.9145677265705225,0.037837837837837895,1.0123022847100176,Breakout,0.40844116670458397,-0.009780041867626524,0.3986611248369575,55.5,55.5,0.00694444444444442,0.012068965517241459,-0.04999999999999993,-0.02931034482758621,-0.03275862068965518,,,0.012612612612612706
2609,陽明,20260302,20260303,61.1,20260305,64.2,2,Trailing Stop,20260304,0,0.0507364975450082,0.046743013588861806,0.044648468148379306,6.012058084720822,0.04529616724738683,1.0398613518197573,Extended Breakout,0.14509294982927595,-0.0017829115191741341,0.1433100383101018,58.7,58.7,0.018333333333333313,0.14402618657937816,-0.0016366612111292644,0.0801963993453354,,,,0.012461059190031154
2609,陽明,20260522,20260525,53.0,20260601,53.6,5,Day 5 Weakness,20260529,0,0.01132075471698113,0.007484171942685844,0.005461409956899599,2.5169409673689955,0.03718199608610573,1.0211946050096339,Breakout,0.2948146010489818,-0.000995824929888337,0.29381877611909346,51.8,51.8,0.0,0.015094339622641506,-0.037735849056603765,-0.02264150943396237,-0.007547169811320753,-0.005660377358490565,,0.03171641791044766
2609,陽明,20260601,20260602,55.0,20260605,53.8,3,Close Confirmed Stop,20260604,0,-0.021818181818181848,-0.025544402574448927,-0.027501148124018625,2.474778881281741,0.04174573055028463,1.018552875695733,Breakout,0.3170704713597743,-0.0649520537015335,0.2521184176582408,53.6,53.6,0.0018214936247722413,0.005454545454545379,-0.041818181818181754,-0.025454545454545396,-0.032727272727272716,,,-0.009293680297397744
2609,陽明,20260817,20260818,55.1,20260827,56.7,7,Trailing Stop,20260826,0,0.029038112522685955,0.025124723207854274,0.023099613973320627,5.788352596198778,0.06007751937984507,1.0478927203065134,Extended Breakout,0.1661632813204523,0.003094871554308784,0.1692581528747611,51.7,52.345,0.007312614259597838,0.22141560798548077,-0.00907441016333943,0.019963702359346636,0.09437386569872941,0.1705989110707804,,0.014109347442680775
2610,華航,20230519,20230522,20.25,20230531,22.2,8,Day 8 Time Stop,20230531,0,0.09629629629629632,0.09212475730986833,0.08996990200909846,7.073374793684898,0.030927835051546504,1.0025062656641603,Breakout,0.226497764029263,8.463183527195639e-05,0.22658239586453496,19.4,19.4,0.012499999999999956,0.10617283950617273,-0.00987654320987652,0.014814814814814836,0.022222222222222143,0.029629629629629672,0.09629629629629632,0.06306306306306309
2610,華航,20230601,20230602,23.45,20230609,22.9,5,Day 5 Weakness,20230608,0,-0.023454157782516027,-0.027177544739047935,-0.02912709630860817,2.872631737210087,0.04279279279279269,1.0334821428571428,Extended Breakout,0.13032975984127212,0.0011892271027433097,0.13151898694401545,22.15,22.2775,0.012958963282937441,0.006396588486140775,-0.05543710021321968,-0.017057569296375252,-0.02985074626865669,-0.034115138592750616,,0.2554585152838429
2610,華航,20231116,20231117,22.05,20231124,21.55,5,Day 5 Weakness,20231123,0,-0.0226757369614512,-0.0264,-0.028350932514525314,3.662762153657264,0.03791469194312791,1.0092165898617511,Breakout,0.03710942437530372,0.00544763626611947,0.04255706064142319,21.2,21.2,0.006849315068493178,0.0045351473922901064,-0.05668934240362811,-0.0113378684807256,-0.018140589569161092,-0.009070294784580435,,0.0
2610,華航,20231222,20231225,22.45,20240102,21.9,5,Day 5 Weakness,20231229,0,-0.024498886414253906,-0.02822177489235209,-0.03017190424528763,3.801358769316982,0.030588235294117583,0.9954545454545454,Pre-breakout,0.1522449173886109,-0.005139197865444121,0.14710571952316678,21.3,21.327499999999997,0.02511415525114158,0.006681514476614803,-0.04231625835189301,-0.011135857461024523,-0.03340757238307346,-0.03563474387527843,,0.027397260273972712
2610,華航,20240102,20240103,22.3,20240108,22.0,3,Close Confirmed Stop,20240105,0,-0.013452914798206317,-0.017213510856343005,-0.019185682336587535,3.7882374680481874,0.03233256351039282,0.9889380530973452,Pre-breakout,0.24720697608553635,-0.014127586820756951,0.2330793892647794,21.85,21.85,-0.0022371364653244186,0.008968609865470878,-0.026905829596412634,-0.008968609865470767,-0.026905829596412634,,,-0.013636363636363669
2610,華航,20240516,20240517,24.0,20240523,22.1,4,Close Confirmed Stop,20240522,0,-0.07916666666666661,-0.08266693322670932,-0.08450813017237602,2.4044029948087777,0.0483516483516484,1.0236051502145922,Breakout,0.1789663043123786,0.0018839204979755172,0.1808502248103541,22.7,22.799999999999997,0.0062893081761006275,0.03749999999999987,-0.0708333333333333,-0.008333333333333304,-0.04999999999999993,,,0.06561085972850678
2610,華航,20240627,20240628,24.25,20240709,23.8,8,Day 8 Time Stop,20240709,0,-0.01855670103092777,-0.02228146321550848,-0.024243908288398903,2.461341044362237,0.025369978858351017,1.0041407867494825,Breakout,0.27258735567030096,0.06556577558617357,0.33815313125647456,23.4,23.4,0.0,0.039175257731958624,-0.02680412371134011,-0.02268041237113405,0.020618556701030855,0.01855670103092777,-0.01855670103092777,0.037815126050420034
2610,華航,20241024,20241025,22.35,20241106,22.5,8,Day 8 Time Stop,20241106,0,0.006711409395973034,0.002876120203827915,0.0008969706160349132,2.9562225216308544,0.023094688221708903,1.0091116173120729,Breakout,0.4887157394473049,0.002024698776746303,0.49074043822405117,21.65,21.65,0.009029345372460584,0.029082774049216997,-0.01342281879194629,0.0,0.01118568232662187,0.006711409395973034,0.006711409395973034,0.05555555555555558
2610,華航,20241107,20241108,23.2,20241119,24.15,8,Day 8 Time Stop,20241119,0,0.04094827586206895,0.03699982672211554,0.03495201764594869,2.748291577623323,0.03333333333333344,1.0108695652173914,Breakout,0.33185809889497825,-0.025642462305897645,0.3062156365890806,22.55,22.55,-0.0021505376344086446,0.0431034482758621,-0.012931034482758674,-0.0021551724137931494,0.004310344827586299,0.010775862068965525,0.04094827586206895,0.035196687370600444
2610,華航,20250821,20250822,21.6,20250829,21.3,5,Day 5 Weakness,20250828,0,-0.01388888888888895,-0.01765090288335872,-0.01961931857619696,2.205023165192785,0.03597122302158273,1.0,Breakout,0.18053522616244708,-0.010092229654661975,0.1704429965077851,20.95,20.95,0.0,0.0023148148148146586,-0.02083333333333348,-0.01157407407407407,-0.01157407407407407,-0.01620370370370372,,0.025821596244131495
2610,華航,20260114,20260115,21.3,20260126,22.5,8,Day 8 Time Stop,20260126,0,0.05633802816901401,0.052315814734821164,0.050207255029111976,2.8291620708102108,0.041769041769041726,1.0119331742243436,Breakout,0.40913224966076167,-0.0659579277855477,0.34317432187521396,20.3,20.3,0.004716981132075526,0.07746478873239426,-0.011737089201877882,0.0023474178403755097,0.007042253521126751,0.04460093896713602,0.05633802816901401,0.04444444444444451
2610,華航,20260617,20260618,22.1,20260630,23.7,8,Day 8 Time Stop,20260630,0,0.07239819004524883,0.0683361276194348,0.06619539563109192,2.38981425892903,0.030660377358490587,1.0069124423963134,Breakout,0.1336219107062188,0.00789815059845203,0.14152006130467082,21.1,21.1,0.011441647597254079,0.11990950226244346,-0.03846153846153855,-0.004524886877828149,0.009049773755656076,0.09502262443438902,0.07239819004524883,0.0
2611,志信,20240605,20240606,34.85,20240612,32.05,3,Close Confirmed Stop,20240611,0,-0.08034433285509335,-0.08384751359103504,-0.08568482614758244,2.6054548688664787,0.06875000000000009,1.0332326283987916,Extended Breakout,0.15322543880461573,0.0,0.15322543880461573,32.0,33.1075,0.01900584795321625,0.02869440459110484,-0.0817790530846485,-0.04017216642754662,-0.07604017216642756,,,0.08892355694227772
2612,中航,20250814,20250815,54.9,20250825,54.3,6,Close Confirmed Stop,20250822,0,-0.010928961748633892,-0.014692837658483181,-0.016671350033285716,3.53442223359716,0.06189555125725321,1.0036563071297988,Breakout,0.1484857606675061,0.0,0.1484857606675061,53.8,53.8,0.0,0.051001821493624755,-0.029143897996357082,0.041894353369763326,0.02732240437158473,0.007285974499089187,,0.0405156537753224
2614,東森,20230201,20230202,25.0,20230209,24.15,5,Day 5 Weakness,20230208,0,-0.03400000000000003,-0.037684926029588166,-0.039616687144383655,2.39615122736965,0.04175365344467652,1.0142276422764227,Breakout,0.21952955114252445,0.0002601245955192602,0.2197896757380437,24.05,24.05,0.002004008016032177,0.0040000000000000036,-0.03599999999999992,-0.020000000000000018,-0.020000000000000018,-0.03599999999999992,,-0.012422360248447117
2615,萬海,20231115,20231116,47.85,20231123,45.6,5,Close Confirmed Stop,20231122,0,-0.047021943573667735,-0.05064055716292744,-0.05254023395030471,2.5644985317285167,0.037960954446854656,0.9979144942648592,Pre-breakout,0.2734529259369678,-0.004404611750674669,0.26904831418629316,46.25,46.25,0.0,0.0,-0.04806687565308265,-0.009404388714733591,-0.018808777429467072,-0.04597701149425293,,0.04166666666666674
2615,萬海,20231220,20231221,54.5,20231226,54.0,3,Trailing Stop,20231225,0,-0.00917431192660545,-0.012938940207423217,-0.014920907341247708,1.9239316240316011,0.042065009560229516,1.0073937153419592,Breakout,0.10203306492061605,-0.06447026069983136,0.037562804220784694,51.1,51.775,0.0,0.13944954128440368,-0.016513761467889854,0.09357798165137621,0.0,,,0.08518518518518525
2615,萬海,20240429,20240430,49.65,20240510,63.8,8,Day 8 Time Stop,20240510,0,0.2849949647532728,0.2801143977120457,0.2775781486626002,3.4900903525406686,0.024819027921406223,0.9979859013091641,Pre-breakout,0.060895210687320706,0.000454762521678255,0.06134997320899896,49.15,49.15,0.0020181634712412855,0.2849949647532728,-0.02416918429003012,0.021148036253776592,-0.0050352467270896595,0.023162134944612278,0.2849949647532728,0.17554858934169282
2615,萬海,20240926,20240927,105.0,20241001,100.0,2,Close Confirmed Stop,20240930,0,-0.04761904761904767,-0.05124093930587567,-0.053106049419484845,5.1509903121760745,0.02306920762286868,1.0230692076228687,Breakout,0.17188513287763654,0.009015364975358564,0.18090049785299508,100.0,100.0,0.02941176470588225,0.03809523809523818,-0.07714285714285707,0.023809523809523725,,,,-0.08999999999999997
2615,萬海,20250513,20250514,93.0,20250523,126.5,8,Day 8 Time Stop,20250523,0,0.36021505376344076,0.3550637559249616,0.35235227514415307,3.3672752766165006,0.04664391353811137,1.0337078651685394,Extended Breakout,0.13764789598590146,-0.000250900327525739,0.1373969956583757,90.7,90.7,0.010869565217391353,0.435483870967742,-0.008602150537634357,0.053763440860215006,0.19354838709677424,0.20430107526881724,0.36021505376344076,0.011857707509881354
2615,萬海,20260522,20260525,84.4,20260527,81.8,2,Close Confirmed Stop,20260526,0,-0.03080568720379162,-0.03449656368853018,-0.036428555668748024,2.48414625410663,0.03817733990147776,1.0218181818181817,Breakout,0.1953613022741552,0.08204433434159475,0.27740563661574996,82.4,82.4,0.0011862396204034287,0.010663507109004655,-0.041469194312796165,-0.013033175355450344,,,,0.050122249388753204
2615,萬海,20260814,20260817,91.3,20260827,113.0,8,Trailing Stop,20260826,0,0.23767798466593648,0.2329763939329204,0.2305091953986502,2.5009671221377583,0.035428571428571365,1.0202702702702702,Breakout,0.35998504241820084,-0.0008196284504146281,0.35916541396778623,87.0,87.0,0.007726269315673218,0.4731653888280394,-0.005476451259583737,0.09090909090909083,0.16648411829134724,0.36363636363636376,0.25958378970427165,0.004424778761061843
2617,台航,20230303,20230306,32.4,20230315,33.15,8,Day 8 Time Stop,20230315,0,0.02314814814814814,0.01926989527049563,0.017230333430294863,2.5338060158916695,0.027200000000000113,1.0126182965299686,Breakout,0.07282669438757366,0.0,0.07282669438757366,30.9,30.9,0.009345794392523255,0.07407407407407396,-0.024691358024691246,-0.01388888888888884,0.035493827160493874,0.04166666666666674,0.02314814814814814,0.015082956259426794
2617,台航,20240229,20240301,35.8,20240308,35.0,5,Close Confirmed Stop,20240307,0,-0.022346368715083775,-0.0260736707965546,-0.028022521445190452,2.0281436507413333,0.024566473988439252,0.9847222222222223,Pre-breakout,0.09142832519950399,0.0,0.09142832519950399,35.1,35.1,0.009873060648800891,0.0027932960893854997,-0.029329608938547413,-0.012569832402234526,-0.006983240223463638,-0.022346368715083775,,0.04428571428571426
2617,台航,20240703,20240704,40.1,20240705,39.05,1,Close Confirmed Stop,20240704,0,-0.026184538653366674,-0.029906554514310138,-0.03181938317941849,2.9884204985338667,0.03350515463917536,0.9962732919254659,Pre-breakout,0.5959775482797283,0.0,0.5959775482797283,39.0,39.0,0.0,0.0024937655860348684,-0.032418952618453956,-0.029925187032418976,,,,-0.02688860435339302
2618,長榮航,20230201,20230202,29.8,20230209,29.1,5,Day 5 Weakness,20230208,0,-0.023489932885906062,-0.02721501260386509,-0.029165282499063225,3.1438566185138677,0.03275862068965507,1.0050335570469797,Breakout,0.044220973868466365,0.022942260945872837,0.0671632348143392,29.05,29.05,-0.005008347245408995,0.001677852348993314,-0.02684563758389269,-0.015100671140939603,-0.011744966442953086,-0.023489932885906062,,0.027491408934707806
2618,長榮航,20230216,20230217,29.6,20230223,28.55,4,Close Confirmed Stop,20230222,0,-0.03547297297297303,-0.03915917697887779,-0.04108548933333512,4.333120710633753,0.042105263157894646,0.99,Pre-breakout,0.07377063072752234,-0.0029563882865718456,0.0708142424409505,28.6,28.6,-0.0033670033670032407,0.02533783783783794,-0.04054054054054068,-0.010135135135135198,-0.023648648648648796,,,0.007005253940455258
2618,長榮航,20230519,20230522,29.95,20230531,33.95,8,Day 8 Time Stop,20230531,0,0.13355592654424053,0.1292346779719226,0.12697073714780166,8.927195321447323,0.04593639575971742,1.027777777777778,Breakout,0.026153847633725007,3.412580949326144e-05,0.02618797344321827,28.25,28.452499999999997,0.011824324324324342,0.1452420701168613,-0.013355592654423987,0.025041736227044975,0.03505843071786319,0.07846410684474114,0.13355592654424053,0.08836524300441817
2618,長榮航,20230601,20230602,36.35,20230609,36.15,5,Day 5 Weakness,20230608,0,-0.005502063273727709,-0.009266435005791522,-0.01125345183315246,2.348310505334176,0.06038291605301915,1.0495626822157436,Extended Breakout,0.12291699633335218,0.019171614899396686,0.14208861123274885,33.6,34.5325,0.009722222222222188,0.016506189821182904,-0.04264099037138935,0.0027510316368639653,-0.01375515818431916,-0.012379642365887289,,0.1659751037344399
2618,長榮航,20230615,20230616,41.5,20230627,41.0,5,Day 5 Weakness,20230626,0,-0.012048192771084376,-0.015813177648040033,-0.01778255817212623,2.5933407807122797,0.04287515762925609,1.0389447236180906,Extended Breakout,0.025853512729383913,0.011546109427970434,0.037399622157354345,39.7,39.7,0.0036275695284160303,0.015662650602409567,-0.04578313253012045,-0.031325301204819245,-0.03975903614457832,-0.0036144578313253017,,0.008536585365853666
2618,長榮航,20231103,20231106,30.8,20231109,29.25,3,Close Confirmed Stop,20231108,0,-0.05032467532467533,-0.05390320946846513,-0.055800003108258944,2.104374574596601,0.03986135181975725,0.9950248756218906,Pre-breakout,-0.033574388263681226,0.06119108481583201,0.027616696552150787,29.1,29.259999999999998,0.026666666666666616,0.004870129870129913,-0.051948051948051965,-0.022727272727272707,-0.05032467532467533,,,0.10256410256410264
2618,長榮航,20231116,20231117,32.5,20231124,31.8,5,Day 5 Weakness,20231123,0,-0.021538461538461506,-0.025262000366550543,-0.02721650123562981,4.524767481052938,0.05785123966942152,1.0339256865912763,Extended Breakout,0.013970731172898215,0.02368644388645758,0.03765717505935579,30.45,30.875,0.015625,0.006153846153846176,-0.056923076923076965,-0.010769230769230864,-0.03384615384615386,-0.009230769230769154,,-0.004716981132075526
2618,長榮航,20240411,20240412,32.6,20240416,31.7,2,Close Confirmed Stop,20240415,0,-0.027607361963190247,-0.03129582722303693,-0.03323821719891797,3.4258367824026448,0.03154574132492116,0.9805097451274363,Pre-breakout,0.31451202805616435,-0.0006324303652932639,0.3138795976908711,31.9,31.9,-0.003058103975535187,0.0015337423312882237,-0.036809815950920366,-0.00920245398773023,,,,0.03312302839116721
2618,長榮航,20241111,20241112,39.2,20241121,41.15,8,Day 8 Time Stop,20241121,0,0.049744897959183465,0.045758333333333207,0.04366055041613365,2.510166374228798,0.02213541666666674,1.0129032258064516,Breakout,0.49593756469953226,0.016326528235917067,0.5122640929354494,38.6,38.6,-0.00127388535031836,0.07908163265306101,-0.005102040816326592,0.007653061224489832,0.03316326530612246,0.049744897959183465,0.049744897959183465,0.025516403402187304
2618,長榮航,20250506,20250507,43.3,20250516,43.4,8,Day 8 Time Stop,20250516,0,0.002309468822170979,-0.0014945488997717901,-0.003492565625396073,4.759224931965381,0.053462940461725506,0.996551724137931,Pre-breakout,-0.03964950905862024,0.17514596972910992,0.1354964606704897,41.4,41.4,-0.0011534025374856371,0.02771362586605086,-0.020785219399538035,-0.011547344110854452,0.004618937644341958,0.010392609699769073,0.002309468822170979,-0.0011520737327188613
2618,長榮航,20260120,20260121,38.2,20260130,37.4,8,Day 8 Time Stop,20260130,0,-0.020942408376963484,-0.024667488916297328,-0.026623890097735685,3.5843304832915543,0.028263795423957072,1.0119205298013245,Breakout,0.2600806733971328,-0.1559932750458528,0.10408739835128,37.25,37.25,0.0,0.03403141361256545,-0.02486910994764402,0.002617801047120283,0.015706806282722363,0.002617801047120283,-0.020942408376963484,0.03743315508021383
2618,長榮航,20260529,20260601,36.45,20260610,37.25,8,Day 8 Time Stop,20260610,0,0.021947873799725626,0.018073764551229752,0.016031889548191774,3.1846326010677695,0.021246458923512845,0.9944827586206896,Pre-breakout,-0.25741185724298493,0.29411001533459646,0.03669815809161153,35.65,35.65,0.011095700416088983,0.054869684499314175,-0.016460905349794275,0.03429355281207136,0.03429355281207136,0.03429355281207136,0.021947873799725626,0.1624161073825503
2630,亞航,20230609,20230612,62.6,20230613,60.4,1,Close Confirmed Stop,20230612,0,-0.03514376996805113,-0.038830031936101225,-0.04076106454086738,3.305411309709533,0.04421768707482987,1.0442176870748299,Extended Breakout,0.07425139480160867,0.0,0.07425139480160867,56.8,59.47,0.019543973941368087,0.07667731629392982,-0.05591054313099042,-0.05591054313099042,,,,0.0927152317880795
2630,亞航,20231115,20231116,34.9,20231123,34.4,5,Day 5 Weakness,20231122,0,-0.014326647564469885,-0.01808869964756211,-0.02002456187748182,2.8711427536273555,0.03714710252600306,0.9971428571428571,Pre-breakout,0.2560584205310324,0.0,0.2560584205310324,33.85,33.85,0.0,0.02865329512893977,-0.024355300859598916,0.02005730659025806,0.007163323782235054,-0.02005730659025773,,0.17732558139534893
2630,亞航,20250507,20250508,41.0,20250514,42.15,4,Trailing Stop,20250513,0,0.028048780487804903,0.024168695594169957,0.022114041371376528,7.716240995649124,0.028387096774193488,0.9974968710888611,Pre-breakout,0.02339626679067145,0.00825098211892834,0.031647248909599794,38.85,38.949999999999996,0.028858218318695172,0.11829268292682937,-0.00487804878048792,0.0682926829268291,0.040243902439024426,,,0.018979833926453304
2633,台灣高鐵,20230306,20230307,30.1,20230314,29.7,5,Day 5 Weakness,20230313,0,-0.013289036544850585,-0.01705144107016636,-0.01902212162169743,3.8505218374479506,0.02037351443123936,1.0169204737732656,Breakout,0.3978509574611927,0.0008530317345277318,0.3987039891957204,29.55,29.55,0.0016638935108153063,0.014950166112956742,-0.0182724252491695,0.008305647840531671,0.008305647840531671,-0.004983388704319025,,0.0016835016835017313
2633,台灣高鐵,20230517,20230518,33.65,20230525,33.0,5,Day 5 Weakness,20230524,0,-0.019316493313521477,-0.023042826684536746,-0.025001910191506396,5.512066067047343,0.032558139534883734,1.0214723926380367,Breakout,0.3121610111062565,0.04860010930504694,0.3607611204113035,32.35,32.35,0.010510510510510551,0.002971768202080227,-0.03714710252600295,-0.028231797919762158,-0.02080237741456159,-0.013372956909360911,,-0.004545454545454519
2633,台灣高鐵,20251110,20251111,28.7,20251118,28.25,5,Day 5 Weakness,20251117,0,-0.015679442508710784,-0.019439398736814037,-0.0213718003463102,4.816148277795294,0.02499999999999991,1.015929203539823,Breakout,0.6686432128191921,-0.0002881157614555637,0.6683550970577367,28.35,28.35,0.0,0.013937282229965264,-0.019163763066202155,-0.0034843205574912606,-0.012195121951219412,-0.008710801393728262,,-0.005309734513274322
2634,漢翔,20220801,20220802,37.4,20220809,37.1,5,Day 5 Weakness,20220808,0,-0.008021390374331472,-0.011783995627657683,-0.013766111536775674,2.037654501725973,0.04038997214484685,1.0232876712328767,Breakout,0.14522251645140455,0.03328709916940881,0.17850961562081336,35.85,35.85,0.0013386880856760541,0.03743315508021383,-0.053475935828877,0.021390374331550888,-0.03743315508021383,-0.010695187165775333,,0.008086253369272267
2634,漢翔,20230209,20230210,37.75,20230221,38.8,8,Day 8 Time Stop,20230221,0,0.027814569536423805,0.0239349018692367,0.021881137038738892,5.681167413502093,0.04038997214484685,1.0260989010989012,Breakout,0.1297953031811716,0.04077225517718683,0.17056755835835843,36.1,36.1,0.010709504685408211,0.06887417218543046,-0.02384105960264893,0.005298013245033095,-0.003973509933774766,0.0066225165562914245,0.027814569536423805,0.015463917525773141
2634,漢翔,20230309,20230310,41.75,20230314,39.05,2,Close Confirmed Stop,20230313,0,-0.06467065868263477,-0.06821281491238315,-0.07008225284151884,1.8461602971059718,0.025609756097561,0.9940898345153665,Pre-breakout,0.07138416795074844,0.00012431109124067379,0.07150847904198912,40.45,40.45,-0.007134363852556391,0.004790419161676773,-0.0862275449101797,-0.02035928143712573,,,,0.06914212548015364
2634,漢翔,20231124,20231127,53.2,20231204,52.4,5,Day 5 Weakness,20231201,0,-0.015037593984962516,-0.018802814081085098,-0.02073288313078604,5.169255351210161,0.045725646123260466,0.9962121212121213,Pre-breakout,0.050163414790005134,0.0026288147141068706,0.052792229504112005,50.9,50.9,0.011406844106463865,0.007518796992481258,-0.03571428571428581,-0.03007518796992481,-0.024436090225564033,-0.016917293233082775,,0.020992366412213803
2634,漢翔,20240401,20240402,54.7,20240415,58.0,8,Day 8 Time Stop,20240415,0,0.06032906764168189,0.05630327201910115,0.05418225157832194,2.5332468320109434,0.034220532319391594,0.989090909090909,Pre-breakout,0.02537282465185896,0.010034448298685664,0.035407272950544626,52.4,52.4,0.005514705882353033,0.1060329067641681,-0.03656307129798908,-0.007312614259597949,-0.031078610603290757,0.03839122486288837,0.06032906764168189,0.03103448275862064
2634,漢翔,20250806,20250807,47.7,20250818,50.0,8,Day 8 Time Stop,20250818,0,0.04821802935010466,0.044227765987266174,0.04213824675767936,4.638820924131498,0.051685393258426915,1.0285714285714285,Breakout,0.13363099163253445,0.001180559092548075,0.13481155072508252,44.3,45.315,0.019230769230769384,0.06079664570230614,-0.04507337526205457,-0.03459119496855356,0.03354297693920327,0.0010482180293500676,0.04821802935010466,0.02400000000000002
2634,漢翔,20250818,20250819,50.4,20250820,47.1,1,Close Confirmed Stop,20250819,0,-0.06547619047619047,-0.06901666666666667,-0.07088551625959683,2.0349593369826433,0.06157112526539277,0.9881422924901185,Pre-breakout,0.1105744519618024,7.059601622091724e-05,0.11064504797802333,47.45,47.879999999999995,0.008000000000000007,0.0,-0.05456349206349209,-0.05357142857142849,,,,0.15923566878980888
2634,漢翔,20250829,20250901,63.0,20250902,61.0,1,Close Confirmed Stop,20250901,0,-0.031746031746031744,-0.03543333333333333,-0.03737120174992922,6.699936648666544,0.040000000000000036,1.04,Extended Breakout,0.06079346703790893,0.0,0.06079346703790893,61.4,61.4,0.009615384615384581,0.012698412698412653,-0.06190476190476191,-0.053968253968254,,,,0.1721311475409837
2634,漢翔,20260108,20260109,55.6,20260120,57.4,8,Day 8 Time Stop,20260120,0,0.03237410071942448,0.028458592947392197,0.026400642252695623,6.798201066668325,0.06189555125725321,1.0129151291512914,Breakout,0.17523411978032485,-0.00019743273901831095,0.17503668704130654,52.5,52.82,0.012750455373406355,0.06474820143884896,-0.06474820143884896,-0.04496402877697847,-0.014388489208633115,0.007194244604316502,0.03237410071942448,0.04529616724738683
2634,漢翔,20260622,20260623,51.0,20260626,48.5,3,Close Confirmed Stop,20260625,0,-0.0490196078431373,-0.05263333333333333,-0.05450181572482031,4.3523305125593446,0.06144067796610164,1.0372670807453417,Extended Breakout,0.22289472003880043,-0.000645382776322955,0.22224933726247745,48.1,48.449999999999996,0.017964071856287456,0.00588235294117645,-0.050980392156862786,-0.025490196078431282,-0.050980392156862786,,,0.23711340206185572
2636,台驊投控,20220530,20220531,135.0,20220613,113.0,8,Close Confirmed Stop,20220610,0,-0.16296296296296298,-0.16613301314121806,-0.16780158050271266,3.6724296538307746,0.027131782945736482,1.0231660231660231,Breakout,0.04579582480229027,0.011685943482541164,0.05748176828483143,129.0,129.0,0.018867924528301883,0.04814814814814805,-0.14074074074074072,-0.014814814814814836,-0.007407407407407418,0.0185185185185186,-0.13703703703703707,-0.030973451327433676
2637,慧洋-KY,20230223,20230224,67.5,20230309,67.0,8,Day 8 Time Stop,20230309,0,-0.007407407407407418,-0.011173370689080114,-0.01315201901108103,6.825768752100486,0.05815831987075937,1.041335453100159,Extended Breakout,0.10613159684719668,0.0,0.10613159684719668,62.8,64.125,0.03053435114503822,0.059259259259259345,-0.02370370370370367,0.007407407407407307,0.03555555555555556,0.014814814814814836,-0.007407407407407418,0.04179104477611939
2637,慧洋-KY,20231127,20231128,47.6,20231207,52.0,7,Trailing Stop,20231206,0,0.09243697478991586,0.0883,0.08611574565406523,3.796823324073686,0.03325942350332589,1.0196936542669583,Breakout,0.07196145562067198,0.00033724713125786503,0.07229870275192984,46.3,46.3,0.02145922746781115,0.2100840336134453,0.0,0.027310924369747802,0.018907563025210017,0.15546218487394947,,0.017307692307692246
2637,慧洋-KY,20240221,20240222,55.9,20240305,61.7,8,Day 8 Time Stop,20240305,0,0.10375670840787121,0.09957830682182152,0.09737805326601456,4.174453732959308,0.02914389799635697,1.0125448028673836,Breakout,0.1940040815055154,-0.004191787001057217,0.1898122945044582,55.9,55.9,-0.010619469026548645,0.1234347048300537,-0.023255813953488302,0.01610017889087656,0.06082289803220031,0.09838998211091243,0.10375670840787121,0.01296596434359798
2637,慧洋-KY,20240412,20240415,66.7,20240417,63.5,2,Close Confirmed Stop,20240416,0,-0.04797601199400303,-0.05159494397586148,-0.053459370658161566,2.134851419943736,0.0389408099688473,1.0373250388802489,Extended Breakout,0.050200189062671166,0.013757516548142796,0.06395770561081396,63.8,63.8,0.0,0.014992503748125996,-0.06596701649175418,-0.010494752623688153,,,,0.10866141732283463
2637,慧洋-KY,20240507,20240508,74.2,20240509,71.3,1,Close Confirmed Stop,20240508,0,-0.03908355795148255,-0.042702608974017155,-0.044627106278933286,1.9055771677445288,0.04657933042212514,1.0126760563380282,Breakout,0.23210641821200825,-0.004690435844519188,0.22741598236748908,69.4,70.49,0.03198887343532686,0.05660377358490565,-0.055256064690027085,-0.055256064690027085,,,,0.10238429172510521
2637,慧洋-KY,20240924,20240925,70.4,20241007,73.4,6,Trailing Stop,20241004,0,0.042613636363636465,0.0386635735807802,0.03660930274161343,3.633637295648553,0.03377386196769483,0.9859943977591037,Pre-breakout,0.33222215751747913,-0.15645027431950984,0.1757718831979693,68.4,68.4,0.0,0.12926136363636354,-0.01278409090909094,0.019886363636363535,0.08522727272727271,0.12215909090909083,,0.017711171662125214
2637,慧洋-KY,20241111,20241112,79.1,20241121,79.9,8,Day 8 Time Stop,20241121,0,0.010113780025284624,0.006275236821836103,0.004251528832708749,2.3370606379911156,0.03674540682414684,1.0154241645244215,Breakout,0.290430829894698,-0.0002455035563338291,0.2901853263383642,77.1,77.1,0.0012658227848101333,0.04045512010113783,-0.012642225031605614,0.006321112515802696,0.01390644753476633,0.01643489254108732,0.010113780025284624,0.003754693366708306
2637,慧洋-KY,20250724,20250725,62.0,20250801,58.1,5,Close Confirmed Stop,20250731,0,-0.06290322580645158,-0.06644969624140466,-0.06831772672926645,5.067941183293538,0.05660377358490565,1.0423011844331642,Extended Breakout,0.2901329487352567,-0.049057170618177395,0.2410757781170793,59.2,59.2,0.006493506493506551,0.02580645161290329,-0.05967741935483872,0.0,-0.032258064516129004,-0.056451612903225756,,0.06540447504302915
2637,慧洋-KY,20260109,20260112,70.9,20260119,71.1,5,Day 5 Weakness,20260116,0,0.0028208744710858102,-0.0009799118079373342,-0.002987945972313687,2.611151106544102,0.025899280575539585,1.0185714285714285,Breakout,0.593846275549363,-0.1356646182290177,0.4581816573203453,69.7,69.7,-0.005610098176717981,0.015514809590973178,-0.018335684062059432,0.01128349788434413,0.009873060648800891,0.0,,0.03797468354430378
2637,慧洋-KY,20260303,20260304,77.0,20260305,73.0,1,Close Confirmed Stop,20260304,0,-0.051948051948051965,-0.05553145336225596,-0.05742132684788655,1.875468337477684,0.028455284552845628,0.9831606217616581,Pre-breakout,0.23175433861945033,-0.044033865827411124,0.18772047279203918,73.6,73.6,0.014492753623188248,0.0,-0.0714285714285714,-0.0688311688311688,,,,-0.013698630136986356
2637,慧洋-KY,20260416,20260417,75.0,20260424,73.8,5,Day 5 Weakness,20260423,0,-0.016000000000000014,-0.019758763161402106,-0.021696293496913707,2.18617079469371,0.02758620689655178,1.0094850948509486,Breakout,0.39738811694079684,-0.01615174951719547,0.38123636742360134,72.7,72.7,0.006711409395973256,0.0173333333333332,-0.03733333333333333,0.009333333333333416,-0.002666666666666706,-0.02399999999999991,,-0.0027100271002710175
2637,慧洋-KY,20260506,20260507,77.0,20260511,75.0,2,Close Confirmed Stop,20260508,0,-0.025974025974025983,-0.029701318204572,-0.0316095844524244,1.9868472845735419,0.027027027027026973,0.9960681520314548,Pre-breakout,0.45397106799366677,-0.02370695971650255,0.4302641082771642,75.3,75.3,0.013157894736842035,0.007792207792207684,-0.036363636363636376,-0.0025974025974025983,,,,0.010666666666666602
2637,慧洋-KY,20260605,20260608,78.5,20260611,76.0,3,Close Confirmed Stop,20260610,0,-0.031847133757961776,-0.03553451781726057,-0.03747409655531063,4.272264251707069,0.03201024327784885,1.0100250626566416,Breakout,0.4009744285343385,-0.1584289524893256,0.24254547604501292,78.2,78.2,-0.02605459057071957,0.042038216560509545,-0.03694267515923577,0.0,-0.031847133757961776,,,0.06184210526315792
2637,慧洋-KY,20260820,20260821,93.5,20260825,97.8,2,Trailing Stop,20260824,0,0.04598930481283414,0.04202859815581986,0.039943501618053844,3.245757141367005,0.031590413943355156,1.027114967462039,Breakout,0.0946647570773976,0.02513211283218603,0.11979686990958363,90.5,90.5,-0.012671594508975703,0.15508021390374327,-0.0010695187165774556,0.09090909090909083,,,,0.0030674846625766694
2641,正德,20240229,20240301,21.05,20240308,20.6,5,Close Confirmed Stop,20240307,0,-0.02137767220902609,-0.025101430439962224,-0.02705744539162096,2.0723559046010074,0.027093596059113434,1.0,Breakout,0.2089111514052584,0.0,0.2089111514052584,20.75,20.75,0.00959232613908867,0.02375296912114022,-0.03562945368171022,-0.01187648456057011,0.0071258907363420665,-0.0332541567695962,,0.024271844660194164
2641,正德,20240528,20240529,23.7,20240605,23.15,5,Day 5 Weakness,20240604,0,-0.02320675105485237,-0.02693173293323331,-0.028881810195547798,4.667068162161917,0.0588235294117645,1.0,Breakout,0.09467144268774703,0.0,0.09467144268774703,22.7,22.7,0.012820512820512775,0.059071729957806074,-0.04008438818565396,-0.01898734177215189,-0.006329113924050556,-0.03797468354430378,,0.07559395248380141
2641,正德,20250513,20250514,21.55,20250516,20.9,2,Close Confirmed Stop,20250515,0,-0.030162412993039567,-0.03384916826615492,-0.0357877461818029,1.8189760441589644,0.02421307506053272,0.9814385150812064,Pre-breakout,0.0281980198019802,0.0,0.0281980198019802,21.15,21.15,0.01891252955082745,0.002320185614849146,-0.03944315545243626,-0.006960556844547661,,,,0.0861244019138756
2641,正德,20250814,20250815,20.7,20250826,20.65,8,Day 8 Time Stop,20250826,0,-0.0024154589371980784,-0.0062136951240239794,-0.008207523164749271,5.1862107713299626,0.051150895140664954,1.0123152709359606,Breakout,0.20051731893837157,0.0,0.20051731893837157,19.95,19.95,0.007299270072992581,0.05555555555555558,-0.009661835748792202,0.007246376811594235,0.03864734299516903,0.03864734299516903,-0.0024154589371980784,0.04358353510895885
2727,王品,20230214,20230215,217.5,20230224,278.5,8,Day 8 Time Stop,20230224,0,0.2804597701149425,0.27561683355977123,0.2730643373893102,3.0506643918448764,0.04842615012106544,1.0309523809523808,Extended Breakout,0.10426801900157555,0.0161618411147211,0.12042986011629665,202.5,206.625,0.004618937644341736,0.29655172413793096,-0.011494252873563204,0.05977011494252871,0.1563218390804597,0.16781609195402303,0.2804597701149425,0.07540394973070019
2727,王品,20230601,20230602,348.0,20230613,339.0,8,Day 8 Time Stop,20230613,0,-0.025862068965517238,-0.029559118236472944,-0.03150097657892254,2.8511710636535725,0.022522522522522515,0.9956140350877193,Pre-breakout,0.09697786977666964,0.0030807020714640728,0.10005857184813371,328.0,330.59999999999997,0.022026431718061623,0.07471264367816088,-0.028735632183908066,0.027298850574712707,0.030172413793103425,0.056034482758620774,-0.025862068965517238,0.04572271386430682
2731,雄獅,20230206,20230207,113.0,20230214,114.5,5,Day 5 Weakness,20230213,0,0.01327433628318575,0.009430183262676504,0.007410308052387514,2.776254511452062,0.051162790697674376,1.0,Breakout,0.05666066399154733,0.008523452319645372,0.06518411631119271,106.5,107.35,0.0,0.053097345132743445,-0.026548672566371723,0.008849557522123908,0.0,0.0,,0.20960698689956336
2731,雄獅,20230328,20230329,140.0,20230412,148.5,8,Day 8 Time Stop,20230412,0,0.06071428571428572,0.05668624049112505,0.05457180130898123,5.057730461860758,0.05323193916349811,1.0492424242424243,Extended Breakout,0.08194492987580997,0.05826484238987396,0.1402097722656839,131.0,133.0,0.010830324909747224,0.10000000000000009,-0.021428571428571463,0.03571428571428581,0.07857142857142851,0.05714285714285716,0.06071428571428572,0.29292929292929304
2731,雄獅,20250522,20250523,164.5,20250604,169.5,8,Day 8 Time Stop,20250604,0,0.03039513677811545,0.026476578411405296,0.024455938488117633,2.8688917344732303,0.021671826625387025,1.0060975609756098,Breakout,0.11426582576025086,0.006915578598170305,0.12118140435842116,158.0,158.0,-0.00303030303030305,0.054711246200607855,-0.012158054711246202,0.033434650455927084,0.00911854103343468,0.00911854103343468,0.03039513677811545,0.03834808259587019
2732,六角,20230214,20230215,155.5,20230222,154.0,5,Day 5 Weakness,20230221,0,-0.009646302250803873,-0.013425739922324896,-0.015399900247027715,3.2081482284104452,0.06944444444444442,1.0,Breakout,0.033051023230088496,0.04127488938053098,0.07432591261061947,145.0,147.725,0.009740259740259827,0.03536977491961424,-0.04180064308681675,-0.02893890675241162,0.0,-0.003215434083601254,,0.12662337662337664
2739,寒舍,20240506,20240507,77.6,20240508,75.4,1,Close Confirmed Stop,20240507,0,-0.028350515463917425,-0.03204340977654367,-0.03398030300064177,4.376137367536847,0.03191489361702127,1.0157068062827224,Breakout,0.07676264289148457,0.002806677985063421,0.07956932087654799,74.7,74.7,0.0,0.023195876288659933,-0.05927835051546382,-0.05541237113402053,,,,0.0053050397877982824
2743,山富,20240517,20240520,175.0,20240521,161.0,1,Close Confirmed Stop,20240520,0,-0.07999999999999996,-0.08350870160670743,-0.08534262357582552,2.299255821218579,0.02005730659025784,1.0200573065902578,Breakout,0.028750107434464975,0.0,0.028750107434464975,172.5,172.5,-0.016853932584269704,0.0942857142857143,-0.08285714285714285,-0.07999999999999996,,,,0.07763975155279512
2745,五福,20250522,20250523,135.0,20250527,126.0,2,Close Confirmed Stop,20250526,0,-0.06666666666666665,-0.07020879194183177,-0.07206931101157303,3.238906243313792,0.03816793893129766,0.9963369963369964,Pre-breakout,0.027999014697430002,0.0,0.027999014697430002,130.0,130.0,-0.007352941176470562,0.014814814814814836,-0.062962962962963,-0.0037037037037036535,,,,0.023809523809523725
2748,雲品,20230117,20230130,65.8,20230131,61.5,1,Close Confirmed Stop,20230130,0,-0.06534954407294824,-0.06889586324329738,-0.0707590079149956,2.7361508025499717,0.030110935023771823,0.9878419452887538,Pre-breakout,0.06347109046903052,0.05366606195178325,0.11713715242081377,62.8,62.8,0.012307692307692353,0.0,-0.06382978723404253,-0.06382978723404253,,,,0.224390243902439
2748,雲品,20230220,20230221,97.2,20230301,97.4,4,Trailing Stop,20230224,0,0.002057613168724215,-0.001749606004754703,-0.0037471158327670034,3.722271517894129,0.02673796791443861,1.0267379679144386,Breakout,0.018460969530072112,0.03787429066288604,0.056335260192958155,93.0,93.0,0.012499999999999956,0.13683127572016462,-0.05041152263374493,-0.03292181069958855,0.08539094650205747,,,0.07289527720739208
2748,雲品,20230523,20230524,93.5,20230526,92.9,2,Trailing Stop,20230525,0,-0.0064171122994651775,-0.010189763463851396,-0.012170381604383078,5.467410877332453,0.05580865603644658,1.0120087336244543,Breakout,0.007788937231768474,0.04553268593196813,0.0533216231637366,87.8,88.825,0.008629989212513456,0.09090909090909083,-0.0010695187165774556,0.0855614973262031,,,,0.03336921420882666
2903,遠百,20240314,20240315,25.9,20240326,28.85,8,Day 8 Time Stop,20240326,0,0.113899613899614,0.10968797701655122,0.10746386404868744,2.7789543213513443,0.021739130434782705,1.0217391304347827,Breakout,0.25726532038782984,-0.012187074503524858,0.24507824588430496,25.25,25.25,0.0019342359767891004,0.13127413127413146,0.0,0.02316602316602312,0.05405405405405417,0.0926640926640927,0.113899613899614,0.03812824956672434
2903,遠百,20260204,20260205,22.9,20260225,22.95,8,Day 8 Time Stop,20260225,0,0.0021834061135370675,-0.0016160741061609532,-0.0036196447898121727,3.192604358502624,0.03370786516853941,1.0176991150442478,Breakout,0.2669358863755347,-0.012973694604655911,0.2539621917708788,22.2,22.2,-0.004347826086956608,0.030567685589519833,-0.01091703056768556,0.013100436681222849,0.02183406113537112,0.0021834061135370675,0.0021834061135370675,0.004357298474945592
2903,遠百,20260605,20260608,22.8,20260617,24.15,8,Day 8 Time Stop,20260617,0,0.05921052631578938,0.05518603720744137,0.05307153931572093,2.9248302330872415,0.023965141612200425,1.0217391304347827,Breakout,0.35879150985453245,-0.009711831172033185,0.34907967868249923,22.8,22.8,-0.029787234042553123,0.06578947368421062,-0.006578947368421129,0.002192982456140413,0.019736842105263053,0.046052631578947345,0.05921052631578938,0.01449275362318847
2906,高林,20240216,20240219,21.1,20240226,21.3,5,Day 5 Weakness,20240223,0,0.009478672985781866,0.005640921350487149,0.003625921136681925,2.3231482503637637,0.05500000000000016,1.0292682926829269,Breakout,0.09872741626174714,0.0,0.09872741626174714,19.7,20.045,0.0,0.023696682464454888,-0.026066350710900466,-0.0023696682464455776,-0.009478672985782088,0.0,,0.009389671361502261
2913,農林,20230728,20230731,26.9,20230804,30.5,3,Trailing Stop,20230802,0,0.13382899628252787,0.12950958990851677,0.12724554461058488,10.857449111036342,0.03333333333333344,1.0333333333333334,Extended Breakout,0.1419899740622854,0.0,0.1419899740622854,24.9,25.554999999999996,0.020872865275142205,0.22676579925650575,0.0,0.07620817843866168,0.13197026022304836,,,0.0
2913,農林,20240614,20240617,22.2,20240624,22.15,5,Day 5 Weakness,20240621,0,-0.0022522522522522292,-0.006050819551929493,-0.008042541026130497,4.602981250506828,0.025761124121779666,1.0022883295194507,Breakout,0.16252100587467674,0.0,0.16252100587467674,21.5,21.5,0.013698630136986356,0.015765765765765938,-0.020270270270270285,-0.011261261261261257,-0.015765765765765716,-0.0045045045045044585,,0.009029345372460584
2913,農林,20240716,20240717,23.45,20240723,22.3,4,Close Confirmed Stop,20240722,0,-0.049040511727078795,-0.05265368085840309,-0.054518834185750244,3.395404615001011,0.028761061946902533,0.9893617021276596,Pre-breakout,0.0942283309656966,0.0,0.0942283309656966,22.7,22.7,0.008602150537634357,0.019189765458422103,-0.07249466950959482,-0.006396588486140664,-0.02985074626865669,,,0.022421524663677195
2913,農林,20240927,20240930,23.0,20241004,21.85,2,Close Confirmed Stop,20241001,0,-0.04999999999999993,-0.05357952273030258,-0.055476034445938516,4.340036078234169,0.05287356321839076,1.0292134831460673,Breakout,0.2923559143969612,0.0,0.2923559143969612,21.95,21.95,0.004366812227074357,0.0021739130434783593,-0.05869565217391315,-0.017391304347825987,,,,-0.013729977116704872
2915,潤泰全,20221114,20221115,65.3,20221122,64.7,5,Day 5 Weakness,20221121,0,-0.009188361408882018,-0.012953272835812739,-0.014936572456429925,2.313415297314745,0.03668261562998398,1.035031847133758,Extended Breakout,0.13258187020635392,0.0,0.13258187020635392,63.6,63.6,0.004615384615384466,0.03215926493108734,-0.030627871362940318,0.027565084226646164,-0.02143950995405819,-0.018376722817764257,,0.043276661514683123
2915,潤泰全,20221205,20221206,69.9,20221213,66.5,5,Close Confirmed Stop,20221212,0,-0.048640915593705425,-0.05225490098036281,-0.05412640129462828,2.63570742550745,0.04761904761904767,1.0307467057101025,Extended Breakout,0.17807309312584232,-0.0006772194767870045,0.17739587364905532,68.0,68.0,-0.007102272727272707,0.03719599427753928,-0.05579399141630914,0.0014306151645206988,-0.011444921316166146,-0.048640915593705425,,0.0646616541353382
2915,潤泰全,20230605,20230606,61.0,20230613,60.3,5,Day 5 Weakness,20230612,0,-0.011475409836065653,-0.015242131962754087,-0.017212654400028785,3.8010790253849236,0.05584642233856907,1.0254237288135593,Breakout,0.26979004802161327,0.0018059123599481358,0.2715959603815614,58.0,58.0,0.008264462809917328,0.009836065573770592,-0.016393442622950838,-0.0016393442622950616,0.0016393442622950616,-0.011475409836065653,,0.013266998341625369
2915,潤泰全,20231115,20231116,64.9,20231121,61.7,3,Close Confirmed Stop,20231120,0,-0.04930662557781207,-0.05292074223724659,-0.054790311489116124,5.386658754791716,0.0401284109149278,1.033492822966507,Extended Breakout,0.37922313881250636,-0.006700152765047357,0.372522986047459,62.5,62.5,0.0015432098765433278,0.0015408320493064398,-0.055469953775038605,-0.013867488443759735,-0.05238828967642539,,,0.004862236628849326
2915,潤泰全,20240711,20240712,76.5,20240723,78.5,7,Trailing Stop,20240722,0,0.02614379084967311,0.022266666666666667,0.020211220347972732,2.8875860812103764,0.037190082644628086,1.021709633649932,Breakout,0.2588699610539187,0.01613606701339241,0.2750060280673111,73.5,73.5,0.015936254980079667,0.09411764705882364,-0.010457516339869244,0.045751633986928164,0.05882352941176472,0.06405228758169934,,0.043312101910828016
2915,潤泰全,20250703,20250704,56.5,20250709,54.6,3,Close Confirmed Stop,20250708,0,-0.03362831858407078,-0.037320158894415326,-0.039246512107185126,4.808121871089577,0.04972375690607733,1.0382513661202186,Extended Breakout,-0.315912698888431,0.4028330341148512,0.08692033522642025,54.7,54.7,-0.00877192982456143,0.04424778761061954,-0.03539823008849563,0.02831858407079646,-0.03539823008849563,,,0.012820512820512775
2915,潤泰全,20260603,20260604,47.65,20260615,53.4,8,Day 8 Time Stop,20260615,0,0.12067156348373564,0.1164210066419089,0.11418028494989688,1.9736348256870562,0.04030501089324612,1.0346695557963164,Extended Breakout,0.06972754992145645,-0.01800670878521598,0.051720841136240474,45.95,45.95,-0.0020942408376963817,0.12486883525708303,-0.005246589716684125,0.026232948583420734,0.0041972717733473885,0.03147953830010497,0.12067156348373564,0.011235955056179803
3003,健和興,20230607,20230608,83.3,20230619,83.1,8,Day 8 Time Stop,20230619,0,-0.0024009603841537164,-0.006200000000000121,-0.008165787155162859,3.223091462453235,0.04596273291925468,1.005973715651135,Breakout,0.012243658455193483,0.035747907898375134,0.04799156635356862,81.1,81.1,-0.0106888361045131,0.06722689075630273,-0.020408163265306145,-0.01800720288115243,0.05162064825930379,0.014405762304922076,-0.0024009603841537164,0.05896510228640195
3003,健和興,20241204,20241205,83.9,20241209,77.7,2,Close Confirmed Stop,20241206,0,-0.07389749702026227,-0.07740544581385186,-0.07925155713916536,2.4000445312400855,0.03894472361809065,0.9868735083532221,Pre-breakout,0.028787126397075227,0.0,0.028787126397075227,79.1,79.705,0.0145102781136639,0.007151370679380209,-0.08224076281287251,-0.03694874851013119,,,,-0.009009009009009028
3005,神基,20230307,20230308,56.6,20230317,56.1,8,Day 8 Time Stop,20230317,0,-0.00883392226148405,-0.012595801399533488,-0.014578705360704004,4.195890679389023,0.02722323049001818,1.0125223613595706,Breakout,0.1732445779110588,0.009187739768686122,0.1824323176797449,55.2,55.2,0.0,0.04770318021201403,-0.012367491166077826,0.02473498233215543,0.014134275618374437,0.007067137809187329,-0.00883392226148405,0.024955436720142554
3005,神基,20230417,20230418,58.8,20230427,56.8,7,Close Confirmed Stop,20230426,0,-0.03401360544217691,-0.0377,-0.03963282104165745,1.938535998576887,0.024518388791593626,1.0,Breakout,0.22843617824608575,0.024098024580348817,0.2525342028264346,57.1,57.1,0.00512820512820511,0.06292517006802734,-0.04931972789115646,0.001700680272108901,0.006802721088435382,0.010204081632653184,,0.11971830985915499
3005,神基,20240313,20240314,139.5,20240315,131.5,1,Close Confirmed Stop,20240314,0,-0.05734767025089604,-0.060924194704127715,-0.06278652716572967,2.352687735398504,0.046875,0.988929889298893,Pre-breakout,0.004302996145672434,0.08965139039083055,0.09395438653650298,130.0,132.525,0.04104477611940305,0.007168458781362075,-0.07168458781362008,-0.053763440860215006,,,,0.22813688212927752
3005,神基,20250219,20250220,126.0,20250227,124.5,5,Day 5 Weakness,20250226,0,-0.011904761904761862,-0.015666666666666666,-0.017618744361514137,2.1787760464485117,0.050000000000000044,1.0120481927710843,Breakout,0.24631411283441212,-0.09937043787079394,0.14694367496361818,120.5,120.5,0.0,0.011904761904761862,-0.019841269841269882,-0.007936507936507908,-0.007936507936507908,-0.007936507936507908,,0.0
3005,神基,20250520,20250521,122.5,20250528,121.0,5,Day 5 Weakness,20250527,0,-0.01224489795918371,-0.016018995384924087,-0.017954562842506554,3.3597469060914973,0.02499999999999991,1.020746887966805,Breakout,-0.18431433732083474,0.3567871783345585,0.17247284101372373,119.5,119.5,-0.004065040650406471,0.03265306122448974,-0.02857142857142858,0.020408163265306145,0.02448979591836742,-0.01632653061224487,,0.02066115702479343
3005,神基,20250805,20250806,122.0,20250813,118.0,5,Close Confirmed Stop,20250812,0,-0.032786885245901676,-0.03648585378904421,-0.038413878976569664,2.307860667110841,0.025210084033613356,1.0,Breakout,0.46368956738217043,-0.031971930194102806,0.43171763718806766,118.5,118.5,0.0,0.008196721311475308,-0.04508196721311475,-0.012295081967213073,0.0,-0.03688524590163933,,0.10169491525423724
3005,神基,20250815,20250818,126.5,20250827,150.0,8,Day 8 Time Stop,20250827,0,0.18577075098814233,0.1812619821622072,0.17891263450778155,2.456844951767513,0.03305785123966931,1.0080645161290323,Breakout,0.24772881866488541,-0.05600579925586829,0.19172301940901712,122.5,122.5,0.01200000000000001,0.20948616600790504,-0.015810276679841917,0.0,0.011857707509881354,0.09486166007905128,0.18577075098814233,0.1166666666666667
3005,神基,20250828,20250829,157.0,20250909,162.5,8,Day 8 Time Stop,20250909,0,0.035031847133758065,0.031117703923464114,0.029033875728403716,2.6946119757980815,0.046666666666666634,1.026143790849673,Breakout,0.10259619931229014,0.013784837851026459,0.11638103716331659,152.0,152.0,0.0,0.06687898089171984,-0.04140127388535031,-0.02547770700636942,-0.015923566878980888,0.035031847133758065,0.035031847133758065,0.012307692307692353
3005,神基,20260514,20260515,104.0,20260520,98.7,3,Close Confirmed Stop,20260519,0,-0.05096153846153839,-0.05454545454545447,-0.05643729775922807,4.871766623353962,0.05720122574055142,1.0,Breakout,0.16695686411830546,-0.00648512403050712,0.16047174008779835,98.5,98.8,0.004830917874396157,0.004807692307692291,-0.0625,-0.043269230769230727,-0.05288461538461542,,,0.06889564336372844
3005,神基,20260817,20260818,122.0,20260825,115.5,5,Close Confirmed Stop,20260824,0,-0.05327868852459017,-0.056869105745435085,-0.05875631308280221,3.647921474678999,0.0429184549356223,1.0125,Breakout,0.17607039931881938,-0.0017226960618455366,0.17434770325697385,116.5,116.5,0.004115226337448652,0.008196721311475308,-0.05737704918032782,-0.03688524590163933,-0.03688524590163933,-0.049180327868852514,,0.01298701298701288
3006,晶豪科,20221111,20221114,70.9,20221123,75.1,8,Day 8 Time Stop,20221123,0,0.05923836389280668,0.055215030647241696,0.05309401498374592,2.706179368819261,0.045588235294117485,1.0334302325581395,Extended Breakout,0.1341674620386923,0.00010178590495252553,0.1342692479436448,68.8,68.8,-0.002812939521800173,0.12834978843441447,-0.016925246826516305,-0.0042313117066292705,0.1029619181946404,0.09026798307475303,0.05923836389280668,0.025299600532623145
3006,晶豪科,20230130,20230131,76.4,20230209,79.4,8,Day 8 Time Stop,20230209,0,0.03926701570680624,0.03534618568262529,0.03327447429388627,2.6486177349008746,0.053793103448275925,1.028263795423957,Breakout,0.2970489112498259,-0.0036809656846156966,0.2933679455652102,73.8,73.8,0.0,0.09947643979057585,-0.010471204188481797,0.018324607329842868,0.08246073298429324,0.041884816753926524,0.03926701570680624,0.021410579345088054
3006,晶豪科,20230331,20230406,82.7,20230414,90.4,6,Trailing Stop,20230413,0,0.09310761789600974,0.08896338490921359,0.08678436635494174,6.070859984055912,0.04779874213836477,1.0084745762711864,Breakout,0.04946923220221462,-0.00035242863121976695,0.049116803570994856,80.4,80.4,-0.007202881152460927,0.16807738814993933,-0.02539298669891188,-0.01209189842805325,0.00846432889963733,0.15356711003627566,,0.006637168141592875
3006,晶豪科,20230529,20230530,88.0,20230608,85.5,8,Day 8 Time Stop,20230608,0,-0.02840909090909094,-0.032106107176266205,-0.03404287842701663,2.722716457636378,0.06393244873341364,1.03886925795053,Extended Breakout,0.041875225344888176,0.0,0.041875225344888176,84.6,84.6,-0.0022675736961451642,0.055681818181818166,-0.030681818181818254,0.00454545454545463,-0.012499999999999956,0.006818181818181834,-0.02840909090909094,0.04444444444444451
3006,晶豪科,20230914,20230915,85.0,20230922,82.9,5,Day 5 Weakness,20230921,0,-0.024705882352941133,-0.028437792329279604,-0.030348549091646786,4.2612877600742305,0.04069050554870546,0.9964580873671783,Pre-breakout,0.07288820685271757,0.0,0.07288820685271757,82.3,82.3,0.007109004739336511,0.040000000000000036,-0.03294117647058825,0.03529411764705892,0.003529411764705781,-0.022352941176470686,,0.030156815440289586
3006,晶豪科,20231012,20231013,96.2,20231020,91.8,5,Day 5 Weakness,20231019,0,-0.04573804573804574,-0.04936151445696993,-0.05126374968707574,2.983968873225587,0.036286019210245435,0.9808080808080808,Pre-breakout,0.050219287413092235,0.0031992633871969554,0.05341855080028919,91.9,91.9,-0.009268795056642576,0.017671517671517645,-0.06964656964656968,0.01039501039501034,-0.03014553014553023,-0.04365904365904372,,0.04030501089324612
3006,晶豪科,20231123,20231124,98.5,20231127,93.0,1,Close Confirmed Stop,20231124,0,-0.055837563451776595,-0.059420483375617575,-0.06130258897302006,4.278283161604323,0.02515723270440251,0.9918864097363084,Pre-breakout,0.030179102094922396,0.00019287982207993691,0.030371981917002334,95.1,95.1,0.007157464212679043,0.011167512690355208,-0.050761421319796995,-0.0497461928934011,,,,0.03655913978494629
3006,晶豪科,20240613,20240614,99.7,20240625,104.0,8,Day 8 Time Stop,20240625,0,0.04312938816449341,0.039168504779092304,0.03708912052687135,3.395080682110725,0.04766949152542366,1.0040609137055838,Breakout,0.16197738872985556,0.0067774383869895006,0.16875482711684506,94.6,94.715,0.008088978766430666,0.07823470411233702,-0.03811434302908723,-0.01705115346038122,-0.0030090270812437314,0.053159478435305996,0.04312938816449341,0.024038461538461453
3006,晶豪科,20251223,20251224,89.3,20251230,105.0,3,Trailing Stop,20251229,0,0.1758118701007838,0.17133071589675047,0.16902023807761396,2.8916048862125336,0.042806183115339014,1.031764705882353,Extended Breakout,0.09573145803917828,0.0,0.09573145803917828,85.0,85.0,0.018244013683010207,0.18701007838745798,-0.02015677491601342,0.07950727883538633,0.0985442329227324,,,0.4476190476190476
3010,華立,20240702,20240703,151.5,20240709,144.0,4,Close Confirmed Stop,20240708,0,-0.04950495049504955,-0.053117398113899164,-0.05499697187895119,3.4064893566775982,0.027972027972027913,1.013793103448276,Breakout,-0.254565790995498,0.38160931477703947,0.12704352378154152,140.5,143.92499999999998,0.030612244897959107,0.03630363036303641,-0.06600660066006603,-0.0363036303630363,-0.02310231023102305,,,0.07986111111111116
3011,今皓,20230309,20230310,21.55,20230321,23.2,8,Day 8 Time Stop,20230321,0,0.07656612529002316,0.07247014288760915,0.07031822710914067,4.205189666065222,0.0631067961165046,1.0186046511627906,Breakout,0.03297893261431153,-0.00014307562956317364,0.032835856984748356,20.7,20.7,-0.015981735159817267,0.11136890951276102,-0.030162412993039567,0.025522041763341052,-0.023201856148491906,0.02088167053364276,0.07656612529002316,0.07974137931034497
3011,今皓,20230410,20230411,24.0,20230420,31.3,8,Day 8 Time Stop,20230420,0,0.3041666666666667,0.29921364787418364,0.2966059824327252,5.437727907512548,0.05625000000000013,1.0119760479041917,Breakout,0.11714627328418115,-7.499761413840022e-05,0.11707127567004275,23.85,23.85,-0.053254437869822535,0.33958333333333335,-0.002083333333333326,0.12083333333333335,0.22499999999999987,0.23750000000000004,0.3041666666666667,0.015974440894568787
3011,今皓,20230619,20230620,30.15,20230704,31.6,8,Trailing Stop,20230703,0,0.04809286898839149,0.04410845932775209,0.04201518099200297,3.757140834713352,0.06976744186046502,1.0050420168067227,Breakout,0.19457043365063578,-8.908902639681125e-05,0.19448134462423897,27.75,28.6425,0.008361204013378032,0.13598673300165842,-0.05306799336650081,0.013266998341625369,-0.00995024875621886,0.12271973466003328,0.04809286898839149,0.058544303797468444
3011,今皓,20230731,20230801,35.35,20230802,32.6,1,Close Confirmed Stop,20230801,0,-0.07779349363507782,-0.08129701755321986,-0.08313948254175879,2.7872170907941376,0.06656580937972767,1.0322108345534406,Extended Breakout,0.23185916040965038,0.0,0.23185916040965038,33.05,33.5825,0.0028368794326241176,0.0,-0.09193776520509189,-0.08628005657708637,,,,0.039877300613496924
3013,晟銘電,20230530,20230531,27.8,20230609,29.3,8,Day 8 Time Stop,20230609,0,0.05395683453237421,0.049936350730800244,0.0478316754018923,9.67961781956227,0.0370370370370372,1.0370370370370372,Extended Breakout,0.1252112081089682,0.0,0.1252112081089682,25.15,26.41,0.045112781954887105,0.11870503597122295,-0.01258992805755399,0.05215827338129486,0.07374100719424459,0.07014388489208634,0.05395683453237421,0.04948805460750849
3013,晟銘電,20240215,20240216,47.5,20240229,44.75,8,Close Confirmed Stop,20240227,0,-0.05789473684210522,-0.06147342793776785,-0.06332373108018247,3.4254158856628303,0.06546275395033874,1.0063965884861408,Breakout,0.028388437283399518,0.0,0.028388437283399518,44.1,45.125,0.0063559322033897026,0.03473684210526318,-0.06315789473684208,-0.012631578947368438,-0.028421052631579014,0.0063157894736840525,-0.05789473684210522,0.4860335195530727
3013,晟銘電,20240603,20240604,94.8,20240605,92.7,1,Close Confirmed Stop,20240604,0,-0.02215189873417711,-0.025880248792077044,-0.027829486587257223,2.3112356833437313,0.04520396912899671,0.9895615866388309,Pre-breakout,0.029644692107334513,0.0053583625438869764,0.03500305465122149,92.6,92.6,0.0,0.01793248945147674,-0.04535864978902948,-0.039029535864978926,,,,0.02373247033441217
3013,晟銘電,20241018,20241021,161.0,20241030,153.5,7,Close Confirmed Stop,20241029,0,-0.04658385093167705,-0.05020361839909206,-0.05210416878835248,2.1706531590048277,0.03583061889250816,1.0,Breakout,0.03867927367152416,0.01131531326049467,0.04999458693201883,152.5,152.95,0.012578616352201255,0.049689440993788914,-0.06211180124223603,-0.018633540372670843,0.012422360248447228,0.009316770186335477,,0.12703583061889256
3013,晟銘電,20250107,20250108,157.0,20250114,144.0,4,Close Confirmed Stop,20250113,0,-0.08280254777070062,-0.08630287676255875,-0.08811612813811537,3.625696370027462,0.06462585034013602,1.019543973941368,Breakout,0.07415254815155728,0.0073064021423105965,0.08145895029386788,148.5,149.15,0.0031948881789136685,0.060509554140127486,-0.10191082802547768,0.006369426751592355,-0.047770700636942665,,,0.01388888888888884
3013,晟銘電,20250224,20250225,150.5,20250303,137.5,3,Close Confirmed Stop,20250227,0,-0.08637873754152825,-0.0898486390868281,-0.09166986077148416,2.016515395236136,0.027027027027026973,0.9806451612903225,Pre-breakout,0.007815652976160142,0.03719217028148593,0.04500782325764607,146.0,146.0,-0.009868421052631526,0.03654485049833878,-0.10299003322259137,-0.006644518272425293,-0.09634551495016608,,,0.047272727272727355
3013,晟銘電,20251020,20251021,136.0,20251022,128.0,1,Close Confirmed Stop,20251021,0,-0.05882352941176472,-0.06237471602298544,-0.06425088912860051,9.006264397064838,0.06882591093117418,1.0476190476190477,Extended Breakout,0.060474002191404266,0.037132302804323475,0.09760630499572774,126.5,129.2,0.030303030303030276,0.003676470588235281,-0.05882352941176472,-0.05882352941176472,,,,0.03515625
3014,聯陽,20230608,20230609,123.0,20230616,121.5,5,Day 5 Weakness,20230615,0,-0.012195121951219523,-0.015969365573057757,-0.017905031153601845,2.584695136062536,0.0304347826086957,1.025974025974026,Breakout,0.06801132382845652,0.16006015071856186,0.22807147454701837,114.5,116.85,0.03797468354430378,0.012195121951219523,-0.08536585365853655,-0.04471544715447151,0.0,-0.012195121951219523,,0.008230452674897082
3014,聯陽,20230714,20230717,125.0,20230726,133.0,8,Day 8 Time Stop,20230726,0,0.06400000000000006,0.059942689590830336,0.057838193327344516,2.559414995316135,0.03333333333333344,1.0,Breakout,0.27639099848216575,0.01620081804475009,0.29259181652691585,121.0,121.0,0.008064516129032251,0.08800000000000008,-0.0040000000000000036,0.02400000000000002,0.016000000000000014,0.06000000000000005,0.06400000000000006,0.20676691729323315
3014,聯陽,20240320,20240321,184.0,20240325,175.5,2,Close Confirmed Stop,20240322,0,-0.04619565217391308,-0.04981002532995601,-0.05170013153853433,2.8601982832911963,0.031609195402298784,1.0084269662921348,Breakout,0.04118165965886157,0.12876686089298217,0.16994852055184373,176.5,176.5,0.025069637883008422,0.0027173913043478937,-0.05434782608695654,-0.005434782608695676,,,,0.02279202279202286
3014,聯陽,20260521,20260522,146.0,20260602,151.0,8,Day 8 Time Stop,20260602,0,0.03424657534246567,0.030325295571438114,0.028263611986281887,2.4714765547569004,0.050724637681159424,0.9897610921501706,Pre-breakout,0.2756791879940496,-0.0004771220398703962,0.27520206595417923,138.5,138.7,0.006896551724137945,0.06849315068493156,-0.020547945205479423,0.013698630136986356,0.03424657534246567,0.017123287671232834,0.03424657534246567,0.013245033112582849
3014,聯陽,20260624,20260625,166.0,20260629,154.5,2,Close Confirmed Stop,20260626,0,-0.06927710843373491,-0.07279539676167536,-0.07465072381815566,2.1965073265959165,0.03105590062111796,0.9880952380952381,Pre-breakout,0.021044378857984554,0.01679659282563582,0.03784097168362037,158.5,158.5,0.0,0.030120481927710774,-0.06927710843373491,0.015060240963855387,,,,0.06148867313915862
3016,嘉晶,20240711,20240712,70.9,20240719,69.0,5,Day 5 Weakness,20240718,0,-0.026798307475317418,-0.03052058648055011,-0.032435981862429714,2.792016963585521,0.06240713224368499,0.9862068965517241,Pre-breakout,0.03570358640877618,-0.00021971437790016112,0.035483872030876024,67.0,67.355,-0.008391608391608352,0.02961918194640334,-0.0507757404795488,-0.005641748942172176,-0.02256699576868837,-0.028208744710860323,,-0.050724637681159424
3016,嘉晶,20260318,20260319,64.0,20260323,60.7,2,Close Confirmed Stop,20260320,0,-0.051562499999999956,-0.05514617541049252,-0.05703681862263413,2.6956091045471116,0.0234375,1.0076923076923077,Breakout,0.09970377720940884,0.0,0.09970377720940884,63.9,63.9,-0.022900763358778664,0.050000000000000044,-0.03749999999999998,0.0031250000000000444,,,,0.05271828665568368
3016,嘉晶,20260420,20260421,68.0,20260424,69.3,3,Trailing Stop,20260423,0,0.01911764705882346,0.015243333333333308,0.013236401405517396,2.3289994953786914,0.044374009508716394,0.980654761904762,Pre-breakout,0.2017651597880788,0.0,0.2017651597880788,64.5,64.6,0.03186646433990892,0.15294117647058836,-0.004411764705882337,0.03088235294117636,0.01911764705882346,,,0.42279942279942273
3017,奇鋐,20220117,20220118,88.2,20220126,91.6,6,Trailing Stop,20220125,0,0.038548752834467015,0.03463333333333321,0.03255151866828892,2.378606518612912,0.06317044100119196,0.9834619625137817,Pre-breakout,0.13340970814143058,0.04497608532923646,0.17838579347066705,84.2,84.2,-0.011210762331838597,0.15646258503401356,0.0,0.03401360544217691,0.11111111111111116,0.07709750566893425,,0.1954148471615722
3017,奇鋐,20231227,20231228,327.5,20240105,320.0,5,Day 5 Weakness,20240104,0,-0.022900763358778664,-0.026614566737661206,-0.02856231939077809,1.9487523017232675,0.04340836012861726,1.036741214057508,Extended Breakout,0.13962080945265162,-0.006343812266789953,0.13327699718586167,307.0,311.125,0.009244992295839749,0.03358778625954195,-0.03511450381679393,-0.02900763358778624,0.006106870229007688,-0.025954198473282397,,0.11874999999999991
3019,亞光,20241213,20241216,130.0,20241225,185.0,8,Day 8 Time Stop,20241225,0,0.42307692307692313,0.4176584648301685,0.4148217047014385,5.197886214131839,0.06666666666666665,1.0281124497991967,Breakout,0.08037163121492795,0.004420190329682636,0.08479182154461058,120.5,123.5,0.015625,0.42307692307692313,-0.0038461538461538325,0.011538461538461497,0.21923076923076934,0.25769230769230766,0.42307692307692313,0.018918918918918948
3019,亞光,20250211,20250212,196.0,20250220,199.0,6,Trailing Stop,20250219,0,0.015306122448979664,0.011466666666666667,0.009417508843663012,2.960117375109217,0.06043956043956045,0.9846938775510204,Pre-breakout,0.026710604681768373,0.007452803938557696,0.03416340862032607,182.5,186.2,0.015544041450777257,0.11224489795918369,-0.012755102040816313,0.010204081632652962,-0.005102040816326481,0.03571428571428581,,0.085427135678392
3019,亞光,20250612,20250613,148.5,20250618,139.5,3,Close Confirmed Stop,20250617,0,-0.06060606060606055,-0.06418074577626712,-0.06603763753373419,3.1914776606524073,0.06382978723404253,1.0204081632653061,Breakout,0.02505043304400461,0.002169325169640475,0.027219758213645084,140.0,141.075,-0.010000000000000009,0.0033670033670034627,-0.06734006734006737,-0.04040404040404044,-0.06060606060606055,,,0.032258064516129004
3019,亞光,20250801,20250804,143.0,20250808,149.5,4,Trailing Stop,20250807,0,0.045454545454545414,0.04148968192916151,0.03940565848639837,2.3977378321595717,0.05363984674329503,1.0073260073260073,Breakout,0.1419841832934095,0.0,0.1419841832934095,127.0,135.85,0.040000000000000036,0.13286713286713292,0.0,0.05594405594405605,0.06643356643356646,,,0.1571906354515049
3019,亞光,20260106,20260107,144.5,20260112,141.0,3,Close Confirmed Stop,20260109,0,-0.02422145328719727,-0.027954617608234332,-0.029866330918599922,4.386347333419352,0.04225352112676051,1.0136986301369864,Breakout,0.03620629170465836,0.0,0.03620629170465836,142.0,142.0,-0.023648648648648685,0.02422145328719716,-0.03460207612456745,0.02422145328719716,-0.02768166089965396,,,0.028368794326241176
3019,亞光,20260128,20260129,165.0,20260203,152.0,3,Close Confirmed Stop,20260202,0,-0.07878787878787874,-0.08230411353214848,-0.0841070102132068,2.5965651618764007,0.049342105263157965,1.0031446540880504,Breakout,0.09008766999154752,0.001027545369427224,0.09111521536097475,150.0,156.75,0.034482758620689724,0.042424242424242475,-0.10909090909090913,-0.042424242424242475,-0.09999999999999998,,,0.09868421052631571
3022,威強電,20220808,20220809,58.2,20220818,63.0,8,Day 8 Time Stop,20220818,0,0.08247422680412364,0.0783725195931299,0.07620672744796438,2.23163771190048,0.03374777975133214,1.0319148936170213,Extended Breakout,0.02528439072680587,0.0,0.02528439072680587,56.6,56.6,0.0,0.09106529209621983,-0.012027491408934776,0.027491408934707806,0.025773195876288568,0.03436426116838498,0.08247422680412364,0.18095238095238098
3022,威強電,20221124,20221125,70.8,20221206,76.0,8,Day 8 Time Stop,20221206,0,0.07344632768361592,0.06937824595132248,0.06723841861070236,3.6828989905541802,0.038291605301914444,1.010028653295129,Breakout,0.023547183125279657,0.00554051367653639,0.029087696801816047,67.7,67.7,0.004255319148936065,0.08615819209039555,-0.022598870056497078,0.005649717514124353,-0.0014124293785310327,0.04096045197740117,0.07344632768361592,0.08421052631578951
3022,威強電,20230217,20230220,88.4,20230222,82.5,2,Close Confirmed Stop,20230221,0,-0.0667420814479639,-0.07028446009953442,-0.0721448282380449,3.7989055206526965,0.06119951040391669,1.02603550295858,Breakout,0.08717097096988152,0.0,0.08717097096988152,80.7,83.98,0.019607843137254832,0.0,-0.05995475113122184,-0.044117647058823595,,,,0.030303030303030276
3022,威強電,20230517,20230518,97.5,20230522,92.9,2,Close Confirmed Stop,20230519,0,-0.04717948717948717,-0.05080064786521722,-0.052666645148327425,9.515017431495965,0.044086021505376216,1.0440860215053762,Extended Breakout,0.2072865897176938,0.0,0.2072865897176938,92.1,92.625,0.004119464469618972,0.012307692307692353,-0.07282051282051272,-0.021538461538461506,,,,0.013993541442411273
3022,威強電,20250514,20250515,86.6,20250520,85.0,3,Close Confirmed Stop,20250519,0,-0.018475750577367167,-0.02220472651089548,-0.024161305871954707,1.8073904627482382,0.022326674500587673,1.0057803468208093,Breakout,0.13654369963926707,-0.0002186922857389667,0.13632500735352812,85.6,85.6,-0.0045977011494253706,0.005773672055427337,-0.02886836027713624,-0.009237875288683584,-0.02886836027713624,,,0.03176470588235292
3023,信邦,20260130,20260202,231.0,20260211,233.0,8,Day 8 Time Stop,20260211,0,0.008658008658008587,0.00483043171983496,0.002819763639706962,4.7441731140834635,0.04008908685968815,0.9936170212765958,Pre-breakout,0.1765606067374134,-0.0031327912992231057,0.17342781543819027,217.0,219.45,-0.010706638115631661,0.051948051948051965,-0.030303030303030276,-0.0021645021645021467,0.015151515151515138,0.03463203463203457,0.008658008658008587,0.07296137339055786
3023,信邦,20260506,20260507,310.0,20260514,302.0,5,Day 5 Weakness,20260513,0,-0.02580645161290318,-0.029524385328496574,-0.03146632950537139,2.425779255631275,0.05709342560553643,1.0115894039735098,Breakout,0.3942939247812525,-0.005831402537187781,0.38846252224406475,295.0,295.0,0.014729950900163713,0.019354838709677358,-0.05483870967741933,0.0,-0.02580645161290318,-0.03387096774193543,,0.056291390728476776
3023,信邦,20260605,20260608,316.0,20260611,306.5,3,Close Confirmed Stop,20260610,0,-0.030063291139240556,-0.03371920850720151,-0.03565271139657678,2.1328094002064812,0.05279999999999996,1.0185758513931888,Breakout,0.2632134436603263,0.027117645249393293,0.29033108890971954,309.0,309.0,-0.03951367781155013,0.07594936708860756,-0.03322784810126578,0.020569620253164667,-0.030063291139240556,,,0.068515497553018
3024,憶聲,20240516,20240517,21.1,20240524,20.25,5,Close Confirmed Stop,20240523,0,-0.04028436018957349,-0.04390217068787909,-0.04581784898941015,3.270048869258861,0.034482758620689724,0.9859154929577465,Pre-breakout,0.05447832289741702,0.0,0.05447832289741702,20.45,20.45,0.004761904761904745,0.009478672985781866,-0.04502369668246453,-0.011848341232227444,-0.009478672985782088,-0.042654028436019065,,0.1234567901234569
3027,盛達,20221129,20221130,29.25,20221209,34.8,8,Day 8 Time Stop,20221209,0,0.18974358974358974,0.18523334416910472,0.18285729069647116,3.3803388514695873,0.05595667870036114,1.0263157894736843,Breakout,0.07575590783049234,0.0,0.07575590783049234,26.9,27.787499999999998,0.0,0.23076923076923084,0.0,0.03418803418803429,0.1760683760683761,0.15897435897435885,0.18974358974358974,0.16379310344827602
3027,盛達,20230131,20230201,40.95,20230206,38.55,3,Close Confirmed Stop,20230203,0,-0.05860805860805873,-0.06218611816963134,-0.06403422344685072,2.425581094164975,0.053708439897698135,1.044359949302915,Extended Breakout,0.09381572045466102,-6.966063428793944e-05,0.09374605982037308,38.5,38.9025,-0.0060679611650485965,0.015873015873015817,-0.06471306471306482,-0.026862026862026878,-0.05982905982905995,,,0.0479896238651103
3027,盛達,20250516,20250519,40.5,20250520,38.65,1,Close Confirmed Stop,20250519,0,-0.04567901234567906,-0.049296244413314656,-0.051198605089902344,3.102968877489155,0.05797101449275344,0.9962779156327544,Pre-breakout,0.0613733411990089,0.0,0.0613733411990089,37.65,38.475,0.008717310087173136,0.011111111111111072,-0.06419753086419755,-0.06419753086419755,,,,0.07373868046571808
3029,零壹,20230727,20230728,68.4,20230804,64.2,4,Close Confirmed Stop,20230802,0,-0.061403508771929904,-0.06494901772368135,-0.06682004474013796,7.461491022619659,0.05590062111801242,1.021021021021021,Breakout,0.04117875929646081,-3.515045607892515e-05,0.04114360884038189,62.6,64.98,0.00588235294117645,0.06578947368421062,-0.05701754385964919,-0.030701754385965008,-0.021929824561403466,,,0.11214953271028039
3029,零壹,20240625,20240626,93.5,20240705,106.0,8,Day 8 Time Stop,20240705,0,0.1336898395721926,0.1293598824001069,0.1270999989319778,2.316805677071771,0.06300114547537228,1.0474040632054176,Extended Breakout,0.02754097622984937,-0.00027088747145444524,0.027270088758394925,84.4,88.825,0.007543103448275801,0.14438502673796783,-0.016042780748663055,0.010695187165775444,0.013903743315508033,0.06737967914438503,0.1336898395721926,0.12735849056603765
3029,零壹,20241210,20241211,154.0,20241213,148.5,2,Trailing Stop,20241212,0,-0.0357142857142857,-0.039346895074946465,-0.041269139560575804,3.208138719081405,0.023026315789473673,0.9967948717948718,Pre-breakout,0.02743448649104035,0.0005266334660796694,0.02796111995712002,147.0,147.0,-0.009646302250803873,0.1298701298701299,-0.009740259740259716,0.11038961038961048,,,,0.03703703703703698
3029,零壹,20250718,20250721,118.0,20250723,112.5,2,Close Confirmed Stop,20250722,0,-0.04661016949152541,-0.05022678762006404,-0.052108111713416644,2.4683344628628285,0.025974025974025983,1.0042372881355932,Breakout,0.08665791616388815,0.00021657873389588215,0.08687449489778404,116.0,116.0,-0.00421940928270037,0.008474576271186418,-0.05932203389830504,-0.012711864406779627,,,,0.03111111111111109
3030,德律,20250618,20250619,138.5,20250630,146.0,8,Day 8 Time Stop,20250630,0,0.054151624548736566,0.05012028869286287,0.04801896099848889,3.669734773548914,0.04528301886792452,0.9964028776978417,Pre-breakout,-0.04411563270556857,0.09174446330919801,0.04762883060362945,133.5,133.5,0.0,0.10469314079422376,-0.06498194945848379,-0.02527075812274371,0.028880866425992746,0.025270758122743597,0.054151624548736566,0.013698630136986356
3030,德律,20250807,20250808,166.0,20250819,198.5,8,Day 8 Time Stop,20250819,0,0.19578313253012047,0.1912551853338686,0.18887148802147496,2.0030123339775794,0.0490196078431373,1.0288461538461537,Breakout,-0.03203047977813676,0.07503735005176734,0.04300687027363058,154.0,157.7,0.03426791277258556,0.25,-0.0060240963855421326,0.0,0.07831325301204828,0.11144578313253017,0.19578313253012047,0.11335012594458438
3030,德律,20251222,20251223,192.5,20251231,193.5,5,Day 5 Weakness,20251230,0,0.0051948051948051965,0.0013735573460191962,-0.0006302013891705087,3.0277961509660107,0.02393617021276606,1.023936170212766,Breakout,0.17839869550439105,-0.10335349775789818,0.07504519774649288,188.5,188.5,0.0,0.06493506493506485,-0.03116883116883118,0.0,0.033766233766233666,-0.0025974025974025983,,-0.0051679586563307955
3032,偉訓,20250722,20250723,102.5,20250801,117.0,8,Day 8 Time Stop,20250801,0,0.14146341463414625,0.13713178812370583,0.13485638062013355,2.969769563754539,0.04867724867724865,1.0195473251028806,Breakout,0.2088065532884862,0.0036830840810977133,0.21248963736958393,94.5,97.375,0.034308779011099855,0.19999999999999996,-0.004878048780487809,0.06341463414634152,0.11707317073170742,0.14146341463414625,0.14146341463414625,-0.012820512820512775
3033,威健,20230714,20230717,36.3,20230720,35.35,3,Close Confirmed Stop,20230719,0,-0.0261707988980715,-0.029894185185925935,-0.03180656295852048,1.907283163677018,0.02869440459110484,1.018465909090909,Breakout,0.27442047408826603,0.00042283586146111873,0.27484330994972717,35.0,35.0,0.012552301255229992,0.02203856749311317,-0.044077134986225786,0.017906336088154395,-0.038567493112947604,,,0.0028288543140029265
3033,威健,20240130,20240131,31.0,20240220,32.0,8,Day 8 Time Stop,20240220,0,0.032258064516129004,0.028343726032878724,0.02628196009156491,2.48670209283982,0.02454991816693952,0.9936507936507937,Pre-breakout,0.030013239322220664,0.0,0.030013239322220664,30.5,30.5,-0.009584664536741228,0.04516129032258065,-0.014516129032258074,-0.011290322580645218,-0.004838709677419284,0.032258064516129004,0.032258064516129004,0.046875
3033,威健,20240410,20240411,34.1,20240416,33.3,3,Close Confirmed Stop,20240415,0,-0.02346041055718484,-0.02718611080541202,-0.029136974899635286,3.6064091521896597,0.04791344667697062,1.019548872180451,Breakout,0.2698548882859276,-0.0002975246838874615,0.26955736360204013,33.0,33.0,0.005899705014749346,0.00586510263929596,-0.0381231671554253,-0.007331378299120228,-0.035190615835777206,,,-0.007507507507507505
3033,威健,20240826,20240827,36.4,20240903,34.35,5,Close Confirmed Stop,20240902,0,-0.05631868131868123,-0.05989548617591373,-0.06178097730025544,3.4521559288855785,0.0693815987933637,1.027536231884058,Breakout,0.031123519749019935,0.0019650407521539116,0.03308856050117385,33.3,34.58,0.026798307475317307,0.004120879120879106,-0.05769230769230771,-0.030219780219780223,-0.03434065934065933,-0.05494505494505497,,0.005822416302765587
3033,威健,20260427,20260428,36.0,20260508,43.85,8,Day 8 Time Stop,20260508,0,0.21805555555555567,0.21340166666666677,0.2110013645417586,2.20630877426591,0.030346820809248554,0.9985994397759103,Pre-breakout,0.3119110187851716,-0.001554318947884231,0.31035669983728736,34.0,34.199999999999996,0.009817671809256634,0.2583333333333333,-0.01388888888888884,0.005555555555555536,-0.00694444444444442,0.0708333333333333,0.21805555555555567,0.10604332953249718
3033,威健,20260515,20260518,47.3,20260526,49.2,6,Trailing Stop,20260525,0,0.04016913319238924,0.036219758534943296,0.03417339615740052,2.1725824115844414,0.032327586206896575,1.0245989304812835,Breakout,0.08550879522324321,-0.0007987403436420157,0.08471005487960119,45.05,45.05,-0.012526096033402934,0.16913319238900626,-0.009513742071881492,0.029598308668076223,0.08668076109936584,0.13953488372093026,,0.05487804878048763
3034,聯詠,20221111,20221114,301.0,20221123,297.0,7,Close Confirmed Stop,20221122,0,-0.013289036544850474,-0.017040689678306666,-0.019007600969397673,2.677218744526578,0.02758620689655178,1.0153321976149914,Breakout,0.06748072405762251,0.06577593983717979,0.1332566638948023,297.0,297.0,0.010067114093959662,0.06810631229235886,-0.03654485049833889,-0.009966777408637828,0.019933554817275656,0.0016611295681063787,,0.0185185185185186
3034,聯詠,20230914,20230915,451.0,20230921,424.5,4,Close Confirmed Stop,20230920,0,-0.05875831485587579,-0.06232789307542481,-0.0642041741739383,2.0904336478827257,0.025085518814139007,1.0239179954441913,Breakout,0.30447390761773385,0.15278461990086362,0.45725852751859747,438.0,438.0,0.0033370411568409697,0.02882483370288247,-0.04434589800443456,0.02882483370288247,-0.012195121951219523,,,0.04711425206124842
3034,聯詠,20231106,20231107,493.5,20231109,479.0,2,Close Confirmed Stop,20231108,0,-0.029381965552178313,-0.03304976031328067,-0.03498460960467223,1.8496734479619041,0.03765690376569042,1.0184804928131417,Breakout,0.11719421425232768,0.07958871123266971,0.1967829254849974,481.0,481.0,-0.005040322580645129,0.02127659574468077,-0.054711246200607855,0.011144883485308954,,,,0.039665970772442494
3034,聯詠,20260506,20260507,448.0,20260518,469.0,7,Trailing Stop,20260515,0,0.046875,0.04290060851926978,0.040813766685147274,2.1934796009698645,0.05119047619047623,1.0079908675799087,Breakout,0.1865749752862575,0.003598821440844076,0.19017379672710158,425.0,425.59999999999997,0.014722536806341946,0.1227678571428572,-0.017857142857142905,0.01116071428571419,0.1082589285714286,0.0859375,,0.061833688699360234
3035,智原,20230202,20230203,184.0,20230214,192.0,8,Day 8 Time Stop,20230214,0,0.04347826086956519,0.03952806292494334,0.03745712535236432,2.172314446739449,0.04843304843304841,1.0308123249299719,Extended Breakout,0.07574289919868434,0.046827491197171084,0.12257039039585542,177.0,177.0,0.0,0.11141304347826098,-0.005434782608695676,0.057065217391304435,0.040760869565217295,0.07880434782608692,0.04347826086956519,0.05208333333333326
3035,智原,20230529,20230530,175.0,20230606,173.0,5,Day 5 Weakness,20230605,0,-0.011428571428571455,-0.01519858369242075,-0.017169195704931167,1.832086074052925,0.029673590504450953,0.9830028328611898,Pre-breakout,0.031088004711935537,0.006880211143589021,0.037968215855524554,171.5,171.5,0.008645533141210304,0.005714285714285783,-0.03142857142857147,-0.014285714285714235,-0.011428571428571455,-0.011428571428571455,,0.10115606936416177
3035,智原,20230615,20230616,192.0,20230629,210.0,8,Day 8 Time Stop,20230629,0,0.09375,0.08960752903484182,0.08742722532862628,2.2208987193973386,0.021505376344086002,0.9973753280839895,Pre-breakout,0.06030487191885287,0.0031758099939893235,0.06348068191284219,184.5,184.5,0.010526315789473717,0.13020833333333326,-0.01822916666666663,0.005208333333333259,0.02083333333333326,0.05208333333333326,0.09375,0.2595238095238095
3035,智原,20231129,20231130,380.0,20231207,360.5,5,Day 5 Weakness,20231206,0,-0.051315789473684204,-0.054903547821394845,-0.05679467172299087,2.663421190281146,0.05263157894736836,1.045392022008253,Extended Breakout,0.0976045871196909,0.01815830457349407,0.11576289169318497,352.0,361.0,0.0,0.042105263157894646,-0.050000000000000044,0.014473684210526416,0.0,-0.048684210526315774,,0.0846047156726768
3035,智原,20240617,20240618,334.0,20240625,310.5,5,Close Confirmed Stop,20240624,0,-0.07035928143712578,-0.07389535274732666,-0.07574849687880074,2.1243191438056175,0.03001579778830954,1.0203442879499218,Breakout,0.07829234069680632,0.021193642819348414,0.09948598351615473,315.0,317.3,0.024539877300613577,0.020958083832335328,-0.07185628742514971,-0.0239520958083832,0.0029940119760478723,-0.07035928143712578,,0.12721417069243146
3035,智原,20240716,20240717,361.0,20240719,331.5,2,Close Confirmed Stop,20240718,0,-0.0817174515235457,-0.0852210175145955,-0.08701818762449391,2.0620062250342706,0.05752212389380529,1.0056100981767182,Breakout,0.0420651209954676,0.029381684801912545,0.07144680579738015,342.5,342.95,0.0069735006973501434,0.0027700831024930483,-0.09556786703601106,-0.02216066481994461,,,,0.02262443438914019
3035,智原,20251022,20251023,176.5,20251031,179.0,5,Trailing Stop,20251030,0,0.014164305949008416,0.010304787118178315,0.008283152962311876,3.1424336621010305,0.06586826347305386,0.9888888888888889,Pre-breakout,0.1181446949374519,-0.018106538071193043,0.10003815686625885,166.0,167.67499999999998,-0.008426966292134797,0.08498583569405094,-0.04815864022662886,0.0,-0.04815864022662886,0.0,,0.016759776536312776
3035,智原,20260127,20260128,180.5,20260130,171.5,2,Close Confirmed Stop,20260129,0,-0.049861495844875314,-0.053444537114261885,-0.05533857848783207,1.9939239313413983,0.022922636103151817,0.9944289693593314,Pre-breakout,0.0687447276629315,0.0,0.0687447276629315,175.0,175.0,0.011204481792717047,0.0027700831024930483,-0.052631578947368474,-0.01939058171745156,,,,-0.03206997084548102
3035,智原,20260421,20260422,179.0,20260424,180.0,2,Close Confirmed Stop,20260423,0,0.005586592178770999,0.0017722788831299114,-0.000232270748387098,7.548031155550764,0.03151862464183375,1.0315186246418337,Extended Breakout,0.11235373820415925,-7.052485750863935e-05,0.11228321334665062,173.5,173.5,-0.005555555555555536,0.03910614525139655,-0.07821229050279332,0.0,,,,0.10277777777777786
3036,文曄,20250617,20250618,134.5,20250625,127.5,5,Close Confirmed Stop,20250624,0,-0.052044609665427455,-0.055623135758444284,-0.05752891580807072,2.6592251025129654,0.051587301587301626,1.0311284046692606,Extended Breakout,0.3371367138571557,0.12035199433002933,0.45748870818718507,127.0,127.77499999999999,0.015094339622641506,0.0074349442379182396,-0.059479553903345694,-0.03717472118959109,-0.03345724907063197,-0.059479553903345694,,0.2078431372549019
3036,文曄,20250918,20250919,133.5,20251001,143.0,8,Day 8 Time Stop,20251001,0,0.07116104868913853,0.0670878459687124,0.06495258917546795,2.9278120492252686,0.051181102362204633,1.0113636363636365,Breakout,0.4261587899359883,-0.15642820411653902,0.2697305858194493,128.0,128.0,0.0,0.08239700374531833,-0.01872659176029967,0.04119850187265928,0.029962546816479474,0.04119850187265928,0.07116104868913853,0.013986013986013957
3036,文曄,20251105,20251106,158.0,20251110,149.5,2,Close Confirmed Stop,20251107,0,-0.05379746835443033,-0.05739104237798755,-0.05927720974635306,3.4899777999947768,0.06040268456375841,1.0429042904290429,Extended Breakout,0.10299280084275698,0.007528433254270068,0.11052123409702705,146.0,150.1,0.0,0.03164556962025311,-0.06645569620253167,-0.025316455696202556,,,,0.010033444816053505
3036,文曄,20260128,20260129,167.5,20260130,158.5,1,Close Confirmed Stop,20260129,0,-0.05373134328358209,-0.057310506926269815,-0.05921689905637954,2.5908684928213335,0.04761904761904767,1.0185185185185186,Breakout,0.10968573319788603,-0.0012875187582619316,0.10839821443962411,157.5,159.125,0.015151515151515138,0.0,-0.07164179104477608,-0.05074626865671639,,,,0.009463722397476282
3036,文曄,20260513,20260514,288.0,20260515,273.0,1,Close Confirmed Stop,20260514,0,-0.05208333333333337,-0.05566680016019223,-0.0575564033709195,2.4406926897422223,0.030852994555353952,1.0035335689045937,Breakout,-0.1610297589035623,0.21156158069272823,0.05053182178916594,260.0,273.59999999999997,0.014084507042253502,0.0,-0.0625,-0.05729166666666663,,,,0.10439560439560447
3037,欣興,20230323,20230324,149.0,20230329,139.5,3,Close Confirmed Stop,20230328,0,-0.06375838926174493,-0.06730416207736724,-0.06917048540211224,1.817565091676917,0.04285714285714293,1.020979020979021,Breakout,0.16996118113815575,0.04410027773695121,0.21406145887510694,139.0,141.54999999999998,0.020547945205479534,0.01342281879194629,-0.0738255033557047,-0.006711409395973145,-0.07046979865771807,,,0.08243727598566308
3037,欣興,20230915,20230918,188.0,20230919,184.5,1,Close Confirmed Stop,20230918,0,-0.018617021276595702,-0.022354868913857677,-0.024311155395362584,2.250448654895953,0.024193548387096753,0.9947780678851175,Pre-breakout,0.09932589128302312,0.02225732103602099,0.1215832123190441,186.5,186.5,-0.013123359580052507,0.007978723404255428,-0.021276595744680882,-0.018617021276595702,,,,0.024390243902439046
3037,欣興,20231121,20231122,167.5,20231201,176.0,8,Day 8 Time Stop,20231201,0,0.05074626865671639,0.04672523295937588,0.04467512693500642,2.3968592838352047,0.05312500000000009,1.0337423312883436,Extended Breakout,0.1527602386858901,0.10544025796824397,0.2582004966541341,162.5,162.5,-0.005934718100890191,0.0626865671641792,-0.017910447761193993,0.020895522388059806,-0.0029850746268657025,0.014925373134328401,0.05074626865671639,0.008522727272727293
3037,欣興,20231211,20231212,179.5,20231213,176.5,1,Close Confirmed Stop,20231212,0,-0.01671309192200554,-0.02044116911482735,-0.02242369221520552,1.8867114689153854,0.02005730659025784,1.0,Breakout,0.22778558101140586,0.0190031269811779,0.2467887079925838,176.5,176.5,0.008426966292134797,0.0027855153203342198,-0.02228412256267409,-0.01949860724233987,,,,0.03682719546742219
3037,欣興,20240226,20240227,191.5,20240229,175.0,1,Close Confirmed Stop,20240227,0,-0.08616187989556134,-0.0896406344107609,-0.09146227852142988,2.176441705446468,0.042553191489361764,1.0025575447570332,Breakout,0.21249665920404806,0.013877107663557105,0.22637376686760516,188.5,188.5,-0.022959183673469385,0.0,-0.07571801566579639,-0.06527415143603132,,,,0.04857142857142849
3037,欣興,20240716,20240717,198.0,20240722,195.0,3,Trailing Stop,20240719,0,-0.015151515151515138,-0.018890003343363423,-0.02085321065556059,2.0141686577521947,0.03664921465968596,0.9974811083123426,Pre-breakout,0.10264560756527334,0.044216837717054404,0.14686244528232775,192.0,192.0,0.0,0.101010101010101,-0.03535353535353536,0.08838383838383845,-0.02777777777777779,,,0.03846153846153855
3037,欣興,20241023,20241024,168.0,20241025,164.5,1,Close Confirmed Stop,20241024,0,-0.02083333333333337,-0.024568792619334135,-0.026520655379112756,3.3336290172297685,0.024464831804281273,1.0090361445783131,Breakout,0.08636280349272481,0.04047260655391165,0.12683541004663645,164.0,164.0,0.0029850746268655914,0.0,-0.04166666666666663,-0.038690476190476164,,,,0.01823708206686936
3037,欣興,20241107,20241108,179.0,20241113,168.5,3,Close Confirmed Stop,20241112,0,-0.05865921787709494,-0.06221367664270189,-0.06409017396521158,1.9228789454860165,0.06325301204819267,1.044378698224852,Extended Breakout,0.11091412212715421,0.035572666391615264,0.14648678851876948,166.0,170.04999999999998,0.014164305949008416,0.0,-0.06983240223463683,-0.027932960893854775,-0.06424581005586594,,,0.008902077151335286
3037,欣興,20250703,20250704,118.5,20250715,132.0,8,Day 8 Time Stop,20250715,0,0.11392405063291133,0.10971076102358923,0.10747354304938941,3.1584267245922026,0.044642857142857206,1.0042918454935623,Breakout,0.01814205211162158,0.009674936010478061,0.02781698812209964,113.5,113.5,0.012820512820512775,0.11392405063291133,-0.04641350210970463,-0.00421940928270037,-0.021097046413502074,0.05907172995780585,0.11392405063291133,0.07196969696969702
3037,欣興,20250716,20250717,137.0,20250723,130.0,4,Close Confirmed Stop,20250722,0,-0.051094890510948954,-0.054689068880112456,-0.05658063333572495,4.696872270642787,0.026515151515151603,1.0265151515151516,Breakout,-0.0289777191669741,0.06071576748376185,0.03173804831678775,130.0,130.15,0.011070110701107083,0.010948905109489093,-0.06934306569343063,-0.025547445255474477,-0.025547445255474477,,,0.11538461538461542
3037,欣興,20250729,20250730,142.0,20250805,136.5,4,Close Confirmed Stop,20250804,0,-0.03873239436619713,-0.04235337292320011,-0.044269603461036276,2.428951000976665,0.05263157894736836,0.9893992932862191,Pre-breakout,0.08556232758087023,0.024142138676399423,0.10970446625726965,137.5,137.5,0.014285714285714235,0.0035211267605634866,-0.06338028169014087,0.0,-0.02464788732394363,,,0.04761904761904767
3037,欣興,20250919,20250922,159.0,20250930,152.5,5,Close Confirmed Stop,20250926,0,-0.04088050314465408,-0.04450909577314072,-0.04642102670778667,2.3429581564865054,0.06060606060606055,1.0260586319218241,Breakout,0.1931511884380453,0.02935998613400452,0.2225111745720498,154.5,154.5,0.00952380952380949,0.037735849056603765,-0.0691823899371069,-0.0031446540880503138,-0.012578616352201255,-0.06289308176100628,,0.05573770491803276
3037,欣興,20251016,20251017,165.5,20251023,157.5,4,Close Confirmed Stop,20251022,0,-0.048338368580060465,-0.05195628597647452,-0.05381999816617767,2.241429737630239,0.04416403785488954,0.9880597014925373,Pre-breakout,0.16724026725251717,0.017659385095154585,0.18489965234767178,160.0,160.0,0.0,0.0030211480362538623,-0.048338368580060465,-0.030211480362537735,-0.033232628398791486,,,0.07301587301587298
3037,欣興,20251209,20251210,227.5,20251217,220.0,5,Close Confirmed Stop,20251216,0,-0.03296703296703296,-0.03660970333227121,-0.03853742267891817,1.8410068522737255,0.024943310657596474,1.0089285714285714,Breakout,0.17053563897545349,0.022867157656436512,0.19340279663188997,221.5,221.5,0.006637168141592875,0.03296703296703307,-0.0703296703296703,0.0,-0.01098901098901095,-0.05934065934065935,,0.00454545454545463
3037,欣興,20260113,20260114,255.5,20260123,339.0,8,Day 8 Time Stop,20260123,0,0.32681017612524466,0.32176355519887645,0.3191186880506515,2.4136833720910937,0.04312114989733051,1.032520325203252,Extended Breakout,0.16556358422840992,0.006806892393769127,0.17237047662217903,242.5,242.725,0.0059055118110236116,0.34246575342465757,-0.03913894324853229,-0.021526418786692814,0.07240704500978468,0.20547945205479445,0.32681017612524466,0.11651917404129786
3038,全台,20230331,20230406,26.35,20230417,28.3,8,Day 8 Time Stop,20230417,0,0.07400379506641364,0.06990729474670226,0.06779611542697803,2.3373315615505272,0.04618473895582342,1.001923076923077,Breakout,0.19646384385891222,0.0,0.19646384385891222,25.0,25.0325,0.011516314779270731,0.0759013282732448,-0.032258064516129115,-0.005692599620493399,-0.011385199240986799,0.04174573055028463,0.07400379506641364,0.07773851590105996
3038,全台,20230519,20230522,32.8,20230531,34.7,8,Day 8 Time Stop,20230531,0,0.057926829268292845,0.0539024780602312,0.051789201021100975,3.554393983320773,0.06546644844517169,1.0432692307692306,Extended Breakout,0.23797258476000477,0.02120300807610105,0.2591755928361058,31.35,31.35,0.007680491551459223,0.07621951219512191,-0.03810975609756084,-0.018292682926829062,0.0167682926829269,0.0030487804878049918,0.057926829268292845,0.13256484149855896
3042,晶技,20240312,20240313,110.5,20240322,117.0,8,Day 8 Time Stop,20240322,0,0.05882352941176472,0.05479429191354419,0.052683630554659945,2.2182800155870654,0.023696682464454888,0.9908256880733946,Pre-breakout,0.16127419577299415,0.12039912280875088,0.28167331858174505,104.0,104.975,0.02314814814814814,0.12217194570135748,0.0,0.05882352941176472,0.03619909502262453,0.08597285067873295,0.05882352941176472,0.008547008547008517
3042,晶技,20240522,20240523,115.0,20240603,114.5,8,Day 8 Time Stop,20240603,0,-0.004347826086956497,-0.00812382990104306,-0.01010857694401473,2.0967718779574174,0.02678571428571419,1.0,Breakout,0.3735660717204637,-0.20840362489373168,0.16516244682673198,112.5,112.5,0.0,0.026086956521739202,-0.02608695652173909,0.004347826086956497,0.004347826086956497,0.008695652173912993,-0.004347826086956497,0.026200873362445476
3044,健鼎,20230725,20230726,154.5,20230728,148.0,2,Close Confirmed Stop,20230727,0,-0.04207119741100329,-0.04568951142237786,-0.0476177941638498,6.190137287971715,0.04166666666666674,1.0416666666666667,Extended Breakout,0.12064665697256717,-0.014149406366547974,0.1064972506060192,141.0,146.775,0.030000000000000027,0.032362459546925626,-0.06472491909385114,-0.04530744336569581,,,,0.17229729729729737
3044,健鼎,20230731,20230801,171.0,20230802,161.5,1,Close Confirmed Stop,20230801,0,-0.05555555555555558,-0.0591408624778702,-0.0610235284401051,2.7668220837456263,0.06962025316455689,1.049689440993789,Extended Breakout,0.08634082070115513,0.04952330340890422,0.13586412411005935,160.0,162.45,0.01183431952662728,0.0,-0.08479532163742687,-0.07309941520467833,,,,0.16408668730650144
3044,健鼎,20231213,20231214,211.0,20231220,200.5,4,Close Confirmed Stop,20231219,0,-0.049763033175355464,-0.05334623340228198,-0.055240471241764705,2.0951325336752338,0.05303030303030298,1.0072463768115942,Breakout,-0.0690116494602916,0.268275877061667,0.1992642276013754,199.5,200.45,0.011990407673860837,0.004739336492890933,-0.06872037914691942,-0.007109004739336511,-0.018957345971563955,,,-0.009975062344139696
3044,健鼎,20250617,20250618,231.0,20250627,245.5,8,Day 8 Time Stop,20250627,0,0.06277056277056281,0.05871993559424374,0.05660141673820479,1.9331573570340368,0.022522522522522515,1.0111358574610245,Breakout,0.02556948260375037,0.16835398347299868,0.19392346607674904,224.0,224.0,0.017621145374449254,0.09307359307359309,-0.0021645021645021467,0.051948051948051965,0.017316017316017396,0.04978354978354971,0.06277056277056281,0.024439918533604832
3044,健鼎,20251015,20251016,325.5,20251028,328.5,8,Day 8 Time Stop,20251028,0,0.009216589861751112,0.005374190533413445,0.003362417686093011,2.0931018273882507,0.054009819967266726,0.9953632148377125,Pre-breakout,0.08092636021071829,-0.014133174993238577,0.0667931852174797,307.0,309.22499999999997,0.010869565217391353,0.03686635944700467,-0.03379416282642089,-0.015360983102918557,-0.02611367127496156,0.006144393241167334,0.009216589861751112,0.0730593607305936
3044,健鼎,20251222,20251223,316.5,20260105,312.0,8,Day 8 Time Stop,20260105,0,-0.014218009478673022,-0.01797533850754292,-0.019940387512385076,1.8224852530593054,0.041254125412541365,1.0,Breakout,0.3313617178424055,-0.20913986341210936,0.12222185443029616,303.0,303.0,0.0031695721077653616,0.03633491311216419,-0.028436018957345932,-0.012638230647709303,0.020537124802527673,0.012638230647709303,-0.014218009478673022,0.04647435897435903
3044,健鼎,20260123,20260126,368.0,20260202,378.5,5,Trailing Stop,20260130,0,0.028532608695652106,0.024631120053655264,0.022580832010712055,3.4288539212380567,0.04040404040404044,1.0404040404040404,Extended Breakout,0.09633989431738288,0.03717684156553409,0.13351673588291696,346.5,349.59999999999997,0.020804438280166426,0.09782608695652173,-0.03804347826086951,0.0040760869565217295,0.06929347826086962,0.017663043478260976,,0.11756935270805813
3044,健鼎,20260415,20260416,405.0,20260427,485.0,8,Day 8 Time Stop,20260427,0,0.19753086419753085,0.19298245614035087,0.19059528581429355,2.6782497796055704,0.053735255570118046,1.0281329923273657,Breakout,0.1433622128901594,-0.05446222315290587,0.08889998973725352,385.5,385.5,0.00746268656716409,0.2666666666666666,-0.011111111111111072,0.013580246913580174,0.020987654320987703,0.13456790123456797,0.19753086419753085,0.012371134020618513
3045,台灣大,20240702,20240703,111.5,20240709,103.0,4,Close Confirmed Stop,20240708,0,-0.07623318385650224,-0.07973538184666144,-0.08158988195448696,3.9246205097192255,0.022935779816513735,1.0136363636363637,Breakout,-0.24733377518452362,0.5224373431931789,0.27510356800865526,107.5,107.5,0.0,0.04035874439461873,-0.08520179372197312,0.008968609865470878,0.04035874439461873,,,-0.009708737864077666
3045,台灣大,20251226,20251229,110.0,20260106,107.5,5,Day 5 Weakness,20260105,0,-0.022727272727272707,-0.026459975945476413,-0.028408059296600365,2.559170740496782,0.02764976958525356,1.0229357798165137,Breakout,-0.4372714580293072,0.6799010886061427,0.24262963057683545,107.0,107.0,-0.013452914798206317,0.009090909090909038,-0.027272727272727226,-0.004545454545454519,-0.013636363636363669,-0.027272727272727226,,0.0046511627906977715
3045,台灣大,20260417,20260420,112.5,20260429,112.0,8,Day 8 Time Stop,20260429,0,-0.004444444444444473,-0.00821725623810001,-0.010201814166785325,2.8051934796663556,0.022727272727272707,1.0227272727272727,Breakout,0.527195524662782,-0.048758044650433964,0.478437480012348,109.5,109.5,0.0,0.026666666666666616,-0.013333333333333308,0.008888888888888946,0.004444444444444473,0.004444444444444473,-0.004444444444444473,0.0
3046,建碁,20230220,20230221,55.3,20230223,53.3,2,Close Confirmed Stop,20230222,0,-0.03616636528028938,-0.039853791613028024,-0.04171512851906181,1.8495642606829734,0.034155597722960174,0.9802158273381295,Pre-breakout,0.05852390019017852,0.0,0.05852390019017852,53.0,53.0,0.014678899082568808,0.01627486437613035,-0.05967450271247732,-0.016274864376130127,,,,0.018761726078799335
3046,建碁,20230608,20230609,98.0,20230616,97.4,5,Day 5 Weakness,20230615,0,-0.006122448979591799,-0.009886666666666618,-0.011880205359567695,5.589408219265346,0.047461368653421765,1.0474613686534218,Extended Breakout,0.06523437572935974,0.0,0.06523437572935974,92.6,93.1,0.03266596417281353,0.0714285714285714,-0.06632653061224492,-0.020408163265306145,0.03571428571428581,-0.014285714285714346,,0.03696098562628336
3047,訊舟,20240703,20240704,35.1,20240710,40.45,4,Trailing Stop,20240709,0,0.1524216524216524,0.14802550404503229,0.1457564813794122,3.2833030854372707,0.04789550072568938,1.0478955007256894,Extended Breakout,0.04906156960829043,0.0,0.04906156960829043,35.1,35.1,-0.027700831024930705,0.33333333333333326,-0.0014245014245015675,0.015669515669515688,0.22792022792022792,,,0.14833127317676142
3048,益登,20260506,20260507,42.25,20260518,57.3,8,Day 8 Time Stop,20260518,0,0.3562130177514793,0.3510721604825139,0.3483614211027211,4.505502727882494,0.037783375314861534,0.988009592326139,Pre-breakout,0.10920633079469459,0.0,0.10920633079469459,39.95,40.137499999999996,0.025485436893203817,0.42485207100591715,-0.031952662721893565,-0.0035502958579881616,0.06508875739644981,0.09940828402366875,0.3562130177514793,0.4293193717277488
3048,益登,20260518,20260519,56.1,20260526,73.0,5,Trailing Stop,20260525,0,0.30124777183600715,0.29628888132561876,0.2936949776130874,5.832410063766533,0.021390374331550666,1.0213903743315507,Breakout,0.10702694164772808,0.0,0.10702694164772808,55.0,55.0,-0.020942408376963262,0.4598930481283423,-0.05169340463458105,0.0,0.20855614973262027,0.30659536541889465,,0.0547945205479452
3055,蔚華科,20260513,20260514,112.5,20260515,109.5,1,Close Confirmed Stop,20260514,0,-0.026666666666666616,-0.03036376390419882,-0.03230401517673222,4.780827764881622,0.031818181818181746,1.0318181818181817,Extended Breakout,0.07085130047567538,0.0,0.07085130047567538,107.5,107.5,-0.008810572687224627,0.008888888888888946,-0.06666666666666665,-0.05777777777777782,,,,0.13242009132420085
3056,富華新,20230725,20230726,48.25,20230804,52.1,6,Trailing Stop,20230802,0,0.07979274611398957,0.07569077822536933,0.07353830921364977,2.111238877164088,0.03239740820734349,1.0235546038543897,Breakout,0.17874798831306865,-0.00037059016236296196,0.1783773981507057,46.5,46.5,0.009414225941422716,0.21243523316062185,-0.016580310880829008,0.004145077720207224,0.1730569948186529,0.16683937823834194,,0.03454894433781175
3056,富華新,20240607,20240611,36.0,20240613,34.45,2,Close Confirmed Stop,20240612,0,-0.043055555555555514,-0.04667166666666659,-0.0485836077886632,3.0979519835978113,0.036337209302325535,1.021489971346705,Breakout,0.3149076053222455,0.00021512482402789396,0.3151227301462734,34.5,34.5,0.009817671809256634,0.001388888888888884,-0.05138888888888893,-0.01805555555555549,,,,0.021770682148040565
3056,富華新,20240716,20240717,38.4,20240726,36.65,5,Day 5 Weakness,20240723,0,-0.04557291666666663,-0.04918773164813482,-0.051094934072042165,2.667548525553577,0.03378378378378377,1.02,Breakout,0.11461076782704543,0.0,0.11461076782704543,37.0,37.0,0.0039215686274509665,0.01041666666666674,-0.06510416666666663,-0.011718749999999889,-0.02604166666666663,-0.01822916666666652,,0.08867667121418821
3059,華晶科,20221117,20221118,37.0,20221129,37.35,8,Day 8 Time Stop,20221129,0,0.009459459459459474,0.005620038689880595,0.0036077771635783973,4.116279579542557,0.062409288824383014,1.0082644628099175,Breakout,0.03902684618665578,0.0001505737008576377,0.039177419887513415,34.3,35.15,0.010928961748633892,0.021621621621621623,-0.03918918918918923,0.005405405405405572,-0.024324324324324298,0.020270270270270174,0.009459459459459474,0.03346720214190091
3059,華晶科,20231116,20231117,35.35,20231128,39.45,7,Trailing Stop,20231127,0,0.11598302687411599,0.11176839353358596,0.1095387893486613,3.162226304856759,0.020202020202020332,1.0056899004267426,Breakout,0.48861359084688716,0.0010306630993038347,0.489644253946191,34.65,34.65,0.0,0.18811881188118806,0.0,0.00990099009900991,0.08345120226308333,0.14002828854313987,,0.019011406844106515
3059,華晶科,20240410,20240411,40.4,20240417,38.7,4,Close Confirmed Stop,20240416,0,-0.042079207920792006,-0.045697060235821305,-0.047611484538548056,2.945369256002467,0.06048906048906044,1.0098039215686276,Breakout,0.03424626893697813,-0.0002647053325054674,0.03398156360447266,38.85,38.85,-0.019417475728155442,0.05569306930693063,-0.06930693069306926,-0.012376237623762387,0.00990099009900991,,,0.021963824289405576
3059,華晶科,20250207,20250210,40.5,20250217,40.15,5,Close Confirmed Stop,20250214,0,-0.00864197530864197,-0.012407444466680007,-0.01438362759925446,2.2361837741192114,0.023839397741530544,1.0061652281134401,Breakout,0.039090330601006786,0.0008523880878889457,0.03994271868889573,39.55,39.55,-0.007352941176470562,0.041975308641975406,-0.02716049382716057,0.01728395061728394,-0.006172839506172867,-0.025925925925925908,,0.12079701120797015
3059,華晶科,20250217,20250218,41.9,20250303,48.45,8,Trailing Stop,20250227,0,0.15632458233890234,0.15192439231911378,0.1496193716506033,3.2825228209647466,0.06463878326996197,0.995260663507109,Pre-breakout,0.054221477092139335,0.00032691302257412027,0.054548390114713456,40.05,40.05,-0.0023809523809523725,0.2577565632458234,-0.034606205250596545,-0.011933174224343701,-0.022673031026252843,0.07398568019093088,0.1527446300715991,0.01754385964912264
3059,華晶科,20250815,20250818,47.95,20250825,49.1,5,Day 5 Weakness,20250822,0,0.023983315954118734,0.020104567097220718,0.01806333778660345,1.997833691909097,0.04008908685968837,1.011917659804984,Breakout,0.09762877383297801,0.0,0.09762877383297801,44.6,45.5525,0.02676659528907921,0.06986444212721565,-0.04483837330552676,-0.015641293013555768,-0.031282586027111536,-0.009384775808133572,,0.09979633401221988
3060,銘異,20240515,20240516,31.8,20240520,33.0,2,Trailing Stop,20240517,0,0.037735849056603765,0.03382067641352822,0.03174786681618822,2.6510952908568357,0.051813471502590636,1.0,Breakout,0.1011405472065744,0.0,0.1011405472065744,28.8,30.21,0.044334975369458185,0.11006289308176087,-0.011006289308176154,0.051886792452830344,,,,0.17272727272727284
3060,銘異,20251112,20251113,30.0,20251119,28.6,4,Close Confirmed Stop,20251118,0,-0.046666666666666634,-0.05027988804478209,-0.052183891960441015,14.55239615446416,0.048526863084922045,1.048526863084922,Extended Breakout,0.06924277523432842,0.0,0.06924277523432842,29.0,29.0,-0.008264462809917328,0.07333333333333347,-0.06499999999999995,-0.033333333333333326,0.0,,,0.012237762237762073
3060,銘異,20260603,20260604,33.5,20260605,31.5,1,Close Confirmed Stop,20260604,0,-0.05970149253731338,-0.06327826768240845,-0.06512331437061218,7.058980699015245,0.03527607361963181,1.0352760736196318,Extended Breakout,0.05740631822919992,0.0,0.05740631822919992,32.75,32.75,-0.007407407407407418,0.025373134328358304,-0.05373134328358209,-0.04626865671641789,,,,0.006349206349206327
3062,建漢,20230217,20230220,25.45,20230301,23.95,5,Close Confirmed Stop,20230224,0,-0.058939096267190516,-0.0625164626685027,-0.06436207772602007,2.0547779378442543,0.028865979381443196,1.0,Breakout,0.1356318100504147,0.0,0.1356318100504147,24.0,24.1775,0.02004008016032066,0.003929273084479323,-0.056974459724950854,-0.017681728880157177,-0.0491159135559921,-0.05500982318271119,,0.04801670146137793
3062,建漢,20230418,20230419,24.55,20230424,23.1,3,Close Confirmed Stop,20230421,0,-0.05906313645621175,-0.06264099601334544,-0.06448625211970621,7.127639727122676,0.03813559322033888,1.0208333333333333,Breakout,0.02852886016305527,0.0,0.02852886016305527,23.45,23.45,0.0020408163265306367,0.006109979633401208,-0.06313645621181263,-0.008146639511201648,-0.06313645621181263,,,0.006493506493506329
3062,建漢,20240513,20240514,23.0,20240523,22.85,8,Day 8 Time Stop,20240523,0,-0.006521739130434745,-0.010285295293960757,-0.012268599191182028,2.2572785952926075,0.04555808656036442,0.9956616052060737,Pre-breakout,0.30652868068770983,0.0,0.30652868068770983,22.25,22.25,0.002178649237472907,0.060869565217391175,-0.010869565217391353,0.004347826086956497,0.006521739130434634,0.01304347826086949,-0.006521739130434745,0.11378555798687073
3062,建漢,20240614,20240617,26.0,20240620,28.25,3,Trailing Stop,20240619,0,0.08653846153846145,0.08240246748916305,0.08023297496775353,3.9863916747136936,0.053169734151329306,0.9903846153846154,Pre-breakout,0.2385039840984441,0.0,0.2385039840984441,24.7,24.7,0.009708737864077666,0.19999999999999996,-0.017307692307692246,0.019230769230769162,0.08461538461538454,,,0.31150442477876106
3062,建漢,20260119,20260120,26.1,20260129,25.9,8,Day 8 Time Stop,20260129,0,-0.00766283524904221,-0.011426323876950455,-0.013407738054173135,2.0244850143932607,0.029527559055118058,0.9867924528301886,Pre-breakout,0.16829422939920743,0.0,0.16829422939920743,25.25,25.25,-0.0019120458891012104,0.06513409961685812,-0.021072796934865967,-0.011494252873563204,-0.003831417624521105,0.026819923371647514,-0.00766283524904221,0.025096525096525157
3071,協禧,20230704,20230705,37.65,20230711,35.6,4,Close Confirmed Stop,20230710,0,-0.05444887118193886,-0.0580293115064672,-0.059914193718864424,2.434425337396604,0.05007153075822601,0.9878869448183043,Pre-breakout,0.1464753929576498,0.0,0.1464753929576498,34.85,35.7675,0.02588555858310615,0.07304116865869847,-0.07038512616201853,-0.0013280212483398612,-0.021248339973439445,,,0.4002808988764044
3078,僑威,20230330,20230331,42.2,20230414,49.35,8,Day 8 Time Stop,20230414,0,0.16943127962085303,0.16499299392807085,0.16266183446039578,1.8969053973575667,0.03198031980319804,1.0244200244200243,Breakout,0.21138613861386138,0.0,0.21138613861386138,40.8,40.8,0.005959475566150285,0.21563981042654023,-0.015402843601895921,0.04976303317535535,0.01540284360189581,0.1481042654028435,0.16943127962085303,0.1914893617021276
3078,僑威,20230523,20230524,59.8,20230529,57.8,3,Close Confirmed Stop,20230526,0,-0.03344481605351168,-0.03713490681240366,-0.0390616286448636,2.317988290651552,0.03645833333333326,0.9983277591973245,Pre-breakout,0.03517380158226976,0.0,0.03517380158226976,57.4,57.4,0.0016750418760467234,0.028428093645485042,-0.051839464882943,-0.0016722408026754731,-0.050167224080267525,,,0.10726643598615926
3078,僑威,20230612,20230613,75.7,20230627,79.6,8,Trailing Stop,20230626,0,0.05151915455746359,0.04749709895562395,0.045424248143618465,3.146106115718006,0.03055555555555567,1.0305555555555557,Extended Breakout,0.028055602465591488,0.0033458583129274675,0.03140146077851896,71.6,71.915,0.020215633423180668,0.14134742404227207,-0.014531043593130843,0.03302509907529716,0.04887714663143994,0.08322324966974892,0.05151915455746359,0.02638190954773889
3078,僑威,20231012,20231013,85.3,20231019,79.9,4,Close Confirmed Stop,20231018,0,-0.06330597889800693,-0.06685296287764204,-0.06872018833095637,1.911085531395202,0.05429292929292928,0.9823529411764705,Pre-breakout,0.1660723466764598,0.0,0.1660723466764598,80.1,81.035,0.021556886227544814,0.004689331770222793,-0.055099648300117265,-0.015240328253223856,-0.017584994138335253,,,0.08886107634543161
3078,僑威,20240215,20240216,82.3,20240227,81.8,8,Day 8 Time Stop,20240227,0,-0.0060753341433779084,-0.00984343926431136,-0.011824745529850992,2.3851748048998527,0.03007518796992481,1.0135635018495686,Breakout,0.16890657815328908,0.0,0.16890657815328908,80.2,80.2,0.001216545012165282,0.015795868772782384,-0.013365735115431265,0.009720534629404476,0.00486026731470246,0.00486026731470246,-0.0060753341433779084,0.05378973105134488
3078,僑威,20250808,20250811,92.0,20250821,88.5,8,Close Confirmed Stop,20250820,0,-0.03804347826086951,-0.04172776963071591,-0.043589835648372065,2.0688690853499385,0.03928170594837255,1.0153508771929824,Breakout,0.11544699075387146,-0.005445572635997504,0.11000141811787396,88.8,88.8,-0.00647948164146861,0.0565217391304349,-0.04130434782608694,0.003260869565217428,0.03913043478260869,0.0021739130434783593,-0.04021739130434787,0.08135593220338988
3081,聯亞,20220809,20220810,163.5,20220819,181.5,8,Day 8 Time Stop,20220819,0,0.11009174311926606,0.1058715443080264,0.1036586813805649,4.237675834368978,0.04140127388535042,1.0348101265822784,Extended Breakout,-0.019752862075231692,0.046747228784299474,0.026994366709067782,157.0,157.0,0.0,0.13455657492354733,-0.033639143730886834,0.015290519877675823,0.00917431192660545,0.03669724770642202,0.11009174311926606,0.03581267217630857
3081,聯亞,20230207,20230208,134.5,20230215,126.0,5,Close Confirmed Stop,20230214,0,-0.06319702602230481,-0.06673776474313042,-0.06862113894453652,2.2359947066607853,0.051181102362204633,1.0190839694656488,Breakout,0.12170120988953183,0.0,0.12170120988953183,127.0,127.77499999999999,0.0074906367041198685,0.018587360594795488,-0.059479553903345694,-0.026022304832713727,-0.03345724907063197,-0.055762081784386575,,0.039682539682539764
3081,聯亞,20240205,20240215,135.0,20240221,137.0,4,Trailing Stop,20240220,0,0.014814814814814836,0.010973250617036889,0.00895029549876272,5.669038329125545,0.03952569169960474,1.0154440154440154,Breakout,0.15626458612642138,0.007770991608322161,0.16403557773474353,128.5,128.5,0.026615969581748944,0.10000000000000009,-0.025925925925925908,0.014814814814814836,0.059259259259259345,,,0.18613138686131392
3081,聯亞,20240903,20240904,185.5,20240912,199.0,6,Trailing Stop,20240911,0,0.07277628032345018,0.06869718015228851,0.06655870441012263,4.182931695553358,0.02638522427440626,1.0130208333333333,Breakout,0.048194603613690754,0.008650025247535621,0.05684462886122637,184.0,184.0,-0.046272493573264795,0.17520215633423186,-0.005390835579514808,0.032345013477088846,0.032345013477088846,0.1428571428571428,,0.24874371859296485
3081,聯亞,20250710,20250711,363.0,20250714,348.0,1,Close Confirmed Stop,20250711,0,-0.04132231404958675,-0.044966082342669085,-0.04687711249477724,3.8148484504484053,0.04022988505747116,1.0154277699859748,Breakout,0.07721557050665934,0.0486063435397501,0.12582191404640944,348.0,348.0,0.0027624309392264568,0.023415977961432466,-0.04958677685950408,-0.04958677685950408,,,,0.031609195402298784
3088,艾訊,20230330,20230331,81.5,20230406,77.0,1,Close Confirmed Stop,20230331,0,-0.05521472392638038,-0.058792161045193976,-0.06068524935580715,4.349929627023223,0.05084745762711851,0.9865361077111382,Pre-breakout,0.11492004083021436,0.015311330384484519,0.13023137121469888,78.0,78.0,0.011166253101737134,0.0,-0.06134969325153372,-0.05766871165644172,,,,0.04285714285714293
3088,艾訊,20250206,20250207,150.0,20250214,145.0,5,Day 5 Weakness,20250213,0,-0.033333333333333326,-0.037018525922964146,-0.03893051115939623,4.3978493364101725,0.049645390070921946,1.049645390070922,Extended Breakout,0.05074676887753213,0.00044439506721475393,0.05119116394474688,142.5,142.5,0.013513513513513598,0.043333333333333224,-0.050000000000000044,0.006666666666666599,-0.043333333333333335,-0.026666666666666616,,0.06896551724137923
3090,日電貿,20251017,20251020,80.0,20251030,93.0,7,Trailing Stop,20251029,0,0.1625000000000001,0.15807010529121684,0.1557743295489744,5.446010331967769,0.03145478374836186,1.0102695763799743,Breakout,0.05759726990872413,-0.0005114625005397948,0.057085807408184336,76.6,76.6,0.016518424396442244,0.2875000000000001,-0.016249999999999987,0.013749999999999929,0.0625,0.1875,,-0.006451612903225712
3090,日電貿,20251209,20251210,94.5,20251216,97.2,4,Trailing Stop,20251215,0,0.028571428571428692,0.024689257053239284,0.022638868103097193,2.077634811709055,0.03293084522502743,0.9802083333333332,Pre-breakout,0.15594930657115652,0.017723496004071804,0.17367280257522832,89.8,89.8,0.004250797024442088,0.16402116402116396,-0.008465608465608399,0.050793650793650835,0.10582010582010581,,,0.0030864197530864335
3090,日電貿,20260413,20260414,105.0,20260423,106.5,7,Trailing Stop,20260422,0,0.014285714285714235,0.010438587700838428,0.008416696074088468,4.1139644912197495,0.03499999999999992,1.0048543689320388,Breakout,0.17299706544602259,-0.002164364796070672,0.17083270064995193,100.5,100.5,0.01449275362318847,0.09047619047619038,-0.01904761904761909,0.014285714285714235,0.03333333333333344,0.03809523809523818,,-0.05633802816901412
3093,港建*,20260608,20260609,66.0,20260611,60.8,2,Close Confirmed Stop,20260610,0,-0.07878787878787885,-0.08229250066720052,-0.08412884851824781,4.526511712366079,0.03125,1.03125,Extended Breakout,0.06628461405330564,0.0,0.06628461405330564,57.7,62.699999999999996,0.0,0.039393939393939315,-0.08484848484848484,-0.042424242424242364,,,,0.08881578947368429
3105,穩懋,20220606,20220607,231.5,20220609,221.5,2,Close Confirmed Stop,20220608,0,-0.043196544276457916,-0.04682766815618149,-0.048734970233683936,3.1639618914255707,0.05882352941176472,1.0064516129032257,Breakout,0.02387972870502991,0.06500126379644453,0.08888099250147442,227.0,227.0,-0.010683760683760646,0.002159827213822796,-0.0388768898488121,-0.015118790496760237,,,,0.02934537246049662
3105,穩懋,20230110,20230111,176.5,20230201,191.5,8,Day 8 Time Stop,20230201,0,0.08498583569405094,0.08086325631272935,0.07870044013744291,5.384341890066131,0.032258064516129004,1.032258064516129,Extended Breakout,0.21326179669869927,0.016455792489667588,0.22971758918836685,170.5,170.5,0.0028409090909091717,0.11048158640226635,-0.04249291784702547,0.03682719546742219,-0.03399433427762044,0.019830028328611915,0.08498583569405094,0.01305483028720622
3105,穩懋,20230328,20230329,188.0,20230330,179.5,1,Close Confirmed Stop,20230329,0,-0.04521276595744683,-0.04883962011771001,-0.050742900388629684,2.928061170803568,0.027624309392265234,1.0026954177897573,Breakout,0.07946951857666143,-0.00034824699110413396,0.0791212715855573,177.5,178.6,0.010752688172043001,0.0026595744680850686,-0.05053191489361697,-0.05053191489361697,,,,0.04178272980501396
3105,穩懋,20240202,20240205,159.5,20240223,158.0,8,Day 8 Time Stop,20240223,0,-0.009404388714733591,-0.013167544502966864,-0.015162299099683208,1.8229155642105708,0.03934426229508192,0.9968553459119497,Pre-breakout,0.22008619220115064,-0.0039925420839548266,0.21609365011719583,153.0,153.0,0.006309148264984188,0.040752351097178785,-0.025078369905956133,0.0,-0.01253918495297801,0.00940438871473348,-0.009404388714733591,0.009493670886076
3105,穩懋,20240620,20240621,159.0,20240702,171.0,8,Day 8 Time Stop,20240702,0,0.07547169811320753,0.07139513108614232,0.06925126876251184,2.0854424446944133,0.03215434083601276,0.9938080495356038,Pre-breakout,0.030791676082862523,0.07701909604519774,0.10781077212806027,157.0,157.0,-0.009345794392523366,0.15094339622641506,-0.028301886792452824,0.028301886792452935,-0.0062893081761006275,0.003144654088050425,0.07547169811320753,0.07017543859649122
3105,穩懋,20250217,20250218,109.5,20250227,111.0,8,Day 8 Time Stop,20250227,0,0.013698630136986356,0.009847686880339736,0.007826972443171843,2.02204467781726,0.04326923076923084,1.0093023255813953,Breakout,0.08880333179083758,0.00011568718186024989,0.08891901897269783,100.5,104.02499999999999,0.009216589861751112,0.08219178082191791,-0.013698630136986356,-0.013698630136986356,0.06849315068493156,0.041095890410958846,0.013698630136986356,0.0045045045045044585
3105,穩懋,20250925,20250926,96.5,20250930,93.0,1,Close Confirmed Stop,20250926,0,-0.03626943005181349,-0.039930497544023794,-0.041818224606906255,2.8219037153078164,0.024159663865546133,0.9969325153374233,Pre-breakout,0.07828832476768935,-0.0005395317447957224,0.07774879302289363,95.6,95.6,-0.01025641025641022,0.002072538860103723,-0.050777202072538885,-0.049740932642487024,,,,0.06451612903225801
3105,穩懋,20251104,20251105,120.0,20251110,121.0,3,Trailing Stop,20251107,0,0.008333333333333304,0.004498200719712115,0.0025062262130589874,6.468674357926504,0.04237288135593231,1.0423728813559323,Extended Breakout,0.20612583509410456,0.002247273349047962,0.20837310844315254,118.5,118.5,-0.024390243902439046,0.09583333333333344,-0.012499999999999956,0.07499999999999996,0.004166666666666652,,,0.0826446280991735
3105,穩懋,20251210,20251211,175.0,20251218,167.0,5,Day 5 Weakness,20251217,0,-0.04571428571428571,-0.049336940909242746,-0.05123922457843094,2.5093226871901577,0.03592814371257491,1.035928143712575,Extended Breakout,0.10278872577803876,0.0028351849677040516,0.1056239107457428,165.5,166.25,0.011560693641618602,0.05428571428571427,-0.05142857142857138,-0.008571428571428563,0.04571428571428582,-0.037142857142857144,,0.21556886227544902
3141,晶宏,20230131,20230201,96.9,20230213,100.0,8,Trailing Stop,20230210,0,0.03199174406604732,0.028072951615972362,0.02601576856777437,1.8531839006700592,0.04787812840043526,1.0147523709167543,Breakout,0.036723959800882874,0.0,0.036723959800882874,91.6,92.055,0.006230529595015577,0.13519091847265208,-0.019607843137254943,-0.014447884416924683,0.07843137254901955,0.0835913312693497,0.04231166150670784,0.15500000000000003
3147,大綜,20241226,20241227,184.0,20250106,176.5,5,Close Confirmed Stop,20250103,0,-0.040760869565217406,-0.0443774163444874,-0.04631188917530038,2.8417600704811314,0.033802816901408406,1.0082417582417582,Breakout,0.030855018587360596,0.0,0.030855018587360596,176.0,176.0,0.0027247956403269047,0.057065217391304435,-0.08152173913043481,0.0,0.03804347826086962,-0.05434782608695654,,0.04815864022662897
3149,正達,20251008,20251009,46.5,20251014,44.0,2,Close Confirmed Stop,20251013,0,-0.053763440860215006,-0.05734139879018147,-0.05923319989971957,1.8103273512919154,0.033557046979865834,0.9871794871794873,Pre-breakout,0.029386558090252264,0.0,0.029386558090252264,44.7,44.7,0.006493506493506329,0.0010752688172042113,-0.11182795698924741,-0.029032258064516148,,,,-0.04431818181818192
3149,正達,20260526,20260527,68.4,20260605,90.8,8,Day 8 Time Stop,20260605,0,0.3274853801169588,0.3224495515695067,0.31980332279960694,1.8919658140224118,0.04615384615384621,1.0461538461538462,Extended Breakout,0.075109901494232,0.0,0.075109901494232,61.8,64.98,0.00588235294117645,0.4108187134502923,-0.04970760233918137,-0.04385964912280704,0.040935672514619936,0.2587719298245612,0.3274853801169588,0.0022026431718062955
3162,精確,20221202,20221205,48.75,20221207,46.55,2,Close Confirmed Stop,20221206,0,-0.045128205128205146,-0.04874430080101356,-0.05065364290049531,2.639892249295947,0.020942408376963373,1.004119464469619,Breakout,0.0880971308809713,0.0,0.0880971308809713,47.4,47.4,0.0,0.016410256410256396,-0.04410256410256408,-0.012307692307692353,,,,0.06015037593984962
3162,精確,20250516,20250519,53.1,20250523,51.2,4,Close Confirmed Stop,20250522,0,-0.03578154425612046,-0.03947210317619252,-0.041394157328295475,2.1113065608742843,0.026819923371647514,0.996282527881041,Pre-breakout,0.0859286511512546,0.0,0.0859286511512546,52.1,52.1,-0.009328358208955279,0.05461393596986808,-0.052730696798493515,-0.005649717514124353,0.030131826741996326,,,0.011718749999999778
3163,波若威,20220531,20220601,55.2,20220613,57.0,8,Day 8 Time Stop,20220613,0,0.032608695652173836,0.028693773011045226,0.026628141575424757,5.321130378933847,0.06395348837209291,1.0,Breakout,0.09162606978275181,0.0,0.09162606978275181,51.0,52.44,0.005464480874316946,0.09782608695652173,-0.018115942028985477,0.0380434782608694,0.048913043478260754,0.04528985507246386,0.032608695652173836,0.0035087719298245723
3163,波若威,20230523,20230524,64.2,20230531,64.8,5,Trailing Stop,20230530,0,0.009345794392523255,0.00550787839991455,0.003520998275609975,6.8016123378899405,0.03231017770597733,1.0142857142857142,Breakout,0.07395770892329316,0.0,0.07395770892329316,61.6,61.6,0.0046948356807512415,0.08255451713395634,-0.0389408099688473,-0.0031152647975077885,0.026479750778816147,-0.0031152647975077885,,0.043209876543209846
3163,波若威,20230731,20230801,100.5,20230802,95.0,1,Close Confirmed Stop,20230801,0,-0.05472636815920395,-0.05830913520910517,-0.06019346036699255,2.8542630449952187,0.035827186512118026,1.035827186512118,Extended Breakout,0.03266707426045243,0.0,0.03266707426045243,94.3,95.475,0.02238046795523907,0.07462686567164178,-0.10845771144278615,-0.08059701492537308,,,,0.01263157894736855
3163,波若威,20231129,20231130,94.4,20231206,91.7,4,Close Confirmed Stop,20231205,0,-0.028601694915254217,-0.032298041206809056,-0.03423442858193167,1.819193909942981,0.02960526315789469,0.988421052631579,Pre-breakout,0.11877991762217523,0.0,0.11877991762217523,91.6,91.6,0.005324813631522929,0.013771186440677985,-0.04025423728813571,-0.014830508474576343,-0.02436440677966112,,,0.043620501635768916
3163,波若威,20231211,20231212,94.6,20231219,92.5,5,Day 5 Weakness,20231218,0,-0.022198731501057,-0.025923160512263156,-0.02788407671353694,3.3633633633633635,0.04083885209713034,0.9853709508881922,Pre-breakout,0.07886061439706557,0.0,0.07886061439706557,91.5,91.5,0.0031813361611876534,0.017970401691332016,-0.02748414376321351,-0.016913319238900604,-0.009513742071881492,-0.022198731501057,,-0.00324324324324321
3163,波若威,20240515,20240516,111.5,20240517,106.0,1,Close Confirmed Stop,20240516,0,-0.04932735426008972,-0.052940294279382114,-0.0548154146577639,2.2507410289953467,0.042654028436019065,1.004566210045662,Breakout,0.06044562100154423,0.0,0.06044562100154423,106.0,106.0,0.013636363636363669,0.004484304932735439,-0.0717488789237668,-0.053811659192825156,,,,0.14622641509433953
3163,波若威,20240523,20240524,113.5,20240531,109.5,5,Day 5 Weakness,20240530,0,-0.03524229074889873,-0.03893114491593275,-0.04085427816949977,2.0556352165184975,0.03669724770642202,1.0089285714285714,Breakout,0.02552224959211747,0.0065581112639559805,0.03208036085607345,107.0,107.82499999999999,0.004424778761061843,0.07048458149779746,-0.048458149779735726,0.004405286343612369,-0.013215859030836996,-0.048458149779735726,,0.0365296803652968
3163,波若威,20240618,20240619,128.0,20240625,127.0,4,Trailing Stop,20240624,0,-0.0078125,-0.01158056334267788,-0.013558400040114575,4.230628176245612,0.05063291139240511,1.0246913580246915,Breakout,0.04337117697360042,0.0,0.04337117697360042,117.5,121.6,0.028112449799196693,0.10546875,-0.04296875,0.0078125,0.05859375,,,0.12598425196850394
3163,波若威,20241011,20241014,172.0,20241017,165.5,3,Close Confirmed Stop,20241016,0,-0.03779069767441856,-0.041416165664662656,-0.04333427160719234,3.170785992302389,0.045592705167173175,0.9913544668587896,Pre-breakout,0.03315476485455176,0.0,0.03315476485455176,166.0,166.0,0.0,0.026162790697674465,-0.05232558139534882,-0.008720930232558155,-0.043604651162790664,,,0.0030211480362538623
3163,波若威,20250106,20250107,157.0,20250114,154.5,5,Trailing Stop,20250113,0,-0.015923566878980888,-0.019683989466315544,-0.021631918767614885,5.570869033047735,0.04290429042904287,1.0326797385620916,Extended Breakout,0.02549843150923667,0.0,0.02549843150923667,149.5,149.5,-0.006329113924050667,0.10828025477707004,-0.03821656050955413,-0.015923566878980888,0.015923566878981,-0.0286624203821656,,0.11326860841423958
3163,波若威,20250829,20250901,249.0,20250902,244.5,1,Close Confirmed Stop,20250901,0,-0.01807228915662651,-0.021811856014987287,-0.023769228404097523,2.028109712693292,0.04201680672268915,1.0060851926977687,Breakout,0.033812037466234034,0.004371593433818711,0.038183630900052744,242.5,242.5,0.0040322580645162365,0.028112449799196693,-0.048192771084337394,-0.03614457831325302,,,,0.04498977505112478
3167,大量,20250711,20250714,152.0,20250723,174.0,7,Trailing Stop,20250722,0,0.14473684210526305,0.14037254640138871,0.13809063339810165,3.459578302257978,0.06049822064056931,1.0240549828178693,Breakout,0.03635133438037887,-8.512519238612699e-06,0.03634282186114026,141.0,144.4,0.020134228187919545,0.20394736842105265,-0.016447368421052655,0.013157894736842035,0.02960526315789469,0.05921052631578938,,0.02011494252873569
3189,景碩,20221109,20221110,111.5,20221121,117.0,8,Day 8 Time Stop,20221121,0,0.049327354260089606,0.04534168735731783,0.043268517099486044,2.4577634763577594,0.06572769953051649,1.0412844036697249,Extended Breakout,0.033404029664924284,0.012001096869082154,0.04540512653400644,108.0,108.0,-0.017621145374449365,0.11210762331838575,-0.008968609865470878,0.013452914798206317,0.06726457399103136,0.08968609865470856,0.049327354260089606,0.05128205128205132
3189,景碩,20230201,20230202,119.0,20230207,108.5,3,Close Confirmed Stop,20230206,0,-0.08823529411764708,-0.0917,-0.09353130128048094,2.1117000006164406,0.040000000000000036,1.0353982300884956,Extended Breakout,0.07782170372402733,-0.015517731377888531,0.0623039723461388,113.5,113.5,0.017094017094017033,0.004201680672268893,-0.10084033613445376,0.0,-0.08823529411764708,,,0.02304147465437789
3189,景碩,20230526,20230529,118.0,20230605,118.5,5,Day 5 Weakness,20230602,0,0.004237288135593209,0.00043356456776947705,-0.0015833131911867637,2.0884175305640236,0.03125,0.9914163090128756,Pre-breakout,0.16463662538243393,-3.868341761805309e-05,0.1645979419648159,114.0,114.0,0.02164502164502169,0.016949152542372836,-0.025423728813559365,-0.016949152542372836,-0.012711864406779627,0.0,,0.012658227848101333
3189,景碩,20241225,20241226,106.5,20241231,104.0,3,Close Confirmed Stop,20241230,0,-0.023474178403755874,-0.027205771832256125,-0.029152364739603285,2.65773660370928,0.049261083743842304,0.9861111111111112,Pre-breakout,0.1423928311610768,0.0,0.1423928311610768,102.5,102.5,0.0,0.0,-0.05164319248826288,-0.028169014084507005,-0.04225352112676062,,,0.08653846153846145
3189,景碩,20250106,20250107,108.0,20250110,102.0,3,Close Confirmed Stop,20250109,0,-0.05555555555555558,-0.05914194065757819,-0.06102460531633771,2.6811682251677147,0.06310679611650483,1.0138888888888888,Breakout,0.11703007450897124,0.0014377205946376436,0.11846779510360889,104.0,104.0,-0.013698630136986356,0.04629629629629628,-0.05555555555555558,0.01388888888888884,-0.05092592592592593,,,-0.004901960784313708
3189,景碩,20250219,20250220,106.5,20250227,104.5,5,Day 5 Weakness,20250226,0,-0.018779342723004744,-0.022512817943450742,-0.024468785506639595,3.889410423409234,0.024154589371980784,1.0192307692307692,Breakout,0.11277067200820186,0.038788994365552776,0.15155966637375462,104.0,104.0,0.004716981132075526,0.023474178403755763,-0.032863849765258246,0.0046948356807512415,-0.023474178403755874,-0.023474178403755874,,0.0
3189,景碩,20250716,20250717,102.0,20250728,100.0,8,Day 8 Time Stop,20250728,0,-0.019607843137254943,-0.023333333333333334,-0.025300350315421473,7.736056004241887,0.03326612903225801,1.033266129032258,Extended Breakout,0.04474355319891926,-0.0015036731770726522,0.04323988002184661,98.4,98.4,-0.004878048780487809,0.0490196078431373,-0.021568627450980427,-0.004901960784313708,0.02450980392156854,0.009803921568627416,-0.019607843137254943,0.09000000000000008
3189,景碩,20250729,20250730,106.0,20250801,101.0,2,Close Confirmed Stop,20250731,0,-0.047169811320754707,-0.05078307230923026,-0.052661845643059035,3.083902811903056,0.06000000000000005,0.9906542056074766,Pre-breakout,0.02363059586552306,0.0021374881659235695,0.02576808403144663,103.5,103.5,0.0,0.009433962264151052,-0.047169811320754707,-0.009433962264150941,,,,0.034653465346534684
3189,景碩,20250826,20250827,115.5,20250902,107.5,4,Close Confirmed Stop,20250901,0,-0.06926406926406925,-0.07281172205236162,-0.0746336648533153,2.7511791782512005,0.0604651162790697,0.991304347826087,Pre-breakout,0.040263245934159655,0.009090173738154307,0.049353419672313964,110.5,110.5,0.013157894736842035,0.025974025974025983,-0.08658008658008653,-0.008658008658008698,-0.017316017316017285,,,-0.018604651162790753
3189,景碩,20251007,20251008,114.0,20251015,127.0,4,Trailing Stop,20251014,0,0.11403508771929816,0.10982196439287857,0.10758516219463102,2.1400366701084224,0.02678571428571419,0.9871244635193133,Pre-breakout,0.14615530859832687,-0.0056897994760507515,0.14046550912227612,114.0,114.0,-0.008695652173912993,0.21491228070175428,0.0,0.09649122807017552,0.17105263157894735,,,0.24803149606299213
3189,景碩,20251017,20251020,158.0,20251022,150.0,2,Close Confirmed Stop,20251021,0,-0.05063291139240511,-0.05422775657762603,-0.05612024293049506,3.6030875514752227,0.023728813559322104,1.023728813559322,Breakout,0.04421835474919757,0.03254765794319018,0.07676601269238775,145.5,150.1,0.04635761589403975,0.0031645569620253333,-0.06645569620253167,-0.044303797468354444,,,,0.006666666666666599
3189,景碩,20251205,20251208,157.5,20251215,146.5,5,Day 5 Weakness,20251212,0,-0.06984126984126982,-0.07338744697197448,-0.07520825042943162,3.003533578289115,0.060810810810810745,1.0,Breakout,0.10641998040347295,-0.010913738155474669,0.09550624224799828,149.0,149.625,0.0031847133757962887,0.041269841269841345,-0.04761904761904767,-0.00952380952380949,-0.031746031746031744,-0.03809523809523807,,0.010238907849829282
3189,景碩,20260107,20260108,174.5,20260109,166.0,1,Close Confirmed Stop,20260108,0,-0.04871060171919772,-0.05230892919953771,-0.05420525073850846,3.355075660457957,0.032448377581120846,1.0174418604651163,Breakout,-0.0001289208104543543,0.027542140843359823,0.02741322003290547,171.5,171.5,-0.0028571428571428914,0.02005730659025784,-0.06017191977077363,-0.04871060171919772,,,,0.15963855421686746
3189,景碩,20260422,20260423,496.0,20260424,499.0,1,Close Confirmed Stop,20260423,0,0.006048387096774244,0.0022168480451430876,0.00021139691078657475,2.6567696730287143,0.03801478352692711,1.038014783526927,Extended Breakout,0.0683232774454875,0.010781449540296747,0.07910472698578425,484.5,484.5,0.00915564598168861,0.02620967741935476,-0.08669354838709675,-0.03427419354838712,,,,0.11422845691382766
3207,耀勝,20220817,20220818,40.75,20220824,42.5,4,Trailing Stop,20220823,0,0.042944785276073594,0.0389948006932409,0.03691040648753699,3.8120829414662545,0.04081632653061207,1.0136645962732918,Breakout,0.09636041829436866,0.0,0.09636041829436866,39.2,39.2,-0.001225490196078316,0.10797546012269943,-0.012269938650306789,0.07730061349693251,0.0503067484662576,,,0.2094117647058824
3207,耀勝,20230202,20230203,61.0,20230210,60.7,5,Day 5 Weakness,20230209,0,-0.004918032786885185,-0.008687381103360788,-0.010670997328672105,7.199351326306035,0.04647160068846801,1.0410958904109588,Extended Breakout,0.07040622401710417,0.0,0.07040622401710417,58.3,58.3,0.00328947368421062,0.006557377049180246,-0.06557377049180324,-0.03934426229508192,-0.019672131147541072,-0.011475409836065653,,0.1466227347611202
3207,耀勝,20240314,20240315,105.0,20240321,132.5,4,Trailing Stop,20240320,0,0.26190476190476186,0.25712329224705216,0.25460778842006676,1.9598058963559788,0.024390243902439046,1.0047846889952152,Breakout,0.02711038961038961,0.0,0.02711038961038961,101.5,101.5,0.0,0.3904761904761904,-0.014285714285714235,0.05714285714285716,0.2761904761904761,,,0.04528301886792452
3209,全科,20260317,20260318,45.8,20260320,43.6,2,Close Confirmed Stop,20260319,0,-0.048034934497816484,-0.051647729165972364,-0.05351756629801085,4.183960402271807,0.06921241050119331,1.037037037037037,Extended Breakout,0.26205505221680364,-0.00016225118665956994,0.2618928010301441,41.85,43.51,0.022321428571428603,0.0010917030567687558,-0.06113537117903922,-0.02510917030567683,,,,0.02752293577981635
3211,順達,20251211,20251212,294.5,20251223,335.0,8,Day 8 Time Stop,20251223,0,0.13752122241086595,0.13316418261556298,0.13096382459359737,3.1066906420918556,0.06617647058823528,0.9948542024013722,Pre-breakout,0.12780877863934598,0.03936703975299112,0.1671758183923371,272.5,279.775,0.01551724137931032,0.1714770797962648,-0.0747028862478778,-0.039049235993208864,-0.04584040747028861,0.06791171477079794,0.13752122241086595,0.05074626865671639
3217,優群,20230614,20230615,129.5,20230628,132.0,7,Trailing Stop,20230627,0,0.019305019305019266,0.01545453026581792,0.013422617716816635,3.1663127283858503,0.02400000000000002,0.9961089494163424,Pre-breakout,-0.004075480125055829,0.031319785618579725,0.027244305493523895,126.0,126.0,0.01171875,0.0926640926640927,-0.02316602316602312,-0.0038610038610038533,0.054054054054053946,0.07335907335907343,,0.03409090909090917
3217,優群,20231108,20231109,153.0,20231120,152.0,8,Day 8 Time Stop,20231120,0,-0.006535947712418277,-0.0103,-0.01229966293283726,7.825983313468415,0.02684563758389258,1.0268456375838926,Breakout,0.11944900164329289,0.09265470589559463,0.21210370753888752,147.0,147.0,0.0,0.07843137254901955,-0.0326797385620915,0.0,0.03267973856209161,0.0032679738562091387,-0.006535947712418277,0.07894736842105265
3217,優群,20240102,20240103,175.0,20240105,165.0,2,Close Confirmed Stop,20240104,0,-0.05714285714285716,-0.06072752780839764,-0.06260702424422913,4.533189206501722,0.029154518950437414,0.9915730337078652,Pre-breakout,0.09251895198829632,0.0527467748370794,0.14526572682537572,166.0,166.25,-0.008498583569405138,0.04857142857142849,-0.06000000000000005,0.04285714285714293,,,,0.07272727272727275
3217,優群,20240222,20240223,198.5,20240227,188.0,2,Close Confirmed Stop,20240226,0,-0.052896725440806036,-0.05647729736039086,-0.05838911149847666,2.8947788599712596,0.048648648648648596,1.0346666666666666,Extended Breakout,0.05101981138972147,0.020615542071788874,0.07163535346151034,183.5,188.575,0.02319587628865971,0.005037783375314797,-0.057934508816120944,-0.017632241813602012,,,,-0.0026595744680850686
3217,優群,20260521,20260522,200.5,20260529,190.0,5,Close Confirmed Stop,20260528,0,-0.052369077306733125,-0.05596172184765697,-0.05785074324430587,2.250843807591162,0.0557029177718833,1.0205128205128204,Breakout,0.2405592632933954,-0.0005145063867709674,0.2400447569066244,190.5,190.5,0.007537688442211143,0.057356608478803084,-0.06982543640897754,0.032418952618453956,-0.03740648379052369,-0.05985037406483795,,0.026315789473684292
3227,原相,20231120,20231121,150.0,20231130,161.5,8,Day 8 Time Stop,20231130,0,0.07666666666666666,0.07257097161135546,0.07043764437463751,3.9726497028797807,0.03135888501742157,1.0277777777777777,Breakout,0.07200637694851204,-0.00040257439773264055,0.0716038025507794,144.5,144.5,0.013513513513513598,0.1433333333333333,-0.020000000000000018,0.016666666666666607,0.09000000000000008,0.06666666666666665,0.07666666666666666,0.01238390092879249
3227,原相,20240529,20240530,168.0,20240603,164.5,2,Close Confirmed Stop,20240531,0,-0.02083333333333337,-0.024568792619334135,-0.026520655379112756,2.978823253358362,0.02114803625377637,0.9970501474926253,Pre-breakout,0.07297563723419237,0.003943106604703563,0.07691874383889594,164.0,164.0,-0.00591715976331364,0.029761904761904656,-0.03273809523809523,0.02083333333333326,,,,0.00911854103343468
3227,原相,20240620,20240621,172.5,20240624,166.0,1,Close Confirmed Stop,20240621,0,-0.03768115942028982,-0.041317054380411666,-0.04323536647995517,2.1475527152295837,0.051204819277108404,1.0086705202312138,Breakout,0.1708680146650372,-0.0005554938340184424,0.17031252083101878,167.0,167.0,-0.011461318051575908,0.0028985507246377384,-0.04347826086956519,-0.04347826086956519,,,,0.06024096385542177
3227,原相,20250217,20250218,286.0,20250225,281.5,5,Day 5 Weakness,20250224,0,-0.01573426573426573,-0.019491867186449793,-0.021453887470462153,3.561927745049329,0.06145251396648055,1.030741410488246,Extended Breakout,0.061849335402469466,0.003137440118750422,0.0649867755212199,266.0,271.7,0.0035087719298245723,0.07517482517482521,-0.029720279720279685,-0.01573426573426573,0.0,-0.006993006993006978,,0.001776198934280604
3227,原相,20250909,20250910,223.5,20250912,218.0,2,Close Confirmed Stop,20250911,0,-0.02460850111856827,-0.028336837889256034,-0.030281169162069414,3.3026844396631425,0.06585365853658542,1.033096926713948,Extended Breakout,0.08551658399569713,0.06200842646267854,0.14752501045837565,207.0,212.325,0.022883295194507935,0.0,-0.05145413870246085,-0.02684563758389258,,,,0.14220183486238525
3231,緯創,20221209,20221212,28.4,20221221,30.05,8,Day 8 Time Stop,20221221,0,0.05809859154929575,0.05407567394608437,0.05196264579991161,2.1879535686498026,0.021582733812949506,1.0161001788908766,Breakout,0.3873072632786148,-0.012127475347565628,0.37517978793104917,28.05,28.05,0.0,0.07746478873239449,-0.014084507042253502,0.0035211267605634866,0.02640845070422526,0.05633802816901423,0.05809859154929575,0.008319467554076532
3231,緯創,20230130,20230131,31.2,20230209,31.8,8,Day 8 Time Stop,20230209,0,0.019230769230769384,0.015355790259774849,0.013353358703781609,2.942474135540634,0.0331125827814569,1.0196078431372548,Breakout,0.4864387066481059,0.044500823986219205,0.5309395306343251,30.55,30.55,0.0,0.024038461538461453,-0.004807692307692291,0.009615384615384581,0.019230769230769384,0.024038461538461453,0.019230769230769384,0.0031446540880502027
3231,緯創,20230323,20230324,40.2,20230407,40.6,8,Day 8 Time Stop,20230407,0,0.00995024875621886,0.0061130888097809906,0.004094702038271738,3.736991472436613,0.03795811518324599,1.0312093628088426,Extended Breakout,0.17709248848077092,0.02764970177241743,0.20474219025318835,37.85,38.19,0.013871374527112401,0.04353233830845782,-0.03855721393034839,-0.004975124378109541,-0.019900497512437942,0.03482587064676612,0.00995024875621886,0.13054187192118216
3231,緯創,20230410,20230411,43.55,20230420,45.8,8,Day 8 Time Stop,20230420,0,0.051664753157290466,0.047640653357531766,0.0455776124074546,1.9201985494026215,0.06896551724137923,1.034564958283671,Extended Breakout,0.011200999871736228,0.03573260360567,0.04693360347740624,41.0,41.372499999999995,0.003456221198156584,0.0723306544202067,-0.01722158438576349,-0.0022962112514349764,0.02066590126291623,0.014925373134328401,0.051664753157290466,0.020742358078602585
3231,緯創,20231229,20240102,98.6,20240103,92.7,1,Close Confirmed Stop,20240102,0,-0.0598377281947261,-0.0634154149881279,-0.06526790092430886,2.0416781056373874,0.02815432742440027,1.0010152284263958,Breakout,0.0658532644273092,-0.005874537746828885,0.059978726680480314,96.6,96.6,0.0,0.0010141987829614951,-0.049695740365111485,-0.049695740365111485,,,,0.052858683926644945
3231,緯創,20240329,20240401,127.0,20240410,128.0,5,Day 5 Weakness,20240409,0,0.007874015748031482,0.004035485592315902,0.0020435412302638296,2.8422194768087223,0.03734439834024905,0.9920634920634921,Pre-breakout,0.17674235845639075,-0.0008903005380279624,0.17585205791836278,121.0,121.0,0.016000000000000014,0.04724409448818889,-0.03937007874015752,-0.03543307086614178,0.019685039370078705,-0.007874015748031482,,-0.0078125
3231,緯創,20240716,20240717,113.5,20240719,107.0,2,Close Confirmed Stop,20240718,0,-0.05726872246696035,-0.06084867894315452,-0.06272792968757798,3.0027726505378793,0.06572769953051649,0.9912663755458515,Pre-breakout,0.24801748174277516,0.0032273113134864443,0.25124479305626163,106.5,107.82499999999999,0.0,0.0,-0.06167400881057272,-0.03964757709251099,,,,-0.009345794392523366
3231,緯創,20241009,20241011,105.5,20241022,113.0,8,Day 8 Time Stop,20241022,0,0.07109004739336489,0.06702475478748249,0.06488963024283259,2.273445448495746,0.02941176470588225,0.9905660377358491,Pre-breakout,0.3418628213423442,0.012462884290378994,0.3543257056327232,103.0,103.0,0.004761904761904745,0.07109004739336489,-0.009478672985781977,0.028436018957346043,0.033175355450236976,0.04739336492891,0.07109004739336489,0.030973451327433565
3231,緯創,20241025,20241028,116.0,20241105,116.0,5,Day 5 Weakness,20241104,0,0.0,-0.003807615230460922,-0.005801014937373094,3.241585543551651,0.05022831050228316,1.0087719298245614,Breakout,0.18427225780698578,0.009487015767862383,0.19375927357484815,110.0,110.19999999999999,0.008695652173912993,0.008620689655172376,-0.07327586206896552,-0.02155172413793105,-0.0431034482758621,0.0,,0.0818965517241379
3231,緯創,20241105,20241106,119.5,20241113,117.5,5,Day 5 Weakness,20241112,0,-0.01673640167364021,-0.02046223318281039,-0.022437169657592796,2.122075240037593,0.02155172413793105,1.0128205128205128,Breakout,0.22399635938094972,0.07557575833953327,0.299572117720483,115.0,115.0,0.00843881856540074,0.05020920502092041,-0.029288702928870314,0.0,0.03347280334728042,-0.02092050209205021,,0.03404255319148941
3231,緯創,20250514,20250515,114.0,20250520,110.5,3,Close Confirmed Stop,20250519,0,-0.030701754385964897,-0.03439021137560846,-0.03633646928832984,2.1405113289154225,0.055299539170506895,1.0269058295964126,Breakout,0.09824798292637756,0.08900123116349637,0.1872492140898739,110.0,110.0,-0.004366812227074246,0.004385964912280604,-0.04385964912280704,-0.021929824561403466,-0.04385964912280704,,,0.04977375565610864
3231,緯創,20250625,20250626,127.0,20250630,122.5,2,Close Confirmed Stop,20250627,0,-0.03543307086614178,-0.039120864461045894,-0.04099236637390117,2.6196885021136587,0.04583333333333339,1.037190082644628,Extended Breakout,0.16257476966199536,0.10565685809468682,0.2682316277566822,121.5,121.5,0.01195219123505975,0.0,-0.051181102362204745,-0.015748031496062964,,,,0.008163265306122547
3231,緯創,20250811,20250812,127.5,20250814,117.5,2,Close Confirmed Stop,20250813,0,-0.07843137254901966,-0.08193631253231914,-0.08377337204424179,2.4138617979047483,0.024096385542168752,1.0240963855421688,Breakout,0.2391735079941185,-0.11121342409380236,0.12796008390031613,123.0,123.0,0.0,0.0,-0.08235294117647063,-0.0117647058823529,,,,0.004255319148936065
3231,緯創,20250925,20250926,125.5,20251009,151.0,8,Day 8 Time Stop,20251009,0,0.20318725099601598,0.19864029460283605,0.19622275100064795,3.271900799507008,0.03292181069958855,0.996031746031746,Pre-breakout,0.23880658599859506,0.020786034963456913,0.259592620962052,121.5,121.5,0.0,0.2589641434262948,-0.027888446215139417,0.019920318725099584,0.1633466135458168,0.22310756972111556,0.20318725099601598,-0.009933774834437137
3231,緯創,20251205,20251208,151.0,20251212,145.0,4,Close Confirmed Stop,20251211,0,-0.039735099337748325,-0.04336342360414577,-0.04527764256244294,1.880030742833752,0.03424657534246567,1.0202702702702702,Breakout,0.12301378791813226,0.010404594133387275,0.13341838205151954,145.5,145.5,0.0,0.019867549668874274,-0.04635761589403975,-0.013245033112582738,-0.023178807947019875,,,-0.006896551724137945
3231,緯創,20260102,20260105,157.0,20260112,150.5,5,Close Confirmed Stop,20260109,0,-0.04140127388535031,-0.04501816727224241,-0.046948077837882574,2.4216234388333393,0.029900332225913706,1.0064935064935066,Breakout,0.3360078800343276,0.0562197407067665,0.3922276207410941,149.5,149.5,0.012903225806451646,0.02547770700636942,-0.0573248407643312,-0.01273885350318471,0.009554140127388644,-0.05095541401273884,,-0.01661129568106312
3231,緯創,20260420,20260421,142.0,20260430,137.0,8,Day 8 Time Stop,20260430,0,-0.035211267605633756,-0.038900380329619004,-0.04082357523316417,2.41799766798202,0.0293040293040292,1.0107913669064748,Breakout,0.2600721560936664,-0.00853797070951142,0.251534185384155,135.5,135.5,0.01067615658362997,0.028169014084507005,-0.04929577464788737,0.01760563380281699,-0.017605633802816878,0.0035211267605634866,-0.035211267605633756,0.0875912408759123
3234,光環,20241009,20241011,56.3,20241015,53.6,2,Close Confirmed Stop,20241014,0,-0.047957371225577194,-0.05157591210668938,-0.05344038016491506,4.428617909692346,0.0393258426966292,1.009090909090909,Breakout,0.0528322440087146,0.0,0.0528322440087146,52.5,53.48499999999999,0.014414414414414267,0.010657193605683846,-0.07992895204262873,-0.026642984014209614,,,,0.026119402985074647
3236,千如,20260105,20260106,31.6,20260109,29.7,3,Close Confirmed Stop,20260108,0,-0.06012658227848111,-0.06370248396688051,-0.06554646291208971,2.343202664396038,0.046511627906976605,0.987460815047022,Pre-breakout,0.026446968204993544,0.0,0.026446968204993544,30.4,30.4,0.0031746031746031633,0.03639240506329111,-0.06803797468354433,-0.025316455696202556,-0.06012658227848111,,,0.3047138047138047
3236,千如,20260701,20260702,72.9,20260706,69.7,2,Close Confirmed Stop,20260703,0,-0.04389574759945136,-0.04751467109718791,-0.049420591420599645,2.385704339754003,0.05950653120464433,1.0,Breakout,0.07926334337624395,0.0,0.07926334337624395,70.0,70.0,-0.001369863013698569,0.028806584362139898,-0.07956104252400564,-0.03840877914952001,,,,-0.01865136298421799
3260,威剛,20230322,20230323,73.5,20230329,74.1,4,Trailing Stop,20230328,0,0.008163265306122325,0.004326666666666643,0.002340961065283637,3.2646607236977796,0.0382436260623229,1.0180555555555555,Breakout,0.08150769775261016,0.1399752256237834,0.22148292337639355,70.3,70.3,0.0027285129604366354,0.08027210884353742,-0.009523809523809601,0.04489795918367334,0.03129251700680258,,,0.10526315789473695
3260,威剛,20230331,20230406,79.5,20230417,78.3,8,Day 8 Time Stop,20230417,0,-0.015094339622641506,-0.018857038037587388,-0.02079692142939518,4.619571941110974,0.046052631578947345,1.0012594458438286,Breakout,0.024631530525070645,0.10603272655582573,0.13066425708089638,77.1,77.1,0.0,0.04402515723270439,-0.026415094339622525,0.0012578616352201255,-0.017610062893081868,0.03647798742138364,-0.015094339622641506,0.0063856960408683605
3260,威剛,20230529,20230530,80.0,20230607,82.3,6,Trailing Stop,20230606,0,0.028750000000000053,0.024840063974410236,0.022812283057961624,3.131748162096112,0.03766233766233773,1.0101137800252846,Breakout,0.18253835890593728,-0.0708805870580387,0.1116577718478986,77.6,77.6,0.0012515644555692873,0.11624999999999996,-0.010000000000000009,0.015000000000000124,0.06999999999999984,0.05249999999999999,,0.08869987849331706
3260,威剛,20230616,20230619,92.0,20230627,84.9,4,Close Confirmed Stop,20230626,0,-0.0771739130434782,-0.0806759098786828,-0.08252624248962134,3.773028144105907,0.048974943052391806,1.0065573770491802,Breakout,0.0393828654909736,0.020929920543820157,0.06031278603479376,88.0,88.0,-0.0010857763300758938,0.02499999999999991,-0.05869565217391315,0.005434782608695565,-0.01521739130434785,,,0.09422850412249706
3260,威剛,20230915,20230918,91.9,20230920,90.3,2,Close Confirmed Stop,20230919,0,-0.017410228509249226,-0.021140153613111237,-0.02309885998032481,2.3561235612356124,0.028634361233480288,1.0130151843817787,Breakout,0.0515599711405339,0.06815123920207476,0.11971121034260866,91.1,91.1,-0.016059957173447548,0.01088139281828071,-0.022850924918389692,-0.005440696409140355,,,,0.0
3260,威剛,20231013,20231016,97.2,20231026,97.8,8,Trailing Stop,20231025,0,0.006172839506172867,0.002363971472072937,0.000358244351307193,1.8894805800122578,0.033119658119658224,1.012565445026178,Breakout,0.07220640411923247,0.05764511846816042,0.1298515225873929,92.7,92.7,0.005170630816959676,0.12139917695473246,-0.026748971193415683,-0.011316872427983626,0.044238683127572065,0.08024691358024683,0.019547325102880597,0.03783231083844574
3260,威剛,20240219,20240220,100.0,20240227,99.5,5,Day 5 Weakness,20240226,0,-0.0050000000000000044,-0.008796481407437025,-0.010759186958743425,2.7753182578025974,0.026721479958890182,0.9891089108910892,Pre-breakout,0.1749438939031129,-0.07058390127095229,0.10435999263216061,96.4,96.4,0.0010010010010008674,0.040000000000000036,-0.02200000000000002,-0.0020000000000000018,0.010000000000000009,-0.020000000000000018,,0.025125628140703515
3260,威剛,20240412,20240415,111.5,20240417,105.5,2,Close Confirmed Stop,20240416,0,-0.053811659192825156,-0.05738947859559081,-0.05928896524855964,2.840536021290125,0.041474654377880116,1.0,Breakout,0.08515981136357904,-0.0023789709059423834,0.08278084045763666,110.0,110.0,-0.013274336283185861,0.049327354260089606,-0.06726457399103136,0.03587443946188351,,,,-0.023696682464455
3260,威剛,20250217,20250218,84.0,20250227,85.7,8,Day 8 Time Stop,20250227,0,0.020238095238095166,0.016363333333333382,0.014352106384900098,2.3585415990479284,0.024539877300613577,1.0182926829268293,Breakout,0.25788608899833915,-0.0002863524425863353,0.2575997365557528,81.9,81.9,0.0059880239520957446,0.0535714285714286,-0.008333333333333415,0.030952380952380842,0.02499999999999991,0.029761904761904656,0.020238095238095166,0.023337222870478458
3260,威剛,20250514,20250515,91.1,20250526,91.8,8,Day 8 Time Stop,20250526,0,0.007683863885839859,0.0038453970297393906,0.001858416375581076,2.1033022408062614,0.033105022831050324,1.013437849944009,Breakout,0.1083077975376197,-0.059084098755781383,0.04922369878183832,88.6,88.6,0.006629834254143541,0.03841931942919863,-0.004390779363336872,0.02414928649835346,0.014270032930845389,0.020856201975850697,0.007683863885839859,0.019607843137254832
3260,威剛,20250606,20250609,100.5,20250616,96.2,5,Day 5 Weakness,20250613,0,-0.042786069651741254,-0.046406995761156096,-0.0483151300080565,3.18660452269981,0.056563500533617805,1.0443037974683544,Extended Breakout,0.18125460839463436,0.0386845521419299,0.21993916053656426,93.7,95.475,0.015151515151515138,0.01990049751243772,-0.04875621890547266,-0.02985074626865669,-0.0268656716417911,-0.047761194029850684,,0.05509355509355496
3260,威剛,20250812,20250813,96.5,20250820,96.0,5,Day 5 Weakness,20250819,0,-0.005181347150259086,-0.00895512413539613,-0.010938209091289917,2.7203059410525685,0.0224839400428265,1.0105820105820107,Breakout,0.27660448121753833,-0.009240246406570842,0.2673642348109675,94.4,94.4,0.010471204188481575,0.04663212435233155,-0.025906735751295318,-0.012435233160621784,0.030051813471502653,0.0,,0.05729166666666674
3260,威剛,20250905,20250908,113.0,20250917,134.0,8,Day 8 Time Stop,20250917,0,0.18584070796460184,0.181326568080916,0.17899605978535024,2.2836081352855095,0.04761904761904767,1.0091743119266054,Breakout,0.25187457835919397,0.0014665767166280469,0.253341155075822,105.5,107.35,0.027272727272727337,0.19469026548672574,-0.03982300884955747,-0.017699115044247815,0.03539823008849563,0.0663716814159292,0.18584070796460184,0.15671641791044766
3260,威剛,20250918,20250919,138.5,20250930,153.5,6,Trailing Stop,20250926,0,0.10830324909747291,0.10411654637797381,0.1019072221178536,2.966167440270345,0.02238805970149249,1.0148148148148148,Breakout,0.0965810470428448,0.030213606618101,0.1267946536609458,132.0,132.0,0.010948905109489093,0.11913357400722013,-0.028880866425992746,0.0036101083032491488,0.07220216606498187,0.06859205776173294,,0.18566775244299683
3260,威剛,20260824,20260825,437.5,20260826,421.0,1,Close Confirmed Stop,20260825,0,-0.0377142857142857,-0.04136146764330354,-0.043279699916923216,2.340744741500885,0.037869822485207205,1.0034324942791761,Breakout,0.39632443574152326,0.004208320450719709,0.40053275619224293,421.5,421.5,-0.0022805017103763037,0.0,-0.06971428571428573,-0.04342857142857148,,,,0.002375296912114022
3264,欣銓,20221111,20221114,48.6,20221123,50.1,8,Day 8 Time Stop,20221123,0,0.030864197530864113,0.026951617097025822,0.024923693286050087,2.3983060291987073,0.03422459893048124,1.0342245989304812,Extended Breakout,0.15405263345958695,3.57321517901808e-05,0.15408836561137712,47.1,47.1,0.005170630816959676,0.04526748971193406,-0.008230452674897082,0.002057613168724215,0.028806584362139898,0.030864197530864113,0.030864197530864113,0.02594810379241519
3264,欣銓,20230307,20230308,59.0,20230313,56.3,3,Close Confirmed Stop,20230310,0,-0.045762711864406835,-0.04937966915688374,-0.05128898554971592,3.107823310271421,0.03514938488576447,1.0261324041811846,Breakout,0.18095758237757145,0.08294192608774804,0.2638995084653195,57.3,57.3,0.0016977928692700761,0.025423728813559254,-0.04406779661016946,0.01016949152542379,-0.0423728813559322,,,0.056838365896980436
3264,欣銓,20230613,20230614,61.3,20230621,61.3,5,Trailing Stop,20230620,0,0.0,-0.0038015586390420077,-0.0058027432106267166,1.8601947391367535,0.02023608768971341,0.983739837398374,Pre-breakout,0.07464114832535886,0.06599043062200957,0.1406315789473684,59.7,59.7,0.013223140495867813,0.08482871125611746,-0.00815660685154973,0.0016313213703100793,0.04404567699836881,0.006525285481239873,,0.021207177814029476
3264,欣銓,20230728,20230731,65.3,20230801,61.7,1,Close Confirmed Stop,20230731,0,-0.05513016845329244,-0.058709942070455746,-0.060601267861038866,3.2011848725856193,0.042276422764227606,0.9891975308641975,Pre-breakout,0.0734981480923846,0.017615706585564155,0.09111385467794875,61.8,62.035,0.018720748829953227,0.0015313935681471325,-0.05666156202143946,-0.05513016845329244,,,,0.004862236628849326
3264,欣銓,20231201,20231204,75.5,20231213,80.4,8,Day 8 Time Stop,20231213,0,0.0649006622516557,0.060839405712761266,0.0587397993139458,2.755748449179106,0.05681818181818188,1.0333333333333334,Extended Breakout,0.06188437296239948,0.1137664855466203,0.1756508585090198,70.3,71.725,0.014784946236559016,0.0927152317880795,0.0,0.026490066225165476,0.05695364238410594,0.03178807947019879,0.0649006622516557,0.05099502487562191
3264,欣銓,20240319,20240320,86.4,20240325,82.1,3,Close Confirmed Stop,20240322,0,-0.0497685185185186,-0.05334947053959636,-0.0552540330442502,3.0363485961753685,0.05809641532756471,1.0490196078431373,Extended Breakout,0.12897749320915794,0.12086706926658906,0.249844562475747,81.4,82.08,0.009345794392523477,0.0254629629629628,-0.05555555555555569,-0.01620370370370372,-0.05208333333333337,,,0.04141291108404399
3264,欣銓,20240604,20240605,76.0,20240617,74.9,8,Day 8 Time Stop,20240617,0,-0.014473684210526194,-0.018240085458672648,-0.020171270912798182,1.8132942913031478,0.0369357045143639,1.0201884253028264,Breakout,0.1223095038852361,-0.04823670053795577,0.07407280334728034,73.2,73.2,0.0026385224274407815,0.006578947368421018,-0.023684210526315752,-0.013157894736842146,-0.0026315789473684292,0.0026315789473685403,-0.014473684210526194,0.03337783711615483
3264,欣銓,20250512,20250513,82.9,20250514,79.4,1,Close Confirmed Stop,20250513,0,-0.04221954161640529,-0.045843367658798415,-0.0477526299169221,2.7666872301048735,0.061518324607329644,1.041078305519897,Extended Breakout,0.16211993375207026,0.03575894503296772,0.19787887878503796,76.8,78.755,0.022194821208384896,0.006031363088057962,-0.053075995174909574,-0.05186972255729805,,,,-0.005037783375314908
3264,欣銓,20250908,20250909,85.1,20250918,84.8,8,Day 8 Time Stop,20250918,0,-0.003525264394829586,-0.007328011959742604,-0.009281040090094953,5.364263300964085,0.03221809169764556,1.027127003699137,Breakout,0.18532181519277893,0.04341930580973355,0.22874112100251248,78.7,80.84499999999998,0.021608643457383003,0.051703877790834296,-0.01997649823736769,0.009400705052879044,0.001175088131609936,0.003525264394829808,-0.003525264394829586,0.10849056603773599
3264,欣銓,20251031,20251103,95.5,20251110,89.8,5,Close Confirmed Stop,20251107,0,-0.0596858638743456,-0.06326210873695788,-0.06511453605248821,2.9425641025641025,0.05769230769230771,1.032008830022075,Extended Breakout,0.1321773747473673,-0.013190538240612702,0.1189868365067546,89.3,90.725,0.021390374331550888,0.07853403141361248,-0.0732984293193717,0.05759162303664911,-0.03560209424083771,-0.0732984293193717,,0.013363028953229383
3264,欣銓,20251208,20251209,92.9,20251216,92.9,5,Day 5 Weakness,20251215,0,0.0,-0.0038094219703399736,-0.005802819494155967,2.344435431154655,0.029147982062780242,0.9839228295819936,Pre-breakout,0.3279614574829201,0.005476517853306407,0.33343797533622654,90.0,90.0,0.011982570806100323,0.07534983853606025,-0.01829924650161463,-0.009687836383207804,0.019375672766415386,0.0,,0.017222820236813652
3264,欣銓,20260706,20260707,259.5,20260708,235.5,1,Close Confirmed Stop,20260707,0,-0.09248554913294793,-0.0959319365589777,-0.09774098258979584,2.3190924149138983,0.04048582995951411,1.021868787276342,Breakout,0.13641063114330057,-0.016657449560269013,0.11975318158303155,254.5,254.5,0.009727626459143934,0.009633911368015502,-0.10789980732177262,-0.10789980732177262,,,,0.03397027600849256
3265,台星科,20230918,20230919,92.0,20230921,88.0,2,Trailing Stop,20230920,0,-0.04347826086956519,-0.0470937208372217,-0.04901158577110982,2.9013946317191115,0.027491408934708028,1.0033557046979866,Breakout,0.15440877691995125,0.0,0.15440877691995125,86.2,87.39999999999999,0.02564102564102555,0.125,-0.03260869565217395,0.07173913043478253,,,,0.060227272727272796
3265,台星科,20240123,20240124,122.0,20240131,120.0,5,Day 5 Weakness,20240130,0,-0.016393442622950838,-0.02013243261320313,-0.022093158834941506,7.63771011676718,0.030172413793103425,1.0301724137931034,Extended Breakout,0.10022281861448969,0.0,0.10022281861448969,111.0,115.89999999999999,0.02092050209205021,0.05737704918032782,-0.049180327868852514,-0.020491803278688492,-0.032786885245901676,-0.004098360655737654,,0.07499999999999996
3265,台星科,20260113,20260114,138.0,20260123,142.0,8,Day 8 Time Stop,20260123,0,0.02898550724637672,0.02510180919954603,0.023050595062429596,2.9021418218906008,0.0692307692307692,1.0451127819548873,Extended Breakout,0.03876256702412868,0.01573081434316354,0.054493381367292225,128.0,131.1,-0.007194244604316502,0.08695652173913038,-0.01449275362318836,0.0,0.047101449275362306,0.0253623188405796,0.02898550724637672,0.09859154929577474
3265,台星科,20260505,20260506,192.0,20260511,180.5,3,Close Confirmed Stop,20260508,0,-0.05989583333333337,-0.06344279802429582,-0.06531683454050993,2.4230004513240875,0.02981029810298108,1.029810298102981,Breakout,0.09596950864245485,-0.001294749789603159,0.09467475885285169,181.0,182.39999999999998,0.010526315789473717,0.005208333333333259,-0.09375,-0.03125,-0.06770833333333337,,,0.03878116343490312
3276,宇環,20231115,20231116,27.7,20231120,27.05,2,Close Confirmed Stop,20231117,0,-0.023465703971119134,-0.02718827367207457,-0.02914177060004188,6.345630082292876,0.045112781954887105,1.045112781954887,Extended Breakout,0.025819166301708007,0.0,0.025819166301708007,26.9,26.9,-0.003597122302158362,0.03971119133574019,-0.03971119133573997,-0.023465703971119134,,,,0.014787430683918634
3290,東浦,20230223,20230224,27.3,20230306,26.0,4,Close Confirmed Stop,20230303,0,-0.04761904761904767,-0.05123485197116127,-0.05310328595304912,3.756508353330013,0.03831417624521083,1.0,Breakout,0.12739985099432632,0.0,0.12739985099432632,26.0,26.0,0.007380073800737907,0.02564102564102555,-0.0714285714285714,0.023809523809523725,-0.04029304029304037,,,0.1615384615384614
3290,東浦,20230330,20230331,30.3,20230412,30.75,5,Day 5 Weakness,20230411,0,0.014851485148514865,0.011013362657869306,0.00898645556951716,1.8455388262236463,0.03614457831325302,0.9885057471264369,Pre-breakout,0.06594624549736769,0.0,0.06594624549736769,28.9,28.9,0.006644518272425293,0.008250825082508184,-0.054455445544554504,0.0,-0.028052805280528115,-0.011551155115511635,,-0.016260162601625994
3293,鈊象,20230109,20230110,485.0,20230117,475.0,5,Day 5 Weakness,20230116,0,-0.020618556701030966,-0.024360577085515422,-0.02631285381018438,1.9904455060548827,0.050772626931567366,1.0258620689655173,Breakout,0.22103053778938833,0.010990000900819747,0.23202053869020808,455.5,460.75,0.018907563025210017,0.02680412371134011,-0.039175257731958735,-0.003092783505154628,-0.02268041237113405,-0.026804123711340222,,0.10526315789473695
3294,英濟,20250731,20250801,41.35,20250806,49.15,3,Trailing Stop,20250805,0,0.18863361547763002,0.18412343806006853,0.1817477793888803,5.385727428045735,0.0639386189258313,1.0060459492140266,Breakout,0.05920609990880535,0.0,0.05920609990880535,39.4,39.4,-0.006009615384615419,0.26723095525997564,-0.0193470374848852,0.10640870616686815,0.1559854897218862,,,0.03763987792472023
3311,閎暉,20250909,20250910,38.65,20250912,36.4,2,Close Confirmed Stop,20250911,0,-0.05821474773609314,-0.06179093732919172,-0.06367291015800887,3.3674136839603817,0.0681502086230874,0.9896907216494846,Pre-breakout,0.11076206634546344,0.0,0.11076206634546344,35.2,36.717499999999994,0.006510416666666741,0.019404915912031084,-0.06856403622250962,-0.015523932729624823,,,,-0.004120879120879106
3312,弘憶股,20240201,20240202,26.1,20240222,35.15,8,Day 8 Time Stop,20240222,0,0.3467432950191569,0.3416380841908075,0.3389490217866345,5.962679001422739,0.024096385542168752,1.0059171597633136,Breakout,0.054579303678032896,0.0,0.054579303678032896,25.4,25.4,0.02352941176470602,0.3601532567049808,-0.051724137931034586,0.0,0.07854406130268199,0.23946360153256707,0.3467432950191569,0.2574679943100997
3312,弘憶股,20240227,20240229,39.9,20240311,39.15,7,Trailing Stop,20240308,0,-0.018796992481203034,-0.02252567810547455,-0.024481616205097083,2.310101157754671,0.025445292620865034,1.0024875621890545,Breakout,0.03173073538949884,0.0,0.03173073538949884,38.15,38.15,-0.00992555831265507,0.21553884711779459,-0.00877192982456143,0.04761904761904767,0.10150375939849643,0.17794486215538852,,0.016602809706258048
3312,弘憶股,20260514,20260515,48.95,20260519,45.9,2,Close Confirmed Stop,20260518,0,-0.06230847803881523,-0.06585383758099936,-0.06772305729455402,2.4410604636871134,0.0328738069989396,0.9908443540183114,Pre-breakout,0.04890125246269032,0.0,0.04890125246269032,46.2,46.5025,0.005133470225872738,0.008171603677221695,-0.06537282941777334,-0.036772216547497516,,,,0.17429193899782125
3312,弘憶股,20260525,20260526,51.1,20260604,73.2,8,Day 8 Time Stop,20260604,0,0.4324853228962817,0.4270470579218001,0.42418225806517257,2.776429498308173,0.057712486883525704,1.0212765957446808,Breakout,0.13979087056558337,0.0,0.13979087056558337,47.7,48.545,0.01388888888888884,0.4324853228962817,-0.05381604696673192,0.03326810176125239,-0.03522504892367917,0.07827788649706457,0.4324853228962817,-0.015027322404371657
3317,尼克森,20260505,20260506,62.8,20260511,64.0,3,Trailing Stop,20260508,0,0.019108280254777066,0.015229781497350521,0.013231624779453883,3.0642096691498026,0.05602716468590829,1.0383973288814692,Extended Breakout,0.06945545114909997,0.0,0.06945545114909997,57.9,59.66,0.009646302250803762,0.1146496815286624,-0.0207006369426751,0.03343949044585992,-0.009554140127388422,,,0.203125
3324,雙鴻,20220106,20220107,214.0,20220118,224.0,8,Day 8 Time Stop,20220118,0,0.04672897196261672,0.04273989056452689,0.0406533439815268,2.6416427467432104,0.04938271604938271,1.0071090047393365,Breakout,0.16908210243621716,0.0419144446575868,0.21099654709380394,201.5,203.29999999999998,0.007058823529411784,0.06775700934579443,-0.032710280373831724,0.025700934579439227,0.014018691588784993,0.014018691588784993,0.04672897196261672,0.006696428571428603
3324,雙鴻,20221214,20221215,162.5,20221220,154.0,3,Close Confirmed Stop,20221219,0,-0.05230769230769228,-0.055897298742979405,-0.057786446417895904,1.9211190486375498,0.04472843450479225,1.0092592592592593,Breakout,0.08765166778598613,0.024625027982986346,0.11227669576897246,157.0,157.0,-0.006116207951070374,0.03076923076923066,-0.0461538461538461,0.027692307692307683,-0.043076923076923124,,,0.006493506493506551
3324,雙鴻,20231116,20231117,348.0,20231128,352.0,7,Trailing Stop,20231127,0,0.011494252873563315,0.007648630594522378,0.005632312496713592,2.4689896202362425,0.04354354354354362,1.0014409221902016,Breakout,0.06050594214528641,0.02758989644235546,0.08809583858764186,334.0,334.0,0.0014388489208632116,0.11494252873563227,-0.02298850574712641,0.005747126436781658,0.11063218390804597,0.051724137931034475,,0.04403409090909083
3324,雙鴻,20240130,20240131,384.5,20240201,376.0,1,Close Confirmed Stop,20240131,0,-0.022106631989596837,-0.025830750258307503,-0.02779464179272265,4.717463031777873,0.04946524064171132,1.0102960102960103,Breakout,0.07569481899902818,0.04640427599611273,0.12209909499514092,377.0,377.0,-0.020382165605095537,0.0039011703511053764,-0.020806241872561748,-0.020806241872561748,,,,0.25265957446808507
3325,旭品,20230607,20230608,26.6,20230615,26.3,5,Day 5 Weakness,20230614,0,-0.011278195488721776,-0.015041580249548136,-0.0170158374975506,1.8747281426707263,0.047337278106508895,1.0056818181818183,Breakout,0.06669507777541019,0.0,0.06669507777541019,25.1,25.27,0.0018832391713747842,0.05451127819548862,-0.0413533834586467,-0.0413533834586467,-0.024436090225564033,-0.005639097744360999,,0.28897338403041806
3338,泰碩,20240216,20240219,68.0,20240221,65.5,2,Close Confirmed Stop,20240220,0,-0.03676470588235292,-0.04045,-0.0423117076609242,2.48193046677323,0.027480916030534264,0.9926253687315634,Pre-breakout,0.11307915669650584,0.00016085228548578354,0.11324000898199162,65.8,65.8,0.010401188707280795,0.00588235294117645,-0.04705882352941182,-0.027941176470588358,,,,0.032061068702289974
3338,泰碩,20240301,20240304,69.5,20240311,69.2,5,Trailing Stop,20240308,0,-0.004316546762589857,-0.008085695693524412,-0.010070513500186869,2.215506856530217,0.022556390977443552,0.9927007299270073,Pre-breakout,0.05316321016517778,-8.838424236231988e-05,0.053074825922815455,66.1,66.1,0.022058823529411686,0.15827338129496393,-0.04604316546762599,-0.02877697841726623,0.05323741007194238,0.018705035971223083,,0.07658959537572252
3339,泰谷,20240409,20240410,37.75,20240417,37.65,5,Day 5 Weakness,20240416,0,-0.0026490066225165476,-0.006449784062296825,-0.008409328261772146,2.66302066772655,0.04513399153737652,1.0451339915373765,Extended Breakout,0.03112974839664529,0.0,0.03112974839664529,35.15,35.8625,0.018893387314440124,0.041059602649006655,-0.04370860927152309,-0.017218543046357615,-0.015894039735099397,-0.0026490066225165476,,0.1447543160690572
3346,麗清,20230324,20230327,44.6,20230406,43.0,5,Day 5 Weakness,20230331,0,-0.0358744394618834,-0.03956215480669177,-0.04145614552835563,2.9254056693954493,0.0361726954492414,1.0125427594070695,Breakout,0.10535877533482339,0.0,0.10535877533482339,42.9,42.9,0.0045045045045044585,0.012331838565022402,-0.04260089686098656,-0.012331838565022513,-0.03363228699551568,-0.03811659192825123,,0.019767441860465196
3346,麗清,20230613,20230614,48.65,20230621,47.5,5,Day 5 Weakness,20230620,0,-0.023638232271325776,-0.027364544835959424,-0.02931081645768781,3.7405945513137095,0.025504782146652527,0.990759753593429,Pre-breakout,0.12427453152735074,0.0,0.12427453152735074,47.05,47.05,0.008290155440414448,0.023638232271325776,-0.031860226104830414,0.020554984583761593,-0.029804727646454143,-0.023638232271325776,,0.0378947368421052
3346,麗清,20231012,20231013,52.3,20231020,51.5,5,Day 5 Weakness,20231019,0,-0.015296367112810683,-0.0190594364891143,-0.020989009418465238,2.7397232085730425,0.04809619238476959,0.9924098671726754,Pre-breakout,0.2000802965841196,0.00020863481063470047,0.20028893139475432,50.5,50.5,0.0,0.0497131931166348,-0.03250478011472269,0.007648183556405508,0.019120458891013437,-0.011472275334607929,,0.027184466019417375
3346,麗清,20231222,20231225,54.5,20240102,53.3,5,Day 5 Weakness,20231229,0,-0.022018348623853212,-0.02574448927868743,-0.027700772706263907,10.399521646674048,0.025096525096525157,1.0191938579654511,Breakout,0.1862040482489706,0.001582908143936926,0.18778695639290752,51.8,51.8,0.026365348399246757,0.02752293577981657,-0.03853211009174318,-0.011009174311926606,-0.0018348623853211565,-0.03302752293577982,,0.0
3356,奇偶,20240401,20240402,56.1,20240411,55.4,5,Day 5 Weakness,20240410,0,-0.012477718360071388,-0.016243234766128215,-0.018211756762496412,2.0424830400189173,0.06730769230769229,1.010928961748634,Breakout,0.14820233345341233,0.0,0.14820233345341233,52.4,53.295,0.010810810810810922,0.033868092691622165,-0.028520499108734443,0.0035650623885916666,-0.010695187165775444,-0.007130124777183555,,0.023465703971119245
3362,先進光,20231121,20231122,165.0,20231201,193.0,8,Day 8 Time Stop,20231201,0,0.16969696969696968,0.16524416775445996,0.16291249517460282,4.02970435757321,0.03571428571428581,1.009493670886076,Breakout,0.0529579921507825,0.024322883860652164,0.07728087601143466,154.0,156.75,0.034482758620689724,0.17878787878787872,-0.00303030303030305,0.06060606060606055,0.12424242424242427,0.08181818181818179,0.16969696969696968,0.007772020725388629
3362,先進光,20240123,20240124,185.0,20240202,210.0,8,Day 8 Time Stop,20240202,0,0.1351351351351351,0.1308118204255887,0.12854904226546937,3.4723819342559183,0.054913294797687806,1.0055096418732783,Breakout,0.08621973060982831,-0.015837773830669036,0.07038195677915926,174.5,175.75,0.013698630136986356,0.16756756756756763,-0.04594594594594592,-0.01621621621621616,-0.027027027027026973,0.043243243243243246,0.1351351351351351,0.2142857142857142
3363,上詮,20231129,20231130,77.0,20231205,73.7,3,Close Confirmed Stop,20231204,0,-0.042857142857142816,-0.046477557150008245,-0.04838555006237204,2.873917778548439,0.029649595687331498,1.0052631578947369,Breakout,0.1190821767923985,0.0,0.1190821767923985,74.6,74.6,0.00785340314136107,0.06363636363636371,-0.042857142857142816,0.0181818181818183,-0.038961038961038974,,,0.04477611940298498
3363,上詮,20240201,20240202,78.8,20240222,91.8,8,Day 8 Time Stop,20240222,0,0.1649746192893402,0.16053545199626118,0.15821319482221416,7.645117404010884,0.06858710562414272,1.0116883116883117,Breakout,0.03135808224555894,0.0,0.03135808224555894,72.4,74.86,0.011553273427471034,0.2208121827411169,-0.055837563451776595,-0.019035532994923887,-0.0050761421319796,0.14086294416243672,0.1649746192893402,0.3779956427015252
3363,上詮,20240620,20240621,165.0,20240625,148.0,2,Close Confirmed Stop,20240624,0,-0.10303030303030303,-0.10643638919570238,-0.10822441603290744,1.987881024286505,0.056782334384858135,1.0090361445783131,Breakout,0.03221029317917339,0.0,0.03221029317917339,155.5,156.75,-0.014925373134328401,0.0060606060606061,-0.09696969696969693,-0.027272727272727226,,,,0.07094594594594605
3363,上詮,20250108,20250109,304.5,20250114,275.0,3,Close Confirmed Stop,20250113,0,-0.09688013136288998,-0.10032492546812716,-0.10212519619536824,3.530380595811154,0.04054054054054057,1.0405405405405406,Extended Breakout,0.10108307790114207,0.010716799491406127,0.1117998773925482,285.5,289.275,-0.011363636363636354,0.03776683087027921,-0.09359605911330049,-0.024630541871921152,-0.09359605911330049,,,0.270909090909091
3363,上詮,20250710,20250711,294.5,20250715,280.5,2,Close Confirmed Stop,20250714,0,-0.04753820033955858,-0.0511484885655235,-0.05304713724484459,3.5594932773762338,0.04440497335701599,0.98,Pre-breakout,0.07767033773861967,0.004510174113698343,0.08218051185231802,283.0,283.0,0.001700680272108901,0.005093378607809784,-0.04753820033955858,-0.01358234295415961,,,,0.08734402852049916
3363,上詮,20250731,20250801,300.0,20250808,296.5,5,Day 5 Weakness,20250807,0,-0.011666666666666714,-0.015427162468345995,-0.017401611205815223,2.023362628626949,0.06597222222222232,1.0,Breakout,0.06008431103661943,0.007872416069886739,0.06795672710650617,288.0,288.0,-0.0228013029315961,0.03833333333333333,-0.02833333333333332,0.01333333333333342,-0.0050000000000000044,-0.015000000000000013,,0.23271500843170312
3372,典範,20260120,20260121,25.0,20260122,24.0,1,Close Confirmed Stop,20260121,0,-0.040000000000000036,-0.043615886978541914,-0.04553561872435762,2.8015405412298824,0.036363636363636376,1.034274193548387,Extended Breakout,0.025309425579181213,0.0,0.025309425579181213,24.1,24.1,-0.025341130604288442,0.0020000000000000018,-0.06000000000000005,-0.052000000000000046,,,,0.029166666666666563
3374,精材,20231106,20231107,129.0,20231114,129.5,5,Day 5 Weakness,20231113,0,0.003875968992248069,6.68002672010688e-05,-0.0019343389813948817,3.555586137296727,0.05785123966942152,1.0158730158730158,Breakout,0.14331905968714498,0.0074281219959800755,0.15074718168312506,122.5,122.55,0.0078125,0.04263565891472876,-0.023255813953488413,0.007751937984496138,0.0,-0.003875968992248069,,0.03474903474903468
3374,精材,20240607,20240611,140.0,20240620,172.5,7,Trailing Stop,20240619,0,0.2321428571428572,0.22744561590818096,0.22498946735479963,3.693051418526295,0.034482758620689724,0.996309963099631,Pre-breakout,0.12209473684210527,-0.0004210526315789474,0.12167368421052631,130.0,133.0,0.03703703703703698,0.30714285714285716,-0.014285714285714235,0.046428571428571486,0.23571428571428577,0.24285714285714288,,0.05797101449275366
3374,精材,20240708,20240709,207.5,20240715,221.5,4,Trailing Stop,20240712,0,0.06746987951807237,0.06339488826441857,0.061267005950160956,1.8946028527901533,0.04020100502512558,1.0402010050251256,Extended Breakout,0.0053249252287121745,0.028149190710767064,0.03347411593947924,197.5,197.5,0.0024154589371980784,0.12048192771084332,-0.04337349397590362,0.0,0.12048192771084332,,,0.02934537246049662
3374,精材,20250922,20250923,154.0,20250930,143.0,4,Close Confirmed Stop,20250926,0,-0.0714285714285714,-0.07494646680942184,-0.07679749725548694,3.3105002253267237,0.047945205479452024,1.02,Breakout,0.3394048698973502,-0.0007161613750298401,0.33868870852232036,147.0,147.0,0.006535947712418277,0.0032467532467532756,-0.08116883116883122,-0.025974025974025983,-0.045454545454545414,,,0.02447552447552437
3374,精材,20251103,20251104,159.5,20251105,146.0,1,Close Confirmed Stop,20251104,0,-0.08463949843260188,-0.08810587372491499,-0.08994908034100912,3.204925172222662,0.02941176470588225,1.0128617363344052,Breakout,0.04542503387951213,-0.00012319822594554638,0.04530183565356659,152.5,152.5,0.012698412698412653,0.0,-0.0658307210031348,-0.059561128526645746,,,,0.051369863013698724
3374,精材,20260108,20260109,175.0,20260120,178.0,8,Day 8 Time Stop,20260120,0,0.017142857142857126,0.01329458529578782,0.011266988521511838,7.592636863495099,0.038690476190476275,1.032544378698225,Extended Breakout,0.08921982458793286,0.06458490851353395,0.1538047331014668,167.5,167.5,0.002865329512893977,0.06000000000000005,-0.05714285714285716,-0.02571428571428569,0.011428571428571344,0.0257142857142858,0.017142857142857126,0.09550561797752799
3374,精材,20260512,20260513,247.0,20260519,247.0,4,Trailing Stop,20260518,0,0.0,-0.003812836549717382,-0.005806229947675677,2.303167436517659,0.026104417670682833,1.0261044176706828,Breakout,0.10519825355756791,0.005904604935814509,0.11110285849338243,236.5,236.5,-0.0332681017612525,0.15384615384615374,-0.06882591093117407,-0.04048582995951422,0.1255060728744939,,,0.08097165991902844
3374,精材,20260624,20260625,317.5,20260626,297.5,1,Close Confirmed Stop,20260625,0,-0.06299212598425197,-0.06655055765817061,-0.0684183961204334,2.384012167104559,0.028006589785831926,1.028006589785832,Breakout,0.2433434438719977,0.0,0.2433434438719977,286.0,301.625,0.017628205128205066,0.0,-0.06141732283464563,-0.050393700787401574,,,,0.08067226890756296
3376,新日興,20231117,20231120,131.5,20231124,122.0,4,Close Confirmed Stop,20231123,0,-0.07224334600760451,-0.07574848302993932,-0.07761331782858616,2.789762863868273,0.039682539682539764,1.0274509803921568,Breakout,0.015445054317652487,0.03952524511076267,0.05497029942841516,124.5,124.925,0.003816793893129722,0.0076045627376426506,-0.09125475285171103,-0.011406844106463865,-0.03802281368821292,,,0.05327868852459017
3376,新日興,20240215,20240216,186.0,20240220,157.5,2,Close Confirmed Stop,20240219,0,-0.15322580645161288,-0.15643567661392616,-0.15812365074953766,1.889093638557526,0.05633802816901401,1.016260162601626,Breakout,0.0006622309268167419,0.04186520270864537,0.04252743363546211,172.5,176.7,-0.008000000000000007,0.0026881720430107503,-0.13440860215053763,-0.040322580645161255,,,,0.09841269841269851
3376,新日興,20240520,20240521,198.5,20240528,194.5,5,Day 5 Weakness,20240527,0,-0.02015113350125941,-0.02387820780043688,-0.025822712214851995,2.818254566437349,0.034482758620689724,1.0129870129870129,Breakout,0.02010882827122653,0.06665831970895579,0.08676714798018231,189.5,189.5,0.017948717948717885,0.055415617128463435,-0.04030226700251893,-0.035264483627204024,0.015113350125944613,-0.027707808564231717,,0.20308483290488422
3376,新日興,20241204,20241205,212.0,20241211,197.5,4,Close Confirmed Stop,20241210,0,-0.06839622641509435,-0.07194689673622258,-0.0737705441043216,4.149300183745549,0.057644110275689275,1.0394088669950738,Extended Breakout,-0.0013174160616547504,0.02787279232343816,0.026555376261783406,200.5,201.39999999999998,0.004739336492890933,0.007075471698113178,-0.07547169811320753,-0.01650943396226412,-0.04245283018867929,,,0.0151898734177216
3376,新日興,20250217,20250218,290.5,20250303,273.5,8,Close Confirmed Stop,20250227,0,-0.058519793459552494,-0.062104331267643274,-0.06394770370266284,3.123492093744728,0.026501766784452263,1.0265017667844523,Breakout,0.025396706364471045,0.01676944875244744,0.042166155116918486,280.0,280.0,0.0,0.04130808950086062,-0.06540447504302926,0.0034423407917383297,-0.005163511187607606,0.0206540447504302,-0.04647160068846812,0.02925045703839113
3376,新日興,20250723,20250724,241.5,20250731,235.5,5,Day 5 Weakness,20250730,0,-0.024844720496894457,-0.028573336003738566,-0.030517195142341445,1.8989701793405898,0.04772234273318876,0.9857142857142858,Pre-breakout,0.016489975410199538,0.020222339790181787,0.036712315200381325,233.5,233.5,0.0,0.024844720496894457,-0.039337474120082816,0.010351966873705987,-0.02898550724637683,-0.026915113871635588,,0.03609341825902335
3380,明泰,20220804,20220805,31.8,20220812,31.9,5,Day 5 Weakness,20220811,0,0.0031446540880502027,-0.0006566798002628175,-0.002660396769128664,2.445535608619598,0.05823627287853572,0.9891135303265941,Pre-breakout,0.17836187303613182,0.0,0.17836187303613182,29.8,30.21,0.0,0.02515723270440251,-0.028301886792452935,0.0015723270440251014,0.0062893081761006275,-0.009433962264150941,,0.018808777429467183
3380,明泰,20221123,20221124,30.45,20221128,29.3,2,Close Confirmed Stop,20221125,0,-0.0377668308702791,-0.04145107939443931,-0.0433062580318081,2.6296577201686073,0.030456852791878042,1.015,Breakout,0.0314295056930778,0.0,0.0314295056930778,29.6,29.6,0.0,0.0016420361247948545,-0.031198686371100126,-0.014778325123152691,,,,0.10238907849829348
3380,明泰,20221129,20221130,31.3,20221209,30.85,8,Day 8 Time Stop,20221209,0,-0.014376996805111841,-0.018138238647349387,-0.020073558608497025,3.5627484658985473,0.05025125628140703,1.0278688524590165,Breakout,0.09381438676072493,0.0,0.09381438676072493,29.7,29.735,-0.0015948963317384823,0.03194888178913735,-0.02715654952076685,-0.009584664536741228,-0.0031948881789137795,0.0015974440894568342,-0.014376996805111841,0.014586709886547755
3380,明泰,20230307,20230308,33.9,20230317,34.3,8,Day 8 Time Stop,20230317,0,0.01179941002949847,0.00795874528012377,0.005941811704078007,4.390281926516427,0.028571428571428692,1.0,Breakout,0.06142764122361348,-0.006598365553431627,0.05482927567018185,33.4,33.4,-0.008771929824561542,0.05162241887905594,-0.014749262536873142,0.019174041297935096,0.019174041297935096,0.038348082595870414,0.01179941002949847,0.018950437317784452
3380,明泰,20230418,20230419,38.4,20230424,35.85,3,Close Confirmed Stop,20230421,0,-0.06640624999999989,-0.06994607098098805,-0.07181164389407564,3.4982962827802457,0.025367156208277564,1.0145310435931307,Breakout,0.10405004491901336,0.0,0.10405004491901336,37.0,37.0,0.0,0.03776041666666674,-0.07161458333333337,0.01171875,-0.07161458333333337,,,0.009762900976290068
3380,明泰,20230531,20230601,38.65,20230608,38.1,5,Day 5 Weakness,20230607,0,-0.014230271668822736,-0.0179906946981108,-0.01992722874521646,4.441253516470672,0.028037383177569986,1.0144927536231882,Breakout,0.1405756549476389,0.0015872136811298867,0.14216286862876878,37.5,37.5,0.003896103896103842,0.024579560155239433,-0.027166882276843385,0.0077619663648125226,0.001293661060802087,-0.014230271668822736,,0.020997375328083878
3380,明泰,20230616,20230619,40.3,20230628,38.5,5,Close Confirmed Stop,20230627,0,-0.04466501240694787,-0.04828105830266167,-0.050190304648886144,5.469939554297091,0.057667103538663333,1.018939393939394,Breakout,0.2686154215593349,0.0,0.2686154215593349,38.35,38.35,-0.0012391573729865213,0.023573200992555998,-0.0645161290322579,-0.02481389578163773,-0.002481389578163684,-0.06203473945409432,,0.14675324675324664
3380,明泰,20230703,20230704,43.1,20230711,42.25,5,Day 5 Weakness,20230710,0,-0.019721577726218076,-0.023445830667519797,-0.02540527748037678,2.4679346758917395,0.06234718826405872,1.0271867612293146,Breakout,0.06021525068047027,0.0,0.06021525068047027,41.1,41.1,-0.008055235903337232,0.040603248259860836,-0.04292343387470998,0.016241299303944245,-0.029002320185614883,-0.022041763341067333,,0.15502958579881643
3380,明泰,20231226,20231227,38.1,20240104,37.45,5,Close Confirmed Stop,20240103,0,-0.017060367454068248,-0.020787286601526143,-0.02275142937403948,2.047071413899786,0.04814305364511684,0.983225806451613,Pre-breakout,0.14359884400668463,0.0,0.14359884400668463,36.8,36.8,0.0,0.011811023622047223,-0.04199475065616798,-0.014435695538057902,-0.009186351706036766,-0.03937007874015752,,0.04672897196261672
3380,明泰,20240122,20240123,38.65,20240201,38.3,8,Day 8 Time Stop,20240201,0,-0.009055627425614499,-0.012818120009065289,-0.014798327577161766,2.2783048630462357,0.025032938076416267,0.9923469387755101,Pre-breakout,0.07634465366814301,0.0,0.07634465366814301,37.8,37.8,-0.006426735218509005,0.02975420439844756,-0.014230271668822736,0.015523932729624823,0.011642949547218784,0.0038809831824062613,-0.009055627425614499,0.031331592689295196
3380,明泰,20260114,20260115,35.3,20260119,33.5,2,Close Confirmed Stop,20260116,0,-0.050991501416430496,-0.054573289706721005,-0.05646507565022268,3.9528012260281224,0.04347826086956519,1.005780346820809,Breakout,0.12224686745571345,0.0,0.12224686745571345,33.8,33.8,0.014367816091954033,0.0,-0.052407932011331315,-0.03116147308781858,,,,0.08507462686567169
3380,明泰,20260529,20260601,39.1,20260608,33.75,5,Day 5 Weakness,20260605,0,-0.13682864450127885,-0.14010706059989936,-0.14179864716140533,2.742007197257593,0.06925207756232687,1.0144546649145862,Breakout,0.21396726000378108,-3.8394419110100295e-05,0.21392886558467097,36.45,37.145,0.012953367875647714,0.0421994884910486,-0.04475703324808189,-0.007672634271099876,0.037084398976982014,-0.04092071611253201,,0.07555555555555538
3390,旭軟,20220822,20220823,25.25,20220830,24.6,5,Close Confirmed Stop,20220829,0,-0.025742574257425654,-0.029464493985137695,-0.03137948809719074,4.316816198864104,0.04073319755600813,1.0,Breakout,0.028281363306744016,0.0,0.028281363306744016,24.6,24.6,-0.011741682974559686,0.03366336633663369,-0.0653465346534653,-0.005940594059405835,-0.01980198019801982,-0.047524752475247456,,0.04268292682926811
3406,玉晶光,20221115,20221116,373.0,20221125,391.5,8,Day 8 Time Stop,20221125,0,0.04959785522788196,0.04562508374648265,0.043532794499937216,1.977198595337376,0.049575070821529676,1.0349162011173185,Extended Breakout,0.0019210285344079471,0.04071231061428712,0.04263333914869507,352.5,354.34999999999997,0.006747638326585648,0.10991957104557648,-0.025469168900804307,-0.00536193029490617,0.03753351206434319,0.05898123324396787,0.04959785522788196,0.03703703703703698
3406,玉晶光,20230605,20230606,410.0,20230607,388.5,1,Close Confirmed Stop,20230606,0,-0.05243902439024395,-0.05602498163115356,-0.05791387141235147,3.724916167187911,0.05243445692883886,1.0047675804529201,Breakout,0.0847213211892542,0.0034864545138703486,0.08820777570312455,407.0,407.0,-0.027283511269276417,0.0012195121951219523,-0.05853658536585371,-0.0536585365853659,,,,0.039897039897039965
3406,玉晶光,20231214,20231215,433.5,20231220,414.0,3,Close Confirmed Stop,20231219,0,-0.04498269896193774,-0.0486072819021839,-0.05051102442871971,4.400814110203553,0.031325301204819356,1.0251497005988024,Breakout,0.34564020032038745,0.024139676586148913,0.36977987690653635,420.5,420.5,0.012850467289719614,0.0,-0.053056516724336755,-0.012687427912341454,-0.04844290657439443,,,0.0036231884057971175
3406,玉晶光,20240321,20240322,478.0,20240327,508.0,3,Trailing Stop,20240326,0,0.06276150627615062,0.05872234214786832,0.056603834618094324,3.121477596116288,0.029189189189189113,1.0236559139784946,Breakout,0.07104368447976064,0.001203109898637872,0.07224679437839851,464.0,464.0,0.004201680672268893,0.12552301255230125,-0.024058577405857706,0.009414225941422494,0.043933054393305415,,,0.015748031496062964
3413,京鼎,20240314,20240315,262.0,20240326,299.5,8,Day 8 Time Stop,20240326,0,0.14312977099236646,0.13878848728246318,0.13650976326609005,2.3012413655120323,0.06693711967545646,0.9924528301886792,Pre-breakout,0.22439932616182667,0.030243686851126664,0.25464301301295333,246.5,248.89999999999998,-0.0038022813688213253,0.2232824427480915,-0.003816793893129722,0.03053435114503822,0.11259541984732824,0.12213740458015265,0.14312977099236646,0.06510851419031716
3413,京鼎,20240926,20240927,377.0,20241001,356.5,2,Close Confirmed Stop,20240930,0,-0.05437665782493373,-0.05794596408793422,-0.0598309969262809,1.8563152587291865,0.04038997214484685,0.9880952380952381,Pre-breakout,0.04067756704560278,0.023544309435859254,0.06422187648146203,361.0,361.0,0.009370816599732157,0.01458885941644561,-0.05835543766578244,-0.03183023872679047,,,,0.04207573632538564
3413,京鼎,20260630,20260701,333.5,20260713,334.0,8,Day 8 Time Stop,20260713,0,0.0014992503748125774,-0.0023069021839796588,-0.00430329101882966,4.069536118930354,0.052547770700636987,0.9984894259818731,Pre-breakout,0.3248864021897954,0.0,0.3248864021897954,324.0,324.0,0.00907715582450841,0.07346326836581718,-0.04197901049475261,-0.004497751124437732,-0.020989505247376306,0.03148425787106457,0.0014992503748125774,0.14820359281437123
3441,聯一光,20220810,20220811,45.4,20220818,42.7,5,Day 5 Weakness,20220817,0,-0.05947136563876643,-0.0630504403522817,-0.06489196614379719,3.565203962318265,0.06338028169014076,1.0191226096737906,Breakout,0.0571498855341022,0.004967388017796208,0.06211727355189841,42.05,43.129999999999995,0.002207505518763808,0.02753303964757703,-0.0638766519823788,-0.02753303964757714,-0.04625550660792954,-0.04735682819383258,,0.03981264637002324
3441,聯一光,20230323,20230324,49.35,20230327,47.05,1,Close Confirmed Stop,20230324,0,-0.046605876393110535,-0.05022449357552952,-0.05212500136407629,1.9793646483844691,0.05965292841648595,1.0072164948453608,Breakout,0.05148914689550732,0.0,0.05148914689550732,45.7,46.8825,0.010235414534288667,0.05977710233029376,-0.05369807497467072,-0.05369807497467072,,,,0.004250797024442088
3450,聯鈞,20240215,20240216,65.4,20240229,68.7,8,Trailing Stop,20240227,0,0.050458715596330306,0.04646723532631178,0.04437324227435513,2.760547038836789,0.05237315875613735,1.0046875,Breakout,0.09240208293185101,0.0,0.09240208293185101,60.4,62.13,0.017107309486780853,0.18807339449541272,-0.025993883792048922,0.08103975535168195,0.039755351681957096,0.041284403669724634,0.06574923547400613,0.19213973799126638
3450,聯鈞,20240304,20240305,78.0,20240311,71.1,4,Close Confirmed Stop,20240308,0,-0.08846153846153848,-0.09193031637965567,-0.0937473794717015,2.7340357985278545,0.06094182825484751,0.9858429858429857,Pre-breakout,0.06999733943411769,0.03989864366269605,0.10989598309681374,74.7,74.7,0.018276762402088753,0.050000000000000044,-0.10897435897435892,0.023076923076922995,-0.030769230769230882,,,0.05485232067510548
3450,聯鈞,20240410,20240411,76.0,20240412,73.0,1,Close Confirmed Stop,20240411,0,-0.03947368421052633,-0.043096541594338365,-0.04501128928940823,3.003497202985646,0.0631868131868134,0.9872448979591837,Pre-breakout,0.08687646451624019,-0.00011395129133819542,0.086762513224902,74.0,74.0,-0.01808785529715773,0.010526315789473717,-0.046052631578947345,-0.046052631578947345,,,,0.0
3450,聯鈞,20240516,20240517,74.4,20240528,97.9,8,Day 8 Time Stop,20240528,0,0.3158602150537635,0.31086640529151344,0.3082309491119624,3.7288424835889677,0.06578947368421062,1.0369843527738265,Extended Breakout,0.21040313910467986,0.01496679037591975,0.2253699294805996,69.3,70.68,0.020576131687242816,0.35752688172043,-0.012096774193548487,0.021505376344086002,0.06317204301075252,0.06989247311827951,0.3158602150537635,0.04698672114402447
3450,聯鈞,20241015,20241016,234.0,20241028,224.0,8,Close Confirmed Stop,20241025,0,-0.042735042735042694,-0.04635562675210252,-0.04826386332818017,2.7266573557850804,0.026315789473684292,1.0263157894736843,Breakout,0.04079392789986563,0.008133594823354085,0.04892752272321971,228.0,228.0,0.0,0.079059829059829,-0.08760683760683763,-0.019230769230769273,-0.008547008547008517,0.03205128205128216,-0.042735042735042694,0.1383928571428572
3450,聯鈞,20250917,20250918,220.5,20250930,272.0,8,Day 8 Time Stop,20250930,0,0.2335600907029478,0.22886666666666666,0.22640651938193387,2.9748607651950043,0.054892601431980825,0.9932584269662922,Pre-breakout,0.05930629017732091,-9.912066096828595e-05,0.05920716951635263,207.5,209.475,-0.002262443438914019,0.30612244897959173,-0.009070294784580546,0.024943310657596474,0.17233560090702937,0.2630385487528344,0.2335600907029478,0.12867647058823528
3450,聯鈞,20251208,20251209,270.0,20251216,261.0,5,Day 5 Weakness,20251215,0,-0.033333333333333326,-0.037022213327996795,-0.038949159285445074,2.7014674402515073,0.06717850287907878,1.0090744101633393,Breakout,0.11572827882552629,-1.528435542136163e-05,0.11571299447010493,258.0,258.0,-0.02877697841726623,0.07037037037037042,-0.03703703703703709,0.025925925925925908,0.0,-0.03518518518518521,,0.0
3454,晶睿,20221129,20221130,200.0,20221206,211.0,4,Trailing Stop,20221205,0,0.05499999999999994,0.050979608156737306,0.04888314377819028,2.4336148388634258,0.054973821989528826,1.0228426395939085,Breakout,0.04074970436331084,0.0005637310880299918,0.04131343545134083,189.0,190.0,-0.007444168734491274,0.14500000000000002,-0.010000000000000009,0.0024999999999999467,0.0674999999999999,,,0.1090047393364928
3454,晶睿,20230302,20230303,257.0,20230315,270.0,8,Trailing Stop,20230314,0,0.05058365758754868,0.04660675965665236,0.04451250647656005,2.5626705896385498,0.06498951781970641,1.0,Breakout,0.056660744886711766,0.0364628317663931,0.09312357665310488,242.5,244.14999999999998,0.011811023622047223,0.14591439688715946,-0.0038910505836575737,0.08560311284046684,0.14591439688715946,0.06809338521400776,0.027237354085603016,0.025925925925925908
3455,由田,20240704,20240705,134.0,20240712,130.0,5,Day 5 Weakness,20240711,0,-0.02985074626865669,-0.033551883321067774,-0.03548577019519045,2.1665078478406117,0.06374501992031867,0.9925650557620818,Pre-breakout,0.024658829887852993,0.0007127865603747241,0.02537161644822772,126.5,127.3,0.0037453183520599342,0.02238805970149249,-0.052238805970149294,-0.03731343283582089,-0.02985074626865669,-0.014925373134328401,,0.0
3483,力致,20230703,20230704,91.8,20230707,89.6,3,Close Confirmed Stop,20230706,0,-0.023965141612200425,-0.02769650086175801,-0.02964211345808659,2.1636263521554557,0.03171007927519809,1.0122222222222221,Breakout,0.05221329251179997,-0.010077816047965302,0.04213547646383467,90.5,90.5,0.007683863885839859,0.022875816993464193,-0.03812636165577343,-0.008714596949891074,-0.019607843137254832,,,0.2220982142857144
3483,力致,20231120,20231121,158.0,20231124,163.5,3,Trailing Stop,20231123,0,0.034810126582278444,0.03087969471781482,0.028816896626930755,2.6567810305481827,0.058020477815699634,0.9841269841269841,Pre-breakout,0.04512738336713996,0.024908722109533467,0.07003610547667342,148.0,150.1,0.019354838709677358,0.139240506329114,-0.006329113924050667,0.05696202531645578,0.028481012658227778,,,0.0183486238532109
3483,力致,20240124,20240125,167.0,20240126,163.0,1,Close Confirmed Stop,20240125,0,-0.0239520958083832,-0.027687677645878615,-0.029599905367959718,3.6217357248118103,0.021671826625387025,0.990990990990991,Pre-breakout,0.09369762496991094,0.020500682018775574,0.11419830698868651,163.0,163.0,0.0121212121212122,0.0029940119760478723,-0.026946107784431184,-0.026946107784431184,,,,0.08282208588957052
3483,力致,20240202,20240205,175.5,20240215,171.5,1,Close Confirmed Stop,20240205,0,-0.022792022792022748,-0.026501825979160384,-0.02844980065659559,3.9686590781481295,0.04878048780487809,1.0058479532163742,Breakout,0.0546634004717837,0.0,0.0546634004717837,166.0,166.725,0.02034883720930236,0.031339031339031376,-0.054131054131054124,-0.054131054131054124,,,,0.061224489795918435
3483,力致,20240517,20240520,171.0,20240529,198.0,8,Day 8 Time Stop,20240529,0,0.1578947368421053,0.15348899355312823,0.15118084354667685,2.6105459307010475,0.05919003115264787,1.0089020771513353,Breakout,0.08292858041782028,0.006166624716838661,0.08909520513465895,159.0,162.45,0.00588235294117645,0.21052631578947367,-0.005847953216374324,0.01754385964912286,0.09649122807017552,0.10233918128654973,0.1578947368421053,0.08080808080808088
3483,力致,20240529,20240530,197.0,20240606,195.0,5,Close Confirmed Stop,20240605,0,-0.010152284263959421,-0.01392041661102951,-0.015893580005351685,3.3904909451545135,0.05039787798408479,1.0153846153846153,Breakout,0.039527542889665826,0.00199203187250996,0.041519574762175784,190.5,190.5,-0.005050505050505083,0.08629441624365475,-0.06345177664974622,0.03299492385786795,0.055837563451776706,-0.048223350253807085,,0.028205128205128105
3490,單井,20260818,20260819,43.7,20260825,50.9,4,Trailing Stop,20260824,0,0.16475972540045758,0.1603257063974232,0.1580307691363362,3.4027257750486744,0.04829210836277964,1.0348837209302326,Extended Breakout,0.1536545374963525,0.0,0.1536545374963525,41.8,41.8,-0.017977528089887618,0.32265446224256267,-0.014874141876430325,0.07093821510297471,0.2334096109839816,,,0.11984282907662092
3491,昇達科,20220607,20220608,169.5,20220617,174.0,8,Day 8 Time Stop,20220617,0,0.026548672566371723,0.022651119152928563,0.020604788833250634,3.1319321153809443,0.06666666666666665,1.030674846625767,Extended Breakout,0.04675196850393701,0.013123359580052493,0.0598753280839895,156.5,161.025,0.008928571428571397,0.06194690265486735,-0.06194690265486724,-0.008849557522123908,-0.03539823008849563,0.020648967551622377,0.026548672566371723,0.034482758620689724
3491,昇達科,20230308,20230309,160.0,20230317,166.0,6,Trailing Stop,20230316,0,0.03750000000000009,0.03357610583990378,0.031507927395841386,2.564199873497786,0.04635761589403975,0.9844236760124611,Pre-breakout,0.030963641738102277,0.0,0.030963641738102277,152.5,152.5,0.012658227848101333,0.10312499999999991,-0.006249999999999978,0.08437500000000009,0.08125000000000004,0.03750000000000009,,0.09036144578313254
3491,昇達科,20240522,20240523,261.0,20240531,269.5,6,Trailing Stop,20240530,0,0.03256704980842917,0.028656856816502048,0.026598521386638,2.0013347793442895,0.041916167664670656,1.0419161676646707,Extended Breakout,0.02894728010068522,0.018738637952733884,0.0476859180534191,252.0,252.0,0.0,0.13601532567049812,0.0,0.03831417624521083,0.09578544061302674,0.07662835249042144,,0.16141001855287573
3491,昇達科,20250108,20250109,411.0,20250110,375.0,1,Close Confirmed Stop,20250109,0,-0.08759124087591241,-0.0910687744899338,-0.09288755814684893,3.331243327515209,0.03548795944233207,1.035487959442332,Extended Breakout,0.014633446707372044,0.037167561365405895,0.05180100807277794,387.0,390.45,0.006119951040391758,0.019464720194647178,-0.08272506082725062,-0.07907542579075422,,,,0.10933333333333328
3498,陽程,20260505,20260506,102.0,20260508,95.9,2,Close Confirmed Stop,20260507,0,-0.05980392156862735,-0.06337999999999992,-0.06523296366472382,1.8384590179281937,0.04771784232365128,1.0477178423236513,Extended Breakout,0.055440151410238656,0.0,0.055440151410238656,98.1,98.1,0.00990099009900991,0.014705882352941124,-0.08725490196078434,-0.03039215686274499,,,,0.5537017726798747
3515,華擎,20230613,20230614,218.0,20230615,214.0,1,Close Confirmed Stop,20230614,0,-0.01834862385321101,-0.022089831983399158,-0.024046650469812775,3.2346453037505474,0.03189066059225509,1.0248868778280542,Breakout,0.09223474640969481,0.042717092631388856,0.13495183904108365,218.0,218.0,-0.03752759381898452,0.00917431192660545,-0.05275229357798161,-0.04357798165137616,,,,0.11214953271028039
3515,華擎,20231208,20231211,238.5,20231213,226.0,2,Close Confirmed Stop,20231212,0,-0.052410901467505266,-0.056010997669701086,-0.05789992651815378,3.9051417698663204,0.040723981900452566,1.0043668122270741,Breakout,-0.001236557190888541,0.033548532002953976,0.032311974812065436,229.0,229.0,0.03695652173913033,0.002096436058700135,-0.0545073375262054,-0.027253668763102756,,,,0.14601769911504414
3515,華擎,20231218,20231219,245.0,20231228,254.5,8,Day 8 Time Stop,20231228,0,0.038775510204081653,0.034847167413550935,0.032776446793035964,2.2492758204085384,0.04914529914529919,1.0144628099173554,Breakout,0.12444269469287912,0.01418528625243814,0.13862798094531725,231.0,232.75,-0.0020366598778004397,0.07551020408163267,-0.022448979591836782,0.02448979591836742,0.04081632653061229,0.038775510204081653,0.038775510204081653,0.017681728880157177
3532,台勝科,20250922,20250923,122.0,20250924,110.5,1,Close Confirmed Stop,20250923,0,-0.09426229508196726,-0.09770249481640024,-0.09950799966189901,5.882960425740846,0.047008547008547064,1.047008547008547,Extended Breakout,0.039522077834998,0.03781841504458197,0.07734049287957998,117.5,117.5,-0.004081632653061273,0.0,-0.09426229508196726,-0.09426229508196726,,,,-0.018099547511312264
3535,晶彩科,20240520,20240521,26.75,20240530,28.8,7,Trailing Stop,20240529,0,0.07663551401869162,0.07253802241760071,0.07038820130418158,6.362096772568827,0.06102362204724421,0.9889908256880734,Pre-breakout,0.040493276209930026,0.0,0.040493276209930026,25.85,25.85,-0.007421150278293154,0.22990654205607464,-0.020560747663551426,-0.0018691588785046953,0.07102803738317753,0.20560747663551404,,0.07465277777777768
3535,晶彩科,20240618,20240619,34.5,20240627,39.55,6,Trailing Stop,20240626,0,0.1463768115942028,0.1420171709594064,0.1397269622934496,2.075931676047546,0.045454545454545414,1.0252600297176822,Breakout,0.10215566313699771,0.0,0.10215566313699771,33.2,33.2,0.0,0.28695652173913033,-0.034782608695652306,-0.017391304347826098,0.16521739130434798,0.2072463768115942,,0.36536030341340076
3535,晶彩科,20260505,20260506,150.5,20260507,137.0,1,Close Confirmed Stop,20260506,0,-0.0897009966777409,-0.09316956761176844,-0.09498415540069172,3.644967185658228,0.03191489361702127,1.0319148936170213,Extended Breakout,0.05338472786327406,0.0,0.05338472786327406,133.0,142.975,0.03436426116838498,0.0033222591362125353,-0.10299003322259137,-0.09302325581395354,,,,-0.014598540145985384
3540,曜越,20230522,20230523,47.1,20230531,51.4,6,Trailing Stop,20230530,0,0.09129511677282376,0.08715412645657294,0.08497872406643701,1.998456790123457,0.06363636363636349,0.9904761904761904,Pre-breakout,0.11165353732638889,0.0,0.11165353732638889,44.1,44.745,0.0064102564102566095,0.17622080679405516,-0.013800424628450103,0.01273885350318471,0.02123142250530785,0.12526539278131632,,0.054474708171206254
3543,州巧,20250924,20250925,37.0,20250930,35.2,2,Close Confirmed Stop,20250926,0,-0.048648648648648596,-0.05226469214862239,-0.05412780300660025,2.1162172614836217,0.03287671232876721,0.9960369881109644,Pre-breakout,0.026613010433347243,0.0,0.026613010433347243,35.35,35.35,-0.018567639257294544,0.0175675675675675,-0.06756756756756754,-0.027027027027026973,,,,0.06534090909090895
3545,敦泰,20230216,20230217,72.5,20230302,74.7,8,Day 8 Time Stop,20230302,0,0.030344827586207046,0.02642674723330392,0.024406203316936822,3.225844983029773,0.058309037900874605,1.0083333333333333,Breakout,0.03317728790794598,0.0,0.03317728790794598,69.4,69.4,-0.0013774104683195176,0.07862068965517244,-0.016551724137931045,0.020689655172413834,0.06206896551724128,0.0234482758620691,0.030344827586207046,0.04149933065595701
3545,敦泰,20230918,20230919,82.7,20230921,79.0,2,Close Confirmed Stop,20230920,0,-0.044740024183796856,-0.04836156984781002,-0.05026580073781067,6.585556968486918,0.045743329097839736,1.0236318407960199,Breakout,0.09039859908298807,0.00017664007265559228,0.09057523915564367,79.2,79.2,0.00486026731470246,0.006045949214026569,-0.044740024183796856,-0.01571946795646917,,,,0.02784810126582271
3545,敦泰,20231116,20231117,104.0,20231128,132.5,8,Day 8 Time Stop,20231128,0,0.27403846153846145,0.26922306768121745,0.2666833633660548,1.8236324528053773,0.02970297029702973,1.0246305418719213,Breakout,0.25793373801137137,0.0,0.25793373801137137,100.5,100.5,0.0,0.27403846153846145,0.0,0.09615384615384626,0.15384615384615374,0.20192307692307687,0.27403846153846145,0.026415094339622636
3545,敦泰,20241217,20241218,90.9,20241225,89.9,5,Day 5 Weakness,20241224,0,-0.011001100110010986,-0.014762237995268084,-0.016745128150618186,2.5162483753550022,0.04734411085450363,0.9826652221018419,Pre-breakout,0.3354183700678116,-0.0014464414483799574,0.33397192861943165,87.1,87.1,0.0022050716648291946,0.011001100110010986,-0.02970297029702973,0.0066006600660064585,-0.020902090209021007,-0.022002200220021972,,0.08787541713014457
3545,敦泰,20260508,20260511,57.1,20260518,55.0,5,Day 5 Weakness,20260515,0,-0.03677758318739055,-0.0404641624568599,-0.04232450568147575,3.8076411969399877,0.051948051948051965,0.9929947460595446,Pre-breakout,0.11779986154485951,0.0004187995780175452,0.11821866112287706,54.0,54.245,0.007054673721340388,0.042031523642731994,-0.049036777583187474,0.008756567425569184,-0.024518388791593626,-0.028021015761821366,,0.1527272727272726
3551,世禾,20250805,20250806,170.5,20250815,169.5,8,Day 8 Time Stop,20250815,0,-0.0058651026392961825,-0.009648402820817768,-0.011630110607371827,3.375014933694397,0.033132530120481896,1.014792899408284,Breakout,0.03967825925237121,0.0,0.03967825925237121,167.0,167.0,-0.005830903790087438,0.04692082111436946,-0.02052785923753664,0.008797653958944274,0.0,0.0058651026392961825,-0.0058651026392961825,0.0943952802359882
3552,同致,20221202,20221205,161.5,20221207,154.0,2,Close Confirmed Stop,20221206,0,-0.04643962848297212,-0.05003429297913983,-0.05193515473375062,2.352738694548427,0.025723472668810254,1.0063091482649842,Breakout,0.032132927389705884,0.013212316176470588,0.04534524356617647,157.5,157.5,0.012539184952978122,0.003095975232198178,-0.04643962848297212,-0.012383900928792602,,,,0.05519480519480524
3558,神準,20230207,20230208,253.0,20230217,295.0,8,Day 8 Time Stop,20230217,0,0.16600790513833985,0.161588428313132,0.15926409059931843,2.2349070319075675,0.05578512396694224,1.0240480961923848,Breakout,0.05863973431600018,0.00018197534234111278,0.0588217096583413,238.0,240.35,-0.009784735812133127,0.18181818181818188,-0.01976284584980237,0.031620553359683834,0.005928853754940677,0.011857707509881354,0.16600790513833985,0.0949152542372882
3558,神準,20230731,20230801,328.0,20230804,296.0,2,Close Confirmed Stop,20230802,0,-0.09756097560975607,-0.10100468854655056,-0.10280360074096048,4.274343544857768,0.022364217252396124,1.0031347962382444,Breakout,0.04393133530322218,0.022766286759532853,0.06669762206275504,303.5,311.59999999999997,0.02499999999999991,0.044207317073170715,-0.12652439024390238,-0.041158536585365835,,,,0.09290540540540548
3563,牧德,20240429,20240430,460.5,20240503,445.5,2,Close Confirmed Stop,20240502,0,-0.032573289902280145,-0.03626709412412964,-0.03819555215932777,2.1230172797853863,0.02237136465324374,1.0166852057842046,Breakout,0.1065043670530601,0.0,0.1065043670530601,453.0,453.0,0.007658643326039494,0.032573289902280145,-0.057546145494028256,0.016286644951140072,,,,-0.007856341189674487
3580,友威科,20260512,20260513,105.0,20260515,96.0,2,Close Confirmed Stop,20260514,0,-0.08571428571428574,-0.08918729331596352,-0.09100983834677721,1.8577957274949517,0.05670103092783507,1.0,Breakout,0.07398702192508111,0.0,0.07398702192508111,94.0,99.75,0.024390243902439046,0.02857142857142847,-0.09333333333333327,-0.01904761904761909,,,,0.19270833333333326
3581,博磊,20260120,20260121,80.8,20260123,75.1,2,Close Confirmed Stop,20260122,0,-0.07054455445544561,-0.07408432481459748,-0.07591325055040613,3.348991333478989,0.05208333333333326,1.02020202020202,Breakout,0.06474599024941709,0.0,0.06474599024941709,75.7,76.75999999999999,0.0,0.03341584158415856,-0.07797029702970293,-0.043316831683168355,,,,0.011984021304926928
3583,辛耘,20230609,20230612,149.0,20230615,160.0,3,Trailing Stop,20230614,0,0.0738255033557047,0.0697573512232569,0.06761676664516376,2.699756282282697,0.04166666666666674,1.0169491525423728,Breakout,0.0015541531050619155,0.03455215385360866,0.03610630695867057,144.5,144.5,-0.00666666666666671,0.15100671140939603,-0.046979865771812124,-0.010067114093959773,0.057046979865771785,,,0.034375000000000044
3583,辛耘,20231201,20231204,232.0,20231206,216.5,2,Close Confirmed Stop,20231205,0,-0.06681034482758619,-0.07035738142952572,-0.07221760759652124,2.579926786573705,0.03846153846153855,1.006578947368421,Breakout,0.0062831601003875475,0.041064000321361295,0.04734716042174884,222.5,222.5,0.01089324618736387,0.012931034482758674,-0.07327586206896552,-0.03663793103448276,,,,0.04618937644341803
3583,辛耘,20240122,20240123,221.0,20240129,211.5,4,Close Confirmed Stop,20240126,0,-0.042986425339366474,-0.04662110094816899,-0.04852881839726321,2.681973011457562,0.040000000000000036,0.9844097995545658,Pre-breakout,0.054761701299488645,-0.0016420871400471095,0.05311961415944154,215.5,215.5,0.0,0.03167420814479649,-0.04977375565610864,-0.004524886877828038,-0.022624434389140302,,,0.05910165484633567
3583,辛耘,20240620,20240621,362.0,20240625,344.5,2,Close Confirmed Stop,20240624,0,-0.048342541436464104,-0.0519598599137931,-0.05385689358737708,3.2263057912299136,0.05300859598853869,1.0194174757281553,Breakout,0.12652714723360278,-0.0027313328165946924,0.12379581441700808,349.0,349.0,-0.014965986394557818,0.0027624309392264568,-0.05524861878453036,-0.00966850828729282,,,,0.14368650217706813
3587,閎康,20240216,20240219,279.0,20240229,271.0,8,Day 8 Time Stop,20240229,0,-0.028673835125448077,-0.03237903900887326,-0.034315271595414844,2.583065380493033,0.05123339658444026,1.0054446460980035,Breakout,0.09565783356578336,0.02380288238028824,0.11946071594607159,266.5,266.5,0.0072202166064982976,0.06272401433691766,-0.05197132616487454,0.010752688172043001,-0.021505376344086002,0.0035842293906809264,-0.028673835125448077,0.09409594095940954
3587,閎康,20260513,20260514,393.0,20260515,370.0,1,Close Confirmed Stop,20260514,0,-0.058524173027989845,-0.06208165997322624,-0.06395842335379072,2.3365983156352983,0.027237354085603016,1.027237354085603,Breakout,0.06534317702417654,0.0,0.06534317702417654,379.0,379.0,-0.007575757575757569,0.0,-0.06870229007633588,-0.06106870229007633,,,,-0.055405405405405395
3588,通嘉,20231115,20231116,78.2,20231128,81.7,8,Trailing Stop,20231127,0,0.04475703324808178,0.040800865078464484,0.03871822425132476,3.7840604148142445,0.04774535809018565,0.9899749373433584,Pre-breakout,0.1183468978477775,0.0,0.1183468978477775,77.5,77.5,-0.010126582278480956,0.13171355498721216,-0.025575447570332477,0.023017902813299296,0.011508951406649537,0.11253196930946285,0.03580562659846542,0.04528763769889843
3588,通嘉,20240220,20240221,95.6,20240226,104.5,3,Trailing Stop,20240223,0,0.09309623430962355,0.08894998463326967,0.08677099125375536,3.7685149058973204,0.03687635574837311,0.9968717413972887,Pre-breakout,0.07569651471731663,0.0,0.07569651471731663,91.3,91.3,0.0,0.14016736401673646,-0.027196652719665204,0.09832635983263605,0.05648535564853563,,,0.1722488038277512
3591,艾笛森,20230523,20230524,26.35,20230526,25.45,2,Close Confirmed Stop,20230525,0,-0.034155597722960285,-0.03784214438818214,-0.03977068799914851,7.395638007592907,0.06288032454361048,1.0038314176245209,Breakout,0.23053977474782644,0.0,0.23053977474782644,24.65,25.0325,0.005725190839694694,0.030360531309297834,-0.06261859582542706,-0.015180265654649028,,,,0.003929273084479323
3591,艾笛森,20241204,20241205,26.75,20241217,24.8,8,Close Confirmed Stop,20241216,0,-0.07289719626168223,-0.07640151672986377,-0.07825275415339511,5.444918076708552,0.055666003976143186,1.003780718336484,Breakout,0.02592914599699455,0.0,0.02592914599699455,25.5,25.5,0.007532956685499137,0.04859813084112141,-0.07289719626168223,0.020560747663551426,-0.016822429906542036,0.01869158878504673,-0.07102803738317753,0.048387096774193505
3594,磐儀,20230530,20230531,58.1,20230609,61.1,8,Day 8 Time Stop,20230609,0,0.051635111876075834,0.047613331732885206,0.045542595994919916,2.5880897432847183,0.02673796791443861,1.0017391304347827,Breakout,0.03526870105320011,0.0,0.03526870105320011,55.8,55.8,0.00868055555555558,0.07401032702237509,-0.029259896729776247,0.005163511187607606,-0.022375215146299587,0.005163511187607606,0.051635111876075834,0.0
3596,智易,20220325,20220328,119.0,20220408,125.0,8,Day 8 Time Stop,20220408,0,0.050420168067226934,0.04643333333333333,0.0443235534213334,1.885305723941203,0.029787234042553123,0.9918032786885246,Pre-breakout,0.13966825239349726,0.02987080027054086,0.16953905266403813,117.0,117.0,-0.016528925619834656,0.0714285714285714,-0.025210084033613467,-0.008403361344537785,0.021008403361344463,0.021008403361344463,0.050420168067226934,0.028000000000000025
3596,智易,20220729,20220801,125.5,20220808,124.5,5,Day 5 Weakness,20220805,0,-0.007968127490039834,-0.011730791661806609,-0.013724108116016289,1.8458025541988565,0.03333333333333344,1.0163934426229508,Breakout,0.17656925175042315,0.10028655130865834,0.27685580305908153,120.0,120.0,0.012096774193548487,0.019920318725099584,-0.043824701195219085,-0.015936254980079667,-0.01195219123505975,-0.003984063745019917,,0.08032128514056236
3596,智易,20220808,20220809,131.0,20220812,117.0,3,Close Confirmed Stop,20220811,0,-0.10687022900763354,-0.1102595714904535,-0.11205479074665241,2.9505489958855673,0.04400000000000004,1.01953125,Breakout,0.10725956058424932,0.011907961051377057,0.11916752163562638,124.0,124.44999999999999,0.003831417624521105,0.026717557251908497,-0.07633587786259544,0.0,-0.07633587786259544,,,0.004273504273504258
3596,智易,20230608,20230609,119.0,20230616,116.5,5,Day 5 Weakness,20230615,0,-0.021008403361344574,-0.024733333333333333,-0.026699675626274694,2.07246877295544,0.02164502164502169,1.0,Breakout,0.19654021602744892,0.0,0.19654021602744892,116.0,116.0,0.008474576271186418,0.004201680672268893,-0.025210084033613467,-0.012605042016806678,-0.008403361344537785,-0.021008403361344574,,0.030042918454935563
3596,智易,20230703,20230704,127.0,20230713,126.0,8,Day 8 Time Stop,20230713,0,-0.007874015748031482,-0.011639541088580577,-0.013633255701630417,1.830483902618753,0.03252032520325199,0.9883268482490273,Pre-breakout,0.026790448794269266,0.003948306094739382,0.030738754889008645,123.0,123.0,0.0,0.07086614173228356,-0.019685039370078705,0.0,0.023622047244094446,0.03937007874015741,-0.007874015748031482,0.04365079365079372
3596,智易,20240313,20240314,188.0,20240325,193.5,8,Day 8 Time Stop,20240325,0,0.0292553191489362,0.02536449973247726,0.023312755320958552,2.419519970283502,0.053672316384180796,1.0026881720430108,Breakout,0.19640175396934234,0.07284230665029985,0.2692440606196422,179.5,179.5,0.008042895442359255,0.09308510638297873,-0.02659574468085102,0.007978723404255428,-0.0026595744680850686,0.0585106382978724,0.0292553191489362,0.01808785529715773
3596,智易,20260625,20260626,195.5,20260629,183.0,1,Close Confirmed Stop,20260626,0,-0.06393861892583119,-0.06748876301234816,-0.06935472108076898,1.8197848809370876,0.023622047244094446,0.9923664122137404,Pre-breakout,0.17105316627276188,0.13897934917634375,0.3100325154491056,190.0,190.0,0.002564102564102555,0.0,-0.07161125319693096,-0.07161125319693096,,,,0.10109289617486339
3605,宏致,20240828,20240829,54.5,20240905,51.4,5,Close Confirmed Stop,20240904,0,-0.05688073394495419,-0.06045953246406776,-0.06234606780183202,3.170399897300933,0.02602230483271395,1.010989010989011,Breakout,0.039949942408692436,0.0,0.039949942408692436,52.4,52.4,-0.012681159420289911,0.04954128440366978,-0.08073394495412844,0.04036697247706433,-0.00917431192660545,-0.07339449541284404,,0.05642023346303504
3605,宏致,20250624,20250625,62.6,20250627,58.8,2,Close Confirmed Stop,20250626,0,-0.060702875399361034,-0.06424556794922241,-0.06612539729551574,1.9878408847889149,0.05438596491228065,0.9933884297520661,Pre-breakout,0.06377220064469735,0.0,0.06377220064469735,58.0,59.47,0.04159733777038266,0.0015974440894568342,-0.06869009584664543,-0.043130990415335524,,,,0.028911564625850428
3605,宏致,20250813,20250814,78.3,20250815,72.6,1,Close Confirmed Stop,20250814,0,-0.07279693486590044,-0.07630104430200423,-0.0781585167021023,7.974326278018175,0.02297297297297307,1.022972972972973,Breakout,0.09374742219927304,0.001051492967020943,0.09479891516629398,75.3,75.3,0.034346103038308984,0.012771392081736943,-0.07790549169859506,-0.07279693486590044,,,,0.06336088154269981
3605,宏致,20260430,20260504,87.5,20260505,85.0,1,Close Confirmed Stop,20260504,0,-0.02857142857142858,-0.03226776230083175,-0.03420421014168093,4.067298115666754,0.05575757575757567,1.033214709371293,Extended Breakout,0.1044029546994591,0.0,0.1044029546994591,86.1,86.1,0.004592422502870397,0.0022857142857142243,-0.0377142857142857,-0.01942857142857146,,,,0.07647058823529407
3615,安可,20260515,20260518,38.15,20260521,42.5,3,Trailing Stop,20260520,0,0.11402359108781135,0.10981102010474074,0.10758493723065311,3.130105748508996,0.03042876901798075,0.9841479524438573,Pre-breakout,0.0329833268276362,0.0,0.0329833268276362,35.35,36.2425,0.024161073825503365,0.2254259501965925,-0.02096985583224109,0.07339449541284404,0.10747051114023587,,,0.24
3622,洋華,20240202,20240205,70.9,20240215,64.0,1,Close Confirmed Stop,20240205,0,-0.09732016925246834,-0.10074759938272225,-0.10255512101811995,2.8589697371798377,0.03909774436090219,1.0390977443609022,Extended Breakout,0.061836337125113966,0.0,0.061836337125113966,66.5,67.355,0.02604920405209854,0.0,-0.08885754583921035,-0.05923836389280679,,,,0.02499999999999991
3622,洋華,20240322,20240325,64.4,20240401,63.0,5,Day 5 Weakness,20240329,0,-0.021739130434782705,-0.02546898991922036,-0.027419050307747047,2.067977041641279,0.053333333333333455,1.0047694753577108,Breakout,0.12251709550768344,0.0,0.12251709550768344,60.0,61.18,0.018987341772152,0.04658385093167694,-0.05434782608695665,-0.029503105590062195,-0.021739130434782705,-0.02795031055900632,,0.10317460317460325
3622,洋華,20240402,20240403,67.7,20240410,64.1,3,Close Confirmed Stop,20240409,0,-0.05317577548005925,-0.05675413540600814,-0.05864964567677577,2.9297625751761296,0.0457317073170731,1.0178041543026703,Breakout,0.051930145775348366,0.0,0.051930145775348366,66.2,66.2,-0.01311953352769668,0.01477104874446078,-0.06499261447562787,-0.019202363367799125,-0.05465288035450522,,,0.14820592823712953
3624,光頡,20230209,20230210,56.2,20230221,56.1,8,Day 8 Time Stop,20230221,0,-0.001779359430605032,-0.005582882275600265,-0.007572733036480061,2.4530767403183655,0.02772643253234741,1.0201834862385322,Breakout,-0.024927745664739886,0.05834537572254335,0.03341763005780347,53.2,53.39,0.010791366906474753,0.053380782918149405,-0.016014234875444955,0.02491103202846978,0.017793594306049876,0.028469750889679624,-0.001779359430605032,0.07664884135472372
3624,光頡,20260512,20260513,65.2,20260521,91.9,6,Trailing Stop,20260520,0,0.4095092024539877,0.40414611385148647,0.40135809506595427,4.135316670990804,0.05238095238095242,1.0457413249211356,Extended Breakout,0.09251994568497285,0.0,0.09251994568497285,61.5,61.94,-0.016591251885369473,0.5337423312883436,-0.05828220858895716,0.021472392638036686,0.1687116564417177,0.39877300613496924,,0.12078346028291609
3628,盈正,20251028,20251029,94.5,20251105,95.0,5,Trailing Stop,20251104,0,0.005291005291005346,0.001484892470427282,-0.0005190767064964891,3.237928203597283,0.02320675105485237,1.0232067510548524,Breakout,0.06708952468850946,0.0,0.06708952468850946,88.0,89.77499999999999,-0.02577319587628868,0.1534391534391535,-0.06243386243386251,-0.012698412698412764,-0.020105820105820182,0.033862433862433816,,0.06842105263157894
3645,達邁,20250630,20250701,63.7,20250707,58.5,4,Close Confirmed Stop,20250704,0,-0.08163265306122458,-0.08510567259857768,-0.08693636980482837,5.832050986838027,0.03476821192052992,0.9904912836767036,Pre-breakout,0.08534582979764754,0.0,0.08534582979764754,61.4,61.4,0.019200000000000106,0.0,-0.07692307692307698,-0.00784929356357933,-0.03610675039246469,,,0.05641025641025643
3645,達邁,20250804,20250805,72.4,20250812,70.6,5,Day 5 Weakness,20250811,0,-0.024861878453038777,-0.028587055119790976,-0.030506492761010306,8.825558905549842,0.04202898550724643,1.0420289855072464,Extended Breakout,0.026770352463572945,0.00024420530840410005,0.027014557771977043,69.8,69.8,0.006954102920723182,0.015193370165745845,-0.06491712707182329,-0.0013812154696133394,-0.03176795580110514,-0.029005524861878573,,0.1274787535410764
3663,鑫科,20250617,20250618,62.0,20250620,58.9,2,Close Confirmed Stop,20250619,0,-0.050000000000000044,-0.053585019026637266,-0.0554787813743561,2.8678944892716287,0.03523489932885915,1.013136288998358,Breakout,0.030651695875258213,0.0,0.030651695875258213,59.4,59.4,0.004862236628849326,0.006451612903225712,-0.050000000000000044,-0.006451612903225823,,,,0.1205432937181663
3663,鑫科,20250717,20250718,66.6,20250721,65.6,1,Close Confirmed Stop,20250718,0,-0.01501501501501501,-0.018777933426722702,-0.020708070813078853,1.8159547171757546,0.026033690658499253,0.9867452135493372,Pre-breakout,0.04290124879037832,0.0,0.04290124879037832,65.4,65.4,-0.005970149253731405,0.0030030030030030463,-0.027027027027026973,-0.024024024024023927,,,,0.044207317073170715
3665,貿聯-KY,20230216,20230217,278.0,20230223,275.5,4,Close Confirmed Stop,20230222,0,-0.008992805755395739,-0.012752873176960817,-0.014728355075942862,1.864464628323188,0.025594149908592323,1.0089928057553956,Breakout,-0.02753494727303202,0.10948349468080051,0.0819485474077685,277.5,277.5,-0.0089126559714795,0.046762589928057485,-0.017985611510791366,0.003597122302158251,0.003597122302158251,,,0.04537205081669682
3665,貿聯-KY,20240604,20240605,289.5,20240607,276.5,2,Close Confirmed Stop,20240606,0,-0.04490500863557856,-0.04850740014414777,-0.05041131761538307,2.0707486463044957,0.036101083032491044,1.0213523131672597,Breakout,-0.02426318261529988,0.1507043090664029,0.12644112645110303,277.0,277.0,0.008710801393728262,0.008635578583765069,-0.05699481865284972,-0.013816925734024155,,,,0.2730560578661845
3665,貿聯-KY,20240614,20240617,330.0,20240624,335.0,5,Trailing Stop,20240621,0,0.015151515151515138,0.011308562197092083,0.009284943362350005,2.0766500340118674,0.06414473684210531,1.040192926045016,Extended Breakout,0.00841631832947767,0.1448965701511477,0.15331288848062538,304.0,313.5,0.020092735703245657,0.08181818181818179,-0.024242424242424288,0.06363636363636371,0.03333333333333344,0.0060606060606061,,0.15820895522388057
3673,TPK-KY,20230414,20230417,38.4,20230421,38.9,4,Trailing Stop,20230420,0,0.01302083333333326,0.009182598725435299,0.007158309781918889,4.890293379544216,0.04551724137931035,1.01744966442953,Breakout,0.09582648067875678,0.0,0.09582648067875678,36.6,36.6,0.013192612137203241,0.13020833333333326,-0.02473958333333326,-0.01692708333333326,0.07421875,,,-0.01285347043701801
3673,TPK-KY,20230601,20230602,43.5,20230605,42.8,1,Close Confirmed Stop,20230602,0,-0.016091954022988575,-0.019820901495822798,-0.02178765327697815,2.6703707722356023,0.02004716981132071,1.0093348891481912,Breakout,0.097029131277988,0.003376405746800439,0.10040553702478842,42.75,42.75,0.005780346820809301,0.0011494252873562871,-0.02758620689655178,-0.02643678160919538,,,,0.05140186915887868
3673,TPK-KY,20230621,20230626,45.15,20230703,44.8,5,Day 5 Weakness,20230630,0,-0.007751937984496138,-0.011516557969564861,-0.013500188812797211,3.5131643874337173,0.05503512880562056,1.001111111111111,Breakout,0.12724473002803702,3.2527428347361055e-05,0.12727725745638438,42.9,42.9,0.002219755826859071,0.007751937984496138,-0.05315614617940201,-0.02657807308970095,-0.042081949058693224,-0.018826135105204922,,0.03571428571428581
3673,TPK-KY,20240401,20240402,38.1,20240415,38.05,8,Day 8 Time Stop,20240415,0,-0.001312335958005395,-0.0051122290118580434,-0.00710784363254183,2.460518440892392,0.03392130257801895,1.016,Breakout,0.27506547536611764,0.0,0.27506547536611764,37.0,37.0,0.0,0.06430446194225703,-0.009186351706036766,0.013123359580052396,0.014435695538057569,0.059055118110236116,-0.001312335958005395,0.0
3673,TPK-KY,20250508,20250509,31.85,20250520,32.15,8,Day 8 Time Stop,20250520,0,0.009419152276294973,0.005579856484623564,0.0035635975244137667,1.9053277023751056,0.054817275747508276,1.0031595576619274,Breakout,0.04648483184443366,0.0,0.04648483184443366,30.6,30.6,0.0031496062992126816,0.042386185243328045,-0.004709576138147598,-0.0015698587127158659,0.020408163265306145,0.028257456828885363,0.009419152276294973,0.023328149300155587
3673,TPK-KY,20251112,20251113,42.4,20251120,41.35,5,Close Confirmed Stop,20251119,0,-0.024764150943396124,-0.028488969215173618,-0.030404901674702244,3.412873336212058,0.04844720496894417,0.9976359338061467,Pre-breakout,0.08799031255809013,0.0,0.08799031255809013,40.8,40.8,0.004739336492890933,0.00943396226415083,-0.05188679245283012,0.003537735849056478,-0.02240566037735836,-0.04834905660377353,,0.025392986698911768
3673,TPK-KY,20260416,20260417,69.0,20260422,71.1,3,Trailing Stop,20260421,0,0.030434782608695476,0.026517123973562914,0.02449639598524023,5.201956627678766,0.028571428571428692,1.0285714285714287,Breakout,0.12491282942270739,0.0,0.12491282942270739,64.6,65.55,0.008771929824561209,0.08985507246376812,-0.05362318840579716,0.04492753623188395,0.011594202898550732,,,-0.050632911392405
3673,TPK-KY,20260522,20260525,78.5,20260529,81.7,4,Trailing Stop,20260528,0,0.040764331210191074,0.03681456048534956,0.034762924852928326,2.2951497698162693,0.037735849056603765,0.9961190168175938,Pre-breakout,0.05226949898998551,0.0,0.05226949898998551,74.8,74.8,0.01948051948051943,0.1847133757961783,-0.017834394904458706,0.01273885350318471,0.11974522292993628,,,0.21052631578947367
3675,德微,20230214,20230215,252.0,20230222,260.0,5,Trailing Stop,20230221,0,0.031746031746031855,0.027833333333333335,0.025777110791767466,1.953916405689592,0.039175257731958846,0.984375,Pre-breakout,-0.003061907951392211,0.0782700220074634,0.0752081140560712,245.0,245.0,0.0,0.11904761904761907,-0.005952380952380931,0.0992063492063493,0.07539682539682535,0.039682539682539764,,0.1384615384615384
3675,德微,20230303,20230306,299.5,20230314,284.0,6,Close Confirmed Stop,20230313,0,-0.05175292153589317,-0.0553367598958681,-0.057227022584393314,2.7062461348175635,0.06422018348623859,1.0283687943262412,Breakout,-0.018346184525392183,0.09098643977665515,0.07264025525126296,277.5,284.525,0.03275862068965507,0.07679465776293815,-0.056761268781302165,-0.016694490818030094,0.04340567612687818,0.008347245409014992,,0.11443661971830976
3680,家登,20230306,20230307,315.0,20230314,311.5,5,Day 5 Weakness,20230313,0,-0.011111111111111072,-0.014881250626315262,-0.016852496544106484,2.851339222447919,0.0693739424703892,0.9984202211690363,Pre-breakout,0.10649023314429741,0.011657214870825458,0.11814744801512288,301.0,301.0,-0.0031645569620253333,0.022222222222222143,-0.060317460317460325,-0.015873015873015928,-0.00952380952380949,0.0,,0.1701444622792938
3680,家登,20260106,20260107,425.5,20260114,431.0,5,Day 5 Weakness,20260113,0,0.01292596944770863,0.0090613148974729,0.007075687171782193,4.483989197530864,0.0490196078431373,1.0490196078431373,Extended Breakout,0.0998876305407287,0.12694360640519842,0.22683123694592713,404.0,404.22499999999997,-0.005841121495327117,0.02820211515863691,-0.06698002350176269,-0.01527614571092828,-0.04112808460634543,0.0,,0.044083526682134666
3689,湧德,20240704,20240705,83.3,20240710,79.3,3,Close Confirmed Stop,20240709,0,-0.04801920768307322,-0.05163333333333334,-0.05350768195768107,4.451953609210236,0.032953105196451116,0.9963325183374083,Pre-breakout,0.055706091424147515,0.0,0.055706091424147515,77.4,79.13499999999999,0.02208588957055202,0.03361344537815114,-0.07563025210084029,-0.01200480192076836,-0.05282112845138043,,,0.15889029003783106
3689,湧德,20240717,20240718,87.2,20240723,82.1,3,Close Confirmed Stop,20240722,0,-0.05848623853211021,-0.062061795206739406,-0.06391563983138938,2.338705135528719,0.056872037914691864,0.9933184855233853,Pre-breakout,0.0674195281371715,0.0,0.0674195281371715,84.2,84.2,-0.022421524663677084,0.07683486238532122,-0.07912844036697253,0.02752293577981635,-0.07912844036697253,,,-0.020706455542021773
3689,湧德,20240828,20240829,89.0,20240904,83.0,4,Close Confirmed Stop,20240903,0,-0.0674157303370787,-0.07095484085985669,-0.07282438359516528,2.9414901891069087,0.03420752565564422,0.9805405405405405,Pre-breakout,0.027878361915471838,0.0,0.027878361915471838,88.6,88.6,-0.018743109151047488,0.08202247191011236,-0.016853932584269704,0.019101123595505642,0.012359550561797716,,,0.04457831325301198
3689,湧德,20250218,20250219,108.0,20250224,103.0,3,Close Confirmed Stop,20250221,0,-0.04629629629629628,-0.04991980753809142,-0.051820927730753925,3.6043431738848253,0.0490196078431373,1.0388349514563107,Extended Breakout,0.11434327551471672,0.0,0.11434327551471672,101.5,102.6,0.009345794392523255,0.03240740740740744,-0.06481481481481477,-0.01851851851851849,-0.05555555555555558,,,0.04854368932038833
3689,湧德,20250606,20250609,99.9,20250616,99.8,5,Day 5 Weakness,20250613,0,-0.0010010010010010895,-0.004802881729037423,-0.006794289078657611,5.015581591979708,0.05760869565217397,1.0296296296296297,Breakout,0.05983825645946131,0.0,0.05983825645946131,92.7,94.905,0.026721479958890182,0.061061061061060906,-0.05905905905905906,0.031031031031030887,0.03603603603603589,-0.017017017017017078,,0.03707414829659328
3689,湧德,20250804,20250805,101.5,20250814,115.0,8,Day 8 Time Stop,20250814,0,0.13300492610837433,0.1286784957185064,0.12641997595919977,2.1652542372881354,0.03205791106514999,0.9832512315270936,Pre-breakout,0.119796452046081,0.0,0.119796452046081,97.1,97.1,0.017034068136272618,0.19704433497536944,-0.021674876847290636,0.0,-0.014778325123152691,0.09852216748768483,0.13300492610837433,0.0
3689,湧德,20251226,20251229,116.0,20260108,123.0,7,Trailing Stop,20260107,0,0.06034482758620685,0.056312625250501,0.05419892900643617,5.404851725085567,0.03603603603603611,1.0043668122270741,Breakout,0.20509212974787464,0.0,0.20509212974787464,111.0,111.0,0.008695652173912993,0.15086206896551735,-0.030172413793103425,-0.030172413793103425,-0.004310344827586188,0.09482758620689657,,0.04065040650406515
3689,湧德,20260408,20260409,126.0,20260417,135.5,6,Trailing Stop,20260416,0,0.07539682539682535,0.0713,0.06917248681792337,4.872648401138709,0.02016129032258074,0.9844357976653697,Pre-breakout,0.026402770126701818,0.0,0.026402770126701818,122.0,122.0,-0.0039525691699604515,0.15873015873015883,-0.019841269841269882,0.031746031746031855,0.10317460317460325,0.0793650793650793,,0.03321033210332103
3693,營邦,20230414,20230417,180.5,20230426,186.0,7,Trailing Stop,20230425,0,0.030470914127423754,0.026555462885738117,0.024501313332731114,2.7147081511956803,0.022727272727272707,1.0027855153203342,Breakout,0.08464722359532048,0.0,0.08464722359532048,173.0,173.0,0.002777777777777768,0.20498614958448758,-0.013850415512465353,0.024930747922437657,0.08310249307479234,0.08864265927977844,,0.021505376344086002
3694,海華,20231123,20231124,45.0,20231127,44.8,1,Trailing Stop,20231124,0,-0.004444444444444473,-0.008244946968180933,-0.010196158399465255,9.013267868405537,0.026225769669327326,1.0262257696693273,Breakout,0.12528020445555893,0.0,0.12528020445555893,42.8,42.8,0.0,0.08444444444444432,-0.033333333333333326,0.0011111111111110628,,,,0.0848214285714286
3694,海華,20240527,20240528,56.5,20240531,52.8,3,Close Confirmed Stop,20240530,0,-0.06548672566371683,-0.0690322796007611,-0.07089515120663331,3.867478108685048,0.06463878326996197,1.0275229357798166,Breakout,0.0949729368976155,-3.638809842820517e-05,0.0949365487991873,52.8,53.675,0.008928571428571397,0.014159292035398119,-0.07433628318584073,-0.023008849557522026,-0.07079646017699115,,,0.0662878787878789
3694,海華,20241224,20241225,57.1,20250102,56.3,5,Trailing Stop,20241231,0,-0.014010507880910739,-0.01777288717717868,-0.019712144857779394,2.2245361910081627,0.05762081784386619,1.0106571936056838,Breakout,0.07098131250609781,0.0,0.07098131250609781,53.0,54.245,0.0035149384885764245,0.08931698774080554,-0.02626970227670755,0.015761821366024442,0.007005253940455258,-0.014010507880910739,,0.14387211367673203
3694,海華,20250224,20250225,62.4,20250304,63.7,4,Trailing Stop,20250303,0,0.02083333333333348,0.01695367774662929,0.014918740951509456,2.3575740304477018,0.05183946488294322,1.0080128205128205,Breakout,0.03588015180064223,0.00042461718107268914,0.036304768981714926,59.4,59.4,-0.007949125596184436,0.15384615384615397,-0.024038461538461564,-0.01602564102564108,0.11858974358974361,,,0.020408163265306145
3694,海華,20250611,20250612,59.7,20250616,58.1,2,Close Confirmed Stop,20250613,0,-0.02680067001675046,-0.03049223852121651,-0.03243222883391648,3.3199547247359695,0.03082191780821919,1.0083752093802345,Breakout,0.0872430394855886,0.0,0.0872430394855886,59.1,59.1,-0.00830564784053156,0.01675041876046901,-0.04020100502512569,-0.003350083752093891,,,,0.04130808950086062
3701,大眾控,20230410,20230411,54.2,20230421,57.0,8,Trailing Stop,20230420,0,0.05166051660516602,0.047637787397530655,0.04556752641186884,2.0032804724868036,0.04431599229287109,1.0130841121495329,Breakout,0.13828932846818306,0.0,0.13828932846818306,51.6,51.6,0.0,0.15498154981549805,-0.005535055350553542,0.03321033210332103,0.0627306273062731,0.13653136531365306,0.05166051660516602,0.05964912280701751
3701,大眾控,20231115,20231116,70.6,20231127,68.4,7,Close Confirmed Stop,20231124,0,-0.03116147308781858,-0.034855608687521564,-0.03678688612440865,1.8848971892308573,0.03665689149560114,0.9819444444444445,Pre-breakout,0.07675521701935704,0.0,0.07675521701935704,69.2,69.2,-0.0014144271570015743,0.13031161473087827,-0.03541076487252126,0.015580736543909568,0.059490084985835745,0.10623229461756378,,-0.023391812865497186
3701,大眾控,20260421,20260422,74.7,20260424,73.4,2,Close Confirmed Stop,20260423,0,-0.01740294511378848,-0.021133458138533748,-0.023092178342140245,2.931003893880419,0.06398809523809512,1.0302593659942363,Extended Breakout,0.08120148575101795,-0.002886153761254004,0.07831533198976394,65.6,70.965,0.04475524475524484,0.06827309236947787,-0.052208835341365556,0.052208835341365445,,,,-0.043596730245231696
3702,大聯大,20230519,20230522,52.0,20230531,53.2,8,Day 8 Time Stop,20230531,0,0.023076923076923217,0.01919636897610468,0.017156952174891948,2.2655773882024506,0.023391812865497075,1.023391812865497,Breakout,0.38743492574084654,0.010236366686049915,0.39767129242689647,51.3,51.3,-0.00952380952380949,0.023076923076923217,-0.009615384615384581,0.013461538461538414,-0.0038461538461539435,0.007692307692307665,0.023076923076923217,0.007518796992481258
3702,大聯大,20230704,20230705,56.4,20230714,58.3,8,Day 8 Time Stop,20230714,0,0.03368794326241131,0.02976929547002048,0.027708724450830273,2.752344060138303,0.02181818181818196,1.0199637023593466,Breakout,0.47011792879718195,-0.058229567439709036,0.4118883613574729,54.8,54.8,0.003558718861209842,0.04078014184397172,-0.01773049645390068,0.00886524822695045,-0.005319148936170137,0.015957446808510634,0.03368794326241131,0.020583190394511286
3702,大聯大,20230915,20230918,59.3,20230927,60.0,8,Day 8 Time Stop,20230927,0,0.01180438448566612,0.007961012734282425,0.0059440724947190104,2.5599515186182464,0.022336769759450092,1.02233676975945,Breakout,0.0133534106010436,0.2221244831639559,0.2354778937649995,58.3,58.3,-0.003361344537815225,0.02023608768971341,-0.016863406408094472,0.003372681281618828,0.005059021922428464,0.003372681281618828,0.01180438448566612,0.03166666666666673
3702,大聯大,20240307,20240308,96.2,20240315,85.7,5,Close Confirmed Stop,20240314,0,-0.10914760914760913,-0.11254518847184448,-0.11432100758534398,4.085814279778344,0.036637931034482873,1.0073298429319373,Breakout,0.05935335990091551,-0.012453985035395129,0.04689937486552038,90.3,91.39,0.0,0.05509355509355496,-0.10914760914760913,0.011434511434511352,-0.0031185031185030354,-0.10914760914760913,,0.11318553092182038
3702,大聯大,20260226,20260302,69.0,20260303,67.5,1,Close Confirmed Stop,20260302,0,-0.021739130434782594,-0.025468989919220242,-0.027419050307746808,2.3684204329592706,0.021897810218978186,1.0189228529839882,Breakout,0.4600671851389981,-0.07208864155660577,0.3879785435823923,67.8,67.8,-0.014285714285714235,0.0,-0.02608695652173909,-0.020289855072463836,,,,0.09333333333333327
3702,大聯大,20260305,20260306,70.1,20260317,90.0,8,Day 8 Time Stop,20260317,0,0.28388017118402287,0.27902433485725364,0.2764650156997589,1.8637521247338964,0.04740740740740734,1.001416430594901,Breakout,0.07144517405671567,0.11666302301356835,0.188108197070284,68.0,68.0,-0.008486562942008558,0.28388017118402287,-0.03851640513552057,0.02710413694721825,0.02853067047075597,0.04850213980028539,0.28388017118402287,0.0755555555555556
3702,大聯大,20260318,20260319,92.6,20260323,89.4,2,Close Confirmed Stop,20260320,0,-0.03455723542116618,-0.03825304627395406,-0.040177539380405976,3.8961162971857926,0.03444444444444428,1.0344444444444443,Extended Breakout,0.3084591676376155,0.0014473885864799377,0.3099065562240954,91.8,91.8,-0.00537056928034374,0.043196544276457916,-0.035637149028077686,0.004319654427645814,,,,0.10067114093959728
3703,欣陸,20240409,20240410,32.4,20240417,31.85,5,Close Confirmed Stop,20240416,0,-0.016975308641975273,-0.02070408912013875,-0.022663665530786237,2.314784191067839,0.02672955974842761,1.0219092331768387,Breakout,0.22320290969703852,-0.0027350550613236017,0.22046785463571492,31.95,31.95,-0.007656967840735107,0.043209876543209846,-0.02314814814814814,0.010802469135802406,0.004629629629629539,-0.020061728395061706,,0.3390894819466248
3704,合勤控,20230213,20230214,39.95,20230223,39.55,8,Day 8 Time Stop,20230223,0,-0.010012515644555853,-0.013778378288211887,-0.01575182358290883,1.8909689270962313,0.048684210526315885,0.9900621118012423,Pre-breakout,0.13112888570794734,-0.009867350853112359,0.12126153485483498,38.85,38.85,0.0025094102885823144,0.018773466833541974,-0.03379224030037553,-0.018773466833541974,0.003754693366708306,0.01126408010012514,-0.010012515644555853,0.03034134007585343
3704,合勤控,20230530,20230531,44.95,20230605,43.3,3,Close Confirmed Stop,20230602,0,-0.036707452725250445,-0.04039354996807667,-0.04225257181224647,3.1428491469405655,0.030786773090079933,1.0203160270880363,Breakout,0.0826348632412406,0.0,0.0826348632412406,43.45,43.45,-0.00553097345132747,0.0077864293659619666,-0.04226918798665191,-0.010011123470522909,-0.04226918798665191,,,0.009237875288683695
3704,合勤控,20230704,20230705,54.1,20230714,61.8,8,Day 8 Time Stop,20230714,0,0.14232902033271722,0.13796967655435993,0.13571807498455593,5.883801930970082,0.048923679060665304,1.0489236790606653,Extended Breakout,0.19606058738549095,0.0,0.19606058738549095,50.2,51.394999999999996,0.009328358208955168,0.1626617375231052,-0.02957486136783738,0.01109057301293892,0.0,0.02957486136783727,0.14232902033271722,0.10032362459546929
3704,合勤控,20231130,20231201,55.8,20231207,53.0,4,Close Confirmed Stop,20231206,0,-0.05017921146953397,-0.053761934308760785,-0.055655341498173166,2.818074502099419,0.03512014787430684,0.9964412811387899,Pre-breakout,0.14173997866830473,0.0,0.14173997866830473,53.5,53.5,-0.0035714285714286698,0.016129032258064724,-0.05913978494623651,-0.03405017921146947,-0.04121863799283154,,,0.049056603773584895
3704,合勤控,20260526,20260527,45.65,20260605,47.7,8,Day 8 Time Stop,20260605,0,0.04490690032858713,0.04092280875415159,0.038867178084884546,2.0374897946178763,0.04022988505747116,1.0179977502812148,Breakout,0.1256051272059721,0.0,0.1256051272059721,43.2,43.3675,0.008839779005524795,0.095290251916758,-0.020810514786418266,-0.008762322015334001,0.01533406352683464,0.05147864184008766,0.04490690032858713,0.03878406708595383
3706,神達,20230704,20230705,37.6,20230707,35.3,2,Close Confirmed Stop,20230706,0,-0.06117021276595758,-0.0647148689758233,-0.06658636298310873,2.2461163935131765,0.048678720445062496,0.9882044560943645,Pre-breakout,0.05063958523552124,-0.0005174554818997329,0.050122129753621514,35.8,35.8,-0.0026525198938992522,0.010638297872340496,-0.06117021276595758,-0.03856382978723416,,,,0.34560906515580747
3706,神達,20231121,20231122,41.7,20231123,40.8,1,Close Confirmed Stop,20231122,0,-0.021582733812949728,-0.02530814188029078,-0.02726370026161163,3.1067029838330416,0.024271844660194164,1.0193236714975846,Breakout,0.12234036650677506,-0.0008967051545862842,0.12144366135218879,41.35,41.35,-0.011848341232227444,0.0,-0.02517985611510798,-0.022781774580335812,,,,-0.002450980392156743
3706,神達,20240122,20240123,46.8,20240126,45.4,3,Close Confirmed Stop,20240125,0,-0.02991452991452992,-0.033601236888053686,-0.03554076501822761,2.8316215814244696,0.03455964325529526,1.0108932461873639,Breakout,0.06570152904600993,0.0071967436381238726,0.07289827268413379,45.55,45.55,0.008620689655172376,0.012820512820512775,-0.03311965811965811,-0.008547008547008517,-0.02991452991452992,,,0.025330396475770955
3706,神達,20240319,20240320,50.5,20240325,55.0,3,Trailing Stop,20240322,0,0.08910891089108919,0.08497450764770569,0.0827965029799061,4.99510290609281,0.04946236559139772,1.0494623655913977,Extended Breakout,0.1622234182694992,0.06461246182733997,0.2268358800968392,46.25,47.974999999999994,0.0348360655737705,0.1742574257425742,-0.001980198019801982,0.06138613861386144,0.06930693069306937,,,0.036363636363636376
3706,神達,20240521,20240522,48.3,20240531,47.5,8,Day 8 Time Stop,20240531,0,-0.0165631469979296,-0.02028907262808141,-0.022255475583422654,2.5067364567646173,0.04694323144104806,0.9927536231884059,Pre-breakout,0.396794283717099,-0.32321781289279944,0.0735764708242996,45.75,45.885,0.007299270072992581,0.0269151138716357,-0.021739130434782594,0.024844720496894457,0.001035196687370732,0.001035196687370732,-0.0165631469979296,0.03157894736842115
3706,神達,20240711,20240712,48.85,20240719,47.4,5,Close Confirmed Stop,20240718,0,-0.029682702149437135,-0.03337010387957045,-0.03531034864395323,7.348773361197056,0.04828326180257503,1.028421052631579,Breakout,0.14605744929616385,-0.00019664415926780727,0.14586080513689603,47.3,47.3,0.0,0.01535312180143289,-0.041965199590583535,-0.0122824974411464,-0.0122824974411464,-0.03787103377686796,,-0.026371308016877593
3706,神達,20250701,20250702,69.4,20250709,67.8,5,Day 5 Weakness,20250708,0,-0.023054755043227737,-0.02677976047584768,-0.02873582785240908,2.763989762609428,0.03308270676691727,0.9942112879884227,Pre-breakout,0.09102852516104122,0.007873016991935456,0.09890154215297668,66.9,66.9,0.010189228529839944,0.06772334293948101,-0.04899135446685887,0.018731988472622474,-0.02449567723342938,-0.025936599423631246,,0.0206489675516226
3706,神達,20250721,20250722,76.0,20250728,76.5,4,Trailing Stop,20250725,0,0.006578947368421018,0.002770730404593404,0.0007641913824692167,2.3538797625644343,0.057584269662921184,1.004,Breakout,0.10871470721274554,0.01130081693285324,0.12001552414559878,72.6,72.6,0.009296148738379806,0.08947368421052637,-0.010526315789473606,0.03684210526315779,0.023684210526315752,,,0.02614379084967311
3706,神達,20251030,20251031,99.7,20251105,91.6,3,Trailing Stop,20251104,0,-0.08124373119358086,-0.08472027270904352,-0.08655174244313633,2.3531641351199926,0.034663865546218364,0.9800995024875622,Pre-breakout,0.11092954591314536,-0.003031012177720332,0.10789853373542503,94.8,94.8,0.012182741116751217,0.09327983951855567,-0.034102306920762326,0.0030090270812437314,-0.034102306920762326,,,0.06768558951965065
3706,神達,20260311,20260312,83.1,20260323,79.1,7,Close Confirmed Stop,20260320,0,-0.048134777376654614,-0.0517475200842355,-0.05362162040910978,1.963354611177412,0.04539722572509475,1.0,Breakout,0.20207671349012588,-0.0005174882498812912,0.20155922524024458,81.1,81.1,0.0024125452352230514,0.03489771359807459,-0.025270758122743597,-0.001203369434416346,0.006016847172081841,0.016847172081829287,,0.026548672566371723
3706,神達,20260506,20260507,88.4,20260514,82.4,5,Close Confirmed Stop,20260513,0,-0.0678733031674208,-0.0714152290224019,-0.07327333833360533,3.235657768773763,0.04399524375743158,1.0185614849187934,Breakout,0.14467811795504623,0.004858642289090717,0.14953676024413695,83.6,83.98,0.006833712984054774,0.009049773755656076,-0.08484162895927605,-0.011312217194570096,-0.018099547511312264,-0.07126696832579194,,0.014563106796116276
3706,神達,20260529,20260601,90.8,20260605,92.5,4,Trailing Stop,20260604,0,0.018722466960352513,0.01484520950093408,0.012847812521537461,3.350556270178786,0.06859205776173294,0.9899665551839464,Pre-breakout,0.10858143503883033,0.012633366597791651,0.12121480163662197,84.6,86.25999999999999,0.022522522522522515,0.13986784140969166,0.0,0.029735682819383324,0.10132158590308382,,,-0.00540540540540535
3707,漢磊,20220608,20220609,134.5,20220616,129.0,5,Close Confirmed Stop,20220615,0,-0.040892193308550207,-0.044508506773758144,-0.04643669267160493,2.029562518613728,0.026923076923076827,1.0190839694656488,Breakout,0.06634548752097884,0.09279410968545287,0.1591395972064317,130.0,130.0,0.0074906367041198685,0.011152416356877248,-0.06319702602230481,0.0,-0.0074349442379182396,-0.059479553903345694,,-0.05813953488372092
3707,漢磊,20221115,20221116,101.5,20221123,99.8,5,Day 5 Weakness,20221122,0,-0.016748768472906406,-0.020481062945467293,-0.022441087573997747,3.028138339576618,0.0598111227701994,1.016096579476861,Breakout,0.05025284963821984,-6.60785674166584e-05,0.05018677107080319,96.8,96.8,0.004950495049504955,0.029556650246305383,-0.035467980295566415,-0.0315270935960591,-0.01871921182266012,-0.0315270935960591,,0.007014028056112176
3707,漢磊,20230130,20230131,95.0,20230209,98.3,8,Day 8 Time Stop,20230209,0,0.03473684210526318,0.030814710892875036,0.02875204913417063,2.4183317777481474,0.05921787709497206,1.0237580993520519,Breakout,0.1676534981025591,0.03999221562712854,0.20764571372968765,91.0,91.0,0.0021097046413502962,0.07894736842105265,-0.0063157894736841635,0.013684210526315743,0.05263157894736836,0.020000000000000018,0.03473684210526318,0.009155645981688831
3707,漢磊,20240823,20240826,66.6,20240830,63.5,4,Close Confirmed Stop,20240829,0,-0.04654654654654644,-0.05016343139216852,-0.052064059773483544,2.293133275097203,0.027906976744185963,0.9895522388059701,Pre-breakout,0.18436237767616767,0.0,0.18436237767616767,63.6,63.6,0.004524886877828038,0.021021021021021102,-0.06006006006005993,-0.02552552552552534,-0.039039039039038936,,,0.025196850393700787
3707,漢磊,20260318,20260319,61.3,20260320,61.4,1,Close Confirmed Stop,20260319,0,0.0016313213703100793,-0.0021708900649265715,-0.004175333398156514,2.2353857460975637,0.02148760330578514,0.9903846153846153,Pre-breakout,0.21015032053950544,0.0,0.21015032053950544,60.9,60.9,-0.008090614886731351,0.02446982055464919,-0.022838499184339334,-0.017944535073409318,,,,-0.0016286644951140072
3707,漢磊,20260422,20260423,63.1,20260424,59.0,1,Close Confirmed Stop,20260423,0,-0.0649762282091918,-0.06851873467958446,-0.07039009119247383,3.4963052070802543,0.06260575296108284,1.0244698205546492,Breakout,0.18047822036529937,0.0,0.18047822036529937,59.3,59.945,0.004777070063694433,0.006339144215530945,-0.10142630744849446,-0.08240887480190173,,,,0.23389830508474563
3707,漢磊,20260504,20260505,69.7,20260507,73.2,2,Trailing Stop,20260506,0,0.050215208034433356,0.04622619484374479,0.04412340172859202,6.0906548320735965,0.03776435045317217,1.0377643504531722,Extended Breakout,0.04424968981090873,0.0,0.04424968981090873,65.6,66.215,0.01455604075691408,0.1520803443328551,-0.0014347202295553751,0.08321377331420376,,,,0.09289617486338786
3709,鑫聯大投控,20251113,20251114,58.5,20251119,60.9,3,Trailing Stop,20251118,0,0.0410256410256411,0.037071152049125596,0.03502930190726462,3.2512496776016016,0.05052264808362361,1.036082474226804,Extended Breakout,0.03316939585312692,0.0,0.03316939585312692,56.4,56.4,-0.02985074626865669,0.1384615384615384,-0.008547008547008517,0.03931623931623918,0.037606837606837695,,,0.011494252873563315
3711,日月光投控,20220105,20220106,110.0,20220111,107.0,3,Close Confirmed Stop,20220110,0,-0.027272727272727226,-0.0309701991180008,-0.03290923946128933,2.790443373484676,0.03738317757009346,1.018348623853211,Breakout,0.26059667942124487,0.004788486454246527,0.26538516587549144,106.5,106.5,-0.009009009009009028,0.0,-0.045454545454545414,-0.013636363636363669,-0.036363636363636376,,,0.032710280373831724
3711,日月光投控,20221111,20221114,91.5,20221123,95.8,8,Day 8 Time Stop,20221123,0,0.04699453551912569,0.04303349202371999,0.04094638815979509,1.9066752457484522,0.04508670520231228,1.0414746543778803,Extended Breakout,0.4727800507548535,0.00793887536591586,0.4807189261207694,88.8,88.8,0.012168141592920234,0.049180327868852514,-0.005464480874316946,0.002185792349726823,0.022950819672131084,0.03715846994535532,0.04699453551912569,0.014613778705636848
3711,日月光投控,20221201,20221202,100.0,20221209,98.3,5,Close Confirmed Stop,20221208,0,-0.017000000000000015,-0.02072504331600693,-0.02269701321559411,2.1157639052885897,0.044238683127572065,1.044238683127572,Extended Breakout,0.44662243235674104,-0.0009466161368177731,0.4456758162199233,98.7,98.7,-0.014778325123152691,0.02499999999999991,-0.039000000000000035,0.010000000000000009,-0.0030000000000000027,-0.030000000000000027,,0.009155645981688831
3711,日月光投控,20230130,20230131,104.0,20230201,101.0,1,Close Confirmed Stop,20230131,0,-0.028846153846153855,-0.03253904685622747,-0.03447495014995014,2.4095421052763837,0.034482758620689724,1.0294117647058822,Breakout,0.3811162555554602,-0.009765532846824085,0.3713507227086361,103.5,103.5,-0.00952380952380949,0.0,-0.038461538461538436,-0.038461538461538436,,,,0.04950495049504955
3711,日月光投控,20230203,20230206,104.5,20230215,104.5,8,Day 8 Time Stop,20230215,0,0.0,-0.0037995567183828553,-0.005806229947675435,2.5602411297134045,0.029126213592232997,1.0,Breakout,0.32103770870846077,0.008864291132957634,0.3299019998414184,102.5,102.5,-0.014150943396226467,0.028708133971291794,-0.019138755980861233,-0.009569377990430672,0.014354066985645897,0.014354066985645897,0.0,0.009569377990430672
3711,日月光投控,20230518,20230519,109.5,20230526,109.0,5,Day 5 Weakness,20230525,0,-0.004566210045662156,-0.008342946949557773,-0.010327256930829806,1.9680109064788227,0.033175355450236976,1.0234741784037558,Breakout,0.18497911309861603,0.05005526976464152,0.23503438286325753,107.0,107.0,0.004587155963302836,0.022831050228310446,-0.013698630136986356,-0.004566210045662156,0.004566210045662045,-0.0091324200913242,,0.07339449541284404
3711,日月光投控,20230530,20230531,110.5,20230609,126.0,8,Day 8 Time Stop,20230609,0,0.14027149321266963,0.13594258532921638,0.1336695551476701,2.338353926013775,0.022935779816513735,0.9955357142857143,Pre-breakout,0.14257473955665917,0.06485115505295376,0.20742589460961292,109.0,109.0,-0.008968609865470878,0.15384615384615374,0.0,0.009049773755656076,0.05429864253393668,0.09954751131221728,0.14027149321266963,0.015873015873015817
3711,日月光投控,20231113,20231114,123.5,20231123,127.0,8,Day 8 Time Stop,20231123,0,0.028340080971659853,0.024448978226696547,0.022399062150222988,2.2386875767473575,0.042553191489361764,1.0251046025104602,Breakout,0.41382308013646213,0.018696717950252684,0.4325197980867148,120.0,120.0,0.008163265306122547,0.036437246963562764,-0.012145748987854255,0.0,0.012145748987854255,0.004048582995951344,0.028340080971659853,0.007874015748031482
3711,日月光投控,20241015,20241016,163.5,20241025,162.0,8,Day 8 Time Stop,20241025,0,-0.00917431192660545,-0.012945794704752359,-0.014920907341247468,1.838667658542204,0.06645569620253156,1.0305810397553516,Extended Breakout,0.19690720231765008,0.00801341877834415,0.20492062109599424,158.5,158.5,-0.029673590504451064,0.05810397553516822,-0.02752293577981646,0.00917431192660545,0.0,0.003058103975535076,-0.00917431192660545,0.0092592592592593
3711,日月光投控,20250107,20250108,175.0,20250110,165.0,2,Close Confirmed Stop,20250109,0,-0.05714285714285716,-0.06072752780839764,-0.06260702424422913,3.095916696468931,0.054216867469879526,1.044776119402985,Extended Breakout,0.27951428452318217,-0.037482373469882584,0.24203191105329955,168.0,168.0,0.0,0.0,-0.05428571428571427,-0.020000000000000018,,,,0.024242424242424176
3711,日月光投控,20251017,20251020,193.5,20251030,225.0,8,Day 8 Time Stop,20251030,0,0.16279069767441867,0.15835957939642387,0.15604645840749787,1.9315638137180733,0.023498694516971286,1.0234986945169713,Breakout,0.2472261368508606,-0.010499619190271016,0.23672651766058958,189.5,189.5,-0.012755102040816313,0.1757105943152455,-0.018087855297157618,0.03359173126614978,-0.0025839793281653423,0.04651162790697683,0.16279069767441867,0.11777777777777776
3712,永崴投控,20240124,20240125,43.7,20240201,43.55,5,Day 5 Weakness,20240131,0,-0.003432494279176357,-0.007232362571773494,-0.009191094758117555,3.214596589918967,0.021077283372365363,1.011600928074246,Breakout,0.043670859800206005,0.0,0.043670859800206005,42.1,42.1,0.002293577981651307,0.011441647597254079,-0.04919908466819234,-0.021739130434782705,-0.029748283752860538,-0.005720823798627039,,0.014925373134328401
3712,永崴投控,20240220,20240221,45.2,20240304,47.8,8,Day 8 Time Stop,20240304,0,0.05752212389380529,0.05349637753672482,0.0513883112397794,4.3171847609132,0.020361990950226172,1.0203619909502262,Breakout,0.09159753756865352,0.0,0.09159753756865352,43.5,43.5,0.0022172949002217113,0.11725663716814161,-0.017699115044247926,0.0331858407079646,-0.004424778761062065,0.0265486725663715,0.05752212389380529,0.01882845188284521
3712,永崴投控,20240412,20240415,46.95,20240417,46.5,2,Trailing Stop,20240416,0,-0.009584664536741228,-0.013351754148854944,-0.015326052502352264,3.157728043073041,0.05555555555555536,1.021953896816685,Breakout,0.09856791428746338,0.015838640935578942,0.11440655522304231,44.35,44.6025,0.008592910848550073,0.09052183173588935,-0.024494142705005495,0.026624068157614422,,,,0.07526881720430101
4114,健喬,20221108,20221109,35.6,20221116,35.25,5,Close Confirmed Stop,20221115,0,-0.0098314606741573,-0.01359580087504004,-0.01557407845726489,2.2887919522834506,0.023188405797101463,1.0,Breakout,0.1662647349357919,0.0,0.1662647349357919,35.3,35.3,0.008498583569405138,0.029494382022471788,-0.012640449438202306,0.001404494382022392,0.008426966292134797,-0.0098314606741573,,0.07234042553191489
4114,健喬,20221116,20221117,36.5,20221128,36.2,8,Day 8 Time Stop,20221128,0,-0.008219178082191747,-0.011985256100205123,-0.013962282944381635,2.257331368200664,0.029787234042553123,0.990450204638472,Pre-breakout,0.0857814913280162,0.0,0.0857814913280162,35.25,35.25,0.005509641873278293,0.03561643835616435,-0.045205479452054775,-0.004109589041095818,0.012328767123287676,0.016438356164383494,-0.008219178082191747,0.06767955801104963
4114,健喬,20221205,20221206,39.3,20221215,50.8,8,Day 8 Time Stop,20221215,0,0.2926208651399491,0.2877368082432438,0.28515365929738,2.3960184856025597,0.06767955801104963,1.0224867724867726,Breakout,0.14071373043386912,0.0,0.14071373043386912,36.5,37.334999999999994,0.01681759379042691,0.3435114503816794,-0.04071246819338403,0.04325699745547085,0.1806615776081426,0.22519083969465647,0.2926208651399491,0.08267716535433078
4114,健喬,20230417,20230418,49.1,20230421,46.5,3,Close Confirmed Stop,20230420,0,-0.052953156822810654,-0.05653639488702733,-0.05842426108721343,2.5201753734116075,0.02950474183350882,1.0020512820512821,Breakout,0.1862685622345897,0.0,0.1862685622345897,47.6,47.6,0.0051177072671442225,0.014256619144602745,-0.05600814663951115,-0.022403258655804503,-0.052953156822810654,,,0.04516129032258065
4123,晟德,20230607,20230608,55.0,20230615,53.4,5,Day 5 Weakness,20230614,0,-0.029090909090909167,-0.0327808717110748,-0.03472306180645294,4.138056617780952,0.04174573055028463,1.0300187617260788,Extended Breakout,0.1290079989061325,-0.00010255007862172694,0.12890544882751076,53.0,53.0,0.0018214936247722413,0.034545454545454435,-0.036363636363636376,0.009090909090909038,-0.018181818181818188,-0.034545454545454546,,0.0037453183520599342
4123,晟德,20230705,20230706,57.5,20230713,55.2,5,Day 5 Weakness,20230712,0,-0.039999999999999925,-0.043621014698276554,-0.045534713419400775,1.8957327327622664,0.034734917733089565,0.9947275922671354,Pre-breakout,0.1066519785295219,0.0,0.1066519785295219,54.6,54.625,0.01590106007067127,0.013913043478260834,-0.045217391304347876,-0.006956521739130417,-0.029565217391304355,-0.04173913043478261,,0.23007246376811596
4123,晟德,20240617,20240618,52.4,20240627,52.9,8,Day 8 Time Stop,20240627,0,0.009541984732824416,0.005702889463995091,0.0036837500743101244,3.0961715092183963,0.06072874493927127,1.0155038759689923,Breakout,0.031049388612915552,0.0,0.031049388612915552,50.0,50.0,0.0,0.07251908396946583,-0.015267175572518998,0.003816793893129722,0.043893129770992356,0.03816793893129766,0.009541984732824416,0.12098298676748587
4123,晟德,20260703,20260706,40.0,20260714,38.15,5,Close Confirmed Stop,20260713,0,-0.04625000000000001,-0.049863387978142076,-0.05176942939727937,3.677891654465593,0.03255208333333326,1.0063451776649746,Breakout,0.2452070920852967,0.0,0.2452070920852967,38.7,38.7,0.008827238335435084,0.013749999999999929,-0.05249999999999999,-0.0050000000000001155,-0.016249999999999987,-0.04875000000000007,,0.003931847968545288
4128,中天,20221118,20221121,64.9,20221130,68.4,8,Day 8 Time Stop,20221130,0,0.05392912172573183,0.04990698697817694,0.047797381799868185,2.2017278656463346,0.06085526315789469,1.0336538461538463,Extended Breakout,0.02510605578955734,0.0,0.02510605578955734,60.8,61.655,0.006201550387596955,0.1294298921417565,-0.02927580893682602,0.026194144838212363,0.07704160246533132,0.0662557781201849,0.05392912172573183,0.059941520467836185
4129,聯合,20230608,20230609,75.0,20230612,76.6,1,Close Confirmed Stop,20230609,0,0.021333333333333204,0.017459682793549126,0.015414047320504295,3.106364773250839,0.021650879566982306,0.9856396866840732,Pre-breakout,0.057257891956148464,0.0,0.057257891956148464,74.5,74.5,-0.0066225165562914245,0.010666666666666602,-0.03866666666666674,-0.007999999999999896,,,,0.0678851174934727
4129,聯合,20230725,20230726,82.4,20230727,74.7,1,Close Confirmed Stop,20230726,0,-0.09344660194174759,-0.09690857706561451,-0.09869182804622981,2.2522430876279222,0.04444444444444451,1.0191326530612246,Breakout,0.061224558742415884,0.020683949255377827,0.08190850799779371,74.7,78.28,0.031289111389236623,0.0,-0.10436893203883502,-0.10072815533980595,,,,0.004016064257028162
4147,中裕,20230413,20230414,106.0,20230417,103.0,1,Close Confirmed Stop,20230414,0,-0.028301886792452824,-0.0319893368877041,-0.03393938883724169,3.4510457315736396,0.03349282296650724,1.0334928229665072,Extended Breakout,0.03217354852232236,0.06827709075665479,0.10045063927897716,104.5,104.5,-0.01851851851851849,0.037735849056603765,-0.03301886792452835,-0.028301886792452824,,,,0.16019417475728148
4155,訊映,20230201,20230202,31.15,20230213,33.4,8,Day 8 Time Stop,20230213,0,0.07223113964687,0.06817019305585408,0.06602856960117023,2.8373969726440693,0.03872053872053871,1.021523178807947,Breakout,0.09970556700336966,0.0,0.09970556700336966,29.55,29.592499999999998,0.00972447325769843,0.11717495987158899,-0.0048154093097912964,0.008025682182985605,0.038523274478330816,0.08186195826645282,0.07223113964687,0.017964071856287456
4162,智擎,20221116,20221117,130.0,20221123,134.0,4,Trailing Stop,20221122,0,0.03076923076923066,0.02687884461085852,0.024824075960443597,2.1697536100015937,0.04081632653061229,0.99609375,Pre-breakout,0.04151322903210373,0.01334864360556911,0.05486187263767284,122.0,123.5,0.019607843137254832,0.10384615384615392,-0.01538461538461533,-0.007692307692307665,0.07692307692307687,,,0.052238805970149294
4164,承業醫,20230306,20230307,68.5,20230313,66.9,4,Trailing Stop,20230310,0,-0.023357664233576547,-0.027088307481675556,-0.029035134248537577,2.679802985321594,0.022488755622188883,1.0194319880418534,Breakout,0.002769503664514932,0.06385775116111442,0.06662725482562934,63.5,65.075,0.004398826979472137,0.09197080291970794,-0.056934306569343174,0.021897810218978186,0.0262773722627736,,,0.094170403587444
4164,承業醫,20250224,20250225,59.9,20250227,56.7,2,Close Confirmed Stop,20250226,0,-0.05342237061769606,-0.05700554035111141,-0.058892469479310025,3.9107077047503633,0.03508771929824572,1.0,Breakout,0.03485241945095618,0.0,0.03485241945095618,57.5,57.5,0.015254237288135464,0.005008347245408995,-0.09015025041736224,-0.011686143572620988,,,,0.0335097001763669
4167,松瑞藥,20240513,20240514,23.0,20240521,22.9,5,Day 5 Weakness,20240520,0,-0.004347826086956608,-0.008145580589254815,-0.01009989714094193,2.297466952219186,0.04337899543378998,1.0066079295154187,Breakout,0.1465287049399199,0.0,0.1465287049399199,21.7,21.849999999999998,0.006564551422319376,0.017391304347825987,-0.05434782608695654,0.0,-0.04999999999999993,-0.0021739130434782483,,0.015283842794759916
4167,松瑞藥,20240617,20240618,25.1,20240620,23.95,2,Close Confirmed Stop,20240619,0,-0.045816733067729154,-0.04943095662606435,-0.0513360679902863,2.3237729964385814,0.035196687370600444,1.0020040080160322,Breakout,0.057738651453302516,0.0,0.057738651453302516,24.45,24.45,0.0040000000000000036,0.007968127490039834,-0.055776892430278946,-0.019920318725099584,,,,0.16075156576200422
4167,松瑞藥,20260123,20260126,22.2,20260129,20.75,3,Close Confirmed Stop,20260128,0,-0.06531531531531531,-0.06885536024956508,-0.0707211989083022,2.4614692316346045,0.06666666666666665,1.0285714285714287,Breakout,0.1043063172862076,0.0,0.1043063172862076,20.3,21.09,0.02777777777777768,0.018018018018018056,-0.06756756756756754,-0.0427927927927928,-0.05405405405405406,,,0.026506024096385472
4168,醣聯,20221118,20221121,32.0,20221128,31.75,5,Trailing Stop,20221125,0,-0.0078125,-0.011576543539138551,-0.013558400040114575,4.415681448600185,0.06030150753768826,1.020967741935484,Breakout,0.026687385987433282,0.0,0.026687385987433282,30.05,30.4,0.011058451816745807,0.09062499999999996,-0.0234375,0.07968749999999991,0.06562500000000004,0.004687499999999956,,0.11653543307086633
4303,信立,20241017,20241018,49.0,20241022,48.05,2,Close Confirmed Stop,20241021,0,-0.019387755102040827,-0.02311333333333338,-0.025074182966717627,2.0652129219720123,0.020898641588296796,0.982897384305835,Pre-breakout,0.16548808473080318,0.0,0.16548808473080318,47.85,47.85,0.003070624360286489,0.012244897959183598,-0.032653061224489854,-0.0071428571428571175,,,,0.0655567117585849
4303,信立,20250217,20250218,57.7,20250226,61.7,6,Trailing Stop,20250225,0,0.06932409012131724,0.06525737441710644,0.06312577871550962,8.926397767863987,0.051948051948051965,1.0197841726618706,Breakout,0.08470856027965207,0.0,0.08470856027965207,53.9,54.815,0.01763668430335108,0.22357019064124772,-0.05025996533795507,0.024263431542461023,0.045060658578855994,0.188908145580589,,0.05672609400324147
4306,炎洲,20240607,20240611,20.8,20240618,20.7,5,Day 5 Weakness,20240617,0,-0.004807692307692402,-0.008605060388727583,-0.010560795723084508,3.5125035653684358,0.05316455696202538,1.0146341463414634,Breakout,0.4762034443520916,-0.0005019933528550182,0.4757014509992366,19.85,19.85,0.0,0.028846153846153744,-0.028846153846153966,-0.019230769230769384,-0.004807692307692402,-0.014423076923076983,,0.0531400966183575
4306,炎洲,20240704,20240705,21.65,20240716,21.9,8,Day 8 Time Stop,20240716,0,0.011547344110854452,0.007709039995332906,0.0056898381338854115,1.8268000568554452,0.030878859857482066,0.9954128440366972,Pre-breakout,0.32000435499658964,-0.0010693981335641604,0.3189349568630255,21.25,21.25,-0.0023041474654378336,0.07390300230946889,-0.009237875288683584,0.0,0.006928406466512715,0.05080831408775999,0.011547344110854452,0.02511415525114158
4426,利勤,20220825,20220826,32.8,20220905,31.15,6,Close Confirmed Stop,20220902,0,-0.05030487804878048,-0.05388580650324091,-0.05578288071262224,1.9603185839751471,0.025078369905956244,0.9969512195121953,Pre-breakout,0.09009223158494903,0.00021054555300421132,0.09030277713795323,31.2,31.2,0.003058103975535076,0.03963414634146356,-0.06402439024390238,-0.013719512195121797,-0.013719512195121797,0.009146341463414753,,0.020866773675762618
4510,高鋒,20250813,20250814,52.0,20250821,52.0,5,Trailing Stop,20250820,0,0.0,-0.0038045654785742893,-0.005797968870524252,3.3615674053937576,0.04761904761904767,1.0058365758754864,Breakout,0.0825175611126721,0.0,0.0825175611126721,50.2,50.2,0.005802707930367523,0.0923076923076922,-0.043269230769230727,-0.03076923076923077,0.06153846153846154,-0.007692307692307665,,0.08846153846153859
4510,高鋒,20260526,20260527,52.2,20260528,48.9,1,Close Confirmed Stop,20260527,0,-0.06321839080459779,-0.06676274737446135,-0.06863015094390285,2.703765585751469,0.038000000000000034,1.0,Breakout,0.09000667883913127,0.0,0.09000667883913127,48.6,49.59,0.005780346820809301,0.0,-0.08333333333333337,-0.07183908045977017,,,,0.15541922290388555
4526,東台,20250221,20250224,35.0,20250304,33.65,5,Day 5 Weakness,20250303,0,-0.03857142857142859,-0.04225514046722434,-0.04410926486136235,2.865523634668415,0.04925373134328348,0.9818435754189945,Pre-breakout,0.2143051759582592,0.0,0.2143051759582592,33.25,33.25,-0.004267425320056861,0.04571428571428582,-0.04571428571428571,0.0028571428571428914,0.0,-0.04571428571428571,,0.05646359583952454
4526,東台,20250513,20250514,26.8,20250521,26.9,5,Day 5 Weakness,20250520,0,0.003731343283581934,-6.999720011206827e-05,-0.0020742517094780918,4.468121149000369,0.05788423153692612,1.0192307692307692,Breakout,0.046140169291153034,0.0,0.046140169291153034,25.35,25.46,0.01132075471698113,0.05597014925373145,-0.02425373134328368,0.03731343283582089,0.03731343283582089,-0.003731343283582156,,0.040892193308550207
4526,東台,20260116,20260119,36.35,20260128,36.2,8,Day 8 Time Stop,20260128,0,-0.004126547455295726,-0.00792480187995288,-0.009881233508478743,4.277374344357787,0.045189504373178035,1.0286944045911048,Breakout,0.08084468331431591,0.0,0.08084468331431591,35.35,35.35,0.013947001394700065,0.0729023383768912,-0.02063273727647863,0.004126547455295615,0.022008253094910613,0.030261348005502064,-0.004126547455295726,0.024861878453038555
4532,瑞智,20240523,20240524,30.0,20240531,29.2,5,Day 5 Weakness,20240530,0,-0.026666666666666727,-0.030387844862055178,-0.03229847290930912,2.093403822276476,0.054101221640488584,1.0,Breakout,0.21509163225790395,0.0,0.21509163225790395,28.5,28.5,-0.0066225165562913135,0.011666666666666714,-0.06000000000000005,-0.013333333333333308,-0.033333333333333326,-0.028333333333333433,,0.013698630136986356
4532,瑞智,20260703,20260706,29.6,20260708,28.25,2,Close Confirmed Stop,20260707,0,-0.045608108108108114,-0.04922358384894398,-0.05112965512142968,2.0875432568206627,0.028268551236749095,0.9965753424657535,Pre-breakout,0.04186004833838219,0.07741134117059036,0.11927138950897255,28.05,28.12,0.01718213058419238,0.027027027027026973,-0.05743243243243257,-0.02533783783783783,,,,-0.0212389380530974
4533,協易機,20240521,20240522,48.95,20240523,43.85,1,Close Confirmed Stop,20240522,0,-0.10418794688457611,-0.10761643543080611,-0.10936879601294386,4.974412826573134,0.022364217252396124,1.0223642172523961,Breakout,0.026703483055054742,0.0,0.026703483055054742,46.5,46.5025,0.019791666666666652,0.0,-0.11746680286006128,-0.1123595505617977,,,,0.13112884834663618
4533,協易機,20250221,20250224,40.1,20250304,38.6,5,Day 5 Weakness,20250303,0,-0.03740648379052369,-0.04109068611114814,-0.042947752437207595,4.009311487151939,0.03891050583657596,1.0139240506329112,Breakout,0.1303750919342976,0.0,0.1303750919342976,38.6,38.6,0.0012484394506866447,0.0448877805486283,-0.026184538653366674,0.027431421446383997,0.009975062344139696,-0.023690773067331694,,0.07383419689119175
4540,全球傳動,20250224,20250225,59.8,20250304,55.1,4,Close Confirmed Stop,20250303,0,-0.07859531772575246,-0.08210050781067527,-0.08393723957485982,2.2155074504925065,0.05830388692579502,0.9983333333333333,Pre-breakout,0.05357876587167448,0.0,0.05357876587167448,55.6,56.809999999999995,-0.0016694490818029983,0.010033444816053505,-0.06688963210702337,-0.030100334448160515,-0.025083612040133763,,,0.05444646098003636
4540,全球傳動,20250815,20250818,43.8,20250821,43.6,3,Trailing Stop,20250820,0,-0.004566210045662045,-0.008334667947896503,-0.01031898794097231,2.418799821235734,0.049219687875150075,0.9898074745186864,Pre-breakout,0.1731873845449883,0.0,0.1731873845449883,40.75,41.60999999999999,0.0022883295194506825,0.08219178082191791,-0.01826484018264829,0.05936073059360725,-0.014840182648401812,,,0.13761467889908263
4543,萬在,20240517,20240520,60.0,20240524,63.8,4,Trailing Stop,20240523,0,0.06333333333333324,0.05927628948420632,0.05718188349386332,4.302595439351034,0.0627306273062731,1.0249110320284698,Breakout,0.03886265249901614,0.0,0.03886265249901614,54.4,57.0,0.04166666666666674,0.15833333333333344,-0.043333333333333335,-0.023333333333333317,0.09499999999999997,,,0.18965517241379315
4551,智伸科,20250806,20250807,163.0,20250814,163.0,5,Day 5 Weakness,20250813,0,0.0,-0.003799493400879883,-0.005780154276936855,3.4628795738460005,0.03896103896103886,1.032258064516129,Extended Breakout,0.03597541119303742,0.01305302530012862,0.04902843649316604,152.5,154.85,0.018750000000000044,0.06748466257668717,-0.042944785276073594,-0.036809815950920255,0.030674846625766916,-0.006134969325153339,,0.09202453987730053
4576,大銀微系統,20241021,20241022,139.0,20241101,136.0,7,Trailing Stop,20241030,0,-0.021582733812949617,-0.025320266247449576,-0.027270629736439088,7.353991767574708,0.04428044280442811,1.044280442804428,Extended Breakout,0.03133400400965283,0.017506796297882224,0.048840800307535064,132.5,132.5,-0.017667844522968212,0.08633093525179847,-0.017985611510791366,0.014388489208633004,0.003597122302158251,0.08633093525179847,,0.06617647058823528
4576,大銀微系統,20241225,20241226,159.0,20241230,156.0,2,Close Confirmed Stop,20241227,0,-0.018867924528301883,-0.022605671482075977,-0.024561456959890187,7.343389543547732,0.029032258064516148,1.0290322580645161,Breakout,0.03544040787561465,0.0,0.03544040787561465,158.0,158.0,-0.0031347962382445305,0.03459119496855356,-0.0691823899371069,0.003144654088050425,,,,-0.012820512820512775
4576,大銀微系統,20250206,20250207,166.5,20250214,156.0,5,Close Confirmed Stop,20250213,0,-0.06306306306306309,-0.0666066306450537,-0.06847434540285091,3.7002981946518863,0.046875,1.046875,Extended Breakout,0.04751579049475031,0.0007409819964951552,0.048256772491245464,160.0,160.0,-0.005970149253731294,0.05705705705705699,-0.06606606606606602,0.01501501501501501,-0.009009009009009028,-0.06306306306306309,,0.10576923076923084
4576,大銀微系統,20250514,20250515,140.0,20250522,135.0,5,Day 5 Weakness,20250521,0,-0.0357142857142857,-0.03940344321366609,-0.04132563339195156,5.88664189539388,0.04444444444444451,1.0444444444444445,Extended Breakout,0.039713106996228174,0.007162039423970333,0.04687514642019851,132.5,133.0,-0.007092198581560294,0.02499999999999991,-0.03928571428571426,0.0,-0.025000000000000022,-0.02857142857142858,,0.022222222222222143
4722,國精化,20250609,20250610,69.2,20250620,70.7,8,Trailing Stop,20250619,0,0.021676300578034713,0.01779780888455944,0.015761187035327084,2.028911790493122,0.05648854961832073,1.0453172205438066,Extended Breakout,0.045241753116850046,0.0,0.045241753116850046,64.5,65.74,0.0,0.11994219653179194,0.0,0.07658959537572252,0.0881502890173409,0.11416184971098242,0.024566473988439252,0.022630834512022524
4722,國精化,20251223,20251224,192.0,20260102,187.5,5,Day 5 Weakness,20251231,0,-0.0234375,-0.027165932452276064,-0.029112602433983944,2.8289736109561283,0.0589887640449438,1.0107238605898123,Breakout,0.0739888108455169,0.0257637174467904,0.0997525282923073,177.0,182.39999999999998,0.018567639257294433,0.01041666666666674,-0.07291666666666663,-0.03385416666666663,-0.03125,-0.0234375,,0.02400000000000002
4722,國精化,20260226,20260302,210.0,20260303,199.5,1,Close Confirmed Stop,20260302,0,-0.050000000000000044,-0.05360016090104586,-0.05549390492608949,3.9033680198228633,0.048309178743961345,1.0483091787439613,Extended Breakout,0.22547413557521026,0.004064466648971095,0.22953860222418135,202.0,202.0,-0.032258064516129004,0.04285714285714293,-0.04761904761904767,-0.042857142857142816,,,,-0.03007518796992481
4726,永昕,20240618,20240619,59.0,20240628,60.5,7,Trailing Stop,20240627,0,0.025423728813559254,0.021544823906083244,0.01949307948248777,4.891746879128583,0.050269299820466795,1.0483870967741935,Extended Breakout,0.05367677121663454,0.0,0.05367677121663454,54.9,56.05,0.008547008547008517,0.10508474576271198,-0.025423728813559365,-0.013559322033898202,0.027118644067796627,0.05084745762711873,,0.023140495867768562
4743,合一,20221111,20221114,256.0,20221123,289.5,8,Day 8 Time Stop,20221123,0,0.130859375,0.1265351755439861,0.12428093837050913,2.2680668193148876,0.039094650205761416,0.9805825242718447,Pre-breakout,0.08949795697632495,0.0065196490806393465,0.09601760605696431,246.0,246.0,0.013861386138613874,0.130859375,-0.03515625,-0.0234375,0.001953125,0.07421875,0.130859375,0.039723661485319584
4743,合一,20230208,20230209,292.5,20230215,274.0,4,Close Confirmed Stop,20230214,0,-0.06324786324786325,-0.066807384326733,-0.06867471069141012,2.463505659223004,0.05494505494505497,1.0472727272727274,Extended Breakout,0.039708708932429414,0.0027564627877523654,0.04246517172018178,274.5,277.875,0.015625,0.013675213675213627,-0.07350427350427347,-0.029059829059829068,-0.04957264957264962,,,0.1058394160583942
4743,合一,20230413,20230414,280.0,20230421,270.5,5,Day 5 Weakness,20230420,0,-0.03392857142857142,-0.03761844388095556,-0.03954419977894767,2.399159274255865,0.03333333333333344,1.012704174228675,Breakout,0.12974039195724102,0.0,0.12974039195724102,270.0,270.0,0.0035842293906809264,0.021428571428571352,-0.03392857142857142,-0.019642857142857184,-0.005357142857142838,-0.03392857142857142,,-0.05360443622920519
4743,合一,20231108,20231109,228.0,20231113,223.0,2,Trailing Stop,20231110,0,-0.021929824561403466,-0.025669344042838018,-0.02761901189266372,6.4344361964540076,0.04137931034482767,1.0413793103448277,Extended Breakout,0.03911782165098715,0.028011130250430633,0.06712895190141778,215.0,216.6,0.0066225165562914245,0.11184210526315796,-0.037280701754385914,0.010964912280701844,,,,-0.006726457399103158
4743,合一,20250825,20250826,74.3,20250901,70.3,4,Close Confirmed Stop,20250829,0,-0.053835800807537026,-0.05741965421350097,-0.05930575677620106,1.9057584554107878,0.0437235543018335,0.9801324503311258,Pre-breakout,0.14717573041454796,0.0,0.14717573041454796,71.2,71.2,0.004054054054054124,0.06998654104979818,-0.06729475100942128,-0.026917900403768513,0.01749663526244949,,,0.17638691322901856
4743,合一,20260113,20260114,72.7,20260121,70.8,5,Day 5 Weakness,20260120,0,-0.02613480055020645,-0.029862103028927757,-0.03177004748400577,2.5423337793568033,0.03768115942028971,0.9848693259972489,Pre-breakout,0.2003408593445474,0.0,0.2003408593445474,68.5,69.065,0.015363128491620248,0.05502063273727642,-0.04126547455295737,0.02888583218706997,-0.030261348005502064,-0.031636863823933936,,0.00847457627118664
4743,合一,20260706,20260707,58.8,20260708,58.3,1,Close Confirmed Stop,20260707,0,-0.008503401360544172,-0.012266666666666667,-0.01425051078822865,6.324991887609994,0.041884816753926746,1.0418848167539267,Extended Breakout,0.17362544395738008,0.0,0.17362544395738008,58.8,58.8,-0.015075376884422176,0.010204081632653184,-0.04081632653061218,-0.03571428571428559,,,,-0.03430531732418529
4746,台耀,20230406,20230407,79.7,20230418,83.9,8,Day 8 Time Stop,20230418,0,0.05269761606022594,0.048673747131344425,0.04657531449256633,3.4551142089476388,0.03389830508474567,1.012771392081737,Breakout,0.2197170198216716,0.0,0.2197170198216716,76.7,76.7,0.0050441361916773175,0.11166875784190711,-0.012547051442910906,0.04015056461731503,0.0915934755332497,0.09033877038895866,0.05269761606022594,0.014302741358760196
4746,台耀,20231117,20231120,95.2,20231129,101.5,8,Day 8 Time Stop,20231129,0,0.06617647058823528,0.06211666666666667,0.05997844080096937,3.009763678523746,0.04231625835189301,0.9863013698630135,Pre-breakout,-0.02209657166371807,0.11613239335358935,0.09403582168987128,90.5,90.5,0.017094017094017255,0.10819327731092443,-0.005252100840336116,0.03991596638655448,0.04936974789915971,0.025210084033613356,0.06617647058823528,0.0640394088669951
4763,材料-KY,20221117,20221118,153.5,20221129,167.5,8,Day 8 Time Stop,20221129,0,0.0912052117263844,0.08706106296648801,0.08488584396051557,2.56965170467933,0.06206896551724128,1.0476190476190477,Extended Breakout,0.165799178694303,0.0,0.165799178694303,143.0,145.825,-0.0032467532467532756,0.15309446254071668,0.0,0.026058631921824116,0.039087947882736174,0.0684039087947883,0.0912052117263844,0.08358208955223878
4763,材料-KY,20230111,20230112,251.0,20230202,273.0,7,Trailing Stop,20230201,0,0.08764940239043817,0.08353134098591078,0.08136319944432228,2.750298684370284,0.020325203252032464,1.0120967741935485,Breakout,0.0264715101414493,0.027621638522614657,0.05409314866406396,241.0,241.0,0.0,0.18525896414342635,-0.03386454183266929,0.08366533864541825,0.095617529880478,0.12749003984063756,,0.1282051282051282
4763,材料*-KY,20260603,20260604,44.15,20260609,42.8,3,Close Confirmed Stop,20260608,0,-0.0305775764439411,-0.03426659353081131,-0.03620447563715719,1.926287765740406,0.02927400468384067,0.994343891402715,Pre-breakout,0.22556781008226226,-0.0007500443533146477,0.2248177657289476,42.7,42.7,0.004550625711035261,0.0305775764439411,-0.07021517553793888,0.013590033975084959,-0.040770101925254765,,,0.0771028037383179
4763,材料*-KY,20260623,20260624,46.4,20260625,45.35,1,Close Confirmed Stop,20260624,0,-0.022629310344827513,-0.026355281060747394,-0.028309335611349885,2.312837372718344,0.023026315789473673,1.0119305856832972,Breakout,0.057547784661725276,3.1321675739720887e-05,0.057579106337465,45.8,45.8,-0.005359056806002127,0.0,-0.04094827586206895,-0.030172413793103425,,,,0.093715545755237
4764,雙鍵,20260415,20260416,190.0,20260423,218.0,5,Trailing Stop,20260422,0,0.1473684210526316,0.14298639501373903,0.14069924741805276,3.241990634506424,0.04266666666666663,1.0426666666666666,Extended Breakout,0.20513183332474805,-0.00015768907708788222,0.20497414424766017,177.0,180.5,-0.02813299232736577,0.34736842105263155,-0.02631578947368418,0.018421052631578894,0.22894736842105257,0.16842105263157903,,0.22706422018348627
4904,遠傳,20231130,20231201,82.5,20231208,82.1,5,Day 5 Weakness,20231207,0,-0.00484848484848488,-0.008618301373520943,-0.010602055939843457,3.818626874082407,0.023456790123456805,1.0134474327628362,Breakout,0.04988418499824558,0.1652614662959126,0.2151456512941582,81.4,81.4,-0.004825090470446436,0.01090909090909098,-0.013333333333333308,-0.0060606060606061,0.00969696969696976,-0.00484848484848488,,-0.01218026796589522
4904,遠傳,20240702,20240703,90.0,20240710,80.2,5,Day 5 Weakness,20240709,0,-0.10888888888888881,-0.1122807017543859,-0.11405704457254878,3.787447072488111,0.04282407407407396,1.042824074074074,Extended Breakout,-0.5171266093687239,0.6849543436897713,0.1678277343210474,84.5,85.5,-0.0011098779134294245,0.040000000000000036,-0.053333333333333344,-0.0033333333333332993,0.011111111111111072,-0.03888888888888886,,0.02244389027431426
4904,遠傳,20260223,20260224,94.8,20260302,92.8,3,Close Confirmed Stop,20260226,0,-0.021097046413502074,-0.02482581885160567,-0.026777162978967012,2.529854705255113,0.03155603917301408,1.0193548387096774,Breakout,0.3402325464721719,-0.06863747948819768,0.2715950669839742,92.1,92.1,0.0,0.009493670886076,-0.03270042194092826,0.00843881856540074,-0.029535864978902926,,,0.016163793103448176
4906,正文,20220606,20220607,31.4,20220614,30.8,5,Day 5 Weakness,20220613,0,-0.019108280254776955,-0.02283409446981566,-0.02479331349251656,3.1584900582682782,0.0281456953642385,1.019704433497537,Breakout,0.08569734711340549,0.016725916541168683,0.10242326365457416,30.25,30.25,0.011272141706924144,0.006369426751592355,-0.02547770700636931,-0.006369426751592355,-0.0031847133757960666,-0.01273885350318471,,0.081168831168831
4906,正文,20230417,20230418,32.25,20230424,31.05,4,Close Confirmed Stop,20230421,0,-0.037209302325581395,-0.04089386592011198,-0.042750373699550905,1.8615437565742887,0.02211690363349139,1.0109375,Breakout,0.21506233309474698,0.011255030161959884,0.22631736325670684,31.7,31.7,-0.0030911901081916993,0.013953488372093092,-0.054263565891472854,0.0,-0.0046511627906976605,,,0.02898550724637672
4906,正文,20230529,20230530,31.2,20230609,31.4,8,Trailing Stop,20230608,0,0.0064102564102563875,0.002573745132554445,0.0005969203391404465,2.9883244917419884,0.03630363036303619,1.0031948881789137,Breakout,0.03078977796052403,-0.0009730403870143034,0.029816737573509725,30.5,30.5,-0.006369426751592355,0.08012820512820529,-0.009615384615384692,-0.0016025641025640969,0.012820512820512997,0.0721153846153848,-0.0016025641025640969,0.019108280254777066
4906,正文,20240520,20240521,35.15,20240530,38.0,8,Day 8 Time Stop,20240530,0,0.08108108108108114,0.07698129185079498,0.07482144281320066,10.459666137443943,0.04105571847507328,1.0289855072463767,Breakout,0.030143797973854476,0.01755586097921525,0.047699658953069726,34.2,34.2,-0.009859154929577452,0.10668563300142253,-0.012802275960170584,0.0014224751066858055,-0.004267425320056861,0.06258890469416789,0.08108108108108114,0.023684210526315752
4908,前鼎,20240522,20240523,108.5,20240530,108.0,5,Trailing Stop,20240529,0,-0.004608294930875556,-0.008378396421656987,-0.010362630371549863,3.25923473490044,0.044117647058823595,1.009478672985782,Breakout,0.03073487184940976,0.0,0.03073487184940976,102.0,103.07499999999999,0.018779342723004744,0.0875576036866359,-0.04147465437788023,0.02304147465437789,0.02764976958525356,-0.004608294930875556,,0.02777777777777768
4908,前鼎,20240627,20240628,115.0,20240703,109.0,3,Close Confirmed Stop,20240702,0,-0.05217391304347829,-0.05576357314790051,-0.057652987953336114,3.3519798549965354,0.03196347031963476,0.9826086956521739,Pre-breakout,0.03498477308177969,0.0,0.03498477308177969,110.0,110.0,0.017699115044247815,0.01304347826086949,-0.06956521739130439,-0.02608695652173909,-0.06956521739130439,,,0.07798165137614688
4908,前鼎,20240830,20240902,106.5,20240904,95.0,2,Close Confirmed Stop,20240903,0,-0.107981220657277,-0.1113783255674132,-0.11315647486530514,3.703407880724175,0.06275303643724706,1.0396039603960396,Extended Breakout,0.056683829138062546,0.0,0.056683829138062546,99.2,101.175,0.014285714285714235,0.0046948356807512415,-0.07230046948356805,-0.04225352112676062,,,,0.10526315789473695
4909,新復興,20260420,20260421,67.6,20260423,64.1,2,Close Confirmed Stop,20260422,0,-0.05177514792899407,-0.05535936018799151,-0.05724957803171683,1.9679279786186523,0.034428794992175105,1.0,Breakout,0.11920243246403929,0.0,0.11920243246403929,61.9,64.21999999999998,0.0226928895612708,0.01183431952662728,-0.06804733727810641,-0.044378698224852076,,,,-0.07800312012480493
4915,致伸,20221123,20221124,58.5,20221130,56.7,4,Close Confirmed Stop,20221129,0,-0.03076923076923077,-0.03446135362434917,-0.03639341691284949,1.967665165234021,0.02645502645502651,1.0121739130434784,Breakout,-0.055191998200917324,0.08891873959307986,0.033726741392162536,57.3,57.3,0.005154639175257714,0.006837606837606813,-0.037606837606837695,-0.00512820512820511,-0.018803418803418848,,,0.03703703703703698
4915,致伸,20230525,20230526,65.1,20230602,65.2,5,Day 5 Weakness,20230601,0,0.001536098310291889,-0.0022698444488949985,-0.004266314205047411,3.3526958628992007,0.030303030303030276,1.0109546165884193,Breakout,0.1031240490452559,-0.07798552061120284,0.02513852843405306,63.1,63.1,0.007739938080495445,0.001536098310291889,-0.02457757296466967,-0.015360983102918557,-0.016897081413210335,-0.006144393241167334,,0.012269938650306678
4915,致伸,20230728,20230731,66.4,20230801,64.8,1,Close Confirmed Stop,20230731,0,-0.024096385542168752,-0.027825251014740513,-0.029770604490549798,2.048663653537012,0.024844720496894235,0.9880239520958084,Pre-breakout,0.1885946010011236,0.04225771142763765,0.23085231242876125,65.1,65.1,0.0060606060606061,0.001506024096385561,-0.030120481927710885,-0.028614457831325435,,,,0.016975308641975495
4915,致伸,20240222,20240223,72.2,20240306,76.9,8,Day 8 Time Stop,20240306,0,0.06509695290858719,0.061034195162635654,0.0589110374840324,4.3891923955131595,0.03338171262699552,1.0113636363636362,Breakout,0.23475419177920054,0.0151058804045814,0.24986007218378192,69.3,69.3,0.014044943820224809,0.06786703601108024,-0.016620498614958512,0.0027700831024930483,-0.0027700831024931594,0.012465373961218829,0.06509695290858719,0.04681404421326385
4915,致伸,20240319,20240320,87.8,20240326,82.4,4,Close Confirmed Stop,20240325,0,-0.061503416856491966,-0.06505118223278727,-0.0669220069743917,2.289310775496511,0.05985037406483795,1.0442260442260443,Extended Breakout,0.05354927460769421,0.0696372665608908,0.123186541168585,81.0,83.41,0.03294117647058825,0.03075170842824604,-0.06719817767653746,-0.026195899772209486,-0.0375854214123007,,,0.07281553398058249
4915,致伸,20240605,20240606,108.0,20240618,114.0,8,Day 8 Time Stop,20240618,0,0.05555555555555558,0.051523656776263034,0.04941952571066697,1.9131607681479483,0.028037383177569986,1.0185185185185186,Breakout,0.09605701595111767,0.00879829336963772,0.10485530932075539,107.5,107.5,-0.018181818181818188,0.06481481481481488,-0.02777777777777779,0.0,-0.00462962962962965,0.02314814814814814,0.05555555555555558,0.013157894736842035
4915,致伸,20250808,20250811,77.8,20250820,78.7,8,Day 8 Time Stop,20250820,0,0.011568123393316254,0.007725679959953279,0.005709210479509835,2.4948950410812936,0.03609625668449201,1.0104302477183833,Breakout,0.10095017627491623,0.03489882086905926,0.1358489971439755,75.9,75.9,0.003870967741935516,0.04370179948586128,-0.015424164524421635,-0.003856041131105381,-0.003856041131105381,0.020565552699228995,0.011568123393316254,0.05463786531130865
4916,事欣科,20230531,20230601,36.1,20230612,36.05,8,Day 8 Time Stop,20230612,0,-0.0013850415512466352,-0.005183082259564058,-0.007178295803930961,3.5164235562722657,0.058651026392961825,0.9836512261580381,Pre-breakout,0.053334791559665015,0.0,0.053334791559665015,34.05,34.295,0.0,0.07479224376731297,-0.027700831024930705,-0.005540166204986208,0.05263157894736836,0.0013850415512464131,-0.0013850415512466352,0.13176144244105403
4916,事欣科,20250206,20250207,36.5,20250212,39.5,3,Trailing Stop,20250211,0,0.08219178082191791,0.07808929732975299,0.07593203738018413,8.340505595221988,0.026988636363636243,1.0183098591549296,Breakout,0.04477129227169224,0.0,0.04477129227169224,35.25,35.25,0.009681881051175623,0.14109589041095894,0.0,0.049315068493150704,0.050684931506849384,,,0.19873417721518982
4916,事欣科,20250731,20250801,55.0,20250812,61.7,7,Trailing Stop,20250811,0,0.12181818181818183,0.11756761263214059,0.11532355736882045,4.827469220342323,0.04961832061068705,1.0377358490566038,Extended Breakout,0.07838305870527683,0.0,0.07838305870527683,51.1,52.25,0.0,0.19454545454545458,-0.005454545454545379,0.10000000000000009,0.08909090909090911,0.16181818181818186,,0.17179902755267418
4916,事欣科,20260112,20260113,62.5,20260120,62.1,5,Day 5 Weakness,20260119,0,-0.006399999999999961,-0.01016260162601626,-0.012151108572333843,1.8607262940498985,0.06529209621993126,0.992,Pre-breakout,0.10419868388705263,6.64133293322992e-05,0.10426509721638492,58.8,59.375,0.008064516129032251,0.04159999999999986,-0.043200000000000016,-0.008000000000000007,0.0,-0.01760000000000006,,0.19484702093397743
4919,新唐,20220607,20220608,183.0,20220609,174.0,1,Close Confirmed Stop,20220608,0,-0.049180327868852514,-0.05277973258268825,-0.0546751146411102,1.9575463463497595,0.031161473087818692,1.0167597765363128,Breakout,0.05805352529384773,0.048890351339098886,0.10694387663294662,177.0,177.0,0.005494505494505475,0.005464480874316946,-0.04644808743169404,-0.04371584699453557,,,,0.01724137931034475
4919,新唐,20220825,20220826,131.0,20220830,123.0,2,Close Confirmed Stop,20220829,0,-0.06106870229007633,-0.06464296424644297,-0.06649684980221233,1.8300874501988789,0.03658536585365857,0.9883720930232558,Pre-breakout,0.029879525184163713,0.056271840928450834,0.08615136611261455,124.5,124.5,0.027450980392156765,0.011450381679389388,-0.08778625954198471,-0.03435114503816794,,,,0.024390243902439046
4919,新唐,20230130,20230131,129.0,20230209,150.5,8,Day 8 Time Stop,20230209,0,0.16666666666666674,0.16222444889779558,0.15989881590639815,1.9947794801016108,0.03571428571428581,1.0235294117647058,Breakout,0.15716851517657024,0.1144164735819343,0.27158498875850456,128.0,128.0,-0.011494252873563204,0.20930232558139528,-0.003875968992248069,0.003875968992248069,0.13953488372093026,0.15116279069767447,0.16666666666666674,0.013289036544850585
4919,新唐,20231115,20231116,138.0,20231127,141.5,8,Day 8 Time Stop,20231127,0,0.0253623188405796,0.021480072100941317,0.01943609275540258,7.27366825573411,0.03759398496240607,1.0260223048327137,Breakout,0.14747220767065128,-0.0024665351930768017,0.14500567247757448,132.5,132.5,0.0,0.050724637681159424,-0.01449275362318836,-0.010869565217391353,0.0036231884057971175,0.018115942028985588,0.0253623188405796,0.07420494699646651
4919,新唐,20231129,20231130,150.5,20231207,145.5,5,Close Confirmed Stop,20231206,0,-0.03322259136212624,-0.03691403968426147,-0.038841203723747955,3.65317209604639,0.03819444444444442,1.0310344827586206,Extended Breakout,0.09388125458733339,0.06581123923884305,0.15969249382617645,146.0,146.0,0.006688963210702337,0.009966777408637828,-0.04318936877076407,-0.013289036544850474,-0.006644518272425293,-0.03322259136212624,,0.020618556701030855
4919,新唐,20260421,20260422,148.0,20260424,151.0,2,Trailing Stop,20260423,0,0.020270270270270174,0.016383576300655345,0.014383175090193344,3.8572730135373976,0.021201413427561766,1.0212014134275618,Breakout,0.09148971776234943,-4.242304435890333e-05,0.09144729471799053,142.0,142.0,0.02422145328719716,0.08783783783783794,-0.060810810810810856,0.04054054054054057,,,,0.07284768211920523
4927,泰鼎-KY,20250812,20250813,28.0,20250815,26.6,2,Close Confirmed Stop,20250814,0,-0.04999999999999993,-0.053579999999999926,-0.05547710882888968,1.9038079466122262,0.06483300589390972,0.989051094890511,Pre-breakout,0.04514580345255801,0.0,0.04514580345255801,25.4,26.599999999999998,0.03321033210332103,0.017857142857142794,-0.06607142857142867,-0.046428571428571486,,,,0.1729323308270676
4927,泰鼎-KY,20251002,20251003,27.95,20251008,25.65,2,Close Confirmed Stop,20251007,0,-0.08228980322003576,-0.08578994645419448,-0.08758923669046194,1.9805633071935242,0.03339517625231925,0.982363315696649,Pre-breakout,0.2573232756308742,0.0036852527475318103,0.26100852837840605,26.75,26.75,0.0035906642728904536,0.017889087656529412,-0.06261180679785328,-0.035778175313059046,,,,0.011695906432748648
4927,泰鼎-KY,20251212,20251215,28.55,20251224,34.2,7,Trailing Stop,20251223,0,0.19789842381786338,0.19335100618549825,0.190958772511219,3.0817402393677886,0.05045045045045038,0.9914965986394558,Pre-breakout,0.06891665159516029,0.0,0.06891665159516029,27.65,27.65,-0.020583190394511064,0.2889667250437826,-0.007005253940455369,0.02977232924693518,0.05604203152364273,0.2101576182136602,,0.049707602339181145
4927,泰鼎-KY,20260423,20260424,55.9,20260504,53.0,5,Close Confirmed Stop,20260430,0,-0.051878354203935606,-0.05546065976299769,-0.05735067378068978,4.3272718601940126,0.03824091778202687,0.992687385740402,Pre-breakout,0.04160677034229859,0.0,0.04160677034229859,51.0,53.105,0.02946593001841613,0.08765652951699465,-0.08586762075134158,-0.046511627906976716,0.05724508050089461,-0.06618962432915909,,0.1584905660377358
4931,新盛力,20220801,20220802,35.45,20220804,32.45,2,Close Confirmed Stop,20220803,0,-0.08462623413258108,-0.08809207171354577,-0.0899208935472412,2.6291911510542687,0.05646359583952454,0.986130374479889,Pre-breakout,0.044355927239595194,0.0,0.044355927239595194,33.35,33.6775,-0.002812939521800173,0.02538787023977429,-0.0761636107193231,-0.042313117066290595,,,,0.1248073959938365
4931,新盛力,20230209,20230210,50.1,20230217,49.1,5,Day 5 Weakness,20230216,0,-0.019960079840319334,-0.02368893426487565,-0.02564254914140056,5.3408197331935385,0.05991285403050117,1.027455121436114,Breakout,0.01969496518478843,0.02129084092126406,0.04098580610605249,46.2,47.595,0.029804727646454365,0.05788423153692612,-0.03493013972055892,0.019960079840319445,-0.03293413173652693,-0.015968063872255578,,0.06313645621181263
4938,和碩,20220118,20220119,70.3,20220126,70.0,5,Day 5 Weakness,20220125,0,-0.004267425320056861,-0.00803743683202155,-0.010022351705138042,4.342985240714224,0.020289855072463947,1.0085959885386822,Breakout,0.46893433169202725,0.013381610789555035,0.48231594248158227,69.1,69.1,-0.0014204545454546968,0.011379800853485111,-0.011379800853485,0.009957325746799528,0.0014224751066858055,-0.005689900426742445,,0.020000000000000018
4938,和碩,20231114,20231115,80.4,20231124,80.8,8,Day 8 Time Stop,20231124,0,0.004975124378109319,0.0011732864018771613,-0.0008402605817462952,2.463167416679338,0.020539152759948553,0.9987437185929648,Pre-breakout,0.3561296409671922,-0.0046127499301887465,0.3515168910370034,78.2,78.2,0.01132075471698113,0.01990049751243772,-0.011194029850746356,-0.004975124378109541,0.004975124378109319,0.018656716417910557,0.004975124378109319,0.014851485148514865
4938,和碩,20231213,20231214,85.1,20231225,86.8,8,Day 8 Time Stop,20231225,0,0.0199764982373678,0.016097600042713416,0.014064373677674671,2.1233804604747775,0.020457280385078214,1.0167865707434052,Breakout,0.40860508425225744,0.10858994925530788,0.5171950335075653,83.0,83.0,0.003537735849056478,0.0199764982373678,-0.021151586368977626,0.004700352526439522,0.004700352526439522,0.016451233842538215,0.0199764982373678,0.03686635944700467
4938,和碩,20240313,20240314,89.9,20240326,101.5,8,Trailing Stop,20240325,0,0.12903225806451601,0.12477336244978911,0.12252270964676669,4.276946430727696,0.02742857142857158,1.0239179954441915,Breakout,0.19467417993680944,0.039609367459161986,0.23428354739597143,87.9,87.9,0.0,0.21802002224694106,-0.032258064516129115,-0.014460511679644128,0.012235817575083408,0.15127919911012233,0.12903225806451601,0.014778325123152802
4938,和碩,20260417,20260420,84.3,20260427,84.0,5,Day 5 Weakness,20260424,0,-0.003558718861209953,-0.007331696644788483,-0.009318023420415279,2.4372970644588206,0.0362047440699127,0.9940119760479041,Pre-breakout,0.336997470829008,-0.03509427301688277,0.3019031978121252,80.1,80.1,0.015662650602409567,0.02016607354685651,-0.027283511269276306,-0.018979833926453082,0.004744958481613271,0.0,,-0.0071428571428571175
4938,和碩,20260601,20260602,92.0,20260609,91.2,5,Trailing Stop,20260608,0,-0.008695652173912993,-0.012458338888148223,-0.01444597704220486,2.7271079122244686,0.03050847457627115,1.0201342281879193,Breakout,0.04916117703590295,0.014369890650106418,0.06353106768600937,89.5,89.5,0.00877192982456143,0.11413043478260865,-0.047826086956521796,0.06304347826086953,0.05434782608695654,0.0010869565217390686,,0.0899122807017545
4938,和碩,20260813,20260814,95.3,20260818,89.9,2,Close Confirmed Stop,20260817,0,-0.056663168940188746,-0.06024812768487645,-0.06212858184709781,5.181485329338688,0.037199124726476906,1.0360655737704918,Extended Breakout,0.3181250925258552,0.03711530245823696,0.35524039498409216,93.5,93.5,0.0052742616033756295,0.01783840503672618,-0.07450157397691493,-0.005246589716684125,,,,0.012235817575083408
4939,亞電,20250923,20250924,26.15,20251001,26.25,4,Close Confirmed Stop,20250930,0,0.003824091778202643,2.3328628726564397e-05,-0.001981028380334787,2.2468309693228408,0.046277665995975825,0.9829867674858224,Pre-breakout,0.07088471849865952,0.0,0.07088471849865952,23.6,24.842499999999998,0.005769230769230749,0.042065009560229516,-0.11472275334608029,0.021032504780114758,,,,-0.06476190476190469
4939,亞電,20251106,20251107,28.15,20251111,26.5,2,Close Confirmed Stop,20251110,0,-0.05861456483126104,-0.06219210282827778,-0.06407202540161984,11.080020084904369,0.05360443622920519,1.0363636363636364,Extended Breakout,0.03561874974278777,0.0,0.03561874974278777,26.45,26.742499999999996,-0.012280701754386003,0.010657193605683846,-0.10657193605683835,-0.023090586145648295,,,,-0.0037735849056603765
4953,緯軟,20230417,20230418,128.0,20230421,119.0,3,Close Confirmed Stop,20230420,0,-0.0703125,-0.07385529301828861,-0.07567518945152674,2.0032015897549127,0.03703703703703698,0.984375,Pre-breakout,0.03582357671276938,0.0005628819556127373,0.03638645866838212,121.0,121.6,0.015873015873015817,0.0234375,-0.078125,-0.03125,-0.0703125,,,0.03361344537815136
4956,光鋐,20240607,20240611,23.9,20240613,23.6,2,Close Confirmed Stop,20240612,0,-0.012552301255229992,-0.016313132154699816,-0.018287504117349477,11.518381574009249,0.04139433551198257,1.0257510729613732,Breakout,0.03250489512576245,0.0,0.03250489512576245,23.0,23.0,0.0,0.0,-0.04811715481171541,-0.029288702928870314,,,,0.15254237288135575
4958,臻鼎-KY,20220530,20220531,120.0,20220606,116.5,3,Close Confirmed Stop,20220602,0,-0.029166666666666674,-0.03285352525656404,-0.03480357851846199,5.173686417732183,0.03493449781659397,1.0128205128205128,Breakout,0.2680751299769306,0.09452599439554642,0.362601124372477,117.0,117.0,0.012658227848101333,0.016666666666666607,-0.03749999999999998,0.008333333333333304,-0.033333333333333326,,,0.025751072961373467
4958,臻鼎-KY,20221205,20221206,125.0,20221209,118.0,3,Close Confirmed Stop,20221208,0,-0.05600000000000005,-0.059576169532187126,-0.06147289782104562,2.3478117238441953,0.02448979591836742,1.0203252032520325,Breakout,0.16307697975790597,0.07100168457993969,0.23407866433784566,122.0,122.0,-0.003984063745019917,0.03200000000000003,-0.09199999999999997,0.016000000000000014,-0.06399999999999995,,,-0.008474576271186418
4958,臻鼎-KY,20231123,20231124,107.0,20231201,103.0,5,Day 5 Weakness,20231130,0,-0.03738317757009346,-0.04107166688909649,-0.04292386230766243,2.225074791419015,0.029126213592232997,1.014354066985646,Breakout,0.5142897115904462,-0.01534418902872425,0.498945522561722,103.0,103.0,0.009433962264151052,0.004672897196261738,-0.04672897196261683,-0.01869158878504673,-0.02336448598130836,-0.032710280373831724,,0.014563106796116498
4958,臻鼎-KY,20240312,20240313,108.5,20240320,108.5,5,Day 5 Weakness,20240319,0,0.0,-0.0038053274584418186,-0.005798729929685742,2.0946143685127425,0.02970297029702973,1.0246305418719213,Breakout,0.15078276640115146,-0.0033653442651355074,0.14741742213601594,101.0,103.07499999999999,0.04326923076923084,0.01382488479262678,-0.04608294930875578,-0.004608294930875556,-0.018433179723502335,-0.009216589861751112,,0.07834101382488479
4958,臻鼎-KY,20240320,20240321,112.0,20240401,126.5,8,Day 8 Time Stop,20240401,0,0.1294642857142858,0.12520056157240272,0.12294905173007961,2.668649878545932,0.032558139534883734,1.009090909090909,Breakout,0.01297711917256903,0.09488517489373895,0.10786229406630797,108.0,108.0,0.009009009009008917,0.1964285714285714,-0.022321428571428603,0.008928571428571397,0.0044642857142858094,0.03125,0.1294642857142858,0.059288537549407216
4958,臻鼎-KY,20240402,20240403,130.0,20240409,124.0,2,Close Confirmed Stop,20240408,0,-0.0461538461538461,-0.04977935276811982,-0.051647357048149864,3.8406546949684195,0.04347826086956519,0.9850746268656716,Pre-breakout,0.012541508327090565,0.022066797762214353,0.034608306089304916,127.5,127.5,-0.015151515151515138,0.026923076923076827,-0.06538461538461537,-0.0038461538461538325,,,,0.0
4958,臻鼎-KY,20240530,20240531,126.5,20240605,119.0,3,Close Confirmed Stop,20240604,0,-0.059288537549407105,-0.06286571642910728,-0.06472262006631416,2.3804788905626997,0.020491803278688492,1.0163265306122449,Breakout,0.08646618240167953,0.034482177977585855,0.12094836037926539,120.0,120.175,0.016064257028112428,0.0,-0.06719367588932801,-0.035573122529644285,-0.06324110671936756,,,0.03361344537815136
4958,臻鼎-KY,20241218,20241219,122.5,20241230,122.0,8,Day 8 Time Stop,20241230,0,-0.004081632653061273,-0.007859006086549394,-0.009844283137482994,6.018481386755756,0.06008583690987135,1.0206611570247934,Breakout,0.16022286001068922,0.003985716560670068,0.1642085765713593,117.5,117.5,-0.0080971659919028,0.03265306122448974,-0.01224489795918371,0.01632653061224487,0.008163265306122547,0.012244897959183598,-0.004081632653061273,0.012295081967213184
4958,臻鼎-KY,20250707,20250708,107.0,20250717,114.0,8,Day 8 Time Stop,20250717,0,0.06542056074766345,0.06135726678233017,0.059233463413723736,5.598107135430357,0.043689320388349495,0.9953703703703703,Pre-breakout,0.13327522626399904,-0.03272138861529937,0.10055383764869967,105.0,105.0,-0.0046511627906976605,0.07943925233644866,-0.009345794392523366,0.02336448598130847,0.05607476635514019,0.014018691588784993,0.06542056074766345,0.03508771929824572
4958,臻鼎-KY,20250808,20250811,131.5,20250820,161.5,8,Day 8 Time Stop,20250820,0,0.22813688212927752,0.22347802893912116,0.221009351539619,2.1209914369498097,0.040322580645161255,1.0038910505836576,Breakout,0.052620819104957375,0.03914638924151708,0.09176720834647445,124.5,124.925,0.019379844961240345,0.3155893536121672,0.0,0.07604562737642584,0.2243346007604563,0.2243346007604563,0.22813688212927752,0.2445820433436532
4961,天鈺,20230109,20230110,138.0,20230117,137.0,5,Day 5 Weakness,20230116,0,-0.007246376811594235,-0.011015421590226317,-0.012994387811689259,4.854297960779311,0.03007518796992481,1.0148148148148148,Breakout,0.006501990271506493,0.08153063271058376,0.08803262298209026,133.5,133.5,0.007299270072992803,0.04347826086956519,-0.01449275362318836,0.0253623188405796,0.021739130434782705,0.0,,0.08029197080291972
4961,天鈺,20230217,20230220,165.5,20230223,170.5,3,Trailing Stop,20230222,0,0.030211480362537735,0.02629515308250605,0.024274858912616812,8.651791328834026,0.04416403785488954,1.0441640378548895,Extended Breakout,0.003954092660744207,0.02164815980711291,0.025602252467857117,158.5,158.5,0.0,0.1238670694864048,-0.009063444108761365,0.09365558912386707,0.02114803625377637,,,0.07038123167155419
4961,天鈺,20230411,20230412,179.0,20230421,165.0,7,Close Confirmed Stop,20230420,0,-0.07821229050279332,-0.08172546396923591,-0.08356295110191297,2.5040673419599684,0.04985337243401755,0.9944444444444445,Pre-breakout,0.14253103984410706,0.003757523217761699,0.14628856306186874,169.5,170.04999999999998,0.0,0.05027932960893855,-0.08659217877094971,-0.016759776536312887,0.019553072625698276,0.030726256983240274,,0.036363636363636376
4961,天鈺,20230612,20230613,171.0,20230619,160.0,4,Close Confirmed Stop,20230616,0,-0.06432748538011701,-0.06787587266593179,-0.06974105618110632,2.574533441899688,0.03703703703703698,1.030674846625767,Extended Breakout,-0.002471346230165251,0.11023270954693926,0.10776136331677401,164.0,164.0,0.017857142857142794,0.005847953216374213,-0.06725146198830412,-0.023391812865497075,-0.01754385964912286,,,0.006250000000000089
4967,十銓,20230302,20230303,56.9,20230310,59.0,5,Trailing Stop,20230309,0,0.03690685413005279,0.03299186953927392,0.0309174340461523,3.1557691624335797,0.030520646319569078,1.030520646319569,Extended Breakout,0.04638319090246865,0.0,0.04638319090246865,54.8,54.8,-0.008710801393728262,0.13884007029876977,-0.012302284710017486,0.008787346221441172,0.03514938488576447,0.054481546572934914,,0.07796610169491536
4967,十銓,20230411,20230412,76.4,20230421,73.2,8,Day 8 Time Stop,20230421,0,-0.041884816753926746,-0.04550612800726287,-0.047416061849045815,2.948342779463135,0.06555090655509077,1.0296495956873315,Breakout,-0.0001122503702713552,0.03639678450952851,0.036284534139257155,72.1,72.58,0.0,0.07722513089005223,-0.07722513089005245,0.00654450261780104,0.04450261780104703,0.027486910994764413,-0.041884816753926746,0.0901639344262295
4967,十銓,20240408,20240409,87.5,20240417,81.7,6,Close Confirmed Stop,20240416,0,-0.06628571428571428,-0.06983331663159296,-0.07169458995208865,2.1434181015329083,0.020286396181384392,0.9988317757009346,Pre-breakout,0.060630467292102086,0.0,0.060630467292102086,83.8,83.8,0.023391812865497075,0.06628571428571428,-0.08457142857142863,-0.021714285714285797,0.02285714285714291,0.0011428571428571122,,0.014687882496940086
4967,十銓,20251223,20251224,153.0,20260106,190.0,7,Trailing Stop,20260105,0,0.24183006535947715,0.2371,0.23463378902082493,3.4953238517015053,0.02006688963210701,1.0132890365448506,Breakout,0.08806957888431512,-3.180283767179694e-05,0.08803777604664331,148.0,148.0,0.003278688524590123,0.37254901960784315,-0.013071895424836555,0.06209150326797386,0.08823529411764697,0.23529411764705888,,0.11842105263157898
4967,十銓,20260108,20260109,210.0,20260114,194.5,3,Close Confirmed Stop,20260113,0,-0.07380952380952377,-0.07733306516492357,-0.07917933334270981,2.06560624917418,0.04477611940298498,0.997624703087886,Pre-breakout,0.0627927288414055,-0.0004912855625203158,0.06230144327888519,201.0,201.0,0.0,0.0,-0.08809523809523812,-0.04047619047619044,-0.06666666666666665,,,0.13110539845758362
4968,立積,20230609,20230612,186.0,20230619,184.0,5,Day 5 Weakness,20230616,0,-0.010752688172043001,-0.014520328459843782,-0.016492293270102466,2.1330823408973987,0.028490028490028463,0.9809782608695652,Pre-breakout,0.13274436468519876,0.037516400317700996,0.17026076500289974,174.5,176.7,0.030470914127423754,0.06720430107526876,-0.034946236559139754,0.026881720430107503,0.0026881720430107503,-0.010752688172043001,,-0.008152173913043459
4968,立積,20231124,20231127,158.0,20231206,169.5,8,Day 8 Time Stop,20231206,0,0.07278481012658222,0.06870522862689965,0.06656673643023114,3.8262330274543026,0.05980066445182719,0.9876160990712074,Pre-breakout,0.03930853417144613,0.0,0.03930853417144613,151.0,151.0,-0.009404388714733591,0.11708860759493667,-0.01898734177215189,-0.0031645569620253333,0.05696202531645578,0.06012658227848111,0.07278481012658222,0.03834808259587019
4968,立積,20231221,20231222,189.0,20231229,188.0,5,Day 5 Weakness,20231228,0,-0.005291005291005346,-0.009071433353417688,-0.011054291248401136,3.314423455844781,0.03888888888888897,1.038888888888889,Extended Breakout,0.05104498337139467,0.04425142352630931,0.09529640689770397,177.0,179.54999999999998,0.010695187165775444,0.02910052910052907,-0.03439153439153442,0.0,0.010582010582010692,-0.015873015873015928,,-0.010638297872340385
4968,立積,20240202,20240205,190.0,20240223,223.5,8,Day 8 Time Stop,20240223,0,0.1763157894736842,0.17185510354533878,0.16951022083347436,3.523206733250873,0.06818181818181812,0.9920844327176781,Pre-breakout,0.13782144658925238,0.0,0.13782144658925238,176.5,180.5,0.010638297872340496,0.25,-0.06052631578947365,-0.050000000000000044,0.1473684210526316,0.16842105263157903,0.1763157894736842,0.10961968680089496
4968,立積,20240528,20240529,204.0,20240531,194.5,2,Close Confirmed Stop,20240530,0,-0.04656862745098034,-0.05018333333333334,-0.05207511058217269,2.6308989326427463,0.04370179948586128,1.004950495049505,Breakout,0.0400218947779443,0.0,0.0400218947779443,197.0,197.0,0.0049261083743843415,0.014705882352941124,-0.06617647058823528,-0.01715686274509809,,,,0.015424164524421524
4968,立積,20240617,20240618,235.0,20240620,223.0,2,Close Confirmed Stop,20240619,0,-0.051063829787234005,-0.05466054861506514,-0.05655217203421765,4.006059925011977,0.06864988558352403,1.0447427293064877,Extended Breakout,0.048118123304745075,0.039445116553583355,0.08756323985832844,219.0,223.25,0.0064239828693790635,0.042553191489361764,-0.05957446808510636,-0.008510638297872353,,,,0.141255605381166
4968,立積,20240621,20240624,244.5,20240628,233.0,4,Close Confirmed Stop,20240627,0,-0.04703476482617586,-0.050635032338058376,-0.05253469865198566,3.5867157709530235,0.029288702928870203,1.0040816326530613,Breakout,-0.023371294504833193,0.06416884826502538,0.04079755376019218,226.5,232.27499999999998,-0.0060975609756097615,0.0,-0.07157464212678932,-0.03271983640081799,-0.024539877300613466,,,0.06866952789699576
4968,立積,20251009,20251013,160.5,20251014,158.5,1,Close Confirmed Stop,20251013,0,-0.012461059190031154,-0.016206261510128914,-0.01817483431010667,5.748764863622139,0.050473186119873725,1.0277777777777777,Breakout,0.167065482690437,0.0,0.167065482690437,158.0,158.0,-0.036036036036036,0.031152647975077885,-0.04672897196261683,-0.031152647975077885,,,,-0.025236593059936863
4971,IET-KY,20260129,20260130,390.0,20260206,375.0,5,Day 5 Weakness,20260205,0,-0.038461538461538436,-0.04212194792931337,-0.04400498085685279,2.3067383970092092,0.027061855670102997,1.0075853350189634,Breakout,0.04160266723116003,0.0014112334180073384,0.04301390064916737,382.5,382.5,-0.021329987452948562,0.07692307692307687,-0.043589743589743546,0.00512820512820511,0.017948717948717885,-0.011538461538461497,,0.18666666666666676
4973,廣穎,20260529,20260601,158.0,20260609,166.5,6,Trailing Stop,20260608,0,0.053797468354430444,0.049792461672357236,0.04769181652858083,1.8451990213045295,0.049180327868852514,1.0491803278688525,Extended Breakout,0.04210061925610382,0.0,0.04210061925610382,151.5,151.5,-0.012499999999999956,0.129746835443038,-0.03164556962025311,-0.009493670886076,0.08860759493670889,0.08544303797468356,,0.3153153153153154
4977,眾達-KY,20230117,20230130,115.0,20230206,110.5,5,Day 5 Weakness,20230203,0,-0.03913043478260869,-0.04275875902647767,-0.04467418567291969,2.3929695338457573,0.06190476190476191,1.0276497695852536,Breakout,0.10516851001698281,0.0,0.10516851001698281,104.5,109.25,0.03139013452914807,0.017391304347825987,-0.05217391304347829,-0.017391304347826098,-0.017391304347826098,-0.02608695652173909,,0.07239819004524883
4977,眾達-KY,20230220,20230221,120.0,20230223,109.5,2,Close Confirmed Stop,20230222,0,-0.08750000000000002,-0.09096361455417833,-0.09279649206533798,1.9120827789034627,0.03862660944205998,1.021097046413502,Breakout,0.05167279840495399,0.006128956799360032,0.05780175520431403,115.0,115.0,-0.008264462809917328,0.04166666666666674,-0.10833333333333328,-0.012499999999999956,,,,0.1278538812785388
4977,眾達-KY,20230418,20230419,127.5,20230424,116.0,3,Close Confirmed Stop,20230421,0,-0.09019607843137256,-0.09366294683814576,-0.09547654786350518,2.1764847932555527,0.03703703703703698,0.984375,Pre-breakout,0.03359230763029113,0.000537476922084658,0.03412978455237578,121.0,121.125,0.011904761904761862,0.015686274509803866,-0.0980392156862745,-0.007843137254901933,-0.09411764705882353,,,-0.004310344827586188
4977,眾達-KY,20240717,20240718,85.7,20240722,79.6,2,Close Confirmed Stop,20240719,0,-0.07117852975495931,-0.07471589962342132,-0.07654414474676989,2.5809278709557373,0.062043795620437825,1.0186697782963827,Breakout,0.05490452960650264,0.0,0.05490452960650264,82.5,82.5,-0.01832760595647187,0.0361726954492414,-0.0676779463243874,-0.002333722287047868,,,,0.01633165829145744
4977,眾達-KY,20250814,20250815,118.0,20250821,110.0,4,Close Confirmed Stop,20250820,0,-0.06779661016949157,-0.0713380469583778,-0.07317683582479344,7.7225965605421765,0.04504504504504503,1.045045045045045,Extended Breakout,0.031212105154339694,0.0,0.031212105154339694,111.0,112.1,0.01724137931034475,0.03389830508474567,-0.0847457627118644,0.0,-0.008474576271186418,,,0.045454545454545414
4979,華星光,20220809,20220810,34.0,20220819,39.9,8,Day 8 Time Stop,20220819,0,0.17352941176470593,0.16905999999999985,0.16674895887625377,2.2169360346005007,0.040059347181008675,1.0400593471810087,Extended Breakout,0.10757409440175632,0.0,0.10757409440175632,32.05,32.3,-0.029957203994293802,0.17500000000000004,-0.008823529411764675,0.02941176470588225,0.06029411764705883,0.09411764705882364,0.17352941176470593,0.0350877192982455
4979,華星光,20221118,20221121,36.85,20221128,35.4,5,Day 5 Weakness,20221125,0,-0.03934871099050208,-0.04296535245718637,-0.04488479863313134,2.3219183775247276,0.04657933042212514,0.9849315068493152,Pre-breakout,0.13971642504381074,0.0,0.13971642504381074,34.2,35.0075,0.025034770514603677,0.031207598371777445,-0.048846675712347465,-0.0013568521031208647,-0.016282225237449155,-0.0474898236092266,,0.536723163841808
4979,華星光,20240220,20240221,166.5,20240229,158.0,5,Close Confirmed Stop,20240227,0,-0.05105105105105101,-0.05463277966780068,-0.05652444674574832,4.2675828976793095,0.03870967741935494,1.018987341772152,Breakout,0.06477149668325041,-0.0016791044776119403,0.06309239220563848,155.5,158.17499999999998,0.03416149068322971,0.04504504504504503,-0.08108108108108103,-0.012012012012011963,-0.009009009009009028,-0.0570570570570571,,0.06962025316455689
4991,環宇-KY,20250625,20250626,117.5,20250701,111.0,3,Close Confirmed Stop,20250630,0,-0.05531914893617018,-0.058900065055297005,-0.060783208497735906,3.0210819793712487,0.0401785714285714,1.0401785714285714,Extended Breakout,0.05719329403412147,0.0028936554721283965,0.06008694950624986,114.0,114.0,0.008583690987124415,0.04680851063829783,-0.08085106382978724,-0.012765957446808529,-0.07234042553191489,,,0.3513513513513513
5009,榮剛,20221116,20221117,32.3,20221128,32.95,8,Day 8 Time Stop,20221128,0,0.020123839009288158,0.016247365472347612,0.014209666881437797,1.9035684153059704,0.022257551669316422,1.009419152276295,Breakout,0.2721629107250117,0.03873106271273164,0.31089397343774333,31.3,31.3,0.004665629860031162,0.05882352941176494,-0.030959752321981338,0.003095975232198178,0.0,0.051083591331269496,0.020123839009288158,0.03490136570561453
5009,榮剛,20230201,20230202,40.0,20230209,39.5,5,Day 5 Weakness,20230208,0,-0.012499999999999956,-0.016260162601626018,-0.01823365873429579,2.6797807737502577,0.056803170409511106,1.0484927916120577,Extended Breakout,0.11619882927208727,-0.009976468757900469,0.1062223605141868,37.85,38.0,0.0,0.030000000000000027,-0.03249999999999997,0.00749999999999984,-0.026249999999999885,-0.015000000000000013,,0.03417721518987338
5009,榮剛,20230605,20230606,60.1,20230613,57.2,5,Close Confirmed Stop,20230612,0,-0.048252911813643884,-0.0518667151080431,-0.05373781929663583,2.472893624736747,0.0406360424028267,1.0,Breakout,0.012202984764452989,0.11965034874206076,0.13185333350651374,57.3,57.3,0.02037351443123936,0.01830282861896837,-0.06489184692179695,-0.013311148086522562,-0.014975041597337757,-0.05823627287853572,,0.06468531468531458
5009,榮剛,20231122,20231123,48.6,20231130,47.9,5,Day 5 Weakness,20231129,0,-0.01440329218107006,-0.018164423198725306,-0.02010184439936114,3.539053929055435,0.021390374331550888,1.0116525423728813,Breakout,0.08813192664825108,-0.0615957666322761,0.02653616001597497,46.6,46.6,0.017801047120418856,0.00411522633744843,-0.039094650205761305,-0.020576131687242816,-0.034979423868312765,-0.017489711934156382,,0.05219206680584554
5009,榮剛,20240409,20240410,51.3,20240419,54.9,8,Day 8 Time Stop,20240419,0,0.07017543859649122,0.06611013239376473,0.06397683460177764,2.069418249643114,0.020242914979757165,0.9921259842519685,Pre-breakout,0.31468602173449817,0.009002770083102494,0.3236887918176007,49.45,49.45,0.017857142857142794,0.08771929824561409,-0.0019493177387913674,0.023391812865497075,0.023391812865497075,0.011695906432748648,0.07017543859649122,0.012750455373406355
5009,榮剛,20241111,20241112,49.45,20241119,48.35,5,Day 5 Weakness,20241118,0,-0.022244691607684608,-0.025971773292370867,-0.02792082728553869,6.034718720737593,0.03995793901156697,1.0248704663212436,Breakout,0.1260974773308533,0.024354801209021157,0.15045227853987445,47.65,47.65,0.0,0.009100101112234471,-0.039433771486349856,0.006066734074823055,-0.02426693629929222,-0.023255813953488524,,0.02171664943123064
5009,榮剛,20260107,20260108,33.5,20260115,33.3,5,Day 5 Weakness,20260114,0,-0.005970149253731405,-0.009735118104986035,-0.01172084284495283,2.5097612810754706,0.050235478806907485,1.0075301204819278,Breakout,0.253068770878931,-0.0005759705103098721,0.25249280036862115,31.8,31.825,0.001494768310911665,0.008955223880596996,-0.040298507462686595,-0.025373134328358304,-0.008955223880596885,-0.005970149253731405,,0.042042042042042205
5009,榮剛,20260129,20260130,35.1,20260204,33.1,3,Close Confirmed Stop,20260203,0,-0.056980056980056926,-0.06055876801590001,-0.06244278550459058,4.209539121114684,0.05397301349325323,1.0129682997118155,Breakout,0.0867275726430656,-0.00038066235249333843,0.08634691029057226,33.35,33.35,-0.0014224751066855834,0.004273504273504258,-0.05982905982905984,-0.028490028490028463,-0.056980056980056926,,,0.06646525679758297
5009,榮剛,20260505,20260506,35.0,20260513,38.05,5,Trailing Stop,20260512,0,0.08714285714285697,0.08300896457493247,0.08083702531434622,2.5903941651148354,0.041916167664670656,1.0205278592375366,Breakout,0.2050321935483871,-0.05535483870967742,0.14967735483870967,33.4,33.4,0.005747126436781658,0.17000000000000015,-0.022857142857142798,0.0028571428571428914,0.04285714285714293,0.08714285714285697,,0.030223390275952777
5009,榮剛,20260820,20260821,34.35,20260828,33.95,5,Day 5 Weakness,20260827,0,-0.011644832605531286,-0.015406897770133241,-0.01738139480481107,1.9128388428834668,0.031626506024096335,0.9941944847605224,Pre-breakout,0.3270103155339806,0.0,0.3270103155339806,33.2,33.2,0.0029197080291971655,0.033478893740902516,-0.02911208151382827,0.024745269286754024,-0.017467248908296984,-0.02183406113537123,,
5202,力新,20250210,20250211,29.0,20250218,28.4,5,Day 5 Weakness,20250217,0,-0.020689655172413834,-0.024414960997399874,-0.02637072348881983,2.636466226019668,0.03832752613240431,0.980263157894737,Pre-breakout,0.02533302971649778,0.0,0.02533302971649778,27.95,27.95,-0.02684563758389269,0.006896551724137945,-0.05862068965517242,-0.022413793103448265,-0.024137931034482696,-0.025862068965517238,,0.045774647887323994
5225,東科-KY,20231122,20231123,65.5,20231204,63.4,8,Day 8 Time Stop,20231204,0,-0.032061068702290085,-0.03574689280597112,-0.03768443582308802,4.100015700977587,0.06666666666666665,1.0107858243451462,Breakout,0.04300896156569004,0.0,0.04300896156569004,62.0,62.224999999999994,-0.0015243902439023849,0.03816793893129766,-0.03511450381679382,0.01526717557251911,-0.013740458015267243,0.0015267175572517555,-0.032061068702290085,0.0
5225,東科-KY,20240401,20240402,126.0,20240409,124.0,3,Close Confirmed Stop,20240408,0,-0.015873015873015928,-0.019633333333333332,-0.02157748052743142,2.991444166520602,0.050000000000000044,1.0202429149797572,Breakout,0.03162984194805102,0.0,0.03162984194805102,120.0,120.0,0.0,0.0,-0.059523809523809534,-0.019841269841269882,-0.05555555555555558,,,-0.020161290322580627
5225,東科-KY,20240716,20240717,142.0,20240722,136.5,3,Close Confirmed Stop,20240719,0,-0.03873239436619713,-0.04235337292320011,-0.044269603461036276,2.2239201802788786,0.02898550724637672,1.0289855072463767,Breakout,0.10471415187700639,-0.002982415905239317,0.10173173597176707,137.0,137.0,0.0,0.01760563380281699,-0.03873239436619713,0.010563380281690238,-0.03873239436619713,,,-0.03663003663003661
5230,雷笛克光學,20241014,20241015,38.0,20241018,38.15,3,Trailing Stop,20241017,0,0.003947368421052699,0.0001450290058011117,-0.0018610786440473271,2.2495209881911697,0.06171107994389913,1.0093333333333334,Breakout,0.057281483090737925,0.0,0.057281483090737925,34.8,36.1,0.003963011889035695,0.10526315789473695,-0.052631578947368474,-0.03026315789473677,0.009210526315789558,,,-0.001310615989514985
5243,乙盛-KY,20220531,20220601,66.3,20220609,66.0,5,Day 5 Weakness,20220608,0,-0.004524886877828038,-0.008292305434361985,-0.010276709218562705,4.822891078129966,0.03395061728395077,1.0105580693815988,Breakout,0.029460242713472702,0.018693404137763922,0.048153646851236624,64.3,64.3,-0.010447761194029903,0.024132730015083093,-0.02865761689291091,-0.004524886877828038,-0.012066365007541435,-0.010558069381598867,,0.0181818181818183
5243,乙盛-KY,20230525,20230526,86.5,20230606,87.9,8,Day 8 Time Stop,20230606,0,0.016184971098266,0.012337597274640174,0.010311912587027374,3.369916148637628,0.03579952267303099,1.0235849056603774,Breakout,0.04733108019329699,0.0,0.04733108019329699,82.2,82.2,-0.003456221198156695,0.062427745664739964,-0.048554913294797775,-0.04508670520231217,-0.032369942196531776,0.032369942196531776,0.016184971098266,0.010238907849829282
5243,乙盛-KY,20250827,20250828,77.9,20250902,77.2,3,Trailing Stop,20250901,0,-0.00898587933247752,-0.012748512673521542,-0.014733795116769335,2.834120498352856,0.05785123966942152,1.0185676392572942,Breakout,0.13019106814087805,7.948488074366691e-05,0.13027055302162172,73.7,74.005,0.01432291666666674,0.08344030808729141,-0.015404364569961526,0.0449293966623876,-0.010269576379974499,,,0.0090673575129534
5243,乙盛-KY,20260410,20260413,117.5,20260416,128.0,3,Trailing Stop,20260415,0,0.08936170212765959,0.08522243907321223,0.08305089617919344,3.0378979916087108,0.048458149779735615,1.0484581497797356,Extended Breakout,0.2217285491798925,0.0,0.2217285491798925,116.0,116.0,-0.012605042016806678,0.14893617021276606,-0.008510638297872353,0.008510638297872353,0.051063829787234116,,,-0.0078125
5258,虹堡,20230130,20230131,71.5,20230206,80.3,4,Trailing Stop,20230203,0,0.12307692307692308,0.11882350978462144,0.11658474486314971,3.3727788629892985,0.037735849056603765,1.0170697012802277,Breakout,0.19253224247416978,0.0006874832671483371,0.19321972574131813,69.5,69.5,0.0,0.24195804195804183,-0.0013986013986013734,0.09930069930069929,0.13846153846153864,,,0.0062266500622665255
5258,虹堡,20230614,20230615,107.5,20230626,109.0,5,Trailing Stop,20230621,0,0.013953488372093092,0.010115149394257528,0.008080125946953905,5.867237922359367,0.029556650246305383,1.0295566502463054,Breakout,0.12499137166122654,-1.1577777622892842e-05,0.12497979388360364,102.0,102.125,0.028708133971291794,0.1581395348837209,-0.013953488372092981,0.06511627906976747,0.07906976744186056,0.032558139534883734,,0.03669724770642202
5258,虹堡,20240220,20240221,132.5,20240304,140.0,8,Day 8 Time Stop,20240304,0,0.05660377358490565,0.05257535801315218,0.05046912914936832,4.879503121339835,0.03891050583657596,1.015209125475285,Breakout,0.0317133873609296,0.0,0.0317133873609296,128.5,128.5,-0.0074906367041198685,0.09056603773584904,-0.01132075471698113,0.015094339622641506,-0.0037735849056603765,0.026415094339622636,0.05660377358490565,0.014285714285714235
5284,jpp-KY,20230116,20230117,75.2,20230207,87.8,8,Day 8 Time Stop,20230207,0,0.16755319148936154,0.16311085579928924,0.1607834523066852,2.196959958680398,0.06818181818181812,1.0148448043184886,Breakout,0.028482984383808214,0.0,0.028482984383808214,70.8,71.44,0.0,0.1768617021276595,-0.01196808510638303,0.030585106382978733,0.0957446808510638,0.0811170212765957,0.16755319148936154,0.05353075170842825
5284,jpp-KY,20230327,20230328,106.5,20230329,101.0,1,Close Confirmed Stop,20230328,0,-0.05164319248826288,-0.05522988793693739,-0.057120366329543384,3.1878843933765544,0.04878048780487809,0.9817351598173516,Pre-breakout,0.027350271885643936,0.0,0.027350271885643936,102.0,102.0,-0.009302325581395321,0.023474178403755763,-0.06103286384976525,-0.04694835680751175,,,,0.25742574257425743
5284,jpp-KY,20240222,20240223,187.0,20240306,232.0,8,Day 8 Time Stop,20240306,0,0.2406417112299466,0.23593478551383135,0.23346167401822043,2.0639462762983567,0.061797752808988804,0.9818181818181818,Pre-breakout,0.025284383773862894,0.01889092052079754,0.044175304294660434,176.0,177.65,-0.010582010582010581,0.25668449197860954,-0.04278074866310155,-0.0401069518716578,-0.013368983957219305,0.0802139037433156,0.2406417112299466,0.032327586206896575
5284,jpp-KY,20250610,20250611,198.0,20250620,207.0,8,Day 8 Time Stop,20250620,0,0.045454545454545414,0.04149114008692745,0.03940711488061866,1.8924548803285668,0.03504043126684642,1.032258064516129,Extended Breakout,0.10517802358075881,0.0,0.10517802358075881,184.0,188.1,0.03125,0.08585858585858586,-0.015151515151515138,0.025252525252525304,0.04797979797979801,0.07070707070707072,0.045454545454545414,0.05797101449275366
5284,jpp-KY,20250826,20250827,262.0,20250902,288.5,4,Trailing Stop,20250901,0,0.10114503816793885,0.09695448460508702,0.09475946199428238,4.732093478039404,0.03929273084479368,1.0392927308447937,Extended Breakout,0.12275401202802301,0.0,0.12275401202802301,250.5,250.5,-0.009451795841209809,0.14885496183206115,-0.01908396946564883,0.022900763358778553,0.04770992366412208,,,0.10745233968804158
5284,jpp-KY,20251205,20251208,327.0,20251209,302.5,1,Close Confirmed Stop,20251208,0,-0.07492354740061158,-0.07845409654338406,-0.08026457278066984,1.866070791505077,0.051948051948051965,1.0188679245283019,Breakout,0.04974280387386489,0.0,0.04974280387386489,304.0,310.65,0.0092592592592593,0.0,-0.08103975535168195,-0.07645259938837923,,,,0.04793388429752077
5289,宜鼎,20250910,20250911,351.0,20250918,344.0,5,Day 5 Weakness,20250917,0,-0.019943019943019946,-0.023687472777833618,-0.025641102881211936,4.039860581534071,0.023809523809523725,1.0238095238095237,Breakout,0.026052384118541033,0.0061628989361702125,0.03221528305471125,339.5,339.5,0.02034883720930236,0.02564102564102555,-0.05128205128205132,-0.028490028490028463,-0.009971509971509973,-0.028490028490028463,,0.04651162790697683
5289,宜鼎,20250918,20250919,355.0,20250925,344.5,4,Close Confirmed Stop,20250924,0,-0.029577464788732355,-0.033286403861625104,-0.03522082712975949,1.882202304737516,0.03665689149560114,0.9819444444444444,Pre-breakout,0.038828963882303724,0.00969181425184772,0.04852077813415144,342.5,342.5,0.004243281471004279,0.014084507042253502,-0.04788732394366202,-0.007042253521126751,-0.022535211267605604,,,0.02467343976777947
5309,系統電,20220530,20220531,42.3,20220610,46.85,8,Day 8 Time Stop,20220610,0,0.10756501182033107,0.1033556979871813,0.10117527677671143,4.302612124199113,0.041871921182266014,1.010752688172043,Breakout,0.05064669843430905,0.0,0.05064669843430905,40.85,40.85,0.0,0.1678486997635935,-0.0035460992907800915,0.023640661938534313,0.11465721040189125,0.1063829787234043,0.10756501182033107,0.04162219850586979
5309,系統電,20221110,20221111,42.5,20221116,40.9,3,Close Confirmed Stop,20221115,0,-0.03764705882352948,-0.04133513486463494,-0.043186809295450594,2.391854028565571,0.034047919293821005,1.0012210012210012,Breakout,0.04446739832149774,0.019367333763718526,0.06383473208521627,39.25,40.375,0.03658536585365857,0.0023529411764706687,-0.057647058823529496,-0.025882352941176467,-0.0505882352941176,,,0.046454767726161306
5309,系統電,20221117,20221118,42.15,20221121,41.25,1,Close Confirmed Stop,20221118,0,-0.021352313167259718,-0.025079509617036252,-0.02703034580728279,2.8970289941534424,0.02060606060606074,0.9882629107981221,Pre-breakout,0.04600098135426889,0.0058267909715407264,0.051827772325809617,41.55,41.55,0.0011876484560569,0.003558718861209842,-0.027283511269276306,-0.027283511269276306,,,,0.014545454545454639
5309,系統電,20221130,20221201,44.25,20221208,43.65,5,Day 5 Weakness,20221207,0,-0.013559322033898313,-0.0173244242014732,-0.01929078642569791,3.064670000867278,0.032530120481927716,1.0011682242990656,Breakout,0.1960179309541829,0.01542760668335565,0.21144553763753857,41.5,42.0375,0.03267211201866971,0.05649717514124286,-0.041807909604519855,0.005649717514124353,0.01016949152542379,-0.027118644067796627,,-0.01718213058419249
5309,系統電,20230330,20230331,45.25,20230414,45.0,8,Day 8 Time Stop,20230414,0,-0.0055248618784530246,-0.009293401184616669,-0.011275806376310728,7.709326378271427,0.03263403263403264,0.9811738648947951,Pre-breakout,0.0638245179550681,0.024765611179904477,0.08859012913497258,43.2,43.2,0.021444695259593693,0.07182320441988943,-0.016574585635359074,0.024309392265193353,0.01436464088397793,0.015469613259668558,-0.0055248618784530246,0.028888888888888742
5309,系統電,20250807,20250808,49.05,20250814,50.9,4,Trailing Stop,20250813,0,0.03771661569826712,0.03379911979200537,0.03173050096358773,2.7079234204690965,0.057235421166306866,0.9839195979899498,Pre-breakout,0.02617725831333562,-4.2852245457661984e-05,0.026134406067877956,46.55,46.5975,0.002042900919305257,0.11926605504587151,-0.019367991845056,0.02752293577981657,0.041794087665647295,,,0.2180746561886051
5309,系統電,20251211,20251212,70.4,20251218,65.3,4,Close Confirmed Stop,20251217,0,-0.07244318181818188,-0.07594725755272919,-0.07780450985784614,5.766454965357967,0.03259259259259273,1.0130813953488373,Breakout,0.10411880351143384,-0.005321339546981684,0.09879746396445215,67.9,67.9,0.010043041606886627,0.029829545454545414,-0.07244318181818188,0.01846590909090895,-0.0326704545454547,,,0.127105666156202
5309,系統電,20251222,20251223,72.5,20251230,67.8,4,Close Confirmed Stop,20251229,0,-0.06482758620689655,-0.06837370011183636,-0.07023788753117556,2.008555442740595,0.03290414878397696,0.9958620689655173,Pre-breakout,0.020984957347310016,0.004427241238963046,0.025412198586273062,69.1,69.1,0.0041551246537396835,0.0,-0.057931034482758714,-0.01379310344827589,-0.04551724137931035,,,0.041297935103244754
5309,系統電,20260505,20260506,65.0,20260515,64.9,8,Day 8 Time Stop,20260515,0,-0.0015384615384614886,-0.005340761250291842,-0.007331094630863055,2.3565641534391535,0.06435643564356441,0.9938366718027735,Pre-breakout,0.10558023597186063,-0.00016617736664266327,0.10541405860521796,60.2,61.75,0.007751937984496138,0.0692307692307692,-0.05384615384615388,-0.027692307692307683,-0.01846153846153853,0.023076923076922995,-0.0015384615384614886,0.09244992295839749
5309,系統電,20260602,20260603,82.3,20260608,66.9,3,Close Confirmed Stop,20260605,0,-0.18712029161603883,-0.1902152876953672,-0.1918356826371107,3.2489843604790103,0.03557312252964406,1.035573122529644,Extended Breakout,0.06935197485662443,0.0011988465152447914,0.07055082137186923,76.0,78.18499999999999,0.04707379134860057,0.025516403402187304,-0.10449574726609956,-0.03402187120291611,-0.0972053462940462,,,0.1360239162929744
5340,建榮,20230609,20230612,68.0,20230613,61.4,1,Close Confirmed Stop,20230612,0,-0.09705882352941175,-0.10048666666666674,-0.10229437899840858,2.1219980180066207,0.048387096774193505,1.0333863275039745,Extended Breakout,0.07843808871382087,0.0,0.07843808871382087,60.3,64.6,0.04615384615384621,0.0,-0.12352941176470589,-0.1147058823529411,,,,0.0016286644951140072
5340,建榮,20250609,20250610,47.3,20250612,44.55,2,Close Confirmed Stop,20250611,0,-0.05813953488372092,-0.061716255224965176,-0.06359941195565612,2.7217112826408276,0.05698324022346357,1.0227027027027027,Breakout,0.03502051983584131,0.0,0.03502051983584131,43.35,44.934999999999995,0.0,0.04122621564482043,-0.05919661733615211,-0.013742071881606699,,,,0.013468013468013407
5347,世界,20221115,20221116,87.4,20221123,85.8,5,Day 5 Weakness,20221122,0,-0.01830663615560646,-0.022033864395702693,-0.024001664427709866,2.8093306991092164,0.05816831683168311,1.0426829268292683,Extended Breakout,0.09947846935656426,0.08824300779458964,0.1877214771511539,81.5,83.03,0.022222222222222365,0.06292906178489699,-0.05606407322654472,-0.0022883295194507935,0.008009153318077722,-0.04462242562929064,,-0.009324009324009341
5347,世界,20231122,20231123,82.5,20231130,80.3,5,Day 5 Weakness,20231129,0,-0.026666666666666727,-0.030360987332899488,-0.03230124196185999,3.231839251595379,0.030495552731893083,0.9987684729064038,Pre-breakout,0.0008128753701807312,0.0919263052042106,0.09273918057439133,78.5,78.5,0.017262638717632672,0.06181818181818177,-0.041212121212121255,0.01090909090909098,-0.033939393939393936,-0.036363636363636376,,0.01743462017434627
5347,世界,20240530,20240531,105.5,20240607,107.5,5,Day 5 Weakness,20240606,0,0.018957345971563955,0.015079735771001534,0.013081872320728896,2.685603879220748,0.054455445544554504,0.9861111111111112,Pre-breakout,-0.3054097080828404,0.39604485380046506,0.09063514571762467,100.0,100.225,-0.009389671361502372,0.05213270142180093,-0.08056872037914697,0.018957345971563955,-0.023696682464455,0.0,,0.15348837209302335
5347,世界,20240607,20240611,111.0,20240614,114.5,3,Trailing Stop,20240613,0,0.03153153153153143,0.02761656994196518,0.025560301439725604,1.881879307488198,0.05213270142180093,1.0,Breakout,-0.2620264884840793,0.3291485908395237,0.0671221023554444,104.5,105.44999999999999,0.0,0.11711711711711703,-0.03153153153153154,0.013513513513513598,0.03153153153153143,,,0.1353711790393013
5347,世界,20241217,20241218,95.4,20241227,101.5,8,Day 8 Time Stop,20241227,0,0.06394129979035634,0.05987800157503429,0.05775715271947041,2.5574474497099375,0.06945975744211674,1.0264550264550265,Breakout,0.21891341376863024,0.07655615262428606,0.29546956639291627,90.9,90.9,-0.016494845360824684,0.10062893081761004,-0.008385744234800985,0.011530398322851187,0.01991614255765195,0.07442348008385746,0.06394129979035634,0.009852216748768461
5347,世界,20260108,20260109,111.0,20260120,141.5,8,Day 8 Time Stop,20260120,0,0.27477477477477485,0.26992862384097127,0.26738747906252075,10.847533436606811,0.0531400966183575,1.0380952380952382,Extended Breakout,0.2788846113872433,-0.10651762253238695,0.17236698885485635,102.0,105.44999999999999,0.0183486238532109,0.3063063063063063,-0.027027027027026973,-0.022522522522522515,0.05855855855855863,0.14414414414414423,0.27477477477477485,0.12720848056537104
5347,世界,20260420,20260421,138.0,20260424,140.0,3,Trailing Stop,20260423,0,0.01449275362318847,0.010648240870552106,0.008625932566372048,3.3258628417749887,0.05303030303030298,0.996415770609319,Pre-breakout,0.05446414767929593,0.01275451543589145,0.06721866311518739,134.0,134.0,-0.007194244604316502,0.09420289855072461,-0.03260869565217395,0.0036231884057971175,-0.01449275362318836,,,0.125
5351,鈺創,20230412,20230413,49.55,20230414,47.7,1,Close Confirmed Stop,20230413,0,-0.03733602421796156,-0.04102234930267842,-0.042880664087382586,1.9585284083356718,0.02169421487603307,1.0102145045965272,Breakout,0.10819493271911747,0.0,0.10819493271911747,48.1,48.1,0.002022244691607611,0.0010090817356207538,-0.048435923309788076,-0.048435923309788076,,,,-0.010482180293501009
5351,鈺創,20230529,20230530,44.5,20230608,43.2,8,Day 8 Time Stop,20230608,0,-0.02921348314606731,-0.03290118313614388,-0.03484182972455356,1.97693842136845,0.047281323877068626,1.0091116173120729,Breakout,0.23040075107296137,0.0,0.23040075107296137,43.0,43.0,0.004514672686230403,0.05505617977528088,-0.032584269662921383,-0.013483146067415741,-0.00786516853932584,0.0011235955056179137,-0.02921348314606731,0.06944444444444442
5351,鈺創,20230726,20230727,44.25,20230802,42.25,4,Close Confirmed Stop,20230801,0,-0.04519774011299438,-0.04881670378804942,-0.05072002360995721,2.368007469073368,0.025821596244131495,0.9864559819413093,Pre-breakout,0.07165204588675542,0.0,0.07165204588675542,42.6,42.6,0.012585812356979309,0.03502824858757059,-0.04519774011299438,0.016949152542372836,-0.0361581920903955,,,0.007100591715976323
5351,鈺創,20240516,20240517,50.0,20240528,53.3,8,Day 8 Time Stop,20240528,0,0.06599999999999984,0.06194188991070239,0.0598101590593476,7.450546116504855,0.06596858638743464,1.0303643724696356,Extended Breakout,0.027609535054408527,0.0,0.027609535054408527,48.15,48.15,-0.017681728880157177,0.07000000000000006,-0.015000000000000013,-0.0030000000000000027,0.018000000000000016,0.016000000000000014,0.06599999999999984,0.009380863039399667
5351,鈺創,20251112,20251113,47.15,20251117,46.5,2,Close Confirmed Stop,20251114,0,-0.01378579003181335,-0.017547017607018735,-0.019485492725135257,5.074727295836355,0.041530054644808745,1.0415300546448087,Extended Breakout,0.17724100023376016,0.0,0.17724100023376016,43.4,44.7925,-0.01049317943336836,0.020148462354188768,-0.09862142099681859,-0.03181336161187698,,,,-0.004301075268817289
5351,鈺創,20260106,20260107,63.0,20260114,60.7,5,Day 5 Weakness,20260113,0,-0.03650793650793649,-0.04019333333333331,-0.042054948914511454,4.322418424207124,0.02446982055464919,1.0244698205546492,Breakout,0.07300584745244358,0.0,0.07300584745244358,60.0,60.0,0.0031847133757962887,0.0031746031746031633,-0.11428571428571432,-0.031746031746031744,-0.04603174603174598,-0.03650793650793649,,0.17462932454695212
5351,鈺創,20260506,20260507,79.0,20260508,78.0,1,Close Confirmed Stop,20260507,0,-0.012658227848101222,-0.016425733649384034,-0.018393892713860212,2.1106511250085638,0.05937921727395423,1.026143790849673,Breakout,0.1502460851382986,0.0003750085229209755,0.15062109366121956,78.3,78.3,0.006369426751592355,0.0113924050632912,-0.04556962025316447,-0.021518987341772156,,,,0.20512820512820507
5351,鈺創,20260512,20260513,81.8,20260519,84.0,4,Trailing Stop,20260518,0,0.02689486552567244,0.023011071490577906,0.020964033081132816,2.338179141062157,0.046192259675405856,1.0282208588957056,Breakout,0.04620214828260755,0.0003524663835186719,0.04655461466612622,78.8,78.8,-0.023866348448687402,0.14914425427872868,-0.019559902200488977,0.0635696821515892,0.06968215158924207,,,0.010714285714285676
5353,台林,20230323,20230324,44.6,20230410,44.3,8,Trailing Stop,20230407,0,-0.0067264573991032695,-0.010492542490461398,-0.012478154331417817,2.856974361242573,0.044205495818399054,1.044205495818399,Extended Breakout,0.03958920442228485,0.0,0.03958920442228485,41.1,42.37,0.020594965675057253,0.08520179372197312,-0.04932735426008972,-0.0022421524663677195,-0.012331838565022513,0.02690582959641241,-0.010089686098654793,0.22347629796839752
5371,中光電,20230111,20230112,58.7,20230113,57.0,1,Close Confirmed Stop,20230112,0,-0.028960817717206155,-0.0326482869396855,-0.03459118647202194,1.9717141553647712,0.02086956521739136,0.9949152542372882,Pre-breakout,0.22474920634920634,0.00025396825396825396,0.2250031746031746,57.3,57.3,0.0,0.0017035775127767216,-0.03747870528109032,-0.03407155025553665,,,,0.038596491228070295
5371,中光電,20230202,20230203,62.1,20230210,60.0,5,Day 5 Weakness,20230209,0,-0.033816425120772986,-0.03750212455384367,-0.039435743864504554,2.529015350056159,0.04591836734693877,1.0388513513513513,Extended Breakout,0.18623588127134227,0.0,0.18623588127134227,59.3,59.3,0.009756097560975618,0.004830917874396157,-0.03703703703703709,-0.025764895330112725,-0.024154589371980673,-0.033816425120772986,,0.053333333333333455
5371,中光電,20230216,20230217,62.4,20230302,64.5,8,Day 8 Time Stop,20230302,0,0.033653846153846256,0.02973568281938326,0.027675179316150374,2.369808763421504,0.03654485049833878,1.0,Breakout,0.338056182079147,0.0,0.338056182079147,60.6,60.6,0.0,0.04807692307692313,-0.011217948717948678,0.009615384615384581,0.040064102564102644,0.024038461538461453,0.033653846153846256,0.0356589147286821
5371,中光電,20230413,20230414,73.5,20230421,77.0,5,Trailing Stop,20230420,0,0.04761904761904767,0.043633333333333336,0.0415686096211548,3.3263877508018638,0.02155172413793105,1.0200860832137733,Breakout,0.18035400468384075,0.059953161592505855,0.2403071662763466,69.6,69.825,0.03375527426160341,0.16462585034013588,-0.0027210884353742193,0.06394557823129254,0.10340136054421767,0.04489795918367334,,0.01948051948051943
5371,中光電,20240403,20240408,93.2,20240417,97.4,7,Trailing Stop,20240416,0,0.04506437768240357,0.04110367133100787,0.03902042213713842,3.3034249666971256,0.051252847380409916,1.0255555555555556,Breakout,0.007181059483819817,0.030498591666840536,0.037679651150660354,86.1,88.53999999999999,0.009750812567713929,0.1909871244635193,-0.023605150214592308,0.0032188841201716833,0.06974248927038618,0.05257510729613735,,0.03696098562628336
5371,中光電,20241225,20241226,93.0,20241227,89.9,1,Close Confirmed Stop,20241226,0,-0.033333333333333326,-0.037025168569330295,-0.03895211095818284,3.6000242492213728,0.029147982062780242,1.0043763676148796,Breakout,0.0055488841610511225,0.032906575749752975,0.038455459910804096,90.7,90.7,0.013071895424836555,0.005376344086021501,-0.041935483870967794,-0.041935483870967794,,,,0.08898776418242482
5371,中光電,20250731,20250801,80.0,20250812,93.1,8,Day 8 Time Stop,20250812,0,0.16374999999999984,0.15931960549113688,0.15702133241127406,5.820778286229736,0.032911392405063244,1.0329113924050632,Extended Breakout,0.05058198202301783,0.0022167562479123016,0.05279873827093012,80.0,80.0,-0.019607843137254832,0.21500000000000008,-0.0025000000000000577,0.06499999999999995,0.11750000000000016,0.16625,0.16374999999999984,0.1868958109559613
5371,中光電,20260121,20260122,99.0,20260128,94.6,4,Trailing Stop,20260127,0,-0.04444444444444451,-0.048058915658635765,-0.04997569463997501,3.3600714588934486,0.03978494623655915,1.0020725388601037,Breakout,0.09064149444649876,0.012024597011654821,0.10266609145815359,91.3,94.05,0.02378490175801451,0.08585858585858586,-0.05959595959595965,0.06565656565656575,0.030303030303030276,,,0.01902748414376343
5381,合正,20260119,20260120,31.15,20260123,33.2,3,Trailing Stop,20260122,0,0.0658105939004816,0.06175221471903035,0.059623414498957805,3.6299020748948587,0.060975609756097615,0.9950980392156862,Pre-breakout,0.06496310118708752,0.0,0.06496310118708752,28.0,29.592499999999998,0.02298850574712641,0.1556982343499198,-0.017656500802568087,0.07383627608346721,0.0642054574638844,,,-0.03614457831325313
5388,中磊,20220809,20220810,104.0,20220816,99.0,4,Close Confirmed Stop,20220815,0,-0.04807692307692313,-0.05169536777466293,-0.05355959761487916,2.6677270247955565,0.044554455445544594,1.0445544554455446,Extended Breakout,0.18398468440635127,0.008284565006516656,0.1922692494128679,99.3,99.3,-0.014218009478673022,0.033653846153846256,-0.0625,-0.004807692307692291,-0.014423076923076872,,,0.009090909090909038
5388,中磊,20230216,20230217,84.5,20230302,85.8,8,Day 8 Time Stop,20230302,0,0.01538461538461533,0.011546343657841683,0.009511421381861415,2.327947322179588,0.03159173754556521,1.0107142857142857,Breakout,0.32324093277581795,0.0,0.32324093277581795,82.7,82.7,-0.004711425206124886,0.020118343195266286,-0.026035502958579926,0.002366863905325367,-0.007100591715976212,0.0035502958579880506,0.01538461538461533,0.0769230769230771
5388,中磊,20230307,20230308,89.4,20230317,89.7,8,Day 8 Time Stop,20230317,0,0.003355704697986628,-0.0004505857614900583,-0.0024506893729836373,3.3118135366692476,0.02752293577981635,1.0158730158730158,Breakout,0.15667960020177685,0.008179817899209848,0.1648594181009867,87.7,87.7,-0.0022321428571426827,0.033557046979865834,-0.023489932885906173,0.021252796420581532,-0.003355704697986739,0.02348993288590595,0.003355704697986628,0.024526198439241975
5388,中磊,20230330,20230331,95.7,20230412,94.5,5,Day 5 Weakness,20230411,0,-0.012539184952978122,-0.016305091419971305,-0.018273490178829795,2.2100272115395287,0.024784482758620552,1.0095541401273884,Breakout,0.07635329081255314,0.010985294700029227,0.08733858551258236,93.0,93.0,0.00630914826498441,0.013584117032392928,-0.037617554858934255,-0.009404388714733591,-0.02298850574712652,-0.011494252873563315,,-0.04550264550264549
5388,中磊,20230529,20230530,93.8,20230608,94.7,8,Day 8 Time Stop,20230608,0,0.009594882729211163,0.005749276746998368,0.003736752214954134,2.1629625281424065,0.0298013245033113,1.0174482006543075,Breakout,0.13549474743020895,-0.008223265608436545,0.1272714818217724,91.0,91.0,0.005359056806002238,0.06076759061833692,-0.015991471215351827,-0.01492537313432829,0.02025586353944564,0.049040511727078906,0.009594882729211163,0.028511087645195277
5388,中磊,20231114,20231115,123.0,20231116,121.5,1,Close Confirmed Stop,20231115,0,-0.012195121951219523,-0.015969365573057757,-0.017905031153601845,2.244914090723436,0.02499999999999991,1.0,Breakout,0.1467920858401158,0.011499198678807514,0.1582912845189233,122.0,122.0,0.0,0.012195121951219523,-0.016260162601625994,-0.016260162601625994,,,,0.024691358024691468
5388,中磊,20231213,20231214,139.5,20231221,132.5,5,Day 5 Weakness,20231220,0,-0.05017921146953408,-0.05375860287623523,-0.055668713273151024,6.434192774641936,0.0622568093385214,1.05,Extended Breakout,0.0657097714076144,0.0174556862951159,0.0831654577027303,129.0,132.525,0.0219780219780219,0.028673835125448077,-0.05017921146953408,0.010752688172043001,-0.021505376344086002,-0.04659498207885304,,0.026415094339622636
5388,中磊,20240305,20240306,144.5,20240307,140.0,1,Close Confirmed Stop,20240306,0,-0.03114186851211076,-0.03483883903955085,-0.036770152207871026,3.1995567191870986,0.028268551236749095,1.0246478873239437,Breakout,0.046047960443345276,0.003875978684617866,0.04992393912796314,140.5,140.5,-0.0068728522336769515,0.0,-0.04498269896193774,-0.04152249134948094,,,,0.014285714285714235
5388,中磊,20240702,20240703,122.5,20240710,117.5,5,Day 5 Weakness,20240709,0,-0.04081632653061229,-0.044445187612868704,-0.04635724640174736,3.20800793924046,0.042553191489361764,1.012396694214876,Breakout,-0.26591454091536737,0.40490889217947496,0.1389943512641076,117.5,117.5,0.0,0.004081632653061273,-0.05306122448979589,-0.03673469387755102,-0.02857142857142858,-0.04081632653061229,,0.02127659574468077
5388,中磊,20260409,20260410,87.5,20260415,81.8,3,Close Confirmed Stop,20260414,0,-0.06514285714285717,-0.0686909175936133,-0.0705544729731195,7.729537205502524,0.05882352941176494,1.0334928229665072,Extended Breakout,0.07838799837772721,0.0,0.07838799837772721,78.6,83.125,0.0127314814814814,0.0,-0.06857142857142862,-0.03885714285714292,-0.06628571428571428,,,0.044009779951100336
5392,能率,20250819,20250820,43.5,20250821,40.45,1,Close Confirmed Stop,20250820,0,-0.07011494252873551,-0.07365551053079183,-0.07548091540293307,1.8835239738172376,0.05795314426633791,1.0349819059107357,Extended Breakout,0.17890889416364145,0.0,0.17890889416364145,39.7,41.324999999999996,0.013986013986013957,0.0,-0.08275862068965523,-0.07011494252873551,,,,0.13473423980222488
5425,台半,20220325,20220328,85.0,20220331,86.4,3,Trailing Stop,20220330,0,0.016470588235294237,0.012621943070960942,0.010595689461823756,6.060420702076325,0.027811366384522307,1.0191846522781773,Breakout,0.00998514425472168,0.10793061279949273,0.1179157570542144,83.5,83.5,0.0,0.09764705882352942,-0.014117647058823568,0.03529411764705892,0.0011764705882353343,,,0.01388888888888884
5425,台半,20220819,20220822,86.0,20220825,86.0,3,Close Confirmed Stop,20220824,0,0.0,-0.003807615230460922,-0.005801014937373094,1.9753843311315564,0.028469750889679846,1.0104895104895106,Breakout,0.02159218313791178,0.0318034617532105,0.05339564489112228,84.7,84.7,-0.008073817762399127,0.032558139534883734,-0.03488372093023251,0.023255813953488413,-0.018604651162790642,,,0.14534883720930236
5425,台半,20220825,20220826,91.1,20220830,92.3,2,Trailing Stop,20220829,0,0.01317233809001106,0.009331674665403864,0.007300308467014374,4.429376754953165,0.06279620853080559,1.0101351351351353,Breakout,0.07907882398367257,0.0041921782778972915,0.08327100226156986,86.0,86.54499999999999,0.015607580824972045,0.08122941822173435,-0.014270032930845167,0.04829857299670692,,,,0.08125677139761645
5425,台半,20221125,20221128,80.8,20221207,79.8,8,Day 8 Time Stop,20221207,0,-0.012376237623762387,-0.016139358693912396,-0.018084838026025566,3.324997564223312,0.05504587155963314,1.0075093867334166,Breakout,0.1535086618907907,-0.10848357299107374,0.04502508889971697,75.6,76.75999999999999,0.003726708074534235,0.0730198019801982,-0.025990099009900902,0.017326732673267342,0.022277227722772297,0.04702970297029707,-0.012376237623762387,0.03132832080200498
5425,台半,20230131,20230201,88.6,20230210,89.1,8,Day 8 Time Stop,20230210,0,0.0056433408577878375,0.0018358545736144305,-0.00016881665758695442,4.648667862278448,0.035169988276670505,1.0149425287356322,Breakout,0.15727692138122157,0.06817846289502276,0.22545538427624431,85.1,85.1,0.003397508493771184,0.04288939051918739,-0.0169300225733634,0.019187358916478603,0.0056433408577878375,0.021444695259593693,0.0056433408577878375,0.08866442199775548
5425,台半,20230308,20230309,110.0,20230313,103.5,2,Close Confirmed Stop,20230310,0,-0.05909090909090908,-0.06264198850728317,-0.06451762770877144,1.9258762631296018,0.022935779816513735,0.9867256637168141,Pre-breakout,0.06226804709447303,0.00987973864461349,0.07214778573908652,108.5,108.5,-0.013452914798206317,0.013636363636363669,-0.0636363636363636,0.0,,,,0.07729468599033806
5425,台半,20231214,20231215,96.2,20231219,91.0,2,Close Confirmed Stop,20231218,0,-0.05405405405405406,-0.057640777542415374,-0.05952644072011706,7.093105384211384,0.06728538283062635,1.0279329608938548,Breakout,0.10763860308244033,0.06788199632839517,0.1755205994108355,87.0,91.39,0.04565217391304355,0.028066528066527985,-0.05509355509355507,-0.03118503118503113,,,,0.08241758241758235
5425,台半,20240412,20240415,80.8,20240416,77.0,1,Close Confirmed Stop,20240415,0,-0.04702970297029696,-0.050645574347756475,-0.052521593367817004,4.773257441448166,0.03324808184143224,1.0253807106598984,Breakout,0.09394529278142352,-0.001325088339222615,0.09262020444220091,78.1,78.1,0.0,0.0,-0.04455445544554448,-0.04084158415841577,,,,-0.0012987012987012436
5425,台半,20240607,20240611,81.0,20240614,78.1,3,Close Confirmed Stop,20240613,0,-0.03580246913580254,-0.039490360883196705,-0.041412376461791814,2.55741714565244,0.028169014084507005,0.9828641370869032,Pre-breakout,0.17653810835629016,0.04591368227731864,0.22245179063360881,78.4,78.4,0.008717310087173136,0.0185185185185186,-0.0444444444444444,-0.013580246913580174,-0.03827160493827153,,,0.016645326504481472
5425,台半,20260120,20260121,69.0,20260126,66.1,3,Close Confirmed Stop,20260123,0,-0.04202898550724643,-0.045650577475131925,-0.04756022303094721,1.843053550128696,0.02052785923753664,0.983050847457627,Pre-breakout,0.06543287970430108,0.003444325436827957,0.06887720514112904,66.2,66.2,-0.008620689655172376,0.06811594202898563,-0.047826086956521685,-0.02898550724637683,-0.04202898550724643,,,0.06656580937972767
5425,台半,20260506,20260507,69.8,20260514,78.5,5,Trailing Stop,20260513,0,0.12464183381088834,0.12038576321429298,0.11814387593053755,2.701960485162865,0.06037151702786381,1.0331825037707392,Extended Breakout,0.16347310623038996,0.0,0.16347310623038996,67.2,67.2,0.01897810218978102,0.21489971346704873,-0.025787965616045794,0.024355300859598916,0.15042979942693413,0.09169054441260749,,0.19108280254777066
5425,台半,20260521,20260522,89.5,20260601,115.5,6,Trailing Stop,20260529,0,0.2905027932960893,0.28561903015552853,0.2830319119563917,2.8745462407111324,0.04027617951668594,1.0123180291153417,Breakout,0.04439599957228972,0.00526346284935242,0.04965946242164214,86.6,86.6,-0.009955752212389424,0.4022346368715084,-0.02681564245810064,-0.02681564245810064,0.12290502793296088,0.2793296089385475,,-0.025974025974025983
5426,振發,20240412,20240415,39.45,20240416,38.0,1,Close Confirmed Stop,20240415,0,-0.03675538656527255,-0.04044142161765698,-0.04229968367431971,2.696571703502001,0.03557312252964406,0.9874371859296482,Pre-breakout,0.05669302978786311,0.0,0.05669302978786311,37.9,37.9,0.003816793893129944,0.0,-0.04689480354879594,-0.04435994930291509,,,,-0.05789473684210533
5439,高技,20230524,20230525,79.0,20230530,80.6,3,Trailing Stop,20230529,0,0.02025316455696191,0.016372316629385965,0.014338540038483744,3.2230354560196344,0.04617414248021112,1.0232258064516129,Breakout,0.07757401637884992,0.05737048246394873,0.13494449884279866,75.9,75.9,-0.003783102143757877,0.11265822784810142,-0.0151898734177216,-0.0025316455696202667,0.022784810126582178,,,0.05334987593052132
5439,高技,20231013,20231016,110.0,20231019,103.0,3,Close Confirmed Stop,20231018,0,-0.0636363636363636,-0.06718562074034479,-0.06905218357168014,3.492063492063492,0.04306220095693769,1.033175355450237,Extended Breakout,0.018813761427372698,0.027381530715894536,0.04619529214326724,103.5,104.5,0.00917431192660545,0.06363636363636371,-0.054545454545454564,0.027272727272727337,-0.054545454545454564,,,0.14077669902912615
5439,高技,20231103,20231106,121.5,20231115,117.5,8,Day 8 Time Stop,20231115,0,-0.03292181069958844,-0.036620848801043444,-0.0385486044200023,1.9116676697290282,0.0387931034482758,1.00836820083682,Breakout,0.06282469038338186,0.02935806976858933,0.09218276015197119,116.5,116.5,0.008298755186721962,0.057613168724279795,-0.03292181069958844,0.008230452674897082,0.03703703703703698,0.008230452674897082,-0.03292181069958844,0.07234042553191489
5439,高技,20250211,20250212,122.5,20250221,132.5,8,Day 8 Time Stop,20250221,0,0.08163265306122458,0.07751989833455956,0.07536376754023907,2.4288944286625314,0.03813559322033888,1.0,Breakout,0.048512608353033886,0.005417651694247439,0.053930260047281325,119.0,119.0,0.0,0.12244897959183665,-0.05306122448979589,-0.01224489795918371,0.020408163265306145,0.09387755102040818,0.08163265306122458,0.09433962264150941
5439,高技,20260410,20260413,337.5,20260415,380.0,2,Trailing Stop,20260414,0,0.125925925925926,0.12166801292407108,0.11942357027338722,2.615190784737221,0.022935779816513735,1.0167173252279635,Breakout,0.1116726204788239,0.016350084154844916,0.1280227046336688,328.0,328.0,0.008968609865470878,0.17037037037037028,0.0,0.06518518518518523,,,,0.21973684210526323
5443,均豪,20240219,20240220,45.8,20240227,48.8,5,Trailing Stop,20240226,0,0.06550218340611358,0.06144413714971178,0.059313969431568185,6.721244538810176,0.046373365041617154,1.0463733650416172,Extended Breakout,0.02701338045947993,0.0,0.02701338045947993,40.95,43.51,0.040909090909090784,0.17030567685589526,-0.015283842794759694,0.05676855895196509,0.11790393013100453,0.06550218340611358,,0.18852459016393452
5443,均豪,20240403,20240408,69.4,20240415,65.9,5,Close Confirmed Stop,20240412,0,-0.050432276657060515,-0.05401296311114667,-0.05591416179781694,5.618225639230365,0.028787878787878807,1.0287878787878788,Breakout,0.02758883822587331,0.0,0.02758883822587331,67.0,67.0,0.022091310751104487,0.0561959654178672,-0.060518731988472685,-0.008645533141210526,-0.0057636887608070175,-0.050432276657060515,,-0.006069802731411333
5443,均豪,20240621,20240624,70.9,20240703,98.2,8,Day 8 Time Stop,20240703,0,0.38504936530324385,0.37976248804274276,0.37702240977502244,2.864630291981651,0.057057057057057214,1.0307467057101025,Extended Breakout,0.028753707773414513,0.0,0.028753707773414513,65.2,67.355,0.007102272727272707,0.44569816643159377,-0.0761636107193231,-0.0338504936530325,0.07757404795486611,0.12834978843441447,0.38504936530324385,0.18126272912423613
5443,均豪,20250910,20250911,110.5,20250915,99.0,2,Close Confirmed Stop,20250912,0,-0.10407239819004521,-0.1074689142952516,-0.10925487134274241,2.6145772941473786,0.05288461538461542,0.9820627802690582,Pre-breakout,0.09155297992192567,0.0,0.09155297992192567,104.0,104.975,0.009132420091324311,0.009049773755656076,-0.10678733031674204,-0.04977375565610864,,,,0.21212121212121215
5443,均豪,20250917,20250918,109.5,20250924,115.0,4,Trailing Stop,20250923,0,0.05022831050228316,0.04622895454013476,0.044135431191175384,3.013820616940942,0.05769230769230771,0.9865470852017937,Pre-breakout,0.04593463329303115,0.0,0.04593463329303115,103.5,104.02499999999999,-0.004545454545454519,0.13698630136986312,-0.022831050228310557,0.05022831050228316,0.05936073059360725,,,-0.008695652173912993
5443,均豪,20260430,20260504,133.5,20260508,124.0,4,Close Confirmed Stop,20260507,0,-0.07116104868913853,-0.07467575879128226,-0.07652732741011915,2.535583570557137,0.061475409836065475,1.0277777777777777,Breakout,0.07901020861074123,0.0,0.07901020861074123,122.0,126.82499999999999,0.030888030888030826,0.06367041198501866,-0.07490636704119846,0.029962546816479474,-0.0337078651685393,,,0.08870967741935476
5452,佶優,20260522,20260525,35.45,20260527,33.8,2,Close Confirmed Stop,20260526,0,-0.046544428772919755,-0.050158819039619815,-0.05206372516986397,2.093673123313191,0.054878048780487854,0.9857549857549858,Pre-breakout,0.3613904338153504,0.0,0.3613904338153504,33.05,33.6775,0.024566473988439252,0.0028208744710858102,-0.06346967559943584,-0.016925246826516305,,,,0.07100591715976345
5452,佶優,20260604,20260605,36.35,20260609,33.3,2,Close Confirmed Stop,20260608,0,-0.08390646492434672,-0.08737281567960813,-0.08920317946254441,3.3856278063589595,0.022630834512022524,0.9986187845303867,Pre-breakout,0.059594871487628064,0.0,0.059594871487628064,35.05,35.05,0.0055325034578146415,0.031636863823933936,-0.11829436038514451,-0.02063273727647863,,,,0.03003003003003002
5457,宣德,20240220,20240221,66.0,20240304,69.1,8,Day 8 Time Stop,20240304,0,0.046969696969696884,0.04298105150787289,0.0408940236014413,2.2013221903455156,0.028346456692913247,0.9804804804804805,Pre-breakout,0.06629264203263042,-6.448700586831753e-05,0.0662281550267621,63.8,63.8,0.010719754977029039,0.08181818181818201,-0.024242424242424176,0.015151515151515138,0.0181818181818183,0.027272727272727337,0.046969696969696884,0.013024602026049381
5465,富驊,20230613,20230614,51.5,20230628,54.5,8,Trailing Stop,20230627,0,0.058252427184465994,0.05422711355677839,0.05211067100597989,2.4842851516345017,0.02892561983471076,1.0,Breakout,0.041170469238790405,0.0,0.041170469238790405,47.65,48.925,0.034136546184738936,0.24854368932038828,-0.030097087378640697,-0.001941747572815511,-0.001941747572815511,0.11262135922330097,0.08155339805825257,0.13394495412844032
5469,瀚宇博,20230714,20230717,50.9,20230719,49.15,2,Trailing Stop,20230718,0,-0.03438113948919452,-0.03806835800094025,-0.03999947389369618,2.3449162171380924,0.042105263157894646,1.0050761421319796,Breakout,0.08227553140230176,0.0999060024170807,0.18218153381938246,47.95,48.355,0.028282828282828243,0.09233791748526521,-0.037328094302554016,0.06876227897838905,,,,0.04577822990844349
5469,瀚宇博,20231201,20231204,59.5,20231213,61.8,8,Day 8 Time Stop,20231213,0,0.03865546218487381,0.0347399999999999,0.03266173188014312,4.966982601242845,0.040492957746478986,1.0260416666666667,Breakout,0.09691331104327179,0.0,0.09691331104327179,57.2,57.2,0.006768189509306133,0.09243697478991586,0.0,0.05714285714285716,0.05714285714285716,0.06218487394957983,0.03865546218487381,0.046925566343042124
5469,瀚宇博,20240216,20240219,61.5,20240226,58.4,5,Close Confirmed Stop,20240223,0,-0.05040650406504066,-0.053990821860659184,-0.055883773151513584,1.8641061005398436,0.02499999999999991,1.019900497512438,Breakout,0.0834999624126341,0.02006213290496925,0.10356209531760335,61.1,61.1,0.0,0.03089430894308931,-0.052032520325203335,0.008130081300812941,0.009756097560975618,-0.05040650406504066,,0.005136986301369939
5469,瀚宇博,20250207,20250210,55.3,20250217,56.0,5,Day 5 Weakness,20250214,0,0.012658227848101333,0.008817859834715202,0.006792123370993572,1.8958005025243154,0.022140221402213944,1.0,Breakout,0.26283563904734825,0.0,0.26283563904734825,54.1,54.1,-0.0018050541516245744,0.034358047016274984,-0.00723327305605781,0.010849909584086825,0.009041591320072317,-0.0018083182640143969,,0.03928571428571437
5469,瀚宇博,20250522,20250523,59.3,20250602,59.9,5,Trailing Stop,20250529,0,0.010118043844856706,0.00627534756413038,0.004261774613766796,6.919474495236064,0.022452504317789446,1.0136986301369864,Breakout,0.0853814041256729,-5.506491795905406e-05,0.08532633920771385,57.6,57.6,0.0016891891891890332,0.12647554806070826,0.0,0.013490725126475533,0.06745362563237767,0.021922428330522825,,0.028380634390651194
5469,瀚宇博,20260116,20260119,101.5,20260128,102.5,8,Day 8 Time Stop,20260128,0,0.009852216748768461,0.00600911382263099,0.003996072296491746,3.340243778985569,0.03377686796315249,1.0120240480961924,Breakout,0.16765715686516186,-0.003566403814146195,0.16409075305101567,99.3,99.3,0.004950495049504955,0.07389162561576357,-0.0325123152709359,-0.009852216748768461,-0.020689655172413723,0.054187192118226646,0.009852216748768461,0.0536585365853659
5469,瀚宇博,20260420,20260421,97.7,20260424,93.1,3,Close Confirmed Stop,20260423,0,-0.04708290685772787,-0.05069669631639125,-0.052574645678371446,3.2962971251116975,0.020127118644067687,0.9927835051546392,Pre-breakout,0.09042650232727849,-0.03405550141799318,0.05637100090928531,94.1,94.1,0.014537902388369828,0.003070624360286489,-0.10440122824974418,-0.017400204708290734,-0.05629477993858756,,,-0.011815252416756072
5475,德宏,20250731,20250801,36.0,20250807,35.1,4,Close Confirmed Stop,20250806,0,-0.02499999999999991,-0.028723333333333236,-0.03067135667883956,2.047271936027852,0.06329113924050644,1.0384615384615383,Extended Breakout,0.04649245403515848,0.0,0.04649245403515848,34.85,34.85,-0.04761904761904756,0.05833333333333335,-0.054166666666666696,0.009722222222222188,-0.02777777777777779,,,0.3874643874643875
5483,中美晶,20220104,20220105,244.0,20220112,231.0,5,Close Confirmed Stop,20220111,0,-0.05327868852459017,-0.05688381464069846,-0.05873745813788277,2.1365173172823253,0.05831533477321815,0.9839357429718876,Pre-breakout,0.04953278078571245,0.03263406122501347,0.08216684201072592,233.5,233.5,-0.004081632653061273,0.018442622950819665,-0.0901639344262295,0.012295081967213184,-0.03688524590163933,-0.07581967213114749,,0.02164502164502169
5483,中美晶,20220530,20220531,170.0,20220608,170.0,5,Day 5 Weakness,20220607,0,0.0,-0.003808632901242817,-0.005802031378496322,2.083266067552781,0.05246913580246915,1.017910447761194,Breakout,0.04674330026853729,0.04570614347563983,0.09244944374417713,165.0,165.0,-0.0029325513196480912,0.01764705882352935,-0.02352941176470591,0.014705882352941124,0.0,-0.00588235294117645,,0.020588235294117574
5483,中美晶,20220809,20220810,154.5,20220819,166.0,8,Day 8 Time Stop,20220819,0,0.0744336569579287,0.0703351675837919,0.0682056857498021,1.931208777661345,0.0264026402640265,1.0264026402640265,Breakout,0.17019360117556692,0.05909354440102862,0.22928714557659552,150.0,150.0,-0.006430868167202619,0.10355987055016191,-0.006472491909385147,0.012944983818770295,0.0453074433656957,0.055016181229773364,0.0744336569579287,0.01807228915662651
5483,中美晶,20221115,20221116,163.0,20221123,160.0,5,Day 5 Weakness,20221122,0,-0.018404907975460127,-0.022130382615651246,-0.0241074327063369,2.329072084771302,0.04180064308681675,1.0188679245283019,Breakout,0.08052013766161287,0.06426112299631043,0.1447812606579233,154.0,154.85,0.006172839506172867,0.0,-0.04601226993865026,-0.006134969325153339,-0.039877300613496924,-0.027607361963190136,,0.009374999999999911
5483,中美晶,20230714,20230717,187.0,20230724,180.5,5,Day 5 Weakness,20230721,0,-0.03475935828877008,-0.03845382867833756,-0.04037791970608011,3.60789409261247,0.04225352112676051,1.0136986301369864,Breakout,0.0029504185738376295,0.035317167549987954,0.03826758612382558,177.0,177.65,0.0108108108108107,0.0,-0.05614973262032086,-0.0267379679144385,-0.04278074866310155,-0.03743315508021394,,-0.008310249307479256
5483,中美晶,20231128,20231129,185.0,20231206,181.0,5,Day 5 Weakness,20231205,0,-0.021621621621621623,-0.025348542458808618,-0.02729884109573606,2.5999340334301553,0.025352112676056304,1.0139275766016713,Breakout,0.129742539636921,0.062183120180102504,0.19192565981702353,178.0,178.0,0.016483516483516425,0.008108108108108025,-0.03513513513513511,0.0,-0.002702702702702675,-0.024324324324324298,,0.06077348066298338
5483,中美晶,20231212,20231213,192.0,20231222,199.0,8,Day 8 Time Stop,20231222,0,0.03645833333333326,0.03253904685622747,0.030472943345378457,1.8947661828083793,0.02695417789757415,1.018716577540107,Breakout,0.16680036617617142,0.12384573133518682,0.2906460975113582,185.5,185.5,0.007874015748031482,0.05729166666666674,-0.02604166666666663,-0.0234375,0.02864583333333326,0.04427083333333326,0.03645833333333326,0.04271356783919589
5483,中美晶,20240308,20240311,210.0,20240318,207.5,5,Day 5 Weakness,20240315,0,-0.011904761904761862,-0.015654330919817647,-0.0176240095211878,7.553416053132883,0.04239401496259343,1.0372208436724566,Extended Breakout,0.190032992036405,0.014264908039438756,0.20429790007584375,203.5,203.5,0.004784688995215225,0.05476190476190479,-0.023809523809523836,-0.004761904761904745,0.026190476190476097,-0.011904761904761862,,0.17831325301204815
5483,中美晶,20250516,20250519,120.0,20250521,113.5,2,Close Confirmed Stop,20250520,0,-0.054166666666666696,-0.05774356923897108,-0.05964336131285862,2.0828986930109834,0.04347826086956519,1.0212765957446808,Breakout,0.21166872835230083,0.06698202210127,0.27865075045357085,115.5,115.5,0.0,0.012499999999999956,-0.05833333333333335,-0.03749999999999998,,,,0.0396475770925111
5483,中美晶,20260107,20260108,122.5,20260109,115.0,1,Close Confirmed Stop,20260108,0,-0.061224489795918324,-0.06477827570062203,-0.06664965025596425,2.600344780240736,0.04641350210970474,1.0040485829959513,Breakout,-0.079816039408867,0.11040202955665025,0.03058599014778325,118.0,118.0,-0.012096774193548376,0.0,-0.061224489795918324,-0.061224489795918324,,,,0.07826086956521738
5483,中美晶,20260420,20260421,133.0,20260424,128.0,3,Close Confirmed Stop,20260423,0,-0.03759398496240607,-0.04121989511307078,-0.04313839341206998,3.146259357885746,0.05622489959839361,1.0115384615384615,Breakout,0.2742410538005923,-0.026324469397828232,0.24791658440276407,124.5,126.35,0.011406844106463865,0.06015037593984962,-0.07518796992481203,0.011278195488721776,-0.052631578947368474,,,0.1328125
5508,永信建,20240702,20240703,250.0,20240705,236.5,2,Close Confirmed Stop,20240704,0,-0.05400000000000005,-0.057576969212315074,-0.05945919591833305,3.2291782497498054,0.04883227176220806,1.048832271762208,Extended Breakout,0.10608979108016002,0.06052748555341532,0.16661727663357534,231.0,237.5,0.012145748987854255,0.0020000000000000018,-0.06999999999999995,-0.050000000000000044,,,,-0.006342494714587699
5515,建國,20240315,20240318,20.45,20240320,18.95,2,Close Confirmed Stop,20240319,0,-0.07334963325183375,-0.07685459643834794,-0.07870419423177066,4.649163851095666,0.05943152454780365,1.0148514851485149,Breakout,0.06526128473816628,0.0,0.06526128473816628,19.75,19.75,-0.0024390243902439046,0.004889975550122383,-0.08312958435207818,-0.017114914425427785,,,,0.1372031662269131
5519,隆大,20240607,20240611,53.4,20240613,49.6,2,Close Confirmed Stop,20240612,0,-0.07116104868913853,-0.07466949621947706,-0.0765210724147043,2.7035322945264193,0.027450980392156765,0.9961977186311787,Pre-breakout,0.09466658890623982,0.0,0.09466658890623982,50.5,50.73,0.01908396946564883,0.0074906367041198685,-0.0842696629213483,-0.02059925093632964,,,,0.048387096774193505
5519,隆大,20240715,20240716,52.0,20240723,52.6,5,Day 5 Weakness,20240722,0,0.011538461538461497,0.007695901748765258,0.005679491652183847,3.2070219250153187,0.05252317198764178,1.0019607843137255,Breakout,0.14025925253077307,-0.0005724867450235635,0.1396867657857495,49.45,49.45,0.017612524461839474,0.05769230769230771,-0.045192307692307754,0.02115384615384608,0.04615384615384621,0.0,,0.1577946768060836
5522,遠雄,20241213,20241216,77.8,20241225,82.0,8,Day 8 Time Stop,20241225,0,0.05398457583547556,0.04995828466544302,0.04785728452383327,7.192059607961299,0.023809523809523947,1.023809523809524,Breakout,-0.1223981273023852,0.262067260764845,0.1396691334624598,72.5,73.91,0.0051679586563306845,0.06041131105398456,-0.06041131105398456,0.046272493573264795,-0.016709511568123392,0.041131105398457546,0.05398457583547556,0.060975609756097615
5522,遠雄,20241225,20241226,81.5,20250102,73.9,4,Close Confirmed Stop,20241231,0,-0.0932515337423312,-0.09671377149713369,-0.09849730792117697,2.127897097060332,0.036662452591656125,0.9939393939393939,Pre-breakout,-0.0631160520752955,0.0894055768265548,0.026289524751259306,79.4,79.4,-0.0060975609756097615,0.06748466257668717,-0.0932515337423312,0.031901840490797584,-0.025766871165644134,,,0.02841677943166432
5522,遠雄,20251223,20251224,81.0,20251230,77.0,3,Close Confirmed Stop,20251229,0,-0.04938271604938271,-0.0529651124007738,-0.05486011081578435,2.7967909039383367,0.06684141546526878,1.0316856780735109,Extended Breakout,0.14286910575930165,0.07941020326318296,0.2222793090224846,75.9,76.95,-0.004914004914004955,0.025925925925925908,-0.0679012345679012,0.0024691358024691024,-0.06172839506172845,,,0.009090909090909038
5608,四維航,20221201,20221202,26.0,20221207,25.1,3,Close Confirmed Stop,20221206,0,-0.0346153846153846,-0.038302767589196304,-0.040230350438648185,2.248928133227152,0.041832669322709126,1.017509727626459,Breakout,0.11519809857028128,0.0,0.11519809857028128,25.3,25.3,-0.005736137667303964,0.007692307692307665,-0.038461538461538436,-0.007692307692307665,-0.0326923076923078,,,0.041832669322709126
5608,四維航,20240514,20240515,22.95,20240516,21.7,1,Close Confirmed Stop,20240515,0,-0.05446623093681913,-0.05804353223261402,-0.05993385719994071,4.809017937034498,0.030444964871194413,0.9887640449438202,Pre-breakout,0.0031948571927360356,0.039301814672546474,0.042496671865282505,20.8,21.8025,0.04318181818181821,0.0,-0.05882352941176461,-0.05446623093681913,,,,0.018433179723502446
5706,鳳凰,20230216,20230217,71.0,20230221,68.6,2,Close Confirmed Stop,20230220,0,-0.03380281690140852,-0.03749249349436188,-0.03941850079666163,9.12967475543874,0.043604651162790775,1.0198863636363635,Breakout,0.03655417216797002,0.0,0.03655417216797002,68.8,68.8,-0.01114206128133699,0.023943661971830954,-0.04084507042253527,0.012676056338028152,,,,0.06413994169096227
5706,鳳凰,20230519,20230522,71.4,20230529,90.0,5,Trailing Stop,20230526,0,0.26050420168067223,0.2557333333333332,0.25320924601453726,5.066098247078141,0.03387334315169355,1.0203488372093024,Breakout,0.035709274703047966,0.0,0.035709274703047966,66.2,67.83,0.017094017094017033,0.35154061624649846,-0.019607843137254943,0.0056022408963585235,0.2142857142857142,0.23109243697478998,,0.25
5871,中租-KY,20230130,20230131,236.5,20230201,231.0,1,Close Confirmed Stop,20230131,0,-0.023255813953488413,-0.026969910435745193,-0.028916953597656645,2.628060791823732,0.04347826086956519,1.0212765957446808,Breakout,0.3036831610327907,-0.012353837623746878,0.2913293234090438,233.0,233.0,-0.014583333333333282,0.0021141649048626032,-0.04862579281183932,-0.04862579281183932,,,,0.01948051948051943
5871,中租-KY,20230714,20230717,213.0,20230724,205.0,5,Close Confirmed Stop,20230721,0,-0.03755868544600938,-0.04119737194958434,-0.04311592528519685,2.024567048971819,0.041769041769041726,1.0,Breakout,0.15693370277374583,-0.00048491518137925703,0.15644878759236655,206.0,206.0,0.004716981132075526,0.014084507042253502,-0.04694835680751175,0.009389671361502261,-0.0046948356807511304,-0.04225352112676062,,0.019512195121951237
5871,中租-KY,20231011,20231012,183.5,20231019,177.0,5,Close Confirmed Stop,20231018,0,-0.03542234332425065,-0.039117720778678255,-0.041007100246572704,2.057820619810376,0.030898876404494402,0.9918918918918919,Pre-breakout,0.14116285166623857,0.005202072544962838,0.1463649242112014,181.0,181.0,0.0,0.0027247956403269047,-0.02997275204359673,0.0,-0.00544959128065392,-0.02452316076294281,,0.0028248587570620654
5871,中租-KY,20240925,20240926,154.0,20241009,157.5,8,Day 8 Time Stop,20241009,0,0.022727272727272707,0.018836991434689507,0.016798284744545353,3.2041660371947978,0.06506849315068486,1.0436241610738255,Extended Breakout,-0.008572764703243151,0.19985964863841924,0.19128688393517607,147.5,147.5,-0.009646302250803873,0.0844155844155845,-0.01948051948051943,-0.012987012987012991,0.06168831168831179,0.04870129870129869,0.022727272727272707,-0.0031746031746031633
5871,中租-KY,20250211,20250212,122.5,20250221,129.0,8,Day 8 Time Stop,20250221,0,0.05306122448979589,0.04906026352752324,0.04696108398099838,1.8668357989085973,0.03813559322033888,1.016597510373444,Breakout,0.13956863028346642,-0.009152262759439499,0.1304163675240269,119.5,119.5,0.0,0.05714285714285716,-0.01632653061224487,-0.004081632653061273,0.03265306122448974,0.03673469387755102,0.05306122448979589,0.007751937984496138
5871,中租-KY,20250516,20250519,125.0,20250527,124.0,6,Close Confirmed Stop,20250526,0,-0.008000000000000007,-0.011761961881913901,-0.013755146551904069,2.037326438149192,0.02016129032258074,1.003968253968254,Breakout,0.2024923370519841,-0.003790480769222458,0.19870185628276163,124.5,124.5,-0.011857707509881465,0.06800000000000006,-0.008000000000000007,0.0040000000000000036,0.020000000000000018,0.028000000000000025,,0.016129032258064502
5871,中租-KY,20251219,20251222,109.5,20251230,108.0,5,Day 5 Weakness,20251229,0,-0.013698630136986356,-0.017438263864506528,-0.019404371617830752,6.54747686581191,0.032863849765258246,1.0232558139534884,Breakout,0.5319075205966903,-0.41491950434172403,0.11698801625496631,106.0,106.0,-0.004545454545454519,0.027397260273972712,-0.022831050228310557,-0.0091324200913242,0.022831050228310446,-0.0091324200913242,,0.0
5871,中租-KY,20260414,20260415,113.5,20260424,121.5,8,Day 8 Time Stop,20260424,0,0.07048458149779746,0.0664198025086736,0.06428588663240424,1.9360489231484488,0.027272727272727337,0.9955947136563876,Pre-breakout,0.18348951135004435,-0.02732160588944507,0.15616790546059928,110.5,110.5,0.004424778761061843,0.08370044052863435,0.0,0.026431718061673992,0.0396475770925111,0.03524229074889873,0.07048458149779746,-0.004115226337448541
6104,創惟,20230130,20230131,103.0,20230209,117.0,8,Day 8 Time Stop,20230209,0,0.13592233009708732,0.13159913289978323,0.129319898755912,1.866545441142141,0.06404958677685957,1.0198019801980198,Breakout,0.1287434161023326,0.0,0.1287434161023326,98.0,98.0,0.0,0.16019417475728148,-0.009708737864077666,0.014563106796116498,0.05339805825242716,0.15533980582524265,0.13592233009708732,0.05128205128205132
6104,創惟,20230217,20230220,125.5,20230301,122.5,5,Day 5 Weakness,20230224,0,-0.0239043824701195,-0.027627347408061588,-0.02955527637796139,1.90573398657231,0.03797468354430378,1.0,Breakout,0.025669938975855663,0.0,0.025669938975855663,117.0,119.225,0.020325203252032464,0.03984063745019917,-0.047808764940239,0.015936254980079667,-0.0239043824701195,-0.01195219123505975,,0.07755102040816331
6104,創惟,20231115,20231116,117.5,20231117,114.0,1,Close Confirmed Stop,20231116,0,-0.029787234042553234,-0.03347845668818496,-0.035412482393243926,4.852937799921934,0.03524229074889873,1.0042735042735043,Breakout,0.27537511466387105,0.0,0.27537511466387105,115.0,115.0,0.0,0.0,-0.04680851063829783,-0.029787234042553234,,,,0.1929824561403508
6104,創惟,20231122,20231123,130.0,20231204,129.5,8,Day 8 Time Stop,20231204,0,-0.0038461538461538325,-0.007622358919497192,-0.009608107701916089,4.439274080967892,0.06666666666666665,1.0281124497991967,Breakout,0.058698084184030205,0.0,0.058698084184030205,120.0,123.5,0.015625,0.06153846153846154,-0.0461538461538461,-0.01538461538461533,-0.02692307692307694,0.050000000000000044,-0.0038461538461538325,0.027027027027026973
6104,創惟,20250514,20250515,168.5,20250526,166.0,8,Day 8 Time Stop,20250526,0,-0.014836795252225476,-0.01859690051658057,-0.020548444118056664,2.5992681935221573,0.05312500000000009,1.0369230769230768,Extended Breakout,0.15795023367729397,-0.023529683957243995,0.13442054972004996,160.0,160.075,0.0,0.0741839762611276,-0.014836795252225476,0.05637982195845703,0.04747774480712175,0.026706231454005858,-0.014836795252225476,0.030120481927710774
6104,創惟,20260622,20260623,110.0,20260626,101.5,3,Close Confirmed Stop,20260625,0,-0.07727272727272727,-0.08078310837899239,-0.08262247546218651,2.414623837700761,0.048309178743961345,0.9954128440366973,Pre-breakout,0.25115321796616763,0.00048609760839976666,0.25163931557456737,105.0,105.0,0.01382488479262678,0.009090909090909038,-0.07272727272727275,-0.040909090909090895,-0.06818181818181823,,,0.049261083743842304
6111,大宇資,20240122,20240123,83.9,20240126,76.9,3,Close Confirmed Stop,20240125,0,-0.08343265792610255,-0.08690341506392607,-0.08873051988030357,4.23960971948588,0.050062578222778376,1.0182038834951457,Breakout,0.08948870586316562,0.0,0.08948870586316562,80.1,80.1,0.0,0.02741358760429069,-0.08104886769964259,-0.02979737783075087,-0.07508939213349242,,,0.026007802340702213
6117,迎廣,20240306,20240307,88.0,20240308,78.8,1,Close Confirmed Stop,20240307,0,-0.10454545454545461,-0.10794467459575037,-0.10972968354497975,11.188414876460742,0.033734939759036076,1.033734939759036,Extended Breakout,0.026203298226389688,0.0,0.026203298226389688,83.1,83.6,0.025641025641025772,0.018181818181818077,-0.11818181818181828,-0.10795454545454541,,,,0.13197969543147225
6117,迎廣,20250527,20250528,103.0,20250602,94.2,2,Close Confirmed Stop,20250529,0,-0.08543689320388348,-0.08890445222611303,-0.09073949572527557,3.4081010964159946,0.05567226890756305,1.0286591606960083,Breakout,0.08795198810560209,0.0,0.08795198810560209,95.4,97.85,0.02487562189054726,0.04854368932038833,-0.08155339805825246,-0.024271844660194164,,,,0.03821656050955413
6122,擎邦,20231114,20231115,68.0,20231124,71.1,7,Trailing Stop,20231123,0,0.045588235294117485,0.041603333333333284,0.039543393747797154,10.121409734684764,0.049844236760124616,1.0498442367601246,Extended Breakout,0.05551156303428417,0.0,0.05551156303428417,61.8,64.6,0.008902077151335286,0.1367647058823529,-0.014705882352941124,0.0014705882352941124,0.0676470588235294,0.05882352941176472,,0.05485232067510548
6125,廣運,20220609,20220610,27.8,20220617,27.1,5,Close Confirmed Stop,20220616,0,-0.025179856115107868,-0.028902100092641318,-0.03084874492910238,3.881640155211146,0.023985239852398532,1.010928961748634,Breakout,0.27509881422924903,0.0,0.27509881422924903,27.15,27.15,0.0018018018018017834,0.03237410071942448,-0.025179856115107868,0.007194244604316502,0.012589928057553879,-0.025179856115107868,,0.0627306273062731
6125,廣運,20220819,20220822,32.15,20220829,30.0,5,Day 5 Weakness,20220826,0,-0.06687402799377917,-0.07041300721975334,-0.07227690701211201,4.340306545153273,0.05970149253731338,1.0047169811320755,Breakout,0.2173983772969769,0.0,0.2173983772969769,30.2,30.542499999999997,0.0062597809076681,0.034214618973561484,-0.035769828926905056,0.0031104199066873672,-0.018662519440124314,-0.031104199066874005,,0.1333333333333333
6125,廣運,20230308,20230309,28.85,20230313,27.5,2,Close Confirmed Stop,20230310,0,-0.04679376083188913,-0.0504099255847922,-0.05231353925487791,2.158174429509222,0.02499999999999991,1.015929203539823,Breakout,0.2754,0.0,0.2754,27.8,27.8,0.005226480836237002,0.017331022530329365,-0.03986135181975747,-0.008665511265164683,,,,0.09090909090909083
6125,廣運,20240215,20240216,66.0,20240229,76.8,8,Trailing Stop,20240227,0,0.16363636363636358,0.159200693888444,0.15691443207756967,5.309067969145774,0.06774193548387109,1.04251968503937,Extended Breakout,0.10300710609616917,0.0,0.10300710609616917,58.1,62.699999999999996,-0.0030211480362538623,0.2848484848484849,-0.009090909090909038,0.07272727272727275,0.13181818181818183,0.15909090909090917,0.1742424242424243,0.24479166666666674
6125,廣運,20240520,20240521,97.2,20240530,114.5,7,Trailing Stop,20240529,0,0.17798353909465026,0.17350482143334126,0.17115662250908104,2.4987772552372807,0.04130434782608683,1.0052465897166842,Breakout,0.07040234317650168,0.0,0.07040234317650168,91.7,92.34,0.014613778705636848,0.368312757201646,-0.012345679012345734,0.08024691358024683,0.17283950617283939,0.27572016460905346,,0.222707423580786
6125,廣運,20250724,20250725,74.1,20250801,72.4,5,Day 5 Weakness,20250731,0,-0.022941970310391246,-0.026672543441385706,-0.028620200552556013,4.992654376569831,0.05508474576271194,1.0121951219512195,Breakout,0.03145660777385159,0.0,0.03145660777385159,70.3,70.395,-0.008032128514056325,0.020242914979757165,-0.0323886639676112,-0.004048582995951344,-0.012145748987854144,-0.0080971659919028,,0.11187845303867405
6125,廣運,20260526,20260527,69.5,20260528,67.0,1,Close Confirmed Stop,20260527,0,-0.03597122302158273,-0.03966095473278494,-0.041582631040611585,3.6418284283030684,0.04587155963302747,1.0458715596330275,Extended Breakout,0.2594074875122303,0.0,0.2594074875122303,66.5,66.5,0.016081871345029253,0.030215827338129442,-0.05755395683453235,-0.05323741007194249,,,,0.13283582089552248
6127,九豪,20220105,20220106,31.8,20220111,29.95,3,Close Confirmed Stop,20220110,0,-0.05817610062893086,-0.061752901724701256,-0.06363413490931231,2.1403742540988353,0.025974025974025983,0.9921507064364207,Pre-breakout,0.04203804098134706,0.0,0.04203804098134706,30.55,30.55,0.006329113924050667,0.007861635220125729,-0.0691823899371069,-0.0062893081761006275,-0.053459119496855334,,,0.046744574290484175
6129,普誠,20220805,20220808,37.4,20220817,41.9,8,Day 8 Time Stop,20220817,0,0.1203208556149733,0.11607368996360813,0.11383512834844936,4.624967299091849,0.06916426512968288,0.9973118279569892,Pre-breakout,0.03671497036657642,0.0,0.03671497036657642,34.85,35.529999999999994,0.008086253369272267,0.13903743315508033,-0.016042780748663166,0.012032085561497485,0.03743315508021383,0.06951871657754016,0.1203208556149733,0.0417661097852029
6129,普誠,20221124,20221125,32.35,20221206,35.0,8,Day 8 Time Stop,20221206,0,0.08191653786707875,0.07781716607584217,0.07565603225870392,1.8294812532100668,0.0370967741935484,0.9831804281345564,Pre-breakout,0.038389862094670144,0.0,0.038389862094670144,30.8,30.8,0.0062208398133749565,0.14374034003091185,-0.051004636785162316,-0.03400309119010825,-0.015455950540958274,0.009273570324574765,0.08191653786707875,-0.0071428571428571175
6129,普誠,20230308,20230309,38.9,20230313,35.85,2,Close Confirmed Stop,20230310,0,-0.07840616966580971,-0.08190768533423974,-0.08374933943053683,6.941991341991342,0.06179775280898858,1.0313778990450204,Extended Breakout,0.04069716521180627,0.0,0.04069716521180627,35.85,36.955,0.02910052910052907,0.007712082262210984,-0.07969151670951158,-0.02185089974293064,,,,0.05439330543933041
6134,萬旭,20241016,20241017,44.6,20241018,42.15,1,Close Confirmed Stop,20241017,0,-0.05493273542600907,-0.05851276714960382,-0.06040201022094951,5.688747915904193,0.032863849765258246,1.0328638497652582,Extended Breakout,0.04286852589641434,0.0,0.04286852589641434,41.1,42.37,0.013636363636363669,0.0033632286995515237,-0.09304932735426008,-0.06838565022421539,,,,0.04033214709371302
6134,萬旭,20260303,20260304,34.3,20260306,32.0,2,Close Confirmed Stop,20260305,0,-0.06705539358600576,-0.07059639482230853,-0.07246018845579312,2.213740458015267,0.05061349693251538,0.9813753581661891,Pre-breakout,0.14864332068078853,0.0,0.14864332068078853,32.5,32.584999999999994,0.0014598540145984717,0.03498542274052485,-0.08746355685131191,-0.03498542274052463,,,,0.009374999999999911
6138,茂達,20221202,20221205,146.5,20221208,133.5,3,Close Confirmed Stop,20221207,0,-0.0887372013651877,-0.09221352598836043,-0.09403002938463464,2.9715162231832806,0.053763440860215006,1.0352112676056338,Extended Breakout,-0.0011745042236978814,0.04639291683606631,0.04521841261236843,138.5,139.17499999999998,-0.003401360544217691,0.017064846416382284,-0.0921501706484642,-0.0068259385665528916,-0.0887372013651877,,,0.03370786516853941
6138,茂達,20230410,20230411,168.0,20230420,168.0,8,Day 8 Time Stop,20230420,0,0.0,-0.003810669875651825,-0.005804065891615671,2.9674747596880477,0.06730769230769229,0.9940298507462687,Pre-breakout,0.12074581430745815,0.03143074581430746,0.1521765601217656,159.5,159.6,0.009009009009008917,0.07440476190476186,-0.03273809523809523,-0.005952380952380931,-0.023809523809523836,0.029761904761904656,0.0,0.04166666666666674
6138,茂達,20231114,20231115,184.5,20231124,198.0,7,Trailing Stop,20231123,0,0.07317073170731714,0.06909467910772214,0.06695541184894307,3.0040682781927375,0.056213017751479244,1.0142045454545454,Breakout,0.023985206566841062,0.08515244452462566,0.10913765109146671,168.0,175.275,0.03361344537815136,0.1680216802168022,-0.04065040650406504,-0.005420054200542035,0.0027100271002709064,0.12195121951219523,,0.05050505050505061
6139,亞翔,20221205,20221206,37.0,20221215,38.35,8,Day 8 Time Stop,20221215,0,0.03648648648648645,0.03256954172503502,0.03050337915171854,2.9173087760576952,0.035211267605633756,1.012396694214876,Breakout,0.16609758356038598,7.443535572209887e-05,0.16617201891610808,35.3,35.3,0.006802721088435382,0.043243243243243246,-0.050000000000000044,0.004054054054054124,0.009459459459459474,0.02972972972972987,0.03648648648648645,-0.003911342894393655
6139,亞翔,20230406,20230407,50.0,20230414,47.0,5,Close Confirmed Stop,20230413,0,-0.06000000000000005,-0.06357457017193123,-0.06542098796510383,2.494944907798463,0.03611971104231171,1.0090452261306533,Breakout,0.09505513940703884,-0.00015634068981420864,0.09489879871722463,47.4,47.5,-0.003984063745020028,0.008000000000000007,-0.06599999999999995,-0.03500000000000003,-0.04799999999999993,-0.06400000000000006,,0.005319148936170137
6139,亞翔,20230517,20230518,62.0,20230529,63.8,8,Day 8 Time Stop,20230529,0,0.029032258064516148,0.025148541291140858,0.023097233801875,1.806916597328252,0.04729729729729715,1.0367892976588629,Extended Breakout,0.038671142372548345,0.0018586631325482634,0.040529805505096606,58.9,58.9,0.0,0.06290322580645169,-0.012903225806451535,0.00967741935483879,0.04193548387096757,0.040322580645161255,0.029032258064516148,0.00783699059561127
6139,亞翔,20231120,20231121,146.0,20231124,139.5,3,Trailing Stop,20231123,0,-0.044520547945205435,-0.04814307661478859,-0.05004774467309902,1.8291115465048362,0.06296296296296289,1.036101083032491,Extended Breakout,0.15097516428882432,-0.0001779901072307334,0.15079717418159358,134.5,138.7,0.017421602787456525,0.09246575342465757,-0.03082191780821919,0.020547945205479534,-0.03082191780821919,,,0.08960573476702516
6139,亞翔,20231212,20231213,167.0,20231214,160.5,1,Close Confirmed Stop,20231213,0,-0.038922155688622784,-0.042551412807222876,-0.04446725431756171,2.970959485629906,0.03154574132492116,1.025078369905956,Breakout,0.13390062148677015,0.0,0.13390062148677015,161.5,161.5,0.021406727828746197,0.0029940119760478723,-0.05688622754491013,-0.050898203592814384,,,,0.028037383177569986
6139,亞翔,20231229,20240102,171.5,20240105,161.0,3,Close Confirmed Stop,20240104,0,-0.061224489795918324,-0.06478410879978562,-0.06665547629825411,2.141642233824948,0.033434650455927084,0.9826589595375722,Pre-breakout,0.15749096927776723,0.0005725340201146087,0.15806350329788182,163.0,163.0,0.008823529411764675,0.011661807580174877,-0.08454810495626819,-0.04664723032069973,-0.061224489795918324,,,0.04347826086956519
6139,亞翔,20240321,20240322,197.0,20240402,279.0,8,Day 8 Time Stop,20240402,0,0.41624365482233494,0.41086927493657366,0.40804611654047007,2.089331516686975,0.06478873239436611,1.008,Breakout,0.01856038258333645,0.054503364116063775,0.07306374669940023,176.5,187.14999999999998,0.042328042328042326,0.42639593908629436,-0.0025380710659898,0.053299492385786795,0.058375634517766395,0.14720812182741128,0.41624365482233494,0.19354838709677424
6139,亞翔,20241021,20241022,234.5,20241025,228.5,3,Close Confirmed Stop,20241024,0,-0.02558635394456288,-0.029301693322368972,-0.031244080233088903,2.3820530331993996,0.055679287305122394,0.9875,Pre-breakout,0.2625970206302471,-0.00022697538951246593,0.26237004524073465,226.5,226.5,-0.010548523206751037,0.031982942430703654,-0.03624733475479747,0.002132196162046851,-0.03624733475479747,,,0.026258205689277947
6139,亞翔,20250120,20250121,241.5,20250210,247.5,8,Day 8 Time Stop,20250210,0,0.024844720496894457,0.02096268108685493,0.0189197352829702,2.7794876682780476,0.0387931034482758,1.0062630480167014,Breakout,0.06061451608171106,0.020382983914428526,0.08099749999613959,233.0,233.0,0.0020746887966804906,0.049689440993788914,-0.024844720496894457,-0.0020703933747412417,0.035196687370600444,0.008281573498964745,0.024844720496894457,0.0949494949494949
6139,亞翔,20250624,20250625,342.0,20250630,309.5,3,Close Confirmed Stop,20250627,0,-0.09502923976608191,-0.09848484848484848,-0.1002888028945332,6.468447209653432,0.04334365325077405,1.043343653250774,Extended Breakout,0.08782869978806587,0.042575311087117325,0.1304040108751832,325.0,325.0,0.014836795252225476,0.026315789473684292,-0.10380116959064323,-0.011695906432748537,-0.09502923976608191,,,0.01938610662358653
6143,振曜,20221125,20221128,75.7,20221205,74.0,5,Day 5 Weakness,20221202,0,-0.022457067371202122,-0.02618275912661894,-0.028140807583266703,3.923732164036948,0.06285714285714294,1.0,Breakout,0.06886335069132699,0.04475668881307236,0.11362003950439935,69.3,71.915,0.017473118279569766,0.023778071334213946,-0.039630118890356725,0.006605019815059343,-0.014531043593130843,-0.023778071334213946,,0.06486486486486487
6143,振曜,20230202,20230203,79.3,20230208,77.3,3,Close Confirmed Stop,20230207,0,-0.02522068095838592,-0.02894549043931785,-0.030865065147095652,2.6510100840899193,0.03931847968545221,1.0114795918367345,Breakout,0.03475207362111764,0.010050251256281407,0.04480232487739905,76.8,76.8,0.0,0.020176544766708826,-0.034047919293821005,-0.02395964691046648,-0.032786885245901565,,,0.06985769728331181
6143,振曜,20230216,20230217,81.7,20230302,88.4,8,Day 8 Time Stop,20230302,0,0.08200734394124853,0.07790731399958,0.07573923522075063,4.478703945649333,0.05754475703324813,1.0,Breakout,0.10003501809268121,0.01167269756040621,0.11170771565308743,80.2,80.2,-0.01209189842805325,0.11872705018359864,0.0,0.07711138310893517,0.10036719706242359,0.09424724602203183,0.08200734394124853,0.03280542986425328
6143,振曜,20230324,20230327,106.5,20230406,101.0,5,Day 5 Weakness,20230331,0,-0.05164319248826288,-0.05522988793693739,-0.057120366329543384,1.9107728207122618,0.04499999999999993,1.0346534653465347,Extended Breakout,0.07381972401024736,0.04740479214656305,0.1212245161568104,100.0,101.175,0.019138755980861344,0.04694835680751175,-0.06760563380281692,0.0,-0.009389671361502372,-0.04225352112676062,,0.04950495049504955
6143,振曜,20230614,20230615,96.0,20230619,93.4,2,Close Confirmed Stop,20230616,0,-0.027083333333333237,-0.03077693231878244,-0.0327163556172923,2.6290237928621414,0.021413276231263323,0.9947862356621481,Pre-breakout,0.07709515059519054,0.0,0.07709515059519054,93.5,93.5,0.0062893081761006275,0.013541666666666563,-0.039583333333333304,-0.017708333333333326,,,,0.016059957173447437
6143,振曜,20231113,20231114,91.4,20231123,90.6,8,Day 8 Time Stop,20231123,0,-0.00875273522975939,-0.012517004988129899,-0.014504461352918002,2.999917232246317,0.06863905325443787,0.9977900552486187,Pre-breakout,0.018316072113540468,0.007096279248177982,0.02541235136171845,88.3,88.3,0.01218161683277974,0.037199124726476906,-0.025164113785558162,0.010940919037199182,-0.005470459518599591,0.002188183807439792,-0.00875273522975939,0.025386313465783683
6143,振曜,20240305,20240306,104.5,20240311,99.9,3,Trailing Stop,20240308,0,-0.04401913875598085,-0.047634442648357596,-0.04955274147013869,3.526524689513892,0.03499999999999992,0.981042654028436,Pre-breakout,0.0421813674860566,0.0036769262549060113,0.04585829374096261,97.0,99.27499999999999,0.009661835748792313,0.10526315789473695,-0.04401913875598085,0.02392344497607657,-0.04401913875598085,,,-0.0030030030030031574
6143,振曜,20240614,20240617,141.0,20240624,138.5,5,Day 5 Weakness,20240621,0,-0.01773049645390068,-0.021468699839486356,-0.02342675653403163,2.3685262947410517,0.04511278195488733,0.9823321554770318,Pre-breakout,0.1551076981901606,-0.06353555952077491,0.09157213866938567,134.5,134.5,0.014388489208633004,0.010638297872340496,-0.04255319148936165,-0.021276595744680882,-0.021276595744680882,-0.010638297872340385,,0.014440433212996373
6143,振曜,20250905,20250908,150.5,20250915,144.5,5,Day 5 Weakness,20250912,0,-0.039867109634551534,-0.043489144401982545,-0.04540310730896811,2.499393441705082,0.05673758865248235,1.0205479452054795,Breakout,0.06251868726418452,0.02384850857834413,0.08636719584252865,141.5,142.975,0.010067114093959662,0.02657807308970095,-0.05315614617940201,0.0033222591362125353,-0.0033222591362126463,-0.029900332225913595,,0.02768166089965396
6147,頎邦,20221116,20221117,58.8,20221128,57.8,7,Close Confirmed Stop,20221125,0,-0.017006802721088454,-0.020733333333333333,-0.022700159058404636,2.9968661176299105,0.022336769759450092,1.017094017094017,Breakout,0.4417052734375,-0.0267591796875,0.41494609375,58.3,58.3,-0.01176470588235301,0.011904761904761862,-0.017006802721088454,0.008503401360544283,-0.008503401360544172,0.001700680272108901,,0.03460207612456756
6147,頎邦,20230301,20230302,69.2,20230313,70.3,8,Day 8 Time Stop,20230313,0,0.01589595375722541,0.012053136551061383,0.01002802360292939,2.72454868304232,0.025260029717682153,1.0176991150442478,Breakout,0.4722816275880086,0.02984782182744432,0.5021294494154529,67.4,67.4,0.0028985507246377384,0.028901734104046284,-0.011560693641618491,-0.0028901734104046506,0.014450867052023142,0.01734104046242768,0.01589595375722541,0.002844950213371389
6147,頎邦,20230728,20230731,70.4,20230802,68.7,2,Close Confirmed Stop,20230801,0,-0.024147727272727293,-0.027871103645041754,-0.02982510800375945,4.763578702023193,0.029673590504450953,1.0281481481481483,Breakout,0.21887410134008167,0.026859147639040664,0.24573324897912233,68.4,68.4,0.014409221902017322,0.0042613636363635354,-0.039772727272727404,-0.014204545454545414,,,,0.008733624454148492
6147,頎邦,20231212,20231213,71.7,20231220,73.3,5,Trailing Stop,20231219,0,0.02231520223152006,0.018437360335661204,0.016390177217348752,2.4896683379135287,0.020000000000000018,0.9889196675900277,Pre-breakout,0.2085439692884564,0.16307356486028032,0.3716175341487367,70.0,70.0,0.004201680672268893,0.11715481171548103,-0.006973500697350032,0.029288702928870203,0.07112970711297062,0.012552301255229992,,0.006821282401091366
6147,頎邦,20240313,20240314,78.4,20240318,76.9,2,Close Confirmed Stop,20240315,0,-0.01913265306122447,-0.022863207925022028,-0.024818473355356592,2.2700421278899183,0.02864583333333348,0.9962168978562421,Pre-breakout,-0.03287250673854447,0.1741330525606469,0.14126054582210243,77.3,77.3,-0.007594936708860689,0.003826530612244916,-0.026785714285714413,-0.011479591836734748,,,,0.050715214564369226
6147,頎邦,20260508,20260511,191.0,20260512,196.5,1,Trailing Stop,20260511,0,0.028795811518324665,0.024884162805426848,0.02284183456445666,2.1722074536859854,0.02857142857142847,1.0232558139534884,Breakout,0.09847439894430804,-0.012566787762805785,0.08590761118150225,181.5,181.5,-0.03535353535353536,0.10732984293193715,-0.020942408376963373,0.028795811518324665,,,,0.12468193384223913
6153,嘉聯益,20220601,20220602,23.45,20220614,24.3,8,Day 8 Time Stop,20220614,0,0.03624733475479758,0.03233342942986985,0.030264683239825244,2.909240673852234,0.05345211581291753,1.0418502202643172,Extended Breakout,0.14665855128458707,0.0,0.14665855128458707,22.65,22.65,-0.008456659619450302,0.04051172707889128,-0.006396588486140664,0.014925373134328401,0.01279317697228155,0.021321961620469176,0.03624733475479758,0.010288065843621297
6153,嘉聯益,20240830,20240902,24.0,20240904,21.65,2,Close Confirmed Stop,20240903,0,-0.09791666666666676,-0.10134279621484739,-0.1031465010012685,5.9130923447071,0.02826086956521734,0.9936974789915966,Pre-breakout,0.16668623547905592,0.0,0.16668623547905592,23.0,23.0,0.014799154334038223,0.002083333333333437,-0.05625000000000002,-0.027083333333333237,,,,-0.002309468822170757
6160,欣技,20230324,20230327,28.55,20230406,27.9,5,Day 5 Weakness,20230331,0,-0.022767075306479923,-0.026492605745344205,-0.028444164058643334,6.616774316562195,0.031135531135531025,1.031135531135531,Extended Breakout,0.028386661126116767,0.0,0.028386661126116767,27.55,27.55,0.014209591474245276,0.01050788091068311,-0.042031523642731994,-0.00350262697022774,-0.03327495621716281,-0.014010507880910739,,0.12903225806451624
6163,華電網,20230331,20230406,21.6,20230417,24.45,8,Day 8 Time Stop,20230417,0,0.13194444444444442,0.12762396308447346,0.12536444425120732,3.1061879197264055,0.0646766169154227,0.9861751152073732,Pre-breakout,0.029272765747337236,0.0,0.029272765747337236,20.25,20.52,0.009345794392523477,0.1782407407407407,-0.06712962962962976,-0.0023148148148148806,0.016203703703703498,0.10416666666666674,0.13194444444444442,0.14314928425357865
6163,華電網,20240711,20240712,26.05,20240722,25.85,6,Trailing Stop,20240719,0,-0.007677543186180413,-0.011441697185082356,-0.01342307606729202,6.912308640706874,0.0535714285714286,1.0018867924528303,Breakout,0.04427367092963239,0.0,0.04427367092963239,24.5,24.7475,-0.01883239171374762,0.09213051823416496,-0.04798464491362764,0.0,-0.04414587332053754,0.030710172744721653,,0.013539651837524147
6166,凌華,20230725,20230726,82.8,20230727,77.9,1,Close Confirmed Stop,20230726,0,-0.05917874396135259,-0.06275678992583092,-0.06460871536480756,4.086847206415237,0.04441624365482233,1.0036585365853659,Breakout,0.025488973929515327,0.0,0.025488973929515327,80.7,80.7,0.0060753341433779084,0.019323671497584627,-0.07850241545893721,-0.0748792270531401,,,,0.006418485237484006
6166,凌華,20260511,20260512,96.5,20260521,118.5,8,Day 8 Time Stop,20260521,0,0.22797927461139889,0.22331005446586694,0.2208621949222743,1.8428497026534232,0.061855670103092786,1.0450958286358512,Extended Breakout,0.09610451117461219,0.0,0.09610451117461219,85.6,91.675,0.04099244875943908,0.27461139896373066,-0.034196891191709766,0.051813471502590636,0.15544041450777213,0.17616580310880825,0.22797927461139889,0.2236286919831223
6168,宏齊,20240223,20240226,29.9,20240227,26.65,1,Close Confirmed Stop,20240226,0,-0.10869565217391308,-0.11208531516547397,-0.11386542398756216,9.833719217646852,0.04830053667262968,1.0173611111111112,Breakout,0.26029046324249,0.0,0.26029046324249,28.15,28.404999999999998,0.020477815699658564,0.008361204013378032,-0.09866220735785947,-0.09364548494983271,,,,0.009380863039399667
6168,宏齊,20260624,20260625,34.3,20260626,32.5,1,Close Confirmed Stop,20260625,0,-0.052478134110787056,-0.05605831238204471,-0.0579512254447503,7.70859834013154,0.03801169590643272,1.0380116959064327,Extended Breakout,0.08811043940893752,0.0,0.08811043940893752,33.2,33.2,-0.03380281690140852,0.0276967930029155,-0.04373177842565601,-0.04373177842565601,,,,-0.003076923076923088
6173,信昌電,20260102,20260105,71.1,20260108,67.0,3,Close Confirmed Stop,20260107,0,-0.057665260196905654,-0.0612487518826118,-0.06312720635494451,2.729820664423611,0.04302670623145377,0.9957507082152975,Pre-breakout,0.12633654324055665,0.0,0.12633654324055665,67.6,67.6,0.011379800853485111,0.021097046413502074,-0.050632911392405,-0.02672292545710253,-0.050632911392405,,,0.20000000000000018
6173,信昌電,20260415,20260416,76.3,20260424,84.5,6,Trailing Stop,20260423,0,0.10747051114023587,0.1032605615726435,0.10107558652068753,6.3412193552998355,0.04092769440654842,1.0296896086369771,Breakout,0.07118922612197928,0.0,0.07118922612197928,73.6,73.6,0.0,0.2450851900393185,-0.02096985583224109,0.09960681520314552,0.18872870249017049,0.15989515072083882,,0.06508875739644981
6175,立敦,20251209,20251210,52.4,20251216,50.7,4,Close Confirmed Stop,20251215,0,-0.03244274809160297,-0.036131640030948944,-0.038066814745095316,2.4342500389272392,0.031128404669260812,0.9925093632958801,Pre-breakout,0.03796643757642198,0.0,0.03796643757642198,51.4,51.4,-0.01132075471698113,0.022900763358778775,-0.03435114503816794,-0.007633587786259555,0.01908396946564883,,,0.06903353057199202
6176,瑞儀,20240308,20240311,170.0,20240318,172.5,5,Trailing Stop,20240315,0,0.014705882352941124,0.01085794467459575,0.00883521483269434,5.727874549818367,0.024096385542168752,1.0240963855421688,Breakout,-0.005308771337737569,0.14796138762359104,0.14265261628585346,166.0,166.0,0.0,0.11176470588235299,-0.02352941176470591,-0.014705882352941124,0.08235294117647052,0.014705882352941124,,0.17101449275362324
6176,瑞儀,20240830,20240902,197.5,20240909,192.0,5,Day 5 Weakness,20240906,0,-0.027848101265822822,-0.031557425128626256,-0.03349530196106074,2.292189727337251,0.036745406824147064,1.036745406824147,Extended Breakout,0.1653132895059624,0.053002332875625634,0.21831562238158805,192.0,192.0,0.0,0.025316455696202445,-0.048101265822784844,0.010126582278481067,-0.0075949367088608,-0.012658227848101222,,0.04427083333333326
6176,瑞儀,20241021,20241022,213.0,20241101,208.0,8,Day 8 Time Stop,20241101,0,-0.023474178403755874,-0.02718557253955484,-0.02913218283413386,2.619938867674441,0.06549118387909325,1.047029702970297,Extended Breakout,0.5025926603003934,-0.0009251760336626543,0.5016674842667308,199.0,202.35,0.007092198581560183,0.018779342723004744,-0.039906103286385,-0.0046948356807511304,-0.014084507042253502,0.009389671361502261,-0.023474178403755874,0.007211538461538547
6176,瑞儀,20251224,20251226,130.5,20251231,125.5,3,Close Confirmed Stop,20251230,0,-0.03831417624521072,-0.04194470924690181,-0.04386176352175106,2.3952692129826634,0.031746031746031855,1.0196078431372548,Breakout,0.2964938594914258,-0.2146838090677403,0.08181005042368554,127.0,127.0,0.0038461538461538325,0.003831417624521105,-0.05747126436781613,-0.01532567049808431,-0.03831417624521072,,,0.0
6177,達麗,20240408,20240409,45.4,20240418,47.45,8,Day 8 Time Stop,20240418,0,0.045154185022026505,0.041199626367761,0.03911619036802178,2.1107380671599354,0.03538812785388146,1.0145413870246085,Breakout,0.15236719066984658,0.0,0.15236719066984658,43.9,43.9,0.0011025358324145973,0.05726872246696035,-0.01541850220264307,-0.0022026431718061845,0.020925110132158586,0.014317180616740144,0.045154185022026505,0.1548998946259219
6177,達麗,20240430,20240502,65.0,20240510,64.5,6,Trailing Stop,20240509,0,-0.007692307692307665,-0.011458785068552557,-0.013436863741467983,5.559874008245069,0.06745362563237767,1.0275974025974026,Breakout,-0.027869411177228305,0.0810881595981613,0.053218748420933,56.4,61.75,0.026856240126382325,0.10461538461538455,-0.03384615384615386,-0.010769230769230864,0.05076923076923068,0.03076923076923066,,-0.02635658914728689
6177,達麗,20250917,20250918,54.2,20250922,50.2,2,Close Confirmed Stop,20250919,0,-0.07380073800738007,-0.07730635059330455,-0.07915899852386064,1.8890727577575135,0.032755298651252485,1.0,Breakout,0.1823451148052452,0.08366596527480619,0.26601108008005137,51.5,51.5,0.011194029850746245,0.01845018450184499,-0.09132841328413288,-0.014760147601476148,,,,0.01195219123505975
6179,亞通,20240129,20240130,33.6,20240219,34.55,8,Day 8 Time Stop,20240219,0,0.028273809523809312,0.024393660449851844,0.02233951567018145,3.3775644871025796,0.024502297090352343,0.9955357142857143,Pre-breakout,0.02891850240232073,0.0,0.02891850240232073,33.0,33.0,0.004484304932735439,0.06696428571428581,-0.04166666666666663,-0.013392857142857206,0.04166666666666652,0.02678571428571419,0.028273809523809312,0.02749638205499294
6179,亞通,20240229,20240301,36.5,20240308,35.4,5,Day 5 Weakness,20240307,0,-0.03013698630136985,-0.03382757642977474,-0.035760904343446,3.303540986800448,0.05385735080058218,1.00976290097629,Breakout,0.10834438214599824,0.0,0.10834438214599824,34.6,34.675,0.00828729281767937,0.019178082191780854,-0.05753424657534245,-0.020547945205479423,-0.043835616438356206,-0.03424657534246578,,-0.016949152542372947
6182,合晶,20220825,20220826,54.5,20220830,51.5,2,Close Confirmed Stop,20220829,0,-0.05504587155963303,-0.05862540434188148,-0.06051560487244345,2.520591182941861,0.0656063618290259,1.0229007633587788,Breakout,0.07588408644400786,-6.590741650294695e-05,0.07581817902750491,51.0,51.775,0.01679104477611948,0.0,-0.07706422018348624,-0.03302752293577982,,,,0.013592233009708687
6182,合晶,20221111,20221114,45.25,20221123,45.2,8,Day 8 Time Stop,20221123,0,-0.001104972375690516,-0.004908651038625129,-0.006899848555488129,2.1548319072144047,0.0216894977168951,1.0170454545454546,Breakout,0.17622824183747038,-0.0020599443815016993,0.17416829745596868,44.5,44.5,0.011173184357541999,0.03314917127071815,-0.015469613259668558,-0.0055248618784530246,0.01878453038674044,0.008839779005524795,-0.001104972375690516,0.036504424778760924
6182,合晶,20221201,20221202,47.65,20221207,45.75,3,Close Confirmed Stop,20221206,0,-0.039874081846799525,-0.04349341395451213,-0.045413120192567255,1.908534564298245,0.0380848748639826,1.0181430096051227,Breakout,0.1419174076269512,0.0,0.1419174076269512,46.8,46.8,-0.0010482180293501786,0.009443861490031624,-0.03882476390346279,-0.0010493179433367361,-0.0346274921301154,,,-0.003278688524590123
6182,合晶,20230130,20230131,44.4,20230209,46.65,8,Day 8 Time Stop,20230209,0,0.05067567567567566,0.046686345140417584,0.04459191615878605,3.2989472196707412,0.05700712589073631,1.0022522522522523,Breakout,0.08746358765376198,-0.0005946721002188514,0.08686891555354313,42.8,42.8,-0.0022471910112359383,0.06306306306306309,-0.009009009009009028,0.01013513513513531,0.03828828828828845,0.006756756756756799,0.05067567567567566,0.007502679528403
6182,合晶,20230322,20230323,48.75,20230330,48.55,5,Day 5 Weakness,20230329,0,-0.004102564102564155,-0.007901777900027506,-0.009859809689474397,2.335424127901225,0.02515723270440251,1.0082474226804123,Breakout,0.16339313818067358,0.078722064841045,0.2421152030217186,48.0,48.0,-0.0030674846625766694,0.019487179487179596,-0.022564102564102573,0.016410256410256396,0.003076923076922977,-0.01538461538461533,,0.014418125643666402
6182,合晶,20240705,20240708,42.0,20240711,40.2,3,Close Confirmed Stop,20240710,0,-0.042857142857142816,-0.046473333333333235,-0.048386394986838846,2.5088183421516757,0.034610630407911014,1.021978021978022,Breakout,0.3637301003646885,-0.03661954850959945,0.3271105518550891,40.2,40.2,0.0035842293906809264,0.0,-0.05238095238095242,-0.02261904761904765,-0.04761904761904767,,,0.023631840796019876
6182,合晶,20250821,20250822,25.4,20250826,24.2,2,Close Confirmed Stop,20250825,0,-0.047244094488189003,-0.05085739801528845,-0.05276275709873835,1.93057122346426,0.06991525423728806,1.0140562248995983,Breakout,0.15369248185389892,-0.00026636478657521474,0.1534261170673237,23.9,24.13,0.005940594059405946,0.0019685039370078705,-0.051181102362204633,-0.03149606299212593,,,,0.05371900826446274
6182,合晶,20250905,20250908,25.8,20250917,33.1,8,Day 8 Time Stop,20250917,0,0.2829457364341086,0.27809786740287284,0.2755362360655196,1.8941797582499453,0.022222222222222143,0.9921568627450981,Pre-breakout,0.18747187163682613,-4.8918892476274336e-05,0.18742295274434986,24.4,24.509999999999998,0.01976284584980248,0.34883720930232553,-0.04457364341085279,0.013565891472868241,-0.019379844961240345,0.050387596899224896,0.2829457364341086,0.048338368580060465
6182,合晶,20260422,20260423,46.2,20260424,41.15,1,Close Confirmed Stop,20260423,0,-0.10930735930735935,-0.11269744430887005,-0.1144781766080341,7.8280023721686085,0.040462427745664664,1.0404624277456647,Extended Breakout,0.06197798160951012,0.0,0.06197798160951012,42.5,43.89,0.02666666666666684,0.051948051948051965,-0.12337662337662347,-0.11904761904761907,,,,0.07168894289185923
6182,合晶,20260506,20260507,51.5,20260513,54.1,4,Trailing Stop,20260512,0,0.05048543689320395,0.04649658162414543,0.04439567757640775,4.2782987417694205,0.04329896907216502,1.0411522633744856,Extended Breakout,0.08287284416100858,0.0,0.08287284416100858,48.6,48.925,0.01778656126482203,0.1941747572815533,-0.009708737864077666,0.07961165048543695,0.13786407766990294,,,0.09611829944547123
6185,幃翔,20230605,20230606,27.05,20230609,24.9,3,Close Confirmed Stop,20230608,0,-0.07948243992606296,-0.0829827610049167,-0.08482404062041082,3.158737786320679,0.03250478011472291,1.032504780114723,Extended Breakout,0.06909688913252021,0.0,0.06909688913252021,25.2,25.697499999999998,0.0018518518518517713,0.005545286506469349,-0.0739371534195934,-0.03512014787430684,-0.06839186691312393,,,-0.0060240963855421326
6187,萬潤,20231225,20231226,142.0,20240103,140.0,5,Day 5 Weakness,20240102,0,-0.014084507042253502,-0.017848802295322614,-0.019814116549007655,1.9880544235289044,0.04868913857677892,0.9824561403508771,Pre-breakout,0.2432090909090909,0.0,0.2432090909090909,134.0,134.9,0.014285714285714235,0.06690140845070425,-0.03169014084507038,-0.03169014084507038,0.045774647887323994,0.0,,0.08571428571428563
6187,萬潤,20240709,20240710,352.5,20240712,300.0,2,Close Confirmed Stop,20240711,0,-0.14893617021276595,-0.15214599075881166,-0.15384253258994385,3.012853143293459,0.06656580937972767,1.0071428571428571,Breakout,0.04630854202920481,3.783006733751986e-05,0.04634637209654233,328.5,334.875,0.0,0.03546099290780136,-0.11063829787234047,-0.03262411347517735,,,,-0.026666666666666616
6187,萬潤,20250612,20250613,350.0,20250624,402.0,8,Day 8 Time Stop,20250624,0,0.14857142857142858,0.14417713863315637,0.14192116945127445,2.219220926926358,0.03498542274052485,1.0171919770773639,Breakout,0.09094341055829852,0.0063480006510769895,0.09729141120937551,341.5,341.5,-0.014084507042253502,0.16714285714285704,-0.008571428571428563,0.0071428571428571175,0.030000000000000027,0.0014285714285713347,0.14857142857142858,0.04975124378109452
6187,萬潤,20250625,20250626,416.0,20250627,404.5,1,Close Confirmed Stop,20250626,0,-0.027644230769230727,-0.03133760512615138,-0.03327590842313802,2.629085263815803,0.03482587064676612,1.018359853121175,Breakout,0.05282427198817443,0.05061419068736142,0.10343846267553584,405.0,405.0,0.0,0.0036057692307691624,-0.03725961538461542,-0.033653846153846145,,,,0.03213844252163156
6188,廣明,20230303,20230306,53.1,20230313,52.2,5,Day 5 Weakness,20230310,0,-0.016949152542372836,-0.020680631767266075,-0.0226402571568656,1.817199297497711,0.025390625,1.023391812865497,Breakout,0.18642410015649452,0.0,0.18642410015649452,51.1,51.1,0.011428571428571566,0.026365348399246757,-0.026365348399246646,0.015065913370998052,0.007532956685499137,-0.007532956685499026,,0.04980842911877392
6188,廣明,20230601,20230602,72.2,20230609,66.2,5,Close Confirmed Stop,20230608,0,-0.08310249307479223,-0.08657214345287739,-0.08839990904171413,8.31832147817669,0.022857142857142687,1.0228571428571427,Breakout,0.03416585454298212,0.0,0.03416585454298212,69.7,69.7,0.008379888268156499,0.016620498614958512,-0.10526315789473695,-0.006925207756232732,-0.020775623268698085,-0.09418282548476453,,0.09365558912386707
6188,廣明,20240520,20240521,99.5,20240524,110.0,3,Trailing Stop,20240523,0,0.10552763819095468,0.10134672830132002,0.09914294072382199,2.659973510469431,0.022564102564102573,0.997,Pre-breakout,0.03943773630930601,0.0,0.03943773630930601,97.8,97.8,-0.0020060180541625616,0.20100502512562812,-0.015075376884422065,0.09045226130653261,0.11557788944723613,,,0.19545454545454555
6188,廣明,20241219,20241220,108.5,20241231,111.5,8,Day 8 Time Stop,20241231,0,0.02764976958525356,0.0237666065825489,0.02171805964970067,10.839122486288849,0.06862745098039214,1.033175355450237,Extended Breakout,0.05396686240454333,0.007801946351280567,0.06176880875582389,99.5,103.07499999999999,-0.004587155963302725,0.07834101382488479,-0.04608294930875578,-0.04147465437788023,-0.004608294930875556,0.02764976958525356,0.02764976958525356,0.026905829596412634
6188,廣明,20250217,20250218,112.5,20250225,110.0,5,Day 5 Weakness,20250224,0,-0.022222222222222254,-0.025954504459364664,-0.02790359704907975,2.8743693553410155,0.032258064516129004,1.0044843049327354,Breakout,0.21892799673269348,0.004880539105574842,0.22380853583826832,108.5,108.5,0.0044642857142858094,0.026666666666666616,-0.03111111111111109,0.008888888888888946,-0.013333333333333308,-0.013333333333333308,,0.022727272727272707
6188,廣明,20250925,20250926,125.5,20250930,118.0,1,Close Confirmed Stop,20250926,0,-0.05976095617529875,-0.063336277139953,-0.06519212129878266,2.6832792317250544,0.06995884773662553,0.9848484848484849,Pre-breakout,0.05634455575229825,0.0,0.05634455575229825,123.0,123.0,-0.0346153846153846,0.003984063745019917,-0.0677290836653387,-0.05976095617529875,,,,-0.016949152542372836
6189,豐藝,20240325,20240326,91.0,20240408,94.1,8,Day 8 Time Stop,20240408,0,0.034065934065933945,0.030145904978130876,0.028084580673073702,2.8573930561272527,0.04508670520231228,0.9988950276243095,Pre-breakout,0.09473252741444427,0.0,0.09473252741444427,86.7,86.7,0.006637168141592875,0.08351648351648344,-0.05054945054945048,-0.04065934065934074,-0.0241758241758242,0.05934065934065935,0.034065934065933945,0.04144527098831041
6189,豐藝,20240516,20240517,94.5,20240523,89.0,4,Close Confirmed Stop,20240522,0,-0.05820105820105825,-0.06178153728081152,-0.0636589252517042,2.2974081202505587,0.024498886414253906,0.9945945945945946,Pre-breakout,0.29422083420546874,0.011218833051078594,0.30543966725654736,89.7,89.77499999999999,0.02717391304347827,0.0,-0.06666666666666665,-0.010582010582010581,-0.04656084656084658,,,0.2191011235955056
6189,豐藝,20240628,20240701,97.3,20240708,101.5,5,Trailing Stop,20240705,0,0.043165467625899234,0.03921228535976846,0.03713281973572859,1.9791076512928394,0.0237068965517242,0.9906152241918664,Pre-breakout,0.1974610931051329,0.07236596086034641,0.26982705396547935,92.1,92.43499999999999,0.02421052631578946,0.1664953751284688,-0.019527235354573347,0.014388489208633226,0.09969167523124356,0.058581706063720373,,-0.0463054187192119
6190,萬泰科,20230601,20230602,36.45,20230609,35.75,5,Day 5 Weakness,20230608,0,-0.019204389574760006,-0.02292875624576195,-0.024888409448385055,3.72880174291939,0.0682148040638606,1.0151724137931033,Breakout,0.07301276959736054,0.0,0.07301276959736054,34.6,34.6275,-0.009510869565217184,0.020576131687242816,-0.02880658436214001,-0.010973936899863035,-0.021947873799725737,-0.017832647462277196,,0.02657342657342676
6190,萬泰科,20240314,20240315,35.5,20240322,35.35,5,Day 5 Weakness,20240321,0,-0.004225352112676051,-0.008022459554474417,-0.009978595493488427,1.959416613823716,0.026124818577648812,1.01,Breakout,0.04836134134286366,0.0,0.04836134134286366,33.7,33.725,0.004243281471004279,0.025352112676056304,-0.023943661971831065,-0.0014084507042252392,-0.018309859154929553,-0.004225352112676051,,0.04667609618104662
6190,萬泰科,20240618,20240619,45.0,20240620,41.8,1,Close Confirmed Stop,20240619,0,-0.07111111111111112,-0.0746514575411914,-0.07646978189035908,2.2232380202253195,0.0386869871043376,1.0137299771167048,Breakout,0.05822720644399695,0.0,0.05822720644399695,43.2,43.2,0.015801354401805856,0.022222222222222143,-0.08000000000000007,-0.06777777777777771,,,,0.011961722488038173
6190,萬泰科,20250521,20250522,39.55,20250603,40.0,8,Day 8 Time Stop,20250603,0,0.01137800252844512,0.007538953482556449,0.005517796385231369,2.4337697461429713,0.0430247718383312,0.9900990099009901,Pre-breakout,0.11497830598000378,0.0,0.11497830598000378,38.6,38.6,-0.011250000000000093,0.04930467762326174,-0.010113780025284402,0.01137800252844512,0.020227560050569027,0.01137800252844512,0.01137800252844512,0.036250000000000115
6190,萬泰科,20250605,20250606,41.1,20250609,39.95,1,Close Confirmed Stop,20250606,0,-0.027980535279805263,-0.03167255512295692,-0.033610188360452146,2.5853335635756634,0.02238805970149249,0.9903614457831326,Pre-breakout,0.03657049979683056,0.0,0.03657049979683056,40.3,40.3,0.0,0.0024330900243310083,-0.035279805352798066,-0.031630170316301776,,,,0.048811013767208866
6190,萬泰科,20250612,20250613,41.75,20250616,40.05,1,Close Confirmed Stop,20250613,0,-0.040718562874251574,-0.04433699584840863,-0.0462543010197283,2.2848947056308697,0.02337023370233715,1.002409638554217,Breakout,0.11526220066686875,0.0,0.11526220066686875,40.5,40.5,0.0036057692307691624,0.0023952095808383866,-0.03233532934131744,-0.031137724550898138,,,,0.05617977528089879
6190,萬泰科,20260122,20260123,51.9,20260128,52.5,3,Trailing Stop,20260127,0,0.011560693641618602,0.007724040492899056,0.005700940238042703,2.142055208710787,0.04526748971193406,0.9844961240310077,Pre-breakout,0.1869322209327855,0.0,0.1869322209327855,49.85,49.85,0.021653543307086576,0.1464354527938343,-0.053949903660886256,-0.0019267822736031004,0.011560693641618602,,,-0.017142857142857126
6190,萬泰科,20260423,20260424,70.0,20260504,70.3,5,Day 5 Weakness,20260430,0,0.004285714285714226,0.0004804484185238829,-0.0015215139277566607,3.2546588709204327,0.045592705167173175,1.0345864661654134,Extended Breakout,0.11321218074656189,0.0,0.11321218074656189,65.6,66.5,0.01744186046511631,0.0714285714285714,-0.06142857142857139,0.06428571428571428,0.02857142857142847,-0.0028571428571428914,,0.16358463726884787
6191,精成科,20230607,20230608,42.0,20230619,42.15,8,Day 8 Time Stop,20230619,0,0.0035714285714285587,-0.0002300000000000485,-0.0022358633699019166,2.0249295704021675,0.034482758620689724,1.0294117647058825,Breakout,0.324015835366287,0.0,0.324015835366287,41.0,41.0,0.0,0.01904761904761898,-0.015476190476190421,-0.008333333333333415,0.0,0.011904761904761862,0.0035714285714285587,0.12336892052194548
6191,精成科,20231201,20231204,70.5,20231213,71.1,8,Day 8 Time Stop,20231213,0,0.008510638297872353,0.004670636707868233,0.002660270951362642,4.176182548408349,0.021739130434782705,1.0217391304347827,Breakout,0.11321657908330594,0.0,0.11321657908330594,68.5,68.5,0.0,0.042553191489361764,-0.03829787234042559,-0.005673758865248346,0.007092198581560183,0.02411347517730511,0.008510638297872353,0.07172995780590741
6191,精成科,20240702,20240703,76.0,20240709,69.0,4,Close Confirmed Stop,20240708,0,-0.09210526315789469,-0.0955735078114568,-0.09734994502757685,3.4932687209420883,0.03137789904502042,1.0026525198938991,Breakout,0.4631831017439555,0.005128322136858838,0.4683114238808143,72.5,72.5,0.005291005291005346,0.025000000000000133,-0.051315789473684315,-0.001315789473684159,-0.015789473684210575,,,0.008695652173912993
6191,精成科,20250513,20250514,73.5,20250520,71.4,4,Close Confirmed Stop,20250519,0,-0.02857142857142847,-0.032259999999999976,-0.034205505468619925,3.381403286373824,0.026647966339411022,1.0138504155124655,Breakout,0.14459673263846057,-0.0005145010473800722,0.1440822315910805,71.8,71.8,0.004098360655737654,0.02448979591836742,-0.03129251700680269,0.010884353741496655,-0.006802721088435382,,,0.3753501400560224
6191,精成科,20250526,20250527,89.4,20250602,83.4,3,Trailing Stop,20250529,0,-0.06711409395973156,-0.07065852274623677,-0.07251814539113102,4.570130798874226,0.02880184331797242,1.0229095074455898,Breakout,0.07794986194282089,0.0008056775300060446,0.07875553947282694,84.0,84.93,0.0011198208286675726,0.09843400447427286,-0.030201342281879207,0.06375838926174482,-0.030201342281879207,,,0.005995203836930418
6191,精成科,20250723,20250724,108.5,20250805,113.0,8,Trailing Stop,20250804,0,0.041474654377880116,0.03751919353761933,0.035476454439393935,2.1477978591722633,0.03349282296650724,1.0334928229665072,Extended Breakout,0.0688265632421842,0.008374364782393453,0.07720092802457765,102.0,103.07499999999999,0.004629629629629539,0.12442396313364057,-0.027649769585253448,-0.009216589861751112,0.0875576036866359,0.05069124423963123,0.02764976958525356,0.0
6196,帆宣,20240216,20240219,162.5,20240220,155.5,1,Close Confirmed Stop,20240219,0,-0.043076923076923124,-0.04670366408130516,-0.0486112103774308,4.194150591466403,0.028481012658227778,1.025236593059937,Breakout,0.08671473466508302,1.0913982617397025e-05,0.08672564864770041,159.5,159.5,0.0,0.006153846153846176,-0.024615384615384595,-0.021538461538461506,,,,0.090032154340836
6196,帆宣,20251219,20251222,279.0,20251230,269.5,5,Day 5 Weakness,20251229,0,-0.03405017921146958,-0.037753222836095765,-0.03961181879703495,2.0621148523115975,0.056310679611650594,0.9872958257713249,Pre-breakout,0.2318621186959445,-0.17467501238435004,0.05718710631159446,261.5,265.05,0.025735294117646967,0.012544802867383575,-0.032258064516129004,-0.016129032258064502,-0.023297491039426577,-0.026881720430107503,,0.15027829313543606
6196,帆宣,20260410,20260413,330.0,20260422,390.5,8,Day 8 Time Stop,20260422,0,0.18333333333333335,0.17885029617662898,0.1764914244982636,1.9333472517418602,0.0219780219780219,1.0077399380804954,Breakout,0.15030032849162742,-0.0013031055177397863,0.14899722297388765,320.0,320.0,0.01382488479262678,0.25909090909090904,-0.046969696969696995,-0.028787878787878807,0.06969696969696959,0.08787878787878789,0.18333333333333335,0.023047375160051287
6196,帆宣,20260508,20260511,420.0,20260518,398.0,5,Day 5 Weakness,20260515,0,-0.05238095238095242,-0.05598015553767766,-0.05786914528317423,1.803763437938174,0.04325699745547085,0.98676293622142,Pre-breakout,0.07205035493340202,-9.59522465664884e-05,0.07195440268683553,398.0,399.0,0.024390243902439046,0.0714285714285714,-0.0535714285714286,0.011904761904761862,-0.0011904761904761862,-0.03928571428571426,,0.22110552763819102
6197,佳必琪,20260312,20260313,168.0,20260324,188.0,7,Trailing Stop,20260323,0,0.11904761904761907,0.11482150020056157,0.11259075698633127,3.7082221051286925,0.03951367781155013,1.0301204819277108,Extended Breakout,0.12043774908993955,0.010297713616554783,0.13073546270649433,164.0,164.0,-0.01754385964912286,0.1964285714285714,0.0,0.044642857142857206,0.13988095238095233,0.16666666666666674,,-0.04521276595744683
6202,盛群,20260522,20260525,62.0,20260601,58.8,5,Close Confirmed Stop,20260529,0,-0.05161290322580647,-0.0551972761866614,-0.0570878178852262,1.9554940052348762,0.032258064516129004,0.9838187702265372,Pre-breakout,0.3696191996030635,0.03021687780379287,0.39983607740685634,58.9,58.9,0.019736842105263275,0.059677419354838834,-0.06612903225806455,-0.014516129032258074,-0.02580645161290329,-0.0532258064516129,,0.006802721088435382
6203,海韻電,20230727,20230728,113.0,20230801,104.5,2,Close Confirmed Stop,20230731,0,-0.0752212389380531,-0.07872951230096471,-0.08057297934151003,3.9718385244045535,0.06161137440758302,1.0135746606334841,Breakout,0.09256880733944954,0.00386286817962337,0.09643167551907292,105.0,107.35,0.008928571428571397,0.004424778761061843,-0.09734513274336287,-0.030973451327433676,,,,0.09090909090909083
6206,飛捷,20250221,20250224,170.0,20250227,163.0,3,Close Confirmed Stop,20250226,0,-0.04117647058823526,-0.044801550180408926,-0.04671289423374738,3.2896546081005,0.03603603603603611,0.9801136363636364,Pre-breakout,0.03265767701434963,0.0,0.03265767701434963,163.5,163.5,-0.01449275362318836,0.050000000000000044,-0.07058823529411762,-0.014705882352941124,-0.04117647058823526,,,-0.042944785276073594
6206,飛捷,20250611,20250612,122.5,20250616,119.0,2,Close Confirmed Stop,20250613,0,-0.02857142857142858,-0.032272088823490065,-0.03420853143586977,1.8227981154070887,0.03347280334728042,0.9840637450199203,Pre-breakout,0.062175738776318386,0.00356649747431821,0.0657422362506366,120.0,120.0,-0.0080971659919028,0.012244897959183598,-0.03673469387755102,-0.01632653061224487,,,,0.03361344537815136
6207,雷科,20240401,20240402,44.25,20240411,57.8,5,Trailing Stop,20240410,0,0.30621468926553663,0.301253785129758,0.2986499634919518,3.460328088382993,0.06396063960639609,1.0297619047619047,Breakout,0.2509109223088377,0.0,0.2509109223088377,41.1,42.0375,0.023121387283236983,0.40564971751412426,-0.037288135593220306,0.07457627118644061,0.27909604519774023,0.27909604519774023,,0.11591695501730115
6207,雷科,20260422,20260423,61.0,20260424,57.0,1,Close Confirmed Stop,20260423,0,-0.06557377049180324,-0.06911857958148383,-0.07098127823434242,2.254458763466253,0.0625,0.9916666666666667,Pre-breakout,0.1022378516624041,0.0,0.1022378516624041,56.0,57.949999999999996,0.025210084033613356,0.004918032786885185,-0.11967213114754094,-0.07377049180327866,,,,0.16666666666666674
6209,今國光,20250814,20250815,32.15,20250826,38.25,8,Day 8 Time Stop,20250826,0,0.18973561430793162,0.18522758135760703,0.18285110942585006,3.3013297403747277,0.03044871794871784,1.006259780907668,Breakout,0.09973769535184161,0.0,0.09973769535184161,31.65,31.65,0.0,0.2130637636080872,-0.004665629860031051,0.038880248833592645,0.06842923794712297,0.07153965785381033,0.18973561430793162,0.06666666666666665
6209,今國光,20250922,20250923,41.95,20250924,37.7,1,Close Confirmed Stop,20250923,0,-0.10131108462455307,-0.10473651322641116,-0.10653274727571711,1.861185440637849,0.05757196495619521,1.014405762304922,Breakout,0.060165334844307805,0.0,0.060165334844307805,40.0,40.0,-0.007100591715976212,0.0,-0.09296781883194294,-0.09296781883194294,,,,0.06631299734748008
6209,今國光,20251031,20251103,46.4,20251112,48.4,8,Day 8 Time Stop,20251112,0,0.0431034482758621,0.039151081823760106,0.03706562124540329,2.0609331004641307,0.06976744186046502,0.982905982905983,Pre-breakout,0.05474042770520847,0.0,0.05474042770520847,43.15,44.08,0.008695652173912993,0.08189655172413812,-0.0625,0.008620689655172376,-0.03987068965517249,0.00969827586206895,0.0431034482758621,0.2169421487603307
6209,今國光,20260421,20260422,67.5,20260424,61.0,2,Close Confirmed Stop,20260423,0,-0.09629629629629632,-0.09972650256820759,-0.10152795701181884,3.44538724585265,0.03490136570561453,1.004418262150221,Breakout,0.035848674758914734,-0.0064265979953639,0.029422076763550836,62.7,64.125,-0.01026392961876832,0.001481481481481417,-0.1274074074074074,-0.03703703703703709,,,,0.09672131147540997
6209,今國光,20260507,20260508,72.2,20260511,68.0,1,Close Confirmed Stop,20260508,0,-0.05817174515235457,-0.06175145954962469,-0.06362890699115334,2.531556962245227,0.058651026392961825,1.0284900284900285,Breakout,0.08489518839904807,0.0,0.08489518839904807,68.3,68.59,0.0,0.015235457063711877,-0.0872576177285318,-0.08587257617728539,,,,0.025000000000000133
6213,聯茂,20221111,20221114,71.3,20221122,72.4,6,Trailing Stop,20221121,0,0.015427769985974837,0.011582882702450219,0.009558707355282163,2.614911735691735,0.0262773722627736,1.0129682997118155,Breakout,0.07493455719691426,0.052437350722570206,0.12737190791948447,68.2,68.2,0.014224751066856278,0.09957924263674633,-0.016830294530154277,-0.016830294530154277,0.05329593267882182,0.030855539971949453,,0.07458563535911589
6213,聯茂,20240205,20240215,91.0,20240220,93.1,3,Trailing Stop,20240219,0,0.023076923076922995,0.019194684651597536,0.017155269886643502,7.734611676408635,0.03344867358708181,1.0158730158730158,Breakout,0.20378569078897732,-0.0005029882532123345,0.20328270253576497,87.8,87.8,0.015625,0.10989010989010994,-0.02857142857142847,0.0,0.01978021978021971,,,-0.009667024704618554
6213,聯茂,20241023,20241024,78.2,20241101,76.0,5,Day 5 Weakness,20241030,0,-0.02813299232736577,-0.031826343508240346,-0.03376367063626777,3.155825826209424,0.036793692509855536,1.0180645161290323,Breakout,0.1959931348811094,-0.0008969321780248926,0.1950962027030845,76.3,76.3,-0.008871989860583018,0.028132992327365658,-0.012787723785166238,0.0,0.005115089514066362,-0.007672634271099876,,0.050000000000000044
6213,聯茂,20241226,20241227,81.2,20250106,78.0,5,Close Confirmed Stop,20250103,0,-0.039408866995073955,-0.04302947809493305,-0.044944357967062594,4.530486529786913,0.03192848020434225,1.0062266500622665,Breakout,0.0435136556423838,0.0,0.0435136556423838,78.4,78.4,0.004950495049504955,0.0024630541871921707,-0.046798029556650245,-0.016009852216748777,-0.030788177339901468,-0.041871921182266125,,0.02051282051282044
6213,聯茂,20250508,20250509,71.3,20250520,78.3,8,Day 8 Time Stop,20250520,0,0.09817671809256656,0.0939982642365979,0.09180915558538105,2.5793502227012843,0.02298850574712663,0.99302649930265,Pre-breakout,0.18103032009240944,0.0,0.18103032009240944,69.5,69.5,0.001404494382022392,0.10518934081346432,0.0,0.01963534361851349,0.039270687237026536,0.06591865357643756,0.09817671809256656,0.18263090676883786
6213,聯茂,20250520,20250521,78.0,20250529,88.5,6,Trailing Stop,20250528,0,0.13461538461538458,0.1302896809504739,0.1280279437667969,2.8289300772881627,0.04959785522788218,1.0235294117647058,Breakout,0.09396439164604338,0.08576500492518153,0.17972939657122491,75.5,75.5,-0.003831417624520994,0.18717948717948718,-0.002564102564102555,0.026923076923076827,0.0410256410256411,0.1512820512820512,,0.013559322033898313
6213,聯茂,20250725,20250728,99.5,20250804,98.6,5,Day 5 Weakness,20250801,0,-0.009045226130653283,-0.012813110158036194,-0.014788484964689793,3.5156988600217014,0.06586169045005486,1.0253431890179514,Breakout,0.04442540003860501,0.024267547908120062,0.06869294794672508,91.5,94.52499999999999,0.02471678681771383,0.07537688442211055,-0.02613065326633157,0.045226130653266416,0.0201005025125629,-0.0060301507537687815,,0.03955375253549698
6213,聯茂,20260105,20260106,122.0,20260108,113.5,2,Close Confirmed Stop,20260107,0,-0.069672131147541,-0.07318908434218446,-0.07504362404111452,2.9108956277745865,0.02145922746781115,1.0042194092827004,Breakout,0.029119885714008132,0.0,0.029119885714008132,112.5,115.89999999999999,0.025210084033613356,0.0,-0.07377049180327866,-0.032786885245901676,,,,0.048458149779735615
6213,聯茂,20260122,20260123,125.0,20260127,118.5,2,Close Confirmed Stop,20260126,0,-0.052000000000000046,-0.05557776889244302,-0.05748249106900352,3.7560545325831995,0.0608695652173914,1.0,Breakout,0.142520525644994,0.0,0.142520525644994,116.5,118.75,0.024590163934426146,0.0040000000000000036,-0.07199999999999995,-0.04400000000000004,,,,0.03375527426160341
6214,精誠,20260817,20260818,175.0,20260827,182.5,8,Day 8 Time Stop,20260827,0,0.04285714285714293,0.03889835320840432,0.036819510176636545,10.193145254985993,0.02034883720930236,1.0203488372093024,Breakout,0.03433021218045072,-8.539368794246798e-05,0.03424481849250825,173.0,173.0,-0.002849002849002802,0.05142857142857138,-0.008571428571428563,0.005714285714285783,0.02857142857142847,0.0257142857142858,0.04285714285714293,0.00273972602739736
6215,和椿,20240515,20240516,51.3,20240527,54.6,8,Day 8 Time Stop,20240527,0,0.06432748538011701,0.06026452060644901,0.05814290002500983,3.511882663234452,0.05870020964360578,0.9980237154150198,Pre-breakout,0.03434771627403623,0.0,0.03434771627403623,47.95,48.73499999999999,0.015841584158415856,0.06432748538011701,-0.07309941520467833,-0.04873294346978563,-0.0019493177387913674,0.013645224171540127,0.06432748538011701,0.15384615384615374
6215,和椿,20240705,20240708,67.7,20240709,64.9,1,Close Confirmed Stop,20240708,0,-0.041358936484490405,-0.04497535254690353,-0.04689451140714183,2.8931912975957896,0.024767801857585203,1.0122324159021405,Breakout,0.04359996473214779,0.0,0.04359996473214779,64.7,64.7,0.0226586102719033,0.033973412112259904,-0.05465288035450522,-0.04579025110782875,,,,0.009244992295839749
6215,和椿,20241224,20241225,92.7,20241230,87.4,3,Close Confirmed Stop,20241227,0,-0.057173678532901784,-0.06075629045773371,-0.0626357278227006,3.60218982621127,0.06627218934911228,1.0180790960451978,Breakout,0.053262324054660616,0.0,0.053262324054660616,85.0,88.065,0.028856825749167703,0.03775620280474645,-0.07011866235167208,0.014023732470334282,-0.06472491909385114,,,0.2871853546910754
6215,和椿,20250207,20250210,135.0,20250217,133.0,5,Day 5 Weakness,20250214,0,-0.014814814814814836,-0.018577813354679475,-0.020508350501483218,2.145247510783418,0.03041825095057038,1.0265151515151516,Breakout,0.029095490204212423,0.0,0.029095490204212423,123.0,128.25,-0.0036900369003689537,0.07407407407407418,-0.05555555555555558,0.025925925925925908,-0.03703703703703709,-0.03703703703703709,,0.03759398496240607
6215,和椿,20260512,20260513,123.5,20260515,119.0,2,Close Confirmed Stop,20260514,0,-0.036437246963562764,-0.040068229706679157,-0.04198903220156492,3.162333273015699,0.05439330543933063,1.0327868852459017,Extended Breakout,0.05910329797165992,0.0,0.05910329797165992,120.5,120.5,-0.019841269841269882,0.00809716599190291,-0.06882591093117407,-0.02429149797570851,,,,0.15546218487394947
6215,和椿,20260522,20260525,136.0,20260529,126.5,4,Close Confirmed Stop,20260528,0,-0.06985294117647056,-0.07336629693973006,-0.07522047986243872,2.3551231372275545,0.06746031746031744,1.018939393939394,Breakout,0.08577794957275138,0.0,0.08577794957275138,125.5,129.2,0.011152416356877248,0.014705882352941124,-0.09558823529411764,-0.007352941176470562,-0.0404411764705882,,,0.05138339920948609
6217,中探針,20220112,20220113,60.6,20220114,57.2,1,Close Confirmed Stop,20220113,0,-0.05610561056105612,-0.059682095371388584,-0.06157090157944844,14.0167788022261,0.055755395683453335,1.0208695652173914,Breakout,-0.004325805508089718,0.032666759032620576,0.02834095352453086,57.0,57.57,0.03236797274275971,0.014851485148514865,-0.05775577557755773,-0.05775577557755773,,,,-0.03846153846153855
6217,中探針,20220325,20220328,57.8,20220408,58.4,7,Trailing Stop,20220407,0,0.01038062283737018,0.006544441556537493,0.004522942445146966,3.6269615901957852,0.033333333333333215,1.0102915951972555,Breakout,0.11469798918750729,0.0021391622262844695,0.11683715141379176,56.2,56.2,-0.018675721561969505,0.08131487889273359,-0.027681660899653848,0.006920415224913601,0.01211072664359869,0.07093425605536341,,0.11130136986301387
6217,中探針,20220607,20220608,69.8,20220615,64.9,5,Close Confirmed Stop,20220614,0,-0.07020057306590244,-0.0737443333934209,-0.07556444352722042,8.311227331514505,0.06821705426356606,1.0487062404870624,Extended Breakout,0.04169651549383736,0.013078378428022997,0.054774893921860364,66.2,66.30999999999999,0.013062409288824295,0.005730659025787954,-0.1017191977077363,-0.015759312320916874,-0.04727793696275073,-0.0644699140401146,,0.04314329738058542
6217,中探針,20240704,20240705,52.2,20240709,52.1,2,Trailing Stop,20240708,0,-0.0019157088122605526,-0.005718136568050544,-0.007707716322956522,2.4043864067888556,0.020325203252032464,0.9940594059405942,Pre-breakout,0.12418747861785837,0.0,0.12418747861785837,49.2,49.59,0.03984063745019917,0.10727969348658983,-0.00766283524904221,0.05747126436781613,,,,-0.017274472168905874
6220,岳豐,20220818,20220819,31.1,20220823,28.55,2,Close Confirmed Stop,20220822,0,-0.08199356913183287,-0.0854949920646564,-0.08729522814509748,2.243129608189629,0.061433447098976135,0.9967948717948719,Pre-breakout,0.11886913686014136,0.0,0.11886913686014136,29.05,29.545,0.0,0.03536977491961424,-0.0836012861736335,-0.03858520900321549,,,,0.0735551663747811
6223,旺矽,20221121,20221122,107.5,20221201,126.5,8,Day 8 Time Stop,20221201,0,0.17674418604651154,0.17227415887616856,0.16994578620528014,3.892949460736251,0.043689320388349495,1.0046728971962617,Breakout,0.013558490010308772,0.05232929164007658,0.06588778165038535,103.5,103.5,0.0,0.20465116279069773,-0.009302325581395321,0.009302325581395321,0.013953488372093092,0.032558139534883734,0.17674418604651154,0.05138339920948609
6223,旺矽,20230208,20230209,125.5,20230210,125.0,1,Close Confirmed Stop,20230209,0,-0.003984063745019917,-0.007781647309749554,-0.009749599719085353,2.8581031653453013,0.024390243902439046,0.984375,Pre-breakout,0.06389483338428616,-0.029043106083766434,0.03485172730051972,125.0,125.0,-0.003968253968253954,0.015936254980079667,-0.01195219123505975,-0.007968127490039834,,,,-0.01200000000000001
6223,旺矽,20230519,20230522,152.0,20230531,163.0,8,Day 8 Time Stop,20230531,0,0.07236842105263164,0.06830017358792896,0.06616249933635585,3.5106150937908973,0.035211267605633756,1.0068493150684932,Breakout,0.1292649255420269,0.022586339564567962,0.15185126510659486,142.5,144.4,0.03401360544217691,0.11184210526315796,-0.03947368421052633,-0.03289473684210531,0.023026315789473673,0.07236842105263164,0.07236842105263164,0.0950920245398772
6223,旺矽,20230714,20230717,187.5,20230724,190.0,5,Day 5 Weakness,20230721,0,0.01333333333333342,0.009496201519392244,0.007452105956216695,2.613615154908548,0.047752808988763995,0.9893899204244032,Pre-breakout,0.16458986808748335,-0.011214712327589912,0.15337515575989344,177.0,178.125,0.00536193029490617,0.029333333333333433,-0.040000000000000036,-0.02400000000000002,-0.002666666666666706,0.0,,0.17368421052631589
6223,旺矽,20231113,20231114,228.0,20231121,225.0,5,Day 5 Weakness,20231120,0,-0.013157894736842146,-0.016900937081659972,-0.018868120715210015,2.529706123191702,0.03899082568807333,1.0295454545454545,Breakout,0.3025252002464572,0.001725200246457178,0.30425040049291435,220.5,220.5,0.0066225165562914245,0.02412280701754388,-0.037280701754385914,-0.021929824561403466,-0.00877192982456143,-0.021929824561403466,,0.028888888888888964
6223,旺矽,20240410,20240411,336.0,20240417,380.0,4,Trailing Stop,20240416,0,0.13095238095238093,0.1266880599010563,0.12443357862898398,2.452319533133167,0.03846153846153855,0.9811046511627907,Pre-breakout,0.02332266034193102,0.03893665381954738,0.06225931416147841,329.5,329.5,-0.004444444444444473,0.2455357142857142,-0.02083333333333337,0.10416666666666674,0.16220238095238093,,,0.09342105263157885
6227,茂綸,20250513,20250514,117.0,20250519,101.0,3,Close Confirmed Stop,20250516,0,-0.1367521367521367,-0.14003470831664663,-0.14172217118971175,2.819345133837499,0.040000000000000036,1.04,Extended Breakout,0.08706708612743881,0.0,0.08706708612743881,109.5,111.14999999999999,0.0,0.0,-0.12393162393162394,-0.021367521367521403,-0.11965811965811968,,,0.034653465346534684
6231,系微,20230307,20230308,117.0,20230313,117.5,3,Trailing Stop,20230310,0,0.004273504273504258,0.0004672273394740355,-0.0015347093974144937,3.5549639178869192,0.04424778761061954,1.0442477876106195,Extended Breakout,0.03345824411134904,0.0,0.03345824411134904,111.5,111.5,-0.008474576271186418,0.14529914529914523,-0.004273504273504258,0.05128205128205132,0.042735042735042805,,,0.1957446808510639
6231,系微,20231201,20231204,185.5,20231211,186.0,5,Day 5 Weakness,20231208,0,0.0026954177897573484,-0.0011212450840933812,-0.003120017374984092,2.10703017555214,0.039548022598870025,1.0082191780821919,Breakout,0.035208197078700675,0.0,0.035208197078700675,174.0,176.225,0.008152173913043459,0.07008086253369261,-0.013477088948787075,0.016172506738544534,0.029649595687331498,0.0,,0.22043010752688175
6235,華孚,20220531,20220601,45.95,20220607,42.0,3,Close Confirmed Stop,20220606,0,-0.08596300326441786,-0.08943192510193056,-0.09125397831139621,4.754856855653939,0.027995520716685318,1.0279955207166853,Breakout,0.045723744697574786,0.0,0.045723744697574786,44.15,44.15,0.0010893246187364536,0.018498367791077053,-0.09357997823721442,-0.016322089227421066,-0.08596300326441786,,,0.06190476190476191
6235,華孚,20221202,20221205,41.0,20221207,38.85,2,Close Confirmed Stop,20221206,0,-0.05243902439024384,-0.056020078044224986,-0.05791387141235123,2.568557712584537,0.036708860759493644,1.0173913043478262,Breakout,0.03680568332300148,0.005480314611270653,0.04228599793427213,39.5,39.5,0.0012210012210012167,0.019512195121951237,-0.060975609756097615,-0.019512195121951126,,,,-0.0038610038610038533
6235,華孚,20240305,20240306,111.0,20240315,111.0,8,Day 8 Time Stop,20240315,0,0.0,-0.0038022813688212928,-0.005795687520679206,2.2718920733941346,0.062200956937799035,0.9910714285714286,Pre-breakout,0.046159425380544884,-0.0035125759713221906,0.0426468494092227,104.5,105.44999999999999,0.0,0.04504504504504503,-0.027027027027026973,0.013513513513513598,-0.009009009009009028,0.013513513513513598,0.0,0.08108108108108114
6235,華孚,20251007,20251008,73.4,20251015,71.0,4,Close Confirmed Stop,20251014,0,-0.032697547683923744,-0.036389489706000186,-0.03831770181180744,3.9424038459753046,0.035211267605633756,1.0222531293463142,Breakout,0.05157096151789936,0.0,0.05157096151789936,71.5,71.5,-0.0013605442176869431,0.06948228882833773,-0.04904632152588562,0.04359673024523136,0.005449591280653809,,,0.05352112676056331
6237,驊訊,20260522,20260525,54.8,20260528,51.1,3,Close Confirmed Stop,20260527,0,-0.06751824817518237,-0.07105937120676539,-0.07292466577334307,2.8284310129832027,0.02621722846441954,1.0262172284644195,Breakout,0.04501369237790963,0.0,0.04501369237790963,53.5,53.5,0.0,0.0675182481751826,-0.07299270072992703,-0.0036496350364962904,-0.06751824817518237,,,0.09784735812133083
6239,力成,20231201,20231204,116.5,20231213,135.0,8,Day 8 Time Stop,20231213,0,0.15879828326180268,0.15439445789166178,0.15208450092646741,1.839719636337826,0.02678571428571419,1.013215859030837,Breakout,0.2774565619144616,0.03760737914701063,0.31506394106147223,110.5,110.675,0.01304347826086949,0.15879828326180268,-0.02145922746781115,-0.008583690987124415,0.008583690987124415,0.0429184549356223,0.15879828326180268,0.14074074074074083
6239,力成,20231213,20231214,139.5,20231225,143.5,8,Day 8 Time Stop,20231225,0,0.028673835125448077,0.024762952223833092,0.0227275912679685,3.4961377760519334,0.03053435114503822,1.0227272727272727,Breakout,-0.04237405891783215,0.29420819317742286,0.25183413425959067,129.5,132.525,0.03333333333333344,0.10394265232974909,-0.014336917562724039,0.06451612903225801,0.06451612903225801,0.03942652329749108,0.028673835125448077,0.03135888501742157
6239,力成,20240125,20240126,144.0,20240215,151.0,8,Day 8 Time Stop,20240215,0,0.04861111111111116,0.04462021091977039,0.04252990736265776,2.25171583532472,0.03191489361702127,0.9831081081081081,Pre-breakout,0.027573990617911166,0.03637414672702777,0.06394813734493894,142.0,142.0,-0.010309278350515427,0.05555555555555558,-0.02430555555555558,0.00694444444444442,0.03125,0.01041666666666674,0.04861111111111116,0.0066225165562914245
6239,力成,20250606,20250609,125.0,20250618,133.0,8,Day 8 Time Stop,20250618,0,0.06400000000000006,0.059942689590830336,0.057838193327344516,1.903393226442998,0.04166666666666674,1.0330578512396693,Extended Breakout,0.061219610418698306,0.017696437591795525,0.07891604801049383,120.0,120.0,0.0,0.07600000000000007,-0.02400000000000002,0.008000000000000007,0.040000000000000036,0.03600000000000003,0.06400000000000006,0.011278195488721776
6239,力成,20250918,20250919,152.0,20250926,149.5,5,Day 5 Weakness,20250925,0,-0.016447368421052655,-0.020179596741888104,-0.0221402234326855,2.945444508300703,0.03103448275862064,0.980327868852459,Pre-breakout,-0.021923406155554815,0.123261856749128,0.10133845059357319,147.0,147.0,0.01672240802675584,0.009868421052631637,-0.02631578947368418,-0.009868421052631526,-0.009868421052631526,-0.009868421052631526,,0.07023411371237454
6239,力成,20260102,20260105,192.0,20260114,251.5,8,Day 8 Time Stop,20260114,0,0.30989583333333326,0.30489921238819917,0.3022880746091748,1.8316652088028056,0.06069364161849711,1.0194444444444444,Breakout,0.06110346634779549,0.05476134606961833,0.11586481241741382,173.5,182.39999999999998,0.04632152588555849,0.3203125,-0.03385416666666663,0.04947916666666674,0.0703125,0.04166666666666674,0.30989583333333326,0.07952286282306154
6239,力成,20260114,20260115,250.0,20260121,251.0,4,Trailing Stop,20260120,0,0.0040000000000000036,0.00019992003198720512,-0.0018333599066854128,2.4679855210670723,0.03925619834710736,1.0392561983471074,Extended Breakout,0.05200358111838973,0.03384029122089294,0.08584387233928267,241.0,241.0,-0.005964214711729587,0.08600000000000008,-0.010000000000000009,0.030000000000000027,0.050000000000000044,,,0.11553784860557759
6239,力成,20260506,20260507,236.0,20260508,227.5,1,Close Confirmed Stop,20260507,0,-0.03601694915254239,-0.0397045090715048,-0.041588151631137805,2.8389807427891762,0.03076923076923066,0.9873684210526316,Pre-breakout,0.04221561400044112,-0.0125135155220235,0.02970209847841762,233.5,233.5,0.006396588486140775,0.0,-0.0423728813559322,-0.02330508474576276,,,,0.10549450549450556
6243,迅杰,20231120,20231121,70.1,20231122,68.8,1,Close Confirmed Stop,20231121,0,-0.01854493580599137,-0.02227773195256585,-0.024234168514098126,3.5399438038750084,0.0370919881305638,1.0370919881305638,Extended Breakout,0.03211894252838759,0.0,0.03211894252838759,68.1,68.1,0.0028612303290413976,0.005706134094151327,-0.0399429386590584,-0.03708987161198285,,,,0.14389534883720945
6244,茂迪,20260525,20260526,30.7,20260602,30.7,5,Day 5 Weakness,20260601,0,0.0,-0.003799252813613323,-0.005796549041932779,1.8473681200312662,0.04251700680272119,0.9808,Pre-breakout,0.20500935350756533,0.0,0.20500935350756533,29.25,29.25,0.0016313213703100793,0.04234527687296419,-0.05863192182410426,-0.032573289902280145,-0.019543973941367976,-0.0032573289902279035,,0.06351791530944628
6245,立端,20220801,20220802,70.3,20220809,69.7,5,Day 5 Weakness,20220808,0,-0.008534850640113723,-0.012303152891541283,-0.0142795465589074,2.4742426179215133,0.030746705710102518,1.024745269286754,Breakout,0.15068575553416746,0.03260346487006737,0.18328922040423484,68.1,68.1,-0.0014204545454546968,0.051209103840683,-0.03982930298719767,0.024182076813655806,0.0014224751066858055,-0.002844950213371278,,0.05882352941176472
6245,立端,20221121,20221122,87.6,20221201,96.6,8,Day 8 Time Stop,20221201,0,0.10273972602739723,0.0985612855007474,0.09636306319790484,3.7323731750594047,0.061594202898550776,1.0476758045292014,Extended Breakout,0.12375828648572407,-0.001450764673880191,0.12230752181184389,81.5,83.21999999999998,-0.0034129692832766123,0.1347031963470322,-0.025114155251141468,-0.0011415525114154557,-0.003424657534246589,0.004566210045662267,0.10273972602739723,0.1594202898550725
6245,立端,20230209,20230210,105.5,20230217,105.0,5,Day 5 Weakness,20230216,0,-0.004739336492891044,-0.008507373056649096,-0.01049134777600369,2.0498489082771,0.03960396039603964,1.0096153846153846,Breakout,0.06489484396200815,-0.007259158751696065,0.05763568521031208,99.7,100.225,0.004761904761904745,0.033175355450236976,-0.04739336492891,-0.028436018957345932,-0.023696682464455,0.0,,0.17142857142857149
6245,立端,20230303,20230306,125.0,20230313,111.0,5,Close Confirmed Stop,20230310,0,-0.11199999999999999,-0.11538717846194856,-0.1171714625942716,1.855150299692942,0.05579399141630903,1.0,Breakout,0.09331773651118584,-0.02010527854949554,0.0732124579616903,115.5,118.75,0.016260162601626105,0.0040000000000000036,-0.09599999999999997,-0.04400000000000004,-0.04800000000000004,-0.08399999999999996,,0.03603603603603611
6245,立端,20250207,20250210,113.0,20250217,112.0,5,Close Confirmed Stop,20250214,0,-0.008849557522123908,-0.012618085923156525,-0.014593850757387804,2.497629362437945,0.03619909502262453,1.0,Breakout,0.04507577491873083,0.0011446362346046427,0.04622041115333547,111.0,111.0,-0.013100436681222738,0.03539823008849563,-0.03982300884955747,0.004424778761061843,-0.004424778761061954,-0.02212389380530977,,0.1026785714285714
6257,矽格,20220608,20220609,62.7,20220616,62.2,5,Day 5 Weakness,20220615,0,-0.00797448165869219,-0.011740142616050641,-0.01372554045663824,6.542957150387246,0.024671052631578982,1.0113636363636362,Breakout,0.2750544396106301,0.005683125946595665,0.2807375655572258,61.2,61.2,0.006420545746388617,0.0015948963317382603,-0.036682615629984094,-0.006379585326953818,-0.01594896331738438,-0.014354066985646008,,-0.032154340836012874
6257,矽格,20231130,20231201,64.4,20231212,65.8,8,Day 8 Time Stop,20231212,0,0.021739130434782483,0.01785833500233648,0.015821590448375562,6.1058283014236885,0.029032258064516148,1.0208,Breakout,0.17123682508541754,0.04881964517351513,0.22005647025893268,62.3,62.3,0.009404388714733702,0.03416149068322971,-0.007763975155279601,0.021739130434782483,0.017080745341614856,0.0031055900621115295,0.021739130434782483,0.09270516717325239
6257,矽格,20240222,20240223,72.5,20240304,67.4,5,Close Confirmed Stop,20240301,0,-0.07034482758620686,-0.07388873124238426,-0.07570855119283937,2.196072632170012,0.029069767441860517,1.0014144271570014,Breakout,0.1905795292396928,-0.0018448559588385416,0.18873467328085425,69.1,69.1,0.024011299435028333,0.034482758620689724,-0.07448275862068976,0.0,-0.03448275862068961,-0.07310344827586202,,0.07270029673590495
6257,矽格,20240320,20240321,78.0,20240322,76.0,1,Close Confirmed Stop,20240321,0,-0.02564102564102566,-0.02936857562408223,-0.03127750554511773,3.008147206825437,0.02857142857142847,1.008,Breakout,0.2989796758186266,0.10579231986155678,0.40477199568018335,75.4,75.4,0.031746031746031855,0.0012820512820512775,-0.0461538461538461,-0.04230769230769227,,,,-0.0052631578947369695
6257,矽格,20240516,20240517,80.8,20240524,78.0,5,Day 5 Weakness,20240523,0,-0.03465346534653457,-0.03834098063276954,-0.04024183930627582,3.9289704972753237,0.050387596899224674,1.0226415094339623,Breakout,0.32727043323996124,-0.028920449910903485,0.29834998332905777,77.9,77.9,-0.006150061500615034,0.007425742574257432,-0.03465346534653457,-0.03465346534653457,-0.022277227722772297,-0.03465346534653457,,0.05641025641025643
6257,矽格,20250211,20250212,75.5,20250219,75.9,5,Day 5 Weakness,20250218,0,0.005298013245033095,0.0014940554601391642,-0.0005195208079866291,5.612991756463168,0.03708791208791218,1.008010680907877,Breakout,-0.047377138575587154,0.07919365536352309,0.031816516787935935,73.4,73.4,0.0,0.014569536423840956,-0.02119205298013238,-0.01059602649006619,-0.005298013245033206,0.0,,0.07246376811594213
6257,矽格,20250219,20250220,80.0,20250227,77.7,5,Day 5 Weakness,20250226,0,-0.028749999999999942,-0.03243702518992403,-0.03438297011673454,3.5092767893066035,0.041059602649006655,1.0261096605744124,Breakout,0.1699139573345988,0.09417069498594144,0.26408465232054024,75.3,76.0,0.01781170483460559,0.01750000000000007,-0.040000000000000036,-0.025000000000000022,-0.018750000000000044,-0.03375000000000006,,0.06048906048906044
6257,矽格,20251029,20251030,99.5,20251105,100.0,4,Trailing Stop,20251104,0,0.005025125628140614,0.001218230061912788,-0.0007852071304522095,2.0203540190606946,0.03537981269510926,1.0132382892057026,Breakout,0.03659778889769324,0.04221782283819183,0.07881561173588507,97.5,97.5,0.0,0.16080402010050254,-0.028140703517587906,-0.02010050251256279,0.1507537688442211,,,0.010000000000000009
6257,矽格,20260113,20260114,127.5,20260123,133.5,8,Day 8 Time Stop,20260123,0,0.04705882352941182,0.043069942784700325,0.04098273715118213,2.2485269412891227,0.06694560669456062,1.028225806451613,Breakout,0.08955947915448287,-0.0007978971782547632,0.0887615819762281,120.0,121.125,0.0,0.10588235294117654,-0.02352941176470591,0.015686274509803866,0.07843137254901955,0.08235294117647052,0.04705882352941182,0.04494382022471921
6266,泰詠,20230411,20230412,43.3,20230424,45.4,8,Trailing Stop,20230421,0,0.04849884526558901,0.04450953442132938,0.04241945317101147,6.219975666963513,0.042424242424242475,1.0424242424242425,Extended Breakout,0.04408359220559164,0.0,0.04408359220559164,41.5,41.5,0.006976744186046435,0.1293302540415704,-0.02771362586605075,0.07159353348729791,0.07505773672055427,0.09122401847575068,0.03926096997690531,0.0319383259911894
6269,台郡,20240507,20240508,100.0,20240515,100.0,5,Day 5 Weakness,20240514,0,0.0,-0.0037984806077568972,-0.00580457485997868,3.027992100347296,0.023735810113518996,1.0030333670374114,Breakout,-0.017280767231945774,0.11077647925970706,0.09349571202776129,97.4,97.4,0.008064516129032251,0.014999999999999902,-0.020000000000000018,-0.010999999999999899,0.004999999999999893,-0.0030000000000000027,,0.004999999999999893
6269,台郡,20250710,20250711,65.2,20250715,61.3,2,Close Confirmed Stop,20250714,0,-0.0598159509202455,-0.06339154779362752,-0.06524012558317956,2.8017315603091326,0.040322580645161255,1.0205696202531644,Breakout,0.02481545442992804,0.002607369050705867,0.027422823480633907,61.3,61.94,0.010852713178294726,0.004601226993864893,-0.0690184049079755,-0.02914110429447858,,,,0.0880913539967374
6269,台郡,20250827,20250828,69.8,20250903,64.2,4,Close Confirmed Stop,20250902,0,-0.08022922636103147,-0.08373558729077768,-0.08556905425673209,2.029308296576126,0.036418816388467334,1.0118518518518518,Breakout,0.2686576803504008,0.04277787283971742,0.3114355531901182,66.2,66.30999999999999,0.02196193265007329,0.0014326647564470996,-0.08022922636103147,-0.025787965616045794,-0.04871060171919761,,,0.034267912772585785
6271,同欣電,20231130,20231201,168.0,20231204,165.5,1,Close Confirmed Stop,20231201,0,-0.014880952380952328,-0.018618799304719883,-0.020582547783496455,3.82812186657236,0.02127659574468077,1.0120481927710843,Breakout,0.0550517366556851,0.03104638260383518,0.08609811925952028,165.0,165.0,0.0,0.0,-0.0267857142857143,-0.02083333333333337,,,,-0.024169184290030232
6271,同欣電,20250918,20250919,122.0,20250926,119.5,5,Day 5 Weakness,20250925,0,-0.020491803278688492,-0.024229148551936325,-0.026181691166177478,2.0649836543565043,0.042735042735042805,1.0082644628099173,Breakout,0.03414042810839157,0.002242488955741893,0.036382917064133456,117.5,117.5,0.0,0.040983606557376984,-0.02868852459016391,0.012295081967213184,-0.012295081967213073,-0.020491803278688492,,-0.008368200836820106
6271,同欣電,20251031,20251103,127.0,20251110,122.0,5,Close Confirmed Stop,20251107,0,-0.03937007874015752,-0.04298959445037353,-0.04491993049115731,3.2536570420249746,0.054621848739495826,1.0080321285140563,Breakout,0.21812278197409485,0.0023014535980925553,0.2204242355721874,121.5,121.5,0.01195219123505975,0.03543307086614167,-0.055118110236220486,0.023622047244094446,0.0,-0.047244094488189003,,0.06557377049180335
6271,同欣電,20260409,20260410,175.5,20260421,187.5,8,Day 8 Time Stop,20260421,0,0.06837606837606836,0.06429456896840553,0.062164884600393745,2.56827161256672,0.026706231454005858,1.0236686390532543,Breakout,0.16224496431728352,-1.2795439163557627e-05,0.16223216887811998,166.0,166.725,0.014450867052023142,0.09686609686609682,-0.031339031339031376,-0.022792022792022748,0.002849002849002913,0.054131054131054235,0.06837606837606836,0.03200000000000003
6274,台燿,20230524,20230525,77.4,20230601,75.0,5,Day 5 Weakness,20230531,0,-0.03100775193798455,-0.034699557495545014,-0.03663114477223118,3.3429005240730763,0.03137789904502042,1.0134048257372654,Breakout,0.0036666666666666666,0.040462962962962964,0.04412962962962963,71.8,73.53,0.023809523809523947,0.010335917312661369,-0.04909560723514228,-0.01808785529715773,-0.02842377260981921,-0.03100775193798455,,0.1186666666666667
6274,台燿,20230714,20230717,97.8,20230719,110.5,2,Trailing Stop,20230718,0,0.12985685071574649,0.1255962162812137,0.12334391863454144,2.075201615479979,0.06747787610619471,1.0115303983228512,Breakout,0.005266617097800526,0.03385668833863605,0.03912330543643657,91.9,92.91,0.013471502590673534,0.18609406952965246,-0.005112474437627856,0.08384458077709622,,,,0.2760180995475112
6274,台燿,20240202,20240205,148.5,20240220,155.5,4,Trailing Stop,20240219,0,0.047138047138047146,0.04315372055050152,0.04108001617980481,2.1980144512719924,0.05395683453237421,1.0316901408450705,Extended Breakout,0.004551262309032703,0.038618956923450985,0.04317021923248369,140.5,141.075,0.013651877133105783,0.13131313131313127,-0.013468013468013518,-0.0033670033670033517,0.05387205387205385,,,0.09967845659163976
6274,台燿,20240223,20240226,167.5,20240229,156.0,2,Close Confirmed Stop,20240227,0,-0.06865671641791049,-0.07219656937105136,-0.07403947808900577,2.0715009499683346,0.057507987220447365,0.9851190476190477,Pre-breakout,0.010529193864229765,0.021050913838120106,0.03158010770234987,156.5,159.125,0.012084592145015005,0.017910447761193993,-0.09552238805970148,-0.02985074626865669,,,,0.14423076923076916
6274,台燿,20240830,20240902,178.0,20240905,174.0,3,Close Confirmed Stop,20240904,0,-0.022471910112359605,-0.026206712127289745,-0.028155302975658877,2.935032831208961,0.05089820359281427,1.0415430267062316,Extended Breakout,0.13523021902806298,0.003867214236824093,0.13909743326488708,169.5,169.5,0.014245014245014342,0.016853932584269593,-0.0702247191011236,-0.030898876404494402,-0.0589887640449438,,,0.04597701149425282
6274,台燿,20241211,20241212,188.0,20241219,178.0,5,Day 5 Weakness,20241218,0,-0.05319148936170215,-0.056781701444622794,-0.05866908319172126,4.656529253852094,0.04249291784702547,1.0337078651685394,Extended Breakout,0.12557875336049446,0.16324381253291206,0.2888225658934065,175.5,178.6,0.021739130434782705,0.02127659574468077,-0.06648936170212771,-0.034574468085106336,-0.03191489361702127,-0.0292553191489362,,0.014044943820224809
6274,台燿,20250508,20250509,154.0,20250520,157.0,8,Day 8 Time Stop,20250520,0,0.01948051948051943,0.015625,0.013592743014243305,2.311527144664827,0.06666666666666665,1.0410958904109588,Extended Breakout,0.09000573504110113,0.03980118524182757,0.1298069202829287,144.0,146.29999999999998,0.013157894736842035,0.08116883116883122,-0.012987012987012991,0.016233766233766156,0.04870129870129869,0.05519480519480524,0.01948051948051943,0.0732484076433122
6274,台燿,20250528,20250529,172.0,20250610,217.0,8,Day 8 Time Stop,20250610,0,0.2616279069767442,0.25684702738810955,0.2543320758061215,2.7374994329951465,0.05031446540880502,0.9910979228486647,Pre-breakout,0.06792138525920233,-0.016696558203091637,0.051224827056110686,161.5,163.4,0.029940119760478945,0.30813953488372103,-0.026162790697674465,-0.0029069767441860517,0.09011627906976738,0.09593023255813948,0.2616279069767442,0.07373271889400912
6274,台燿,20250610,20250611,217.0,20250618,215.5,5,Day 5 Weakness,20250617,0,-0.00691244239631339,-0.010681620935977035,-0.012661253958506997,4.1544609196397975,0.04578313253012056,1.0457831325301206,Extended Breakout,0.026093141092745235,0.035794399922587684,0.06188754101533292,205.0,206.14999999999998,0.0,0.07373271889400912,-0.04377880184331795,0.0023041474654377225,-0.025345622119815614,-0.00691244239631339,,0.0649651972157772
6274,台燿,20250710,20250711,256.0,20250718,257.0,5,Day 5 Weakness,20250717,0,0.00390625,0.00010012014417300761,-0.0019010832583847906,2.0879302462641762,0.02400000000000002,1.0219560878243512,Breakout,0.006811482176360225,0.0299437148217636,0.03675519699812383,249.5,249.5,0.0,0.056640625,-0.03515625,-0.01171875,0.03125,0.0,,0.04280155642023353
6274,台燿,20251030,20251031,376.0,20251110,381.0,6,Trailing Stop,20251107,0,0.013297872340425565,0.009456185220083457,0.00743626709927592,2.362904281281998,0.026647966339411022,1.0138504155124655,Breakout,0.04974792092267602,-6.434281853716601e-05,0.04968357810413885,356.0,357.2,0.02732240437158473,0.09308510638297873,-0.0013297872340425343,0.025265957446808596,0.05053191489361697,0.05718085106382986,,0.12335958005249337
6275,元山,20240527,20240528,67.8,20240604,66.6,5,Day 5 Weakness,20240603,0,-0.017699115044247815,-0.021427904308263003,-0.023386035059032126,3.382482797687476,0.04912836767036444,1.0045523520485584,Breakout,0.08982833464877664,0.0,0.08982833464877664,63.4,64.41,0.024169184290030232,0.05752212389380529,-0.04867256637168138,0.01179941002949847,-0.0471976401179941,-0.02212389380530977,,-0.028528528528528385
6278,台表科,20220105,20220106,129.0,20220117,141.0,8,Day 8 Time Stop,20220117,0,0.09302325581395343,0.08887775551102205,0.08669890698436128,3.4678244460886174,0.035573122529644285,1.0,Breakout,0.02529460357323396,0.028065136254797278,0.05335973982803124,125.5,125.5,-0.01526717557251911,0.09302325581395343,-0.015503875968992276,0.03100775193798455,0.058139534883721034,0.03875968992248069,0.09302325581395343,0.02127659574468077
6278,台表科,20220810,20220811,94.5,20220822,103.0,8,Day 8 Time Stop,20220822,0,0.08994708994709,0.08580676376862373,0.08363405297202547,3.1295027483285276,0.04120267260579058,1.0412026726057906,Extended Breakout,0.03936458728788559,0.025276831780907852,0.06464141906879343,89.5,89.77499999999999,0.010695187165775444,0.13756613756613767,-0.004232804232804255,0.05820105820105814,0.050793650793650835,0.07407407407407418,0.08994708994709,0.043689320388349495
6278,台表科,20230406,20230407,101.0,20230410,97.3,1,Close Confirmed Stop,20230407,0,-0.036633663366336666,-0.04031790462861146,-0.04218388626909515,1.9591844616039948,0.028806584362139898,1.0162601626016259,Breakout,0.40994475462137564,0.00010860536805924814,0.4100533599894349,97.4,97.4,0.010000000000000009,0.0,-0.03861386138613865,-0.036633663366336666,,,,0.07399794450154173
6278,台表科,20230411,20230412,102.5,20230419,102.0,5,Day 5 Weakness,20230418,0,-0.004878048780487809,-0.00865005677643444,-0.010633749645084461,1.8814966092213463,0.03571428571428581,1.004950495049505,Breakout,0.18147611561819946,0.005522310813866542,0.186998426432066,98.7,98.7,0.009852216748768461,0.024390243902439046,-0.019512195121951237,-0.014634146341463428,0.0,-0.009756097560975618,,-0.004901960784313708
6278,台表科,20240314,20240315,109.5,20240322,107.0,5,Day 5 Weakness,20240321,0,-0.022831050228310557,-0.026567019444583773,-0.028514891578091138,3.6779974475732553,0.023255813953488413,1.0091743119266054,Breakout,0.09854734049237468,0.04324968619954819,0.14179702669192287,105.5,105.5,-0.004545454545454519,0.0547945205479452,-0.0365296803652968,-0.013698630136986356,0.022831050228310446,-0.022831050228310557,,0.032710280373831724
6278,台表科,20240430,20240502,119.0,20240513,116.5,8,Day 8 Time Stop,20240513,0,-0.021008403361344574,-0.024733333333333333,-0.026699675626274694,4.3438449363443565,0.04824561403508776,1.0391304347826087,Extended Breakout,0.1912252936828789,0.022727094005741917,0.21395238768862085,115.5,115.5,-0.004184100418409997,0.04201680672268915,-0.025210084033613467,0.025210084033613356,-0.008403361344537785,0.01680672268907557,-0.021008403361344574,0.03862660944205998
6278,台表科,20240701,20240702,124.5,20240711,127.0,7,Trailing Stop,20240710,0,0.02008032128514059,0.016225076943663857,0.014191621649441917,2.198338150115361,0.029166666666666563,0.9801587301587301,Pre-breakout,-0.21654390172097765,0.40031999266221174,0.1837760909412341,120.0,120.0,0.00809716599190291,0.15662650602409633,-0.016064257028112428,0.08835341365461846,0.07228915662650603,0.10843373493975905,,0.09448818897637801
6278,台表科,20260814,20260817,172.5,20260826,199.5,8,Day 8 Time Stop,20260826,0,0.15652173913043477,0.15210437287511094,0.14983244152017064,2.238902895028051,0.029761904761904656,0.9829545454545454,Pre-breakout,0.05024827888613765,-0.013250510170123301,0.03699776871601435,172.0,172.0,-0.0028901734104046506,0.15652173913043477,-0.02608695652173909,0.01449275362318847,0.011594202898550732,0.08405797101449286,0.15652173913043477,0.05263157894736836
6279,胡連,20230613,20230614,175.0,20230621,169.5,5,Day 5 Weakness,20230620,0,-0.03142857142857147,-0.03512375989578114,-0.0370545025891043,4.966247125442002,0.041916167664670656,1.0057803468208093,Breakout,0.056417700772652776,0.0296183563568251,0.08603605712947787,166.5,166.5,0.005747126436781658,0.014285714285714235,-0.05428571428571427,-0.014285714285714235,-0.04571428571428571,-0.042857142857142816,,0.005899705014749346
6282,康舒,20230201,20230202,37.0,20230209,37.2,5,Day 5 Weakness,20230208,0,0.005405405405405572,0.001600960576345929,-0.0004032391075959131,6.8302419686049936,0.035511363636363535,1.0167364016736402,Breakout,0.1289432786598179,0.0027725893065608216,0.1317158679663787,35.1,35.15,0.015089163237311354,0.048648648648648596,-0.048648648648648596,0.027027027027026973,0.03648648648648645,-0.004054054054054013,,0.06048387096774199
6282,康舒,20230531,20230601,45.4,20230608,47.95,5,Trailing Stop,20230607,0,0.05616740088105732,0.05214171337069668,0.050036352773068934,1.9290847341386343,0.032110091743119185,0.9966777408637874,Pre-breakout,0.057270003266309724,0.0016663941048649402,0.05893639737117466,43.7,43.7,0.008888888888888946,0.15859030837004418,-0.0066079295154184425,-0.0011013215859030367,0.12775330396475781,0.05947136563876665,,0.021897810218977964
6282,康舒,20240216,20240219,43.55,20240222,41.65,3,Close Confirmed Stop,20240221,0,-0.04362801377726744,-0.04724698409309268,-0.049153439101241994,3.6889806595757073,0.03199052132701419,1.0127906976744185,Breakout,0.11138453513024367,1.0952713742474897e-05,0.11139548784398613,42.35,42.35,0.0,0.04707233065442029,-0.05051664753157281,0.006888633754305484,-0.04822043628013761,,,0.031212484993997647
6282,康舒,20240618,20240619,39.9,20240626,39.45,5,Day 5 Weakness,20240625,0,-0.011278195488721665,-0.015043249969142811,-0.017014168314531182,6.634232086933649,0.0474934036939314,1.0325097529258778,Extended Breakout,0.033301911661646845,-0.00018120530885649605,0.033120706352790345,37.6,37.904999999999994,0.005037783375314797,0.0012531328320803947,-0.048872180451127734,-0.020050125313283096,-0.02130325814536349,-0.01253132832080206,,0.026615969581748944
6282,康舒,20251027,20251028,44.1,20251031,46.8,3,Trailing Stop,20251030,0,0.06122448979591821,0.057199999999999876,0.05507861994839519,3.879129150699865,0.06666666666666665,1.0,Breakout,0.041946645168809804,-9.435796622369194e-08,0.04194655081084358,41.35,41.894999999999996,0.002272727272727204,0.14058956916099774,-0.00793650793650802,0.05782312925170063,0.049886621315192725,,,-0.06730769230769229
6282,康舒,20260113,20260114,53.5,20260119,56.6,3,Trailing Stop,20260116,0,0.05794392523364489,0.053916989189910586,0.051808081871984525,4.879878173318195,0.06666666666666665,1.0379241516966067,Extended Breakout,0.09423752912494683,0.0019956558150774754,0.09623318494002431,48.2,50.824999999999996,0.028846153846153744,0.1065420560747663,-0.02242990654205612,0.016822429906542036,0.02242990654205612,,,0.1643109540636043
6284,佳邦,20240703,20240704,98.5,20240715,100.5,7,Trailing Stop,20240712,0,0.020304568527918843,0.016424088663372947,0.014390208959237852,2.9257395234182417,0.06941431670281983,1.0010152284263958,Breakout,0.10421762214400764,0.0,0.10421762214400764,93.2,93.57499999999999,-0.001014198782961384,0.08629441624365475,-0.03350253807106596,-0.030456852791878153,-0.014213197969543234,0.008121827411167404,,0.04477611940298498
6284,佳邦,20240828,20240829,95.7,20240903,95.7,3,Close Confirmed Stop,20240902,0,0.0,-0.003804298857709211,-0.005797702571819085,2.5972131588038847,0.02421052631578946,1.0114345114345114,Breakout,0.025804591104734577,0.0,0.025804591104734577,95.3,95.3,-0.016443987667009163,0.03552769070010431,-0.013584117032392817,0.019853709508881767,-0.005224660397074143,,,-0.07836990595611282
6284,佳邦,20260521,20260522,96.1,20260528,122.0,4,Trailing Stop,20260527,0,0.2695109261186266,0.26470235237638035,0.26215624584234604,3.746011486917677,0.06136363636363651,1.0196506550218343,Breakout,0.24279243424863864,-0.0003475842891901286,0.2424448499594485,90.3,91.29499999999999,0.02890792291220534,0.27991675338189403,-0.006243496357960399,0.06659729448491158,0.222684703433923,,,0.07377049180327866
6285,啟碁,20220804,20220805,76.6,20220816,81.2,8,Day 8 Time Stop,20220816,0,0.060052219321149014,0.05602317555886346,0.05391005992001265,7.761210618832315,0.04526748971193406,1.0119521912350598,Breakout,0.4407999541491819,0.02875059485768962,0.4695505490068715,74.5,74.5,0.005249343832020914,0.10835509138381227,-0.011749347258485532,0.031331592689295196,0.05744125326370764,0.06396866840731086,0.060052219321149014,0.0431034482758621
6285,啟碁,20221201,20221202,92.0,20221209,88.6,5,Day 5 Weakness,20221208,0,-0.036956521739130443,-0.04064124783362223,-0.04250548562382468,2.7365350348049624,0.06720741599072988,0.9903225806451612,Pre-breakout,0.20072910729608778,-0.0011453499119214688,0.19958375738416634,86.8,87.39999999999999,-0.0010857763300758938,0.03804347826086962,-0.05760869565217386,0.0021739130434783593,-0.026086956521739202,-0.023913043478260954,,-0.010158013544018019
6285,啟碁,20230327,20230328,93.0,20230411,98.4,8,Day 8 Time Stop,20230411,0,0.058064516129032295,0.05403564990987392,0.051926504069335314,2.515232932482979,0.03571428571428581,1.020902090209021,Breakout,0.26018646153347874,-0.031829856572991026,0.2283566049604877,89.7,89.7,0.0021551724137931494,0.12365591397849451,-0.023655913978494647,-0.013978494623655857,0.11290322580645151,0.08602150537634401,0.058064516129032295,0.0315040650406504
6285,啟碁,20230705,20230706,106.0,20230717,118.0,8,Day 8 Time Stop,20230717,0,0.1132075471698113,0.10899700099966678,0.10676299627191821,3.4285745090180626,0.024154589371980784,1.0192307692307692,Breakout,0.0626470447896733,0.02608457069035532,0.08873161548002861,105.0,105.0,0.0,0.1603773584905661,-0.009433962264150941,0.014150943396226356,0.0660377358490567,0.09433962264150941,0.1132075471698113,0.05508474576271194
6285,啟碁,20231103,20231106,142.0,20231113,139.5,5,Day 5 Weakness,20231110,0,-0.017605633802816878,-0.021335157136184692,-0.023293473708572186,3.5737883525002707,0.02583025830258312,1.0072463768115942,Breakout,0.09116341312888701,0.0016960750553822255,0.09285948818426924,134.0,134.9,0.021582733812949728,0.014084507042253502,-0.04225352112676062,-0.02464788732394363,-0.021126760563380254,-0.035211267605633756,,0.0035842293906809264
6285,啟碁,20231121,20231122,142.0,20231124,138.5,2,Close Confirmed Stop,20231123,0,-0.02464788732394363,-0.028374591312470807,-0.03031884589108597,1.8836815084079748,0.03623188405797095,0.9930555555555556,Pre-breakout,0.03980894870400244,-0.003109788683832947,0.0366991600201695,138.5,138.5,-0.006993006993006978,0.01760563380281699,-0.028169014084507005,0.007042253521126751,,,,0.0
6285,啟碁,20231211,20231212,151.5,20231220,158.5,6,Trailing Stop,20231219,0,0.0462046204620461,0.042220667133193376,0.040148430043745575,4.172332135002692,0.06405693950177938,1.0274914089347078,Breakout,0.19266377070814233,0.05149186395070327,0.24415563465884563,140.5,143.92499999999998,0.013377926421404673,0.1452145214521452,-0.0033003300330033403,0.0264026402640265,0.10561056105610556,0.08250825082508251,,0.003154574132492094
6285,啟碁,20240516,20240517,154.5,20240528,158.0,8,Day 8 Time Stop,20240528,0,0.02265372168284796,0.018776054694013673,0.016750909739961538,2.645720700201491,0.054054054054053946,1.0032154340836013,Breakout,0.4329720449082876,0.01628607834674131,0.4492581232550289,150.0,150.0,-0.009615384615384581,0.04854368932038833,-0.003236245954692518,0.003236245954692629,0.016181229773462702,0.01941747572815533,0.02265372168284796,0.053797468354430444
6285,啟碁,20240529,20240530,163.5,20240603,158.0,2,Close Confirmed Stop,20240531,0,-0.033639143730886834,-0.03733400150338261,-0.03926032945168733,2.921015448346407,0.034810126582278444,1.0092592592592593,Breakout,0.328658787537321,-0.03893505783430881,0.28972372970301213,158.0,158.0,0.0,0.006116207951070374,-0.04892966360856266,-0.024464831804281384,,,,0.053797468354430444
6285,啟碁,20241219,20241220,130.0,20241231,135.5,7,Trailing Stop,20241230,0,0.04230769230769238,0.038379245787643755,0.03630147051456325,9.459156981064464,0.03673469387755102,1.0200803212851406,Breakout,0.18560713605401402,0.10630324845009285,0.29191038450410683,120.5,123.5,0.023622047244094446,0.12307692307692308,-0.011538461538461497,0.05769230769230771,0.034615384615384714,0.08461538461538454,,0.029520295202952074
6285,啟碁,20250826,20250827,133.5,20250902,123.0,4,Close Confirmed Stop,20250901,0,-0.0786516853932584,-0.08216339082765076,-0.08400000213718706,2.782979902238288,0.05691056910569103,1.0196078431372548,Breakout,0.1281133449985955,0.04580139864076062,0.17391474363935613,122.5,126.82499999999999,0.026923076923076827,0.0037453183520599342,-0.0898876404494382,-0.0337078651685393,-0.048689138576779034,,,0.016260162601626105
6285,啟碁,20251021,20251022,123.0,20251103,128.0,8,Day 8 Time Stop,20251103,0,0.04065040650406515,0.03672117989364904,0.03464671563881719,2.672603660576167,0.05150214592274671,0.9959349593495935,Pre-breakout,0.12587177386065898,-0.009709890985372218,0.11616188287528677,117.5,117.5,0.004081632653061273,0.07317073170731714,-0.016260162601625994,-0.004065040650406471,-0.008130081300813052,0.012195121951219523,0.04065040650406515,0.0078125
6285,啟碁,20260129,20260130,176.5,20260203,190.5,2,Trailing Stop,20260202,0,0.07932011331444766,0.07519981233558419,0.07308178750026144,2.562747321146113,0.05688622754491024,1.0172910662824208,Breakout,0.03827862430379775,0.01433109975979332,0.052609724063591067,171.0,171.0,0.0,0.11898016997167149,-0.008498583569405138,0.04815864022662897,,,,0.08923884514435687
6285,啟碁,20260409,20260410,229.5,20260415,231.0,3,Trailing Stop,20260414,0,0.006535947712418277,0.0027138405869936676,0.0007074042481409319,2.3454776336875174,0.04387990762124705,1.043879907621247,Extended Breakout,0.03890969120674289,0.04601734798665431,0.0849270391933972,213.5,218.02499999999998,0.015486725663716783,0.09368191721132901,-0.039215686274509776,-0.017429193899782147,-0.023965141612200425,,,0.1883116883116882
6288,聯嘉,20240223,20240226,35.75,20240308,34.35,8,Close Confirmed Stop,20240307,0,-0.03916083916083912,-0.04277775463445111,-0.04469744354073769,7.005612614228357,0.05357142857142838,1.0350877192982455,Extended Breakout,0.11286449946395109,0.0,0.11286449946395109,33.4,33.9625,0.009887005649717562,0.06153846153846154,-0.07132867132867127,-0.018181818181818188,0.016783216783216925,0.016783216783216925,-0.054545454545454675,0.01601164483260553
6288,聯嘉,20240402,20240403,36.0,20240412,35.25,5,Day 5 Weakness,20240411,0,-0.02083333333333337,-0.024558333333333335,-0.026514678692557477,6.752259733041526,0.06095791001451367,0.9918588873812754,Pre-breakout,0.07723089483597533,0.0,0.07723089483597533,34.7,34.7,-0.015047879616962967,0.03888888888888875,-0.03194444444444444,0.019444444444444597,-0.02083333333333337,-0.023611111111111138,,-0.007092198581560294
6290,良維,20230216,20230217,69.9,20230302,73.2,8,Day 8 Time Stop,20230302,0,0.047210300429184615,0.04322463007223552,0.04116119950290139,4.750065599580163,0.04457652303120363,1.0445765230312036,Extended Breakout,0.08997550029429076,0.0031881498920933882,0.09316365018638414,67.4,67.4,-0.005689900426742445,0.09298998569384831,-0.012875536480686733,0.005722460658082795,0.07868383404864088,0.08726752503576529,0.047210300429184615,0.024590163934426146
6290,良維,20240219,20240220,76.4,20240301,101.0,8,Day 8 Time Stop,20240301,0,0.32198952879581144,0.31695415342714467,0.31431890090053394,7.870892719644232,0.05790960451977423,1.026027397260274,Breakout,0.10207713702948266,0.0,0.10207713702948266,72.7,72.7,0.020026702269692942,0.3612565445026177,-0.007853403141361404,0.0327225130890052,0.06675392670157065,0.16492146596858626,0.32198952879581144,0.014851485148514865
6290,良維,20240412,20240415,105.0,20240417,97.1,2,Close Confirmed Stop,20240416,0,-0.07523809523809533,-0.07874870561512509,-0.08059213616345344,3.552858446871091,0.05499999999999994,1.0343137254901962,Extended Breakout,0.02839044846668204,0.057427369149181465,0.0858178176158635,97.9,99.75,-0.004739336492891044,0.02857142857142847,-0.11428571428571432,-0.01904761904761909,,,,-0.00720906282183309
6290,良維,20240830,20240902,87.2,20240905,85.7,3,Close Confirmed Stop,20240904,0,-0.017201834862385357,-0.02092719468955773,-0.02289716642529432,3.071353672542068,0.03440094899169632,1.011600928074246,Breakout,0.053953593151610725,-0.012953367875647668,0.04100022527596305,84.8,84.8,0.0,0.025229357798165264,-0.04472477064220193,-0.0034403669724770714,-0.028669724770642224,,,0.035005834305717576
6290,良維,20250506,20250507,84.9,20250516,96.5,8,Day 8 Time Stop,20250516,0,0.1366313309776206,0.13230737416490723,0.13004160844806317,2.2743062182692673,0.0625,1.045510455104551,Extended Breakout,0.10429187583963799,0.0,0.10429187583963799,78.4,80.655,-0.0011764705882352233,0.17785630153121312,-0.01531213191990588,-0.014134275618374548,0.04122497055359253,0.10247349823321539,0.1366313309776206,0.08290155440414515
6290,良維,20250520,20250521,101.5,20250528,100.0,5,Day 5 Weakness,20250527,0,-0.014778325123152691,-0.01851140897027158,-0.020475368184684355,3.229794744528163,0.05399792315680174,1.015,Breakout,0.056857099151717425,0.0013906271728549575,0.05824772632457238,96.8,96.8,0.0,0.029556650246305383,-0.039408866995073843,0.0,0.0049261083743843415,-0.016748768472906406,,0.050000000000000044
6290,良維,20250814,20250815,114.0,20250821,107.5,4,Close Confirmed Stop,20250820,0,-0.05701754385964908,-0.0605954524238181,-0.062455407693541125,2.4802903372660476,0.05092592592592582,1.0271493212669682,Breakout,0.06540151207362527,-0.006747805196869867,0.058653706876755404,108.5,108.5,0.004405286343612369,0.00877192982456143,-0.06578947368421051,-0.021929824561403466,-0.03508771929824561,,,0.041860465116279055
6290,良維,20250919,20250922,121.5,20250926,120.5,4,Trailing Stop,20250925,0,-0.008230452674897082,-0.012006287415136617,-0.013983279948684306,1.9910317977306813,0.04385964912280693,0.99581589958159,Pre-breakout,0.1614462978955502,-0.0003181673560292714,0.16112813053952094,114.0,115.425,0.021008403361344463,0.08230452674897126,-0.020576131687242816,0.012345679012345734,0.024691358024691468,,,0.1410788381742738
6290,良維,20251001,20251002,131.5,20251015,150.0,8,Day 8 Time Stop,20251015,0,0.14068441064638781,0.13632726545309062,0.13406772746091014,2.12903466826061,0.061224489795918435,0.9885931558935361,Pre-breakout,0.09797336646348566,0.000450363008114299,0.09842372947159995,124.0,124.925,0.011538461538461497,0.1749049429657794,-0.01520912547528519,0.0038022813688212143,0.03802281368821303,0.034220532319391594,0.14068441064638781,0.040000000000000036
6290,良維,20260223,20260224,196.0,20260303,215.0,4,Trailing Stop,20260302,0,0.09693877551020402,0.09276666666666666,0.0905861380276435,2.740520265111699,0.05660377358490565,1.0261780104712042,Breakout,0.16342667274741027,3.2575412078962796e-05,0.16345924815948923,191.5,191.5,0.0,0.18112244897959173,-0.012755102040816313,0.0714285714285714,0.15816326530612246,,,0.13023255813953494
6290,良維,20260421,20260422,266.5,20260428,284.0,4,Trailing Stop,20260427,0,0.06566604127579745,0.061620897521768254,0.059496588942172225,2.082335003267262,0.030947775628626717,1.0309477756286267,Extended Breakout,0.0801435546875,5.796370967741935e-06,0.08014935105846774,258.5,258.5,0.0,0.23639774859287055,-0.018761726078799223,0.046904315196998114,0.18949343339587243,,,0.052816901408450745
6290,良維,20260528,20260529,347.5,20260609,321.0,7,Close Confirmed Stop,20260608,0,-0.07625899280575543,-0.079773890356892,-0.08161527669852715,2.2769608679335405,0.022831050228310446,0.9911504424778761,Pre-breakout,0.11127311708199916,0.0,0.11127311708199916,330.5,330.5,0.034226190476190466,0.07913669064748197,-0.09208633093525176,-0.0014388489208633226,0.043165467625899234,0.04604316546762588,,0.010903426791277315
6411,晶焱,20230217,20230220,130.5,20230301,126.0,5,Day 5 Weakness,20230224,0,-0.03448275862068961,-0.03818172695800512,-0.04007294967422463,5.233651581351026,0.06639004149377592,1.0447154471544715,Extended Breakout,-0.0020751813585403386,0.059661464058034734,0.057586282699494395,117.5,123.975,0.015564202334630295,0.034482758620689724,-0.03831417624521072,0.011494252873563315,0.0,-0.011494252873563204,,0.06349206349206349
6412,群電,20260601,20260602,106.5,20260605,102.5,3,Close Confirmed Stop,20260604,0,-0.03755868544600938,-0.041184428077558996,-0.043102997082612796,1.8899965649683832,0.03921568627450989,0.9906542056074766,Pre-breakout,0.13369196684862703,-0.1006262145211852,0.033065752327441814,103.5,103.5,0.004716981132075526,0.018779342723004744,-0.05633802816901412,-0.023474178403755874,-0.032863849765258246,,,-0.0663414634146341
6414,樺漢,20240328,20240329,353.5,20240408,338.0,4,Close Confirmed Stop,20240403,0,-0.04384724186704381,-0.04746515855382751,-0.04937116988088455,2.0204650898031455,0.029498525073746285,1.0,Breakout,-0.0044914755068695515,0.09119694913745204,0.0867054736305825,338.5,338.5,0.012893982808023008,0.06364922206506374,-0.05516265912305518,0.06082036775106081,-0.022630834512022635,,,0.041420118343195256
6415,矽力*-KY,20231113,20231114,355.5,20231123,406.5,8,Day 8 Time Stop,20231123,0,0.14345991561181437,0.13911762736828012,0.13683824517381743,2.06816383214448,0.05988023952095811,1.0442477876106195,Extended Breakout,-0.008767892029622545,0.03613160770207676,0.027363715672454218,332.0,337.72499999999997,0.004237288135593209,0.19268635724331928,-0.015471167369901506,-0.002812939521800284,0.08016877637130793,0.16174402250351627,0.14345991561181437,0.09594095940959413
6415,矽力*-KY,20231229,20240102,500.0,20240103,465.0,1,Close Confirmed Stop,20240102,0,-0.06999999999999995,-0.07353725176596028,-0.07538327437672408,2.0159643432809036,0.020408163265306145,1.0131712259371835,Breakout,-0.009408241921051944,0.06933419781507298,0.059925955894021034,487.0,487.0,0.0,0.008000000000000007,-0.06799999999999995,-0.06499999999999995,,,,-0.02473118279569897
6415,矽力*-KY,20240927,20240930,479.0,20241014,526.0,7,Trailing Stop,20241011,0,0.09812108559498967,0.09394143386065298,0.09175244482980312,1.9782561590031411,0.05670665212649939,1.0243128964059196,Breakout,0.00427379966853758,0.02080449843403795,0.02507829810257553,463.0,463.0,-0.011351909184726505,0.1983298538622129,-0.039665970772442605,-0.022964509394572064,0.05845511482254695,0.14196242171189977,,0.05513307984790883
6415,矽力*-KY,20260422,20260423,411.0,20260430,401.5,5,Close Confirmed Stop,20260429,0,-0.02311435523114358,-0.026854479124442644,-0.028801773338851276,2.2485635275600164,0.021573604060913798,1.0100376411543288,Breakout,0.020904939076679018,0.05670203396029559,0.07760697303697461,397.0,397.0,0.02111801242236022,0.07664233576642343,-0.048661800486618056,0.010948905109489093,0.021897810218978186,-0.04379562043795615,,0.1357409713574098
6425,易發,20240401,20240402,76.3,20240416,78.5,8,Trailing Stop,20240415,0,0.028833551769331667,0.024921744522116623,0.022894285101409558,2.3872390092076254,0.06777316735822958,1.036241610738255,Extended Breakout,0.027173183063800226,0.0,0.027173183063800226,70.3,72.485,-0.011658031088082943,0.15465268676277844,-0.019659239842726106,0.035386631716906924,0.028833551769331667,0.08519003931847968,0.04980340760157276,0.08407643312101909
6438,迅得,20250206,20250207,247.0,20250211,227.5,2,Close Confirmed Stop,20250210,0,-0.07894736842105265,-0.08246095187130004,-0.08426355781289158,3.140469965021199,0.03663793103448265,1.0366379310344827,Extended Breakout,0.04300441725039245,0.016208517533027135,0.05921293478341959,233.0,234.64999999999998,0.027027027027026973,0.018218623481781382,-0.09311740890688258,-0.02429149797570851,,,,0.00219780219780219
6438,迅得,20250522,20250523,187.5,20250529,177.0,4,Close Confirmed Stop,20250528,0,-0.05600000000000005,-0.059576169532187126,-0.0614469182634836,1.8584780747566652,0.03921568627450989,1.0248618784530388,Breakout,0.042032225413654783,0.0020316244805189667,0.04406384989417375,174.0,178.125,0.010781671159029615,0.010666666666666602,-0.06933333333333336,-0.021333333333333315,-0.03466666666666662,,,0.005649717514124353
6438,迅得,20250814,20250815,186.0,20250821,178.5,4,Close Confirmed Stop,20250820,0,-0.040322580645161255,-0.043944856131918016,-0.045857909041186064,4.503141086559016,0.04871060171919761,1.0280898876404494,Breakout,0.09836431312844365,0.0093811797823812,0.10774549291082484,176.0,176.7,0.016393442622950838,0.018817204301075252,-0.056451612903225756,0.005376344086021501,-0.008064516129032251,,,0.12605042016806722
6442,光聖,20241009,20241011,422.0,20241018,435.0,5,Trailing Stop,20241017,0,0.0308056872037914,0.026889971308467337,0.02483515343740277,2.284208018218428,0.05095541401273884,1.019777503090235,Breakout,0.07329167364048209,0.01661256277991303,0.08990423642039512,389.5,400.9,0.023030303030302957,0.1481042654028435,-0.0011848341232227888,0.0011848341232227888,0.08293838862559233,0.023696682464454888,,0.2298850574712643
6442,光聖,20250606,20250609,495.0,20250616,473.5,5,Day 5 Weakness,20250613,0,-0.04343434343434338,-0.047051696284329564,-0.0489585329688618,2.186501799483797,0.04456521739130426,1.0158562367864694,Breakout,0.02763233360863567,0.000429191242037966,0.028061524850673637,454.0,470.25,0.03017689906347565,0.024242424242424176,-0.0505050505050505,0.0121212121212122,-0.008080808080808133,-0.04747474747474745,,0.05807814149947199
6443,元晶,20220809,20220810,37.0,20220817,36.55,5,Day 5 Weakness,20220816,0,-0.01216216216216226,-0.01592622240010685,-0.017895376411478457,4.900340189792408,0.025210084033613356,1.0209205020920502,Breakout,0.09731933359218721,0.01314289217571259,0.1104622257678998,36.2,36.2,0.010928961748633892,0.032432432432432545,-0.03513513513513511,-0.016216216216216273,-0.020270270270270285,-0.006756756756756799,,0.04651162790697683
6443,元晶,20230131,20230201,37.2,20230210,36.85,8,Day 8 Time Stop,20230210,0,-0.009408602150537626,-0.013172107537205904,-0.015151429511044135,2.7315754882432994,0.02642559109874809,1.0,Breakout,0.07108473737987438,0.03709742227450423,0.1081821596543786,36.2,36.2,0.008130081300813163,0.04301075268817178,-0.010752688172043112,0.005376344086021501,0.004032258064516014,0.018817204301075252,-0.009408602150537626,0.04341926729986434
6443,元晶,20230308,20230309,38.2,20230310,37.0,1,Close Confirmed Stop,20230309,0,-0.03141361256544506,-0.035101170039001414,-0.0370366477811983,2.08199760249504,0.025000000000000133,1.013003901170351,Breakout,0.1314568204413097,-0.003134136028657265,0.12832268441265246,37.9,37.9,-0.019255455712451908,0.0,-0.023560209424083878,-0.022251308900523625,,,,0.04729729729729737
6443,元晶,20240410,20240411,29.9,20240412,29.05,1,Close Confirmed Stop,20240411,0,-0.02842809364548493,-0.032116513397573994,-0.0340569322203558,2.2981916441456227,0.022336769759450092,0.9818481848184818,Pre-breakout,0.1847174822023548,0.0,0.1847174822023548,29.15,29.15,0.005042016806722671,0.0,-0.02842809364548493,-0.02842809364548493,,,,0.029259896729776136
6443,元晶,20240927,20240930,24.4,20241009,24.0,5,Day 5 Weakness,20241008,0,-0.016393442622950727,-0.020120268270243557,-0.02208403918962844,2.032047092715521,0.02748414376321362,0.9858012170385396,Pre-breakout,0.22670900023388826,0.0006275269726781031,0.22733652720656636,23.8,23.8,0.00411522633744843,0.020491803278688492,-0.024590163934426146,0.010245901639344357,0.002049180327868827,-0.024590163934426146,,-0.018749999999999933
6443,元晶,20260204,20260205,44.05,20260209,41.9,2,Close Confirmed Stop,20260206,0,-0.0488081725312145,-0.05242077237458789,-0.05428885509025638,1.819737462983907,0.04502369668246442,0.9910112359550562,Pre-breakout,0.03885317756370493,0.0,0.03885317756370493,42.0,42.0,-0.0011337868480726376,0.012485811577752637,-0.1384790011350736,-0.04313280363223604,,,,0.02863961813842497
6446,藥華藥,20230915,20230918,365.0,20230920,346.0,2,Close Confirmed Stop,20230919,0,-0.05205479452054795,-0.05564090575111883,-0.05753056276322533,5.1589297964783905,0.023383768913342484,1.0054054054054054,Breakout,0.10944042435763783,-0.001226467161341755,0.10821395719629606,358.5,358.5,-0.018817204301075252,0.009589041095890316,-0.05342465753424652,-0.010958904109588996,,,,0.0014450867052022698
6446,藥華藥,20240520,20240521,432.0,20240523,406.5,2,Close Confirmed Stop,20240522,0,-0.05902777777777779,-0.06259221998658618,-0.06446796910720491,2.1247360630043626,0.023255813953488413,0.987012987012987,Pre-breakout,0.25680939289693383,0.006844658932606098,0.2636540518295399,408.5,410.4,0.03349282296650724,0.02083333333333326,-0.07407407407407407,-0.00462962962962965,,,,0.06765067650676504
6449,鈺邦,20240716,20240717,198.5,20240718,172.0,1,Close Confirmed Stop,20240717,0,-0.1335012594458438,-0.13678277834286573,-0.13849837884881896,2.925138838939617,0.04336043360433606,1.043360433604336,Extended Breakout,0.013962618309454925,0.058259439948506506,0.07222205825796142,184.5,188.575,0.03116883116883118,0.0,-0.08816120906801006,-0.08564231738035266,,,,0.0
6449,鈺邦,20240902,20240903,176.5,20240905,162.5,2,Close Confirmed Stop,20240904,0,-0.07932011331444755,-0.0828069234764833,-0.08464222279979258,2.2968714265339614,0.05438066465256797,0.9971428571428571,Pre-breakout,0.03778373102441991,0.00047229663780524886,0.038256027662225155,164.5,167.67499999999998,0.011461318051575908,0.011331444759206777,-0.11614730878186974,-0.03682719546742208,,,,0.01538461538461533
6449,鈺邦,20250826,20250827,181.0,20250902,173.0,4,Close Confirmed Stop,20250901,0,-0.04419889502762431,-0.047829434012785756,-0.04973473481757449,4.327564105158328,0.056213017751479244,1.0408163265306123,Extended Breakout,0.04212155147220921,0.0,0.04212155147220921,170.5,171.95,0.014005602240896309,0.06629834254143652,-0.07734806629834257,0.024861878453038777,0.0027624309392264568,,,0.052023121387283267
6451,訊芯-KY,20240222,20240223,230.5,20240229,216.5,3,Close Confirmed Stop,20240227,0,-0.06073752711496749,-0.06428261667278247,-0.06615497435345417,2.8635394548070896,0.03464203233256358,1.0346420323325636,Extended Breakout,0.13821892013009476,0.0007884149673958874,0.13900733509749066,217.0,218.975,0.029017857142857206,0.0390455531453362,-0.07592190889370931,-0.04338394793926248,-0.0585683297180043,,,0.0323325635103926
6456,GIS-KY,20221118,20221121,92.3,20221123,88.4,2,Close Confirmed Stop,20221122,0,-0.04225352112676051,-0.04586880821073314,-0.04778915325678953,1.8435400593537652,0.032511210762331766,1.018805309734513,Breakout,0.07889547533103536,0.032616740915599074,0.11151221624663443,89.5,89.5,0.0021715526601520097,0.0,-0.05308775731310933,-0.02925243770314201,,,,0.005656108597285048
6462,神盾,20231212,20231213,134.0,20231218,123.0,3,Close Confirmed Stop,20231215,0,-0.08208955223880599,-0.08556901050378002,-0.08739878736321705,2.5148421620752615,0.03831417624521083,1.034351145038168,Extended Breakout,0.017452111287093206,0.010100708244927233,0.02755281953202044,128.0,128.0,-0.011070110701106972,0.00746268656716409,-0.07462686567164178,-0.02985074626865669,-0.07089552238805974,,,0.06504065040650397
6462,神盾,20240717,20240718,291.0,20240719,286.5,1,Close Confirmed Stop,20240718,0,-0.015463917525773141,-0.019226279806569952,-0.021192024595068394,2.3863111627986524,0.0690265486725663,1.0033222591362125,Breakout,0.0336593351910828,0.004040605095541401,0.037699940286624205,284.0,284.0,-0.03642384105960261,0.02405498281786933,-0.05670103092783507,-0.027491408934707917,,,,0.03315881326352521
6462,神盾,20251023,20251027,145.0,20251030,139.5,3,Trailing Stop,20251029,0,-0.037931034482758585,-0.041563483033264174,-0.04348130023298431,5.172092768544125,0.02473498233215543,1.0034602076124568,Breakout,0.03064388995889269,0.0,0.03064388995889269,138.5,138.5,0.0,0.08275862068965512,-0.02758620689655178,0.024137931034482696,-0.02758620689655178,,,0.0
6462,神盾,20260522,20260525,147.0,20260527,152.0,2,Trailing Stop,20260526,0,0.03401360544217691,0.0301,0.028052988669986473,1.8988050485499017,0.028469750889679624,1.0,Breakout,0.11277790153709066,0.003341501447983961,0.11611940298507463,140.0,140.0,0.01730103806228378,0.09183673469387754,-0.0374149659863946,0.054421768707483054,,,,-0.11513157894736847
6472,保瑞,20220816,20220817,300.0,20220826,350.0,8,Day 8 Time Stop,20220826,0,0.16666666666666674,0.16223510595761695,0.159898391820239,2.5914156765220593,0.059859154929577496,1.036144578313253,Extended Breakout,0.06840647930222898,0.061262633254880246,0.12966911255710922,284.0,285.0,-0.0033222591362126463,0.19166666666666665,-0.00666666666666671,0.018333333333333313,0.06333333333333324,0.08333333333333326,0.16666666666666674,0.008571428571428674
6472,保瑞,20221114,20221115,372.0,20221124,462.0,8,Day 8 Time Stop,20221124,0,0.24193548387096775,0.23720274083031037,0.23472707652165534,2.1810523745574413,0.028169014084507005,1.028169014084507,Breakout,0.04816414887332264,0.001561313190986581,0.04972546206430922,350.0,353.4,0.019178082191780854,0.2768817204301075,-0.010752688172043001,0.07930107526881724,0.1518817204301075,0.15053763440860224,0.24193548387096775,-0.00649350649350644
6477,安集,20220818,20220819,60.0,20220823,55.8,2,Close Confirmed Stop,20220822,0,-0.07000000000000006,-0.07353725176596028,-0.07536484296880047,1.966562769897951,0.05555555555555558,1.0261324041811846,Breakout,0.1543390870264441,0.025805847360074935,0.18014493438651905,55.3,57.0,0.018675721561969505,0.0,-0.06499999999999995,-0.039999999999999925,,,,0.09139784946236573
6488,環球晶,20250915,20250916,415.0,20250925,489.0,8,Day 8 Time Stop,20250925,0,0.17831325301204815,0.17382577278201525,0.171476925915083,4.657724122512855,0.052767052767052736,1.0367553865652726,Extended Breakout,0.1383745983334241,0.04906372201949785,0.18743832035292196,397.5,397.5,0.014669926650366705,0.2530120481927711,-0.0036144578313253017,0.08313253012048194,0.18192771084337345,0.2313253012048193,0.17831325301204815,0.0327198364008181
6488,環球晶,20251230,20251231,414.0,20260112,441.0,7,Trailing Stop,20260109,0,0.0652173913043479,0.06116700201207243,0.059043595858305355,2.176614422575861,0.027363184079602032,1.0073170731707317,Breakout,-0.18634787514103046,0.36025558480631814,0.1739077096652877,400.0,400.0,0.002421307506053294,0.14009661835748788,-0.02657004830917875,-0.019323671497584516,-0.0024154589371980784,0.13526570048309172,,0.18594104308390014
6505,台塑化,20250507,20250508,38.1,20250519,38.25,8,Day 8 Time Stop,20250519,0,0.003937007874015741,0.00013501485163365545,-0.00187108434258001,2.2466838215394307,0.02921646746347939,0.9961439588688946,Pre-breakout,0.20444419569010316,-0.004034377660075199,0.20040981803002797,37.95,37.95,-0.01677419354838705,0.07742782152230965,-0.007874015748031593,0.023622047244094446,0.0734908136482939,0.04724409448818889,0.003937007874015741,0.03529411764705892
6505,台塑化,20251008,20251009,42.15,20251021,43.5,8,Day 8 Time Stop,20251021,0,0.03202846975088969,0.02811313297076622,0.02605587239368707,1.8359246289259203,0.034482758620689724,1.018181818181818,Breakout,0.18792101150302865,-0.0007462445863064616,0.18717476691672216,40.55,40.55,0.0035714285714285587,0.0581257413997629,-0.04982206405693956,-0.0011862396204032066,-0.03202846975088969,0.017793594306049876,0.03202846975088969,0.08850574712643677
6505,台塑化,20251023,20251027,46.35,20251103,45.0,5,Day 5 Weakness,20251031,0,-0.029126213592232997,-0.03281450778238329,-0.03475555752371354,2.7708926519473724,0.046119235095613,1.0379464285714286,Extended Breakout,0.1721404696185219,0.003147182998409998,0.17528765261693188,44.15,44.15,-0.003225806451612856,0.011866235167206085,-0.03883495145631077,-0.011866235167206085,-0.02373247033441206,-0.035598705501618144,,0.16000000000000014
6505,台塑化,20251106,20251107,47.5,20251118,54.1,8,Day 8 Time Stop,20251118,0,0.1389473684210527,0.13462288849238768,0.13234564440629148,1.8187563011317391,0.062153163152053326,1.010559662090813,Breakout,0.28464177067521707,0.0012989787855782807,0.28594074946079534,45.2,45.2,-0.007314524555903867,0.17894736842105252,-0.010526315789473717,0.05263157894736836,0.10526315789473695,0.1578947368421053,0.1389473684210527,0.0573012939001849
6505,台塑化,20260225,20260226,55.6,20260306,58.0,5,Trailing Stop,20260305,0,0.043165467625899234,0.03921228535976833,0.03713281973572859,2.033488057455247,0.06870229007633588,1.0256410256410255,Breakout,0.33393101697158617,-0.0016987664687465069,0.33223225050283967,52.3,52.82,-0.0071428571428571175,0.13848920863309355,-0.04496402877697847,-0.01978417266187049,0.05755395683453224,0.014388489208633004,,0.17586206896551726
6505,台塑化,20260604,20260605,57.5,20260608,52.8,1,Close Confirmed Stop,20260605,0,-0.08173913043478265,-0.08524333071956491,-0.08704045064814903,1.8436535908829188,0.028622540250447193,1.0176991150442478,Breakout,0.38402374540318884,0.0010833965244558053,0.38510714192764467,55.7,55.7,0.0,0.003478260869565375,-0.04347826086956519,-0.03826086956521746,,,,0.015151515151515138
6509,聚和,20230221,20230222,47.0,20230302,46.05,4,Close Confirmed Stop,20230301,0,-0.02021276595744692,-0.023938262550836795,-0.025897215894405533,2.0246913580246915,0.025917926565874883,1.0063559322033897,Breakout,0.03412445389066005,0.0,0.03412445389066005,46.25,46.25,-0.010526315789473717,0.008510638297872353,-0.03191489361702127,-0.010638297872340385,-0.011702127659574457,,,0.06406080347448428
6509,聚和,20260410,20260413,46.4,20260420,44.85,5,Day 5 Weakness,20260417,0,-0.03340517241379304,-0.03709348237867819,-0.03902599465704389,2.129257935022524,0.06418918918918926,0.9884937238493724,Pre-breakout,0.04924939467312349,-0.0012766894122826326,0.04797270526084085,43.5,44.08,-0.017989417989418,0.039870689655172376,-0.053879310344827624,0.0021551724137931494,-0.03124999999999989,-0.04633620689655171,,0.015607580824972045
6509,聚和,20260521,20260522,49.95,20260602,49.5,8,Day 8 Time Stop,20260602,0,-0.009009009009009028,-0.012774331265425922,-0.014749781503846576,2.0587394305788163,0.03147953830010497,1.0051124744376279,Breakout,0.1701826045170591,0.0015789112377291139,0.1717615157547882,47.75,47.75,0.016276703967446737,0.05705705705705699,-0.027027027027027084,0.0030030030030030463,0.03703703703703698,0.0010010010010008674,-0.009009009009009028,0.07272727272727275
6509,聚和,20260703,20260706,58.0,20260709,54.4,3,Close Confirmed Stop,20260708,0,-0.06206896551724139,-0.06561104073604909,-0.06748759623313073,2.3043478260869565,0.06309751434034427,1.0239410681399632,Breakout,0.14256335362843509,-0.0005759420766825737,0.1419874115517525,52.5,55.099999999999994,0.043165467625899234,0.020689655172413834,-0.1103448275862069,-0.008620689655172376,-0.06551724137931025,,,-0.03124999999999989
6531,愛普*,20221108,20221109,173.0,20221118,203.0,8,Day 8 Time Stop,20221118,0,0.17341040462427748,0.16896563241040713,0.16662653333168304,3.8638184173493313,0.02735562310030404,1.015015015015015,Breakout,0.03015919647083295,0.0,0.03015919647083295,165.0,165.0,0.023668639053254337,0.17341040462427748,-0.017341040462427793,0.023121387283236983,0.014450867052023142,0.043352601156069426,0.17341040462427748,0.0640394088669951
6531,愛普*,20230131,20230201,212.0,20230213,246.5,8,Trailing Stop,20230210,0,0.16273584905660377,0.1583233012306046,0.1560054903652354,2.2785850397708725,0.042183622828784184,1.031941031941032,Extended Breakout,0.1169270165385249,0.004420838833315608,0.12134785537184051,200.0,201.39999999999998,0.00952380952380949,0.2853773584905661,-0.021226415094339646,0.03301886792452824,0.1674528301886793,0.15094339622641506,0.16509433962264142,0.14401622718052742
6531,愛普*,20230519,20230522,314.0,20230523,309.0,1,Close Confirmed Stop,20230522,0,-0.015923566878980888,-0.01967026338717244,-0.021631918767614885,2.262838830837655,0.02298850574712641,1.0080906148867315,Breakout,0.060796474078167746,0.012428424085490218,0.07322489816365796,305.0,305.0,0.008025682182985605,0.01273885350318471,-0.035031847133757954,-0.030254777070063743,,,,0.10032362459546929
6531,愛普*,20230531,20230601,342.5,20230606,332.5,3,Close Confirmed Stop,20230605,0,-0.029197080291970767,-0.03290897197202234,-0.034844151408054934,4.240944991164722,0.024096385542168752,1.0,Breakout,0.0482957966535687,0.0038327788151737274,0.05212857546874242,333.0,333.0,0.007352941176470562,0.04379562043795615,-0.040875912408759096,0.01751824817518255,-0.040875912408759096,,,0.04060150375939853
6531,愛普*,20230918,20230919,375.0,20230928,383.0,8,Day 8 Time Stop,20230928,0,0.021333333333333426,0.017459682793549248,0.015408493551255186,2.549045946292922,0.023415977961432466,0.9854111405835544,Pre-breakout,0.07171354346286826,0.017469134868339835,0.08918267833120809,359.5,359.5,0.009421265141319024,0.08000000000000007,-0.05466666666666664,-0.03866666666666663,0.01866666666666661,0.05466666666666664,0.021333333333333426,0.052219321148825104
6531,愛普*,20240704,20240705,412.0,20240709,383.0,2,Close Confirmed Stop,20240708,0,-0.07038834951456308,-0.07393179673810486,-0.07578487388802332,2.6297157140910428,0.03474903474903468,1.0075187969924813,Breakout,0.007097087808935901,0.04297089854492725,0.05006798635386315,392.5,392.5,0.02487562189054726,0.0,-0.07766990291262132,-0.04247572815533984,,,,0.05744125326370764
6531,愛普*,20250606,20250609,306.0,20250616,308.0,5,Day 5 Weakness,20250613,0,0.006535947712418277,0.0027,0.0006877344468966778,3.9340268449230975,0.021775544388609624,1.0016420361247949,Breakout,0.054665473422487586,0.09431367676992354,0.14897915019241115,296.0,296.0,0.003278688524590123,0.06862745098039214,-0.009803921568627416,0.017973856209150263,0.019607843137254832,-0.009803921568627416,,0.02922077922077926
6531,愛普*,20250909,20250910,335.5,20250915,322.0,3,Close Confirmed Stop,20250912,0,-0.04023845007451565,-0.043871248514470315,-0.04578445672344758,3.4255873760787456,0.050393700787401574,1.016768292682927,Breakout,0.14406697289865983,-0.0013076312188369005,0.1427593416798229,317.5,318.72499999999997,0.0059970014992503096,0.0014903129657228842,-0.05067064083457529,-0.026825633383010472,-0.05067064083457529,,,0.11490683229813659
6531,愛普*,20260102,20260105,469.5,20260114,468.5,8,Day 8 Time Stop,20260114,0,-0.0021299254526091493,-0.005947854885858637,-0.007903220107941217,2.1040038364230393,0.0234375,1.0234375,Breakout,0.17578516991439533,0.007355302551564815,0.18314047246596013,445.0,446.025,0.02399127589967276,0.06283280085197007,-0.051118210862619806,0.020234291799787085,-0.029818956336528202,0.022364217252396124,-0.0021299254526091493,0.12059765208110984
6538,倉和,20260814,20260817,187.0,20260825,200.0,6,Trailing Stop,20260824,0,0.06951871657754016,0.06544834959240946,0.06331636957845165,2.5009996889856487,0.036619718309859106,1.036619718309859,Extended Breakout,0.06986924448767834,0.0,0.06986924448767834,177.5,177.65,0.016304347826086918,0.11229946524064172,-0.06417112299465244,0.018716577540107027,0.02406417112299475,0.050802139037433136,,0.11250000000000004
6548,長科*,20251031,20251103,40.8,20251112,47.7,8,Day 8 Time Stop,20251112,0,0.1691176470588236,0.1646833333333335,0.16234676389864156,2.486392121017482,0.04134366925064592,0.9877450980392157,Pre-breakout,0.26045893922837693,4.202740186601664e-05,0.2605009666302429,38.65,38.76,0.012406947890818865,0.25,-0.039215686274509665,-0.007352941176470562,-0.002450980392156743,0.015931372549019773,0.1691176470588236,0.04402515723270417
6548,長科*,20251112,20251113,47.65,20251117,47.3,2,Close Confirmed Stop,20251114,0,-0.007345225603357819,-0.011110981411659993,-0.013095740956716695,3.257094348775164,0.026910656620021456,1.0127388535031847,Breakout,0.119113871508294,-9.224099497286577e-05,0.11902163051332114,46.75,46.75,-0.0010482180293501786,0.04512067156348376,-0.04512067156348376,-0.014690451206715527,,,,0.003171247357294016
6548,長科*,20260106,20260107,49.05,20260109,45.35,2,Close Confirmed Stop,20260108,0,-0.07543323139653402,-0.07893854720653193,-0.08078159441280243,3.5502793909789303,0.04939626783754125,1.0,Breakout,-0.009482328482328483,0.18272330198935705,0.17324097350702855,45.45,46.5975,0.026150627615062705,0.0010193679918450993,-0.08562691131498468,-0.031600407747196635,,,,0.09702315325248057
6548,長科*,20260529,20260601,71.3,20260608,80.8,5,Trailing Stop,20260605,0,0.13323983169705467,0.12891381267107282,0.12665482324131178,3.090090552731132,0.027108433734939652,1.0148809523809523,Breakout,0.08242238722331185,-0.006794620341832446,0.0756277668814794,64.6,67.735,0.045454545454545414,0.3758765778401121,0.0,0.051893408134642494,0.2510518934081347,0.25806451612903225,,0.13985148514851486
6558,興能高,20250815,20250818,53.7,20250827,56.0,8,Day 8 Time Stop,20250827,0,0.04283054003724396,0.03887699071942775,0.036798194485749385,2.9844558606354625,0.04960317460317465,1.005703422053232,Breakout,0.05731256100581093,0.0,0.05731256100581093,50.6,51.015,0.015122873345935872,0.07448789571694592,-0.029795158286778478,0.04283054003724396,-0.011173184357541888,0.014897579143389184,0.04283054003724396,0.03571428571428581
6589,台康生技,20220826,20220829,115.5,20220901,129.0,3,Trailing Stop,20220831,0,0.11688311688311681,0.11265934873774079,0.11043292580959597,6.9165832449311955,0.044642857142857206,1.017391304347826,Breakout,0.02324127944752817,0.018248649451426662,0.041489928898954836,115.0,115.0,-0.012820512820512775,0.20346320346320357,-0.008658008658008698,0.02164502164502169,0.10822510822510822,,,0.050387596899224896
6589,台康生技,20221205,20221206,158.5,20221207,151.0,1,Close Confirmed Stop,20221206,0,-0.04731861198738174,-0.05093681699117407,-0.052835901740477795,2.212231688534498,0.04966887417218535,0.9968553459119497,Pre-breakout,0.031304103469395106,0.0010207635311212787,0.032324867000516386,152.0,152.0,0.0,0.02208201892744488,-0.05362776025236593,-0.050473186119873836,,,,0.026490066225165476
6591,動力-KY,20250814,20250815,78.1,20250826,83.5,8,Day 8 Time Stop,20250826,0,0.06914212548015364,0.06508146014985476,0.06293963537141663,2.30686998678003,0.0237467018469657,1.0025839793281652,Breakout,0.09725165947773487,0.0,0.09725165947773487,75.1,75.1,0.006443298969072142,0.10115236875800271,-0.03457106274007671,-0.02176696542893708,0.008962868117797784,0.03841229193341866,0.06914212548015364,0.23353293413173648
6603,富強鑫,20260817,20260818,29.9,20260819,27.1,1,Close Confirmed Stop,20260818,0,-0.09364548494983271,-0.09710783055626829,-0.09888466609215359,2.339524125770032,0.06964285714285712,1.0152542372881355,Breakout,0.16382230382374072,0.0,0.16382230382374072,28.25,28.404999999999998,-0.0016694490818029983,0.0117056856187292,-0.06688963210702337,-0.06521739130434778,,,,0.023985239852398532
6605,帝寶,20240328,20240329,228.5,20240402,216.5,2,Close Confirmed Stop,20240401,0,-0.05251641137855578,-0.0561019184852482,-0.05799065424691839,4.580856873818449,0.05555555555555558,1.0363636363636364,Extended Breakout,0.003901371751332217,0.04078023155619629,0.04468160330752851,219.0,219.0,0.002192982456140413,0.00875273522975939,-0.07002188183807445,-0.03938730853391681,,,,0.04849884526558901
6643,M31,20221121,20221122,482.0,20221129,504.0,5,Trailing Stop,20221128,0,0.045643153526971014,0.04167781643029168,0.03959341685612369,2.0351813926272673,0.047826086956521685,1.0399137001078749,Extended Breakout,0.06840457391777838,0.011298665940647972,0.07970323985842635,462.0,462.0,0.0,0.13070539419087135,-0.026970954356846488,0.003112033195020736,0.07883817427385886,0.049792531120331995,,0.08928571428571419
6672,騰輝電子-KY,20250226,20250227,84.2,20250304,79.1,2,Close Confirmed Stop,20250303,0,-0.060570071258907454,-0.0641140219827127,-0.06599668237859149,1.9886795541362083,0.026862026862026767,0.9813302217036172,Pre-breakout,0.12050659155929479,0.0,0.12050659155929479,81.6,81.6,0.0011890606420927874,0.015439429928741033,-0.0451306413301662,-0.02137767220902609,,,,0.04171934260429855
8011,台通,20240219,20240220,24.55,20240227,23.75,5,Close Confirmed Stop,20240226,0,-0.03258655804480659,-0.036275054147471175,-0.03820651058977144,1.9494921742749858,0.040084388185654074,0.986,Pre-breakout,0.055518685825468685,0.0,0.055518685825468685,23.55,23.55,-0.0040567951318457585,0.014256619144602745,-0.04276985743380857,-0.024439918533604943,-0.03054989816700615,-0.04276985743380857,,0.2905263157894735
8011,台通,20240711,20240712,27.05,20240722,28.55,6,Trailing Stop,20240719,0,0.055452865064695045,0.051432084490569116,0.04932089249634162,3.4122359747731488,0.04247104247104261,0.9818181818181818,Pre-breakout,0.06818709953141534,0.0,0.06818709953141534,25.95,25.95,0.0018518518518517713,0.1829944547134934,-0.02402957486136792,0.001848428835489857,0.10536044362292052,0.13678373382624764,,-0.00350262697022774
8011,台通,20250828,20250829,24.5,20250903,23.4,3,Close Confirmed Stop,20250902,0,-0.044897959183673564,-0.04851333333333338,-0.05042020763985181,1.8094767570983619,0.025751072961373245,1.0127118644067796,Breakout,0.09636666902457452,0.0,0.09636666902457452,23.4,23.4,0.025104602510460206,0.0,-0.0714285714285714,-0.030612244897959218,-0.05102040816326525,,,0.019230769230769384
8016,矽創,20230411,20230412,252.0,20230419,247.5,5,Day 5 Weakness,20230418,0,-0.017857142857142905,-0.021583333333333333,-0.02357267859450426,2.1295455917896104,0.04158004158004158,1.0040080160320641,Breakout,0.18969311746907555,0.0,0.18969311746907555,240.5,240.5,0.0059880239520957446,0.031746031746031855,-0.02777777777777779,0.001984126984126977,0.003968253968253954,-0.02777777777777779,,-0.022222222222222254
8021,尖點,20240823,20240826,41.8,20240827,39.8,1,Close Confirmed Stop,20240826,0,-0.04784688995215314,-0.051463181978881084,-0.053332890590234674,6.650535491079657,0.06561679790026242,1.0370370370370372,Extended Breakout,0.09252887706702131,0.0,0.09252887706702131,37.7,39.709999999999994,0.029556650246305383,0.0011961722488038617,-0.0717703349282297,-0.0717703349282297,,,,0.013819095477387133
8021,尖點,20241022,20241023,40.0,20241030,39.25,5,Day 5 Weakness,20241029,0,-0.018750000000000044,-0.022474343595894977,-0.024435345224111945,7.988101952155048,0.06400000000000006,1.023076923076923,Breakout,0.12776201395921144,0.0,0.12776201395921144,37.3,38.0,0.0025062656641603454,0.03499999999999992,-0.03249999999999997,-0.016249999999999987,0.013749999999999929,-0.02375000000000005,,0.04713375796178343
8021,尖點,20250625,20250626,41.6,20250707,48.85,8,Day 8 Time Stop,20250707,0,0.17427884615384626,0.16980996880582278,0.16749630058753193,10.12908712646474,0.03439490445859872,1.016270337922403,Breakout,0.03737553723097686,0.0,0.03737553723097686,39.8,39.8,0.024630541871921263,0.2235576923076923,-0.04567307692307687,0.0012019230769229061,0.09855769230769229,0.12379807692307687,0.17427884615384626,0.13613101330603894
8021,尖點,20250708,20250709,49.9,20250717,51.9,6,Trailing Stop,20250716,0,0.04008016032064132,0.03613104503381453,0.03408451888036605,2.2701385383802113,0.023541453428863823,0.9823182711198428,Pre-breakout,0.03442934070843497,0.0,0.03442934070843497,47.7,47.7,-0.0020000000000000018,0.13226452905811636,-0.01002004008016033,0.06813627254509025,0.06813627254509025,0.0541082164328659,,0.04431599229287109
8027,鈦昇,20240403,20240408,105.0,20240409,97.0,1,Close Confirmed Stop,20240408,0,-0.07619047619047614,-0.07970070481344156,-0.08154223364592773,2.6664708905366714,0.04485219164118259,1.0098522167487685,Breakout,0.11827808152813343,0.0,0.11827808152813343,95.7,99.75,0.024390243902439046,0.004761904761904745,-0.080952380952381,-0.06571428571428573,,,,0.05670103092783507
8027,鈦昇,20240529,20240530,122.0,20240531,118.0,1,Close Confirmed Stop,20240530,0,-0.032786885245901676,-0.03648585378904421,-0.038413878976569664,3.515222223974017,0.06008583690987135,1.0164609053497942,Breakout,0.09684868955851436,0.0,0.09684868955851436,118.5,118.5,-0.012145748987854255,0.0,-0.05737704918032782,-0.05327868852459017,,,,0.07203389830508478
8028,昇陽半導體,20240429,20240430,55.5,20240506,54.5,3,Close Confirmed Stop,20240503,0,-0.018018018018018056,-0.02174638116203055,-0.023703875487013942,4.17600824941401,0.03888888888888897,1.010810810810811,Breakout,0.07737094093573514,0.0,0.07737094093573514,54.3,54.3,-0.010695187165775444,0.009009009009008917,-0.027027027027026973,-0.003603603603603678,-0.027027027027026973,,,-0.007339449541284404
8028,昇陽半導體,20241008,20241009,141.0,20241011,134.0,1,Close Confirmed Stop,20241009,0,-0.049645390070921946,-0.053237025147137504,-0.05513148774639782,3.4653834257163854,0.05660377358490565,1.003584229390681,Breakout,0.13592225919926962,0.0012877483200812777,0.1372100075193509,129.5,133.95,0.0071428571428571175,0.028368794326241176,-0.06382978723404253,-0.05319148936170215,,,,0.14179104477611948
8028,昇陽半導體,20250217,20250218,144.0,20250227,174.0,7,Trailing Stop,20250226,0,0.20833333333333326,0.20374449339207049,0.2013691293498104,3.4462143443540776,0.03202846975088969,1.0104529616724738,Breakout,0.14294225750708395,0.012636266161886256,0.1555785236689702,140.5,140.5,-0.006896551724137945,0.27083333333333326,-0.00694444444444442,0.10763888888888884,0.19097222222222232,0.1875,,-0.02011494252873558
8028,昇陽半導體,20250908,20250909,182.5,20250916,175.0,5,Close Confirmed Stop,20250915,0,-0.04109589041095896,-0.0447197915970877,-0.04663129801784528,1.9578994678422477,0.03409090909090917,0.9811320754716981,Pre-breakout,0.03671898831382724,-0.009563778111514543,0.0271552102023127,168.5,173.375,0.0027472527472527375,0.06849315068493156,-0.07945205479452055,0.008219178082191858,-0.049315068493150704,-0.0657534246575342,,0.0685714285714285
8028,昇陽半導體,20251016,20251017,183.5,20251020,180.0,1,Close Confirmed Stop,20251017,0,-0.019073569482288777,-0.02280892305121564,-0.02476430068958885,2.9991909442281326,0.04748603351955305,0.981675392670157,Pre-breakout,0.06323091142337148,0.0018714766340390454,0.06510238805741052,180.5,180.5,-0.021333333333333315,0.005449591280654031,-0.02997275204359673,-0.02452316076294281,,,,0.002777777777777768
8028,昇陽半導體,20251210,20251211,170.0,20251218,164.5,5,Close Confirmed Stop,20251217,0,-0.032352941176470584,-0.03604837631965789,-0.03797727248454036,3.6540782635179356,0.024390243902439046,1.0059880239520957,Breakout,0.007835649579251397,0.01726229049189587,0.02509794007114727,166.0,166.0,0.011904761904761862,0.044117647058823595,-0.03529411764705881,0.008823529411764675,0.002941176470588225,-0.03529411764705881,,0.0820668693009119
8028,昇陽半導體,20260102,20260105,190.0,20260109,193.5,4,Trailing Stop,20260108,0,0.018421052631578894,0.01456001608471282,0.012529881831812998,3.084359379152399,0.047752808988763995,1.008108108108108,Breakout,0.12347764896591737,0.038709307265838995,0.16218695623175636,180.5,180.5,0.018766756032171594,0.09210526315789469,-0.02631578947368418,0.07894736842105265,0.03421052631578947,,,0.03100775193798455
8028,昇陽半導體,20260318,20260319,191.5,20260320,192.5,1,Close Confirmed Stop,20260319,0,0.005221932114882533,0.0014053402931138326,-0.0005984782527162213,4.2628300960160015,0.042328042328042326,1.0154639175257731,Breakout,0.09462752793693305,-0.02812892091785628,0.06649860701907677,188.5,188.5,-0.027918781725888353,0.02872062663185382,-0.023498694516971286,-0.018276762402088753,,,,0.06233766233766236
8033,雷虎,20221108,20221109,32.3,20221118,42.0,8,Day 8 Time Stop,20221118,0,0.30030959752321995,0.2953538937651736,0.29275652264375673,5.518291690514705,0.0332326283987916,1.0332326283987916,Extended Breakout,0.07036530102125263,0.0,0.07036530102125263,30.3,30.684999999999995,-0.05555555555555569,0.37461300309597534,-0.015479876160990558,0.007739938080495445,0.052631578947368585,0.11455108359133126,0.30030959752321995,0.18214285714285716
8033,雷虎,20230619,20230620,73.9,20230627,69.7,3,Close Confirmed Stop,20230626,0,-0.05683355886332886,-0.06041781473874066,-0.06229792943309547,2.8328781199546595,0.06743185078909608,0.9841269841269843,Pre-breakout,0.06982074732326772,0.0,0.06982074732326772,69.9,70.205,-0.006720430107526876,0.0,-0.0690121786197565,-0.03518267929634655,-0.05006765899864685,,,0.03443328550932545
8033,雷虎,20250619,20250620,67.0,20250623,65.2,1,Close Confirmed Stop,20250620,0,-0.02686567164179099,-0.03055972764593967,-0.032499585124832045,6.82382780683476,0.05600000000000005,1.0169491525423728,Breakout,0.1779983088488092,0.0,0.1779983088488092,62.0,63.65,0.015151515151515138,0.0029850746268658135,-0.06417910447761188,-0.0626865671641792,,,,-0.05214723926380371
8033,雷虎,20260423,20260424,158.5,20260429,145.0,3,Close Confirmed Stop,20260428,0,-0.08517350157728709,-0.08864307522899044,-0.09046670451194712,3.070942030204145,0.039087947882736174,0.996875,Pre-breakout,0.0581859661311765,0.0,0.0581859661311765,145.0,150.575,-0.006269592476489061,0.003154574132492094,-0.09463722397476337,-0.025236593059936863,-0.08832807570977919,,,0.08275862068965512
8039,台虹,20250818,20250819,52.4,20250821,49.3,2,Close Confirmed Stop,20250820,0,-0.059160305343511466,-0.06273845415010275,-0.06458681017241893,3.065338169983589,0.0480081716036771,1.034274193548387,Extended Breakout,0.1934542260318374,-0.001511897499397131,0.19194232853244028,48.8,49.779999999999994,0.021442495126705596,0.05343511450381677,-0.06488549618320605,0.03816793893129766,,,,0.06288032454361048
8039,台虹,20250905,20250908,65.0,20250911,61.5,3,Close Confirmed Stop,20250910,0,-0.05384615384615388,-0.05742736097674884,-0.05931344606160606,5.286710488332105,0.03409090909090917,1.0340909090909092,Extended Breakout,0.06717867251380556,-0.00012088591533177085,0.06705778659847379,61.1,61.75,0.020408163265306145,0.020000000000000018,-0.0692307692307692,-0.009230769230769154,-0.06153846153846154,,,0.1593495934959348
8039,台虹,20251112,20251113,69.0,20251118,64.3,3,Close Confirmed Stop,20251117,0,-0.06811594202898552,-0.07166032445423602,-0.07351794617744078,2.6348222639127035,0.06009244992295826,0.9899280575539567,Pre-breakout,0.12949177839348994,0.0,0.12949177839348994,65.5,65.55,0.0029069767441860517,0.0014492753623187582,-0.06811594202898552,-0.0028985507246377384,-0.0608695652173914,,,0.03265940902021791
8039,台虹,20260123,20260126,95.2,20260129,93.8,3,Close Confirmed Stop,20260128,0,-0.014705882352941235,-0.018466666666666666,-0.020409295798752943,2.6151863117201897,0.06802721088435382,0.9936708860759494,Pre-breakout,0.08999793807935957,-0.00552072669070627,0.0844772113886533,88.3,90.44,0.010615711252653925,0.04936974789915971,-0.06407563025210095,-0.018907563025210017,-0.05147058823529416,,,-0.009594882729211052
8039,台虹,20260527,20260528,162.0,20260529,161.0,1,Close Confirmed Stop,20260528,0,-0.006172839506172867,-0.009939296911480221,-0.01192041042290784,1.948528755657213,0.02893890675241151,0.9846153846153847,Pre-breakout,0.0778844930599828,-0.0015191691926552846,0.0763653238673275,153.0,153.9,0.012499999999999956,0.0,-0.07407407407407407,-0.05246913580246915,,,,0.0031055900621117516
8046,南電,20230324,20230327,287.0,20230329,275.5,2,Close Confirmed Stop,20230328,0,-0.04006968641114983,-0.04370395177494977,-0.04561749527799539,1.884344494673119,0.021390374331550888,1.0159574468085106,Breakout,0.10213623872032304,0.075435509209612,0.17757174792993505,281.0,281.0,0.0017452006980802626,0.0034843205574912606,-0.05052264808362372,-0.005226480836236891,,,,0.04900181488203259
8046,南電,20230525,20230526,308.5,20230531,295.5,3,Close Confirmed Stop,20230530,0,-0.04213938411669371,-0.045763532811116864,-0.04767295477643642,2.2344616730594136,0.03595890410958913,1.030664395229983,Extended Breakout,0.12213098785460229,0.0013776954646911976,0.12350868331929349,296.0,296.0,0.01983471074380172,0.014586709886547755,-0.0486223662884927,-0.017828200972447306,-0.04700162074554293,,,0.04906937394247035
8046,南電,20230915,20230918,269.5,20230925,267.0,5,Day 5 Weakness,20230922,0,-0.00927643784786647,-0.013048635824436536,-0.01502354362201784,4.97424993638667,0.05019305019305009,1.032258064516129,Extended Breakout,0.2145259028323939,0.04736914719428781,0.26189505002668173,260.0,260.0,-0.009191176470588203,0.029684601113172615,-0.051948051948051965,0.011131725417439675,-0.033395176252319136,-0.00927643784786647,,0.01872659176029967
8046,南電,20250711,20250714,144.5,20250723,169.0,7,Trailing Stop,20250722,0,0.16955017301038056,0.16510434942436547,0.1627729616040564,2.1099343282517324,0.03214285714285725,0.993127147766323,Pre-breakout,0.01078361036535735,0.025114306878473526,0.03589791724383088,138.5,138.5,0.0,0.22491349480968847,-0.02768166089965396,-0.00692041522491349,0.19723183391003452,0.18339100346020754,,0.11834319526627213
8046,南電,20260121,20260122,374.5,20260202,368.0,8,Day 8 Time Stop,20260202,0,-0.01735647530040052,-0.02108634725744028,-0.02304516104947791,3.0039144131883186,0.05710102489019042,1.0329041487839772,Extended Breakout,0.07361229126932735,0.08360699537937837,0.15721928664870571,345.0,355.775,0.037396121883656486,0.06809078771695587,-0.04806408544726304,-0.010680907877169576,-0.012016021361815787,0.057409879839786404,-0.01735647530040052,0.13179347826086962
8050,廣積,20230217,20230220,83.5,20230303,83.6,8,Day 8 Time Stop,20230303,0,0.0011976047904191933,-0.0026043316604699197,-0.004610733033186343,2.070333742874982,0.03125,1.0223048327137547,Breakout,0.10056094425616455,-0.029215846675236648,0.0713450975809279,79.8,79.8,0.0121212121212122,0.04311377245508985,-0.0239520958083832,-0.003592814371257469,0.011976047904191711,0.003592814371257358,0.0011976047904191933,0.02511961722488043
8050,廣積,20230330,20230331,88.8,20230412,81.6,5,Close Confirmed Stop,20230411,0,-0.08108108108108114,-0.08455587622254294,-0.08638767292819127,4.222382803987016,0.06730769230769229,1.0325581395348837,Extended Breakout,0.10511811023622047,0.0,0.10511811023622047,83.6,84.36,0.0,0.007882882882882969,-0.08333333333333326,-0.029279279279279202,-0.03153153153153154,-0.07995495495495486,,0.015931372549019773
8050,廣積,20230613,20230614,86.3,20230621,85.0,5,Day 5 Weakness,20230620,0,-0.015063731170335992,-0.018796252098764562,-0.02075964195613248,6.10568847323739,0.03771289537712885,1.0203349282296652,Breakout,0.06873087878468193,0.0,0.06873087878468193,83.6,83.6,0.011723329425556761,0.03823870220162218,-0.023174971031286185,0.02549246813441486,-0.008111239860950192,-0.009269988412514474,,0.12117647058823522
8050,廣積,20230704,20230705,102.5,20230710,93.7,3,Close Confirmed Stop,20230707,0,-0.08585365853658533,-0.08932603032529553,-0.09114829775726811,3.060301281185048,0.034658511722732044,1.034658511722732,Extended Breakout,0.0595644014223627,0.02101935993678388,0.08058376135914658,96.6,97.375,0.009852216748768461,0.034146341463414664,-0.06731707317073177,-0.019512195121951237,-0.05268292682926834,,,0.15261472785485597
8054,安國,20251002,20251003,107.5,20251015,104.5,6,Trailing Stop,20251014,0,-0.027906976744186074,-0.031595260710893365,-0.03354629123612412,4.265700269589429,0.04950495049504955,0.9906542056074766,Pre-breakout,0.030711518944519622,0.0,0.030711518944519622,98.1,102.125,0.014150943396226356,0.08372093023255811,-0.06511627906976747,0.0,-0.027906976744186074,0.023255813953488413,,0.3014354066985645
8054,安國,20251016,20251017,118.0,20251030,129.0,8,Trailing Stop,20251029,0,0.09322033898305082,0.0890808431163287,0.0868852584040585,3.5282928176230555,0.052863436123347984,1.0257510729613735,Breakout,0.0802887381658895,0.0,0.0802887381658895,115.0,115.0,-0.012552301255230103,0.2542372881355932,0.0,0.008474576271186418,0.07203389830508478,0.19067796610169485,0.09322033898305082,-0.003875968992248069
8064,東捷,20240528,20240529,38.55,20240603,37.05,3,Close Confirmed Stop,20240531,0,-0.03891050583657585,-0.04256113371928316,-0.04444833194194029,4.935901881105271,0.022727272727272707,1.021361815754339,Breakout,0.06086597559856894,0.0,0.06086597559856894,37.4,37.4,0.007843137254901933,0.03631647211413758,-0.07263294422827493,-0.009079118028534228,-0.055771725032425334,,,0.029689608636977116
8064,東捷,20241023,20241024,71.6,20241029,65.7,3,Close Confirmed Stop,20241028,0,-0.08240223463687135,-0.08587612889435142,-0.08770528796750496,4.705523902379574,0.05147058823529416,1.0407569141193596,Extended Breakout,0.08863400843490754,0.0,0.08863400843490754,67.5,68.02,0.0013986013986013734,0.032122905027933024,-0.08379888268156421,-0.020949720670391025,-0.08379888268156421,,,0.015220700152207112
8064,東捷,20250814,20250815,42.3,20250826,42.75,8,Day 8 Time Stop,20250826,0,0.010638297872340496,0.006801054571755306,0.004781024817971267,3.305172058520503,0.02669902912621347,1.0023696682464454,Breakout,0.068348997926745,0.0,0.068348997926745,41.05,41.05,0.0,0.05910165484633567,-0.03427895981087459,0.014184397163120588,0.021276595744680993,0.007092198581560405,0.010638297872340496,0.11111111111111116
8064,東捷,20260318,20260319,67.5,20260323,63.0,2,Close Confirmed Stop,20260320,0,-0.06666666666666665,-0.07020879194183177,-0.07206931101157303,2.030965216890816,0.021276595744680993,0.9970326409495549,Pre-breakout,0.12472234780575259,0.0,0.12472234780575259,64.9,64.9,0.004464285714285587,0.03555555555555556,-0.059259259259259234,-0.007407407407407418,,,,0.2317460317460316
8069,元太,20220325,20220328,172.5,20220406,178.0,5,Trailing Stop,20220401,0,0.03188405797101446,0.027985730794352612,0.025928745127988113,2.6259779773978558,0.026086956521739202,1.0260869565217392,Breakout,0.08807890979567783,0.018421196527191316,0.10650010632286913,172.5,172.5,-0.025423728813559365,0.13623188405797104,-0.01449275362318836,0.05217391304347818,0.04057971014492745,0.04637681159420293,,-0.005617977528089901
8069,元太,20230517,20230518,202.0,20230519,198.0,1,Close Confirmed Stop,20230518,0,-0.01980198019801982,-0.023538852480941553,-0.025492773440057282,1.9875978535018555,0.030303030303030276,1.0049261083743843,Breakout,0.22335707084790116,0.04946268848802042,0.27281975933592156,201.0,201.0,-0.009803921568627416,0.007425742574257432,-0.01980198019801982,-0.017326732673267342,,,,0.07575757575757569
8069,元太,20231227,20231228,202.0,20240103,193.5,3,Close Confirmed Stop,20240102,0,-0.04207920792079212,-0.04570683429182827,-0.04761637223938503,2.5132490281067073,0.04909560723514206,1.0074441687344913,Breakout,0.1537648959455234,0.03338324705555362,0.18714814300107702,195.5,195.5,-0.0049261083743842304,0.0024752475247524774,-0.04207920792079212,-0.0024752475247524774,-0.034653465346534684,,,0.023255813953488413
8069,元太,20240215,20240216,230.0,20240220,221.5,2,Close Confirmed Stop,20240219,0,-0.036956521739130443,-0.040585718106445574,-0.042505485623824564,1.8971282394859457,0.055299539170506895,1.040909090909091,Extended Breakout,0.3073151151782897,0.05992735878826128,0.36724247396655096,224.5,224.5,0.004366812227074135,0.008695652173912993,-0.03913043478260869,-0.017391304347826098,,,,0.06546275395033851
8069,元太,20240229,20240301,248.0,20240308,241.0,5,Day 5 Weakness,20240307,0,-0.028225806451612878,-0.03194276501410721,-0.03387987823537928,2.0545149992386174,0.06956521739130439,1.0423728813559323,Extended Breakout,0.1662248452899381,0.11271582053632821,0.2789406658262663,233.0,235.6,0.008130081300812941,0.040322580645161255,-0.056451612903225756,0.02016129032258074,-0.028225806451612878,-0.032258064516129004,,-0.0020746887966804906
8069,元太,20240612,20240613,249.0,20240620,240.0,5,Day 5 Weakness,20240619,0,-0.03614457831325302,-0.039776528837147065,-0.04169791470322053,2.7827663057048,0.04516129032258065,1.0103950103950103,Breakout,0.2407013919506204,0.07496674434716886,0.3156681362977893,232.0,236.54999999999998,0.024691358024691468,0.01807228915662651,-0.050200803212851364,-0.010040160642570295,-0.012048192771084376,-0.04216867469879515,,0.05833333333333335
8069,元太,20240703,20240704,270.0,20240711,270.0,5,Day 5 Weakness,20240710,0,0.0,-0.0038022813688212928,-0.005795687520679085,2.104168271823715,0.05162523900573612,1.0223048327137547,Breakout,-0.0020215562096750216,0.035604495584693606,0.033582939375018585,260.0,260.0,-0.018181818181818188,0.03888888888888897,-0.04814814814814816,0.0185185185185186,-0.025925925925925908,-0.012962962962962954,,0.031481481481481444
8069,元太,20250811,20250812,261.0,20250814,268.5,2,Trailing Stop,20250813,0,0.028735632183908066,0.024826983807028153,0.022776298931720354,3.5579524781368033,0.0600414078674949,1.0406504065040652,Extended Breakout,0.22027708072365854,-0.013197897201059614,0.20707918352259894,245.0,247.95,0.01953125,0.09578544061302674,-0.017241379310344862,0.021072796934865856,,,,-0.027932960893854775
8070,長華*,20240325,20240326,40.9,20240328,39.7,2,Close Confirmed Stop,20240327,0,-0.02933985330073341,-0.03302913806153031,-0.034969091555542196,2.2888827309058093,0.025188916876574208,1.0213299874529487,Breakout,0.027486724716675303,0.0,0.027486724716675303,39.75,39.75,0.004914004914004844,0.008557457212714059,-0.03422982885085568,-0.02689486552567244,,,,0.10705289672544072
8070,長華*,20240408,20240409,43.65,20240416,41.2,5,Close Confirmed Stop,20240415,0,-0.056128293241695215,-0.059705895588433755,-0.06159263371607139,1.950371856445174,0.03436018957345954,1.028268551236749,Breakout,0.06476655737990429,0.0,0.06476655737990429,42.05,42.05,0.0,0.002290950744558984,-0.056128293241695215,-0.012600229095074411,-0.032073310423825885,-0.056128293241695215,,-0.0012135922330097637
8070,長華*,20240513,20240514,47.75,20240524,48.75,8,Trailing Stop,20240523,0,0.020942408376963373,0.01706723557451915,0.015025904951385623,1.8673307417434906,0.025974025974025983,1.025974025974026,Breakout,0.16341032313506337,0.0,0.16341032313506337,45.1,45.3625,0.007383966244725704,0.12879581151832453,-0.012565445026178068,0.013612565445026092,-0.012565445026178068,0.09528795811518309,0.030366492146596924,0.16307692307692312
8070,長華*,20240530,20240531,54.8,20240604,51.5,2,Close Confirmed Stop,20240603,0,-0.06021897810218968,-0.06379636916592187,-0.06564289715638891,2.6405545979044027,0.06407766990291264,1.0166975881261595,Breakout,-0.3006629796373261,0.4256388948053898,0.12497591516806372,51.0,52.059999999999995,0.0,0.034671532846715536,-0.07116788321167877,-0.034671532846715314,,,,0.01553398058252431
8070,長華*,20240823,20240826,54.8,20240903,60.9,6,Trailing Stop,20240902,0,0.11131386861313874,0.10710093505315521,0.10487791883038891,4.0808645953237805,0.050290135396518165,1.0342857142857143,Extended Breakout,0.01603415947655376,0.07757579760813298,0.09360995708468674,51.0,52.059999999999995,0.009208103130755152,0.17700729927007308,-0.02372262773722622,0.06569343065693434,0.0565693430656935,0.13686131386861322,,0.016420361247947435
8070,長華*,20250529,20250602,48.3,20250604,43.65,2,Close Confirmed Stop,20250603,0,-0.09627329192546585,-0.0997007295134689,-0.10150775248161373,3.2796849350744237,0.04207119741100307,1.0062499999999999,Breakout,-0.030778986545179278,0.23861411539136657,0.2078351288461873,46.25,46.25,0.0,0.006211180124223725,-0.0993788819875776,-0.039337474120082816,,,,0.01145475372279492
8070,長華*,20251112,20251113,47.3,20251117,46.65,2,Close Confirmed Stop,20251114,0,-0.013742071881606699,-0.01750321664522232,-0.019441798458797586,2.1943985334787834,0.024784482758620552,0.990625,Pre-breakout,0.04215145192248767,-0.007537432363833826,0.03461401955865384,46.45,46.45,-0.00525762355415349,0.010570824524312794,-0.033826638477801096,-0.009513742071881492,,,,-0.025723472668810143
8070,長華*,20260112,20260113,47.6,20260120,46.85,5,Day 5 Weakness,20260119,0,-0.015756302521008347,-0.01951666666666667,-0.021451262357090536,1.8246949157897405,0.03512623490669586,1.0042598509052183,Breakout,0.5366867646943262,-0.029342115877999377,0.5073446488163268,45.9,45.9,0.009544008483563182,0.007352941176470562,-0.03361344537815125,-0.018907563025210017,-0.018907563025210017,-0.013655462184873901,,0.07150480256136604
8070,長華*,20260122,20260123,49.5,20260130,47.0,5,Close Confirmed Stop,20260129,0,-0.0505050505050505,-0.054083774867539736,-0.05598244182391143,2.5561931475282056,0.02751322751322749,0.9808080808080808,Pre-breakout,0.19790402142752367,-0.0507184415383507,0.14718557988917297,47.8,47.8,0.019567456230690006,0.0121212121212122,-0.08080808080808077,-0.00303030303030305,-0.015151515151515138,-0.045454545454545414,,0.02127659574468077
8070,長華*,20260409,20260410,47.05,20260417,46.9,5,Day 5 Weakness,20260416,0,-0.0031880977683315104,-0.006988995375689745,-0.008948630835341052,2.1047806099804274,0.05875706214689269,1.0053648068669527,Breakout,0.20208421098353344,0.0029676548552654493,0.20505186583879886,44.4,44.6975,0.004268943436499306,0.046758767268862966,-0.022316684378320906,0.011689691817215797,0.020191285866099973,-0.01381509032943673,,0.07889125799573571
8070,長華*,20260417,20260420,49.0,20260427,47.25,5,Day 5 Weakness,20260424,0,-0.0357142857142857,-0.0394,-0.041328216904747146,2.1703564403271463,0.04094827586206895,0.980710659898477,Pre-breakout,0.23514918546950467,-0.14873598301024007,0.0864132024592646,46.15,46.55,0.01449275362318847,0.03265306122448974,-0.0653061224489796,-0.010204081632653073,0.009183673469387754,-0.043877551020408134,,0.03915343915343916
8071,能率網通,20260617,20260618,29.45,20260623,27.7,2,Close Confirmed Stop,20260622,0,-0.05942275042444822,-0.06299992331313913,-0.06484504537288255,2.933634268152132,0.020270270270270174,1.0202702702702702,Breakout,0.041439900637698354,0.0,0.041439900637698354,29.0,29.0,-0.024834437086092676,0.011884550084889645,-0.05772495755517826,-0.001697792869269965,,,,0.19855595667870052
8086,宏捷科,20230220,20230221,82.0,20230223,78.0,2,Close Confirmed Stop,20230222,0,-0.04878048780487809,-0.05236791129517066,-0.05426410644893399,2.0323594459317893,0.0533159947984394,1.0087173100871731,Breakout,0.13142857142857142,0.016992481203007517,0.14842105263157895,76.6,77.89999999999999,0.012345679012345734,0.013414634146341475,-0.056097560975609695,-0.03414634146341455,,,,0.019230769230769162
8086,宏捷科,20230607,20230608,93.2,20230613,91.5,3,Close Confirmed Stop,20230612,0,-0.018240343347639465,-0.021975194793044942,-0.023932237228939376,3.8485684390754304,0.04017857142857162,0.9989281886387996,Pre-breakout,0.049505892436254556,0.0,0.049505892436254556,90.0,90.0,0.0,0.011802575107296098,-0.04828326180257514,-0.03326180257510736,-0.03648068669527904,,,0.016393442622950838
8086,宏捷科,20231107,20231108,120.5,20231117,127.0,8,Day 8 Time Stop,20231117,0,0.053941908713692976,0.04993979127642494,0.047838854150473974,3.993496341692202,0.030042918454935563,1.00418410041841,Breakout,0.009970479534325049,0.04568973482398596,0.055660214358311005,116.5,116.5,0.004166666666666652,0.11203319502074693,-0.012448132780082943,0.020746887966804906,0.09543568464730301,0.08713692946058083,0.053941908713692976,0.09448818897637801
8086,宏捷科,20240205,20240215,130.0,20240226,143.0,7,Trailing Stop,20240223,0,0.10000000000000009,0.09581438887403049,0.0936216472568542,2.675653874024145,0.03658536585365857,0.9883720930232558,Pre-breakout,0.038634633587405966,0.0043839984058187615,0.043018631993224726,126.5,126.5,0.019607843137254832,0.17692307692307696,-0.019230769230769273,0.007692307692307665,0.12307692307692308,0.13461538461538458,,0.14335664335664333
8086,宏捷科,20240305,20240306,153.5,20240311,147.0,3,Close Confirmed Stop,20240308,0,-0.04234527687296419,-0.045968374826762845,-0.0478773868362643,2.68078626624628,0.02341137123745818,1.0,Breakout,0.004591039505627897,0.022192795311312196,0.02678383481694009,150.5,150.5,0.0032679738562091387,0.07491856677524433,-0.06514657980456029,0.019543973941368087,-0.03583061889250816,,,0.09183673469387754
8086,宏捷科,20250718,20250721,94.5,20250724,90.0,3,Close Confirmed Stop,20250723,0,-0.04761904761904767,-0.05123713232227172,-0.05313561716083635,7.73932714058815,0.061797752808988804,1.0453539823008848,Extended Breakout,0.0743737361251885,0.0,0.0743737361251885,88.1,89.77499999999999,0.0,0.04550264550264549,-0.060317460317460325,0.015873015873015817,-0.059259259259259234,,,0.08333333333333326
8086,宏捷科,20250801,20250804,102.0,20250813,107.0,8,Day 8 Time Stop,20250813,0,0.0490196078431373,0.045033333333333335,0.042962038815571625,2.3821707099041336,0.06993736951983309,1.0374493927125505,Extended Breakout,0.03492520130850529,0.012204328132863613,0.047129529441368896,93.4,96.89999999999999,-0.004878048780487809,0.10294117647058831,-0.045098039215686225,0.009803921568627416,-0.020588235294117574,0.03921568627450989,0.0490196078431373,0.07476635514018692
8086,宏捷科,20251105,20251106,120.0,20251111,114.5,3,Close Confirmed Stop,20251110,0,-0.04583333333333328,-0.04944688791150206,-0.051330013354775765,2.126831641028759,0.04347826086956519,0.995850622406639,Pre-breakout,0.11210689568390587,5.033345916698125e-05,0.11215722914307286,112.0,114.0,0.0,0.012499999999999956,-0.06666666666666665,-0.004166666666666652,-0.054166666666666696,,,0.03493449781659397
8086,宏捷科,20260112,20260113,116.5,20260120,110.5,5,Close Confirmed Stop,20260119,0,-0.05150214592274682,-0.055087221433937066,-0.056977983496706894,1.9979200596511195,0.03603603603603611,0.9871244635193133,Pre-breakout,0.08223169345672998,0.0,0.08223169345672998,111.0,111.0,0.01304347826086949,0.008583690987124415,-0.05150214592274682,-0.025751072961373356,-0.025751072961373356,-0.05150214592274682,,0.1945701357466063
8086,宏捷科,20260121,20260122,128.0,20260129,123.5,5,Day 5 Weakness,20260128,0,-0.03515625,-0.03884661593912695,-0.04076991921571385,4.853702092586657,0.020576131687242816,1.0205761316872428,Breakout,0.05502266828170964,0.0,0.05502266828170964,121.0,121.6,0.032258064516129004,0.03125,-0.05078125,-0.01953125,-0.0390625,-0.03515625,,-0.03238866396761131
8086,宏捷科,20260417,20260420,150.0,20260424,137.0,4,Close Confirmed Stop,20260423,0,-0.08666666666666667,-0.09013061442089831,-0.09196864697233507,3.7271626954286,0.05319148936170204,1.0,Breakout,0.031096825787401576,-5.807086614173228e-06,0.031091018700787402,141.0,142.5,0.010101010101010166,0.06000000000000005,-0.09999999999999998,0.0,-0.0033333333333332993,,,0.10218978102189791
8088,品安,20230915,20230918,37.7,20230925,37.7,5,Day 5 Weakness,20230922,0,0.0,-0.0038020911501325722,-0.005800278357155606,1.934998639804132,0.029972752043596618,0.984375,Pre-breakout,0.06142206197004517,0.0,0.06142206197004517,36.3,36.3,-0.002645502645502451,0.06631299734748008,-0.039787798408488007,-0.009283819628647216,-0.019893899204244003,-0.003978779840848934,,0.11405835543766574
8088,品安,20231114,20231115,40.9,20231122,40.0,5,Day 5 Weakness,20231121,0,-0.022004889975550057,-0.025730452091745407,-0.027685068254555304,2.5782728470475504,0.030456852791878264,1.016270337922403,Breakout,0.026862645717181957,0.0,0.026862645717181957,39.1,39.1,0.00738916256157629,0.023227383863080764,-0.041564792176039034,0.0012224938875307068,-0.02689486552567244,-0.025672371638141733,,0.03750000000000009
8088,品安,20251224,20251226,44.9,20260107,49.25,8,Day 8 Time Stop,20260107,0,0.0968819599109132,0.0927105968298828,0.0905511659268256,2.024166466778604,0.049636803874092195,0.9874715261958998,Pre-breakout,0.09791082008107266,0.0,0.09791082008107266,41.2,42.654999999999994,0.035755478662053086,0.13585746102449892,-0.04008908685968815,-0.0055679287305122616,0.03340757238307357,0.04120267260579058,0.0968819599109132,0.18375634517766493
8088,品安,20260107,20260108,49.5,20260112,54.0,2,Trailing Stop,20260109,0,0.09090909090909083,0.0867739678096571,0.08459250541377929,3.5611175618916557,0.053475935828877,1.0010162601626016,Breakout,0.05101465353857532,0.0,0.05101465353857532,47.7,47.7,0.0050761421319796,0.16767676767676765,-0.016161616161616155,0.09292929292929286,,,,0.35370370370370363
8088,品安,20260525,20260526,59.6,20260528,61.2,2,Trailing Stop,20260527,0,0.02684563758389258,0.022967043226589583,0.020912383006039554,3.4565038435228232,0.05096660808435849,0.9884297520661156,Pre-breakout,0.049627890679747724,0.0,0.049627890679747724,56.1,56.62,-0.0033444816053510573,0.11409395973154379,-0.023489932885906062,0.01342281879194629,,,,0.11111111111111116
8089,康全電訊,20240516,20240517,92.8,20240528,109.5,8,Day 8 Time Stop,20240528,0,0.1799568965517242,0.175482885574794,0.173116867523865,3.2074700288830567,0.059302325581395365,1.017877094972067,Breakout,0.13336355394378965,0.0,0.13336355394378965,86.8,88.16,0.01866081229418226,0.1799568965517242,-0.010775862068965525,0.02155172413793105,0.037715517241379226,0.04849137931034475,0.1799568965517242,0.03196347031963476
8096,擎亞,20250206,20250207,52.4,20250218,77.7,8,Day 8 Time Stop,20250218,0,0.48282442748091614,0.47719511219017646,0.4742293891230138,6.9741894101598145,0.04239917269906912,1.0349075975359343,Extended Breakout,0.034197999806510906,0.0,0.034197999806510906,49.2,49.779999999999994,0.039682539682539764,0.48282442748091614,-0.048664122137404564,0.03053435114503822,0.13931297709923673,0.23282442748091592,0.48282442748091614,0.052767052767052736
8103,瀚荃,20220103,20220104,54.1,20220111,51.0,5,Close Confirmed Stop,20220110,0,-0.0573012939001849,-0.060880353795767034,-0.06276600223464443,3.127636024984031,0.05642023346303504,1.0092936802973977,Breakout,0.12251890622185059,0.0,0.12251890622185059,51.1,51.394999999999996,-0.0036832412523019054,0.038817005545286554,-0.06284658040665436,0.025878003696857554,-0.025878003696857665,-0.060998151571164616,,-0.01764705882352935
8103,瀚荃,20240711,20240712,71.5,20240716,73.4,2,Trailing Stop,20240715,0,0.02657342657342676,0.022692314108873797,0.020645914461607483,2.041175403237173,0.03790087463556868,1.0379008746355687,Extended Breakout,0.10023740623837081,0.006829361743713176,0.10706676798208399,70.4,70.4,0.004213483146067398,0.16643356643356655,0.0,0.09510489510489517,,,,0.04223433242506802
8103,瀚荃,20260424,20260427,106.5,20260504,121.5,4,Trailing Stop,20260430,0,0.14084507042253525,0.13651318536332815,0.13423901318275783,2.617399252656647,0.04950495049504955,0.986046511627907,Pre-breakout,0.036182834941476776,0.0,0.036182834941476776,102.0,102.0,0.004716981132075526,0.2816901408450705,-0.05164319248826288,0.0938967136150235,0.16901408450704225,,,0.04526748971193406
8110,華東,20240620,20240621,20.55,20240626,21.5,3,Trailing Stop,20240625,0,0.04622871046228716,0.04224281492076032,0.04018786328302644,1.9485002962908473,0.05398457583547556,1.0,Breakout,0.33867465050382256,0.0,0.33867465050382256,19.55,19.55,0.0024390243902439046,0.14111922141119204,-0.012165450121654486,0.007299270072992581,0.04136253041362514,,,0.04418604651162794
8111,立碁,20241211,20241212,46.3,20241223,53.6,7,Trailing Stop,20241220,0,0.15766738660907142,0.15326630650591816,0.15095860494773877,2.00123109726303,0.03359462486002229,0.9871657754010695,Pre-breakout,0.034780807580014325,0.0,0.034780807580014325,43.0,43.98499999999999,0.003250270855904569,0.23974082073434122,-0.06695464362850956,-0.02051835853131745,-0.004319654427645703,0.025917926565874883,,0.0671641791044777
8111,立碁,20251030,20251031,57.0,20251104,58.2,2,Trailing Stop,20251103,0,0.021052631578947434,0.01717676868707077,0.015134018588827776,3.469427007745974,0.027027027027026973,0.9947643979057592,Pre-breakout,0.09597561734154382,0.0,0.09597561734154382,53.6,54.15,0.0,0.14035087719298245,0.0,0.07894736842105265,,,,0.21993127147766312
8111,立碁,20251106,20251107,67.3,20251111,63.0,2,Close Confirmed Stop,20251110,0,-0.0638930163447251,-0.06743879441264332,-0.06930484884212369,9.157114303773682,0.027355623100303816,1.0273556231003038,Breakout,0.061201227256152,0.0,0.061201227256152,65.7,65.7,-0.004437869822485174,0.02377414561664204,-0.08915304606240715,-0.011887072808320909,,,,0.17460317460317465
8112,至上,20230607,20230608,49.2,20230619,48.85,8,Day 8 Time Stop,20230619,0,-0.0071138211382114624,-0.010880806544163811,-0.012860040006715099,3.090881197743829,0.020768431983385183,1.01340206185567,Breakout,0.167590705833887,0.09357450690161066,0.26116521273549764,48.3,48.3,0.0010172939979655737,0.026422764227642226,-0.014227642276422814,0.0060975609756097615,0.014227642276422703,0.024390243902439046,-0.0071138211382114624,0.0051177072671442225
8112,至上,20231213,20231214,72.8,20231218,68.9,2,Close Confirmed Stop,20231215,0,-0.05357142857142849,-0.05714933212466992,-0.05904466125786511,4.073703924817302,0.037735849056603765,1.0,Breakout,0.06619276538241523,0.01764902341173306,0.08384178879414829,68.7,69.16,0.018181818181818077,0.013736263736263687,-0.06593406593406592,-0.02335164835164838,,,,-0.05950653120464455
8112,至上,20240306,20240307,69.8,20240314,68.3,5,Day 5 Weakness,20240313,0,-0.021489971346704828,-0.02522015475928189,-0.027170712398561427,2.97169101471226,0.03881987577639756,1.0014970059880242,Breakout,0.037347353639143224,0.02174792876253157,0.05909528240167479,63.6,66.30999999999999,0.04334828101644228,0.025787965616045794,-0.05300859598853869,-0.032951289398280736,-0.017191977077363974,-0.02005730659025773,,0.14494875549048336
8112,至上,20260312,20260313,88.4,20260323,83.8,6,Trailing Stop,20260320,0,-0.05203619909502277,-0.055617820117680065,-0.05750751970181668,3.846279578363314,0.04449648711943799,1.044496487119438,Extended Breakout,0.2641673549921879,0.021738781301824557,0.28590613629401246,86.3,86.3,-0.008968609865470767,0.10746606334841635,-0.05090497737556565,-0.015837104072398245,0.035067873303167296,0.037330316742081315,,0.020286396181384392
8112,至上,20260601,20260602,93.0,20260609,86.0,5,Close Confirmed Stop,20260608,0,-0.07526881720430112,-0.07877695440283063,-0.08062032658055325,1.9368380775987901,0.031602708803611934,1.0099447513812154,Breakout,0.04003968165635331,0.01787192038520631,0.05791160204155962,88.3,88.35,0.017505470459518557,0.06451612903225801,-0.10107526881720441,0.016129032258064502,0.027956989247311714,-0.08924731182795698,,0.20930232558139528
8112,至上,20260612,20260615,101.0,20260616,98.0,1,Close Confirmed Stop,20260615,0,-0.02970297029702973,-0.03338998300509847,-0.03533661817784373,1.8597832069324607,0.034554973821989465,0.997979797979798,Pre-breakout,0.08176106277543967,-0.0051032677413606715,0.07665779503407899,98.2,98.2,0.022267206477732726,0.0,-0.04158415841584162,-0.036633663366336666,,,,0.05612244897959173
8114,振樺電,20220803,20220804,158.0,20220811,155.5,5,Day 5 Weakness,20220810,0,-0.015822784810126556,-0.019565508468902724,-0.021527369943052672,3.021768398334022,0.045751633986928164,1.0457516339869282,Extended Breakout,0.04790827936209307,0.04866125281329002,0.0965695321753831,151.5,151.5,-0.012499999999999956,0.06962025316455689,-0.04113924050632911,0.05696202531645578,-0.015822784810126556,-0.015822784810126556,,0.048231511254019255
8121,越峰,20260521,20260522,37.55,20260529,41.0,5,Trailing Stop,20260528,0,0.09187749667110534,0.08773755791959817,0.08556099107841186,2.371235137915361,0.061079545454545414,1.0094594594594595,Breakout,0.0350133195663397,0.0,0.0350133195663397,36.0,36.0,0.0053547523427039945,0.15845539280958731,0.0,0.053262316910785534,0.10519307589880178,0.06524633821571246,,0.019512195121951237
8131,福懋科,20251027,20251028,37.55,20251106,39.85,8,Day 8 Time Stop,20251106,0,0.06125166444740349,0.057224062528146845,0.05510854951061574,2.852977453012525,0.06559766763848396,0.9851752021563341,Pre-breakout,0.08355575863740537,0.0,0.08355575863740537,35.4,35.67249999999999,0.02735978112175097,0.06657789613848197,-0.0692410119840211,0.045272969374167804,-0.011984021304926706,0.0013315579227697327,0.06125166444740349,0.2722710163111668
8131,福懋科,20251223,20251224,58.6,20260106,66.5,7,Trailing Stop,20260105,0,0.1348122866894197,0.13048543559682999,0.12822330652928918,4.081440083296072,0.03374777975133214,1.0337477797513321,Extended Breakout,0.11975204513588678,0.0,0.11975204513588678,55.1,55.67,0.0068728522336769515,0.22866894197952226,-0.05290102389078499,-0.03412969283276446,-0.04095563139931735,0.10409556313993185,,0.0586466165413535
8131,福懋科,20260429,20260430,64.7,20260504,61.5,1,Close Confirmed Stop,20260430,0,-0.04945904173106652,-0.053043069130175154,-0.05493791312697741,2.6443551974750084,0.022328548644338087,0.9891975308641975,Pre-breakout,0.04662809258729293,-0.00011878043847719677,0.046509312148815735,63.3,63.3,0.009360374414976835,0.007727975270479082,-0.06646058732612059,-0.0602782071097373,,,,0.2195121951219512
8150,南茂,20220112,20220113,50.9,20220120,47.8,5,Close Confirmed Stop,20220119,0,-0.06090373280943029,-0.06444697103570612,-0.06632501520830249,3.5569592970670865,0.05520169851380041,1.0060728744939271,Breakout,0.1180435409175769,0.08314128535882645,0.20118482627640336,47.3,48.355,0.024144869215291687,0.035363457760314354,-0.06286836935166984,0.007858546168958647,-0.027504911591355596,-0.06090373280943029,,0.010460251046025215
8150,南茂,20230331,20230406,38.3,20230417,38.85,8,Day 8 Time Stop,20230417,0,0.01436031331592691,0.010521351026136053,0.008494399272598428,3.1954747874987626,0.022666666666666613,1.0145502645502646,Breakout,0.26766719913849857,0.013036748005972485,0.28070394714447106,37.5,37.5,-0.0013037809647979959,0.02872062663185382,-0.00652741514360311,0.02088772845953013,0.003916449086162066,0.022193211488250597,0.01436031331592691,0.006435006435006496
8150,南茂,20231204,20231205,41.85,20231214,43.35,8,Day 8 Time Stop,20231214,0,0.03584229390680993,0.031924901423110025,0.029860026029104463,2.309730781708873,0.021897810218977964,1.0144927536231885,Breakout,0.15248174628369518,0.04328566893486632,0.1957674152185615,40.95,40.95,-0.0035714285714285587,0.045400238948626104,-0.015531660692950977,0.0,-0.002389486260453988,0.013142174432496878,0.03584229390680993,0.03344867358708181
8150,南茂,20240304,20240305,45.35,20240314,47.55,8,Day 8 Time Stop,20240314,0,0.04851157662624028,0.04452395680322515,0.04242781595166658,3.4517876855331893,0.026166097838452806,1.0112107623318385,Breakout,0.19530322979472653,-0.0036013755314923284,0.19170185426323422,44.35,44.35,0.005543237250554389,0.0760749724366041,-0.012127894156560237,-0.005512679162072764,0.03969128996692395,0.034178610804851184,0.04851157662624028,0.10410094637223977
8150,南茂,20250918,20250919,30.05,20250926,29.7,5,Day 5 Weakness,20250925,0,-0.011647254575707255,-0.015409024095140738,-0.017382976314010472,2.323012376213209,0.03527336860670194,1.0085910652920962,Breakout,0.1499554795975376,-0.0005958055761331603,0.14935967402140443,28.6,28.6,0.023850085178875657,0.04159733777038266,-0.03660565723793685,-0.011647254575707255,0.01331114808652245,-0.0016638935108153063,,0.07407407407407396
8150,南茂,20260107,20260108,53.2,20260119,70.8,8,Day 8 Time Stop,20260119,0,0.3308270676691729,0.32575524970297287,0.3231357236133382,2.104554252884057,0.03300970873786424,1.0114068441064639,Breakout,0.054205839253264144,0.0008743121336200239,0.055080151386884164,50.7,50.7,0.0,0.3890977443609023,-0.08458646616541354,-0.003759398496240629,0.11278195488721798,0.1165413533834585,0.3308270676691729,0.029661016949152685
8155,博智,20220118,20220119,184.5,20220124,177.5,3,Close Confirmed Stop,20220121,0,-0.03794037940379402,-0.04157051603625297,-0.043488317370058746,3.442684175652069,0.029891304347826164,1.0298913043478262,Breakout,0.03128349349915206,0.03282726318339659,0.06411075668254866,178.0,178.0,-0.02638522427440637,0.05420054200542013,-0.04336043360433606,0.027100271002709952,-0.04336043360433606,,,0.13239436619718314
8155,博智,20230418,20230419,162.0,20230424,150.5,3,Close Confirmed Stop,20230421,0,-0.07098765432098764,-0.07452805016343139,-0.07634662103154163,3.935713672646125,0.03630363036303641,1.0363036303630364,Extended Breakout,0.016407852329329037,0.1626135364781717,0.17902138880750074,147.5,153.9,0.031847133757961776,0.030864197530864113,-0.08333333333333337,-0.012345679012345734,-0.07098765432098764,,,0.06644518272425248
8155,博智,20230714,20230717,182.5,20230718,181.0,1,Close Confirmed Stop,20230717,0,-0.008219178082191747,-0.011989847037606038,-0.013966868333136965,3.6331430000416787,0.0332409972299168,0.9920212765957447,Pre-breakout,0.0602306182531894,0.015640333660451422,0.07587095191364082,180.5,180.5,-0.02144772117962468,0.010958904109588996,-0.049315068493150704,-0.04109589041095896,,,,0.04143646408839774
8155,博智,20251112,20251113,174.5,20251117,163.0,2,Close Confirmed Stop,20251114,0,-0.06590257879656158,-0.0694604961224729,-0.07132252220486975,2.6380458194634815,0.038235294117647145,0.9971751412429378,Pre-breakout,0.09951773334672963,0.003215111021802472,0.1027328443685321,167.5,167.5,-0.011331444759206777,0.017191977077363862,-0.07449856733524352,-0.034383954154727836,,,,-0.018404907975460127
8155,博智,20260129,20260130,228.0,20260203,220.5,2,Close Confirmed Stop,20260202,0,-0.03289473684210531,-0.03659638554216867,-0.03852419208269309,2.0155298052801336,0.05180180180180183,1.0354767184035476,Extended Breakout,0.13919185774450163,-0.0008021926599371615,0.1383896650845645,218.0,218.0,-0.023554603854389677,0.013157894736842035,-0.09210526315789469,-0.03289473684210531,,,,0.027210884353741527
8171,天宇,20230302,20230303,66.6,20230310,63.5,5,Day 5 Weakness,20230309,0,-0.04654654654654644,-0.05016343139216852,-0.052064059773483544,2.6053694127647518,0.03779527559055129,0.9821162444113265,Pre-breakout,0.16468959323429255,-0.006735770684429144,0.15795382254986343,63.7,63.7,0.010622154779969417,0.01501501501501501,-0.04204204204204198,-0.007507507507507505,-0.0015015015015014122,-0.03153153153153143,,-0.006299212598425141
8183,精星,20220826,20220829,65.2,20220907,61.1,7,Close Confirmed Stop,20220906,0,-0.06288343558282206,-0.06642447673643515,-0.06830025558509867,4.821822815569945,0.06259780907668233,1.0287878787878788,Breakout,0.07376337865201041,0.0,0.07376337865201041,64.2,64.2,-0.0397643593519883,0.07055214723926362,-0.05368098159509205,0.02914110429447847,0.027607361963190247,0.03680981595092003,,0.06055646481178378
8210,勤誠,20230531,20230601,115.0,20230613,118.0,8,Trailing Stop,20230612,0,0.026086956521739202,0.022198448783097086,0.020153029700854176,7.700426087790558,0.04504504504504503,1.045045045045045,Extended Breakout,0.08548419780491898,0.01635008993138301,0.10183428773630199,111.5,111.5,-0.008620689655172376,0.11304347826086958,-0.0304347826086957,0.01304347826086949,0.008695652173912993,0.01304347826086949,0.004347826086956497,0.2838983050847457
8210,勤誠,20231130,20231201,252.5,20231205,242.5,2,Trailing Stop,20231204,0,-0.03960396039603964,-0.04324487536484718,-0.04515934100830858,2.8708341300420237,0.022312373225152227,1.0202429149797572,Breakout,0.02874674759297733,0.037025810899754805,0.06577255849273213,245.0,245.0,0.001984126984126977,0.1287128712871286,-0.011881188118811892,0.09702970297029712,,,,0.13814432989690717
8210,勤誠,20240119,20240122,317.0,20240126,298.5,4,Close Confirmed Stop,20240125,0,-0.05835962145110407,-0.061925528346192554,-0.06380261019193204,1.8375359191730294,0.05263157894736836,1.0264900662251655,Breakout,0.05821126093570507,0.01539522684575671,0.07360648778146178,296.5,301.15,0.022580645161290214,0.018927444794952786,-0.056782334384858024,-0.014195583596214534,-0.04416403785488954,,,-0.011725293132328285
8210,勤誠,20240513,20240514,303.0,20240521,297.0,5,Day 5 Weakness,20240520,0,-0.01980198019801982,-0.023526275450698124,-0.025484523751152382,2.4417253522454168,0.034782608695652195,0.9818481848184818,Pre-breakout,0.1370529403323045,0.03930182014261604,0.17635476047492055,285.5,287.84999999999997,0.018487394957983128,0.013201320132013139,-0.04620462046204621,-0.044554455445544594,-0.03300330033003296,-0.02970297029702973,,0.17003367003366998
8210,勤誠,20240716,20240717,315.0,20240719,297.0,2,Close Confirmed Stop,20240718,0,-0.05714285714285716,-0.06072752780839764,-0.06260702424422926,4.105851238585855,0.05166666666666675,1.0063795853269537,Breakout,0.055036730089535385,0.0055693469452772724,0.060606077034812654,301.5,301.5,-0.0015847860538826808,0.00952380952380949,-0.07460317460317456,-0.015873015873015928,,,,-0.01851851851851849
8210,勤誠,20250611,20250612,374.0,20250623,470.0,8,Day 8 Time Stop,20250623,0,0.25668449197860954,0.2519043164506214,0.24939923743204695,2.089024894300163,0.042465753424657526,1.0353741496598639,Extended Breakout,0.10285321729932774,0.02847628297519921,0.13132950027452694,365.0,365.0,-0.01708278580814715,0.3315508021390374,-0.002673796791443861,0.022727272727272707,0.12566844919786102,0.23930481283422456,0.25668449197860954,0.09361702127659566
8215,明基材,20230605,20230606,38.35,20230615,38.9,8,Day 8 Time Stop,20230615,0,0.014341590612777066,0.010502738178169855,0.008475817551174753,4.002708970255543,0.043656207366985056,1.0394021739130435,Extended Breakout,0.1410990878659233,-0.0039294073808653724,0.1371696804850579,37.15,37.15,0.002614379084967311,0.05084745762711851,-0.007822685788787642,0.006518904823989535,0.009126466753585527,0.00782268578878731,0.014341590612777066,0.0359897172236503
8222,寶一,20250804,20250805,53.8,20250812,51.4,5,Day 5 Weakness,20250811,0,-0.044609665427509215,-0.048227735784859845,-0.05013223124092832,2.3168506643725366,0.05870445344129549,0.994296577946768,Pre-breakout,0.09578194555936656,0.0,0.09578194555936656,48.25,51.10999999999999,0.028680688336520044,0.014869888475836479,-0.06319702602230481,-0.022304832713754608,-0.03345724907063197,-0.04275092936802971,,0.08949416342412464
8234,新漢,20230620,20230621,58.0,20230628,54.9,3,Close Confirmed Stop,20230627,0,-0.05344827586206902,-0.057027135142342845,-0.05892094235261429,1.997406340057637,0.05454545454545445,1.0193321616871704,Breakout,0.041462811420258226,0.0,0.041462811420258226,54.0,55.099999999999994,0.0,0.008620689655172376,-0.08103448275862069,-0.008620689655172376,-0.07241379310344831,,,0.04371584699453557
8234,新漢,20240507,20240508,56.9,20240509,55.8,1,Trailing Stop,20240508,0,-0.019332161687170446,-0.02305797328515285,-0.025019917868574628,5.951559790339237,0.06851851851851865,0.9982698961937717,Pre-breakout,0.0873380870005485,0.0,0.0873380870005485,53.4,54.05499999999999,-0.013864818024263537,0.09841827768014055,-0.019332161687170446,-0.019332161687170446,,,,0.02508960573476715
8234,新漢,20250724,20250725,93.9,20250805,105.5,8,Day 8 Time Stop,20250805,0,0.1235356762513311,0.11928145471048944,0.11704177450460054,5.401841536887575,0.05668934240362811,1.0275633958103638,Breakout,0.0368089792390419,0.0007812370140124,0.0375902162530543,87.7,89.205,0.007510729613734002,0.19808306709265167,-0.022364217252396235,0.0021299254526090383,0.010649627263045858,0.16613418530351431,0.1235356762513311,0.033175355450236976
8249,菱光,20250523,20250526,51.5,20250528,50.4,2,Close Confirmed Stop,20250527,0,-0.021359223300970953,-0.025085876271469094,-0.027043103205019462,2.1825053038684596,0.04200000000000004,0.9942748091603054,Pre-breakout,0.04834995367786262,0.0,0.04834995367786262,49.65,49.65,-0.01151631477927062,0.01747572815533971,-0.04757281553398063,-0.003883495145631133,,,,0.04960317460317465
8261,富鼎,20221123,20221124,108.5,20221205,117.0,8,Day 8 Time Stop,20221205,0,0.07834101382488479,0.0742372655050404,0.07208769817045832,5.435556799264253,0.06467661691542292,0.9907407407407407,Pre-breakout,0.030073310555866314,0.019854224444649606,0.049927535000515916,102.0,103.07499999999999,0.014018691588784993,0.12442396313364057,-0.009216589861751112,0.018433179723502224,0.05069124423963123,0.055299539170506895,0.07834101382488479,0.008547008547008517
8261,富鼎,20230131,20230201,115.0,20230208,114.0,5,Day 5 Weakness,20230207,0,-0.008695652173912993,-0.012469911741107249,-0.01444597704220486,3.428058530072837,0.027027027027026973,1.0133333333333334,Breakout,0.14733400410713263,0.0,0.14733400410713263,111.5,111.5,0.00877192982456143,0.017391304347825987,-0.0304347826086957,-0.004347826086956497,-0.021739130434782594,-0.013043478260869601,,0.030701754385964897
8261,富鼎,20260416,20260417,115.0,20260422,128.0,3,Trailing Stop,20260421,0,0.11304347826086958,0.10881920299545333,0.10660044953727077,2.2585920700320883,0.06422018348623859,1.0,Breakout,0.07931519582056121,-0.00029079886227853123,0.07902439695828267,105.5,109.25,-0.008620689655172376,0.19999999999999996,-0.004347826086956497,0.10869565217391308,0.11304347826086958,,,0.01953125
8271,宇瞻,20260108,20260109,130.0,20260115,120.5,4,Close Confirmed Stop,20260114,0,-0.07307692307692304,-0.0765913345814389,-0.07843907701248078,3.4187950631917228,0.06276150627615062,1.032520325203252,Extended Breakout,0.03543859235089485,-0.00010855519473135613,0.0353300371561635,114.5,123.5,0.023622047244094446,0.06538461538461537,-0.10769230769230764,-0.011538461538461497,-0.04230769230769227,,,0.17427385892116187
8299,群聯,20230412,20230413,418.0,20230414,413.5,1,Close Confirmed Stop,20230413,0,-0.010765550239234423,-0.014533512967329068,-0.016505444641762092,1.9906571406139593,0.03667481662591676,1.0278787878787878,Breakout,-0.019094109259424293,0.1378041172800998,0.11871000802067552,414.5,414.5,-0.014150943396226467,0.0023923444976077235,-0.028708133971291905,-0.020334928229665095,,,,-0.0012091898428052694
8299,群聯,20230915,20230918,467.5,20230925,459.5,5,Day 5 Weakness,20230922,0,-0.01711229946524062,-0.02084725377522384,-0.02280654911300737,3.52439779959822,0.06165919282511201,1.039517014270033,Extended Breakout,0.055939855527638194,0.09165538630653267,0.14759524183417086,449.5,449.5,-0.012671594508975703,0.022459893048128343,-0.048128342245989275,0.002139037433155133,-0.016042780748663055,-0.021390374331550777,,0.05114254624591941
8358,金居,20221114,20221115,52.3,20221122,50.9,5,Day 5 Weakness,20221121,0,-0.026768642447418722,-0.03046040847367727,-0.0324004625158646,2.0893143495796687,0.06282183316168899,0.9904030710172744,Pre-breakout,0.015391276781232663,0.07262304176683486,0.08801431854806753,49.25,49.684999999999995,0.013565891472868241,0.019120458891013437,-0.042065009560229405,0.0,-0.009560229445506718,-0.028680688336520044,,0.056974459724950854
8358,金居,20230109,20230110,58.4,20230131,65.7,8,Day 8 Time Stop,20230131,0,0.125,0.12074591607943619,0.11850331103206178,4.640806328554793,0.02443280977312412,1.0017064846416381,Breakout,0.023362145678148278,0.07933809928510724,0.10270024496325551,57.6,57.6,-0.005110732538330609,0.13698630136986312,-0.008561643835616417,0.0,0.0034246575342467,0.008561643835616417,0.125,0.05022831050228316
8358,金居,20230201,20230202,68.1,20230209,68.0,5,Day 5 Weakness,20230208,0,-0.001468428781204012,-0.0052708833733652385,-0.007261356442338962,2.5113749620834596,0.025875190258751957,1.0150602409638554,Breakout,0.042643686983218784,0.1085022502878275,0.1511459372710463,65.8,65.8,0.010385756676557722,0.022026431718061623,-0.04111600587371511,-0.01615271659324513,-0.01615271659324513,-0.002936857562408024,,-0.005882352941176561
8358,金居,20230609,20230612,62.8,20230615,61.1,3,Close Confirmed Stop,20230614,0,-0.027070063694267454,-0.030763224282224732,-0.03270267461392742,3.5095251388581383,0.04111842105263164,1.0128,Breakout,-0.011293896623151405,0.04296931451418662,0.031675417891035215,61.1,61.1,-0.00789889415481837,0.006369426751592355,-0.03662420382165599,-0.015923566878980888,-0.031847133757961776,,,0.09328968903436974
8358,金居,20230621,20230626,65.3,20230628,61.3,2,Close Confirmed Stop,20230627,0,-0.061255742725880524,-0.06479971452107242,-0.06667876399705985,5.175193220198504,0.06209150326797386,1.022012578616352,Breakout,0.024855163916063027,0.0018669255470091853,0.026722089463072213,62.8,62.8,0.004615384615384466,0.003062787136294043,-0.07350689127105658,-0.02143950995405819,,,,0.034257748776509
8358,金居,20240402,20240403,63.5,20240417,63.0,8,Close Confirmed Stop,20240416,0,-0.007874015748031482,-0.011639541088580577,-0.013625239869432721,11.706395533951731,0.02392344497607657,1.0110236220472442,Breakout,0.05412833355895492,-2.2562158747348947e-05,0.05410577140020757,63.1,63.1,-0.010903426791277315,0.10236220472440949,-0.022047244094488216,0.011023622047244164,0.051968503937007915,0.058267716535433056,-0.015748031496062964,0.031746031746031855
8358,金居,20240515,20240516,72.0,20240523,70.7,5,Day 5 Weakness,20240522,0,-0.01805555555555549,-0.021786143372046433,-0.023743560035036127,5.9859033866254086,0.06481481481481488,1.0,Breakout,0.15991012992087525,0.001074533554752369,0.16098466347562762,65.4,68.39999999999999,0.04347826086956519,0.03750000000000009,-0.054166666666666696,-0.02499999999999991,-0.00694444444444442,-0.01805555555555549,,0.021216407355021172
8358,金居,20240710,20240711,73.5,20240718,71.5,5,Day 5 Weakness,20240717,0,-0.027210884353741527,-0.030933333333333334,-0.03284822354157235,2.5501221873652344,0.05604719764011801,0.9889502762430937,Pre-breakout,0.09507343626964292,0.0,0.09507343626964292,69.7,69.825,0.026536312849162025,0.06394557823129254,-0.027210884353741527,0.023129251700680253,-0.006802721088435382,-0.010884353741496544,,-0.006993006993006978
8358,金居,20250609,20250610,57.8,20250617,57.9,5,Day 5 Weakness,20250616,0,0.0017301038062282892,-0.00206929643921062,-0.00407348453691739,3.8484555135087564,0.0625,1.017605633802817,Breakout,0.034136145124716556,-0.0002216780045351474,0.0339144671201814,54.6,54.91,0.0,0.02595155709342567,-0.02595155709342556,-0.01384083044982698,-0.0017301038062282892,-0.0034602076124566894,,0.010362694300518172
8358,金居,20250718,20250721,86.4,20250730,114.0,8,Day 8 Time Stop,20250730,0,0.3194444444444444,0.31441545971033036,0.3118041757365933,3.377046081263793,0.02325581395348819,1.0232558139534882,Breakout,0.06831352960033683,0.01582767546566763,0.08414120506600446,82.3,82.3,0.03349282296650724,0.34259259259259256,-0.01041666666666674,0.04513888888888884,0.03703703703703698,0.1284722222222221,0.3194444444444444,0.05701754385964919
8358,金居,20260102,20260105,295.0,20260106,274.0,1,Close Confirmed Stop,20260105,0,-0.07118644067796609,-0.07471399335726507,-0.07656549572432274,3.923639260361078,0.04693140794223827,0.9914529914529915,Pre-breakout,0.042651597766101584,0.08119361554476058,0.12384521331086217,282.5,282.5,0.01724137931034475,0.011864406779660941,-0.09152542372881356,-0.07457627118644072,,,,0.018248175182481674
8383,千附,20260421,20260422,71.9,20260424,69.9,2,Close Confirmed Stop,20260423,0,-0.02781641168289295,-0.0315059861373661,-0.03345280502969132,4.518112329677634,0.04956268221574356,1.0495626822157436,Extended Breakout,0.04960854652570414,0.0,0.04960854652570414,70.5,70.5,-0.001388888888888773,0.0709318497913769,-0.08762169680111276,0.006954102920723182,,,,-0.047210300429184726
8390,金益鼎,20260113,20260114,105.0,20260119,98.5,3,Close Confirmed Stop,20260116,0,-0.06190476190476191,-0.06545412031933727,-0.06732414153270641,2.194930101183453,0.04020100502512558,1.0097560975609756,Breakout,0.07715216986403427,0.0,0.07715216986403427,98.7,99.75,0.01449275362318847,0.014285714285714235,-0.08285714285714285,-0.01904761904761909,-0.07428571428571429,,,0.055837563451776706
8404,百和興業-KY,20250221,20250224,30.0,20250304,28.2,5,Day 5 Weakness,20250303,0,-0.06000000000000005,-0.06357457017193123,-0.06541862463543707,2.364798736227032,0.04181184668989535,0.9803278688524589,Pre-breakout,0.04498184088100196,0.0,0.04498184088100196,28.35,28.5,0.0033444816053511683,0.053333333333333455,-0.050000000000000044,0.010000000000000009,-0.025000000000000022,-0.046666666666666634,,0.02304964539007104
8404,百和興業-KY,20251022,20251023,27.95,20251029,26.1,3,Close Confirmed Stop,20251028,0,-0.06618962432915909,-0.06972953785286805,-0.07159430923284649,3.344910838756656,0.06756756756756754,1.0355805243445693,Extended Breakout,0.07243539925229225,0.04069948854309398,0.11313488779538623,25.95,26.5525,0.010849909584086825,0.03935599284436497,-0.06976744186046513,0.0017889087656530744,-0.06618962432915909,,,-0.011494252873563204
8431,匯鑽科,20260105,20260106,76.6,20260113,74.3,5,Close Confirmed Stop,20260112,0,-0.030026109660574396,-0.033718702649302774,-0.035652249595604306,2.45427466322856,0.03508771929824572,1.0336927223719676,Extended Breakout,0.03070594457994182,0.0,0.03070594457994182,74.5,74.5,-0.0013037809647979959,0.06657963446475201,-0.058746736292428214,-0.009138381201044266,0.02872062663185382,-0.04177545691905993,,-0.014804845222072593
8436,大江,20230203,20230206,200.0,20230213,200.0,5,Day 5 Weakness,20230210,0,0.0,-0.0037984806077568972,-0.0057838334148743896,1.9498502353444587,0.04166666666666674,1.0256410256410255,Breakout,0.02476003226456947,0.02571082879612825,0.05047086106069772,191.5,191.5,0.0,0.03499999999999992,-0.025000000000000022,-0.0050000000000000044,-0.010000000000000009,-0.007499999999999951,,0.14500000000000002
8436,大江,20230215,20230216,208.0,20230301,212.5,7,Trailing Stop,20230224,0,0.02163461538461542,0.017754638900013348,0.015718102102717253,2.1375265485863486,0.02716049382716057,1.0048309178743962,Breakout,0.10320776617072913,0.02236994829587422,0.12557771446660335,198.5,198.5,0.0,0.12259615384615374,-0.004807692307692291,0.02163461538461542,0.07932692307692313,0.10336538461538458,,0.051764705882352935
8478,東哥遊艇,20220812,20220815,226.5,20220817,220.0,2,Close Confirmed Stop,20220816,0,-0.028697571743929395,-0.03239719157472417,-0.034333383500504855,1.871683439739866,0.04683840749414525,1.0,Breakout,0.02914872785734178,0.011515797413181053,0.04066452527052283,213.5,215.17499999999998,0.01342281879194629,0.0,-0.05960264900662249,-0.04856512141280356,,,,0.5454545454545454
8478,東哥遊艇,20220822,20220823,294.0,20220825,309.0,2,Trailing Stop,20220824,0,0.05102040816326525,0.047,0.04493243036466538,3.268422853306,0.02622377622377625,1.0262237762237763,Breakout,0.1038574006967666,-0.0015983435786384578,0.10225905711812815,277.5,279.3,0.0017035775127767216,0.15646258503401356,-0.020408163265306145,0.09693877551020402,,,,0.021035598705501535
8478,東哥遊艇,20221122,20221123,309.5,20221202,318.5,8,Day 8 Time Stop,20221202,0,0.029079159935379684,0.025164849952900012,0.023113485806409744,3.373637603404096,0.059336823734729593,1.0066334991708126,Breakout,0.025771392406854894,0.0014550486849369193,0.02722644109179181,285.0,294.025,0.01976935749588149,0.09531502423263327,-0.022617124394184174,0.008077544426494443,0.03392568659127626,0.04523424878836835,0.029079159935379684,0.042386185243328045
8926,台汽電,20230412,20230413,46.0,20230420,49.8,5,Trailing Stop,20230419,0,0.08260869565217388,0.07850953206239163,0.07634514881412698,3.1185544820159885,0.053960964408725554,1.0256983240223463,Breakout,0.027583423277185878,4.854176885720298e-05,0.02763196504604308,43.75,43.75,0.002178649237472907,0.15217391304347827,-0.033695652173913015,-0.023913043478260954,0.0684782608695651,0.060869565217391175,,0.014056224899598346
8926,台汽電,20260511,20260512,52.5,20260519,57.3,5,Trailing Stop,20260518,0,0.09142857142857141,0.08729055169309256,0.08510763116335776,4.762113618019345,0.048879837067209664,1.0467479674796747,Extended Breakout,0.15010330579049613,-0.002210319055270613,0.14789298673522552,49.3,49.875,0.01941747572815533,0.1942857142857144,-0.04571428571428571,-0.017142857142857126,0.0971428571428572,0.09523809523809534,,0.19895287958115193
8926,台汽電,20260525,20260526,63.5,20260529,68.8,3,Trailing Stop,20260528,0,0.08346456692913384,0.07936232657417285,0.077193828591687,2.1033905465299223,0.026272577996715896,0.996810207336523,Pre-breakout,0.25452146354448446,0.0016039246344393297,0.2561253881789238,59.2,60.324999999999996,0.016000000000000014,0.1417322834645669,-0.007874015748031482,0.0818897637795275,0.0598425196850394,,,0.07122093023255816
8932,智通*,20260525,20260526,105.5,20260528,101.0,2,Close Confirmed Stop,20260527,0,-0.042654028436018954,-0.04627343697871489,-0.04818183678542189,1.984228438615423,0.044554455445544594,1.0144230769230769,Breakout,0.035977127742337016,0.0,0.035977127742337016,100.5,100.5,0.0,0.023696682464454888,-0.056872037914691975,-0.03791469194312791,,,,0.04950495049504955
8932,智通*,20260825,20260826,112.0,20260828,88.5,2,Close Confirmed Stop,20260827,0,-0.2098214285714286,-0.2128125417836609,-0.21438770056833142,2.383771137873102,0.06161137440758302,0.9824561403508771,Pre-breakout,0.16738111831442465,0.0,0.16738111831442465,105.0,106.39999999999999,0.0,0.05803571428571419,-0.0758928571428571,0.02678571428571419,,,,
8936,國統,20230413,20230414,32.0,20230417,29.6,1,Close Confirmed Stop,20230414,0,-0.07499999999999996,-0.07850380050673421,-0.08035145218609394,2.2025707934667054,0.045454545454545414,1.0213815789473686,Breakout,0.05351413292589763,0.0,0.05351413292589763,29.7,30.4,0.03059581320450877,0.006250000000000089,-0.06874999999999998,-0.0625,,,,-0.006756756756756799
8936,國統,20230620,20230621,30.1,20230704,32.4,8,Day 8 Time Stop,20230704,0,0.07641196013289031,0.07231358113605128,0.07016374783752938,2.5367620427381383,0.02405498281786933,1.0118845500848896,Breakout,0.12141652613827993,0.0,0.12141652613827993,28.9,28.9,0.010067114093959662,0.1295681063122922,-0.013289036544850585,0.018272425249169277,0.03156146179401986,0.05980066445182719,0.07641196013289031,0.07870370370370394
8936,國統,20231103,20231106,41.5,20231115,42.35,8,Day 8 Time Stop,20231115,0,0.02048192771084345,0.01660383653044206,0.014569599702556103,4.819235664407829,0.031766200762388896,1.0150000000000001,Breakout,0.11662103054656663,0.0,0.11662103054656663,39.2,39.425,0.022167487684729092,0.06144578313253013,-0.04939759036144575,0.01686746987951815,0.03734939759036138,0.01927710843373487,0.02048192771084345,0.08618654073199528
8936,國統,20240717,20240718,84.5,20240723,83.0,3,Close Confirmed Stop,20240722,0,-0.017751479289940808,-0.021476532431396723,-0.023445068927424182,3.024021214589068,0.021454112038140627,1.0,Breakout,0.11398383541513593,0.026580043053997963,0.1405638784691339,83.5,83.5,-0.014002333722287097,0.07100591715976323,-0.053254437869822535,0.02721893491124261,-0.03905325443786978,,,0.0
8936,國統,20250513,20250514,59.2,20250520,57.1,4,Close Confirmed Stop,20250519,0,-0.03547297297297303,-0.03916281801436232,-0.04108548933333512,2.095873708528525,0.034965034965035,1.011965811965812,Breakout,0.2689199118295371,0.0,0.2689199118295371,57.4,57.4,0.0,0.011824324324324342,-0.045608108108108114,-0.005067567567567655,-0.02533783783783783,,,0.019264448336252293
8936,國統,20251029,20251030,57.9,20251110,61.4,8,Day 8 Time Stop,20251110,0,0.060449050086355705,0.056425433772605164,0.054303748886830754,2.262795421889709,0.021201413427561766,0.9897260273972602,Pre-breakout,0.14497646818088808,-0.0001023122570083896,0.14487415592387967,56.9,56.9,0.0017301038062282892,0.09844559585492241,-0.013816925734024155,-0.0017271157167529916,0.010362694300518172,0.0345423143350605,0.060449050086355705,0.12866449511400657
8936,國統,20260504,20260505,52.5,20260512,50.6,5,Day 5 Weakness,20260511,0,-0.03619047619047622,-0.039877290384968,-0.04173824975368665,2.0165165865721084,0.04391217564870242,1.00383877159309,Breakout,0.1581973886328725,0.09476382488479262,0.25296121351766515,50.5,50.5,0.003824091778202643,0.02285714285714291,-0.040000000000000036,-0.007619047619047636,0.005714285714285561,-0.03619047619047622,,-0.0019762845849802257
8936,國統,20260603,20260604,55.5,20260609,58.5,3,Trailing Stop,20260608,0,0.054054054054053946,0.05003001801080648,0.04792887637832513,1.9107011843622261,0.04190476190476189,1.0036697247706423,Breakout,0.14786180009823183,-0.0024851424361493125,0.14537665766208252,52.2,52.724999999999994,0.014625228519195455,0.1351351351351351,-0.00540540540540535,0.08288288288288292,0.03963963963963968,,,0.017094017094017033
8996,高力,20220610,20220613,71.0,20220615,66.5,2,Close Confirmed Stop,20220614,0,-0.06338028169014087,-0.06692466804563955,-0.06879174823644962,2.3787718392989246,0.04499274310595047,1.0329985652797704,Extended Breakout,0.11858297271682616,-0.0029470063011906395,0.11563596641563552,68.1,68.1,-0.01388888888888884,0.022535211267605604,-0.08732394366197183,0.014084507042253502,,,,0.09172932330827055
8996,高力,20220728,20220729,74.8,20220804,79.5,4,Trailing Stop,20220803,0,0.06283422459893062,0.058776677286481754,0.056681280772393844,4.616028707925569,0.040756914119359555,1.0287769784172662,Breakout,0.07006164751311467,0.06857957420033724,0.1386412217134519,68.5,71.05999999999999,0.04615384615384621,0.14973262032085577,-0.004010695187165791,0.050802139037433136,0.11497326203208558,,,0.07169811320754715
8996,高力,20230523,20230524,242.5,20230530,258.5,4,Trailing Stop,20230529,0,0.06597938144329896,0.06193133262956819,0.059806401734354434,2.389724271871789,0.05869565217391304,1.023109243697479,Breakout,0.019044954325601385,0.008128731192279031,0.02717368551788042,233.0,233.0,-0.004106776180698102,0.12783505154639174,-0.008247422680412342,0.0,0.10721649484536089,,,0.09477756286266925
8996,高力,20240205,20240215,282.0,20240222,277.0,5,Day 5 Weakness,20240221,0,-0.01773049645390068,-0.021468699839486356,-0.02342675653403163,7.690847769180745,0.04397705544933084,1.0419847328244274,Extended Breakout,0.021183518373717205,0.0344679291942837,0.05565144756800091,263.0,267.9,0.03296703296703307,0.06205673758865249,-0.05673758865248224,-0.023049645390070927,-0.00886524822695034,-0.04078014184397161,,0.06678700361010836
8996,高力,20240306,20240307,314.0,20240311,284.0,2,Close Confirmed Stop,20240308,0,-0.09554140127388533,-0.09898800348502111,-0.10079094585099065,1.8416509917306132,0.026666666666666616,0.9967637540453075,Pre-breakout,0.01692062862417896,0.010786625081873873,0.027707253706052832,294.0,298.3,0.01948051948051943,0.019108280254777066,-0.1146496815286624,-0.03821656050955413,,,,0.17253521126760574
8996,高力,20250731,20250801,309.0,20250806,304.0,3,Close Confirmed Stop,20250805,0,-0.016181229773462813,-0.019909954977488743,-0.021876232088264197,3.478283398170708,0.0462046204620461,1.0225806451612902,Breakout,-0.07215368049185819,0.1168247190654769,0.044671038573618704,304.0,304.0,-0.025236593059936863,0.017799352750809128,-0.03883495145631066,-0.006472491909385147,-0.027508090614886682,,,0.1513157894736843
8996,高力,20251003,20251007,416.0,20251017,543.0,8,Day 8 Time Stop,20251017,0,0.30528846153846145,0.3003270591376318,0.2977250880444166,3.6343040202881336,0.03797468354430378,1.0379746835443038,Extended Breakout,0.10459242904803533,0.0015343324747684977,0.10612676152280381,391.5,395.2,0.014634146341463428,0.33173076923076916,-0.043269230769230727,-0.02043269230769229,0.03125,0.10697115384615374,0.30528846153846145,0.005524861878453136
9802,鈺齊-KY,20220825,20220826,188.0,20220906,188.0,8,Day 8 Time Stop,20220906,0,0.0,-0.003812199036918138,-0.005805593205186938,3.4496859899851597,0.05633802816901401,1.0359116022099448,Extended Breakout,0.34759591724527866,0.08626562849966923,0.4338615457449479,178.0,178.6,0.002666666666666595,0.034574468085106336,-0.02659574468085102,0.02659574468085113,0.02659574468085113,0.005319148936170137,0.0,0.09042553191489366
9904,寶成,20221115,20221116,32.65,20221123,32.4,5,Day 5 Weakness,20221122,0,-0.007656967840735107,-0.011422492137656873,-0.013404742291281024,8.703661673383694,0.03464566929133861,1.0346456692913386,Extended Breakout,0.247416671919439,0.00011457122359259802,0.24753124314303163,31.4,31.4,-0.006088280060882911,0.009188361408882129,-0.02450229709035212,-0.01378254211332297,-0.009188361408882018,-0.009188361408882018,,0.004629629629629539
9904,寶成,20231115,20231116,30.2,20231127,30.75,8,Day 8 Time Stop,20231127,0,0.01821192052980125,0.014338046572401935,0.012337772604743344,4.403911203492001,0.03958691910499135,1.015126050420168,Breakout,0.08712607486833022,0.0013414474808555322,0.08846752234918576,29.75,29.75,0.0,0.023178807947019875,-0.0016556291390729116,0.01655629139072845,-0.0016556291390729116,0.0066225165562914245,0.01821192052980125,0.014634146341463428
9904,寶成,20231218,20231219,31.75,20231226,31.0,5,Day 5 Weakness,20231225,0,-0.023622047244094446,-0.027347918890074707,-0.02929816810164482,2.785136062129888,0.024271844660194164,1.0128,Breakout,0.08818245246701711,0.21829535079854145,0.30647780326555857,30.85,30.85,0.003159557661927437,0.014173228346456845,-0.028346456692913358,0.0047244094488188,0.0,-0.025196850393700787,,0.00967741935483879
9904,寶成,20240312,20240313,32.0,20240322,35.1,8,Day 8 Time Stop,20240322,0,0.09687500000000004,0.09270236031470877,0.09054473381833798,2.545041376959075,0.025682182985553803,1.0031397174254317,Breakout,0.27680682841944937,0.005962425672845429,0.28276925409229475,31.2,31.2,0.0015649452269170805,0.10312499999999991,-0.0078125,0.006250000000000089,0.03281249999999991,0.04531250000000009,0.09687500000000004,0.042735042735042805
9904,寶成,20240514,20240515,38.25,20240521,36.65,4,Close Confirmed Stop,20240520,0,-0.0418300653594772,-0.04544666666666672,-0.047361327028488956,2.5370305287270707,0.028187919463087185,1.0254350736278446,Breakout,0.16713026360278818,-0.01932998790574282,0.14780027569704535,37.5,37.5,-0.0013054830287205776,0.045751633986928164,-0.0562091503267973,0.0039215686274509665,-0.01699346405228752,,,0.06684856753069579
9904,寶成,20241028,20241029,38.05,20241108,39.2,8,Day 8 Time Stop,20241108,0,0.030223390275952777,0.026310700974149517,0.024285426261358562,2.025387329500783,0.024064171122994527,1.0132275132275133,Breakout,0.3807691856361101,0.0037463764760206917,0.38451556211213084,37.45,37.45,-0.00652741514360311,0.04073587385019728,-0.04336399474375818,0.0013140604467807293,-0.0026281208935609035,0.024967148488830526,0.030223390275952777,0.12244897959183665
9904,寶成,20251022,20251023,30.0,20251029,29.35,3,Close Confirmed Stop,20251028,0,-0.021666666666666612,-0.02538984406237505,-0.027343778165845083,1.943689831985967,0.02564102564102555,1.0033444816053512,Breakout,0.31368763732435445,-0.05392941990223954,0.2597582174221149,29.4,29.4,0.0,0.013333333333333197,-0.028333333333333433,0.0033333333333334103,-0.026666666666666727,,,0.005110732538330387
9907,統一實,20230413,20230414,20.6,20230421,20.45,5,Day 5 Weakness,20230420,0,-0.00728155339805836,-0.011044605007065396,-0.013028676025023982,4.000924032737817,0.0201005025125629,1.0175438596491229,Breakout,0.07726248532555323,0.0,0.07726248532555323,19.8,19.8,0.014778325123152802,0.012135922330097193,-0.02184466019417486,-0.012135922330097082,-0.012135922330097082,-0.00728155339805836,,0.02444987775061125
9907,統一實,20250509,20250512,21.2,20250519,20.5,5,Day 5 Weakness,20250516,0,-0.03301886792452824,-0.036704431856047985,-0.03863721816053555,4.106681526293907,0.03703703703703698,1.021897810218978,Breakout,0.1533904310220667,-0.002852648503603698,0.150537782518463,20.15,20.15,0.00952380952380949,0.011792452830188704,-0.047169811320754707,-0.01886792452830177,-0.04245283018867918,-0.03301886792452824,,0.024390243902439046
9921,巨大,20240307,20240308,222.0,20240315,211.0,5,Close Confirmed Stop,20240314,0,-0.0495495495495496,-0.05313187912747649,-0.05502654440878084,3.2783723658639174,0.05980861244019131,1.0350467289719627,Extended Breakout,0.14229459715475173,0.027905609308442807,0.17020020646319453,211.5,211.5,0.0022573363431150906,0.011261261261261257,-0.07657657657657657,-0.029279279279279313,-0.029279279279279313,-0.0495495495495496,,0.1255924170616114
9921,巨大,20240320,20240321,235.0,20240325,224.0,2,Close Confirmed Stop,20240322,0,-0.04680851063829783,-0.05040693974612319,-0.05230706017982152,2.6147115479346335,0.04318181818181821,1.022271714922049,Breakout,-0.09034547127144413,0.12812456536335096,0.03777909409190681,217.5,223.25,0.023965141612200425,0.010638297872340496,-0.07234042553191489,-0.03191489361702127,,,,0.022321428571428603
9921,巨大,20240604,20240605,229.5,20240607,225.5,2,Close Confirmed Stop,20240606,0,-0.017429193899782147,-0.021174657419506148,-0.02313330712573798,2.1371854852978593,0.020000000000000018,0.9849785407725322,Pre-breakout,0.052510058801346786,0.018469777341212915,0.0709798361425597,225.5,225.5,0.0,0.006535947712418277,-0.030501089324618702,-0.015250544662309351,,,,-0.0022172949002217113
9921,巨大,20251023,20251027,110.0,20251029,104.5,2,Close Confirmed Stop,20251028,0,-0.050000000000000044,-0.05358813310169718,-0.05548189168117377,1.9862305015959834,0.033175355450236976,1.028301886792453,Breakout,0.22321668286978077,0.0,0.22321668286978077,105.5,105.5,0.00917431192660545,0.00454545454545463,-0.06818181818181823,-0.036363636363636376,,,,0.009569377990430672
9921,巨大,20260515,20260518,76.3,20260519,72.3,1,Close Confirmed Stop,20260518,0,-0.05242463958060284,-0.056003920274419215,-0.05790196297818643,2.293068161385613,0.032653061224489965,0.9908616187989557,Pre-breakout,0.13010382335507054,-0.00031830324001663773,0.1297855201150539,73.5,73.5,0.005270092226613787,0.011795543905635641,-0.05504587155963303,-0.05242463958060284,,,,-0.0027662517289073207
9933,中鼎,20220325,20220328,46.5,20220406,45.6,5,Day 5 Weakness,20220401,0,-0.019354838709677358,-0.023079871352630437,-0.025040474596025812,2.1085341952172203,0.03333333333333344,1.01528384279476,Breakout,0.31640252373151406,0.00030237728263665735,0.3167049010141507,45.2,45.2,0.0,0.021505376344086002,-0.023655913978494647,-0.00967741935483879,-0.005376344086021501,-0.006451612903225712,,0.028508771929824483
9933,中鼎,20240327,20240328,47.9,20240408,48.0,5,Day 5 Weakness,20240403,0,0.0020876826722338038,-0.001713481835092302,-0.0037171311169528366,3.084353191398992,0.04615384615384621,1.0149253731343284,Breakout,0.2143136512005083,-0.00013599332653548024,0.2141776578739728,45.95,45.95,0.006302521008403339,0.0020876826722338038,-0.035490605427974886,-0.012526096033402934,-0.022964509394572064,-0.0041753653444676075,,0.04166666666666674
9933,中鼎,20240619,20240620,53.0,20240627,51.9,5,Day 5 Weakness,20240626,0,-0.02075471698113207,-0.024478507164278646,-0.026437121220584555,4.297736297073059,0.02946954813359537,1.0194552529182879,Breakout,-0.09222094498007688,0.39845282482405614,0.30623187984397926,50.7,50.7,0.011450381679389388,0.01132075471698113,-0.028301886792452824,-0.0037735849056603765,0.009433962264151052,-0.02264150943396237,,0.046242774566473965
9933,中鼎,20250721,20250722,28.0,20250731,29.15,8,Day 8 Time Stop,20250731,0,0.041071428571428426,0.037121666666666595,0.03507602503303106,6.967755579285838,0.0622641509433961,1.016245487364621,Breakout,0.05195419027862364,0.0,0.05195419027862364,26.85,26.85,-0.005328596802841923,0.10892857142857149,-0.023214285714285632,-0.021428571428571463,0.010714285714285676,0.008928571428571397,0.041071428571428426,0.12178387650085787
9933,中鼎,20251106,20251107,32.0,20251114,31.65,5,Day 5 Weakness,20251113,0,-0.010937500000000044,-0.014700293372449684,-0.01667590852982617,3.0482665880159585,0.05891980360065463,1.0125195618153364,Breakout,0.1760322062347677,0.0,0.1760322062347677,31.1,31.1,-0.010819165378670781,0.0390625,-0.025000000000000022,0.0078125,-0.020312499999999956,-0.010937500000000044,,-0.0015797788309636074
9933,中鼎,20251203,20251204,35.7,20251205,33.95,1,Close Confirmed Stop,20251204,0,-0.0490196078431373,-0.052633333333333324,-0.05449998665244262,1.85043179463253,0.026200873362445476,1.02322206095791,Breakout,0.2555554571169498,0.016431234716118744,0.27198669183306856,34.5,34.5,0.01276595744680864,0.0,-0.04621848739495815,-0.04201680672268904,,,,0.01767304860088359
9933,中鼎,20260311,20260312,32.1,20260323,34.65,8,Day 8 Time Stop,20260323,0,0.07943925233644844,0.07533990811311812,0.07318375530291765,1.9995724819832912,0.03858520900321527,1.009375,Breakout,0.300447154366788,0.002787384759390055,0.30323453912617804,30.95,30.95,-0.006191950464396134,0.0950155763239875,0.0,0.06697819314641751,0.07009345794392519,0.06230529595015577,0.07943925233644844,0.16305916305916313
9933,中鼎,20260521,20260522,39.75,20260529,39.2,5,Day 5 Weakness,20260528,0,-0.01383647798742127,-0.01759967982390305,-0.01953711775831465,1.8154472016547394,0.021935483870967776,1.0153846153846153,Breakout,0.2876662940678747,0.026121719964926526,0.3137880140328012,38.75,38.75,0.0037878787878786735,0.03144654088050314,-0.02515723270440251,-0.01132075471698124,0.021383647798742134,-0.021383647798742134,,0.10841836734693877
9938,百和,20231129,20231130,65.5,20231201,62.3,1,Close Confirmed Stop,20231130,0,-0.04885496183206106,-0.05246742860950992,-0.054337983135422964,3.37625609824978,0.03392568659127626,1.0174880763116056,Breakout,0.1959477234216605,-0.004853623722404896,0.19109409969925562,62.4,62.4,0.0234375,0.0,-0.051908396946564905,-0.05038167938931293,,,,0.052969502407704594
9938,百和,20240513,20240514,68.2,20240521,67.5,5,Day 5 Weakness,20240520,0,-0.01026392961876832,-0.014032545623301534,-0.01600548544551092,2.033308711223207,0.0476923076923077,1.0333839150227615,Extended Breakout,0.17263866611768533,0.011216512066096276,0.1838551781837816,64.9,64.9,0.001468428781204345,0.0014662756598240456,-0.03958944281524934,-0.011730205278592365,-0.008797653958944385,-0.014662756598240456,,-0.01185185185185178
9938,百和,20240923,20240924,72.5,20240927,72.2,3,Close Confirmed Stop,20240926,0,-0.004137931034482678,-0.007908661469895936,-0.00989383411080576,6.412436608328876,0.02083333333333326,1.012396694214876,Breakout,0.07329238854165554,0.06223980897990586,0.1355321975215614,72.0,72.0,-0.013605442176870763,0.034482758620689724,-0.03172413793103446,0.0,-0.0096551724137931,,,0.0872576177285318
9938,百和,20241017,20241018,80.1,20241029,81.4,8,Day 8 Time Stop,20241029,0,0.01622971285892638,0.012385967019693567,0.010360188581906305,2.6924542301840257,0.048429319371727564,1.0203821656050955,Breakout,0.10038474273904918,0.05847528333002473,0.15886002606907393,76.6,76.6,0.0,0.029962546816479474,-0.031210986267166008,-0.013732833957552981,0.0074906367041198685,0.017478152309613026,0.01622971285892638,0.0073710073710073765
9945,潤泰新,20220111,20220112,67.5,20220119,66.5,5,Day 5 Weakness,20220118,0,-0.014814814814814836,-0.018577813354679475,-0.020508350501483218,4.817756622129705,0.04851330203442883,1.0387596899224807,Extended Breakout,0.17977080745647822,0.0,0.17977080745647822,64.1,64.125,0.00746268656716409,0.002962962962963056,-0.0251851851851852,-0.014814814814814836,-0.022222222222222254,-0.007407407407407418,,0.004511278195488577
9945,潤泰新,20230605,20230606,37.3,20230613,36.0,5,Day 5 Weakness,20230612,0,-0.03485254691688999,-0.03853845846166144,-0.04046695649650767,4.450327731645171,0.05420827389443672,1.0249653259362,Breakout,0.13898398154965144,0.0,0.13898398154965144,35.2,35.434999999999995,0.00947225981055455,0.0,-0.046916890080428986,-0.008042895442359144,-0.02815013404825728,-0.046916890080428986,,0.026388888888889017
9945,潤泰新,20231114,20231115,36.15,20231122,35.85,5,Day 5 Weakness,20231121,0,-0.008298755186721962,-0.012064568959334934,-0.014041437184554193,3.1025801160868642,0.023054755043227626,1.001410437235543,Breakout,0.19703408061045644,0.0,0.19703408061045644,34.9,34.9,0.018309859154929553,0.03181189488243419,-0.016597510373444035,0.015214384508990486,0.020746887966804906,-0.0055325034578145305,,0.009762900976290068
9945,潤泰新,20231214,20231215,36.8,20231222,36.55,5,Day 5 Weakness,20231221,0,-0.006793478260869512,-0.010556925743234236,-0.012541419260983464,2.1901292930645355,0.029247910863509974,0.980106100795756,Pre-breakout,0.046712702958203296,0.0,0.046712702958203296,36.3,36.3,-0.004059539918809363,0.013586956521739024,-0.014945652173912971,-0.0013586956521738358,-0.009510869565217184,-0.010869565217391242,,0.050615595075239384
9945,潤泰新,20240102,20240103,39.1,20240109,37.9,4,Close Confirmed Stop,20240108,0,-0.03069053708439906,-0.03437805191039179,-0.03631508418627127,2.1973311848238004,0.039735099337748325,1.0221354166666667,Breakout,0.10355956126319392,0.0,0.10355956126319392,37.8,37.8,-0.003821656050955413,0.0012787723785165905,-0.04092071611253201,-0.010230179028132946,-0.02685421994884918,,,-0.01187335092348274
9945,潤泰新,20240429,20240430,39.1,20240509,40.9,6,Trailing Stop,20240508,0,0.04603580562659837,0.042050950446141336,0.039993931026326264,2.2428020889241846,0.02242744063324542,1.0210803689064558,Breakout,0.11567253624272922,0.0030412598456926528,0.11871379608842188,37.9,37.9,0.00903225806451613,0.13554987212276215,-0.017902813299232823,-0.01662404092071612,0.08567774936061379,0.06905370843989767,,0.18459657701711496
9945,潤泰新,20240712,20240715,47.25,20240726,51.3,8,Day 8 Time Stop,20240726,0,0.08571428571428563,0.08157565443715892,0.0794447307647312,4.778283350494927,0.020765027322404483,1.002145922746781,Breakout,0.1696903753076744,0.0,0.1696903753076744,45.85,45.85,0.011777301927194728,0.10052910052910047,-0.05291005291005291,-0.017989417989418,0.04550264550264549,0.016931216931216797,0.08571428571428563,0.04873294346978563
9946,三發地產,20240517,20240520,39.5,20240529,44.3,8,Day 8 Time Stop,20240529,0,0.12151898734177213,0.11726931732933224,0.11502806212372563,2.177841237634121,0.04057591623036649,1.0012594458438286,Breakout,0.17837411648801663,0.0,0.17837411648801663,38.8,38.8,-0.0062893081761006275,0.1354430379746836,-0.006329113924050667,0.010126582278481067,0.06582278481012671,0.04683544303797471,0.12151898734177213,0.09480812641083536
9958,世紀鋼,20220110,20220111,119.5,20220117,115.0,4,Close Confirmed Stop,20220114,0,-0.03765690376569042,-0.04134104277406562,-0.043207220005431604,2.436902685482003,0.03862660944205998,0.9958847736625515,Pre-breakout,0.21950048710835574,0.0,0.21950048710835574,115.5,115.5,-0.012396694214875992,0.004184100418409997,-0.046025104602510414,-0.025104602510460206,-0.029288702928870314,,,0.017391304347825987
9958,世紀鋼,20221202,20221205,89.0,20221212,88.6,5,Day 5 Weakness,20221209,0,-0.004494382022471988,-0.00829195134144319,-0.010254277179276208,2.2167832043196047,0.035005834305717576,1.0125570776255708,Breakout,0.000583269899297458,0.04622199811556469,0.04680526801486215,85.7,85.7,0.0033821871476888976,0.032584269662921495,-0.03707865168539326,-0.0022471910112359383,-0.03483146067415721,-0.005617977528089901,,0.036117381489842115
9958,世紀鋼,20230220,20230221,108.0,20230302,104.5,5,Day 5 Weakness,20230301,0,-0.03240740740740744,-0.036103314621758885,-0.038032101431888635,1.8737004383713105,0.039024390243902474,0.9861111111111112,Pre-breakout,0.04403416916533185,0.0814716783724448,0.12550584753777666,102.0,102.6,0.014084507042253502,0.004629629629629539,-0.04166666666666663,-0.02314814814814814,-0.01388888888888884,-0.03240740740740744,,0.02392344497607657
9958,世紀鋼,20230412,20230413,114.0,20230424,113.5,8,Day 8 Time Stop,20230424,0,-0.004385964912280715,-0.008184970327398813,-0.01015066331954389,5.836960853589754,0.061320754716981174,1.0416666666666667,Extended Breakout,0.08136303778900168,0.03055055959543357,0.11191359738443525,100.0,108.3,0.01333333333333342,0.06140350877192979,-0.03508771929824561,-0.013157894736842146,0.013157894736842035,0.013157894736842035,-0.004385964912280715,0.008810572687224738
9958,世紀鋼,20230609,20230612,116.5,20230614,108.5,2,Close Confirmed Stop,20230613,0,-0.06866952789699576,-0.07221433937067023,-0.07407085490589058,2.039470090284851,0.05454545454545445,1.0175438596491229,Breakout,0.09638380290939806,0.05124484975115129,0.14762865266054934,110.0,110.675,0.004310344827586299,0.008583690987124415,-0.06866952789699576,-0.03433476394849788,,,,0.06912442396313367
9958,世紀鋼,20230915,20230918,178.0,20230926,177.0,6,Trailing Stop,20230925,0,-0.005617977528089901,-0.009392966974194412,-0.011375178388336255,4.061104423570933,0.06567164179104479,1.0288184438040346,Breakout,0.06211175821305778,0.008907039896710007,0.07101879810976779,169.0,169.1,-0.0028011204481792618,0.0926966292134832,-0.0252808988764045,0.05617977528089879,0.028089887640449396,0.016853932584269593,,0.05649717514124286
9958,世紀鋼,20231205,20231206,183.0,20231213,183.0,5,Day 5 Weakness,20231212,0,0.0,-0.003786736369424617,-0.005780154276936734,1.8859397028980864,0.04678362573099415,1.0257879656160458,Breakout,0.07286821145846281,0.0538573964420958,0.12672560790055862,169.0,173.85,0.022346368715083775,0.016393442622950838,-0.04644808743169404,-0.016393442622950838,-0.002732240437158473,-0.010928961748633892,,0.08196721311475419
9958,世紀鋼,20240514,20240515,258.0,20240516,246.0,1,Close Confirmed Stop,20240515,0,-0.046511627906976716,-0.05013360053440214,-0.05203429250814338,2.2405066521082357,0.052966101694915224,1.0311203319502074,Extended Breakout,0.07111217470772908,0.010505637345398836,0.08161781205312793,239.5,245.1,0.03822937625754519,0.04844961240310086,-0.0736434108527132,-0.0678294573643411,,,,0.2195121951219512
9958,世紀鋼,20250605,20250606,209.0,20250617,232.5,8,Day 8 Time Stop,20250617,0,0.1124401913875599,0.10821432154921569,0.10599677495524668,4.05898478583443,0.045226130653266416,1.0452261306532664,Extended Breakout,0.11083733956931434,0.031382462938270614,0.14221980250758495,198.0,198.54999999999998,0.004807692307692291,0.16267942583732053,-0.014354066985645897,0.03588516746411474,0.038277511961722466,0.08373205741626788,0.1124401913875599,0.02580645161290329
3219,倚強科,20250829,20250901,108.5,20250902,107.0,1,Close Confirmed Stop,20250901,0,-0.01382488479262678,-0.01759129447893718,-0.019557124719378767,3.26179376065392,0.03349282296650724,1.0334928229665072,Extended Breakout,0.025853225488261983,0.0,0.025853225488261983,104.0,104.0,0.004629629629629539,0.0,-0.07834101382488479,-0.07834101382488479,,,,0.0
3714,富采,20220105,20220106,83.0,20220114,89.4,6,Trailing Stop,20220113,0,0.07710843373493992,0.07300750625521273,0.0708603973282689,11.308926407440415,0.059193954659949366,1.0408415841584158,Extended Breakout,0.20872501850397499,0.007411532290012535,0.21613655079398753,79.6,79.6,-0.013079667063020106,0.17469879518072284,-0.012048192771084376,0.026506024096385472,0.13493975903614452,0.11686746987951802,,0.09284116331096204
3714,富采,20221114,20221115,45.75,20221122,45.7,5,Day 5 Weakness,20221121,0,-0.0010928961748633004,-0.00489521569804763,-0.006886438976525079,1.864795534614448,0.023359288097886566,1.0,Breakout,0.0838052886552912,0.0001061239516081148,0.08391141260689931,45.3,45.3,-0.005434782608695676,0.022950819672131084,-0.010928961748633892,0.009836065573770592,0.016393442622950838,-0.004371584699453646,,0.027352297592997843
3714,富采,20230605,20230606,52.8,20230613,52.6,5,Day 5 Weakness,20230612,0,-0.0037878787878786735,-0.007586059781884068,-0.009545237282111744,1.88334810605927,0.023346303501945664,1.0,Breakout,0.217443180678179,0.00040329748119549876,0.2178464781593745,51.9,51.9,0.0038022813688212143,0.011363636363636465,-0.024621212121212044,-0.0018939393939393367,-0.007575757575757569,-0.017045454545454475,,0.03802281368821303
3714,富采,20230619,20230620,54.0,20230628,51.8,4,Close Confirmed Stop,20230627,0,-0.040740740740740744,-0.044359949302915085,-0.046272170737209226,2.249743164771398,0.030651340996168397,0.9853479853479853,Pre-breakout,0.175870156058215,-0.0003131184088574936,0.17555703764935748,52.2,52.2,0.003717472118959231,0.005555555555555536,-0.04629629629629628,-0.016666666666666607,-0.016666666666666607,,,0.009652509652509744
3714,富采,20240429,20240430,42.8,20240510,43.0,8,Day 8 Time Stop,20240510,0,0.004672897196261738,0.0008674763112239304,-0.001135259163067693,2.6279449521566525,0.04252733900364514,1.0202140309155767,Breakout,0.15562944243226237,0.0,0.15562944243226237,41.5,41.5,-0.002331002331002363,0.02686915887850483,-0.012850467289719614,0.001168224299065601,-0.004672897196261627,0.015186915887850594,0.004672897196261738,0.03488372093023262
3714,富采,20240516,20240517,44.25,20240528,48.4,8,Day 8 Time Stop,20240528,0,0.09378531073446328,0.08964355130675607,0.08746317621443142,1.866675995039002,0.0313953488372094,1.0091012514220705,Breakout,0.43361082529341854,-0.00038057601044125765,0.43323024928297726,43.1,43.1,-0.0022547914317926354,0.10169491525423724,-0.012429378531073398,-0.01016949152542379,0.03502824858757059,0.031638418079096065,0.09378531073446328,0.0010330578512398603
3714,富采,20240920,20240923,46.2,20240930,45.7,5,Day 5 Weakness,20240927,0,-0.010822510822510845,-0.014585375285873354,-0.016563003960407677,3.9637418752550078,0.040322580645161255,1.0273037542662116,Breakout,0.1494432192681767,0.08629388159287771,0.2357371008610544,43.45,43.89,0.023255813953488413,0.031385281385281294,-0.025974025974025983,-0.0021645021645021467,0.01298701298701288,-0.015151515151515249,,0.024070021881837933
3714,富采,20241016,20241017,47.2,20241028,47.75,8,Day 8 Time Stop,20241028,0,0.01165254237288127,0.0078125,0.005789811904970033,2.5867975841312427,0.049107142857143016,0.9863588667366212,Pre-breakout,0.26653458170805,-0.0011028112000188552,0.2654317705080312,44.25,44.84,0.004255319148936287,0.03177966101694918,-0.02012711864406791,-0.011652542372881491,0.024364406779660897,0.008474576271186418,0.01165254237288127,0.032460732984293195
3714,富采,20250219,20250220,52.3,20250225,46.6,3,Close Confirmed Stop,20250224,0,-0.10898661567877621,-0.11237862701343229,-0.11415477440338874,2.5752110981872045,0.061394380853277974,1.0282258064516128,Breakout,0.3059169529888534,0.0,0.3059169529888534,48.65,49.684999999999995,0.025490196078431282,0.003824091778202643,-0.11376673040152951,-0.03632887189292544,-0.10803059273422555,,,-0.0042918454935623185
3714,富采,20250917,20250918,40.05,20250925,39.95,5,Day 5 Weakness,20250924,0,-0.0024968789013731785,-0.006294683841256477,-0.00828817753276237,2.401569424579011,0.03221649484536093,1.0037593984962405,Breakout,0.037781480113406186,-0.000529622750944725,0.03725185736246146,38.95,38.95,0.0,0.01622971285892638,-0.027465667915105962,0.014981273408239737,-0.011235955056179692,-0.0024968789013731785,,0.038798498122653235
3714,富采,20260311,20260312,39.3,20260324,48.5,8,Trailing Stop,20260323,0,0.23409669211195938,0.2294027248574068,0.22693651982453902,2.2109000648535666,0.058666666666666645,0.9974874371859298,Pre-breakout,0.18102213955083202,0.0,0.18102213955083202,38.0,38.0,-0.010075566750629816,0.30279898218829526,-0.00254452926208637,0.11068702290076349,0.19592875318066172,0.20101781170483468,0.19083969465648853,0.09484536082474238
2211,長榮鋼,20220406,20220407,64.9,20220408,62.1,1,Close Confirmed Stop,20220407,0,-0.04314329738058553,-0.04675987971649371,-0.04867513818188721,2.0254354330715265,0.027375201288244666,1.0063091482649842,Breakout,0.33953191295466456,0.0,0.33953191295466456,62.1,62.1,0.017241379310344973,0.0,-0.05238828967642539,-0.05084745762711873,,,,0.009661835748792313
2211,長榮鋼,20231215,20231218,99.9,20231227,101.0,8,Day 8 Time Stop,20231227,0,0.011011011011010874,0.007170969248215596,0.0051556095784449744,4.956350289180714,0.03882476390346268,1.0388247639034627,Extended Breakout,-0.010071830045293145,0.16502381640041813,0.15495198635512497,97.5,97.5,0.009090909090909038,0.07107107107107091,-0.03103103103103111,-0.0030030030030031574,0.006006006006005871,0.03603603603603589,0.011011011011010874,0.06435643564356441
6768,志強-KY,20250224,20250225,167.0,20250227,159.5,2,Close Confirmed Stop,20250226,0,-0.04491017964071853,-0.048537033940812574,-0.05044091856282893,3.0597367111860985,0.024691358024691468,0.9880952380952381,Pre-breakout,-0.01216485661821819,0.040465175125768575,0.028300318507550385,160.0,160.0,0.006024096385542244,0.017964071856287456,-0.07185628742514971,-0.026946107784431184,,,,-0.01567398119122254
3357,臺慶科,20260416,20260417,175.0,20260424,172.0,5,Trailing Stop,20260423,0,-0.017142857142857126,-0.020877175401676856,-0.022836410475882862,2.846729330519854,0.03857566765578646,1.0057471264367817,Breakout,0.09278422245360446,0.0,0.09278422245360446,169.0,169.0,0.0,0.11714285714285722,-0.05428571428571427,0.03428571428571425,0.07428571428571429,-0.03142857142857147,,0.029069767441860517
3357,臺慶科,20260512,20260513,188.0,20260518,220.5,3,Trailing Stop,20260515,0,0.1728723404255319,0.16842228464419476,0.1660842666232645,1.8293087907395986,0.04021447721179627,0.9923273657289002,Pre-breakout,0.038765993623804465,-2.5079702444208288e-05,0.038740913921360254,180.0,180.0,-0.030927835051546393,0.3271276595744681,-0.018617021276595702,0.13297872340425543,0.17021276595744683,,,0.35147392290249435
6788,華景電,20250807,20250808,291.0,20250811,262.0,1,Close Confirmed Stop,20250808,0,-0.09965635738831613,-0.10308487577121894,-0.10487953679493653,1.835827590425315,0.04735883424408005,1.0087719298245614,Breakout,0.035950184811827955,0.0,0.035950184811827955,277.5,277.5,0.012173913043478368,0.0017182130584192379,-0.07388316151202745,-0.06357388316151202,,,,0.09732824427480913
6806,森崴能源,20230417,20230418,110.0,20230424,111.5,4,Trailing Stop,20230421,0,0.013636363636363669,0.009788854737404784,0.007768260512010048,2.8423809532104665,0.04761904761904767,1.0,Breakout,0.0492641967965726,0.003215508789212247,0.052479705585784846,106.0,106.0,0.0,0.10909090909090913,-0.027272727272727226,0.10000000000000009,0.031818181818181746,,,0.07623318385650224
6806,森崴能源,20231107,20231108,112.5,20231115,111.5,5,Day 5 Weakness,20231114,0,-0.008888888888888835,-0.012659919163576845,-0.014635602418332845,2.6349255390279165,0.022935779816513735,1.009049773755656,Breakout,0.13354138415060993,0.043460692132217774,0.1770020762828277,108.5,108.5,0.008968609865470878,0.004444444444444473,-0.06666666666666665,-0.01777777777777778,-0.026666666666666616,-0.01777777777777778,,0.026905829596412634
6806,森崴能源,20240219,20240220,123.5,20240301,151.0,8,Day 8 Time Stop,20240301,0,0.22267206477732793,0.21800060202682364,0.21556334520558684,5.911999123947541,0.06008583690987135,1.0421940928270041,Extended Breakout,0.0611194725681717,0.04305490057598214,0.10417437314415384,119.0,119.0,0.0,0.26315789473684204,-0.020242914979757054,0.004048582995951344,0.0,0.08097165991902844,0.22267206477732793,0.08940397350993368
6806,森崴能源,20240710,20240711,181.0,20240718,170.5,5,Day 5 Weakness,20240717,0,-0.058011049723756924,-0.061569099976570604,-0.06344688752900038,3.410323025351244,0.0626865671641792,1.0113636363636365,Breakout,0.05128212114000222,0.0,0.05128212114000222,166.0,171.95,0.016853932584269593,0.06077348066298338,-0.06077348066298338,0.0027624309392264568,0.0027624309392264568,-0.04419889502762431,,0.10557184750733128
6770,力積電,20220406,20220407,54.3,20220414,52.8,5,Day 5 Weakness,20220413,0,-0.027624309392265234,-0.03131503121498319,-0.033260064953364324,2.3843637441601055,0.044230769230769074,0.9819168173598554,Pre-breakout,0.1927753419048107,0.0016210934080506092,0.1943964353128613,51.4,51.584999999999994,0.0,0.016574585635359185,-0.05156537753222834,0.0036832412523020164,-0.036832412523020275,-0.023941068139963106,,0.06060606060606055
6770,力積電,20221111,20221114,33.65,20221121,33.75,5,Day 5 Weakness,20221118,0,0.002971768202080227,-0.0008301618815668328,-0.0028337688914520077,1.8641701993521325,0.021472392638036686,1.0075642965204237,Breakout,0.26931026101113326,8.219317592620129e-05,0.2693924541870595,33.2,33.2,0.010510510510510551,0.031203566121842607,-0.010401188707280906,-0.005943536404160343,0.011887072808320909,0.0,,-0.008888888888888835
6770,力積電,20230130,20230131,33.9,20230207,33.6,5,Day 5 Weakness,20230206,0,-0.008849557522123797,-0.012615245033289207,-0.014591013300704532,2.4968842825967643,0.051083591331269496,0.9869186046511629,Pre-breakout,0.05356413312291844,0.00035014318281412687,0.05391427630573256,32.85,32.85,-0.0014727540500737435,0.05752212389380529,-0.005899705014749124,0.01179941002949847,0.041297935103244754,-0.005899705014749124,,0.03869047619047605
6770,力積電,20230614,20230615,32.5,20230626,31.75,5,Day 5 Weakness,20230621,0,-0.023076923076923106,-0.02679984671520685,-0.028751274912341168,3.3215372367067997,0.03359999999999985,1.0221518987341771,Breakout,0.27329261864303056,-0.010662685930585914,0.2626299327124446,31.35,31.35,0.006191950464396356,0.01846153846153853,-0.02923076923076917,0.006153846153846176,-0.019999999999999907,-0.01692307692307693,,-0.011023622047244164
6770,力積電,20240927,20240930,21.8,20241001,21.5,1,Close Confirmed Stop,20240930,0,-0.013761467889908285,-0.017521527018741146,-0.019492955948629785,2.6766603446283663,0.04018912529550844,1.0114942528735633,Breakout,0.3134590186563618,-0.0031611771654382476,0.31029784149092354,21.65,21.65,-0.009090909090909038,0.0,-0.022935779816513735,-0.00917431192660545,,,,-0.03023255813953485
6770,力積電,20260130,20260202,66.3,20260203,66.0,1,Close Confirmed Stop,20260202,0,-0.004524886877828038,-0.008292305434361985,-0.010276709218562705,2.063269007198402,0.06758832565284179,1.0,Breakout,0.06603821003258374,-0.002221141367488746,0.063817068665095,65.1,65.1,-0.04604316546762599,0.009049773755656298,-0.05580693815987925,-0.05580693815987925,,,,0.037878787878787845
6770,力積電,20260506,20260507,60.5,20260511,64.9,2,Trailing Stop,20260508,0,0.07272727272727275,0.06865935679834455,0.0665209654162522,2.229979107015907,0.04873646209386284,0.9830795262267343,Pre-breakout,0.0403162625196591,-3.4847963627228874e-05,0.04028141455603187,56.3,57.474999999999994,0.04130808950086062,0.09917355371900816,-0.04132231404958675,0.056198347107438096,,,,0.03235747303543901
6770,力積電,20260525,20260526,69.9,20260602,87.0,5,Trailing Stop,20260601,0,0.24463519313304705,0.23990386378258005,0.23741176191933985,1.8424994622802313,0.059561128526645746,1.008955223880597,Breakout,0.26595528555302944,0.0009664238868958705,0.26692170943992527,62.3,66.405,0.03402366863905337,0.3519313304721028,-0.027181688125894166,0.012875536480686511,0.15450643776824036,0.24463519313304705,,0.011494252873563315
6770,力積電,20260814,20260817,79.9,20260818,75.0,1,Close Confirmed Stop,20260817,0,-0.06132665832290374,-0.06487180770321452,-0.06674298864710546,2.542755020311738,0.04672897196261672,1.0129198966408268,Breakout,0.2213981286922646,4.20209966103658e-05,0.22144014968887496,76.3,76.3,0.01913265306122458,0.0,-0.07133917396745937,-0.06633291614518166,,,,-0.027999999999999914
6719,力智,20230208,20230209,330.5,20230213,307.0,2,Close Confirmed Stop,20230210,0,-0.07110438729198187,-0.07463790032597373,-0.07648955936608717,2.2041229993690696,0.050874403815580393,1.0030349013657056,Breakout,0.09009428709840869,0.01470116261363229,0.10479544971204098,311.0,313.97499999999997,0.0,0.05748865355521926,-0.06505295007564293,-0.02874432677760963,,,,0.016286644951140072
5244,弘凱,20250827,20250828,50.1,20250829,50.8,1,Close Confirmed Stop,20250828,0,0.013972055888223478,0.01012952175044537,0.008108251036660864,6.186311520748148,0.04106776180698146,1.0346938775510204,Extended Breakout,0.07511337351781963,0.0,0.07511337351781963,50.0,50.0,-0.01183431952662728,0.031936127744510934,-0.0259481037924153,-0.007984031936127733,,,,-0.02460629921259838
8438,昶昕,20260408,20260409,81.0,20260414,87.2,3,Trailing Stop,20260413,0,0.07654320987654328,0.07244346607964779,0.07029748463696342,2.990891811248301,0.04342273307790556,1.0434227330779056,Extended Breakout,0.07282314383132488,-3.7772378510054934e-05,0.07278537145281481,76.0,76.95,-0.008567931456548328,0.19753086419753085,-0.024691358024691357,0.0024691358024691024,0.06543209876543199,,,0.03899082568807333
6799,來頡,20231129,20231130,172.0,20231204,166.5,2,Close Confirmed Stop,20231201,0,-0.03197674418604646,-0.03567134268537074,-0.0376009912336125,2.128986858984375,0.045592705167173175,1.0147492625368733,Breakout,0.028842541356101703,0.0,0.028842541356101703,165.5,165.5,0.0,0.005813953488372103,-0.046511627906976716,-0.029069767441860517,,,,0.039039039039038936
6799,來頡,20231222,20231225,185.0,20231226,178.0,1,Close Confirmed Stop,20231225,0,-0.037837837837837784,-0.04152491494896938,-0.04337622621907182,4.745599546363709,0.061046511627907085,1.0252808988764044,Breakout,0.05947050365173198,0.0044546626486203535,0.06392516630035233,175.5,175.75,0.013698630136986356,0.0,-0.05135135135135138,-0.05135135135135138,,,,0.1292134831460674
6799,來頡,20240220,20240221,198.0,20240223,189.0,2,Close Confirmed Stop,20240222,0,-0.045454545454545414,-0.04908057505850886,-0.05098337342365022,4.224526817497653,0.050802139037433136,1.0181347150259068,Breakout,0.05904462458822612,-0.007800452426240722,0.051244172161985395,185.0,188.1,0.007633587786259444,0.03282828282828287,-0.058080808080808066,-0.022727272727272707,,,,0.20634920634920628
6585,鼎基,20231122,20231123,146.5,20231124,141.0,1,Close Confirmed Stop,20231123,0,-0.03754266211604096,-0.041173322630276274,-0.043091917685064506,3.4473443600091125,0.02807017543859658,1.0209059233449478,Breakout,0.039364626903115194,0.0,0.039364626903115194,141.5,141.5,0.0,0.013651877133105783,-0.058020477815699634,-0.04095563139931746,,,,0.014184397163120588
6546,正基,20220816,20220817,138.5,20220824,140.5,5,Day 5 Weakness,20220823,0,0.014440433212996373,0.010592087677091687,0.008569888506263279,1.9935326726020495,0.026315789473684292,1.007380073800738,Breakout,0.12503422469654102,0.04189102856621338,0.1669252532627544,134.0,134.0,0.0146520146520146,0.07220216606498187,-0.03971119133574008,-0.02527075812274371,0.025270758122743597,0.0,,0.092526690391459
6550,北極星藥業-KY,20240401,20240402,74.2,20240403,71.3,1,Close Confirmed Stop,20240402,0,-0.03908355795148255,-0.042702608974017155,-0.044627106278933286,4.1724790111841275,0.03776223776223775,1.0095238095238095,Breakout,0.17376058787821794,0.0,0.17376058787821794,72.6,72.6,0.0,0.0,-0.049865229110512166,-0.040431266846361225,,,,0.05049088359046294
6789,采鈺,20231130,20231201,303.0,20231208,299.5,5,Day 5 Weakness,20231207,0,-0.011551155115511524,-0.01531207304475324,-0.017287136462999595,3.702303413806079,0.03547297297297303,1.035472972972973,Extended Breakout,0.062007631182347124,0.08373404432401198,0.1457416755063591,295.0,295.0,-0.011419249592169667,0.06930693069306937,-0.02970297029702973,0.037953795379537913,0.037953795379537913,-0.024752475247524774,,0.015025041736226985
6789,采鈺,20260224,20260225,309.0,20260305,364.0,5,Trailing Stop,20260304,0,0.1779935275080906,0.17352009338002333,0.17115900859849514,1.8537635696306398,0.06690140845070425,0.9853658536585366,Pre-breakout,0.05659684966585828,0.0012457681700181686,0.05784261783587645,285.0,293.55,0.01980198019801982,0.24110032362459544,-0.021035598705501646,0.006472491909385036,0.21682847896440127,0.12297734627831725,,-0.004120879120879106
3715,定穎投控,20231201,20231204,109.0,20231205,99.5,1,Close Confirmed Stop,20231204,0,-0.08715596330275233,-0.09062260312802214,-0.09245490801650647,2.897699255716314,0.06862745098039214,1.033175355450237,Extended Breakout,0.0808805414909827,0.010091547783894764,0.09097208927487747,101.5,103.55,0.0,0.013761467889908285,-0.09541284403669725,-0.08256880733944949,,,,0.005025125628140614
3715,定穎投控,20240924,20240925,79.3,20240927,76.8,2,Close Confirmed Stop,20240926,0,-0.031525851197982346,-0.035214790211888995,-0.03715511540199576,6.097591032967279,0.020969855832241313,1.0209698558322413,Breakout,0.0032414484544039217,0.02630363278036654,0.02954508123477046,77.3,77.3,0.01797175866495504,0.008827238335435084,-0.05044136191677173,-0.007566204287515643,,,,0.01302083333333326
3715,定穎投控,20241218,20241219,65.0,20241225,62.6,4,Close Confirmed Stop,20241224,0,-0.03692307692307695,-0.040611135203656064,-0.04249758681026226,1.9097312629391787,0.037676609105180336,0.9807121661721067,Pre-breakout,0.17365533166423014,0.0018212182857600763,0.1754765499499902,63.3,63.3,-0.016641452344931862,0.023076923076922995,-0.040000000000000036,0.0015384615384614886,-0.01538461538461533,,,-0.0015974440894569453
3715,定穎投控,20250703,20250704,50.0,20250715,61.4,8,Day 8 Time Stop,20250715,0,0.22799999999999998,0.2233106757297081,0.2208883183654282,3.6857428983883516,0.04598930481283414,0.9979591836734694,Pre-breakout,0.0258076892744723,3.632598810955962e-05,0.02584401526258186,46.55,47.5,0.02249488752556239,0.272,-0.05799999999999994,-0.04400000000000004,0.05600000000000005,0.1459999999999999,0.22799999999999998,0.09934853420195444
3715,定穎投控,20250729,20250730,76.6,20250808,92.5,7,Trailing Stop,20250807,0,0.20757180156657973,0.2029830522050824,0.20060921060845047,2.325128137212353,0.05865921787709505,1.0312925170068026,Extended Breakout,0.0482887295735444,0.018952516849891417,0.06724124642343582,72.1,72.77,0.01055408970976246,0.30156657963446487,-0.01305483028720622,0.031331592689295196,0.1214099216710185,0.09660574412532652,,0.145945945945946
3715,定穎投控,20251009,20251013,100.0,20251015,94.5,2,Close Confirmed Stop,20251014,0,-0.05500000000000005,-0.0585765693722511,-0.06047229801715981,2.187635797472774,0.03960396039603964,0.9905660377358491,Pre-breakout,0.01945368770861151,0.011284783283119854,0.030738470991731364,98.7,98.7,-0.04761904761904767,0.050000000000000044,-0.07400000000000007,0.014999999999999902,,,,0.042328042328042326
3715,定穎投控,20260112,20260113,146.5,20260114,139.0,1,Close Confirmed Stop,20260113,0,-0.05119453924914674,-0.054786273329319686,-0.056677641715154846,3.6240388443006712,0.03584229390680993,1.03584229390681,Extended Breakout,0.11539852100472567,0.002720083921504051,0.11811860492622972,139.0,139.17499999999998,0.01384083044982698,0.0034129692832765013,-0.10238907849829348,-0.061433447098976135,,,,0.03237410071942448
6834,天二科技,20260518,20260519,52.7,20260528,75.8,7,Trailing Stop,20260527,0,0.4383301707779885,0.43288786364560633,0.4300110941144348,2.1032150981449345,0.04980079681274896,0.9943396226415094,Pre-breakout,0.026551306200375224,0.0,0.026551306200375224,48.2,50.065,0.0,0.6129032258064515,-0.028462998102466774,0.04554079696394675,0.26375711574952554,0.47058823529411753,,0.09102902374670196
6695,芯鼎,20231227,20231228,74.8,20240104,75.9,4,Trailing Stop,20240103,0,0.014705882352941346,0.010867536691683291,0.00883521483269434,8.82341202487805,0.0437235543018335,1.0437235543018335,Extended Breakout,0.05492649571238416,0.0,0.05492649571238416,71.0,71.05999999999999,0.0108108108108107,0.10294117647058831,-0.06016042780748665,-0.024064171122994638,0.045454545454545636,,,0.16469038208168651
6695,芯鼎,20260511,20260512,53.1,20260514,51.2,2,Close Confirmed Stop,20260513,0,-0.03578154425612046,-0.03947210317619252,-0.041394157328295475,3.3538313043244887,0.020793950850661602,1.0207939508506616,Breakout,0.07051878592905524,0.0,0.07051878592905524,51.2,51.2,-0.016666666666666607,0.007532956685499137,-0.05084745762711873,-0.020715630885122405,,,,0.0546875
6695,芯鼎,20260526,20260527,65.1,20260528,61.0,1,Close Confirmed Stop,20260527,0,-0.06298003072196612,-0.06652647039188185,-0.06839434751549821,3.54683454561624,0.02893890675241151,1.0289389067524115,Breakout,0.09771029775221472,0.0,0.09771029775221472,63.5,63.5,0.01718749999999991,0.003072196620583778,-0.0752688172043009,-0.06451612903225801,,,,-0.031147540983606503
3447,展達,20241028,20241029,79.7,20241108,92.1,8,Day 8 Time Stop,20241108,0,0.15558343789209528,0.15118482147622345,0.14888127918458205,9.72393712187574,0.0489690721649485,1.0489690721649485,Extended Breakout,0.030868989532961844,0.0,0.030868989532961844,77.5,77.5,-0.020884520884520863,0.18444165621079045,-0.021329987452948562,0.011292346298619638,0.03638644918444145,0.011292346298619638,0.15558343789209528,0.09663409337676443
6753,龍德造船,20250908,20250909,188.5,20250912,186.5,3,Trailing Stop,20250911,0,-0.010610079575596787,-0.01437457268164157,-0.016337084497815003,2.3396713897535903,0.04155124653739617,0.9842931937172775,Pre-breakout,0.042247106954939224,0.008649067608239554,0.05089617456317878,182.5,182.5,0.0026595744680850686,0.1352785145888593,-0.050397877984084904,-0.018567639257294433,-0.021220159151193685,,,-0.002680965147453085
2645,長榮航太,20230414,20230417,114.0,20230420,117.5,3,Trailing Stop,20230419,0,0.030701754385964897,0.026788691071547643,0.024752600044908188,1.8527199435267752,0.03240740740740744,0.9867256637168141,Pre-breakout,0.08461326770431031,0.06730343301468854,0.15191670071899885,106.0,108.3,0.022421524663677195,0.12280701754385959,0.0,0.07456140350877183,0.03947368421052633,,,-0.004255319148936176
2645,長榮航太,20230619,20230620,119.0,20230627,112.5,3,Close Confirmed Stop,20230626,0,-0.054621848739495826,-0.0582,-0.06009877212193316,4.007986057229769,0.06726457399103136,1.043859649122807,Extended Breakout,0.07445580032101375,0.00029920192374868895,0.07475500224476243,111.0,113.05,0.0,0.004201680672268893,-0.06302521008403361,-0.008403361344537785,-0.054621848739495826,,,0.004444444444444473
2645,長榮航太,20250804,20250805,131.0,20250814,170.0,7,Trailing Stop,20250813,0,0.2977099236641221,0.29275932158208656,0.2902176632808948,5.773926963930362,0.05668016194331993,1.0357142857142858,Extended Breakout,0.12816953985948681,-0.029972522731646828,0.09819701712783997,125.0,125.0,0.003831417624521105,0.33206106870229,-0.007633587786259555,0.09541984732824438,0.16030534351145032,0.26717557251908386,,0.10000000000000009
2645,長榮航太,20260108,20260109,153.0,20260112,145.0,1,Close Confirmed Stop,20260109,0,-0.05228758169934644,-0.05586666666666667,-0.05777419194503034,1.968799410727126,0.04861111111111116,1.0,Breakout,0.1178953268663436,0.0006566064346992863,0.11855193330104288,144.5,145.35,0.013245033112582849,0.0032679738562091387,-0.05882352941176472,-0.05228758169934644,,,,0.09310344827586214
6584,南俊國際,20251110,20251111,310.0,20251120,357.0,7,Trailing Stop,20251119,0,0.15161290322580645,0.14721886336154777,0.144923252854865,1.8419906085104323,0.06944444444444442,1.0266666666666666,Breakout,0.0361117219713332,0.041233064991164345,0.07734478696249755,277.5,294.5,0.006493506493506551,0.23064516129032264,-0.0532258064516129,0.001612903225806539,-0.030645161290322576,0.12096774193548376,,0.025210084033613356
6757,台灣虎航,20260625,20260626,64.9,20260629,62.2,1,Close Confirmed Stop,20260626,0,-0.04160246533127898,-0.04521966408630546,-0.04713800062387465,1.9671654565783536,0.04458598726114649,1.020217729393468,Breakout,0.11921108954095122,0.06510373253903097,0.18431482207998218,63.1,63.1,-0.010670731707316916,0.007704160246533087,-0.03697996918335911,-0.035439137134052445,,,,0.006430868167202508
4949,有成精密,20260430,20260504,109.5,20260506,102.0,2,Close Confirmed Stop,20260505,0,-0.06849315068493156,-0.07204360401932755,-0.07386705973983594,2.4795844249919785,0.029268292682926855,1.0292682926829269,Breakout,0.02512053790089124,-6.780172172980092e-05,0.025052736179161438,97.6,104.02499999999999,0.03791469194312791,0.0,-0.0894977168949771,-0.04109589041095896,,,,0.004901960784313708
6903,巨漢,20260114,20260115,283.0,20260116,291.0,1,Close Confirmed Stop,20260115,0,0.028268551236749095,0.024358547150949685,0.02230521749460595,2.628712401556125,0.03435804701627476,1.0343580470162748,Extended Breakout,0.08667032967032967,0.0,0.08667032967032967,279.5,279.5,-0.010489510489510523,0.007067137809187329,-0.03180212014134276,-0.017667844522968212,,,,0.0017182130584192379
4772,台特化,20250605,20250606,234.0,20250617,230.0,8,Day 8 Time Stop,20250617,0,-0.017094017094017144,-0.020824989987985584,-0.02278432665358657,2.2594287700596722,0.0396475770925111,1.0172413793103448,Breakout,0.10229626294461953,-0.016118865375956776,0.08617739756866276,226.0,226.0,-0.008474576271186418,0.05982905982905984,-0.02564102564102566,-0.0064102564102563875,0.03632478632478642,0.02136752136752129,-0.017094017094017144,0.008695652173912993
6919,康霈*,20260821,20260824,117.5,20260825,110.5,1,Close Confirmed Stop,20260824,0,-0.05957446808510636,-0.06315368062853426,-0.06499499866061588,2.293134224233725,0.041284403669724856,1.0044247787610618,Breakout,0.1796259767417401,-0.0004124536247455677,0.17921352311699454,107.5,111.625,0.03524229074889873,0.008510638297872353,-0.05957446808510636,-0.05957446808510636,,,,-0.018099547511312264
2646,星宇航空,20250506,20250507,26.05,20250508,25.5,1,Close Confirmed Stop,20250507,0,-0.021113243761996192,-0.024838684404853362,-0.026793234510990662,2.8066979115672734,0.027613412228796763,0.9961759082217974,Pre-breakout,0.1016984635653447,0.0,0.1016984635653447,25.65,25.65,0.0,0.0,-0.02303262955854135,-0.021113243761996192,,,,0.04313725490196085
6962,奕力-KY,20250206,20250207,58.2,20250218,64.0,8,Day 8 Time Stop,20250218,0,0.09965635738831602,0.09548107387026847,0.09328089607475923,5.7111597738892605,0.03584229390680993,1.03584229390681,Extended Breakout,0.03802419693106477,0.0,0.03802419693106477,54.8,55.29,0.006920415224913601,0.1615120274914088,-0.046391752577319645,0.04639175257731942,-0.015463917525773252,0.13230240549828176,0.09965635738831602,0.03125
6962,奕力-KY,20250513,20250514,56.8,20250520,55.0,4,Close Confirmed Stop,20250519,0,-0.03169014084507038,-0.03537716982641382,-0.03731438495560246,2.774356422432603,0.04914933837429114,1.0296846011131726,Breakout,0.08055855860261496,0.0,0.08055855860261496,54.9,54.9,0.023423423423423406,0.06338028169014098,-0.04401408450704225,0.04753521126760574,-0.008802816901408494,,,0.06545454545454543
3717,聯嘉投控,20260522,20260525,25.0,20260526,23.5,1,Close Confirmed Stop,20260525,0,-0.06000000000000005,-0.06357457017193123,-0.06542098796510383,1.9376640699353826,0.0378947368421052,0.9959595959595959,Pre-breakout,0.23945657050521982,0.0,0.23945657050521982,24.05,24.05,0.014198782961460488,0.0,-0.08200000000000007,-0.08200000000000007,,,,-0.014893617021276673
7777,能率亞洲,20260601,20260602,43.75,20260603,43.0,1,Close Confirmed Stop,20260602,0,-0.017142857142857126,-0.020871726024198862,-0.022830967685503852,4.114899892742224,0.0456182472989195,1.0456182472989195,Extended Breakout,0.02982106981763843,0.0,0.02982106981763843,43.0,43.0,0.004592422502870397,0.025142857142857133,-0.08571428571428574,-0.06171428571428583,,,,-0.020930232558139528
