row_type,model,signal_date,period,n_compact_appeared,n_compact_count,stock_code,score,rank,rank_percentile,in_top5,in_top10,in_top20,outcome_evaluable,winner,net_return
DAILY_STATUS,LINEAR_RIDGE_NET_RETURN,20200102,HISTORICAL_DISCOVERY,False,0,,,,,,,,,,
DAILY_STATUS,LINEAR_RIDGE_NET_RETURN,20200103,HISTORICAL_DISCOVERY,False,0,,,,,,,,,,
DAILY_STATUS,LINEAR_RIDGE_NET_RETURN,20200106,HISTORICAL_DISCOVERY,False,0,,,,,,,,,,
DAILY_STATUS,LINEAR_RIDGE_NET_RETURN,20200107,HISTORICAL_DISCOVERY,False,0,,,,,,,,,,
DAILY_STATUS,LINEAR_RIDGE_NET_RETURN,20200108,HISTORICAL_DISCOVERY,False,0,,,,,,,,,,
DAILY_STATUS,LINEAR_RIDGE_NET_RETURN,20200109,HISTORICAL_DISCOVERY,False,0,,,,,,,,,,
DAILY_STATUS,LINEAR_RIDGE_NET_RETURN,20200110,HISTORICAL_DISCOVERY,False,0,,,,,,,,,,
DAILY_STATUS,LINEAR_RIDGE_NET_RETURN,20200113,HISTORICAL_DISCOVERY,False,0,,,,,,,,,,
DAILY_STATUS,LINEAR_RIDGE_NET_RETURN,20200114,HISTORICAL_DISCOVERY,False,0,,,,,,,,,,
DAILY_STATUS,LINEAR_RIDGE_NET_RETURN,20200115,HISTORICAL_DISCOVERY,False,0,,,,,,,,,,
DAILY_STATUS,LINEAR_RIDGE_NET_RETURN,20200116,HISTORICAL_DISCOVERY,False,0,,,,,,,,,,
DAILY_STATUS,LINEAR_RIDGE_NET_RETURN,20200117,HISTORICAL_DISCOVERY,False,0,,,,,,,,,,
DAILY_STATUS,LINEAR_RIDGE_NET_RETURN,20200120,HISTORICAL_DISCOVERY,False,0,,,,,,,,,,
DAILY_STATUS,LINEAR_RIDGE_NET_RETURN,20200130,HISTORICAL_DISCOVERY,False,0,,,,,,,,,,
DAILY_STATUS,LINEAR_RIDGE_NET_RETURN,20200131,HISTORICAL_DISCOVERY,False,0,,,,,,,,,,
DAILY_STATUS,LINEAR_RIDGE_NET_RETURN,20200203,HISTORICAL_DISCOVERY,False,0,,,,,,,,,,
DAILY_STATUS,LINEAR_RIDGE_NET_RETURN,20200204,HISTORICAL_DISCOVERY,False,0,,,,,,,,,,
DAILY_STATUS,LINEAR_RIDGE_NET_RETURN,20200205,HISTORICAL_DISCOVERY,False,0,,,,,,,,,,
DAILY_STATUS,LINEAR_RIDGE_NET_RETURN,20200206,HISTORICAL_DISCOVERY,False,0,,,,,,,,,,
DAILY_STATUS,LINEAR_RIDGE_NET_RETURN,20200207,HISTORICAL_DISCOVERY,False,0,,,,,,,,,,
DAILY_STATUS,LINEAR_RIDGE_NET_RETURN,20200210,HISTORICAL_DISCOVERY,False,0,,,,,,,,,,
DAILY_STATUS,LINEAR_RIDGE_NET_RETURN,20200211,HISTORICAL_DISCOVERY,True,2,,,,,,,,,,
DAILY_STATUS,LINEAR_RIDGE_NET_RETURN,20200212,HISTORICAL_DISCOVERY,False,0,,,,,,,,,,
DAILY_STATUS,LINEAR_RIDGE_NET_RETURN,20200213,HISTORICAL_DISCOVERY,False,0,,,,,,,,,,
DAILY_STATUS,LINEAR_RIDGE_NET_RETURN,20200214,HISTORICAL_DISCOVERY,False,0,,,,,,,,,,
DAILY_STATUS,LINEAR_RIDGE_NET_RETURN,20200217,HISTORICAL_DISCOVERY,False,0,,,,,,,,,,
DAILY_STATUS,LINEAR_RIDGE_NET_RETURN,20200218,HISTORICAL_DISCOVERY,False,0,,,,,,,,,,
DAILY_STATUS,LINEAR_RIDGE_NET_RETURN,20200219,HISTORICAL_DISCOVERY,False,0,,,,,,,,,,
DAILY_STATUS,LINEAR_RIDGE_NET_RETURN,20200220,HISTORICAL_DISCOVERY,False,0,,,,,,,,,,
DAILY_STATUS,LINEAR_RIDGE_NET_RETURN,20200221,HISTORICAL_DISCOVERY,False,0,,,,,,,,,,
DAILY_STATUS,LINEAR_RIDGE_NET_RETURN,20200224,HISTORICAL_DISCOVERY,True,1,,,,,,,,,,
DAILY_STATUS,LINEAR_RIDGE_NET_RETURN,20200225,HISTORICAL_DISCOVERY,True,1,,,,,,,,,,
DAILY_STATUS,LINEAR_RIDGE_NET_RETURN,20200226,HISTORICAL_DISCOVERY,False,0,,,,,,,,,,
DAILY_STATUS,LINEAR_RIDGE_NET_RETURN,20200227,HISTORICAL_DISCOVERY,False,0,,,,,,,,,,
DAILY_STATUS,LINEAR_RIDGE_NET_RETURN,20200302,HISTORICAL_DISCOVERY,False,0,,,,,,,,,,
DAILY_STATUS,LINEAR_RIDGE_NET_RETURN,20200303,HISTORICAL_DISCOVERY,False,0,,,,,,,,,,
DAILY_STATUS,LINEAR_RIDGE_NET_RETURN,20200304,HISTORICAL_DISCOVERY,False,0,,,,,,,,,,
DAILY_STATUS,LINEAR_RIDGE_NET_RETURN,20200305,HISTORICAL_DISCOVERY,False,0,,,,,,,,,,
DAILY_STATUS,LINEAR_RIDGE_NET_RETURN,20200306,HISTORICAL_DISCOVERY,False,0,,,,,,,,,,
DAILY_STATUS,LINEAR_RIDGE_NET_RETURN,20200309,HISTORICAL_DISCOVERY,False,0,,,,,,,,,,
DAILY_STATUS,LINEAR_RIDGE_NET_RETURN,20200310,HISTORICAL_DISCOVERY,False,0,,,,,,,,,,
DAILY_STATUS,LINEAR_RIDGE_NET_RETURN,20200311,HISTORICAL_DISCOVERY,False,0,,,,,,,,,,
DAILY_STATUS,LINEAR_RIDGE_NET_RETURN,20200312,HISTORICAL_DISCOVERY,False,0,,,,,,,,,,
DAILY_STATUS,LINEAR_RIDGE_NET_RETURN,20200313,HISTORICAL_DISCOVERY,False,0,,,,,,,,,,
DAILY_STATUS,LINEAR_RIDGE_NET_RETURN,20200316,HISTORICAL_DISCOVERY,False,0,,,,,,,,,,
DAILY_STATUS,LINEAR_RIDGE_NET_RETURN,20200317,HISTORICAL_DISCOVERY,False,0,,,,,,,,,,
DAILY_STATUS,LINEAR_RIDGE_NET_RETURN,20200318,HISTORICAL_DISCOVERY,False,0,,,,,,,,,,
DAILY_STATUS,LINEAR_RIDGE_NET_RETURN,20200319,HISTORICAL_DISCOVERY,False,0,,,,,,,,,,
DAILY_STATUS,LINEAR_RIDGE_NET_RETURN,20200320,HISTORICAL_DISCOVERY,False,0,,,,,,,,,,
DAILY_STATUS,LINEAR_RIDGE_NET_RETURN,20200323,HISTORICAL_DISCOVERY,False,0,,,,,,,,,,
DAILY_STATUS,LINEAR_RIDGE_NET_RETURN,20200324,HISTORICAL_DISCOVERY,False,0,,,,,,,,,,
DAILY_STATUS,LINEAR_RIDGE_NET_RETURN,20200325,HISTORICAL_DISCOVERY,False,0,,,,,,,,,,
DAILY_STATUS,LINEAR_RIDGE_NET_RETURN,20200326,HISTORICAL_DISCOVERY,False,0,,,,,,,,,,
DAILY_STATUS,LINEAR_RIDGE_NET_RETURN,20200327,HISTORICAL_DISCOVERY,False,0,,,,,,,,,,
DAILY_STATUS,LINEAR_RIDGE_NET_RETURN,20200330,HISTORICAL_DISCOVERY,False,0,,,,,,,,,,
DAILY_STATUS,LINEAR_RIDGE_NET_RETURN,20200331,HISTORICAL_DISCOVERY,False,0,,,,,,,,,,
DAILY_STATUS,LINEAR_RIDGE_NET_RETURN,20200401,HISTORICAL_DISCOVERY,False,0,,,,,,,,,,
DAILY_STATUS,LINEAR_RIDGE_NET_RETURN,20200406,HISTORICAL_DISCOVERY,True,1,,,,,,,,,,
DAILY_STATUS,LINEAR_RIDGE_NET_RETURN,20200407,HISTORICAL_DISCOVERY,False,0,,,,,,,,,,
DAILY_STATUS,LINEAR_RIDGE_NET_RETURN,20200408,HISTORICAL_DISCOVERY,False,0,,,,,,,,,,
DAILY_STATUS,LINEAR_RIDGE_NET_RETURN,20200409,HISTORICAL_DISCOVERY,False,0,,,,,,,,,,
DAILY_STATUS,LINEAR_RIDGE_NET_RETURN,20200410,HISTORICAL_DISCOVERY,False,0,,,,,,,,,,
DAILY_STATUS,LINEAR_RIDGE_NET_RETURN,20200413,HISTORICAL_DISCOVERY,False,0,,,,,,,,,,
DAILY_STATUS,LINEAR_RIDGE_NET_RETURN,20200414,HISTORICAL_DISCOVERY,False,0,,,,,,,,,,
DAILY_STATUS,LINEAR_RIDGE_NET_RETURN,20200415,HISTORICAL_DISCOVERY,True,1,,,,,,,,,,
DAILY_STATUS,LINEAR_RIDGE_NET_RETURN,20200416,HISTORICAL_DISCOVERY,False,0,,,,,,,,,,
DAILY_STATUS,LINEAR_RIDGE_NET_RETURN,20200417,HISTORICAL_DISCOVERY,False,0,,,,,,,,,,
DAILY_STATUS,LINEAR_RIDGE_NET_RETURN,20200420,HISTORICAL_DISCOVERY,False,0,,,,,,,,,,
DAILY_STATUS,LINEAR_RIDGE_NET_RETURN,20200421,HISTORICAL_DISCOVERY,False,0,,,,,,,,,,
DAILY_STATUS,LINEAR_RIDGE_NET_RETURN,20200422,HISTORICAL_DISCOVERY,False,0,,,,,,,,,,
DAILY_STATUS,LINEAR_RIDGE_NET_RETURN,20200423,HISTORICAL_DISCOVERY,False,0,,,,,,,,,,
DAILY_STATUS,LINEAR_RIDGE_NET_RETURN,20200424,HISTORICAL_DISCOVERY,False,0,,,,,,,,,,
DAILY_STATUS,LINEAR_RIDGE_NET_RETURN,20200427,HISTORICAL_DISCOVERY,False,0,,,,,,,,,,
DAILY_STATUS,LINEAR_RIDGE_NET_RETURN,20200428,HISTORICAL_DISCOVERY,False,0,,,,,,,,,,
DAILY_STATUS,LINEAR_RIDGE_NET_RETURN,20200429,HISTORICAL_DISCOVERY,False,0,,,,,,,,,,
DAILY_STATUS,LINEAR_RIDGE_NET_RETURN,20200430,HISTORICAL_DISCOVERY,False,0,,,,,,,,,,
DAILY_STATUS,LINEAR_RIDGE_NET_RETURN,20200504,HISTORICAL_DISCOVERY,False,0,,,,,,,,,,
DAILY_STATUS,LINEAR_RIDGE_NET_RETURN,20200505,HISTORICAL_DISCOVERY,False,0,,,,,,,,,,
DAILY_STATUS,LINEAR_RIDGE_NET_RETURN,20200506,HISTORICAL_DISCOVERY,False,0,,,,,,,,,,
DAILY_STATUS,LINEAR_RIDGE_NET_RETURN,20200507,HISTORICAL_DISCOVERY,False,0,,,,,,,,,,
DAILY_STATUS,LINEAR_RIDGE_NET_RETURN,20200508,HISTORICAL_DISCOVERY,False,0,,,,,,,,,,
DAILY_STATUS,LINEAR_RIDGE_NET_RETURN,20200511,HISTORICAL_DISCOVERY,False,0,,,,,,,,,,
DAILY_STATUS,LINEAR_RIDGE_NET_RETURN,20200512,HISTORICAL_DISCOVERY,False,0,,,,,,,,,,
DAILY_STATUS,LINEAR_RIDGE_NET_RETURN,20200513,HISTORICAL_DISCOVERY,False,0,,,,,,,,,,
DAILY_STATUS,LINEAR_RIDGE_NET_RETURN,20200514,HISTORICAL_DISCOVERY,False,0,,,,,,,,,,
DAILY_STATUS,LINEAR_RIDGE_NET_RETURN,20200515,HISTORICAL_DISCOVERY,False,0,,,,,,,,,,
DAILY_STATUS,LINEAR_RIDGE_NET_RETURN,20200518,HISTORICAL_DISCOVERY,False,0,,,,,,,,,,
DAILY_STATUS,LINEAR_RIDGE_NET_RETURN,20200519,HISTORICAL_DISCOVERY,False,0,,,,,,,,,,
DAILY_STATUS,LINEAR_RIDGE_NET_RETURN,20200520,HISTORICAL_DISCOVERY,False,0,,,,,,,,,,
DAILY_STATUS,LINEAR_RIDGE_NET_RETURN,20200521,HISTORICAL_DISCOVERY,False,0,,,,,,,,,,
DAILY_STATUS,LINEAR_RIDGE_NET_RETURN,20200522,HISTORICAL_DISCOVERY,False,0,,,,,,,,,,
DAILY_STATUS,LINEAR_RIDGE_NET_RETURN,20200525,HISTORICAL_DISCOVERY,False,0,,,,,,,,,,
DAILY_STATUS,LINEAR_RIDGE_NET_RETURN,20200526,HISTORICAL_DISCOVERY,False,0,,,,,,,,,,
DAILY_STATUS,LINEAR_RIDGE_NET_RETURN,20200527,HISTORICAL_DISCOVERY,False,0,,,,,,,,,,
DAILY_STATUS,LINEAR_RIDGE_NET_RETURN,20200528,HISTORICAL_DISCOVERY,True,1,,,,,,,,,,
DAILY_STATUS,LINEAR_RIDGE_NET_RETURN,20200529,HISTORICAL_DISCOVERY,True,1,,,,,,,,,,
DAILY_STATUS,LINEAR_RIDGE_NET_RETURN,20200601,HISTORICAL_DISCOVERY,False,0,,,,,,,,,,
DAILY_STATUS,LINEAR_RIDGE_NET_RETURN,20200602,HISTORICAL_DISCOVERY,False,0,,,,,,,,,,
DAILY_STATUS,LINEAR_RIDGE_NET_RETURN,20200603,HISTORICAL_DISCOVERY,False,0,,,,,,,,,,
DAILY_STATUS,LINEAR_RIDGE_NET_RETURN,20200604,HISTORICAL_DISCOVERY,False,0,,,,,,,,,,
DAILY_STATUS,LINEAR_RIDGE_NET_RETURN,20200605,HISTORICAL_DISCOVERY,False,0,,,,,,,,,,
DAILY_STATUS,LINEAR_RIDGE_NET_RETURN,20200608,HISTORICAL_DISCOVERY,False,0,,,,,,,,,,
DAILY_STATUS,LINEAR_RIDGE_NET_RETURN,20200609,HISTORICAL_DISCOVERY,False,0,,,,,,,,,,
DAILY_STATUS,LINEAR_RIDGE_NET_RETURN,20200610,HISTORICAL_DISCOVERY,False,0,,,,,,,,,,
DAILY_STATUS,LINEAR_RIDGE_NET_RETURN,20200611,HISTORICAL_DISCOVERY,False,0,,,,,,,,,,
DAILY_STATUS,LINEAR_RIDGE_NET_RETURN,20200612,HISTORICAL_DISCOVERY,False,0,,,,,,,,,,
DAILY_STATUS,LINEAR_RIDGE_NET_RETURN,20200615,HISTORICAL_DISCOVERY,False,0,,,,,,,,,,
DAILY_STATUS,LINEAR_RIDGE_NET_RETURN,20200616,HISTORICAL_DISCOVERY,False,0,,,,,,,,,,
DAILY_STATUS,LINEAR_RIDGE_NET_RETURN,20200617,HISTORICAL_DISCOVERY,False,0,,,,,,,,,,
DAILY_STATUS,LINEAR_RIDGE_NET_RETURN,20200618,HISTORICAL_DISCOVERY,False,0,,,,,,,,,,
DAILY_STATUS,LINEAR_RIDGE_NET_RETURN,20200619,HISTORICAL_DISCOVERY,False,0,,,,,,,,,,
DAILY_STATUS,LINEAR_RIDGE_NET_RETURN,20200622,HISTORICAL_DISCOVERY,False,0,,,,,,,,,,
DAILY_STATUS,LINEAR_RIDGE_NET_RETURN,20200623,HISTORICAL_DISCOVERY,False,0,,,,,,,,,,
DAILY_STATUS,LINEAR_RIDGE_NET_RETURN,20200624,HISTORICAL_DISCOVERY,False,0,,,,,,,,,,
DAILY_STATUS,LINEAR_RIDGE_NET_RETURN,20200629,HISTORICAL_DISCOVERY,False,0,,,,,,,,,,
DAILY_STATUS,LINEAR_RIDGE_NET_RETURN,20200630,HISTORICAL_DISCOVERY,False,0,,,,,,,,,,
DAILY_STATUS,LINEAR_RIDGE_NET_RETURN,20200701,HISTORICAL_DISCOVERY,False,0,,,,,,,,,,
DAILY_STATUS,LINEAR_RIDGE_NET_RETURN,20200702,HISTORICAL_DISCOVERY,False,0,,,,,,,,,,
DAILY_STATUS,LINEAR_RIDGE_NET_RETURN,20200703,HISTORICAL_DISCOVERY,True,1,,,,,,,,,,
DAILY_STATUS,LINEAR_RIDGE_NET_RETURN,20200706,HISTORICAL_DISCOVERY,False,0,,,,,,,,,,
DAILY_STATUS,LINEAR_RIDGE_NET_RETURN,20200707,HISTORICAL_DISCOVERY,False,0,,,,,,,,,,
DAILY_STATUS,LINEAR_RIDGE_NET_RETURN,20200708,HISTORICAL_DISCOVERY,False,0,,,,,,,,,,
DAILY_STATUS,LINEAR_RIDGE_NET_RETURN,20200709,HISTORICAL_DISCOVERY,False,0,,,,,,,,,,
DAILY_STATUS,LINEAR_RIDGE_NET_RETURN,20200710,HISTORICAL_DISCOVERY,False,0,,,,,,,,,,
DAILY_STATUS,LINEAR_RIDGE_NET_RETURN,20200713,HISTORICAL_DISCOVERY,False,0,,,,,,,,,,
DAILY_STATUS,LINEAR_RIDGE_NET_RETURN,20200714,HISTORICAL_DISCOVERY,False,0,,,,,,,,,,
DAILY_STATUS,LINEAR_RIDGE_NET_RETURN,20200715,HISTORICAL_DISCOVERY,False,0,,,,,,,,,,
DAILY_STATUS,LINEAR_RIDGE_NET_RETURN,20200716,HISTORICAL_DISCOVERY,False,0,,,,,,,,,,
DAILY_STATUS,LINEAR_RIDGE_NET_RETURN,20200717,HISTORICAL_DISCOVERY,False,0,,,,,,,,,,
DAILY_STATUS,LINEAR_RIDGE_NET_RETURN,20200720,HISTORICAL_DISCOVERY,False,0,,,,,,,,,,
DAILY_STATUS,LINEAR_RIDGE_NET_RETURN,20200721,HISTORICAL_DISCOVERY,False,0,,,,,,,,,,
DAILY_STATUS,LINEAR_RIDGE_NET_RETURN,20200722,HISTORICAL_DISCOVERY,False,0,,,,,,,,,,
DAILY_STATUS,LINEAR_RIDGE_NET_RETURN,20200723,HISTORICAL_DISCOVERY,False,0,,,,,,,,,,
DAILY_STATUS,LINEAR_RIDGE_NET_RETURN,20200724,HISTORICAL_DISCOVERY,False,0,,,,,,,,,,
DAILY_STATUS,LINEAR_RIDGE_NET_RETURN,20200727,HISTORICAL_DISCOVERY,False,0,,,,,,,,,,
DAILY_STATUS,LINEAR_RIDGE_NET_RETURN,20200728,HISTORICAL_DISCOVERY,False,0,,,,,,,,,,
DAILY_STATUS,LINEAR_RIDGE_NET_RETURN,20200729,HISTORICAL_DISCOVERY,False,0,,,,,,,,,,
DAILY_STATUS,LINEAR_RIDGE_NET_RETURN,20200730,HISTORICAL_DISCOVERY,True,4,,,,,,,,,,
DAILY_STATUS,LINEAR_RIDGE_NET_RETURN,20200731,HISTORICAL_DISCOVERY,False,0,,,,,,,,,,
DAILY_STATUS,LINEAR_RIDGE_NET_RETURN,20200803,HISTORICAL_DISCOVERY,False,0,,,,,,,,,,
DAILY_STATUS,LINEAR_RIDGE_NET_RETURN,20200804,HISTORICAL_DISCOVERY,False,0,,,,,,,,,,
DAILY_STATUS,LINEAR_RIDGE_NET_RETURN,20200805,HISTORICAL_DISCOVERY,False,0,,,,,,,,,,
DAILY_STATUS,LINEAR_RIDGE_NET_RETURN,20200806,HISTORICAL_DISCOVERY,False,0,,,,,,,,,,
DAILY_STATUS,LINEAR_RIDGE_NET_RETURN,20200807,HISTORICAL_DISCOVERY,False,0,,,,,,,,,,
DAILY_STATUS,LINEAR_RIDGE_NET_RETURN,20200810,HISTORICAL_DISCOVERY,False,0,,,,,,,,,,
DAILY_STATUS,LINEAR_RIDGE_NET_RETURN,20200811,HISTORICAL_DISCOVERY,False,0,,,,,,,,,,
DAILY_STATUS,LINEAR_RIDGE_NET_RETURN,20200812,HISTORICAL_DISCOVERY,True,1,,,,,,,,,,
DAILY_STATUS,LINEAR_RIDGE_NET_RETURN,20200813,HISTORICAL_DISCOVERY,False,0,,,,,,,,,,
DAILY_STATUS,LINEAR_RIDGE_NET_RETURN,20200814,HISTORICAL_DISCOVERY,False,0,,,,,,,,,,
DAILY_STATUS,LINEAR_RIDGE_NET_RETURN,20200817,HISTORICAL_DISCOVERY,True,1,,,,,,,,,,
DAILY_STATUS,LINEAR_RIDGE_NET_RETURN,20200818,HISTORICAL_DISCOVERY,False,0,,,,,,,,,,
DAILY_STATUS,LINEAR_RIDGE_NET_RETURN,20200819,HISTORICAL_DISCOVERY,False,0,,,,,,,,,,
DAILY_STATUS,LINEAR_RIDGE_NET_RETURN,20200820,HISTORICAL_DISCOVERY,False,0,,,,,,,,,,
DAILY_STATUS,LINEAR_RIDGE_NET_RETURN,20200821,HISTORICAL_DISCOVERY,False,0,,,,,,,,,,
DAILY_STATUS,LINEAR_RIDGE_NET_RETURN,20200824,HISTORICAL_DISCOVERY,True,1,,,,,,,,,,
DAILY_STATUS,LINEAR_RIDGE_NET_RETURN,20200825,HISTORICAL_DISCOVERY,False,0,,,,,,,,,,
DAILY_STATUS,LINEAR_RIDGE_NET_RETURN,20200826,HISTORICAL_DISCOVERY,False,0,,,,,,,,,,
DAILY_STATUS,LINEAR_RIDGE_NET_RETURN,20200827,HISTORICAL_DISCOVERY,False,0,,,,,,,,,,
DAILY_STATUS,LINEAR_RIDGE_NET_RETURN,20200828,HISTORICAL_DISCOVERY,False,0,,,,,,,,,,
DAILY_STATUS,LINEAR_RIDGE_NET_RETURN,20200831,HISTORICAL_DISCOVERY,True,1,,,,,,,,,,
DAILY_STATUS,LINEAR_RIDGE_NET_RETURN,20200901,HISTORICAL_DISCOVERY,True,1,,,,,,,,,,
DAILY_STATUS,LINEAR_RIDGE_NET_RETURN,20200902,HISTORICAL_DISCOVERY,False,0,,,,,,,,,,
DAILY_STATUS,LINEAR_RIDGE_NET_RETURN,20200903,HISTORICAL_DISCOVERY,True,1,,,,,,,,,,
DAILY_STATUS,LINEAR_RIDGE_NET_RETURN,20200904,HISTORICAL_DISCOVERY,False,0,,,,,,,,,,
DAILY_STATUS,LINEAR_RIDGE_NET_RETURN,20200907,HISTORICAL_DISCOVERY,False,0,,,,,,,,,,
DAILY_STATUS,LINEAR_RIDGE_NET_RETURN,20200908,HISTORICAL_DISCOVERY,False,0,,,,,,,,,,
DAILY_STATUS,LINEAR_RIDGE_NET_RETURN,20200909,HISTORICAL_DISCOVERY,True,1,,,,,,,,,,
DAILY_STATUS,LINEAR_RIDGE_NET_RETURN,20200910,HISTORICAL_DISCOVERY,False,0,,,,,,,,,,
DAILY_STATUS,LINEAR_RIDGE_NET_RETURN,20200911,HISTORICAL_DISCOVERY,False,0,,,,,,,,,,
DAILY_STATUS,LINEAR_RIDGE_NET_RETURN,20200914,HISTORICAL_DISCOVERY,False,0,,,,,,,,,,
DAILY_STATUS,LINEAR_RIDGE_NET_RETURN,20200915,HISTORICAL_DISCOVERY,False,0,,,,,,,,,,
DAILY_STATUS,LINEAR_RIDGE_NET_RETURN,20200916,HISTORICAL_DISCOVERY,False,0,,,,,,,,,,
DAILY_STATUS,LINEAR_RIDGE_NET_RETURN,20200917,HISTORICAL_DISCOVERY,False,0,,,,,,,,,,
DAILY_STATUS,LINEAR_RIDGE_NET_RETURN,20200918,HISTORICAL_DISCOVERY,False,0,,,,,,,,,,
DAILY_STATUS,LINEAR_RIDGE_NET_RETURN,20200921,HISTORICAL_DISCOVERY,False,0,,,,,,,,,,
DAILY_STATUS,LINEAR_RIDGE_NET_RETURN,20200922,HISTORICAL_DISCOVERY,False,0,,,,,,,,,,
DAILY_STATUS,LINEAR_RIDGE_NET_RETURN,20200923,HISTORICAL_DISCOVERY,False,0,,,,,,,,,,
DAILY_STATUS,LINEAR_RIDGE_NET_RETURN,20200924,HISTORICAL_DISCOVERY,False,0,,,,,,,,,,
DAILY_STATUS,LINEAR_RIDGE_NET_RETURN,20200925,HISTORICAL_DISCOVERY,False,0,,,,,,,,,,
DAILY_STATUS,LINEAR_RIDGE_NET_RETURN,20200928,HISTORICAL_DISCOVERY,False,0,,,,,,,,,,
DAILY_STATUS,LINEAR_RIDGE_NET_RETURN,20200929,HISTORICAL_DISCOVERY,False,0,,,,,,,,,,
DAILY_STATUS,LINEAR_RIDGE_NET_RETURN,20200930,HISTORICAL_DISCOVERY,False,0,,,,,,,,,,
DAILY_STATUS,LINEAR_RIDGE_NET_RETURN,20201005,HISTORICAL_DISCOVERY,False,0,,,,,,,,,,
DAILY_STATUS,LINEAR_RIDGE_NET_RETURN,20201006,HISTORICAL_DISCOVERY,False,0,,,,,,,,,,
DAILY_STATUS,LINEAR_RIDGE_NET_RETURN,20201007,HISTORICAL_DISCOVERY,False,0,,,,,,,,,,
DAILY_STATUS,LINEAR_RIDGE_NET_RETURN,20201008,HISTORICAL_DISCOVERY,False,0,,,,,,,,,,
DAILY_STATUS,LINEAR_RIDGE_NET_RETURN,20201012,HISTORICAL_DISCOVERY,False,0,,,,,,,,,,
DAILY_STATUS,LINEAR_RIDGE_NET_RETURN,20201013,HISTORICAL_DISCOVERY,False,0,,,,,,,,,,
DAILY_STATUS,LINEAR_RIDGE_NET_RETURN,20201014,HISTORICAL_DISCOVERY,True,1,,,,,,,,,,
DAILY_STATUS,LINEAR_RIDGE_NET_RETURN,20201015,HISTORICAL_DISCOVERY,False,0,,,,,,,,,,
DAILY_STATUS,LINEAR_RIDGE_NET_RETURN,20201016,HISTORICAL_DISCOVERY,False,0,,,,,,,,,,
DAILY_STATUS,LINEAR_RIDGE_NET_RETURN,20201019,HISTORICAL_DISCOVERY,False,0,,,,,,,,,,
DAILY_STATUS,LINEAR_RIDGE_NET_RETURN,20201020,HISTORICAL_DISCOVERY,False,0,,,,,,,,,,
DAILY_STATUS,LINEAR_RIDGE_NET_RETURN,20201021,HISTORICAL_DISCOVERY,False,0,,,,,,,,,,
DAILY_STATUS,LINEAR_RIDGE_NET_RETURN,20201022,HISTORICAL_DISCOVERY,False,0,,,,,,,,,,
DAILY_STATUS,LINEAR_RIDGE_NET_RETURN,20201023,HISTORICAL_DISCOVERY,False,0,,,,,,,,,,
DAILY_STATUS,LINEAR_RIDGE_NET_RETURN,20201026,HISTORICAL_DISCOVERY,False,0,,,,,,,,,,
DAILY_STATUS,LINEAR_RIDGE_NET_RETURN,20201027,HISTORICAL_DISCOVERY,False,0,,,,,,,,,,
DAILY_STATUS,LINEAR_RIDGE_NET_RETURN,20201028,HISTORICAL_DISCOVERY,False,0,,,,,,,,,,
DAILY_STATUS,LINEAR_RIDGE_NET_RETURN,20201029,HISTORICAL_DISCOVERY,False,0,,,,,,,,,,
DAILY_STATUS,LINEAR_RIDGE_NET_RETURN,20201030,HISTORICAL_DISCOVERY,False,0,,,,,,,,,,
DAILY_STATUS,LINEAR_RIDGE_NET_RETURN,20201102,HISTORICAL_DISCOVERY,False,0,,,,,,,,,,
DAILY_STATUS,LINEAR_RIDGE_NET_RETURN,20201103,HISTORICAL_DISCOVERY,False,0,,,,,,,,,,
DAILY_STATUS,LINEAR_RIDGE_NET_RETURN,20201104,HISTORICAL_DISCOVERY,False,0,,,,,,,,,,
DAILY_STATUS,LINEAR_RIDGE_NET_RETURN,20201105,HISTORICAL_DISCOVERY,False,0,,,,,,,,,,
DAILY_STATUS,LINEAR_RIDGE_NET_RETURN,20201106,HISTORICAL_DISCOVERY,False,0,,,,,,,,,,
DAILY_STATUS,LINEAR_RIDGE_NET_RETURN,20201109,HISTORICAL_DISCOVERY,False,0,,,,,,,,,,
DAILY_STATUS,LINEAR_RIDGE_NET_RETURN,20201110,HISTORICAL_DISCOVERY,False,0,,,,,,,,,,
DAILY_STATUS,LINEAR_RIDGE_NET_RETURN,20201111,HISTORICAL_DISCOVERY,False,0,,,,,,,,,,
DAILY_STATUS,LINEAR_RIDGE_NET_RETURN,20201112,HISTORICAL_DISCOVERY,False,0,,,,,,,,,,
DAILY_STATUS,LINEAR_RIDGE_NET_RETURN,20201113,HISTORICAL_DISCOVERY,False,0,,,,,,,,,,
DAILY_STATUS,LINEAR_RIDGE_NET_RETURN,20201116,HISTORICAL_DISCOVERY,False,0,,,,,,,,,,
DAILY_STATUS,LINEAR_RIDGE_NET_RETURN,20201117,HISTORICAL_DISCOVERY,False,0,,,,,,,,,,
DAILY_STATUS,LINEAR_RIDGE_NET_RETURN,20201118,HISTORICAL_DISCOVERY,False,0,,,,,,,,,,
DAILY_STATUS,LINEAR_RIDGE_NET_RETURN,20201119,HISTORICAL_DISCOVERY,False,0,,,,,,,,,,
DAILY_STATUS,LINEAR_RIDGE_NET_RETURN,20201120,HISTORICAL_DISCOVERY,False,0,,,,,,,,,,
DAILY_STATUS,LINEAR_RIDGE_NET_RETURN,20201123,HISTORICAL_DISCOVERY,False,0,,,,,,,,,,
DAILY_STATUS,LINEAR_RIDGE_NET_RETURN,20201124,HISTORICAL_DISCOVERY,False,0,,,,,,,,,,
DAILY_STATUS,LINEAR_RIDGE_NET_RETURN,20201125,HISTORICAL_DISCOVERY,False,0,,,,,,,,,,
DAILY_STATUS,LINEAR_RIDGE_NET_RETURN,20201126,HISTORICAL_DISCOVERY,False,0,,,,,,,,,,
DAILY_STATUS,LINEAR_RIDGE_NET_RETURN,20201127,HISTORICAL_DISCOVERY,False,0,,,,,,,,,,
DAILY_STATUS,LINEAR_RIDGE_NET_RETURN,20201130,HISTORICAL_DISCOVERY,False,0,,,,,,,,,,
DAILY_STATUS,LINEAR_RIDGE_NET_RETURN,20201201,HISTORICAL_DISCOVERY,False,0,,,,,,,,,,
DAILY_STATUS,LINEAR_RIDGE_NET_RETURN,20201202,HISTORICAL_DISCOVERY,False,0,,,,,,,,,,
DAILY_STATUS,LINEAR_RIDGE_NET_RETURN,20201203,HISTORICAL_DISCOVERY,False,0,,,,,,,,,,
DAILY_STATUS,LINEAR_RIDGE_NET_RETURN,20201204,HISTORICAL_DISCOVERY,False,0,,,,,,,,,,
DAILY_STATUS,LINEAR_RIDGE_NET_RETURN,20201207,HISTORICAL_DISCOVERY,False,0,,,,,,,,,,
DAILY_STATUS,LINEAR_RIDGE_NET_RETURN,20201208,HISTORICAL_DISCOVERY,False,0,,,,,,,,,,
DAILY_STATUS,LINEAR_RIDGE_NET_RETURN,20201209,HISTORICAL_DISCOVERY,False,0,,,,,,,,,,
DAILY_STATUS,LINEAR_RIDGE_NET_RETURN,20201210,HISTORICAL_DISCOVERY,False,0,,,,,,,,,,
DAILY_STATUS,LINEAR_RIDGE_NET_RETURN,20201211,HISTORICAL_DISCOVERY,False,0,,,,,,,,,,
DAILY_STATUS,LINEAR_RIDGE_NET_RETURN,20201214,HISTORICAL_DISCOVERY,False,0,,,,,,,,,,
DAILY_STATUS,LINEAR_RIDGE_NET_RETURN,20201215,HISTORICAL_DISCOVERY,False,0,,,,,,,,,,
DAILY_STATUS,LINEAR_RIDGE_NET_RETURN,20201216,HISTORICAL_DISCOVERY,False,0,,,,,,,,,,
DAILY_STATUS,LINEAR_RIDGE_NET_RETURN,20201217,HISTORICAL_DISCOVERY,False,0,,,,,,,,,,
DAILY_STATUS,LINEAR_RIDGE_NET_RETURN,20201218,HISTORICAL_DISCOVERY,False,0,,,,,,,,,,
DAILY_STATUS,LINEAR_RIDGE_NET_RETURN,20201221,HISTORICAL_DISCOVERY,False,0,,,,,,,,,,
DAILY_STATUS,LINEAR_RIDGE_NET_RETURN,20201222,HISTORICAL_DISCOVERY,False,0,,,,,,,,,,
DAILY_STATUS,LINEAR_RIDGE_NET_RETURN,20201223,HISTORICAL_DISCOVERY,False,0,,,,,,,,,,
DAILY_STATUS,LINEAR_RIDGE_NET_RETURN,20201224,HISTORICAL_DISCOVERY,False,0,,,,,,,,,,
DAILY_STATUS,LINEAR_RIDGE_NET_RETURN,20201225,HISTORICAL_DISCOVERY,False,0,,,,,,,,,,
DAILY_STATUS,LINEAR_RIDGE_NET_RETURN,20201228,HISTORICAL_DISCOVERY,True,1,,,,,,,,,,
DAILY_STATUS,LINEAR_RIDGE_NET_RETURN,20201229,HISTORICAL_DISCOVERY,False,0,,,,,,,,,,
DAILY_STATUS,LINEAR_RIDGE_NET_RETURN,20201230,HISTORICAL_DISCOVERY,False,0,,,,,,,,,,
DAILY_STATUS,LINEAR_RIDGE_NET_RETURN,20201231,HISTORICAL_DISCOVERY,False,0,,,,,,,,,,
DAILY_STATUS,LINEAR_RIDGE_NET_RETURN,20210104,HISTORICAL_DISCOVERY,False,0,,,,,,,,,,
DAILY_STATUS,LINEAR_RIDGE_NET_RETURN,20210105,HISTORICAL_DISCOVERY,False,0,,,,,,,,,,
DAILY_STATUS,LINEAR_RIDGE_NET_RETURN,20210106,HISTORICAL_DISCOVERY,False,0,,,,,,,,,,
DAILY_STATUS,LINEAR_RIDGE_NET_RETURN,20210107,HISTORICAL_DISCOVERY,False,0,,,,,,,,,,
DAILY_STATUS,LINEAR_RIDGE_NET_RETURN,20210108,HISTORICAL_DISCOVERY,True,1,,,,,,,,,,
DAILY_STATUS,LINEAR_RIDGE_NET_RETURN,20210111,HISTORICAL_DISCOVERY,False,0,,,,,,,,,,
DAILY_STATUS,LINEAR_RIDGE_NET_RETURN,20210112,HISTORICAL_DISCOVERY,False,0,,,,,,,,,,
DAILY_STATUS,LINEAR_RIDGE_NET_RETURN,20210113,HISTORICAL_DISCOVERY,False,0,,,,,,,,,,
DAILY_STATUS,LINEAR_RIDGE_NET_RETURN,20210114,HISTORICAL_DISCOVERY,False,0,,,,,,,,,,
DAILY_STATUS,LINEAR_RIDGE_NET_RETURN,20210115,HISTORICAL_DISCOVERY,False,0,,,,,,,,,,
DAILY_STATUS,LINEAR_RIDGE_NET_RETURN,20210118,HISTORICAL_DISCOVERY,False,0,,,,,,,,,,
DAILY_STATUS,LINEAR_RIDGE_NET_RETURN,20210119,HISTORICAL_DISCOVERY,False,0,,,,,,,,,,
DAILY_STATUS,LINEAR_RIDGE_NET_RETURN,20210120,HISTORICAL_DISCOVERY,False,0,,,,,,,,,,
DAILY_STATUS,LINEAR_RIDGE_NET_RETURN,20210121,HISTORICAL_DISCOVERY,False,0,,,,,,,,,,
DAILY_STATUS,LINEAR_RIDGE_NET_RETURN,20210122,HISTORICAL_DISCOVERY,False,0,,,,,,,,,,
DAILY_STATUS,LINEAR_RIDGE_NET_RETURN,20210125,HISTORICAL_DISCOVERY,False,0,,,,,,,,,,
DAILY_STATUS,LINEAR_RIDGE_NET_RETURN,20210126,HISTORICAL_DISCOVERY,False,0,,,,,,,,,,
DAILY_STATUS,LINEAR_RIDGE_NET_RETURN,20210127,HISTORICAL_DISCOVERY,True,1,,,,,,,,,,
DAILY_STATUS,LINEAR_RIDGE_NET_RETURN,20210128,HISTORICAL_DISCOVERY,False,0,,,,,,,,,,
DAILY_STATUS,LINEAR_RIDGE_NET_RETURN,20210129,HISTORICAL_DISCOVERY,False,0,,,,,,,,,,
DAILY_STATUS,LINEAR_RIDGE_NET_RETURN,20210201,HISTORICAL_DISCOVERY,False,0,,,,,,,,,,
DAILY_STATUS,LINEAR_RIDGE_NET_RETURN,20210202,HISTORICAL_DISCOVERY,True,2,,,,,,,,,,
DAILY_STATUS,LINEAR_RIDGE_NET_RETURN,20210203,HISTORICAL_DISCOVERY,True,1,,,,,,,,,,
DAILY_STATUS,LINEAR_RIDGE_NET_RETURN,20210204,HISTORICAL_DISCOVERY,False,0,,,,,,,,,,
DAILY_STATUS,LINEAR_RIDGE_NET_RETURN,20210205,HISTORICAL_DISCOVERY,False,0,,,,,,,,,,
DAILY_STATUS,LINEAR_RIDGE_NET_RETURN,20210217,HISTORICAL_DISCOVERY,False,0,,,,,,,,,,
DAILY_STATUS,LINEAR_RIDGE_NET_RETURN,20210218,HISTORICAL_DISCOVERY,False,0,,,,,,,,,,
DAILY_STATUS,LINEAR_RIDGE_NET_RETURN,20210219,HISTORICAL_DISCOVERY,False,0,,,,,,,,,,
DAILY_STATUS,LINEAR_RIDGE_NET_RETURN,20210222,HISTORICAL_DISCOVERY,False,0,,,,,,,,,,
DAILY_STATUS,LINEAR_RIDGE_NET_RETURN,20210223,HISTORICAL_DISCOVERY,False,0,,,,,,,,,,
DAILY_STATUS,LINEAR_RIDGE_NET_RETURN,20210224,HISTORICAL_DISCOVERY,False,0,,,,,,,,,,
DAILY_STATUS,LINEAR_RIDGE_NET_RETURN,20210225,HISTORICAL_DISCOVERY,False,0,,,,,,,,,,
DAILY_STATUS,LINEAR_RIDGE_NET_RETURN,20210226,HISTORICAL_DISCOVERY,False,0,,,,,,,,,,
DAILY_STATUS,LINEAR_RIDGE_NET_RETURN,20210302,HISTORICAL_DISCOVERY,False,0,,,,,,,,,,
DAILY_STATUS,LINEAR_RIDGE_NET_RETURN,20210303,HISTORICAL_DISCOVERY,False,0,,,,,,,,,,
DAILY_STATUS,LINEAR_RIDGE_NET_RETURN,20210304,HISTORICAL_DISCOVERY,False,0,,,,,,,,,,
DAILY_STATUS,LINEAR_RIDGE_NET_RETURN,20210305,HISTORICAL_DISCOVERY,False,0,,,,,,,,,,
DAILY_STATUS,LINEAR_RIDGE_NET_RETURN,20210308,HISTORICAL_DISCOVERY,False,0,,,,,,,,,,
DAILY_STATUS,LINEAR_RIDGE_NET_RETURN,20210309,HISTORICAL_DISCOVERY,False,0,,,,,,,,,,
DAILY_STATUS,LINEAR_RIDGE_NET_RETURN,20210310,HISTORICAL_DISCOVERY,False,0,,,,,,,,,,
DAILY_STATUS,LINEAR_RIDGE_NET_RETURN,20210311,HISTORICAL_DISCOVERY,False,0,,,,,,,,,,
DAILY_STATUS,LINEAR_RIDGE_NET_RETURN,20210312,HISTORICAL_DISCOVERY,False,0,,,,,,,,,,
DAILY_STATUS,LINEAR_RIDGE_NET_RETURN,20210315,HISTORICAL_DISCOVERY,False,0,,,,,,,,,,
DAILY_STATUS,LINEAR_RIDGE_NET_RETURN,20210316,HISTORICAL_DISCOVERY,False,0,,,,,,,,,,
DAILY_STATUS,LINEAR_RIDGE_NET_RETURN,20210317,HISTORICAL_DISCOVERY,False,0,,,,,,,,,,
DAILY_STATUS,LINEAR_RIDGE_NET_RETURN,20210318,HISTORICAL_DISCOVERY,True,1,,,,,,,,,,
DAILY_STATUS,LINEAR_RIDGE_NET_RETURN,20210319,HISTORICAL_DISCOVERY,False,0,,,,,,,,,,
DAILY_STATUS,LINEAR_RIDGE_NET_RETURN,20210322,HISTORICAL_DISCOVERY,False,0,,,,,,,,,,
DAILY_STATUS,LINEAR_RIDGE_NET_RETURN,20210323,HISTORICAL_DISCOVERY,True,1,,,,,,,,,,
DAILY_STATUS,LINEAR_RIDGE_NET_RETURN,20210324,HISTORICAL_DISCOVERY,False,0,,,,,,,,,,
DAILY_STATUS,LINEAR_RIDGE_NET_RETURN,20210325,HISTORICAL_DISCOVERY,False,0,,,,,,,,,,
DAILY_STATUS,LINEAR_RIDGE_NET_RETURN,20210326,HISTORICAL_DISCOVERY,False,0,,,,,,,,,,
DAILY_STATUS,LINEAR_RIDGE_NET_RETURN,20210329,HISTORICAL_DISCOVERY,False,0,,,,,,,,,,
DAILY_STATUS,LINEAR_RIDGE_NET_RETURN,20210330,HISTORICAL_DISCOVERY,False,0,,,,,,,,,,
DAILY_STATUS,LINEAR_RIDGE_NET_RETURN,20210331,HISTORICAL_DISCOVERY,False,0,,,,,,,,,,
DAILY_STATUS,LINEAR_RIDGE_NET_RETURN,20210401,HISTORICAL_DISCOVERY,False,0,,,,,,,,,,
DAILY_STATUS,LINEAR_RIDGE_NET_RETURN,20210406,HISTORICAL_DISCOVERY,False,0,,,,,,,,,,
DAILY_STATUS,LINEAR_RIDGE_NET_RETURN,20210407,HISTORICAL_DISCOVERY,False,0,,,,,,,,,,
DAILY_STATUS,LINEAR_RIDGE_NET_RETURN,20210408,HISTORICAL_DISCOVERY,False,0,,,,,,,,,,
DAILY_STATUS,LINEAR_RIDGE_NET_RETURN,20210409,HISTORICAL_DISCOVERY,False,0,,,,,,,,,,
DAILY_STATUS,LINEAR_RIDGE_NET_RETURN,20210412,HISTORICAL_DISCOVERY,False,0,,,,,,,,,,
DAILY_STATUS,LINEAR_RIDGE_NET_RETURN,20210413,HISTORICAL_DISCOVERY,False,0,,,,,,,,,,
DAILY_STATUS,LINEAR_RIDGE_NET_RETURN,20210414,HISTORICAL_DISCOVERY,False,0,,,,,,,,,,
DAILY_STATUS,LINEAR_RIDGE_NET_RETURN,20210415,HISTORICAL_DISCOVERY,False,0,,,,,,,,,,
DAILY_STATUS,LINEAR_RIDGE_NET_RETURN,20210416,HISTORICAL_DISCOVERY,False,0,,,,,,,,,,
DAILY_STATUS,LINEAR_RIDGE_NET_RETURN,20210419,HISTORICAL_DISCOVERY,False,0,,,,,,,,,,
DAILY_STATUS,LINEAR_RIDGE_NET_RETURN,20210420,HISTORICAL_DISCOVERY,False,0,,,,,,,,,,
DAILY_STATUS,LINEAR_RIDGE_NET_RETURN,20210421,HISTORICAL_DISCOVERY,False,0,,,,,,,,,,
DAILY_STATUS,LINEAR_RIDGE_NET_RETURN,20210422,HISTORICAL_DISCOVERY,False,0,,,,,,,,,,
DAILY_STATUS,LINEAR_RIDGE_NET_RETURN,20210423,HISTORICAL_DISCOVERY,False,0,,,,,,,,,,
DAILY_STATUS,LINEAR_RIDGE_NET_RETURN,20210426,HISTORICAL_DISCOVERY,True,2,,,,,,,,,,
DAILY_STATUS,LINEAR_RIDGE_NET_RETURN,20210427,HISTORICAL_DISCOVERY,False,0,,,,,,,,,,
DAILY_STATUS,LINEAR_RIDGE_NET_RETURN,20210428,HISTORICAL_DISCOVERY,False,0,,,,,,,,,,
DAILY_STATUS,LINEAR_RIDGE_NET_RETURN,20210429,HISTORICAL_DISCOVERY,False,0,,,,,,,,,,
DAILY_STATUS,LINEAR_RIDGE_NET_RETURN,20210503,HISTORICAL_DISCOVERY,False,0,,,,,,,,,,
DAILY_STATUS,LINEAR_RIDGE_NET_RETURN,20210504,HISTORICAL_DISCOVERY,False,0,,,,,,,,,,
DAILY_STATUS,LINEAR_RIDGE_NET_RETURN,20210505,HISTORICAL_DISCOVERY,False,0,,,,,,,,,,
DAILY_STATUS,LINEAR_RIDGE_NET_RETURN,20210506,HISTORICAL_DISCOVERY,False,0,,,,,,,,,,
DAILY_STATUS,LINEAR_RIDGE_NET_RETURN,20210507,HISTORICAL_DISCOVERY,True,1,,,,,,,,,,
DAILY_STATUS,LINEAR_RIDGE_NET_RETURN,20210510,HISTORICAL_DISCOVERY,False,0,,,,,,,,,,
DAILY_STATUS,LINEAR_RIDGE_NET_RETURN,20210511,HISTORICAL_DISCOVERY,False,0,,,,,,,,,,
DAILY_STATUS,LINEAR_RIDGE_NET_RETURN,20210512,HISTORICAL_DISCOVERY,False,0,,,,,,,,,,
DAILY_STATUS,LINEAR_RIDGE_NET_RETURN,20210513,HISTORICAL_DISCOVERY,False,0,,,,,,,,,,
DAILY_STATUS,LINEAR_RIDGE_NET_RETURN,20210514,HISTORICAL_DISCOVERY,False,0,,,,,,,,,,
DAILY_STATUS,LINEAR_RIDGE_NET_RETURN,20210517,HISTORICAL_DISCOVERY,False,0,,,,,,,,,,
DAILY_STATUS,LINEAR_RIDGE_NET_RETURN,20210518,HISTORICAL_DISCOVERY,False,0,,,,,,,,,,
DAILY_STATUS,LINEAR_RIDGE_NET_RETURN,20210519,HISTORICAL_DISCOVERY,False,0,,,,,,,,,,
DAILY_STATUS,LINEAR_RIDGE_NET_RETURN,20210520,HISTORICAL_DISCOVERY,False,0,,,,,,,,,,
DAILY_STATUS,LINEAR_RIDGE_NET_RETURN,20210521,HISTORICAL_DISCOVERY,True,1,,,,,,,,,,
DAILY_STATUS,LINEAR_RIDGE_NET_RETURN,20210524,HISTORICAL_DISCOVERY,True,3,,,,,,,,,,
DAILY_STATUS,LINEAR_RIDGE_NET_RETURN,20210525,HISTORICAL_DISCOVERY,True,1,,,,,,,,,,
DAILY_STATUS,LINEAR_RIDGE_NET_RETURN,20210526,HISTORICAL_DISCOVERY,False,0,,,,,,,,,,
DAILY_STATUS,LINEAR_RIDGE_NET_RETURN,20210527,HISTORICAL_DISCOVERY,False,0,,,,,,,,,,
DAILY_STATUS,LINEAR_RIDGE_NET_RETURN,20210528,HISTORICAL_DISCOVERY,False,0,,,,,,,,,,
DAILY_STATUS,LINEAR_RIDGE_NET_RETURN,20210531,HISTORICAL_DISCOVERY,False,0,,,,,,,,,,
DAILY_STATUS,LINEAR_RIDGE_NET_RETURN,20210601,HISTORICAL_DISCOVERY,False,0,,,,,,,,,,
DAILY_STATUS,LINEAR_RIDGE_NET_RETURN,20210602,HISTORICAL_DISCOVERY,False,0,,,,,,,,,,
DAILY_STATUS,LINEAR_RIDGE_NET_RETURN,20210603,HISTORICAL_DISCOVERY,False,0,,,,,,,,,,
DAILY_STATUS,LINEAR_RIDGE_NET_RETURN,20210604,HISTORICAL_DISCOVERY,False,0,,,,,,,,,,
DAILY_STATUS,LINEAR_RIDGE_NET_RETURN,20210607,HISTORICAL_DISCOVERY,False,0,,,,,,,,,,
DAILY_STATUS,LINEAR_RIDGE_NET_RETURN,20210608,HISTORICAL_DISCOVERY,False,0,,,,,,,,,,
DAILY_STATUS,LINEAR_RIDGE_NET_RETURN,20210609,HISTORICAL_DISCOVERY,False,0,,,,,,,,,,
DAILY_STATUS,LINEAR_RIDGE_NET_RETURN,20210610,HISTORICAL_DISCOVERY,True,1,,,,,,,,,,
DAILY_STATUS,LINEAR_RIDGE_NET_RETURN,20210611,HISTORICAL_DISCOVERY,False,0,,,,,,,,,,
DAILY_STATUS,LINEAR_RIDGE_NET_RETURN,20210615,HISTORICAL_DISCOVERY,False,0,,,,,,,,,,
DAILY_STATUS,LINEAR_RIDGE_NET_RETURN,20210616,HISTORICAL_DISCOVERY,False,0,,,,,,,,,,
DAILY_STATUS,LINEAR_RIDGE_NET_RETURN,20210617,HISTORICAL_DISCOVERY,False,0,,,,,,,,,,
DAILY_STATUS,LINEAR_RIDGE_NET_RETURN,20210618,HISTORICAL_DISCOVERY,False,0,,,,,,,,,,
DAILY_STATUS,LINEAR_RIDGE_NET_RETURN,20210621,HISTORICAL_DISCOVERY,False,0,,,,,,,,,,
DAILY_STATUS,LINEAR_RIDGE_NET_RETURN,20210622,HISTORICAL_DISCOVERY,False,0,,,,,,,,,,
DAILY_STATUS,LINEAR_RIDGE_NET_RETURN,20210623,HISTORICAL_DISCOVERY,False,0,,,,,,,,,,
DAILY_STATUS,LINEAR_RIDGE_NET_RETURN,20210624,HISTORICAL_DISCOVERY,False,0,,,,,,,,,,
DAILY_STATUS,LINEAR_RIDGE_NET_RETURN,20210625,HISTORICAL_DISCOVERY,False,0,,,,,,,,,,
DAILY_STATUS,LINEAR_RIDGE_NET_RETURN,20210628,HISTORICAL_DISCOVERY,False,0,,,,,,,,,,
DAILY_STATUS,LINEAR_RIDGE_NET_RETURN,20210629,HISTORICAL_DISCOVERY,False,0,,,,,,,,,,
DAILY_STATUS,LINEAR_RIDGE_NET_RETURN,20210630,HISTORICAL_DISCOVERY,False,0,,,,,,,,,,
DAILY_STATUS,LINEAR_RIDGE_NET_RETURN,20210701,HISTORICAL_DISCOVERY,False,0,,,,,,,,,,
DAILY_STATUS,LINEAR_RIDGE_NET_RETURN,20210702,HISTORICAL_DISCOVERY,False,0,,,,,,,,,,
DAILY_STATUS,LINEAR_RIDGE_NET_RETURN,20210705,HISTORICAL_DISCOVERY,False,0,,,,,,,,,,
DAILY_STATUS,LINEAR_RIDGE_NET_RETURN,20210706,HISTORICAL_DISCOVERY,False,0,,,,,,,,,,
DAILY_STATUS,LINEAR_RIDGE_NET_RETURN,20210707,HISTORICAL_DISCOVERY,False,0,,,,,,,,,,
DAILY_STATUS,LINEAR_RIDGE_NET_RETURN,20210708,HISTORICAL_DISCOVERY,False,0,,,,,,,,,,
DAILY_STATUS,LINEAR_RIDGE_NET_RETURN,20210709,HISTORICAL_DISCOVERY,False,0,,,,,,,,,,
DAILY_STATUS,LINEAR_RIDGE_NET_RETURN,20210712,HISTORICAL_DISCOVERY,False,0,,,,,,,,,,
DAILY_STATUS,LINEAR_RIDGE_NET_RETURN,20210713,HISTORICAL_DISCOVERY,False,0,,,,,,,,,,
DAILY_STATUS,LINEAR_RIDGE_NET_RETURN,20210714,HISTORICAL_DISCOVERY,True,1,,,,,,,,,,
DAILY_STATUS,LINEAR_RIDGE_NET_RETURN,20210715,HISTORICAL_DISCOVERY,False,0,,,,,,,,,,
DAILY_STATUS,LINEAR_RIDGE_NET_RETURN,20210716,HISTORICAL_DISCOVERY,False,0,,,,,,,,,,
DAILY_STATUS,LINEAR_RIDGE_NET_RETURN,20210719,HISTORICAL_DISCOVERY,False,0,,,,,,,,,,
DAILY_STATUS,LINEAR_RIDGE_NET_RETURN,20210720,HISTORICAL_DISCOVERY,False,0,,,,,,,,,,
DAILY_STATUS,LINEAR_RIDGE_NET_RETURN,20210721,HISTORICAL_DISCOVERY,False,0,,,,,,,,,,
DAILY_STATUS,LINEAR_RIDGE_NET_RETURN,20210722,HISTORICAL_DISCOVERY,False,0,,,,,,,,,,
DAILY_STATUS,LINEAR_RIDGE_NET_RETURN,20210723,HISTORICAL_DISCOVERY,False,0,,,,,,,,,,
DAILY_STATUS,LINEAR_RIDGE_NET_RETURN,20210726,HISTORICAL_DISCOVERY,True,2,,,,,,,,,,
DAILY_STATUS,LINEAR_RIDGE_NET_RETURN,20210727,HISTORICAL_DISCOVERY,False,0,,,,,,,,,,
DAILY_STATUS,LINEAR_RIDGE_NET_RETURN,20210728,HISTORICAL_DISCOVERY,False,0,,,,,,,,,,
DAILY_STATUS,LINEAR_RIDGE_NET_RETURN,20210729,HISTORICAL_DISCOVERY,True,2,,,,,,,,,,
DAILY_STATUS,LINEAR_RIDGE_NET_RETURN,20210730,HISTORICAL_DISCOVERY,False,0,,,,,,,,,,
DAILY_STATUS,LINEAR_RIDGE_NET_RETURN,20210802,HISTORICAL_DISCOVERY,False,0,,,,,,,,,,
DAILY_STATUS,LINEAR_RIDGE_NET_RETURN,20210803,HISTORICAL_DISCOVERY,False,0,,,,,,,,,,
DAILY_STATUS,LINEAR_RIDGE_NET_RETURN,20210804,HISTORICAL_DISCOVERY,True,1,,,,,,,,,,
DAILY_STATUS,LINEAR_RIDGE_NET_RETURN,20210805,HISTORICAL_DISCOVERY,False,0,,,,,,,,,,
DAILY_STATUS,LINEAR_RIDGE_NET_RETURN,20210806,HISTORICAL_DISCOVERY,True,1,,,,,,,,,,
DAILY_STATUS,LINEAR_RIDGE_NET_RETURN,20210809,HISTORICAL_DISCOVERY,False,0,,,,,,,,,,
DAILY_STATUS,LINEAR_RIDGE_NET_RETURN,20210810,HISTORICAL_DISCOVERY,False,0,,,,,,,,,,
DAILY_STATUS,LINEAR_RIDGE_NET_RETURN,20210811,HISTORICAL_DISCOVERY,False,0,,,,,,,,,,
DAILY_STATUS,LINEAR_RIDGE_NET_RETURN,20210812,HISTORICAL_DISCOVERY,False,0,,,,,,,,,,
DAILY_STATUS,LINEAR_RIDGE_NET_RETURN,20210813,HISTORICAL_DISCOVERY,False,0,,,,,,,,,,
DAILY_STATUS,LINEAR_RIDGE_NET_RETURN,20210816,HISTORICAL_DISCOVERY,False,0,,,,,,,,,,
DAILY_STATUS,LINEAR_RIDGE_NET_RETURN,20210817,HISTORICAL_DISCOVERY,False,0,,,,,,,,,,
DAILY_STATUS,LINEAR_RIDGE_NET_RETURN,20210818,HISTORICAL_DISCOVERY,True,1,,,,,,,,,,
DAILY_STATUS,LINEAR_RIDGE_NET_RETURN,20210819,HISTORICAL_DISCOVERY,False,0,,,,,,,,,,
DAILY_STATUS,LINEAR_RIDGE_NET_RETURN,20210820,HISTORICAL_DISCOVERY,False,0,,,,,,,,,,
DAILY_STATUS,LINEAR_RIDGE_NET_RETURN,20210823,HISTORICAL_DISCOVERY,False,0,,,,,,,,,,
DAILY_STATUS,LINEAR_RIDGE_NET_RETURN,20210824,HISTORICAL_DISCOVERY,False,0,,,,,,,,,,
DAILY_STATUS,LINEAR_RIDGE_NET_RETURN,20210825,HISTORICAL_DISCOVERY,False,0,,,,,,,,,,
DAILY_STATUS,LINEAR_RIDGE_NET_RETURN,20210826,HISTORICAL_DISCOVERY,False,0,,,,,,,,,,
DAILY_STATUS,LINEAR_RIDGE_NET_RETURN,20210827,HISTORICAL_DISCOVERY,False,0,,,,,,,,,,
DAILY_STATUS,LINEAR_RIDGE_NET_RETURN,20210830,HISTORICAL_DISCOVERY,False,0,,,,,,,,,,
DAILY_STATUS,LINEAR_RIDGE_NET_RETURN,20210831,HISTORICAL_DISCOVERY,False,0,,,,,,,,,,
DAILY_STATUS,LINEAR_RIDGE_NET_RETURN,20210901,HISTORICAL_DISCOVERY,True,5,,,,,,,,,,
DAILY_STATUS,LINEAR_RIDGE_NET_RETURN,20210902,HISTORICAL_DISCOVERY,False,0,,,,,,,,,,
DAILY_STATUS,LINEAR_RIDGE_NET_RETURN,20210903,HISTORICAL_DISCOVERY,False,0,,,,,,,,,,
DAILY_STATUS,LINEAR_RIDGE_NET_RETURN,20210906,HISTORICAL_DISCOVERY,False,0,,,,,,,,,,
DAILY_STATUS,LINEAR_RIDGE_NET_RETURN,20210907,HISTORICAL_DISCOVERY,False,0,,,,,,,,,,
DAILY_STATUS,LINEAR_RIDGE_NET_RETURN,20210908,HISTORICAL_DISCOVERY,False,0,,,,,,,,,,
DAILY_STATUS,LINEAR_RIDGE_NET_RETURN,20210909,HISTORICAL_DISCOVERY,False,0,,,,,,,,,,
DAILY_STATUS,LINEAR_RIDGE_NET_RETURN,20210910,HISTORICAL_DISCOVERY,True,2,,,,,,,,,,
DAILY_STATUS,LINEAR_RIDGE_NET_RETURN,20210913,HISTORICAL_DISCOVERY,False,0,,,,,,,,,,
DAILY_STATUS,LINEAR_RIDGE_NET_RETURN,20210914,HISTORICAL_DISCOVERY,False,0,,,,,,,,,,
DAILY_STATUS,LINEAR_RIDGE_NET_RETURN,20210915,HISTORICAL_DISCOVERY,False,0,,,,,,,,,,
DAILY_STATUS,LINEAR_RIDGE_NET_RETURN,20210916,HISTORICAL_DISCOVERY,False,0,,,,,,,,,,
DAILY_STATUS,LINEAR_RIDGE_NET_RETURN,20210917,HISTORICAL_DISCOVERY,True,3,,,,,,,,,,
DAILY_STATUS,LINEAR_RIDGE_NET_RETURN,20210922,HISTORICAL_DISCOVERY,False,0,,,,,,,,,,
DAILY_STATUS,LINEAR_RIDGE_NET_RETURN,20210923,HISTORICAL_DISCOVERY,False,0,,,,,,,,,,
DAILY_STATUS,LINEAR_RIDGE_NET_RETURN,20210924,HISTORICAL_DISCOVERY,False,0,,,,,,,,,,
DAILY_STATUS,LINEAR_RIDGE_NET_RETURN,20210927,HISTORICAL_DISCOVERY,True,1,,,,,,,,,,
DAILY_STATUS,LINEAR_RIDGE_NET_RETURN,20210928,HISTORICAL_DISCOVERY,False,0,,,,,,,,,,
DAILY_STATUS,LINEAR_RIDGE_NET_RETURN,20210929,HISTORICAL_DISCOVERY,False,0,,,,,,,,,,
DAILY_STATUS,LINEAR_RIDGE_NET_RETURN,20210930,HISTORICAL_DISCOVERY,False,0,,,,,,,,,,
DAILY_STATUS,LINEAR_RIDGE_NET_RETURN,20211001,HISTORICAL_DISCOVERY,False,0,,,,,,,,,,
DAILY_STATUS,LINEAR_RIDGE_NET_RETURN,20211004,HISTORICAL_DISCOVERY,False,0,,,,,,,,,,
DAILY_STATUS,LINEAR_RIDGE_NET_RETURN,20211005,HISTORICAL_DISCOVERY,False,0,,,,,,,,,,
DAILY_STATUS,LINEAR_RIDGE_NET_RETURN,20211006,HISTORICAL_DISCOVERY,False,0,,,,,,,,,,
DAILY_STATUS,LINEAR_RIDGE_NET_RETURN,20211007,HISTORICAL_DISCOVERY,False,0,,,,,,,,,,
DAILY_STATUS,LINEAR_RIDGE_NET_RETURN,20211008,HISTORICAL_DISCOVERY,False,0,,,,,,,,,,
DAILY_STATUS,LINEAR_RIDGE_NET_RETURN,20211012,HISTORICAL_DISCOVERY,False,0,,,,,,,,,,
DAILY_STATUS,LINEAR_RIDGE_NET_RETURN,20211013,HISTORICAL_DISCOVERY,False,0,,,,,,,,,,
DAILY_STATUS,LINEAR_RIDGE_NET_RETURN,20211014,HISTORICAL_DISCOVERY,False,0,,,,,,,,,,
DAILY_STATUS,LINEAR_RIDGE_NET_RETURN,20211015,HISTORICAL_DISCOVERY,True,2,,,,,,,,,,
DAILY_STATUS,LINEAR_RIDGE_NET_RETURN,20211018,HISTORICAL_DISCOVERY,False,0,,,,,,,,,,
DAILY_STATUS,LINEAR_RIDGE_NET_RETURN,20211019,HISTORICAL_DISCOVERY,True,3,,,,,,,,,,
DAILY_STATUS,LINEAR_RIDGE_NET_RETURN,20211020,HISTORICAL_DISCOVERY,False,0,,,,,,,,,,
DAILY_STATUS,LINEAR_RIDGE_NET_RETURN,20211021,HISTORICAL_DISCOVERY,False,0,,,,,,,,,,
DAILY_STATUS,LINEAR_RIDGE_NET_RETURN,20211022,HISTORICAL_DISCOVERY,False,0,,,,,,,,,,
DAILY_STATUS,LINEAR_RIDGE_NET_RETURN,20211025,HISTORICAL_DISCOVERY,False,0,,,,,,,,,,
DAILY_STATUS,LINEAR_RIDGE_NET_RETURN,20211026,HISTORICAL_DISCOVERY,False,0,,,,,,,,,,
DAILY_STATUS,LINEAR_RIDGE_NET_RETURN,20211027,HISTORICAL_DISCOVERY,False,0,,,,,,,,,,
DAILY_STATUS,LINEAR_RIDGE_NET_RETURN,20211028,HISTORICAL_DISCOVERY,True,1,,,,,,,,,,
DAILY_STATUS,LINEAR_RIDGE_NET_RETURN,20211029,HISTORICAL_DISCOVERY,False,0,,,,,,,,,,
DAILY_STATUS,LINEAR_RIDGE_NET_RETURN,20211101,HISTORICAL_DISCOVERY,False,0,,,,,,,,,,
DAILY_STATUS,LINEAR_RIDGE_NET_RETURN,20211102,HISTORICAL_DISCOVERY,False,0,,,,,,,,,,
DAILY_STATUS,LINEAR_RIDGE_NET_RETURN,20211103,HISTORICAL_DISCOVERY,False,0,,,,,,,,,,
DAILY_STATUS,LINEAR_RIDGE_NET_RETURN,20211104,HISTORICAL_DISCOVERY,False,0,,,,,,,,,,
DAILY_STATUS,LINEAR_RIDGE_NET_RETURN,20211105,HISTORICAL_DISCOVERY,False,0,,,,,,,,,,
DAILY_STATUS,LINEAR_RIDGE_NET_RETURN,20211108,HISTORICAL_DISCOVERY,False,0,,,,,,,,,,
DAILY_STATUS,LINEAR_RIDGE_NET_RETURN,20211109,HISTORICAL_DISCOVERY,False,0,,,,,,,,,,
DAILY_STATUS,LINEAR_RIDGE_NET_RETURN,20211110,HISTORICAL_DISCOVERY,False,0,,,,,,,,,,
DAILY_STATUS,LINEAR_RIDGE_NET_RETURN,20211111,HISTORICAL_DISCOVERY,False,0,,,,,,,,,,
DAILY_STATUS,LINEAR_RIDGE_NET_RETURN,20211112,HISTORICAL_DISCOVERY,False,0,,,,,,,,,,
DAILY_STATUS,LINEAR_RIDGE_NET_RETURN,20211115,HISTORICAL_DISCOVERY,False,0,,,,,,,,,,
DAILY_STATUS,LINEAR_RIDGE_NET_RETURN,20211116,HISTORICAL_DISCOVERY,False,0,,,,,,,,,,
DAILY_STATUS,LINEAR_RIDGE_NET_RETURN,20211117,HISTORICAL_DISCOVERY,True,1,,,,,,,,,,
DAILY_STATUS,LINEAR_RIDGE_NET_RETURN,20211118,HISTORICAL_DISCOVERY,True,1,,,,,,,,,,
DAILY_STATUS,LINEAR_RIDGE_NET_RETURN,20211119,HISTORICAL_DISCOVERY,False,0,,,,,,,,,,
DAILY_STATUS,LINEAR_RIDGE_NET_RETURN,20211122,HISTORICAL_DISCOVERY,False,0,,,,,,,,,,
DAILY_STATUS,LINEAR_RIDGE_NET_RETURN,20211123,HISTORICAL_DISCOVERY,False,0,,,,,,,,,,
DAILY_STATUS,LINEAR_RIDGE_NET_RETURN,20211124,HISTORICAL_DISCOVERY,False,0,,,,,,,,,,
DAILY_STATUS,LINEAR_RIDGE_NET_RETURN,20211125,HISTORICAL_DISCOVERY,False,0,,,,,,,,,,
DAILY_STATUS,LINEAR_RIDGE_NET_RETURN,20211126,HISTORICAL_DISCOVERY,False,0,,,,,,,,,,
DAILY_STATUS,LINEAR_RIDGE_NET_RETURN,20211129,HISTORICAL_DISCOVERY,False,0,,,,,,,,,,
DAILY_STATUS,LINEAR_RIDGE_NET_RETURN,20211130,HISTORICAL_DISCOVERY,True,1,,,,,,,,,,
DAILY_STATUS,LINEAR_RIDGE_NET_RETURN,20211201,HISTORICAL_DISCOVERY,False,0,,,,,,,,,,
DAILY_STATUS,LINEAR_RIDGE_NET_RETURN,20211202,HISTORICAL_DISCOVERY,False,0,,,,,,,,,,
DAILY_STATUS,LINEAR_RIDGE_NET_RETURN,20211203,HISTORICAL_DISCOVERY,False,0,,,,,,,,,,
DAILY_STATUS,LINEAR_RIDGE_NET_RETURN,20211206,HISTORICAL_DISCOVERY,False,0,,,,,,,,,,
DAILY_STATUS,LINEAR_RIDGE_NET_RETURN,20211207,HISTORICAL_DISCOVERY,False,0,,,,,,,,,,
DAILY_STATUS,LINEAR_RIDGE_NET_RETURN,20211208,HISTORICAL_DISCOVERY,True,1,,,,,,,,,,
DAILY_STATUS,LINEAR_RIDGE_NET_RETURN,20211209,HISTORICAL_DISCOVERY,False,0,,,,,,,,,,
DAILY_STATUS,LINEAR_RIDGE_NET_RETURN,20211210,HISTORICAL_DISCOVERY,False,0,,,,,,,,,,
DAILY_STATUS,LINEAR_RIDGE_NET_RETURN,20211213,HISTORICAL_DISCOVERY,False,0,,,,,,,,,,
DAILY_STATUS,LINEAR_RIDGE_NET_RETURN,20211214,HISTORICAL_DISCOVERY,False,0,,,,,,,,,,
DAILY_STATUS,LINEAR_RIDGE_NET_RETURN,20211215,HISTORICAL_DISCOVERY,True,1,,,,,,,,,,
DAILY_STATUS,LINEAR_RIDGE_NET_RETURN,20211216,HISTORICAL_DISCOVERY,False,0,,,,,,,,,,
DAILY_STATUS,LINEAR_RIDGE_NET_RETURN,20211217,HISTORICAL_DISCOVERY,False,0,,,,,,,,,,
DAILY_STATUS,LINEAR_RIDGE_NET_RETURN,20211220,HISTORICAL_DISCOVERY,False,0,,,,,,,,,,
DAILY_STATUS,LINEAR_RIDGE_NET_RETURN,20211221,HISTORICAL_DISCOVERY,False,0,,,,,,,,,,
DAILY_STATUS,LINEAR_RIDGE_NET_RETURN,20211222,HISTORICAL_DISCOVERY,False,0,,,,,,,,,,
DAILY_STATUS,LINEAR_RIDGE_NET_RETURN,20211223,HISTORICAL_DISCOVERY,False,0,,,,,,,,,,
DAILY_STATUS,LINEAR_RIDGE_NET_RETURN,20211224,HISTORICAL_DISCOVERY,False,0,,,,,,,,,,
DAILY_STATUS,LINEAR_RIDGE_NET_RETURN,20211227,HISTORICAL_DISCOVERY,False,0,,,,,,,,,,
DAILY_STATUS,LINEAR_RIDGE_NET_RETURN,20211228,HISTORICAL_DISCOVERY,False,0,,,,,,,,,,
DAILY_STATUS,LINEAR_RIDGE_NET_RETURN,20211229,HISTORICAL_DISCOVERY,True,1,,,,,,,,,,
DAILY_STATUS,LINEAR_RIDGE_NET_RETURN,20211230,HISTORICAL_DISCOVERY,False,0,,,,,,,,,,
DAILY_STATUS,LINEAR_RIDGE_NET_RETURN,20220103,HISTORICAL_DISCOVERY,False,0,,,,,,,,,,
DAILY_STATUS,LINEAR_RIDGE_NET_RETURN,20220104,HISTORICAL_DISCOVERY,False,0,,,,,,,,,,
DAILY_STATUS,LINEAR_RIDGE_NET_RETURN,20220105,HISTORICAL_DISCOVERY,False,0,,,,,,,,,,
DAILY_STATUS,LINEAR_RIDGE_NET_RETURN,20220106,HISTORICAL_DISCOVERY,False,0,,,,,,,,,,
DAILY_STATUS,LINEAR_RIDGE_NET_RETURN,20220107,HISTORICAL_DISCOVERY,False,0,,,,,,,,,,
DAILY_STATUS,LINEAR_RIDGE_NET_RETURN,20220110,HISTORICAL_DISCOVERY,False,0,,,,,,,,,,
DAILY_STATUS,LINEAR_RIDGE_NET_RETURN,20220111,HISTORICAL_DISCOVERY,False,0,,,,,,,,,,
DAILY_STATUS,LINEAR_RIDGE_NET_RETURN,20220112,HISTORICAL_DISCOVERY,False,0,,,,,,,,,,
DAILY_STATUS,LINEAR_RIDGE_NET_RETURN,20220113,HISTORICAL_DISCOVERY,False,0,,,,,,,,,,
DAILY_STATUS,LINEAR_RIDGE_NET_RETURN,20220114,HISTORICAL_DISCOVERY,False,0,,,,,,,,,,
DAILY_STATUS,LINEAR_RIDGE_NET_RETURN,20220117,HISTORICAL_DISCOVERY,False,0,,,,,,,,,,
DAILY_STATUS,LINEAR_RIDGE_NET_RETURN,20220118,HISTORICAL_DISCOVERY,False,0,,,,,,,,,,
DAILY_STATUS,LINEAR_RIDGE_NET_RETURN,20220119,HISTORICAL_DISCOVERY,False,0,,,,,,,,,,
DAILY_STATUS,LINEAR_RIDGE_NET_RETURN,20220120,HISTORICAL_DISCOVERY,False,0,,,,,,,,,,
DAILY_STATUS,LINEAR_RIDGE_NET_RETURN,20220121,HISTORICAL_DISCOVERY,False,0,,,,,,,,,,
DAILY_STATUS,LINEAR_RIDGE_NET_RETURN,20220124,HISTORICAL_DISCOVERY,False,0,,,,,,,,,,
DAILY_STATUS,LINEAR_RIDGE_NET_RETURN,20220125,HISTORICAL_DISCOVERY,False,0,,,,,,,,,,
DAILY_STATUS,LINEAR_RIDGE_NET_RETURN,20220126,HISTORICAL_DISCOVERY,False,0,,,,,,,,,,
DAILY_STATUS,LINEAR_RIDGE_NET_RETURN,20220207,HISTORICAL_DISCOVERY,False,0,,,,,,,,,,
DAILY_STATUS,LINEAR_RIDGE_NET_RETURN,20220208,HISTORICAL_DISCOVERY,False,0,,,,,,,,,,
DAILY_STATUS,LINEAR_RIDGE_NET_RETURN,20220209,HISTORICAL_DISCOVERY,False,0,,,,,,,,,,
DAILY_STATUS,LINEAR_RIDGE_NET_RETURN,20220210,HISTORICAL_DISCOVERY,False,0,,,,,,,,,,
DAILY_STATUS,LINEAR_RIDGE_NET_RETURN,20220211,HISTORICAL_DISCOVERY,False,0,,,,,,,,,,
DAILY_STATUS,LINEAR_RIDGE_NET_RETURN,20220214,HISTORICAL_DISCOVERY,False,0,,,,,,,,,,
DAILY_STATUS,LINEAR_RIDGE_NET_RETURN,20220215,HISTORICAL_DISCOVERY,True,1,,,,,,,,,,
DAILY_STATUS,LINEAR_RIDGE_NET_RETURN,20220216,HISTORICAL_DISCOVERY,True,4,,,,,,,,,,
DAILY_STATUS,LINEAR_RIDGE_NET_RETURN,20220217,HISTORICAL_DISCOVERY,False,0,,,,,,,,,,
DAILY_STATUS,LINEAR_RIDGE_NET_RETURN,20220218,HISTORICAL_DISCOVERY,True,1,,,,,,,,,,
DAILY_STATUS,LINEAR_RIDGE_NET_RETURN,20220221,HISTORICAL_DISCOVERY,False,0,,,,,,,,,,
DAILY_STATUS,LINEAR_RIDGE_NET_RETURN,20220222,HISTORICAL_DISCOVERY,False,0,,,,,,,,,,
DAILY_STATUS,LINEAR_RIDGE_NET_RETURN,20220223,HISTORICAL_DISCOVERY,True,2,,,,,,,,,,
DAILY_STATUS,LINEAR_RIDGE_NET_RETURN,20220224,HISTORICAL_DISCOVERY,False,0,,,,,,,,,,
DAILY_STATUS,LINEAR_RIDGE_NET_RETURN,20220225,HISTORICAL_DISCOVERY,False,0,,,,,,,,,,
DAILY_STATUS,LINEAR_RIDGE_NET_RETURN,20220301,HISTORICAL_DISCOVERY,True,1,,,,,,,,,,
DAILY_STATUS,LINEAR_RIDGE_NET_RETURN,20220302,HISTORICAL_DISCOVERY,False,0,,,,,,,,,,
DAILY_STATUS,LINEAR_RIDGE_NET_RETURN,20220303,HISTORICAL_DISCOVERY,False,0,,,,,,,,,,
DAILY_STATUS,LINEAR_RIDGE_NET_RETURN,20220304,HISTORICAL_DISCOVERY,False,0,,,,,,,,,,
DAILY_STATUS,LINEAR_RIDGE_NET_RETURN,20220307,HISTORICAL_DISCOVERY,False,0,,,,,,,,,,
DAILY_STATUS,LINEAR_RIDGE_NET_RETURN,20220308,HISTORICAL_DISCOVERY,False,0,,,,,,,,,,
DAILY_STATUS,LINEAR_RIDGE_NET_RETURN,20220309,HISTORICAL_DISCOVERY,False,0,,,,,,,,,,
DAILY_STATUS,LINEAR_RIDGE_NET_RETURN,20220310,HISTORICAL_DISCOVERY,True,2,,,,,,,,,,
DAILY_STATUS,LINEAR_RIDGE_NET_RETURN,20220311,HISTORICAL_DISCOVERY,False,0,,,,,,,,,,
DAILY_STATUS,LINEAR_RIDGE_NET_RETURN,20220314,HISTORICAL_DISCOVERY,False,0,,,,,,,,,,
DAILY_STATUS,LINEAR_RIDGE_NET_RETURN,20220315,HISTORICAL_DISCOVERY,False,0,,,,,,,,,,
DAILY_STATUS,LINEAR_RIDGE_NET_RETURN,20220316,HISTORICAL_DISCOVERY,False,0,,,,,,,,,,
DAILY_STATUS,LINEAR_RIDGE_NET_RETURN,20220317,HISTORICAL_DISCOVERY,True,2,,,,,,,,,,
DAILY_STATUS,LINEAR_RIDGE_NET_RETURN,20220318,HISTORICAL_DISCOVERY,True,2,,,,,,,,,,
DAILY_STATUS,LINEAR_RIDGE_NET_RETURN,20220321,HISTORICAL_DISCOVERY,False,0,,,,,,,,,,
DAILY_STATUS,LINEAR_RIDGE_NET_RETURN,20220322,HISTORICAL_DISCOVERY,False,0,,,,,,,,,,
DAILY_STATUS,LINEAR_RIDGE_NET_RETURN,20220323,HISTORICAL_DISCOVERY,False,0,,,,,,,,,,
DAILY_STATUS,LINEAR_RIDGE_NET_RETURN,20220324,HISTORICAL_DISCOVERY,False,0,,,,,,,,,,
DAILY_STATUS,LINEAR_RIDGE_NET_RETURN,20220325,HISTORICAL_DISCOVERY,False,0,,,,,,,,,,
DAILY_STATUS,LINEAR_RIDGE_NET_RETURN,20220328,HISTORICAL_DISCOVERY,False,0,,,,,,,,,,
DAILY_STATUS,LINEAR_RIDGE_NET_RETURN,20220329,HISTORICAL_DISCOVERY,False,0,,,,,,,,,,
DAILY_STATUS,LINEAR_RIDGE_NET_RETURN,20220330,HISTORICAL_DISCOVERY,False,0,,,,,,,,,,
DAILY_STATUS,LINEAR_RIDGE_NET_RETURN,20220331,HISTORICAL_DISCOVERY,False,0,,,,,,,,,,
DAILY_STATUS,LINEAR_RIDGE_NET_RETURN,20220401,HISTORICAL_DISCOVERY,False,0,,,,,,,,,,
DAILY_STATUS,LINEAR_RIDGE_NET_RETURN,20220406,HISTORICAL_DISCOVERY,False,0,,,,,,,,,,
DAILY_STATUS,LINEAR_RIDGE_NET_RETURN,20220407,HISTORICAL_DISCOVERY,False,0,,,,,,,,,,
DAILY_STATUS,LINEAR_RIDGE_NET_RETURN,20220408,HISTORICAL_DISCOVERY,False,0,,,,,,,,,,
DAILY_STATUS,LINEAR_RIDGE_NET_RETURN,20220411,HISTORICAL_DISCOVERY,False,0,,,,,,,,,,
DAILY_STATUS,LINEAR_RIDGE_NET_RETURN,20220412,HISTORICAL_DISCOVERY,False,0,,,,,,,,,,
DAILY_STATUS,LINEAR_RIDGE_NET_RETURN,20220413,HISTORICAL_DISCOVERY,False,0,,,,,,,,,,
DAILY_STATUS,LINEAR_RIDGE_NET_RETURN,20220414,HISTORICAL_DISCOVERY,False,0,,,,,,,,,,
DAILY_STATUS,LINEAR_RIDGE_NET_RETURN,20220415,HISTORICAL_DISCOVERY,False,0,,,,,,,,,,
DAILY_STATUS,LINEAR_RIDGE_NET_RETURN,20220418,HISTORICAL_DISCOVERY,False,0,,,,,,,,,,
DAILY_STATUS,LINEAR_RIDGE_NET_RETURN,20220419,HISTORICAL_DISCOVERY,True,1,,,,,,,,,,
DAILY_STATUS,LINEAR_RIDGE_NET_RETURN,20220420,HISTORICAL_DISCOVERY,False,0,,,,,,,,,,
DAILY_STATUS,LINEAR_RIDGE_NET_RETURN,20220421,HISTORICAL_DISCOVERY,False,0,,,,,,,,,,
DAILY_STATUS,LINEAR_RIDGE_NET_RETURN,20220422,HISTORICAL_DISCOVERY,False,0,,,,,,,,,,
DAILY_STATUS,LINEAR_RIDGE_NET_RETURN,20220425,HISTORICAL_DISCOVERY,False,0,,,,,,,,,,
DAILY_STATUS,LINEAR_RIDGE_NET_RETURN,20220426,HISTORICAL_DISCOVERY,False,0,,,,,,,,,,
DAILY_STATUS,LINEAR_RIDGE_NET_RETURN,20220427,HISTORICAL_DISCOVERY,False,0,,,,,,,,,,
DAILY_STATUS,LINEAR_RIDGE_NET_RETURN,20220428,HISTORICAL_DISCOVERY,False,0,,,,,,,,,,
DAILY_STATUS,LINEAR_RIDGE_NET_RETURN,20220429,HISTORICAL_DISCOVERY,False,0,,,,,,,,,,
DAILY_STATUS,LINEAR_RIDGE_NET_RETURN,20220503,HISTORICAL_DISCOVERY,False,0,,,,,,,,,,
DAILY_STATUS,LINEAR_RIDGE_NET_RETURN,20220504,HISTORICAL_DISCOVERY,False,0,,,,,,,,,,
DAILY_STATUS,LINEAR_RIDGE_NET_RETURN,20220505,HISTORICAL_DISCOVERY,False,0,,,,,,,,,,
DAILY_STATUS,LINEAR_RIDGE_NET_RETURN,20220506,HISTORICAL_DISCOVERY,False,0,,,,,,,,,,
DAILY_STATUS,LINEAR_RIDGE_NET_RETURN,20220509,HISTORICAL_DISCOVERY,False,0,,,,,,,,,,
DAILY_STATUS,LINEAR_RIDGE_NET_RETURN,20220510,HISTORICAL_DISCOVERY,True,3,,,,,,,,,,
DAILY_STATUS,LINEAR_RIDGE_NET_RETURN,20220511,HISTORICAL_DISCOVERY,True,1,,,,,,,,,,
DAILY_STATUS,LINEAR_RIDGE_NET_RETURN,20220512,HISTORICAL_DISCOVERY,False,0,,,,,,,,,,
DAILY_STATUS,LINEAR_RIDGE_NET_RETURN,20220513,HISTORICAL_DISCOVERY,False,0,,,,,,,,,,
DAILY_STATUS,LINEAR_RIDGE_NET_RETURN,20220516,HISTORICAL_DISCOVERY,True,1,,,,,,,,,,
DAILY_STATUS,LINEAR_RIDGE_NET_RETURN,20220517,HISTORICAL_DISCOVERY,False,0,,,,,,,,,,
DAILY_STATUS,LINEAR_RIDGE_NET_RETURN,20220518,HISTORICAL_DISCOVERY,False,0,,,,,,,,,,
DAILY_STATUS,LINEAR_RIDGE_NET_RETURN,20220519,HISTORICAL_DISCOVERY,False,0,,,,,,,,,,
DAILY_STATUS,LINEAR_RIDGE_NET_RETURN,20220520,HISTORICAL_DISCOVERY,False,0,,,,,,,,,,
DAILY_STATUS,LINEAR_RIDGE_NET_RETURN,20220523,HISTORICAL_DISCOVERY,False,0,,,,,,,,,,
DAILY_STATUS,LINEAR_RIDGE_NET_RETURN,20220524,HISTORICAL_DISCOVERY,True,1,,,,,,,,,,
DAILY_STATUS,LINEAR_RIDGE_NET_RETURN,20220525,HISTORICAL_DISCOVERY,False,0,,,,,,,,,,
DAILY_STATUS,LINEAR_RIDGE_NET_RETURN,20220526,HISTORICAL_DISCOVERY,False,0,,,,,,,,,,
DAILY_STATUS,LINEAR_RIDGE_NET_RETURN,20220527,HISTORICAL_DISCOVERY,False,0,,,,,,,,,,
DAILY_STATUS,LINEAR_RIDGE_NET_RETURN,20220530,HISTORICAL_DISCOVERY,False,0,,,,,,,,,,
DAILY_STATUS,LINEAR_RIDGE_NET_RETURN,20220531,HISTORICAL_DISCOVERY,False,0,,,,,,,,,,
DAILY_STATUS,LINEAR_RIDGE_NET_RETURN,20220601,HISTORICAL_DISCOVERY,False,0,,,,,,,,,,
DAILY_STATUS,LINEAR_RIDGE_NET_RETURN,20220602,HISTORICAL_DISCOVERY,False,0,,,,,,,,,,
DAILY_STATUS,LINEAR_RIDGE_NET_RETURN,20220606,HISTORICAL_DISCOVERY,False,0,,,,,,,,,,
DAILY_STATUS,LINEAR_RIDGE_NET_RETURN,20220607,HISTORICAL_DISCOVERY,True,1,,,,,,,,,,
DAILY_STATUS,LINEAR_RIDGE_NET_RETURN,20220608,HISTORICAL_DISCOVERY,False,0,,,,,,,,,,
DAILY_STATUS,LINEAR_RIDGE_NET_RETURN,20220609,HISTORICAL_DISCOVERY,True,1,,,,,,,,,,
DAILY_STATUS,LINEAR_RIDGE_NET_RETURN,20220610,HISTORICAL_DISCOVERY,False,0,,,,,,,,,,
DAILY_STATUS,LINEAR_RIDGE_NET_RETURN,20220613,HISTORICAL_DISCOVERY,False,0,,,,,,,,,,
DAILY_STATUS,LINEAR_RIDGE_NET_RETURN,20220614,HISTORICAL_DISCOVERY,False,0,,,,,,,,,,
DAILY_STATUS,LINEAR_RIDGE_NET_RETURN,20220615,HISTORICAL_DISCOVERY,False,0,,,,,,,,,,
DAILY_STATUS,LINEAR_RIDGE_NET_RETURN,20220616,HISTORICAL_DISCOVERY,False,0,,,,,,,,,,
DAILY_STATUS,LINEAR_RIDGE_NET_RETURN,20220617,HISTORICAL_DISCOVERY,False,0,,,,,,,,,,
DAILY_STATUS,LINEAR_RIDGE_NET_RETURN,20220620,HISTORICAL_DISCOVERY,False,0,,,,,,,,,,
DAILY_STATUS,LINEAR_RIDGE_NET_RETURN,20220621,HISTORICAL_DISCOVERY,False,0,,,,,,,,,,
DAILY_STATUS,LINEAR_RIDGE_NET_RETURN,20220622,HISTORICAL_DISCOVERY,False,0,,,,,,,,,,
DAILY_STATUS,LINEAR_RIDGE_NET_RETURN,20220623,HISTORICAL_DISCOVERY,False,0,,,,,,,,,,
DAILY_STATUS,LINEAR_RIDGE_NET_RETURN,20220624,HISTORICAL_DISCOVERY,True,1,,,,,,,,,,
DAILY_STATUS,LINEAR_RIDGE_NET_RETURN,20220627,HISTORICAL_DISCOVERY,False,0,,,,,,,,,,
DAILY_STATUS,LINEAR_RIDGE_NET_RETURN,20220628,HISTORICAL_DISCOVERY,False,0,,,,,,,,,,
DAILY_STATUS,LINEAR_RIDGE_NET_RETURN,20220629,HISTORICAL_DISCOVERY,False,0,,,,,,,,,,
DAILY_STATUS,LINEAR_RIDGE_NET_RETURN,20220630,HISTORICAL_DISCOVERY,False,0,,,,,,,,,,
DAILY_STATUS,LINEAR_RIDGE_NET_RETURN,20220701,HISTORICAL_DISCOVERY,False,0,,,,,,,,,,
DAILY_STATUS,LINEAR_RIDGE_NET_RETURN,20220704,HISTORICAL_DISCOVERY,False,0,,,,,,,,,,
DAILY_STATUS,LINEAR_RIDGE_NET_RETURN,20220705,HISTORICAL_DISCOVERY,False,0,,,,,,,,,,
DAILY_STATUS,LINEAR_RIDGE_NET_RETURN,20220706,HISTORICAL_DISCOVERY,False,0,,,,,,,,,,
DAILY_STATUS,LINEAR_RIDGE_NET_RETURN,20220707,HISTORICAL_DISCOVERY,False,0,,,,,,,,,,
DAILY_STATUS,LINEAR_RIDGE_NET_RETURN,20220708,HISTORICAL_DISCOVERY,False,0,,,,,,,,,,
DAILY_STATUS,LINEAR_RIDGE_NET_RETURN,20220711,HISTORICAL_DISCOVERY,False,0,,,,,,,,,,
DAILY_STATUS,LINEAR_RIDGE_NET_RETURN,20220712,HISTORICAL_DISCOVERY,False,0,,,,,,,,,,
DAILY_STATUS,LINEAR_RIDGE_NET_RETURN,20220713,HISTORICAL_DISCOVERY,True,1,,,,,,,,,,
DAILY_STATUS,LINEAR_RIDGE_NET_RETURN,20220714,HISTORICAL_DISCOVERY,True,10,,,,,,,,,,
DAILY_STATUS,LINEAR_RIDGE_NET_RETURN,20220715,HISTORICAL_DISCOVERY,True,3,,,,,,,,,,
DAILY_STATUS,LINEAR_RIDGE_NET_RETURN,20220718,HISTORICAL_DISCOVERY,True,1,,,,,,,,,,
DAILY_STATUS,LINEAR_RIDGE_NET_RETURN,20220719,HISTORICAL_DISCOVERY,True,1,,,,,,,,,,
DAILY_STATUS,LINEAR_RIDGE_NET_RETURN,20220720,HISTORICAL_DISCOVERY,False,0,,,,,,,,,,
DAILY_STATUS,LINEAR_RIDGE_NET_RETURN,20220721,HISTORICAL_DISCOVERY,False,0,,,,,,,,,,
DAILY_STATUS,LINEAR_RIDGE_NET_RETURN,20220722,HISTORICAL_DISCOVERY,False,0,,,,,,,,,,
DAILY_STATUS,LINEAR_RIDGE_NET_RETURN,20220725,HISTORICAL_DISCOVERY,False,0,,,,,,,,,,
DAILY_STATUS,LINEAR_RIDGE_NET_RETURN,20220726,HISTORICAL_DISCOVERY,False,0,,,,,,,,,,
DAILY_STATUS,LINEAR_RIDGE_NET_RETURN,20220727,HISTORICAL_DISCOVERY,False,0,,,,,,,,,,
DAILY_STATUS,LINEAR_RIDGE_NET_RETURN,20220728,HISTORICAL_DISCOVERY,False,0,,,,,,,,,,
DAILY_STATUS,LINEAR_RIDGE_NET_RETURN,20220729,HISTORICAL_DISCOVERY,False,0,,,,,,,,,,
DAILY_STATUS,LINEAR_RIDGE_NET_RETURN,20220801,HISTORICAL_DISCOVERY,False,0,,,,,,,,,,
DAILY_STATUS,LINEAR_RIDGE_NET_RETURN,20220802,HISTORICAL_DISCOVERY,False,0,,,,,,,,,,
DAILY_STATUS,LINEAR_RIDGE_NET_RETURN,20220803,HISTORICAL_DISCOVERY,False,0,,,,,,,,,,
DAILY_STATUS,LINEAR_RIDGE_NET_RETURN,20220804,HISTORICAL_DISCOVERY,False,0,,,,,,,,,,
DAILY_STATUS,LINEAR_RIDGE_NET_RETURN,20220805,HISTORICAL_DISCOVERY,True,2,,,,,,,,,,
DAILY_STATUS,LINEAR_RIDGE_NET_RETURN,20220808,HISTORICAL_DISCOVERY,True,1,,,,,,,,,,
DAILY_STATUS,LINEAR_RIDGE_NET_RETURN,20220809,HISTORICAL_DISCOVERY,False,0,,,,,,,,,,
DAILY_STATUS,LINEAR_RIDGE_NET_RETURN,20220810,HISTORICAL_DISCOVERY,False,0,,,,,,,,,,
DAILY_STATUS,LINEAR_RIDGE_NET_RETURN,20220811,HISTORICAL_DISCOVERY,True,1,,,,,,,,,,
DAILY_STATUS,LINEAR_RIDGE_NET_RETURN,20220812,HISTORICAL_DISCOVERY,False,0,,,,,,,,,,
DAILY_STATUS,LINEAR_RIDGE_NET_RETURN,20220815,HISTORICAL_DISCOVERY,True,1,,,,,,,,,,
DAILY_STATUS,LINEAR_RIDGE_NET_RETURN,20220816,HISTORICAL_DISCOVERY,True,1,,,,,,,,,,
DAILY_STATUS,LINEAR_RIDGE_NET_RETURN,20220817,HISTORICAL_DISCOVERY,True,1,,,,,,,,,,
DAILY_STATUS,LINEAR_RIDGE_NET_RETURN,20220818,HISTORICAL_DISCOVERY,False,0,,,,,,,,,,
DAILY_STATUS,LINEAR_RIDGE_NET_RETURN,20220819,HISTORICAL_DISCOVERY,False,0,,,,,,,,,,
DAILY_STATUS,LINEAR_RIDGE_NET_RETURN,20220822,HISTORICAL_DISCOVERY,False,0,,,,,,,,,,
DAILY_STATUS,LINEAR_RIDGE_NET_RETURN,20220823,HISTORICAL_DISCOVERY,False,0,,,,,,,,,,
DAILY_STATUS,LINEAR_RIDGE_NET_RETURN,20220824,HISTORICAL_DISCOVERY,False,0,,,,,,,,,,
DAILY_STATUS,LINEAR_RIDGE_NET_RETURN,20220825,HISTORICAL_DISCOVERY,False,0,,,,,,,,,,
DAILY_STATUS,LINEAR_RIDGE_NET_RETURN,20220826,HISTORICAL_DISCOVERY,False,0,,,,,,,,,,
DAILY_STATUS,LINEAR_RIDGE_NET_RETURN,20220829,HISTORICAL_DISCOVERY,False,0,,,,,,,,,,
DAILY_STATUS,LINEAR_RIDGE_NET_RETURN,20220830,HISTORICAL_DISCOVERY,False,0,,,,,,,,,,
DAILY_STATUS,LINEAR_RIDGE_NET_RETURN,20220831,HISTORICAL_DISCOVERY,False,0,,,,,,,,,,
DAILY_STATUS,LINEAR_RIDGE_NET_RETURN,20220901,HISTORICAL_DISCOVERY,False,0,,,,,,,,,,
DAILY_STATUS,LINEAR_RIDGE_NET_RETURN,20220902,HISTORICAL_DISCOVERY,False,0,,,,,,,,,,
DAILY_STATUS,LINEAR_RIDGE_NET_RETURN,20220905,HISTORICAL_DISCOVERY,False,0,,,,,,,,,,
DAILY_STATUS,LINEAR_RIDGE_NET_RETURN,20220906,HISTORICAL_DISCOVERY,False,0,,,,,,,,,,
DAILY_STATUS,LINEAR_RIDGE_NET_RETURN,20220907,HISTORICAL_DISCOVERY,False,0,,,,,,,,,,
DAILY_STATUS,LINEAR_RIDGE_NET_RETURN,20220908,HISTORICAL_DISCOVERY,False,0,,,,,,,,,,
DAILY_STATUS,LINEAR_RIDGE_NET_RETURN,20220912,HISTORICAL_DISCOVERY,True,1,,,,,,,,,,
DAILY_STATUS,LINEAR_RIDGE_NET_RETURN,20220913,HISTORICAL_DISCOVERY,False,0,,,,,,,,,,
DAILY_STATUS,LINEAR_RIDGE_NET_RETURN,20220914,HISTORICAL_DISCOVERY,False,0,,,,,,,,,,
DAILY_STATUS,LINEAR_RIDGE_NET_RETURN,20220915,HISTORICAL_DISCOVERY,False,0,,,,,,,,,,
DAILY_STATUS,LINEAR_RIDGE_NET_RETURN,20220916,HISTORICAL_DISCOVERY,False,0,,,,,,,,,,
DAILY_STATUS,LINEAR_RIDGE_NET_RETURN,20220919,HISTORICAL_DISCOVERY,False,0,,,,,,,,,,
DAILY_STATUS,LINEAR_RIDGE_NET_RETURN,20220920,HISTORICAL_DISCOVERY,False,0,,,,,,,,,,
DAILY_STATUS,LINEAR_RIDGE_NET_RETURN,20220921,HISTORICAL_DISCOVERY,False,0,,,,,,,,,,
DAILY_STATUS,LINEAR_RIDGE_NET_RETURN,20220922,HISTORICAL_DISCOVERY,False,0,,,,,,,,,,
DAILY_STATUS,LINEAR_RIDGE_NET_RETURN,20220923,HISTORICAL_DISCOVERY,False,0,,,,,,,,,,
DAILY_STATUS,LINEAR_RIDGE_NET_RETURN,20220926,HISTORICAL_DISCOVERY,False,0,,,,,,,,,,
DAILY_STATUS,LINEAR_RIDGE_NET_RETURN,20220927,HISTORICAL_DISCOVERY,False,0,,,,,,,,,,
DAILY_STATUS,LINEAR_RIDGE_NET_RETURN,20220928,HISTORICAL_DISCOVERY,False,0,,,,,,,,,,
DAILY_STATUS,LINEAR_RIDGE_NET_RETURN,20220929,HISTORICAL_DISCOVERY,False,0,,,,,,,,,,
DAILY_STATUS,LINEAR_RIDGE_NET_RETURN,20220930,HISTORICAL_DISCOVERY,False,0,,,,,,,,,,
DAILY_STATUS,LINEAR_RIDGE_NET_RETURN,20221003,HISTORICAL_DISCOVERY,False,0,,,,,,,,,,
DAILY_STATUS,LINEAR_RIDGE_NET_RETURN,20221004,HISTORICAL_DISCOVERY,False,0,,,,,,,,,,
DAILY_STATUS,LINEAR_RIDGE_NET_RETURN,20221005,HISTORICAL_DISCOVERY,False,0,,,,,,,,,,
DAILY_STATUS,LINEAR_RIDGE_NET_RETURN,20221006,HISTORICAL_DISCOVERY,False,0,,,,,,,,,,
DAILY_STATUS,LINEAR_RIDGE_NET_RETURN,20221007,HISTORICAL_DISCOVERY,False,0,,,,,,,,,,
DAILY_STATUS,LINEAR_RIDGE_NET_RETURN,20221011,HISTORICAL_DISCOVERY,False,0,,,,,,,,,,
DAILY_STATUS,LINEAR_RIDGE_NET_RETURN,20221012,HISTORICAL_DISCOVERY,False,0,,,,,,,,,,
DAILY_STATUS,LINEAR_RIDGE_NET_RETURN,20221013,HISTORICAL_DISCOVERY,False,0,,,,,,,,,,
DAILY_STATUS,LINEAR_RIDGE_NET_RETURN,20221014,HISTORICAL_DISCOVERY,True,1,,,,,,,,,,
DAILY_STATUS,LINEAR_RIDGE_NET_RETURN,20221017,HISTORICAL_DISCOVERY,False,0,,,,,,,,,,
DAILY_STATUS,LINEAR_RIDGE_NET_RETURN,20221018,HISTORICAL_DISCOVERY,False,0,,,,,,,,,,
DAILY_STATUS,LINEAR_RIDGE_NET_RETURN,20221019,HISTORICAL_DISCOVERY,False,0,,,,,,,,,,
DAILY_STATUS,LINEAR_RIDGE_NET_RETURN,20221020,HISTORICAL_DISCOVERY,False,0,,,,,,,,,,
DAILY_STATUS,LINEAR_RIDGE_NET_RETURN,20221021,HISTORICAL_DISCOVERY,False,0,,,,,,,,,,
DAILY_STATUS,LINEAR_RIDGE_NET_RETURN,20221024,HISTORICAL_DISCOVERY,True,1,,,,,,,,,,
DAILY_STATUS,LINEAR_RIDGE_NET_RETURN,20221025,HISTORICAL_DISCOVERY,False,0,,,,,,,,,,
DAILY_STATUS,LINEAR_RIDGE_NET_RETURN,20221026,HISTORICAL_DISCOVERY,False,0,,,,,,,,,,
DAILY_STATUS,LINEAR_RIDGE_NET_RETURN,20221027,HISTORICAL_DISCOVERY,False,0,,,,,,,,,,
DAILY_STATUS,LINEAR_RIDGE_NET_RETURN,20221028,HISTORICAL_DISCOVERY,False,0,,,,,,,,,,
DAILY_STATUS,LINEAR_RIDGE_NET_RETURN,20221031,HISTORICAL_DISCOVERY,False,0,,,,,,,,,,
DAILY_STATUS,LINEAR_RIDGE_NET_RETURN,20221101,HISTORICAL_DISCOVERY,True,1,,,,,,,,,,
DAILY_STATUS,LINEAR_RIDGE_NET_RETURN,20221102,HISTORICAL_DISCOVERY,False,0,,,,,,,,,,
DAILY_STATUS,LINEAR_RIDGE_NET_RETURN,20221103,HISTORICAL_DISCOVERY,False,0,,,,,,,,,,
DAILY_STATUS,LINEAR_RIDGE_NET_RETURN,20221104,HISTORICAL_DISCOVERY,False,0,,,,,,,,,,
DAILY_STATUS,LINEAR_RIDGE_NET_RETURN,20221107,HISTORICAL_DISCOVERY,False,0,,,,,,,,,,
DAILY_STATUS,LINEAR_RIDGE_NET_RETURN,20221108,HISTORICAL_DISCOVERY,False,0,,,,,,,,,,
DAILY_STATUS,LINEAR_RIDGE_NET_RETURN,20221109,HISTORICAL_DISCOVERY,False,0,,,,,,,,,,
DAILY_STATUS,LINEAR_RIDGE_NET_RETURN,20221110,HISTORICAL_DISCOVERY,False,0,,,,,,,,,,
DAILY_STATUS,LINEAR_RIDGE_NET_RETURN,20221111,HISTORICAL_DISCOVERY,False,0,,,,,,,,,,
DAILY_STATUS,LINEAR_RIDGE_NET_RETURN,20221114,HISTORICAL_DISCOVERY,False,0,,,,,,,,,,
DAILY_STATUS,LINEAR_RIDGE_NET_RETURN,20221115,HISTORICAL_DISCOVERY,False,0,,,,,,,,,,
DAILY_STATUS,LINEAR_RIDGE_NET_RETURN,20221116,HISTORICAL_DISCOVERY,False,0,,,,,,,,,,
DAILY_STATUS,LINEAR_RIDGE_NET_RETURN,20221117,HISTORICAL_DISCOVERY,False,0,,,,,,,,,,
DAILY_STATUS,LINEAR_RIDGE_NET_RETURN,20221118,HISTORICAL_DISCOVERY,False,0,,,,,,,,,,
DAILY_STATUS,LINEAR_RIDGE_NET_RETURN,20221121,HISTORICAL_DISCOVERY,False,0,,,,,,,,,,
DAILY_STATUS,LINEAR_RIDGE_NET_RETURN,20221122,HISTORICAL_DISCOVERY,False,0,,,,,,,,,,
DAILY_STATUS,LINEAR_RIDGE_NET_RETURN,20221123,HISTORICAL_DISCOVERY,False,0,,,,,,,,,,
DAILY_STATUS,LINEAR_RIDGE_NET_RETURN,20221124,HISTORICAL_DISCOVERY,False,0,,,,,,,,,,
DAILY_STATUS,LINEAR_RIDGE_NET_RETURN,20221125,HISTORICAL_DISCOVERY,False,0,,,,,,,,,,
DAILY_STATUS,LINEAR_RIDGE_NET_RETURN,20221128,HISTORICAL_DISCOVERY,False,0,,,,,,,,,,
DAILY_STATUS,LINEAR_RIDGE_NET_RETURN,20221129,HISTORICAL_DISCOVERY,False,0,,,,,,,,,,
DAILY_STATUS,LINEAR_RIDGE_NET_RETURN,20221130,HISTORICAL_DISCOVERY,False,0,,,,,,,,,,
DAILY_STATUS,LINEAR_RIDGE_NET_RETURN,20221201,HISTORICAL_DISCOVERY,False,0,,,,,,,,,,
DAILY_STATUS,LINEAR_RIDGE_NET_RETURN,20221202,HISTORICAL_DISCOVERY,False,0,,,,,,,,,,
DAILY_STATUS,LINEAR_RIDGE_NET_RETURN,20221205,HISTORICAL_DISCOVERY,False,0,,,,,,,,,,
DAILY_STATUS,LINEAR_RIDGE_NET_RETURN,20221206,HISTORICAL_DISCOVERY,False,0,,,,,,,,,,
DAILY_STATUS,LINEAR_RIDGE_NET_RETURN,20221207,HISTORICAL_DISCOVERY,False,0,,,,,,,,,,
DAILY_STATUS,LINEAR_RIDGE_NET_RETURN,20221208,HISTORICAL_DISCOVERY,False,0,,,,,,,,,,
DAILY_STATUS,LINEAR_RIDGE_NET_RETURN,20221209,HISTORICAL_DISCOVERY,False,0,,,,,,,,,,
DAILY_STATUS,LINEAR_RIDGE_NET_RETURN,20221212,HISTORICAL_DISCOVERY,False,0,,,,,,,,,,
DAILY_STATUS,LINEAR_RIDGE_NET_RETURN,20221213,HISTORICAL_DISCOVERY,False,0,,,,,,,,,,
DAILY_STATUS,LINEAR_RIDGE_NET_RETURN,20221214,HISTORICAL_DISCOVERY,False,0,,,,,,,,,,
DAILY_STATUS,LINEAR_RIDGE_NET_RETURN,20221215,HISTORICAL_DISCOVERY,False,0,,,,,,,,,,
DAILY_STATUS,LINEAR_RIDGE_NET_RETURN,20221216,HISTORICAL_DISCOVERY,False,0,,,,,,,,,,
DAILY_STATUS,LINEAR_RIDGE_NET_RETURN,20221219,HISTORICAL_DISCOVERY,False,0,,,,,,,,,,
DAILY_STATUS,LINEAR_RIDGE_NET_RETURN,20221220,HISTORICAL_DISCOVERY,False,0,,,,,,,,,,
DAILY_STATUS,LINEAR_RIDGE_NET_RETURN,20221221,HISTORICAL_DISCOVERY,False,0,,,,,,,,,,
DAILY_STATUS,LINEAR_RIDGE_NET_RETURN,20221222,HISTORICAL_DISCOVERY,False,0,,,,,,,,,,
DAILY_STATUS,LINEAR_RIDGE_NET_RETURN,20221223,HISTORICAL_DISCOVERY,False,0,,,,,,,,,,
DAILY_STATUS,LINEAR_RIDGE_NET_RETURN,20221226,HISTORICAL_DISCOVERY,False,0,,,,,,,,,,
DAILY_STATUS,LINEAR_RIDGE_NET_RETURN,20221227,HISTORICAL_DISCOVERY,False,0,,,,,,,,,,
DAILY_STATUS,LINEAR_RIDGE_NET_RETURN,20221228,HISTORICAL_DISCOVERY,False,0,,,,,,,,,,
DAILY_STATUS,LINEAR_RIDGE_NET_RETURN,20221229,HISTORICAL_DISCOVERY,False,0,,,,,,,,,,
DAILY_STATUS,LINEAR_RIDGE_NET_RETURN,20221230,HISTORICAL_DISCOVERY,False,0,,,,,,,,,,
DAILY_STATUS,LINEAR_RIDGE_NET_RETURN,20230103,RETROSPECTIVE_CONFIRMATION_NOT_BLIND_OOS,True,1,,,,,,,,,,
DAILY_STATUS,LINEAR_RIDGE_NET_RETURN,20230104,RETROSPECTIVE_CONFIRMATION_NOT_BLIND_OOS,False,0,,,,,,,,,,
DAILY_STATUS,LINEAR_RIDGE_NET_RETURN,20230105,RETROSPECTIVE_CONFIRMATION_NOT_BLIND_OOS,False,0,,,,,,,,,,
DAILY_STATUS,LINEAR_RIDGE_NET_RETURN,20230106,RETROSPECTIVE_CONFIRMATION_NOT_BLIND_OOS,False,0,,,,,,,,,,
DAILY_STATUS,LINEAR_RIDGE_NET_RETURN,20230109,RETROSPECTIVE_CONFIRMATION_NOT_BLIND_OOS,False,0,,,,,,,,,,
DAILY_STATUS,LINEAR_RIDGE_NET_RETURN,20230110,RETROSPECTIVE_CONFIRMATION_NOT_BLIND_OOS,True,1,,,,,,,,,,
DAILY_STATUS,LINEAR_RIDGE_NET_RETURN,20230111,RETROSPECTIVE_CONFIRMATION_NOT_BLIND_OOS,False,0,,,,,,,,,,
DAILY_STATUS,LINEAR_RIDGE_NET_RETURN,20230112,RETROSPECTIVE_CONFIRMATION_NOT_BLIND_OOS,False,0,,,,,,,,,,
DAILY_STATUS,LINEAR_RIDGE_NET_RETURN,20230113,RETROSPECTIVE_CONFIRMATION_NOT_BLIND_OOS,False,0,,,,,,,,,,
DAILY_STATUS,LINEAR_RIDGE_NET_RETURN,20230116,RETROSPECTIVE_CONFIRMATION_NOT_BLIND_OOS,True,2,,,,,,,,,,
DAILY_STATUS,LINEAR_RIDGE_NET_RETURN,20230117,RETROSPECTIVE_CONFIRMATION_NOT_BLIND_OOS,False,0,,,,,,,,,,
DAILY_STATUS,LINEAR_RIDGE_NET_RETURN,20230130,RETROSPECTIVE_CONFIRMATION_NOT_BLIND_OOS,False,0,,,,,,,,,,
DAILY_STATUS,LINEAR_RIDGE_NET_RETURN,20230131,RETROSPECTIVE_CONFIRMATION_NOT_BLIND_OOS,True,1,,,,,,,,,,
DAILY_STATUS,LINEAR_RIDGE_NET_RETURN,20230201,RETROSPECTIVE_CONFIRMATION_NOT_BLIND_OOS,False,0,,,,,,,,,,
DAILY_STATUS,LINEAR_RIDGE_NET_RETURN,20230202,RETROSPECTIVE_CONFIRMATION_NOT_BLIND_OOS,False,0,,,,,,,,,,
DAILY_STATUS,LINEAR_RIDGE_NET_RETURN,20230203,RETROSPECTIVE_CONFIRMATION_NOT_BLIND_OOS,False,0,,,,,,,,,,
DAILY_STATUS,LINEAR_RIDGE_NET_RETURN,20230206,RETROSPECTIVE_CONFIRMATION_NOT_BLIND_OOS,False,0,,,,,,,,,,
DAILY_STATUS,LINEAR_RIDGE_NET_RETURN,20230207,RETROSPECTIVE_CONFIRMATION_NOT_BLIND_OOS,False,0,,,,,,,,,,
DAILY_STATUS,LINEAR_RIDGE_NET_RETURN,20230208,RETROSPECTIVE_CONFIRMATION_NOT_BLIND_OOS,False,0,,,,,,,,,,
DAILY_STATUS,LINEAR_RIDGE_NET_RETURN,20230209,RETROSPECTIVE_CONFIRMATION_NOT_BLIND_OOS,False,0,,,,,,,,,,
DAILY_STATUS,LINEAR_RIDGE_NET_RETURN,20230210,RETROSPECTIVE_CONFIRMATION_NOT_BLIND_OOS,False,0,,,,,,,,,,
DAILY_STATUS,LINEAR_RIDGE_NET_RETURN,20230213,RETROSPECTIVE_CONFIRMATION_NOT_BLIND_OOS,False,0,,,,,,,,,,
DAILY_STATUS,LINEAR_RIDGE_NET_RETURN,20230214,RETROSPECTIVE_CONFIRMATION_NOT_BLIND_OOS,False,0,,,,,,,,,,
DAILY_STATUS,LINEAR_RIDGE_NET_RETURN,20230215,RETROSPECTIVE_CONFIRMATION_NOT_BLIND_OOS,False,0,,,,,,,,,,
DAILY_STATUS,LINEAR_RIDGE_NET_RETURN,20230216,RETROSPECTIVE_CONFIRMATION_NOT_BLIND_OOS,False,0,,,,,,,,,,
DAILY_STATUS,LINEAR_RIDGE_NET_RETURN,20230217,RETROSPECTIVE_CONFIRMATION_NOT_BLIND_OOS,False,0,,,,,,,,,,
DAILY_STATUS,LINEAR_RIDGE_NET_RETURN,20230220,RETROSPECTIVE_CONFIRMATION_NOT_BLIND_OOS,False,0,,,,,,,,,,
DAILY_STATUS,LINEAR_RIDGE_NET_RETURN,20230221,RETROSPECTIVE_CONFIRMATION_NOT_BLIND_OOS,False,0,,,,,,,,,,
DAILY_STATUS,LINEAR_RIDGE_NET_RETURN,20230222,RETROSPECTIVE_CONFIRMATION_NOT_BLIND_OOS,False,0,,,,,,,,,,
DAILY_STATUS,LINEAR_RIDGE_NET_RETURN,20230223,RETROSPECTIVE_CONFIRMATION_NOT_BLIND_OOS,False,0,,,,,,,,,,
DAILY_STATUS,LINEAR_RIDGE_NET_RETURN,20230224,RETROSPECTIVE_CONFIRMATION_NOT_BLIND_OOS,True,1,,,,,,,,,,
DAILY_STATUS,LINEAR_RIDGE_NET_RETURN,20230301,RETROSPECTIVE_CONFIRMATION_NOT_BLIND_OOS,False,0,,,,,,,,,,
DAILY_STATUS,LINEAR_RIDGE_NET_RETURN,20230302,RETROSPECTIVE_CONFIRMATION_NOT_BLIND_OOS,False,0,,,,,,,,,,
DAILY_STATUS,LINEAR_RIDGE_NET_RETURN,20230303,RETROSPECTIVE_CONFIRMATION_NOT_BLIND_OOS,False,0,,,,,,,,,,
DAILY_STATUS,LINEAR_RIDGE_NET_RETURN,20230306,RETROSPECTIVE_CONFIRMATION_NOT_BLIND_OOS,False,0,,,,,,,,,,
DAILY_STATUS,LINEAR_RIDGE_NET_RETURN,20230307,RETROSPECTIVE_CONFIRMATION_NOT_BLIND_OOS,False,0,,,,,,,,,,
DAILY_STATUS,LINEAR_RIDGE_NET_RETURN,20230308,RETROSPECTIVE_CONFIRMATION_NOT_BLIND_OOS,False,0,,,,,,,,,,
DAILY_STATUS,LINEAR_RIDGE_NET_RETURN,20230309,RETROSPECTIVE_CONFIRMATION_NOT_BLIND_OOS,False,0,,,,,,,,,,
DAILY_STATUS,LINEAR_RIDGE_NET_RETURN,20230310,RETROSPECTIVE_CONFIRMATION_NOT_BLIND_OOS,False,0,,,,,,,,,,
DAILY_STATUS,LINEAR_RIDGE_NET_RETURN,20230313,RETROSPECTIVE_CONFIRMATION_NOT_BLIND_OOS,False,0,,,,,,,,,,
DAILY_STATUS,LINEAR_RIDGE_NET_RETURN,20230314,RETROSPECTIVE_CONFIRMATION_NOT_BLIND_OOS,False,0,,,,,,,,,,
DAILY_STATUS,LINEAR_RIDGE_NET_RETURN,20230315,RETROSPECTIVE_CONFIRMATION_NOT_BLIND_OOS,False,0,,,,,,,,,,
DAILY_STATUS,LINEAR_RIDGE_NET_RETURN,20230316,RETROSPECTIVE_CONFIRMATION_NOT_BLIND_OOS,False,0,,,,,,,,,,
DAILY_STATUS,LINEAR_RIDGE_NET_RETURN,20230317,RETROSPECTIVE_CONFIRMATION_NOT_BLIND_OOS,False,0,,,,,,,,,,
DAILY_STATUS,LINEAR_RIDGE_NET_RETURN,20230320,RETROSPECTIVE_CONFIRMATION_NOT_BLIND_OOS,False,0,,,,,,,,,,
DAILY_STATUS,LINEAR_RIDGE_NET_RETURN,20230321,RETROSPECTIVE_CONFIRMATION_NOT_BLIND_OOS,False,0,,,,,,,,,,
DAILY_STATUS,LINEAR_RIDGE_NET_RETURN,20230322,RETROSPECTIVE_CONFIRMATION_NOT_BLIND_OOS,False,0,,,,,,,,,,
DAILY_STATUS,LINEAR_RIDGE_NET_RETURN,20230323,RETROSPECTIVE_CONFIRMATION_NOT_BLIND_OOS,False,0,,,,,,,,,,
DAILY_STATUS,LINEAR_RIDGE_NET_RETURN,20230324,RETROSPECTIVE_CONFIRMATION_NOT_BLIND_OOS,False,0,,,,,,,,,,
DAILY_STATUS,LINEAR_RIDGE_NET_RETURN,20230327,RETROSPECTIVE_CONFIRMATION_NOT_BLIND_OOS,False,0,,,,,,,,,,
DAILY_STATUS,LINEAR_RIDGE_NET_RETURN,20230328,RETROSPECTIVE_CONFIRMATION_NOT_BLIND_OOS,False,0,,,,,,,,,,
DAILY_STATUS,LINEAR_RIDGE_NET_RETURN,20230329,RETROSPECTIVE_CONFIRMATION_NOT_BLIND_OOS,False,0,,,,,,,,,,
DAILY_STATUS,LINEAR_RIDGE_NET_RETURN,20230330,RETROSPECTIVE_CONFIRMATION_NOT_BLIND_OOS,False,0,,,,,,,,,,
DAILY_STATUS,LINEAR_RIDGE_NET_RETURN,20230331,RETROSPECTIVE_CONFIRMATION_NOT_BLIND_OOS,False,0,,,,,,,,,,
DAILY_STATUS,LINEAR_RIDGE_NET_RETURN,20230406,RETROSPECTIVE_CONFIRMATION_NOT_BLIND_OOS,True,1,,,,,,,,,,
DAILY_STATUS,LINEAR_RIDGE_NET_RETURN,20230407,RETROSPECTIVE_CONFIRMATION_NOT_BLIND_OOS,False,0,,,,,,,,,,
DAILY_STATUS,LINEAR_RIDGE_NET_RETURN,20230410,RETROSPECTIVE_CONFIRMATION_NOT_BLIND_OOS,False,0,,,,,,,,,,
DAILY_STATUS,LINEAR_RIDGE_NET_RETURN,20230411,RETROSPECTIVE_CONFIRMATION_NOT_BLIND_OOS,False,0,,,,,,,,,,
DAILY_STATUS,LINEAR_RIDGE_NET_RETURN,20230412,RETROSPECTIVE_CONFIRMATION_NOT_BLIND_OOS,True,1,,,,,,,,,,
DAILY_STATUS,LINEAR_RIDGE_NET_RETURN,20230413,RETROSPECTIVE_CONFIRMATION_NOT_BLIND_OOS,False,0,,,,,,,,,,
DAILY_STATUS,LINEAR_RIDGE_NET_RETURN,20230414,RETROSPECTIVE_CONFIRMATION_NOT_BLIND_OOS,False,0,,,,,,,,,,
DAILY_STATUS,LINEAR_RIDGE_NET_RETURN,20230417,RETROSPECTIVE_CONFIRMATION_NOT_BLIND_OOS,False,0,,,,,,,,,,
DAILY_STATUS,LINEAR_RIDGE_NET_RETURN,20230418,RETROSPECTIVE_CONFIRMATION_NOT_BLIND_OOS,False,0,,,,,,,,,,
DAILY_STATUS,LINEAR_RIDGE_NET_RETURN,20230419,RETROSPECTIVE_CONFIRMATION_NOT_BLIND_OOS,False,0,,,,,,,,,,
DAILY_STATUS,LINEAR_RIDGE_NET_RETURN,20230420,RETROSPECTIVE_CONFIRMATION_NOT_BLIND_OOS,False,0,,,,,,,,,,
DAILY_STATUS,LINEAR_RIDGE_NET_RETURN,20230421,RETROSPECTIVE_CONFIRMATION_NOT_BLIND_OOS,False,0,,,,,,,,,,
DAILY_STATUS,LINEAR_RIDGE_NET_RETURN,20230424,RETROSPECTIVE_CONFIRMATION_NOT_BLIND_OOS,False,0,,,,,,,,,,
DAILY_STATUS,LINEAR_RIDGE_NET_RETURN,20230425,RETROSPECTIVE_CONFIRMATION_NOT_BLIND_OOS,False,0,,,,,,,,,,
DAILY_STATUS,LINEAR_RIDGE_NET_RETURN,20230426,RETROSPECTIVE_CONFIRMATION_NOT_BLIND_OOS,False,0,,,,,,,,,,
DAILY_STATUS,LINEAR_RIDGE_NET_RETURN,20230427,RETROSPECTIVE_CONFIRMATION_NOT_BLIND_OOS,False,0,,,,,,,,,,
DAILY_STATUS,LINEAR_RIDGE_NET_RETURN,20230428,RETROSPECTIVE_CONFIRMATION_NOT_BLIND_OOS,False,0,,,,,,,,,,
DAILY_STATUS,LINEAR_RIDGE_NET_RETURN,20230502,RETROSPECTIVE_CONFIRMATION_NOT_BLIND_OOS,False,0,,,,,,,,,,
DAILY_STATUS,LINEAR_RIDGE_NET_RETURN,20230503,RETROSPECTIVE_CONFIRMATION_NOT_BLIND_OOS,False,0,,,,,,,,,,
DAILY_STATUS,LINEAR_RIDGE_NET_RETURN,20230504,RETROSPECTIVE_CONFIRMATION_NOT_BLIND_OOS,False,0,,,,,,,,,,
DAILY_STATUS,LINEAR_RIDGE_NET_RETURN,20230505,RETROSPECTIVE_CONFIRMATION_NOT_BLIND_OOS,False,0,,,,,,,,,,
DAILY_STATUS,LINEAR_RIDGE_NET_RETURN,20230508,RETROSPECTIVE_CONFIRMATION_NOT_BLIND_OOS,True,1,,,,,,,,,,
DAILY_STATUS,LINEAR_RIDGE_NET_RETURN,20230509,RETROSPECTIVE_CONFIRMATION_NOT_BLIND_OOS,False,0,,,,,,,,,,
DAILY_STATUS,LINEAR_RIDGE_NET_RETURN,20230510,RETROSPECTIVE_CONFIRMATION_NOT_BLIND_OOS,False,0,,,,,,,,,,
DAILY_STATUS,LINEAR_RIDGE_NET_RETURN,20230511,RETROSPECTIVE_CONFIRMATION_NOT_BLIND_OOS,False,0,,,,,,,,,,
DAILY_STATUS,LINEAR_RIDGE_NET_RETURN,20230512,RETROSPECTIVE_CONFIRMATION_NOT_BLIND_OOS,False,0,,,,,,,,,,
DAILY_STATUS,LINEAR_RIDGE_NET_RETURN,20230515,RETROSPECTIVE_CONFIRMATION_NOT_BLIND_OOS,False,0,,,,,,,,,,
DAILY_STATUS,LINEAR_RIDGE_NET_RETURN,20230516,RETROSPECTIVE_CONFIRMATION_NOT_BLIND_OOS,True,1,,,,,,,,,,
DAILY_STATUS,LINEAR_RIDGE_NET_RETURN,20230517,RETROSPECTIVE_CONFIRMATION_NOT_BLIND_OOS,True,1,,,,,,,,,,
DAILY_STATUS,LINEAR_RIDGE_NET_RETURN,20230518,RETROSPECTIVE_CONFIRMATION_NOT_BLIND_OOS,False,0,,,,,,,,,,
DAILY_STATUS,LINEAR_RIDGE_NET_RETURN,20230519,RETROSPECTIVE_CONFIRMATION_NOT_BLIND_OOS,False,0,,,,,,,,,,
DAILY_STATUS,LINEAR_RIDGE_NET_RETURN,20230522,RETROSPECTIVE_CONFIRMATION_NOT_BLIND_OOS,False,0,,,,,,,,,,
DAILY_STATUS,LINEAR_RIDGE_NET_RETURN,20230523,RETROSPECTIVE_CONFIRMATION_NOT_BLIND_OOS,False,0,,,,,,,,,,
DAILY_STATUS,LINEAR_RIDGE_NET_RETURN,20230524,RETROSPECTIVE_CONFIRMATION_NOT_BLIND_OOS,False,0,,,,,,,,,,
DAILY_STATUS,LINEAR_RIDGE_NET_RETURN,20230525,RETROSPECTIVE_CONFIRMATION_NOT_BLIND_OOS,False,0,,,,,,,,,,
DAILY_STATUS,LINEAR_RIDGE_NET_RETURN,20230526,RETROSPECTIVE_CONFIRMATION_NOT_BLIND_OOS,False,0,,,,,,,,,,
DAILY_STATUS,LINEAR_RIDGE_NET_RETURN,20230529,RETROSPECTIVE_CONFIRMATION_NOT_BLIND_OOS,False,0,,,,,,,,,,
DAILY_STATUS,LINEAR_RIDGE_NET_RETURN,20230530,RETROSPECTIVE_CONFIRMATION_NOT_BLIND_OOS,False,0,,,,,,,,,,
DAILY_STATUS,LINEAR_RIDGE_NET_RETURN,20230531,RETROSPECTIVE_CONFIRMATION_NOT_BLIND_OOS,False,0,,,,,,,,,,
DAILY_STATUS,LINEAR_RIDGE_NET_RETURN,20230601,RETROSPECTIVE_CONFIRMATION_NOT_BLIND_OOS,False,0,,,,,,,,,,
DAILY_STATUS,LINEAR_RIDGE_NET_RETURN,20230602,RETROSPECTIVE_CONFIRMATION_NOT_BLIND_OOS,False,0,,,,,,,,,,
DAILY_STATUS,LINEAR_RIDGE_NET_RETURN,20230605,RETROSPECTIVE_CONFIRMATION_NOT_BLIND_OOS,False,0,,,,,,,,,,
DAILY_STATUS,LINEAR_RIDGE_NET_RETURN,20230606,RETROSPECTIVE_CONFIRMATION_NOT_BLIND_OOS,False,0,,,,,,,,,,
DAILY_STATUS,LINEAR_RIDGE_NET_RETURN,20230607,RETROSPECTIVE_CONFIRMATION_NOT_BLIND_OOS,False,0,,,,,,,,,,
DAILY_STATUS,LINEAR_RIDGE_NET_RETURN,20230608,RETROSPECTIVE_CONFIRMATION_NOT_BLIND_OOS,True,1,,,,,,,,,,
DAILY_STATUS,LINEAR_RIDGE_NET_RETURN,20230609,RETROSPECTIVE_CONFIRMATION_NOT_BLIND_OOS,False,0,,,,,,,,,,
DAILY_STATUS,LINEAR_RIDGE_NET_RETURN,20230612,RETROSPECTIVE_CONFIRMATION_NOT_BLIND_OOS,False,0,,,,,,,,,,
DAILY_STATUS,LINEAR_RIDGE_NET_RETURN,20230613,RETROSPECTIVE_CONFIRMATION_NOT_BLIND_OOS,False,0,,,,,,,,,,
DAILY_STATUS,LINEAR_RIDGE_NET_RETURN,20230614,RETROSPECTIVE_CONFIRMATION_NOT_BLIND_OOS,False,0,,,,,,,,,,
DAILY_STATUS,LINEAR_RIDGE_NET_RETURN,20230615,RETROSPECTIVE_CONFIRMATION_NOT_BLIND_OOS,False,0,,,,,,,,,,
DAILY_STATUS,LINEAR_RIDGE_NET_RETURN,20230616,RETROSPECTIVE_CONFIRMATION_NOT_BLIND_OOS,False,0,,,,,,,,,,
DAILY_STATUS,LINEAR_RIDGE_NET_RETURN,20230619,RETROSPECTIVE_CONFIRMATION_NOT_BLIND_OOS,False,0,,,,,,,,,,
DAILY_STATUS,LINEAR_RIDGE_NET_RETURN,20230620,RETROSPECTIVE_CONFIRMATION_NOT_BLIND_OOS,False,0,,,,,,,,,,
DAILY_STATUS,LINEAR_RIDGE_NET_RETURN,20230621,RETROSPECTIVE_CONFIRMATION_NOT_BLIND_OOS,False,0,,,,,,,,,,
DAILY_STATUS,LINEAR_RIDGE_NET_RETURN,20230626,RETROSPECTIVE_CONFIRMATION_NOT_BLIND_OOS,False,0,,,,,,,,,,
DAILY_STATUS,LINEAR_RIDGE_NET_RETURN,20230627,RETROSPECTIVE_CONFIRMATION_NOT_BLIND_OOS,False,0,,,,,,,,,,
DAILY_STATUS,LINEAR_RIDGE_NET_RETURN,20230628,RETROSPECTIVE_CONFIRMATION_NOT_BLIND_OOS,True,1,,,,,,,,,,
DAILY_STATUS,LINEAR_RIDGE_NET_RETURN,20230629,RETROSPECTIVE_CONFIRMATION_NOT_BLIND_OOS,False,0,,,,,,,,,,
DAILY_STATUS,LINEAR_RIDGE_NET_RETURN,20230630,RETROSPECTIVE_CONFIRMATION_NOT_BLIND_OOS,True,2,,,,,,,,,,
DAILY_STATUS,LINEAR_RIDGE_NET_RETURN,20230703,RETROSPECTIVE_CONFIRMATION_NOT_BLIND_OOS,False,0,,,,,,,,,,
DAILY_STATUS,LINEAR_RIDGE_NET_RETURN,20230704,RETROSPECTIVE_CONFIRMATION_NOT_BLIND_OOS,False,0,,,,,,,,,,
DAILY_STATUS,LINEAR_RIDGE_NET_RETURN,20230705,RETROSPECTIVE_CONFIRMATION_NOT_BLIND_OOS,False,0,,,,,,,,,,
DAILY_STATUS,LINEAR_RIDGE_NET_RETURN,20230706,RETROSPECTIVE_CONFIRMATION_NOT_BLIND_OOS,False,0,,,,,,,,,,
DAILY_STATUS,LINEAR_RIDGE_NET_RETURN,20230707,RETROSPECTIVE_CONFIRMATION_NOT_BLIND_OOS,False,0,,,,,,,,,,
DAILY_STATUS,LINEAR_RIDGE_NET_RETURN,20230710,RETROSPECTIVE_CONFIRMATION_NOT_BLIND_OOS,False,0,,,,,,,,,,
DAILY_STATUS,LINEAR_RIDGE_NET_RETURN,20230711,RETROSPECTIVE_CONFIRMATION_NOT_BLIND_OOS,True,1,,,,,,,,,,
DAILY_STATUS,LINEAR_RIDGE_NET_RETURN,20230712,RETROSPECTIVE_CONFIRMATION_NOT_BLIND_OOS,False,0,,,,,,,,,,
DAILY_STATUS,LINEAR_RIDGE_NET_RETURN,20230713,RETROSPECTIVE_CONFIRMATION_NOT_BLIND_OOS,False,0,,,,,,,,,,
DAILY_STATUS,LINEAR_RIDGE_NET_RETURN,20230714,RETROSPECTIVE_CONFIRMATION_NOT_BLIND_OOS,False,0,,,,,,,,,,
DAILY_STATUS,LINEAR_RIDGE_NET_RETURN,20230717,RETROSPECTIVE_CONFIRMATION_NOT_BLIND_OOS,False,0,,,,,,,,,,
DAILY_STATUS,LINEAR_RIDGE_NET_RETURN,20230718,RETROSPECTIVE_CONFIRMATION_NOT_BLIND_OOS,False,0,,,,,,,,,,
DAILY_STATUS,LINEAR_RIDGE_NET_RETURN,20230719,RETROSPECTIVE_CONFIRMATION_NOT_BLIND_OOS,False,0,,,,,,,,,,
DAILY_STATUS,LINEAR_RIDGE_NET_RETURN,20230720,RETROSPECTIVE_CONFIRMATION_NOT_BLIND_OOS,True,1,,,,,,,,,,
DAILY_STATUS,LINEAR_RIDGE_NET_RETURN,20230721,RETROSPECTIVE_CONFIRMATION_NOT_BLIND_OOS,False,0,,,,,,,,,,
DAILY_STATUS,LINEAR_RIDGE_NET_RETURN,20230724,RETROSPECTIVE_CONFIRMATION_NOT_BLIND_OOS,False,0,,,,,,,,,,
DAILY_STATUS,LINEAR_RIDGE_NET_RETURN,20230725,RETROSPECTIVE_CONFIRMATION_NOT_BLIND_OOS,True,2,,,,,,,,,,
DAILY_STATUS,LINEAR_RIDGE_NET_RETURN,20230726,RETROSPECTIVE_CONFIRMATION_NOT_BLIND_OOS,False,0,,,,,,,,,,
DAILY_STATUS,LINEAR_RIDGE_NET_RETURN,20230727,RETROSPECTIVE_CONFIRMATION_NOT_BLIND_OOS,True,1,,,,,,,,,,
DAILY_STATUS,LINEAR_RIDGE_NET_RETURN,20230728,RETROSPECTIVE_CONFIRMATION_NOT_BLIND_OOS,False,0,,,,,,,,,,
DAILY_STATUS,LINEAR_RIDGE_NET_RETURN,20230731,RETROSPECTIVE_CONFIRMATION_NOT_BLIND_OOS,False,0,,,,,,,,,,
DAILY_STATUS,LINEAR_RIDGE_NET_RETURN,20230801,RETROSPECTIVE_CONFIRMATION_NOT_BLIND_OOS,False,0,,,,,,,,,,
DAILY_STATUS,LINEAR_RIDGE_NET_RETURN,20230802,RETROSPECTIVE_CONFIRMATION_NOT_BLIND_OOS,False,0,,,,,,,,,,
DAILY_STATUS,LINEAR_RIDGE_NET_RETURN,20230804,RETROSPECTIVE_CONFIRMATION_NOT_BLIND_OOS,True,1,,,,,,,,,,
DAILY_STATUS,LINEAR_RIDGE_NET_RETURN,20230807,RETROSPECTIVE_CONFIRMATION_NOT_BLIND_OOS,True,1,,,,,,,,,,
DAILY_STATUS,LINEAR_RIDGE_NET_RETURN,20230808,RETROSPECTIVE_CONFIRMATION_NOT_BLIND_OOS,False,0,,,,,,,,,,
DAILY_STATUS,LINEAR_RIDGE_NET_RETURN,20230809,RETROSPECTIVE_CONFIRMATION_NOT_BLIND_OOS,False,0,,,,,,,,,,
DAILY_STATUS,LINEAR_RIDGE_NET_RETURN,20230810,RETROSPECTIVE_CONFIRMATION_NOT_BLIND_OOS,False,0,,,,,,,,,,
DAILY_STATUS,LINEAR_RIDGE_NET_RETURN,20230811,RETROSPECTIVE_CONFIRMATION_NOT_BLIND_OOS,False,0,,,,,,,,,,
DAILY_STATUS,LINEAR_RIDGE_NET_RETURN,20230814,RETROSPECTIVE_CONFIRMATION_NOT_BLIND_OOS,False,0,,,,,,,,,,
DAILY_STATUS,LINEAR_RIDGE_NET_RETURN,20230815,RETROSPECTIVE_CONFIRMATION_NOT_BLIND_OOS,True,1,,,,,,,,,,
DAILY_STATUS,LINEAR_RIDGE_NET_RETURN,20230816,RETROSPECTIVE_CONFIRMATION_NOT_BLIND_OOS,True,3,,,,,,,,,,
DAILY_STATUS,LINEAR_RIDGE_NET_RETURN,20230817,RETROSPECTIVE_CONFIRMATION_NOT_BLIND_OOS,False,0,,,,,,,,,,
DAILY_STATUS,LINEAR_RIDGE_NET_RETURN,20230818,RETROSPECTIVE_CONFIRMATION_NOT_BLIND_OOS,False,0,,,,,,,,,,
DAILY_STATUS,LINEAR_RIDGE_NET_RETURN,20230821,RETROSPECTIVE_CONFIRMATION_NOT_BLIND_OOS,False,0,,,,,,,,,,
DAILY_STATUS,LINEAR_RIDGE_NET_RETURN,20230822,RETROSPECTIVE_CONFIRMATION_NOT_BLIND_OOS,False,0,,,,,,,,,,
DAILY_STATUS,LINEAR_RIDGE_NET_RETURN,20230823,RETROSPECTIVE_CONFIRMATION_NOT_BLIND_OOS,False,0,,,,,,,,,,
DAILY_STATUS,LINEAR_RIDGE_NET_RETURN,20230824,RETROSPECTIVE_CONFIRMATION_NOT_BLIND_OOS,True,2,,,,,,,,,,
DAILY_STATUS,LINEAR_RIDGE_NET_RETURN,20230825,RETROSPECTIVE_CONFIRMATION_NOT_BLIND_OOS,False,0,,,,,,,,,,
DAILY_STATUS,LINEAR_RIDGE_NET_RETURN,20230828,RETROSPECTIVE_CONFIRMATION_NOT_BLIND_OOS,True,1,,,,,,,,,,
DAILY_STATUS,LINEAR_RIDGE_NET_RETURN,20230829,RETROSPECTIVE_CONFIRMATION_NOT_BLIND_OOS,False,0,,,,,,,,,,
DAILY_STATUS,LINEAR_RIDGE_NET_RETURN,20230830,RETROSPECTIVE_CONFIRMATION_NOT_BLIND_OOS,True,1,,,,,,,,,,
DAILY_STATUS,LINEAR_RIDGE_NET_RETURN,20230831,RETROSPECTIVE_CONFIRMATION_NOT_BLIND_OOS,False,0,,,,,,,,,,
DAILY_STATUS,LINEAR_RIDGE_NET_RETURN,20230901,RETROSPECTIVE_CONFIRMATION_NOT_BLIND_OOS,False,0,,,,,,,,,,
DAILY_STATUS,LINEAR_RIDGE_NET_RETURN,20230904,RETROSPECTIVE_CONFIRMATION_NOT_BLIND_OOS,False,0,,,,,,,,,,
DAILY_STATUS,LINEAR_RIDGE_NET_RETURN,20230905,RETROSPECTIVE_CONFIRMATION_NOT_BLIND_OOS,False,0,,,,,,,,,,
DAILY_STATUS,LINEAR_RIDGE_NET_RETURN,20230906,RETROSPECTIVE_CONFIRMATION_NOT_BLIND_OOS,False,0,,,,,,,,,,
DAILY_STATUS,LINEAR_RIDGE_NET_RETURN,20230907,RETROSPECTIVE_CONFIRMATION_NOT_BLIND_OOS,False,0,,,,,,,,,,
DAILY_STATUS,LINEAR_RIDGE_NET_RETURN,20230908,RETROSPECTIVE_CONFIRMATION_NOT_BLIND_OOS,False,0,,,,,,,,,,
DAILY_STATUS,LINEAR_RIDGE_NET_RETURN,20230911,RETROSPECTIVE_CONFIRMATION_NOT_BLIND_OOS,False,0,,,,,,,,,,
DAILY_STATUS,LINEAR_RIDGE_NET_RETURN,20230912,RETROSPECTIVE_CONFIRMATION_NOT_BLIND_OOS,False,0,,,,,,,,,,
DAILY_STATUS,LINEAR_RIDGE_NET_RETURN,20230913,RETROSPECTIVE_CONFIRMATION_NOT_BLIND_OOS,False,0,,,,,,,,,,
DAILY_STATUS,LINEAR_RIDGE_NET_RETURN,20230914,RETROSPECTIVE_CONFIRMATION_NOT_BLIND_OOS,False,0,,,,,,,,,,
DAILY_STATUS,LINEAR_RIDGE_NET_RETURN,20230915,RETROSPECTIVE_CONFIRMATION_NOT_BLIND_OOS,True,1,,,,,,,,,,
DAILY_STATUS,LINEAR_RIDGE_NET_RETURN,20230918,RETROSPECTIVE_CONFIRMATION_NOT_BLIND_OOS,False,0,,,,,,,,,,
DAILY_STATUS,LINEAR_RIDGE_NET_RETURN,20230919,RETROSPECTIVE_CONFIRMATION_NOT_BLIND_OOS,False,0,,,,,,,,,,
DAILY_STATUS,LINEAR_RIDGE_NET_RETURN,20230920,RETROSPECTIVE_CONFIRMATION_NOT_BLIND_OOS,False,0,,,,,,,,,,
DAILY_STATUS,LINEAR_RIDGE_NET_RETURN,20230921,RETROSPECTIVE_CONFIRMATION_NOT_BLIND_OOS,False,0,,,,,,,,,,
DAILY_STATUS,LINEAR_RIDGE_NET_RETURN,20230922,RETROSPECTIVE_CONFIRMATION_NOT_BLIND_OOS,False,0,,,,,,,,,,
DAILY_STATUS,LINEAR_RIDGE_NET_RETURN,20230925,RETROSPECTIVE_CONFIRMATION_NOT_BLIND_OOS,True,1,,,,,,,,,,
DAILY_STATUS,LINEAR_RIDGE_NET_RETURN,20230926,RETROSPECTIVE_CONFIRMATION_NOT_BLIND_OOS,False,0,,,,,,,,,,
DAILY_STATUS,LINEAR_RIDGE_NET_RETURN,20230927,RETROSPECTIVE_CONFIRMATION_NOT_BLIND_OOS,False,0,,,,,,,,,,
DAILY_STATUS,LINEAR_RIDGE_NET_RETURN,20230928,RETROSPECTIVE_CONFIRMATION_NOT_BLIND_OOS,False,0,,,,,,,,,,
DAILY_STATUS,LINEAR_RIDGE_NET_RETURN,20231002,RETROSPECTIVE_CONFIRMATION_NOT_BLIND_OOS,False,0,,,,,,,,,,
DAILY_STATUS,LINEAR_RIDGE_NET_RETURN,20231003,RETROSPECTIVE_CONFIRMATION_NOT_BLIND_OOS,False,0,,,,,,,,,,
DAILY_STATUS,LINEAR_RIDGE_NET_RETURN,20231004,RETROSPECTIVE_CONFIRMATION_NOT_BLIND_OOS,False,0,,,,,,,,,,
DAILY_STATUS,LINEAR_RIDGE_NET_RETURN,20231005,RETROSPECTIVE_CONFIRMATION_NOT_BLIND_OOS,False,0,,,,,,,,,,
DAILY_STATUS,LINEAR_RIDGE_NET_RETURN,20231006,RETROSPECTIVE_CONFIRMATION_NOT_BLIND_OOS,False,0,,,,,,,,,,
DAILY_STATUS,LINEAR_RIDGE_NET_RETURN,20231011,RETROSPECTIVE_CONFIRMATION_NOT_BLIND_OOS,False,0,,,,,,,,,,
DAILY_STATUS,LINEAR_RIDGE_NET_RETURN,20231012,RETROSPECTIVE_CONFIRMATION_NOT_BLIND_OOS,True,1,,,,,,,,,,
DAILY_STATUS,LINEAR_RIDGE_NET_RETURN,20231013,RETROSPECTIVE_CONFIRMATION_NOT_BLIND_OOS,False,0,,,,,,,,,,
DAILY_STATUS,LINEAR_RIDGE_NET_RETURN,20231016,RETROSPECTIVE_CONFIRMATION_NOT_BLIND_OOS,False,0,,,,,,,,,,
DAILY_STATUS,LINEAR_RIDGE_NET_RETURN,20231017,RETROSPECTIVE_CONFIRMATION_NOT_BLIND_OOS,False,0,,,,,,,,,,
DAILY_STATUS,LINEAR_RIDGE_NET_RETURN,20231018,RETROSPECTIVE_CONFIRMATION_NOT_BLIND_OOS,False,0,,,,,,,,,,
DAILY_STATUS,LINEAR_RIDGE_NET_RETURN,20231019,RETROSPECTIVE_CONFIRMATION_NOT_BLIND_OOS,False,0,,,,,,,,,,
DAILY_STATUS,LINEAR_RIDGE_NET_RETURN,20231020,RETROSPECTIVE_CONFIRMATION_NOT_BLIND_OOS,False,0,,,,,,,,,,
DAILY_STATUS,LINEAR_RIDGE_NET_RETURN,20231023,RETROSPECTIVE_CONFIRMATION_NOT_BLIND_OOS,False,0,,,,,,,,,,
DAILY_STATUS,LINEAR_RIDGE_NET_RETURN,20231024,RETROSPECTIVE_CONFIRMATION_NOT_BLIND_OOS,False,0,,,,,,,,,,
DAILY_STATUS,LINEAR_RIDGE_NET_RETURN,20231025,RETROSPECTIVE_CONFIRMATION_NOT_BLIND_OOS,False,0,,,,,,,,,,
DAILY_STATUS,LINEAR_RIDGE_NET_RETURN,20231026,RETROSPECTIVE_CONFIRMATION_NOT_BLIND_OOS,False,0,,,,,,,,,,
DAILY_STATUS,LINEAR_RIDGE_NET_RETURN,20231027,RETROSPECTIVE_CONFIRMATION_NOT_BLIND_OOS,True,1,,,,,,,,,,
DAILY_STATUS,LINEAR_RIDGE_NET_RETURN,20231030,RETROSPECTIVE_CONFIRMATION_NOT_BLIND_OOS,False,0,,,,,,,,,,
DAILY_STATUS,LINEAR_RIDGE_NET_RETURN,20231031,RETROSPECTIVE_CONFIRMATION_NOT_BLIND_OOS,False,0,,,,,,,,,,
DAILY_STATUS,LINEAR_RIDGE_NET_RETURN,20231101,RETROSPECTIVE_CONFIRMATION_NOT_BLIND_OOS,False,0,,,,,,,,,,
DAILY_STATUS,LINEAR_RIDGE_NET_RETURN,20231102,RETROSPECTIVE_CONFIRMATION_NOT_BLIND_OOS,True,1,,,,,,,,,,
DAILY_STATUS,LINEAR_RIDGE_NET_RETURN,20231103,RETROSPECTIVE_CONFIRMATION_NOT_BLIND_OOS,False,0,,,,,,,,,,
DAILY_STATUS,LINEAR_RIDGE_NET_RETURN,20231106,RETROSPECTIVE_CONFIRMATION_NOT_BLIND_OOS,False,0,,,,,,,,,,
DAILY_STATUS,LINEAR_RIDGE_NET_RETURN,20231107,RETROSPECTIVE_CONFIRMATION_NOT_BLIND_OOS,False,0,,,,,,,,,,
DAILY_STATUS,LINEAR_RIDGE_NET_RETURN,20231108,RETROSPECTIVE_CONFIRMATION_NOT_BLIND_OOS,True,1,,,,,,,,,,
DAILY_STATUS,LINEAR_RIDGE_NET_RETURN,20231109,RETROSPECTIVE_CONFIRMATION_NOT_BLIND_OOS,False,0,,,,,,,,,,
DAILY_STATUS,LINEAR_RIDGE_NET_RETURN,20231110,RETROSPECTIVE_CONFIRMATION_NOT_BLIND_OOS,False,0,,,,,,,,,,
DAILY_STATUS,LINEAR_RIDGE_NET_RETURN,20231113,RETROSPECTIVE_CONFIRMATION_NOT_BLIND_OOS,False,0,,,,,,,,,,
DAILY_STATUS,LINEAR_RIDGE_NET_RETURN,20231114,RETROSPECTIVE_CONFIRMATION_NOT_BLIND_OOS,False,0,,,,,,,,,,
DAILY_STATUS,LINEAR_RIDGE_NET_RETURN,20231115,RETROSPECTIVE_CONFIRMATION_NOT_BLIND_OOS,False,0,,,,,,,,,,
DAILY_STATUS,LINEAR_RIDGE_NET_RETURN,20231116,RETROSPECTIVE_CONFIRMATION_NOT_BLIND_OOS,False,0,,,,,,,,,,
DAILY_STATUS,LINEAR_RIDGE_NET_RETURN,20231117,RETROSPECTIVE_CONFIRMATION_NOT_BLIND_OOS,False,0,,,,,,,,,,
DAILY_STATUS,LINEAR_RIDGE_NET_RETURN,20231120,RETROSPECTIVE_CONFIRMATION_NOT_BLIND_OOS,False,0,,,,,,,,,,
DAILY_STATUS,LINEAR_RIDGE_NET_RETURN,20231121,RETROSPECTIVE_CONFIRMATION_NOT_BLIND_OOS,False,0,,,,,,,,,,
DAILY_STATUS,LINEAR_RIDGE_NET_RETURN,20231122,RETROSPECTIVE_CONFIRMATION_NOT_BLIND_OOS,False,0,,,,,,,,,,
DAILY_STATUS,LINEAR_RIDGE_NET_RETURN,20231123,RETROSPECTIVE_CONFIRMATION_NOT_BLIND_OOS,False,0,,,,,,,,,,
DAILY_STATUS,LINEAR_RIDGE_NET_RETURN,20231124,RETROSPECTIVE_CONFIRMATION_NOT_BLIND_OOS,False,0,,,,,,,,,,
DAILY_STATUS,LINEAR_RIDGE_NET_RETURN,20231127,RETROSPECTIVE_CONFIRMATION_NOT_BLIND_OOS,False,0,,,,,,,,,,
DAILY_STATUS,LINEAR_RIDGE_NET_RETURN,20231128,RETROSPECTIVE_CONFIRMATION_NOT_BLIND_OOS,False,0,,,,,,,,,,
DAILY_STATUS,LINEAR_RIDGE_NET_RETURN,20231129,RETROSPECTIVE_CONFIRMATION_NOT_BLIND_OOS,False,0,,,,,,,,,,
DAILY_STATUS,LINEAR_RIDGE_NET_RETURN,20231130,RETROSPECTIVE_CONFIRMATION_NOT_BLIND_OOS,True,1,,,,,,,,,,
DAILY_STATUS,LINEAR_RIDGE_NET_RETURN,20231201,RETROSPECTIVE_CONFIRMATION_NOT_BLIND_OOS,False,0,,,,,,,,,,
DAILY_STATUS,LINEAR_RIDGE_NET_RETURN,20231204,RETROSPECTIVE_CONFIRMATION_NOT_BLIND_OOS,False,0,,,,,,,,,,
DAILY_STATUS,LINEAR_RIDGE_NET_RETURN,20231205,RETROSPECTIVE_CONFIRMATION_NOT_BLIND_OOS,False,0,,,,,,,,,,
DAILY_STATUS,LINEAR_RIDGE_NET_RETURN,20231206,RETROSPECTIVE_CONFIRMATION_NOT_BLIND_OOS,False,0,,,,,,,,,,
DAILY_STATUS,LINEAR_RIDGE_NET_RETURN,20231207,RETROSPECTIVE_CONFIRMATION_NOT_BLIND_OOS,False,0,,,,,,,,,,
DAILY_STATUS,LINEAR_RIDGE_NET_RETURN,20231208,RETROSPECTIVE_CONFIRMATION_NOT_BLIND_OOS,False,0,,,,,,,,,,
DAILY_STATUS,LINEAR_RIDGE_NET_RETURN,20231211,RETROSPECTIVE_CONFIRMATION_NOT_BLIND_OOS,False,0,,,,,,,,,,
DAILY_STATUS,LINEAR_RIDGE_NET_RETURN,20231212,RETROSPECTIVE_CONFIRMATION_NOT_BLIND_OOS,False,0,,,,,,,,,,
DAILY_STATUS,LINEAR_RIDGE_NET_RETURN,20231213,RETROSPECTIVE_CONFIRMATION_NOT_BLIND_OOS,False,0,,,,,,,,,,
DAILY_STATUS,LINEAR_RIDGE_NET_RETURN,20231214,RETROSPECTIVE_CONFIRMATION_NOT_BLIND_OOS,False,0,,,,,,,,,,
DAILY_STATUS,LINEAR_RIDGE_NET_RETURN,20231215,RETROSPECTIVE_CONFIRMATION_NOT_BLIND_OOS,False,0,,,,,,,,,,
DAILY_STATUS,LINEAR_RIDGE_NET_RETURN,20231218,RETROSPECTIVE_CONFIRMATION_NOT_BLIND_OOS,False,0,,,,,,,,,,
DAILY_STATUS,LINEAR_RIDGE_NET_RETURN,20231219,RETROSPECTIVE_CONFIRMATION_NOT_BLIND_OOS,False,0,,,,,,,,,,
DAILY_STATUS,LINEAR_RIDGE_NET_RETURN,20231220,RETROSPECTIVE_CONFIRMATION_NOT_BLIND_OOS,False,0,,,,,,,,,,
DAILY_STATUS,LINEAR_RIDGE_NET_RETURN,20231221,RETROSPECTIVE_CONFIRMATION_NOT_BLIND_OOS,False,0,,,,,,,,,,
DAILY_STATUS,LINEAR_RIDGE_NET_RETURN,20231222,RETROSPECTIVE_CONFIRMATION_NOT_BLIND_OOS,False,0,,,,,,,,,,
DAILY_STATUS,LINEAR_RIDGE_NET_RETURN,20231225,RETROSPECTIVE_CONFIRMATION_NOT_BLIND_OOS,False,0,,,,,,,,,,
DAILY_STATUS,LINEAR_RIDGE_NET_RETURN,20231226,RETROSPECTIVE_CONFIRMATION_NOT_BLIND_OOS,False,0,,,,,,,,,,
DAILY_STATUS,LINEAR_RIDGE_NET_RETURN,20231227,RETROSPECTIVE_CONFIRMATION_NOT_BLIND_OOS,False,0,,,,,,,,,,
DAILY_STATUS,LINEAR_RIDGE_NET_RETURN,20231228,RETROSPECTIVE_CONFIRMATION_NOT_BLIND_OOS,False,0,,,,,,,,,,
DAILY_STATUS,LINEAR_RIDGE_NET_RETURN,20231229,RETROSPECTIVE_CONFIRMATION_NOT_BLIND_OOS,False,0,,,,,,,,,,
DAILY_STATUS,LINEAR_RIDGE_NET_RETURN,20240102,RETROSPECTIVE_CONFIRMATION_NOT_BLIND_OOS,False,0,,,,,,,,,,
DAILY_STATUS,LINEAR_RIDGE_NET_RETURN,20240103,RETROSPECTIVE_CONFIRMATION_NOT_BLIND_OOS,False,0,,,,,,,,,,
DAILY_STATUS,LINEAR_RIDGE_NET_RETURN,20240104,RETROSPECTIVE_CONFIRMATION_NOT_BLIND_OOS,False,0,,,,,,,,,,
DAILY_STATUS,LINEAR_RIDGE_NET_RETURN,20240105,RETROSPECTIVE_CONFIRMATION_NOT_BLIND_OOS,False,0,,,,,,,,,,
DAILY_STATUS,LINEAR_RIDGE_NET_RETURN,20240108,RETROSPECTIVE_CONFIRMATION_NOT_BLIND_OOS,False,0,,,,,,,,,,
DAILY_STATUS,LINEAR_RIDGE_NET_RETURN,20240109,RETROSPECTIVE_CONFIRMATION_NOT_BLIND_OOS,False,0,,,,,,,,,,
DAILY_STATUS,LINEAR_RIDGE_NET_RETURN,20240110,RETROSPECTIVE_CONFIRMATION_NOT_BLIND_OOS,False,0,,,,,,,,,,
DAILY_STATUS,LINEAR_RIDGE_NET_RETURN,20240111,RETROSPECTIVE_CONFIRMATION_NOT_BLIND_OOS,False,0,,,,,,,,,,
DAILY_STATUS,LINEAR_RIDGE_NET_RETURN,20240112,RETROSPECTIVE_CONFIRMATION_NOT_BLIND_OOS,False,0,,,,,,,,,,
DAILY_STATUS,LINEAR_RIDGE_NET_RETURN,20240115,RETROSPECTIVE_CONFIRMATION_NOT_BLIND_OOS,False,0,,,,,,,,,,
DAILY_STATUS,LINEAR_RIDGE_NET_RETURN,20240116,RETROSPECTIVE_CONFIRMATION_NOT_BLIND_OOS,False,0,,,,,,,,,,
DAILY_STATUS,LINEAR_RIDGE_NET_RETURN,20240117,RETROSPECTIVE_CONFIRMATION_NOT_BLIND_OOS,False,0,,,,,,,,,,
DAILY_STATUS,LINEAR_RIDGE_NET_RETURN,20240118,RETROSPECTIVE_CONFIRMATION_NOT_BLIND_OOS,False,0,,,,,,,,,,
DAILY_STATUS,LINEAR_RIDGE_NET_RETURN,20240119,RETROSPECTIVE_CONFIRMATION_NOT_BLIND_OOS,False,0,,,,,,,,,,
DAILY_STATUS,LINEAR_RIDGE_NET_RETURN,20240122,RETROSPECTIVE_CONFIRMATION_NOT_BLIND_OOS,False,0,,,,,,,,,,
DAILY_STATUS,LINEAR_RIDGE_NET_RETURN,20240123,RETROSPECTIVE_CONFIRMATION_NOT_BLIND_OOS,False,0,,,,,,,,,,
DAILY_STATUS,LINEAR_RIDGE_NET_RETURN,20240124,RETROSPECTIVE_CONFIRMATION_NOT_BLIND_OOS,True,1,,,,,,,,,,
DAILY_STATUS,LINEAR_RIDGE_NET_RETURN,20240125,RETROSPECTIVE_CONFIRMATION_NOT_BLIND_OOS,False,0,,,,,,,,,,
DAILY_STATUS,LINEAR_RIDGE_NET_RETURN,20240126,RETROSPECTIVE_CONFIRMATION_NOT_BLIND_OOS,False,0,,,,,,,,,,
DAILY_STATUS,LINEAR_RIDGE_NET_RETURN,20240129,RETROSPECTIVE_CONFIRMATION_NOT_BLIND_OOS,False,0,,,,,,,,,,
DAILY_STATUS,LINEAR_RIDGE_NET_RETURN,20240130,RETROSPECTIVE_CONFIRMATION_NOT_BLIND_OOS,False,0,,,,,,,,,,
DAILY_STATUS,LINEAR_RIDGE_NET_RETURN,20240131,RETROSPECTIVE_CONFIRMATION_NOT_BLIND_OOS,False,0,,,,,,,,,,
DAILY_STATUS,LINEAR_RIDGE_NET_RETURN,20240201,RETROSPECTIVE_CONFIRMATION_NOT_BLIND_OOS,False,0,,,,,,,,,,
DAILY_STATUS,LINEAR_RIDGE_NET_RETURN,20240202,RETROSPECTIVE_CONFIRMATION_NOT_BLIND_OOS,False,0,,,,,,,,,,
DAILY_STATUS,LINEAR_RIDGE_NET_RETURN,20240205,RETROSPECTIVE_CONFIRMATION_NOT_BLIND_OOS,False,0,,,,,,,,,,
DAILY_STATUS,LINEAR_RIDGE_NET_RETURN,20240215,RETROSPECTIVE_CONFIRMATION_NOT_BLIND_OOS,False,0,,,,,,,,,,
DAILY_STATUS,LINEAR_RIDGE_NET_RETURN,20240216,RETROSPECTIVE_CONFIRMATION_NOT_BLIND_OOS,True,1,,,,,,,,,,
DAILY_STATUS,LINEAR_RIDGE_NET_RETURN,20240219,RETROSPECTIVE_CONFIRMATION_NOT_BLIND_OOS,False,0,,,,,,,,,,
DAILY_STATUS,LINEAR_RIDGE_NET_RETURN,20240220,RETROSPECTIVE_CONFIRMATION_NOT_BLIND_OOS,False,0,,,,,,,,,,
DAILY_STATUS,LINEAR_RIDGE_NET_RETURN,20240221,RETROSPECTIVE_CONFIRMATION_NOT_BLIND_OOS,True,1,,,,,,,,,,
DAILY_STATUS,LINEAR_RIDGE_NET_RETURN,20240222,RETROSPECTIVE_CONFIRMATION_NOT_BLIND_OOS,False,0,,,,,,,,,,
DAILY_STATUS,LINEAR_RIDGE_NET_RETURN,20240223,RETROSPECTIVE_CONFIRMATION_NOT_BLIND_OOS,False,0,,,,,,,,,,
DAILY_STATUS,LINEAR_RIDGE_NET_RETURN,20240226,RETROSPECTIVE_CONFIRMATION_NOT_BLIND_OOS,False,0,,,,,,,,,,
DAILY_STATUS,LINEAR_RIDGE_NET_RETURN,20240227,RETROSPECTIVE_CONFIRMATION_NOT_BLIND_OOS,False,0,,,,,,,,,,
DAILY_STATUS,LINEAR_RIDGE_NET_RETURN,20240229,RETROSPECTIVE_CONFIRMATION_NOT_BLIND_OOS,False,0,,,,,,,,,,
DAILY_STATUS,LINEAR_RIDGE_NET_RETURN,20240301,RETROSPECTIVE_CONFIRMATION_NOT_BLIND_OOS,False,0,,,,,,,,,,
DAILY_STATUS,LINEAR_RIDGE_NET_RETURN,20240304,RETROSPECTIVE_CONFIRMATION_NOT_BLIND_OOS,False,0,,,,,,,,,,
DAILY_STATUS,LINEAR_RIDGE_NET_RETURN,20240305,RETROSPECTIVE_CONFIRMATION_NOT_BLIND_OOS,False,0,,,,,,,,,,
DAILY_STATUS,LINEAR_RIDGE_NET_RETURN,20240306,RETROSPECTIVE_CONFIRMATION_NOT_BLIND_OOS,False,0,,,,,,,,,,
DAILY_STATUS,LINEAR_RIDGE_NET_RETURN,20240307,RETROSPECTIVE_CONFIRMATION_NOT_BLIND_OOS,False,0,,,,,,,,,,
DAILY_STATUS,LINEAR_RIDGE_NET_RETURN,20240308,RETROSPECTIVE_CONFIRMATION_NOT_BLIND_OOS,False,0,,,,,,,,,,
DAILY_STATUS,LINEAR_RIDGE_NET_RETURN,20240311,RETROSPECTIVE_CONFIRMATION_NOT_BLIND_OOS,False,0,,,,,,,,,,
DAILY_STATUS,LINEAR_RIDGE_NET_RETURN,20240312,RETROSPECTIVE_CONFIRMATION_NOT_BLIND_OOS,False,0,,,,,,,,,,
DAILY_STATUS,LINEAR_RIDGE_NET_RETURN,20240313,RETROSPECTIVE_CONFIRMATION_NOT_BLIND_OOS,False,0,,,,,,,,,,
DAILY_STATUS,LINEAR_RIDGE_NET_RETURN,20240314,RETROSPECTIVE_CONFIRMATION_NOT_BLIND_OOS,False,0,,,,,,,,,,
DAILY_STATUS,LINEAR_RIDGE_NET_RETURN,20240315,RETROSPECTIVE_CONFIRMATION_NOT_BLIND_OOS,False,0,,,,,,,,,,
DAILY_STATUS,LINEAR_RIDGE_NET_RETURN,20240318,RETROSPECTIVE_CONFIRMATION_NOT_BLIND_OOS,False,0,,,,,,,,,,
DAILY_STATUS,LINEAR_RIDGE_NET_RETURN,20240319,RETROSPECTIVE_CONFIRMATION_NOT_BLIND_OOS,False,0,,,,,,,,,,
DAILY_STATUS,LINEAR_RIDGE_NET_RETURN,20240320,RETROSPECTIVE_CONFIRMATION_NOT_BLIND_OOS,False,0,,,,,,,,,,
DAILY_STATUS,LINEAR_RIDGE_NET_RETURN,20240321,RETROSPECTIVE_CONFIRMATION_NOT_BLIND_OOS,False,0,,,,,,,,,,
DAILY_STATUS,LINEAR_RIDGE_NET_RETURN,20240322,RETROSPECTIVE_CONFIRMATION_NOT_BLIND_OOS,False,0,,,,,,,,,,
DAILY_STATUS,LINEAR_RIDGE_NET_RETURN,20240325,RETROSPECTIVE_CONFIRMATION_NOT_BLIND_OOS,False,0,,,,,,,,,,
DAILY_STATUS,LINEAR_RIDGE_NET_RETURN,20240326,RETROSPECTIVE_CONFIRMATION_NOT_BLIND_OOS,False,0,,,,,,,,,,
DAILY_STATUS,LINEAR_RIDGE_NET_RETURN,20240327,RETROSPECTIVE_CONFIRMATION_NOT_BLIND_OOS,True,1,,,,,,,,,,
DAILY_STATUS,LINEAR_RIDGE_NET_RETURN,20240328,RETROSPECTIVE_CONFIRMATION_NOT_BLIND_OOS,False,0,,,,,,,,,,
DAILY_STATUS,LINEAR_RIDGE_NET_RETURN,20240329,RETROSPECTIVE_CONFIRMATION_NOT_BLIND_OOS,False,0,,,,,,,,,,
DAILY_STATUS,LINEAR_RIDGE_NET_RETURN,20240401,RETROSPECTIVE_CONFIRMATION_NOT_BLIND_OOS,True,2,,,,,,,,,,
DAILY_STATUS,LINEAR_RIDGE_NET_RETURN,20240402,RETROSPECTIVE_CONFIRMATION_NOT_BLIND_OOS,True,1,,,,,,,,,,
DAILY_STATUS,LINEAR_RIDGE_NET_RETURN,20240403,RETROSPECTIVE_CONFIRMATION_NOT_BLIND_OOS,False,0,,,,,,,,,,
DAILY_STATUS,LINEAR_RIDGE_NET_RETURN,20240408,RETROSPECTIVE_CONFIRMATION_NOT_BLIND_OOS,False,0,,,,,,,,,,
DAILY_STATUS,LINEAR_RIDGE_NET_RETURN,20240409,RETROSPECTIVE_CONFIRMATION_NOT_BLIND_OOS,False,0,,,,,,,,,,
DAILY_STATUS,LINEAR_RIDGE_NET_RETURN,20240410,RETROSPECTIVE_CONFIRMATION_NOT_BLIND_OOS,True,1,,,,,,,,,,
DAILY_STATUS,LINEAR_RIDGE_NET_RETURN,20240411,RETROSPECTIVE_CONFIRMATION_NOT_BLIND_OOS,True,1,,,,,,,,,,
DAILY_STATUS,LINEAR_RIDGE_NET_RETURN,20240412,RETROSPECTIVE_CONFIRMATION_NOT_BLIND_OOS,True,1,,,,,,,,,,
DAILY_STATUS,LINEAR_RIDGE_NET_RETURN,20240415,RETROSPECTIVE_CONFIRMATION_NOT_BLIND_OOS,False,0,,,,,,,,,,
DAILY_STATUS,LINEAR_RIDGE_NET_RETURN,20240416,RETROSPECTIVE_CONFIRMATION_NOT_BLIND_OOS,False,0,,,,,,,,,,
DAILY_STATUS,LINEAR_RIDGE_NET_RETURN,20240417,RETROSPECTIVE_CONFIRMATION_NOT_BLIND_OOS,True,1,,,,,,,,,,
DAILY_STATUS,LINEAR_RIDGE_NET_RETURN,20240418,RETROSPECTIVE_CONFIRMATION_NOT_BLIND_OOS,False,0,,,,,,,,,,
DAILY_STATUS,LINEAR_RIDGE_NET_RETURN,20240419,RETROSPECTIVE_CONFIRMATION_NOT_BLIND_OOS,False,0,,,,,,,,,,
DAILY_STATUS,LINEAR_RIDGE_NET_RETURN,20240422,RETROSPECTIVE_CONFIRMATION_NOT_BLIND_OOS,False,0,,,,,,,,,,
DAILY_STATUS,LINEAR_RIDGE_NET_RETURN,20240423,RETROSPECTIVE_CONFIRMATION_NOT_BLIND_OOS,False,0,,,,,,,,,,
DAILY_STATUS,LINEAR_RIDGE_NET_RETURN,20240424,RETROSPECTIVE_CONFIRMATION_NOT_BLIND_OOS,False,0,,,,,,,,,,
DAILY_STATUS,LINEAR_RIDGE_NET_RETURN,20240425,RETROSPECTIVE_CONFIRMATION_NOT_BLIND_OOS,False,0,,,,,,,,,,
DAILY_STATUS,LINEAR_RIDGE_NET_RETURN,20240426,RETROSPECTIVE_CONFIRMATION_NOT_BLIND_OOS,False,0,,,,,,,,,,
DAILY_STATUS,LINEAR_RIDGE_NET_RETURN,20240429,RETROSPECTIVE_CONFIRMATION_NOT_BLIND_OOS,False,0,,,,,,,,,,
DAILY_STATUS,LINEAR_RIDGE_NET_RETURN,20240430,RETROSPECTIVE_CONFIRMATION_NOT_BLIND_OOS,False,0,,,,,,,,,,
DAILY_STATUS,LINEAR_RIDGE_NET_RETURN,20240502,RETROSPECTIVE_CONFIRMATION_NOT_BLIND_OOS,False,0,,,,,,,,,,
DAILY_STATUS,LINEAR_RIDGE_NET_RETURN,20240503,RETROSPECTIVE_CONFIRMATION_NOT_BLIND_OOS,False,0,,,,,,,,,,
DAILY_STATUS,LINEAR_RIDGE_NET_RETURN,20240506,RETROSPECTIVE_CONFIRMATION_NOT_BLIND_OOS,False,0,,,,,,,,,,
DAILY_STATUS,LINEAR_RIDGE_NET_RETURN,20240507,RETROSPECTIVE_CONFIRMATION_NOT_BLIND_OOS,False,0,,,,,,,,,,
DAILY_STATUS,LINEAR_RIDGE_NET_RETURN,20240508,RETROSPECTIVE_CONFIRMATION_NOT_BLIND_OOS,False,0,,,,,,,,,,
DAILY_STATUS,LINEAR_RIDGE_NET_RETURN,20240509,RETROSPECTIVE_CONFIRMATION_NOT_BLIND_OOS,False,0,,,,,,,,,,
DAILY_STATUS,LINEAR_RIDGE_NET_RETURN,20240510,RETROSPECTIVE_CONFIRMATION_NOT_BLIND_OOS,False,0,,,,,,,,,,
DAILY_STATUS,LINEAR_RIDGE_NET_RETURN,20240513,RETROSPECTIVE_CONFIRMATION_NOT_BLIND_OOS,False,0,,,,,,,,,,
DAILY_STATUS,LINEAR_RIDGE_NET_RETURN,20240514,RETROSPECTIVE_CONFIRMATION_NOT_BLIND_OOS,False,0,,,,,,,,,,
DAILY_STATUS,LINEAR_RIDGE_NET_RETURN,20240515,RETROSPECTIVE_CONFIRMATION_NOT_BLIND_OOS,False,0,,,,,,,,,,
DAILY_STATUS,LINEAR_RIDGE_NET_RETURN,20240516,RETROSPECTIVE_CONFIRMATION_NOT_BLIND_OOS,False,0,,,,,,,,,,
DAILY_STATUS,LINEAR_RIDGE_NET_RETURN,20240517,RETROSPECTIVE_CONFIRMATION_NOT_BLIND_OOS,False,0,,,,,,,,,,
DAILY_STATUS,LINEAR_RIDGE_NET_RETURN,20240520,RETROSPECTIVE_CONFIRMATION_NOT_BLIND_OOS,False,0,,,,,,,,,,
DAILY_STATUS,LINEAR_RIDGE_NET_RETURN,20240521,RETROSPECTIVE_CONFIRMATION_NOT_BLIND_OOS,False,0,,,,,,,,,,
DAILY_STATUS,LINEAR_RIDGE_NET_RETURN,20240522,RETROSPECTIVE_CONFIRMATION_NOT_BLIND_OOS,True,1,,,,,,,,,,
DAILY_STATUS,LINEAR_RIDGE_NET_RETURN,20240523,RETROSPECTIVE_CONFIRMATION_NOT_BLIND_OOS,False,0,,,,,,,,,,
DAILY_STATUS,LINEAR_RIDGE_NET_RETURN,20240524,RETROSPECTIVE_CONFIRMATION_NOT_BLIND_OOS,False,0,,,,,,,,,,
DAILY_STATUS,LINEAR_RIDGE_NET_RETURN,20240527,RETROSPECTIVE_CONFIRMATION_NOT_BLIND_OOS,True,1,,,,,,,,,,
DAILY_STATUS,LINEAR_RIDGE_NET_RETURN,20240528,RETROSPECTIVE_CONFIRMATION_NOT_BLIND_OOS,True,1,,,,,,,,,,
DAILY_STATUS,LINEAR_RIDGE_NET_RETURN,20240529,RETROSPECTIVE_CONFIRMATION_NOT_BLIND_OOS,True,2,,,,,,,,,,
DAILY_STATUS,LINEAR_RIDGE_NET_RETURN,20240530,RETROSPECTIVE_CONFIRMATION_NOT_BLIND_OOS,False,0,,,,,,,,,,
DAILY_STATUS,LINEAR_RIDGE_NET_RETURN,20240531,RETROSPECTIVE_CONFIRMATION_NOT_BLIND_OOS,False,0,,,,,,,,,,
DAILY_STATUS,LINEAR_RIDGE_NET_RETURN,20240603,RETROSPECTIVE_CONFIRMATION_NOT_BLIND_OOS,False,0,,,,,,,,,,
DAILY_STATUS,LINEAR_RIDGE_NET_RETURN,20240604,RETROSPECTIVE_CONFIRMATION_NOT_BLIND_OOS,False,0,,,,,,,,,,
DAILY_STATUS,LINEAR_RIDGE_NET_RETURN,20240605,RETROSPECTIVE_CONFIRMATION_NOT_BLIND_OOS,False,0,,,,,,,,,,
DAILY_STATUS,LINEAR_RIDGE_NET_RETURN,20240606,RETROSPECTIVE_CONFIRMATION_NOT_BLIND_OOS,False,0,,,,,,,,,,
DAILY_STATUS,LINEAR_RIDGE_NET_RETURN,20240607,RETROSPECTIVE_CONFIRMATION_NOT_BLIND_OOS,False,0,,,,,,,,,,
DAILY_STATUS,LINEAR_RIDGE_NET_RETURN,20240611,RETROSPECTIVE_CONFIRMATION_NOT_BLIND_OOS,False,0,,,,,,,,,,
DAILY_STATUS,LINEAR_RIDGE_NET_RETURN,20240612,RETROSPECTIVE_CONFIRMATION_NOT_BLIND_OOS,True,1,,,,,,,,,,
DAILY_STATUS,LINEAR_RIDGE_NET_RETURN,20240613,RETROSPECTIVE_CONFIRMATION_NOT_BLIND_OOS,False,0,,,,,,,,,,
DAILY_STATUS,LINEAR_RIDGE_NET_RETURN,20240614,RETROSPECTIVE_CONFIRMATION_NOT_BLIND_OOS,False,0,,,,,,,,,,
DAILY_STATUS,LINEAR_RIDGE_NET_RETURN,20240617,RETROSPECTIVE_CONFIRMATION_NOT_BLIND_OOS,True,1,,,,,,,,,,
DAILY_STATUS,LINEAR_RIDGE_NET_RETURN,20240618,RETROSPECTIVE_CONFIRMATION_NOT_BLIND_OOS,False,0,,,,,,,,,,
DAILY_STATUS,LINEAR_RIDGE_NET_RETURN,20240619,RETROSPECTIVE_CONFIRMATION_NOT_BLIND_OOS,False,0,,,,,,,,,,
DAILY_STATUS,LINEAR_RIDGE_NET_RETURN,20240620,RETROSPECTIVE_CONFIRMATION_NOT_BLIND_OOS,True,1,,,,,,,,,,
DAILY_STATUS,LINEAR_RIDGE_NET_RETURN,20240621,RETROSPECTIVE_CONFIRMATION_NOT_BLIND_OOS,False,0,,,,,,,,,,
DAILY_STATUS,LINEAR_RIDGE_NET_RETURN,20240624,RETROSPECTIVE_CONFIRMATION_NOT_BLIND_OOS,False,0,,,,,,,,,,
DAILY_STATUS,LINEAR_RIDGE_NET_RETURN,20240625,RETROSPECTIVE_CONFIRMATION_NOT_BLIND_OOS,True,1,,,,,,,,,,
DAILY_STATUS,LINEAR_RIDGE_NET_RETURN,20240626,RETROSPECTIVE_CONFIRMATION_NOT_BLIND_OOS,False,0,,,,,,,,,,
DAILY_STATUS,LINEAR_RIDGE_NET_RETURN,20240627,RETROSPECTIVE_CONFIRMATION_NOT_BLIND_OOS,False,0,,,,,,,,,,
DAILY_STATUS,LINEAR_RIDGE_NET_RETURN,20240628,RETROSPECTIVE_CONFIRMATION_NOT_BLIND_OOS,False,0,,,,,,,,,,
DAILY_STATUS,LINEAR_RIDGE_NET_RETURN,20240701,RETROSPECTIVE_CONFIRMATION_NOT_BLIND_OOS,True,2,,,,,,,,,,
DAILY_STATUS,LINEAR_RIDGE_NET_RETURN,20240702,RETROSPECTIVE_CONFIRMATION_NOT_BLIND_OOS,False,0,,,,,,,,,,
DAILY_STATUS,LINEAR_RIDGE_NET_RETURN,20240703,RETROSPECTIVE_CONFIRMATION_NOT_BLIND_OOS,True,1,,,,,,,,,,
DAILY_STATUS,LINEAR_RIDGE_NET_RETURN,20240704,RETROSPECTIVE_CONFIRMATION_NOT_BLIND_OOS,False,0,,,,,,,,,,
DAILY_STATUS,LINEAR_RIDGE_NET_RETURN,20240705,RETROSPECTIVE_CONFIRMATION_NOT_BLIND_OOS,False,0,,,,,,,,,,
DAILY_STATUS,LINEAR_RIDGE_NET_RETURN,20240708,RETROSPECTIVE_CONFIRMATION_NOT_BLIND_OOS,False,0,,,,,,,,,,
DAILY_STATUS,LINEAR_RIDGE_NET_RETURN,20240709,RETROSPECTIVE_CONFIRMATION_NOT_BLIND_OOS,False,0,,,,,,,,,,
DAILY_STATUS,LINEAR_RIDGE_NET_RETURN,20240710,RETROSPECTIVE_CONFIRMATION_NOT_BLIND_OOS,True,2,,,,,,,,,,
DAILY_STATUS,LINEAR_RIDGE_NET_RETURN,20240711,RETROSPECTIVE_CONFIRMATION_NOT_BLIND_OOS,False,0,,,,,,,,,,
DAILY_STATUS,LINEAR_RIDGE_NET_RETURN,20240712,RETROSPECTIVE_CONFIRMATION_NOT_BLIND_OOS,True,1,,,,,,,,,,
DAILY_STATUS,LINEAR_RIDGE_NET_RETURN,20240715,RETROSPECTIVE_CONFIRMATION_NOT_BLIND_OOS,False,0,,,,,,,,,,
DAILY_STATUS,LINEAR_RIDGE_NET_RETURN,20240716,RETROSPECTIVE_CONFIRMATION_NOT_BLIND_OOS,False,0,,,,,,,,,,
DAILY_STATUS,LINEAR_RIDGE_NET_RETURN,20240717,RETROSPECTIVE_CONFIRMATION_NOT_BLIND_OOS,False,0,,,,,,,,,,
DAILY_STATUS,LINEAR_RIDGE_NET_RETURN,20240718,RETROSPECTIVE_CONFIRMATION_NOT_BLIND_OOS,False,0,,,,,,,,,,
DAILY_STATUS,LINEAR_RIDGE_NET_RETURN,20240719,RETROSPECTIVE_CONFIRMATION_NOT_BLIND_OOS,False,0,,,,,,,,,,
DAILY_STATUS,LINEAR_RIDGE_NET_RETURN,20240722,RETROSPECTIVE_CONFIRMATION_NOT_BLIND_OOS,False,0,,,,,,,,,,
DAILY_STATUS,LINEAR_RIDGE_NET_RETURN,20240723,RETROSPECTIVE_CONFIRMATION_NOT_BLIND_OOS,False,0,,,,,,,,,,
DAILY_STATUS,LINEAR_RIDGE_NET_RETURN,20240726,RETROSPECTIVE_CONFIRMATION_NOT_BLIND_OOS,False,0,,,,,,,,,,
DAILY_STATUS,LINEAR_RIDGE_NET_RETURN,20240729,RETROSPECTIVE_CONFIRMATION_NOT_BLIND_OOS,False,0,,,,,,,,,,
DAILY_STATUS,LINEAR_RIDGE_NET_RETURN,20240730,RETROSPECTIVE_CONFIRMATION_NOT_BLIND_OOS,False,0,,,,,,,,,,
DAILY_STATUS,LINEAR_RIDGE_NET_RETURN,20240731,RETROSPECTIVE_CONFIRMATION_NOT_BLIND_OOS,False,0,,,,,,,,,,
DAILY_STATUS,LINEAR_RIDGE_NET_RETURN,20240801,RETROSPECTIVE_CONFIRMATION_NOT_BLIND_OOS,False,0,,,,,,,,,,
DAILY_STATUS,LINEAR_RIDGE_NET_RETURN,20240802,RETROSPECTIVE_CONFIRMATION_NOT_BLIND_OOS,False,0,,,,,,,,,,
DAILY_STATUS,LINEAR_RIDGE_NET_RETURN,20240805,RETROSPECTIVE_CONFIRMATION_NOT_BLIND_OOS,False,0,,,,,,,,,,
DAILY_STATUS,LINEAR_RIDGE_NET_RETURN,20240806,RETROSPECTIVE_CONFIRMATION_NOT_BLIND_OOS,False,0,,,,,,,,,,
DAILY_STATUS,LINEAR_RIDGE_NET_RETURN,20240807,RETROSPECTIVE_CONFIRMATION_NOT_BLIND_OOS,True,1,,,,,,,,,,
DAILY_STATUS,LINEAR_RIDGE_NET_RETURN,20240808,RETROSPECTIVE_CONFIRMATION_NOT_BLIND_OOS,False,0,,,,,,,,,,
DAILY_STATUS,LINEAR_RIDGE_NET_RETURN,20240809,RETROSPECTIVE_CONFIRMATION_NOT_BLIND_OOS,False,0,,,,,,,,,,
DAILY_STATUS,LINEAR_RIDGE_NET_RETURN,20240812,RETROSPECTIVE_CONFIRMATION_NOT_BLIND_OOS,False,0,,,,,,,,,,
DAILY_STATUS,LINEAR_RIDGE_NET_RETURN,20240813,RETROSPECTIVE_CONFIRMATION_NOT_BLIND_OOS,True,1,,,,,,,,,,
DAILY_STATUS,LINEAR_RIDGE_NET_RETURN,20240814,RETROSPECTIVE_CONFIRMATION_NOT_BLIND_OOS,False,0,,,,,,,,,,
DAILY_STATUS,LINEAR_RIDGE_NET_RETURN,20240815,RETROSPECTIVE_CONFIRMATION_NOT_BLIND_OOS,False,0,,,,,,,,,,
DAILY_STATUS,LINEAR_RIDGE_NET_RETURN,20240816,RETROSPECTIVE_CONFIRMATION_NOT_BLIND_OOS,False,0,,,,,,,,,,
DAILY_STATUS,LINEAR_RIDGE_NET_RETURN,20240819,RETROSPECTIVE_CONFIRMATION_NOT_BLIND_OOS,False,0,,,,,,,,,,
DAILY_STATUS,LINEAR_RIDGE_NET_RETURN,20240820,RETROSPECTIVE_CONFIRMATION_NOT_BLIND_OOS,False,0,,,,,,,,,,
DAILY_STATUS,LINEAR_RIDGE_NET_RETURN,20240821,RETROSPECTIVE_CONFIRMATION_NOT_BLIND_OOS,False,0,,,,,,,,,,
DAILY_STATUS,LINEAR_RIDGE_NET_RETURN,20240822,RETROSPECTIVE_CONFIRMATION_NOT_BLIND_OOS,True,1,,,,,,,,,,
DAILY_STATUS,LINEAR_RIDGE_NET_RETURN,20240823,RETROSPECTIVE_CONFIRMATION_NOT_BLIND_OOS,False,0,,,,,,,,,,
DAILY_STATUS,LINEAR_RIDGE_NET_RETURN,20240826,RETROSPECTIVE_CONFIRMATION_NOT_BLIND_OOS,False,0,,,,,,,,,,
DAILY_STATUS,LINEAR_RIDGE_NET_RETURN,20240827,RETROSPECTIVE_CONFIRMATION_NOT_BLIND_OOS,False,0,,,,,,,,,,
DAILY_STATUS,LINEAR_RIDGE_NET_RETURN,20240828,RETROSPECTIVE_CONFIRMATION_NOT_BLIND_OOS,False,0,,,,,,,,,,
DAILY_STATUS,LINEAR_RIDGE_NET_RETURN,20240829,RETROSPECTIVE_CONFIRMATION_NOT_BLIND_OOS,False,0,,,,,,,,,,
DAILY_STATUS,LINEAR_RIDGE_NET_RETURN,20240830,RETROSPECTIVE_CONFIRMATION_NOT_BLIND_OOS,False,0,,,,,,,,,,
DAILY_STATUS,LINEAR_RIDGE_NET_RETURN,20240902,RETROSPECTIVE_CONFIRMATION_NOT_BLIND_OOS,False,0,,,,,,,,,,
DAILY_STATUS,LINEAR_RIDGE_NET_RETURN,20240903,RETROSPECTIVE_CONFIRMATION_NOT_BLIND_OOS,False,0,,,,,,,,,,
DAILY_STATUS,LINEAR_RIDGE_NET_RETURN,20240904,RETROSPECTIVE_CONFIRMATION_NOT_BLIND_OOS,False,0,,,,,,,,,,
DAILY_STATUS,LINEAR_RIDGE_NET_RETURN,20240905,RETROSPECTIVE_CONFIRMATION_NOT_BLIND_OOS,False,0,,,,,,,,,,
DAILY_STATUS,LINEAR_RIDGE_NET_RETURN,20240906,RETROSPECTIVE_CONFIRMATION_NOT_BLIND_OOS,False,0,,,,,,,,,,
DAILY_STATUS,LINEAR_RIDGE_NET_RETURN,20240909,RETROSPECTIVE_CONFIRMATION_NOT_BLIND_OOS,False,0,,,,,,,,,,
DAILY_STATUS,LINEAR_RIDGE_NET_RETURN,20240910,RETROSPECTIVE_CONFIRMATION_NOT_BLIND_OOS,False,0,,,,,,,,,,
DAILY_STATUS,LINEAR_RIDGE_NET_RETURN,20240911,RETROSPECTIVE_CONFIRMATION_NOT_BLIND_OOS,False,0,,,,,,,,,,
DAILY_STATUS,LINEAR_RIDGE_NET_RETURN,20240912,RETROSPECTIVE_CONFIRMATION_NOT_BLIND_OOS,False,0,,,,,,,,,,
DAILY_STATUS,LINEAR_RIDGE_NET_RETURN,20240913,RETROSPECTIVE_CONFIRMATION_NOT_BLIND_OOS,False,0,,,,,,,,,,
DAILY_STATUS,LINEAR_RIDGE_NET_RETURN,20240916,RETROSPECTIVE_CONFIRMATION_NOT_BLIND_OOS,False,0,,,,,,,,,,
DAILY_STATUS,LINEAR_RIDGE_NET_RETURN,20240918,RETROSPECTIVE_CONFIRMATION_NOT_BLIND_OOS,False,0,,,,,,,,,,
DAILY_STATUS,LINEAR_RIDGE_NET_RETURN,20240919,RETROSPECTIVE_CONFIRMATION_NOT_BLIND_OOS,True,2,,,,,,,,,,
DAILY_STATUS,LINEAR_RIDGE_NET_RETURN,20240920,RETROSPECTIVE_CONFIRMATION_NOT_BLIND_OOS,False,0,,,,,,,,,,
DAILY_STATUS,LINEAR_RIDGE_NET_RETURN,20240923,RETROSPECTIVE_CONFIRMATION_NOT_BLIND_OOS,False,0,,,,,,,,,,
DAILY_STATUS,LINEAR_RIDGE_NET_RETURN,20240924,RETROSPECTIVE_CONFIRMATION_NOT_BLIND_OOS,True,1,,,,,,,,,,
DAILY_STATUS,LINEAR_RIDGE_NET_RETURN,20240925,RETROSPECTIVE_CONFIRMATION_NOT_BLIND_OOS,False,0,,,,,,,,,,
DAILY_STATUS,LINEAR_RIDGE_NET_RETURN,20240926,RETROSPECTIVE_CONFIRMATION_NOT_BLIND_OOS,False,0,,,,,,,,,,
DAILY_STATUS,LINEAR_RIDGE_NET_RETURN,20240927,RETROSPECTIVE_CONFIRMATION_NOT_BLIND_OOS,False,0,,,,,,,,,,
DAILY_STATUS,LINEAR_RIDGE_NET_RETURN,20240930,RETROSPECTIVE_CONFIRMATION_NOT_BLIND_OOS,False,0,,,,,,,,,,
DAILY_STATUS,LINEAR_RIDGE_NET_RETURN,20241001,RETROSPECTIVE_CONFIRMATION_NOT_BLIND_OOS,False,0,,,,,,,,,,
DAILY_STATUS,LINEAR_RIDGE_NET_RETURN,20241004,RETROSPECTIVE_CONFIRMATION_NOT_BLIND_OOS,False,0,,,,,,,,,,
DAILY_STATUS,LINEAR_RIDGE_NET_RETURN,20241007,RETROSPECTIVE_CONFIRMATION_NOT_BLIND_OOS,False,0,,,,,,,,,,
DAILY_STATUS,LINEAR_RIDGE_NET_RETURN,20241008,RETROSPECTIVE_CONFIRMATION_NOT_BLIND_OOS,False,0,,,,,,,,,,
DAILY_STATUS,LINEAR_RIDGE_NET_RETURN,20241009,RETROSPECTIVE_CONFIRMATION_NOT_BLIND_OOS,False,0,,,,,,,,,,
DAILY_STATUS,LINEAR_RIDGE_NET_RETURN,20241011,RETROSPECTIVE_CONFIRMATION_NOT_BLIND_OOS,False,0,,,,,,,,,,
DAILY_STATUS,LINEAR_RIDGE_NET_RETURN,20241014,RETROSPECTIVE_CONFIRMATION_NOT_BLIND_OOS,False,0,,,,,,,,,,
DAILY_STATUS,LINEAR_RIDGE_NET_RETURN,20241015,RETROSPECTIVE_CONFIRMATION_NOT_BLIND_OOS,False,0,,,,,,,,,,
DAILY_STATUS,LINEAR_RIDGE_NET_RETURN,20241016,RETROSPECTIVE_CONFIRMATION_NOT_BLIND_OOS,False,0,,,,,,,,,,
DAILY_STATUS,LINEAR_RIDGE_NET_RETURN,20241017,RETROSPECTIVE_CONFIRMATION_NOT_BLIND_OOS,False,0,,,,,,,,,,
DAILY_STATUS,LINEAR_RIDGE_NET_RETURN,20241018,RETROSPECTIVE_CONFIRMATION_NOT_BLIND_OOS,False,0,,,,,,,,,,
DAILY_STATUS,LINEAR_RIDGE_NET_RETURN,20241021,RETROSPECTIVE_CONFIRMATION_NOT_BLIND_OOS,True,1,,,,,,,,,,
DAILY_STATUS,LINEAR_RIDGE_NET_RETURN,20241022,RETROSPECTIVE_CONFIRMATION_NOT_BLIND_OOS,False,0,,,,,,,,,,
DAILY_STATUS,LINEAR_RIDGE_NET_RETURN,20241023,RETROSPECTIVE_CONFIRMATION_NOT_BLIND_OOS,True,1,,,,,,,,,,
DAILY_STATUS,LINEAR_RIDGE_NET_RETURN,20241024,RETROSPECTIVE_CONFIRMATION_NOT_BLIND_OOS,False,0,,,,,,,,,,
DAILY_STATUS,LINEAR_RIDGE_NET_RETURN,20241025,RETROSPECTIVE_CONFIRMATION_NOT_BLIND_OOS,False,0,,,,,,,,,,
DAILY_STATUS,LINEAR_RIDGE_NET_RETURN,20241028,RETROSPECTIVE_CONFIRMATION_NOT_BLIND_OOS,False,0,,,,,,,,,,
DAILY_STATUS,LINEAR_RIDGE_NET_RETURN,20241029,RETROSPECTIVE_CONFIRMATION_NOT_BLIND_OOS,False,0,,,,,,,,,,
DAILY_STATUS,LINEAR_RIDGE_NET_RETURN,20241030,RETROSPECTIVE_CONFIRMATION_NOT_BLIND_OOS,False,0,,,,,,,,,,
DAILY_STATUS,LINEAR_RIDGE_NET_RETURN,20241101,RETROSPECTIVE_CONFIRMATION_NOT_BLIND_OOS,False,0,,,,,,,,,,
DAILY_STATUS,LINEAR_RIDGE_NET_RETURN,20241104,RETROSPECTIVE_CONFIRMATION_NOT_BLIND_OOS,False,0,,,,,,,,,,
DAILY_STATUS,LINEAR_RIDGE_NET_RETURN,20241105,RETROSPECTIVE_CONFIRMATION_NOT_BLIND_OOS,False,0,,,,,,,,,,
DAILY_STATUS,LINEAR_RIDGE_NET_RETURN,20241106,RETROSPECTIVE_CONFIRMATION_NOT_BLIND_OOS,False,0,,,,,,,,,,
DAILY_STATUS,LINEAR_RIDGE_NET_RETURN,20241107,RETROSPECTIVE_CONFIRMATION_NOT_BLIND_OOS,False,0,,,,,,,,,,
DAILY_STATUS,LINEAR_RIDGE_NET_RETURN,20241108,RETROSPECTIVE_CONFIRMATION_NOT_BLIND_OOS,False,0,,,,,,,,,,
DAILY_STATUS,LINEAR_RIDGE_NET_RETURN,20241111,RETROSPECTIVE_CONFIRMATION_NOT_BLIND_OOS,False,0,,,,,,,,,,
DAILY_STATUS,LINEAR_RIDGE_NET_RETURN,20241112,RETROSPECTIVE_CONFIRMATION_NOT_BLIND_OOS,False,0,,,,,,,,,,
DAILY_STATUS,LINEAR_RIDGE_NET_RETURN,20241113,RETROSPECTIVE_CONFIRMATION_NOT_BLIND_OOS,False,0,,,,,,,,,,
DAILY_STATUS,LINEAR_RIDGE_NET_RETURN,20241114,RETROSPECTIVE_CONFIRMATION_NOT_BLIND_OOS,False,0,,,,,,,,,,
DAILY_STATUS,LINEAR_RIDGE_NET_RETURN,20241115,RETROSPECTIVE_CONFIRMATION_NOT_BLIND_OOS,False,0,,,,,,,,,,
DAILY_STATUS,LINEAR_RIDGE_NET_RETURN,20241118,RETROSPECTIVE_CONFIRMATION_NOT_BLIND_OOS,False,0,,,,,,,,,,
DAILY_STATUS,LINEAR_RIDGE_NET_RETURN,20241119,RETROSPECTIVE_CONFIRMATION_NOT_BLIND_OOS,False,0,,,,,,,,,,
DAILY_STATUS,LINEAR_RIDGE_NET_RETURN,20241120,RETROSPECTIVE_CONFIRMATION_NOT_BLIND_OOS,False,0,,,,,,,,,,
DAILY_STATUS,LINEAR_RIDGE_NET_RETURN,20241121,RETROSPECTIVE_CONFIRMATION_NOT_BLIND_OOS,False,0,,,,,,,,,,
DAILY_STATUS,LINEAR_RIDGE_NET_RETURN,20241122,RETROSPECTIVE_CONFIRMATION_NOT_BLIND_OOS,False,0,,,,,,,,,,
DAILY_STATUS,LINEAR_RIDGE_NET_RETURN,20241125,RETROSPECTIVE_CONFIRMATION_NOT_BLIND_OOS,False,0,,,,,,,,,,
DAILY_STATUS,LINEAR_RIDGE_NET_RETURN,20241126,RETROSPECTIVE_CONFIRMATION_NOT_BLIND_OOS,False,0,,,,,,,,,,
DAILY_STATUS,LINEAR_RIDGE_NET_RETURN,20241127,RETROSPECTIVE_CONFIRMATION_NOT_BLIND_OOS,False,0,,,,,,,,,,
DAILY_STATUS,LINEAR_RIDGE_NET_RETURN,20241128,RETROSPECTIVE_CONFIRMATION_NOT_BLIND_OOS,False,0,,,,,,,,,,
DAILY_STATUS,LINEAR_RIDGE_NET_RETURN,20241129,RETROSPECTIVE_CONFIRMATION_NOT_BLIND_OOS,True,3,,,,,,,,,,
DAILY_STATUS,LINEAR_RIDGE_NET_RETURN,20241202,RETROSPECTIVE_CONFIRMATION_NOT_BLIND_OOS,True,2,,,,,,,,,,
DAILY_STATUS,LINEAR_RIDGE_NET_RETURN,20241203,RETROSPECTIVE_CONFIRMATION_NOT_BLIND_OOS,True,1,,,,,,,,,,
DAILY_STATUS,LINEAR_RIDGE_NET_RETURN,20241204,RETROSPECTIVE_CONFIRMATION_NOT_BLIND_OOS,True,1,,,,,,,,,,
DAILY_STATUS,LINEAR_RIDGE_NET_RETURN,20241205,RETROSPECTIVE_CONFIRMATION_NOT_BLIND_OOS,False,0,,,,,,,,,,
DAILY_STATUS,LINEAR_RIDGE_NET_RETURN,20241206,RETROSPECTIVE_CONFIRMATION_NOT_BLIND_OOS,False,0,,,,,,,,,,
DAILY_STATUS,LINEAR_RIDGE_NET_RETURN,20241209,RETROSPECTIVE_CONFIRMATION_NOT_BLIND_OOS,False,0,,,,,,,,,,
DAILY_STATUS,LINEAR_RIDGE_NET_RETURN,20241210,RETROSPECTIVE_CONFIRMATION_NOT_BLIND_OOS,False,0,,,,,,,,,,
DAILY_STATUS,LINEAR_RIDGE_NET_RETURN,20241211,RETROSPECTIVE_CONFIRMATION_NOT_BLIND_OOS,False,0,,,,,,,,,,
DAILY_STATUS,LINEAR_RIDGE_NET_RETURN,20241212,RETROSPECTIVE_CONFIRMATION_NOT_BLIND_OOS,False,0,,,,,,,,,,
DAILY_STATUS,LINEAR_RIDGE_NET_RETURN,20241213,RETROSPECTIVE_CONFIRMATION_NOT_BLIND_OOS,False,0,,,,,,,,,,
DAILY_STATUS,LINEAR_RIDGE_NET_RETURN,20241216,RETROSPECTIVE_CONFIRMATION_NOT_BLIND_OOS,False,0,,,,,,,,,,
DAILY_STATUS,LINEAR_RIDGE_NET_RETURN,20241217,RETROSPECTIVE_CONFIRMATION_NOT_BLIND_OOS,False,0,,,,,,,,,,
DAILY_STATUS,LINEAR_RIDGE_NET_RETURN,20241218,RETROSPECTIVE_CONFIRMATION_NOT_BLIND_OOS,False,0,,,,,,,,,,
DAILY_STATUS,LINEAR_RIDGE_NET_RETURN,20241219,RETROSPECTIVE_CONFIRMATION_NOT_BLIND_OOS,False,0,,,,,,,,,,
DAILY_STATUS,LINEAR_RIDGE_NET_RETURN,20241220,RETROSPECTIVE_CONFIRMATION_NOT_BLIND_OOS,False,0,,,,,,,,,,
DAILY_STATUS,LINEAR_RIDGE_NET_RETURN,20241223,RETROSPECTIVE_CONFIRMATION_NOT_BLIND_OOS,False,0,,,,,,,,,,
DAILY_STATUS,LINEAR_RIDGE_NET_RETURN,20241224,RETROSPECTIVE_CONFIRMATION_NOT_BLIND_OOS,True,1,,,,,,,,,,
DAILY_STATUS,LINEAR_RIDGE_NET_RETURN,20241225,RETROSPECTIVE_CONFIRMATION_NOT_BLIND_OOS,False,0,,,,,,,,,,
DAILY_STATUS,LINEAR_RIDGE_NET_RETURN,20241226,RETROSPECTIVE_CONFIRMATION_NOT_BLIND_OOS,False,0,,,,,,,,,,
DAILY_STATUS,LINEAR_RIDGE_NET_RETURN,20241227,RETROSPECTIVE_CONFIRMATION_NOT_BLIND_OOS,False,0,,,,,,,,,,
DAILY_STATUS,LINEAR_RIDGE_NET_RETURN,20241230,RETROSPECTIVE_CONFIRMATION_NOT_BLIND_OOS,False,0,,,,,,,,,,
DAILY_STATUS,LINEAR_RIDGE_NET_RETURN,20241231,RETROSPECTIVE_CONFIRMATION_NOT_BLIND_OOS,False,0,,,,,,,,,,
DAILY_STATUS,LINEAR_RIDGE_NET_RETURN,20250102,STRESS_PREVALENCE_SEEN_NOT_BLIND,False,0,,,,,,,,,,
DAILY_STATUS,LINEAR_RIDGE_NET_RETURN,20250103,STRESS_PREVALENCE_SEEN_NOT_BLIND,False,0,,,,,,,,,,
DAILY_STATUS,LINEAR_RIDGE_NET_RETURN,20250106,STRESS_PREVALENCE_SEEN_NOT_BLIND,False,0,,,,,,,,,,
DAILY_STATUS,LINEAR_RIDGE_NET_RETURN,20250107,STRESS_PREVALENCE_SEEN_NOT_BLIND,False,0,,,,,,,,,,
DAILY_STATUS,LINEAR_RIDGE_NET_RETURN,20250108,STRESS_PREVALENCE_SEEN_NOT_BLIND,False,0,,,,,,,,,,
DAILY_STATUS,LINEAR_RIDGE_NET_RETURN,20250109,STRESS_PREVALENCE_SEEN_NOT_BLIND,False,0,,,,,,,,,,
DAILY_STATUS,LINEAR_RIDGE_NET_RETURN,20250110,STRESS_PREVALENCE_SEEN_NOT_BLIND,False,0,,,,,,,,,,
DAILY_STATUS,LINEAR_RIDGE_NET_RETURN,20250113,STRESS_PREVALENCE_SEEN_NOT_BLIND,False,0,,,,,,,,,,
DAILY_STATUS,LINEAR_RIDGE_NET_RETURN,20250114,STRESS_PREVALENCE_SEEN_NOT_BLIND,True,1,,,,,,,,,,
DAILY_STATUS,LINEAR_RIDGE_NET_RETURN,20250115,STRESS_PREVALENCE_SEEN_NOT_BLIND,False,0,,,,,,,,,,
DAILY_STATUS,LINEAR_RIDGE_NET_RETURN,20250116,STRESS_PREVALENCE_SEEN_NOT_BLIND,False,0,,,,,,,,,,
DAILY_STATUS,LINEAR_RIDGE_NET_RETURN,20250117,STRESS_PREVALENCE_SEEN_NOT_BLIND,False,0,,,,,,,,,,
DAILY_STATUS,LINEAR_RIDGE_NET_RETURN,20250120,STRESS_PREVALENCE_SEEN_NOT_BLIND,True,1,,,,,,,,,,
DAILY_STATUS,LINEAR_RIDGE_NET_RETURN,20250121,STRESS_PREVALENCE_SEEN_NOT_BLIND,False,0,,,,,,,,,,
DAILY_STATUS,LINEAR_RIDGE_NET_RETURN,20250122,STRESS_PREVALENCE_SEEN_NOT_BLIND,False,0,,,,,,,,,,
DAILY_STATUS,LINEAR_RIDGE_NET_RETURN,20250203,STRESS_PREVALENCE_SEEN_NOT_BLIND,False,0,,,,,,,,,,
DAILY_STATUS,LINEAR_RIDGE_NET_RETURN,20250204,STRESS_PREVALENCE_SEEN_NOT_BLIND,False,0,,,,,,,,,,
DAILY_STATUS,LINEAR_RIDGE_NET_RETURN,20250205,STRESS_PREVALENCE_SEEN_NOT_BLIND,False,0,,,,,,,,,,
DAILY_STATUS,LINEAR_RIDGE_NET_RETURN,20250206,STRESS_PREVALENCE_SEEN_NOT_BLIND,False,0,,,,,,,,,,
DAILY_STATUS,LINEAR_RIDGE_NET_RETURN,20250207,STRESS_PREVALENCE_SEEN_NOT_BLIND,True,1,,,,,,,,,,
DAILY_STATUS,LINEAR_RIDGE_NET_RETURN,20250210,STRESS_PREVALENCE_SEEN_NOT_BLIND,False,0,,,,,,,,,,
DAILY_STATUS,LINEAR_RIDGE_NET_RETURN,20250211,STRESS_PREVALENCE_SEEN_NOT_BLIND,False,0,,,,,,,,,,
DAILY_STATUS,LINEAR_RIDGE_NET_RETURN,20250212,STRESS_PREVALENCE_SEEN_NOT_BLIND,False,0,,,,,,,,,,
DAILY_STATUS,LINEAR_RIDGE_NET_RETURN,20250213,STRESS_PREVALENCE_SEEN_NOT_BLIND,False,0,,,,,,,,,,
DAILY_STATUS,LINEAR_RIDGE_NET_RETURN,20250214,STRESS_PREVALENCE_SEEN_NOT_BLIND,False,0,,,,,,,,,,
DAILY_STATUS,LINEAR_RIDGE_NET_RETURN,20250217,STRESS_PREVALENCE_SEEN_NOT_BLIND,True,1,,,,,,,,,,
DAILY_STATUS,LINEAR_RIDGE_NET_RETURN,20250218,STRESS_PREVALENCE_SEEN_NOT_BLIND,False,0,,,,,,,,,,
DAILY_STATUS,LINEAR_RIDGE_NET_RETURN,20250219,STRESS_PREVALENCE_SEEN_NOT_BLIND,False,0,,,,,,,,,,
DAILY_STATUS,LINEAR_RIDGE_NET_RETURN,20250220,STRESS_PREVALENCE_SEEN_NOT_BLIND,False,0,,,,,,,,,,
DAILY_STATUS,LINEAR_RIDGE_NET_RETURN,20250221,STRESS_PREVALENCE_SEEN_NOT_BLIND,False,0,,,,,,,,,,
DAILY_STATUS,LINEAR_RIDGE_NET_RETURN,20250224,STRESS_PREVALENCE_SEEN_NOT_BLIND,False,0,,,,,,,,,,
DAILY_STATUS,LINEAR_RIDGE_NET_RETURN,20250225,STRESS_PREVALENCE_SEEN_NOT_BLIND,False,0,,,,,,,,,,
DAILY_STATUS,LINEAR_RIDGE_NET_RETURN,20250226,STRESS_PREVALENCE_SEEN_NOT_BLIND,False,0,,,,,,,,,,
DAILY_STATUS,LINEAR_RIDGE_NET_RETURN,20250227,STRESS_PREVALENCE_SEEN_NOT_BLIND,False,0,,,,,,,,,,
DAILY_STATUS,LINEAR_RIDGE_NET_RETURN,20250303,STRESS_PREVALENCE_SEEN_NOT_BLIND,False,0,,,,,,,,,,
DAILY_STATUS,LINEAR_RIDGE_NET_RETURN,20250304,STRESS_PREVALENCE_SEEN_NOT_BLIND,False,0,,,,,,,,,,
DAILY_STATUS,LINEAR_RIDGE_NET_RETURN,20250305,STRESS_PREVALENCE_SEEN_NOT_BLIND,False,0,,,,,,,,,,
DAILY_STATUS,LINEAR_RIDGE_NET_RETURN,20250306,STRESS_PREVALENCE_SEEN_NOT_BLIND,False,0,,,,,,,,,,
DAILY_STATUS,LINEAR_RIDGE_NET_RETURN,20250307,STRESS_PREVALENCE_SEEN_NOT_BLIND,False,0,,,,,,,,,,
DAILY_STATUS,LINEAR_RIDGE_NET_RETURN,20250310,STRESS_PREVALENCE_SEEN_NOT_BLIND,False,0,,,,,,,,,,
DAILY_STATUS,LINEAR_RIDGE_NET_RETURN,20250311,STRESS_PREVALENCE_SEEN_NOT_BLIND,False,0,,,,,,,,,,
DAILY_STATUS,LINEAR_RIDGE_NET_RETURN,20250312,STRESS_PREVALENCE_SEEN_NOT_BLIND,True,1,,,,,,,,,,
DAILY_STATUS,LINEAR_RIDGE_NET_RETURN,20250313,STRESS_PREVALENCE_SEEN_NOT_BLIND,False,0,,,,,,,,,,
DAILY_STATUS,LINEAR_RIDGE_NET_RETURN,20250314,STRESS_PREVALENCE_SEEN_NOT_BLIND,False,0,,,,,,,,,,
DAILY_STATUS,LINEAR_RIDGE_NET_RETURN,20250317,STRESS_PREVALENCE_SEEN_NOT_BLIND,False,0,,,,,,,,,,
DAILY_STATUS,LINEAR_RIDGE_NET_RETURN,20250318,STRESS_PREVALENCE_SEEN_NOT_BLIND,False,0,,,,,,,,,,
DAILY_STATUS,LINEAR_RIDGE_NET_RETURN,20250319,STRESS_PREVALENCE_SEEN_NOT_BLIND,False,0,,,,,,,,,,
DAILY_STATUS,LINEAR_RIDGE_NET_RETURN,20250320,STRESS_PREVALENCE_SEEN_NOT_BLIND,False,0,,,,,,,,,,
DAILY_STATUS,LINEAR_RIDGE_NET_RETURN,20250321,STRESS_PREVALENCE_SEEN_NOT_BLIND,True,1,,,,,,,,,,
DAILY_STATUS,LINEAR_RIDGE_NET_RETURN,20250324,STRESS_PREVALENCE_SEEN_NOT_BLIND,False,0,,,,,,,,,,
DAILY_STATUS,LINEAR_RIDGE_NET_RETURN,20250325,STRESS_PREVALENCE_SEEN_NOT_BLIND,False,0,,,,,,,,,,
DAILY_STATUS,LINEAR_RIDGE_NET_RETURN,20250326,STRESS_PREVALENCE_SEEN_NOT_BLIND,False,0,,,,,,,,,,
DAILY_STATUS,LINEAR_RIDGE_NET_RETURN,20250327,STRESS_PREVALENCE_SEEN_NOT_BLIND,False,0,,,,,,,,,,
DAILY_STATUS,LINEAR_RIDGE_NET_RETURN,20250328,STRESS_PREVALENCE_SEEN_NOT_BLIND,False,0,,,,,,,,,,
DAILY_STATUS,LINEAR_RIDGE_NET_RETURN,20250331,STRESS_PREVALENCE_SEEN_NOT_BLIND,False,0,,,,,,,,,,
DAILY_STATUS,LINEAR_RIDGE_NET_RETURN,20250401,STRESS_PREVALENCE_SEEN_NOT_BLIND,False,0,,,,,,,,,,
DAILY_STATUS,LINEAR_RIDGE_NET_RETURN,20250402,STRESS_PREVALENCE_SEEN_NOT_BLIND,False,0,,,,,,,,,,
DAILY_STATUS,LINEAR_RIDGE_NET_RETURN,20250407,STRESS_PREVALENCE_SEEN_NOT_BLIND,False,0,,,,,,,,,,
DAILY_STATUS,LINEAR_RIDGE_NET_RETURN,20250408,STRESS_PREVALENCE_SEEN_NOT_BLIND,False,0,,,,,,,,,,
DAILY_STATUS,LINEAR_RIDGE_NET_RETURN,20250409,STRESS_PREVALENCE_SEEN_NOT_BLIND,False,0,,,,,,,,,,
DAILY_STATUS,LINEAR_RIDGE_NET_RETURN,20250410,STRESS_PREVALENCE_SEEN_NOT_BLIND,False,0,,,,,,,,,,
DAILY_STATUS,LINEAR_RIDGE_NET_RETURN,20250411,STRESS_PREVALENCE_SEEN_NOT_BLIND,False,0,,,,,,,,,,
DAILY_STATUS,LINEAR_RIDGE_NET_RETURN,20250414,STRESS_PREVALENCE_SEEN_NOT_BLIND,False,0,,,,,,,,,,
DAILY_STATUS,LINEAR_RIDGE_NET_RETURN,20250415,STRESS_PREVALENCE_SEEN_NOT_BLIND,False,0,,,,,,,,,,
DAILY_STATUS,LINEAR_RIDGE_NET_RETURN,20250416,STRESS_PREVALENCE_SEEN_NOT_BLIND,False,0,,,,,,,,,,
DAILY_STATUS,LINEAR_RIDGE_NET_RETURN,20250417,STRESS_PREVALENCE_SEEN_NOT_BLIND,False,0,,,,,,,,,,
DAILY_STATUS,LINEAR_RIDGE_NET_RETURN,20250418,STRESS_PREVALENCE_SEEN_NOT_BLIND,False,0,,,,,,,,,,
DAILY_STATUS,LINEAR_RIDGE_NET_RETURN,20250421,STRESS_PREVALENCE_SEEN_NOT_BLIND,False,0,,,,,,,,,,
DAILY_STATUS,LINEAR_RIDGE_NET_RETURN,20250422,STRESS_PREVALENCE_SEEN_NOT_BLIND,False,0,,,,,,,,,,
DAILY_STATUS,LINEAR_RIDGE_NET_RETURN,20250423,STRESS_PREVALENCE_SEEN_NOT_BLIND,True,2,,,,,,,,,,
DAILY_STATUS,LINEAR_RIDGE_NET_RETURN,20250424,STRESS_PREVALENCE_SEEN_NOT_BLIND,False,0,,,,,,,,,,
DAILY_STATUS,LINEAR_RIDGE_NET_RETURN,20250425,STRESS_PREVALENCE_SEEN_NOT_BLIND,False,0,,,,,,,,,,
DAILY_STATUS,LINEAR_RIDGE_NET_RETURN,20250428,STRESS_PREVALENCE_SEEN_NOT_BLIND,False,0,,,,,,,,,,
DAILY_STATUS,LINEAR_RIDGE_NET_RETURN,20250429,STRESS_PREVALENCE_SEEN_NOT_BLIND,False,0,,,,,,,,,,
DAILY_STATUS,LINEAR_RIDGE_NET_RETURN,20250430,STRESS_PREVALENCE_SEEN_NOT_BLIND,False,0,,,,,,,,,,
DAILY_STATUS,LINEAR_RIDGE_NET_RETURN,20250502,STRESS_PREVALENCE_SEEN_NOT_BLIND,False,0,,,,,,,,,,
DAILY_STATUS,LINEAR_RIDGE_NET_RETURN,20250505,STRESS_PREVALENCE_SEEN_NOT_BLIND,False,0,,,,,,,,,,
DAILY_STATUS,LINEAR_RIDGE_NET_RETURN,20250506,STRESS_PREVALENCE_SEEN_NOT_BLIND,False,0,,,,,,,,,,
DAILY_STATUS,LINEAR_RIDGE_NET_RETURN,20250507,STRESS_PREVALENCE_SEEN_NOT_BLIND,False,0,,,,,,,,,,
DAILY_STATUS,LINEAR_RIDGE_NET_RETURN,20250508,STRESS_PREVALENCE_SEEN_NOT_BLIND,False,0,,,,,,,,,,
DAILY_STATUS,LINEAR_RIDGE_NET_RETURN,20250509,STRESS_PREVALENCE_SEEN_NOT_BLIND,False,0,,,,,,,,,,
DAILY_STATUS,LINEAR_RIDGE_NET_RETURN,20250512,STRESS_PREVALENCE_SEEN_NOT_BLIND,True,1,,,,,,,,,,
DAILY_STATUS,LINEAR_RIDGE_NET_RETURN,20250513,STRESS_PREVALENCE_SEEN_NOT_BLIND,False,0,,,,,,,,,,
DAILY_STATUS,LINEAR_RIDGE_NET_RETURN,20250514,STRESS_PREVALENCE_SEEN_NOT_BLIND,False,0,,,,,,,,,,
DAILY_STATUS,LINEAR_RIDGE_NET_RETURN,20250515,STRESS_PREVALENCE_SEEN_NOT_BLIND,False,0,,,,,,,,,,
DAILY_STATUS,LINEAR_RIDGE_NET_RETURN,20250516,STRESS_PREVALENCE_SEEN_NOT_BLIND,False,0,,,,,,,,,,
DAILY_STATUS,LINEAR_RIDGE_NET_RETURN,20250519,STRESS_PREVALENCE_SEEN_NOT_BLIND,False,0,,,,,,,,,,
DAILY_STATUS,LINEAR_RIDGE_NET_RETURN,20250520,STRESS_PREVALENCE_SEEN_NOT_BLIND,False,0,,,,,,,,,,
DAILY_STATUS,LINEAR_RIDGE_NET_RETURN,20250521,STRESS_PREVALENCE_SEEN_NOT_BLIND,False,0,,,,,,,,,,
DAILY_STATUS,LINEAR_RIDGE_NET_RETURN,20250522,STRESS_PREVALENCE_SEEN_NOT_BLIND,False,0,,,,,,,,,,
DAILY_STATUS,LINEAR_RIDGE_NET_RETURN,20250523,STRESS_PREVALENCE_SEEN_NOT_BLIND,False,0,,,,,,,,,,
DAILY_STATUS,LINEAR_RIDGE_NET_RETURN,20250526,STRESS_PREVALENCE_SEEN_NOT_BLIND,False,0,,,,,,,,,,
DAILY_STATUS,LINEAR_RIDGE_NET_RETURN,20250527,STRESS_PREVALENCE_SEEN_NOT_BLIND,False,0,,,,,,,,,,
DAILY_STATUS,LINEAR_RIDGE_NET_RETURN,20250528,STRESS_PREVALENCE_SEEN_NOT_BLIND,False,0,,,,,,,,,,
DAILY_STATUS,LINEAR_RIDGE_NET_RETURN,20250529,STRESS_PREVALENCE_SEEN_NOT_BLIND,False,0,,,,,,,,,,
DAILY_STATUS,LINEAR_RIDGE_NET_RETURN,20250602,STRESS_PREVALENCE_SEEN_NOT_BLIND,False,0,,,,,,,,,,
DAILY_STATUS,LINEAR_RIDGE_NET_RETURN,20250603,STRESS_PREVALENCE_SEEN_NOT_BLIND,False,0,,,,,,,,,,
DAILY_STATUS,LINEAR_RIDGE_NET_RETURN,20250604,STRESS_PREVALENCE_SEEN_NOT_BLIND,False,0,,,,,,,,,,
DAILY_STATUS,LINEAR_RIDGE_NET_RETURN,20250605,STRESS_PREVALENCE_SEEN_NOT_BLIND,False,0,,,,,,,,,,
DAILY_STATUS,LINEAR_RIDGE_NET_RETURN,20250606,STRESS_PREVALENCE_SEEN_NOT_BLIND,False,0,,,,,,,,,,
DAILY_STATUS,LINEAR_RIDGE_NET_RETURN,20250609,STRESS_PREVALENCE_SEEN_NOT_BLIND,False,0,,,,,,,,,,
DAILY_STATUS,LINEAR_RIDGE_NET_RETURN,20250610,STRESS_PREVALENCE_SEEN_NOT_BLIND,False,0,,,,,,,,,,
DAILY_STATUS,LINEAR_RIDGE_NET_RETURN,20250611,STRESS_PREVALENCE_SEEN_NOT_BLIND,False,0,,,,,,,,,,
DAILY_STATUS,LINEAR_RIDGE_NET_RETURN,20250612,STRESS_PREVALENCE_SEEN_NOT_BLIND,False,0,,,,,,,,,,
DAILY_STATUS,LINEAR_RIDGE_NET_RETURN,20250613,STRESS_PREVALENCE_SEEN_NOT_BLIND,False,0,,,,,,,,,,
DAILY_STATUS,LINEAR_RIDGE_NET_RETURN,20250616,STRESS_PREVALENCE_SEEN_NOT_BLIND,False,0,,,,,,,,,,
DAILY_STATUS,LINEAR_RIDGE_NET_RETURN,20250617,STRESS_PREVALENCE_SEEN_NOT_BLIND,False,0,,,,,,,,,,
DAILY_STATUS,LINEAR_RIDGE_NET_RETURN,20250618,STRESS_PREVALENCE_SEEN_NOT_BLIND,False,0,,,,,,,,,,
DAILY_STATUS,LINEAR_RIDGE_NET_RETURN,20250619,STRESS_PREVALENCE_SEEN_NOT_BLIND,False,0,,,,,,,,,,
DAILY_STATUS,LINEAR_RIDGE_NET_RETURN,20250620,STRESS_PREVALENCE_SEEN_NOT_BLIND,False,0,,,,,,,,,,
DAILY_STATUS,LINEAR_RIDGE_NET_RETURN,20250623,STRESS_PREVALENCE_SEEN_NOT_BLIND,False,0,,,,,,,,,,
DAILY_STATUS,LINEAR_RIDGE_NET_RETURN,20250624,STRESS_PREVALENCE_SEEN_NOT_BLIND,False,0,,,,,,,,,,
DAILY_STATUS,LINEAR_RIDGE_NET_RETURN,20250625,STRESS_PREVALENCE_SEEN_NOT_BLIND,False,0,,,,,,,,,,
DAILY_STATUS,LINEAR_RIDGE_NET_RETURN,20250626,STRESS_PREVALENCE_SEEN_NOT_BLIND,False,0,,,,,,,,,,
DAILY_STATUS,LINEAR_RIDGE_NET_RETURN,20250627,STRESS_PREVALENCE_SEEN_NOT_BLIND,False,0,,,,,,,,,,
DAILY_STATUS,LINEAR_RIDGE_NET_RETURN,20250630,STRESS_PREVALENCE_SEEN_NOT_BLIND,False,0,,,,,,,,,,
DAILY_STATUS,LINEAR_RIDGE_NET_RETURN,20250701,STRESS_PREVALENCE_SEEN_NOT_BLIND,False,0,,,,,,,,,,
DAILY_STATUS,LINEAR_RIDGE_NET_RETURN,20250702,STRESS_PREVALENCE_SEEN_NOT_BLIND,True,1,,,,,,,,,,
DAILY_STATUS,LINEAR_RIDGE_NET_RETURN,20250703,STRESS_PREVALENCE_SEEN_NOT_BLIND,True,1,,,,,,,,,,
DAILY_STATUS,LINEAR_RIDGE_NET_RETURN,20250704,STRESS_PREVALENCE_SEEN_NOT_BLIND,False,0,,,,,,,,,,
DAILY_STATUS,LINEAR_RIDGE_NET_RETURN,20250707,STRESS_PREVALENCE_SEEN_NOT_BLIND,False,0,,,,,,,,,,
DAILY_STATUS,LINEAR_RIDGE_NET_RETURN,20250708,STRESS_PREVALENCE_SEEN_NOT_BLIND,False,0,,,,,,,,,,
DAILY_STATUS,LINEAR_RIDGE_NET_RETURN,20250709,STRESS_PREVALENCE_SEEN_NOT_BLIND,True,1,,,,,,,,,,
DAILY_STATUS,LINEAR_RIDGE_NET_RETURN,20250710,STRESS_PREVALENCE_SEEN_NOT_BLIND,False,0,,,,,,,,,,
DAILY_STATUS,LINEAR_RIDGE_NET_RETURN,20250711,STRESS_PREVALENCE_SEEN_NOT_BLIND,False,0,,,,,,,,,,
DAILY_STATUS,LINEAR_RIDGE_NET_RETURN,20250714,STRESS_PREVALENCE_SEEN_NOT_BLIND,False,0,,,,,,,,,,
DAILY_STATUS,LINEAR_RIDGE_NET_RETURN,20250715,STRESS_PREVALENCE_SEEN_NOT_BLIND,False,0,,,,,,,,,,
DAILY_STATUS,LINEAR_RIDGE_NET_RETURN,20250716,STRESS_PREVALENCE_SEEN_NOT_BLIND,False,0,,,,,,,,,,
DAILY_STATUS,LINEAR_RIDGE_NET_RETURN,20250717,STRESS_PREVALENCE_SEEN_NOT_BLIND,False,0,,,,,,,,,,
DAILY_STATUS,LINEAR_RIDGE_NET_RETURN,20250718,STRESS_PREVALENCE_SEEN_NOT_BLIND,False,0,,,,,,,,,,
DAILY_STATUS,LINEAR_RIDGE_NET_RETURN,20250721,STRESS_PREVALENCE_SEEN_NOT_BLIND,False,0,,,,,,,,,,
DAILY_STATUS,LINEAR_RIDGE_NET_RETURN,20250722,STRESS_PREVALENCE_SEEN_NOT_BLIND,False,0,,,,,,,,,,
DAILY_STATUS,LINEAR_RIDGE_NET_RETURN,20250723,STRESS_PREVALENCE_SEEN_NOT_BLIND,True,1,,,,,,,,,,
DAILY_STATUS,LINEAR_RIDGE_NET_RETURN,20250724,STRESS_PREVALENCE_SEEN_NOT_BLIND,True,1,,,,,,,,,,
DAILY_STATUS,LINEAR_RIDGE_NET_RETURN,20250725,STRESS_PREVALENCE_SEEN_NOT_BLIND,False,0,,,,,,,,,,
DAILY_STATUS,LINEAR_RIDGE_NET_RETURN,20250728,STRESS_PREVALENCE_SEEN_NOT_BLIND,False,0,,,,,,,,,,
DAILY_STATUS,LINEAR_RIDGE_NET_RETURN,20250729,STRESS_PREVALENCE_SEEN_NOT_BLIND,False,0,,,,,,,,,,
DAILY_STATUS,LINEAR_RIDGE_NET_RETURN,20250730,STRESS_PREVALENCE_SEEN_NOT_BLIND,False,0,,,,,,,,,,
DAILY_STATUS,LINEAR_RIDGE_NET_RETURN,20250731,STRESS_PREVALENCE_SEEN_NOT_BLIND,False,0,,,,,,,,,,
DAILY_STATUS,LINEAR_RIDGE_NET_RETURN,20250801,STRESS_PREVALENCE_SEEN_NOT_BLIND,True,1,,,,,,,,,,
DAILY_STATUS,LINEAR_RIDGE_NET_RETURN,20250804,STRESS_PREVALENCE_SEEN_NOT_BLIND,False,0,,,,,,,,,,
DAILY_STATUS,LINEAR_RIDGE_NET_RETURN,20250805,STRESS_PREVALENCE_SEEN_NOT_BLIND,False,0,,,,,,,,,,
DAILY_STATUS,LINEAR_RIDGE_NET_RETURN,20250806,STRESS_PREVALENCE_SEEN_NOT_BLIND,False,0,,,,,,,,,,
DAILY_STATUS,LINEAR_RIDGE_NET_RETURN,20250807,STRESS_PREVALENCE_SEEN_NOT_BLIND,False,0,,,,,,,,,,
DAILY_STATUS,LINEAR_RIDGE_NET_RETURN,20250808,STRESS_PREVALENCE_SEEN_NOT_BLIND,False,0,,,,,,,,,,
DAILY_STATUS,LINEAR_RIDGE_NET_RETURN,20250811,STRESS_PREVALENCE_SEEN_NOT_BLIND,False,0,,,,,,,,,,
DAILY_STATUS,LINEAR_RIDGE_NET_RETURN,20250812,STRESS_PREVALENCE_SEEN_NOT_BLIND,False,0,,,,,,,,,,
DAILY_STATUS,LINEAR_RIDGE_NET_RETURN,20250813,STRESS_PREVALENCE_SEEN_NOT_BLIND,False,0,,,,,,,,,,
DAILY_STATUS,LINEAR_RIDGE_NET_RETURN,20250814,STRESS_PREVALENCE_SEEN_NOT_BLIND,False,0,,,,,,,,,,
DAILY_STATUS,LINEAR_RIDGE_NET_RETURN,20250815,STRESS_PREVALENCE_SEEN_NOT_BLIND,False,0,,,,,,,,,,
DAILY_STATUS,LINEAR_RIDGE_NET_RETURN,20250818,STRESS_PREVALENCE_SEEN_NOT_BLIND,False,0,,,,,,,,,,
DAILY_STATUS,LINEAR_RIDGE_NET_RETURN,20250819,STRESS_PREVALENCE_SEEN_NOT_BLIND,False,0,,,,,,,,,,
DAILY_STATUS,LINEAR_RIDGE_NET_RETURN,20250820,STRESS_PREVALENCE_SEEN_NOT_BLIND,False,0,,,,,,,,,,
DAILY_STATUS,LINEAR_RIDGE_NET_RETURN,20250821,STRESS_PREVALENCE_SEEN_NOT_BLIND,False,0,,,,,,,,,,
DAILY_STATUS,LINEAR_RIDGE_NET_RETURN,20250822,STRESS_PREVALENCE_SEEN_NOT_BLIND,False,0,,,,,,,,,,
DAILY_STATUS,LINEAR_RIDGE_NET_RETURN,20250825,STRESS_PREVALENCE_SEEN_NOT_BLIND,False,0,,,,,,,,,,
DAILY_STATUS,LINEAR_RIDGE_NET_RETURN,20250826,STRESS_PREVALENCE_SEEN_NOT_BLIND,True,1,,,,,,,,,,
DAILY_STATUS,LINEAR_RIDGE_NET_RETURN,20250827,STRESS_PREVALENCE_SEEN_NOT_BLIND,False,0,,,,,,,,,,
DAILY_STATUS,LINEAR_RIDGE_NET_RETURN,20250828,STRESS_PREVALENCE_SEEN_NOT_BLIND,False,0,,,,,,,,,,
DAILY_STATUS,LINEAR_RIDGE_NET_RETURN,20250829,STRESS_PREVALENCE_SEEN_NOT_BLIND,False,0,,,,,,,,,,
DAILY_STATUS,LINEAR_RIDGE_NET_RETURN,20250901,STRESS_PREVALENCE_SEEN_NOT_BLIND,False,0,,,,,,,,,,
DAILY_STATUS,LINEAR_RIDGE_NET_RETURN,20250902,STRESS_PREVALENCE_SEEN_NOT_BLIND,False,0,,,,,,,,,,
DAILY_STATUS,LINEAR_RIDGE_NET_RETURN,20250903,STRESS_PREVALENCE_SEEN_NOT_BLIND,True,1,,,,,,,,,,
DAILY_STATUS,LINEAR_RIDGE_NET_RETURN,20250904,STRESS_PREVALENCE_SEEN_NOT_BLIND,False,0,,,,,,,,,,
DAILY_STATUS,LINEAR_RIDGE_NET_RETURN,20250905,STRESS_PREVALENCE_SEEN_NOT_BLIND,True,1,,,,,,,,,,
DAILY_STATUS,LINEAR_RIDGE_NET_RETURN,20250908,STRESS_PREVALENCE_SEEN_NOT_BLIND,False,0,,,,,,,,,,
DAILY_STATUS,LINEAR_RIDGE_NET_RETURN,20250909,STRESS_PREVALENCE_SEEN_NOT_BLIND,False,0,,,,,,,,,,
DAILY_STATUS,LINEAR_RIDGE_NET_RETURN,20250910,STRESS_PREVALENCE_SEEN_NOT_BLIND,False,0,,,,,,,,,,
DAILY_STATUS,LINEAR_RIDGE_NET_RETURN,20250911,STRESS_PREVALENCE_SEEN_NOT_BLIND,False,0,,,,,,,,,,
DAILY_STATUS,LINEAR_RIDGE_NET_RETURN,20250912,STRESS_PREVALENCE_SEEN_NOT_BLIND,False,0,,,,,,,,,,
DAILY_STATUS,LINEAR_RIDGE_NET_RETURN,20250915,STRESS_PREVALENCE_SEEN_NOT_BLIND,False,0,,,,,,,,,,
DAILY_STATUS,LINEAR_RIDGE_NET_RETURN,20250916,STRESS_PREVALENCE_SEEN_NOT_BLIND,False,0,,,,,,,,,,
DAILY_STATUS,LINEAR_RIDGE_NET_RETURN,20250917,STRESS_PREVALENCE_SEEN_NOT_BLIND,False,0,,,,,,,,,,
DAILY_STATUS,LINEAR_RIDGE_NET_RETURN,20250918,STRESS_PREVALENCE_SEEN_NOT_BLIND,False,0,,,,,,,,,,
DAILY_STATUS,LINEAR_RIDGE_NET_RETURN,20250919,STRESS_PREVALENCE_SEEN_NOT_BLIND,False,0,,,,,,,,,,
DAILY_STATUS,LINEAR_RIDGE_NET_RETURN,20250922,STRESS_PREVALENCE_SEEN_NOT_BLIND,False,0,,,,,,,,,,
DAILY_STATUS,LINEAR_RIDGE_NET_RETURN,20250923,STRESS_PREVALENCE_SEEN_NOT_BLIND,False,0,,,,,,,,,,
DAILY_STATUS,LINEAR_RIDGE_NET_RETURN,20250924,STRESS_PREVALENCE_SEEN_NOT_BLIND,False,0,,,,,,,,,,
DAILY_STATUS,LINEAR_RIDGE_NET_RETURN,20250925,STRESS_PREVALENCE_SEEN_NOT_BLIND,True,1,,,,,,,,,,
DAILY_STATUS,LINEAR_RIDGE_NET_RETURN,20250926,STRESS_PREVALENCE_SEEN_NOT_BLIND,False,0,,,,,,,,,,
DAILY_STATUS,LINEAR_RIDGE_NET_RETURN,20250930,STRESS_PREVALENCE_SEEN_NOT_BLIND,True,3,,,,,,,,,,
DAILY_STATUS,LINEAR_RIDGE_NET_RETURN,20251001,STRESS_PREVALENCE_SEEN_NOT_BLIND,False,0,,,,,,,,,,
DAILY_STATUS,LINEAR_RIDGE_NET_RETURN,20251002,STRESS_PREVALENCE_SEEN_NOT_BLIND,True,1,,,,,,,,,,
DAILY_STATUS,LINEAR_RIDGE_NET_RETURN,20251003,STRESS_PREVALENCE_SEEN_NOT_BLIND,False,0,,,,,,,,,,
DAILY_STATUS,LINEAR_RIDGE_NET_RETURN,20251007,STRESS_PREVALENCE_SEEN_NOT_BLIND,False,0,,,,,,,,,,
DAILY_STATUS,LINEAR_RIDGE_NET_RETURN,20251008,STRESS_PREVALENCE_SEEN_NOT_BLIND,False,0,,,,,,,,,,
DAILY_STATUS,LINEAR_RIDGE_NET_RETURN,20251009,STRESS_PREVALENCE_SEEN_NOT_BLIND,False,0,,,,,,,,,,
DAILY_STATUS,LINEAR_RIDGE_NET_RETURN,20251013,STRESS_PREVALENCE_SEEN_NOT_BLIND,True,1,,,,,,,,,,
DAILY_STATUS,LINEAR_RIDGE_NET_RETURN,20251014,STRESS_PREVALENCE_SEEN_NOT_BLIND,False,0,,,,,,,,,,
DAILY_STATUS,LINEAR_RIDGE_NET_RETURN,20251015,STRESS_PREVALENCE_SEEN_NOT_BLIND,False,0,,,,,,,,,,
DAILY_STATUS,LINEAR_RIDGE_NET_RETURN,20251016,STRESS_PREVALENCE_SEEN_NOT_BLIND,False,0,,,,,,,,,,
DAILY_STATUS,LINEAR_RIDGE_NET_RETURN,20251017,STRESS_PREVALENCE_SEEN_NOT_BLIND,False,0,,,,,,,,,,
DAILY_STATUS,LINEAR_RIDGE_NET_RETURN,20251020,STRESS_PREVALENCE_SEEN_NOT_BLIND,False,0,,,,,,,,,,
DAILY_STATUS,LINEAR_RIDGE_NET_RETURN,20251021,STRESS_PREVALENCE_SEEN_NOT_BLIND,False,0,,,,,,,,,,
DAILY_STATUS,LINEAR_RIDGE_NET_RETURN,20251022,STRESS_PREVALENCE_SEEN_NOT_BLIND,False,0,,,,,,,,,,
DAILY_STATUS,LINEAR_RIDGE_NET_RETURN,20251023,STRESS_PREVALENCE_SEEN_NOT_BLIND,False,0,,,,,,,,,,
DAILY_STATUS,LINEAR_RIDGE_NET_RETURN,20251027,STRESS_PREVALENCE_SEEN_NOT_BLIND,True,2,,,,,,,,,,
DAILY_STATUS,LINEAR_RIDGE_NET_RETURN,20251028,STRESS_PREVALENCE_SEEN_NOT_BLIND,False,0,,,,,,,,,,
DAILY_STATUS,LINEAR_RIDGE_NET_RETURN,20251029,STRESS_PREVALENCE_SEEN_NOT_BLIND,True,1,,,,,,,,,,
DAILY_STATUS,LINEAR_RIDGE_NET_RETURN,20251030,STRESS_PREVALENCE_SEEN_NOT_BLIND,False,0,,,,,,,,,,
DAILY_STATUS,LINEAR_RIDGE_NET_RETURN,20251031,STRESS_PREVALENCE_SEEN_NOT_BLIND,False,0,,,,,,,,,,
DAILY_STATUS,LINEAR_RIDGE_NET_RETURN,20251103,STRESS_PREVALENCE_SEEN_NOT_BLIND,False,0,,,,,,,,,,
DAILY_STATUS,LINEAR_RIDGE_NET_RETURN,20251104,STRESS_PREVALENCE_SEEN_NOT_BLIND,False,0,,,,,,,,,,
DAILY_STATUS,LINEAR_RIDGE_NET_RETURN,20251105,STRESS_PREVALENCE_SEEN_NOT_BLIND,False,0,,,,,,,,,,
DAILY_STATUS,LINEAR_RIDGE_NET_RETURN,20251106,STRESS_PREVALENCE_SEEN_NOT_BLIND,True,1,,,,,,,,,,
DAILY_STATUS,LINEAR_RIDGE_NET_RETURN,20251107,STRESS_PREVALENCE_SEEN_NOT_BLIND,False,0,,,,,,,,,,
DAILY_STATUS,LINEAR_RIDGE_NET_RETURN,20251110,STRESS_PREVALENCE_SEEN_NOT_BLIND,False,0,,,,,,,,,,
DAILY_STATUS,LINEAR_RIDGE_NET_RETURN,20251111,STRESS_PREVALENCE_SEEN_NOT_BLIND,False,0,,,,,,,,,,
DAILY_STATUS,LINEAR_RIDGE_NET_RETURN,20251112,STRESS_PREVALENCE_SEEN_NOT_BLIND,False,0,,,,,,,,,,
DAILY_STATUS,LINEAR_RIDGE_NET_RETURN,20251113,STRESS_PREVALENCE_SEEN_NOT_BLIND,False,0,,,,,,,,,,
DAILY_STATUS,LINEAR_RIDGE_NET_RETURN,20251114,STRESS_PREVALENCE_SEEN_NOT_BLIND,False,0,,,,,,,,,,
DAILY_STATUS,LINEAR_RIDGE_NET_RETURN,20251117,STRESS_PREVALENCE_SEEN_NOT_BLIND,False,0,,,,,,,,,,
DAILY_STATUS,LINEAR_RIDGE_NET_RETURN,20251118,STRESS_PREVALENCE_SEEN_NOT_BLIND,False,0,,,,,,,,,,
DAILY_STATUS,LINEAR_RIDGE_NET_RETURN,20251119,STRESS_PREVALENCE_SEEN_NOT_BLIND,False,0,,,,,,,,,,
DAILY_STATUS,LINEAR_RIDGE_NET_RETURN,20251120,STRESS_PREVALENCE_SEEN_NOT_BLIND,True,2,,,,,,,,,,
DAILY_STATUS,LINEAR_RIDGE_NET_RETURN,20251121,STRESS_PREVALENCE_SEEN_NOT_BLIND,False,0,,,,,,,,,,
DAILY_STATUS,LINEAR_RIDGE_NET_RETURN,20251124,STRESS_PREVALENCE_SEEN_NOT_BLIND,False,0,,,,,,,,,,
DAILY_STATUS,LINEAR_RIDGE_NET_RETURN,20251125,STRESS_PREVALENCE_SEEN_NOT_BLIND,False,0,,,,,,,,,,
DAILY_STATUS,LINEAR_RIDGE_NET_RETURN,20251126,STRESS_PREVALENCE_SEEN_NOT_BLIND,False,0,,,,,,,,,,
DAILY_STATUS,LINEAR_RIDGE_NET_RETURN,20251127,STRESS_PREVALENCE_SEEN_NOT_BLIND,True,2,,,,,,,,,,
DAILY_STATUS,LINEAR_RIDGE_NET_RETURN,20251128,STRESS_PREVALENCE_SEEN_NOT_BLIND,False,0,,,,,,,,,,
DAILY_STATUS,LINEAR_RIDGE_NET_RETURN,20251201,STRESS_PREVALENCE_SEEN_NOT_BLIND,False,0,,,,,,,,,,
DAILY_STATUS,LINEAR_RIDGE_NET_RETURN,20251202,STRESS_PREVALENCE_SEEN_NOT_BLIND,False,0,,,,,,,,,,
DAILY_STATUS,LINEAR_RIDGE_NET_RETURN,20251203,STRESS_PREVALENCE_SEEN_NOT_BLIND,False,0,,,,,,,,,,
DAILY_STATUS,LINEAR_RIDGE_NET_RETURN,20251204,STRESS_PREVALENCE_SEEN_NOT_BLIND,True,1,,,,,,,,,,
DAILY_STATUS,LINEAR_RIDGE_NET_RETURN,20251205,STRESS_PREVALENCE_SEEN_NOT_BLIND,True,1,,,,,,,,,,
DAILY_STATUS,LINEAR_RIDGE_NET_RETURN,20251208,STRESS_PREVALENCE_SEEN_NOT_BLIND,False,0,,,,,,,,,,
DAILY_STATUS,LINEAR_RIDGE_NET_RETURN,20251209,STRESS_PREVALENCE_SEEN_NOT_BLIND,False,0,,,,,,,,,,
DAILY_STATUS,LINEAR_RIDGE_NET_RETURN,20251210,STRESS_PREVALENCE_SEEN_NOT_BLIND,False,0,,,,,,,,,,
DAILY_STATUS,LINEAR_RIDGE_NET_RETURN,20251211,STRESS_PREVALENCE_SEEN_NOT_BLIND,False,0,,,,,,,,,,
DAILY_STATUS,LINEAR_RIDGE_NET_RETURN,20251212,STRESS_PREVALENCE_SEEN_NOT_BLIND,False,0,,,,,,,,,,
DAILY_STATUS,LINEAR_RIDGE_NET_RETURN,20251215,STRESS_PREVALENCE_SEEN_NOT_BLIND,True,1,,,,,,,,,,
DAILY_STATUS,LINEAR_RIDGE_NET_RETURN,20251216,STRESS_PREVALENCE_SEEN_NOT_BLIND,False,0,,,,,,,,,,
DAILY_STATUS,LINEAR_RIDGE_NET_RETURN,20251217,STRESS_PREVALENCE_SEEN_NOT_BLIND,False,0,,,,,,,,,,
DAILY_STATUS,LINEAR_RIDGE_NET_RETURN,20251218,STRESS_PREVALENCE_SEEN_NOT_BLIND,False,0,,,,,,,,,,
DAILY_STATUS,LINEAR_RIDGE_NET_RETURN,20251219,STRESS_PREVALENCE_SEEN_NOT_BLIND,False,0,,,,,,,,,,
DAILY_STATUS,LINEAR_RIDGE_NET_RETURN,20251222,STRESS_PREVALENCE_SEEN_NOT_BLIND,False,0,,,,,,,,,,
DAILY_STATUS,LINEAR_RIDGE_NET_RETURN,20251223,STRESS_PREVALENCE_SEEN_NOT_BLIND,False,0,,,,,,,,,,
DAILY_STATUS,LINEAR_RIDGE_NET_RETURN,20251224,STRESS_PREVALENCE_SEEN_NOT_BLIND,False,0,,,,,,,,,,
DAILY_STATUS,LINEAR_RIDGE_NET_RETURN,20251226,STRESS_PREVALENCE_SEEN_NOT_BLIND,False,0,,,,,,,,,,
DAILY_STATUS,LINEAR_RIDGE_NET_RETURN,20251229,STRESS_PREVALENCE_SEEN_NOT_BLIND,False,0,,,,,,,,,,
DAILY_STATUS,LINEAR_RIDGE_NET_RETURN,20251230,STRESS_PREVALENCE_SEEN_NOT_BLIND,False,0,,,,,,,,,,
DAILY_STATUS,LINEAR_RIDGE_NET_RETURN,20251231,STRESS_PREVALENCE_SEEN_NOT_BLIND,True,1,,,,,,,,,,
SIGNAL_DETAIL,LINEAR_RIDGE_NET_RETURN,20200211,HISTORICAL_DISCOVERY,True,1,3680,-0.01004275308984608,256,0.20062695443630219,False,False,False,True,False,0.04547259335546184
SIGNAL_DETAIL,LINEAR_RIDGE_NET_RETURN,20200211,HISTORICAL_DISCOVERY,True,1,8088,-0.014286836768258909,313,0.021943572908639908,False,False,False,True,False,-0.007493735466645365
SIGNAL_DETAIL,LINEAR_RIDGE_NET_RETURN,20200224,HISTORICAL_DISCOVERY,True,1,2492,-0.012651141561867883,301,0.09365558624267578,False,False,False,True,False,-0.11948350080575745
SIGNAL_DETAIL,LINEAR_RIDGE_NET_RETURN,20200225,HISTORICAL_DISCOVERY,True,1,3081,-0.009194750247498936,232,0.3042168617248535,False,False,False,True,True,0.09812511474588294
SIGNAL_DETAIL,LINEAR_RIDGE_NET_RETURN,20200406,HISTORICAL_DISCOVERY,True,1,6547,-0.012836645626107007,316,0.05970149114727974,False,False,False,True,False,-0.05873183345068055
SIGNAL_DETAIL,LINEAR_RIDGE_NET_RETURN,20200415,HISTORICAL_DISCOVERY,True,1,3131,-0.009864512114356197,238,0.27076923847198486,False,False,False,True,False,0.057261644478684086
SIGNAL_DETAIL,LINEAR_RIDGE_NET_RETURN,20200528,HISTORICAL_DISCOVERY,True,1,4736,-0.009071526142704131,258,0.3638613820075989,False,False,False,True,True,0.09363001617227697
SIGNAL_DETAIL,LINEAR_RIDGE_NET_RETURN,20200529,HISTORICAL_DISCOVERY,True,1,3017,-0.008400690753643131,228,0.4422604441642761,False,False,False,True,False,-0.017060788670047233
SIGNAL_DETAIL,LINEAR_RIDGE_NET_RETURN,20200703,HISTORICAL_DISCOVERY,True,1,4760,-0.014288535087992205,425,0.027522936463356018,False,False,False,True,False,-0.06716592869144744
SIGNAL_DETAIL,LINEAR_RIDGE_NET_RETURN,20200730,HISTORICAL_DISCOVERY,True,1,2417,-0.012660889230647227,425,0.06813187152147293,False,False,False,True,True,0.07866519603725843
SIGNAL_DETAIL,LINEAR_RIDGE_NET_RETURN,20200730,HISTORICAL_DISCOVERY,True,1,2481,-0.006580646903393538,178,0.6109890341758728,False,False,False,True,True,0.09111480751137806
SIGNAL_DETAIL,LINEAR_RIDGE_NET_RETURN,20200730,HISTORICAL_DISCOVERY,True,1,3152,-0.007456432449297442,223,0.5120879411697388,False,False,False,True,False,-0.0699414830425924
SIGNAL_DETAIL,LINEAR_RIDGE_NET_RETURN,20200730,HISTORICAL_DISCOVERY,True,1,3231,-0.007149103703476479,205,0.5516483783721924,False,False,False,True,False,-0.0014863139082607457
SIGNAL_DETAIL,LINEAR_RIDGE_NET_RETURN,20200812,HISTORICAL_DISCOVERY,True,1,8039,-0.00969002042629652,322,0.23205742239952087,False,False,False,True,False,-0.00016225219977765136
SIGNAL_DETAIL,LINEAR_RIDGE_NET_RETURN,20200817,HISTORICAL_DISCOVERY,True,1,5203,-0.007392444264854633,196,0.5323740839958191,False,False,False,True,False,-0.06150094855082724
SIGNAL_DETAIL,LINEAR_RIDGE_NET_RETURN,20200824,HISTORICAL_DISCOVERY,True,1,6150,-0.008706164528335275,268,0.37616822123527527,False,False,False,True,True,0.13360137109450618
SIGNAL_DETAIL,LINEAR_RIDGE_NET_RETURN,20200831,HISTORICAL_DISCOVERY,True,1,6271,-0.008067197028861906,254,0.41025641560554504,False,False,False,True,False,-0.005798856802518544
SIGNAL_DETAIL,LINEAR_RIDGE_NET_RETURN,20200901,HISTORICAL_DISCOVERY,True,1,6643,-0.005806179297068922,120,0.7245370149612427,False,False,False,True,False,-0.007393689979863531
SIGNAL_DETAIL,LINEAR_RIDGE_NET_RETURN,20200903,HISTORICAL_DISCOVERY,True,1,2379,-0.009333625915431475,328,0.2700892984867096,False,False,False,True,False,-0.057968259279255946
SIGNAL_DETAIL,LINEAR_RIDGE_NET_RETURN,20200909,HISTORICAL_DISCOVERY,True,1,6548,-0.010746856383563139,387,0.1383928507566452,False,False,False,True,False,-0.06791475828193617
SIGNAL_DETAIL,LINEAR_RIDGE_NET_RETURN,20201014,HISTORICAL_DISCOVERY,True,1,6104,-0.014668771564488307,362,0.03989361599087715,False,False,False,True,False,-0.04587340280768447
SIGNAL_DETAIL,LINEAR_RIDGE_NET_RETURN,20201228,HISTORICAL_DISCOVERY,True,1,2363,-0.013296640200832738,489,0.035573121160268784,False,False,False,True,False,-0.07389182982742552
SIGNAL_DETAIL,LINEAR_RIDGE_NET_RETURN,20210108,HISTORICAL_DISCOVERY,True,1,6104,-0.00810831488680007,286,0.4444444477558136,False,False,False,True,False,-0.06909627694173945
SIGNAL_DETAIL,LINEAR_RIDGE_NET_RETURN,20210127,HISTORICAL_DISCOVERY,True,1,8183,-0.00907505817744721,356,0.3133462369441986,False,False,False,True,False,-0.11066303920967807
SIGNAL_DETAIL,LINEAR_RIDGE_NET_RETURN,20210202,HISTORICAL_DISCOVERY,True,1,1309,-0.0064461973312287075,188,0.6333333253860474,False,False,False,True,True,0.10752878116120983
SIGNAL_DETAIL,LINEAR_RIDGE_NET_RETURN,20210202,HISTORICAL_DISCOVERY,True,1,4967,-0.009122151176270167,357,0.3019607961177826,False,False,False,True,True,0.07556312722871754
SIGNAL_DETAIL,LINEAR_RIDGE_NET_RETURN,20210203,HISTORICAL_DISCOVERY,True,1,6509,-0.0041662179798629805,67,0.8677354454994202,False,False,False,True,True,0.10090014948508065
SIGNAL_DETAIL,LINEAR_RIDGE_NET_RETURN,20210318,HISTORICAL_DISCOVERY,True,1,5014,-0.010730575188340115,414,0.22368420660495758,False,False,False,True,False,-0.06520350303084697
SIGNAL_DETAIL,LINEAR_RIDGE_NET_RETURN,20210323,HISTORICAL_DISCOVERY,True,1,6576,-0.010164185909913019,415,0.24452555179595947,False,False,False,True,False,-0.05616836845044327
SIGNAL_DETAIL,LINEAR_RIDGE_NET_RETURN,20210426,HISTORICAL_DISCOVERY,True,1,3305,-0.010653621804657655,548,0.2174535095691681,False,False,False,True,False,-0.11033689721641626
SIGNAL_DETAIL,LINEAR_RIDGE_NET_RETURN,20210426,HISTORICAL_DISCOVERY,True,1,8104,-0.009344545124649604,461,0.3419170379638672,False,False,False,True,False,-0.09217498138145845
SIGNAL_DETAIL,LINEAR_RIDGE_NET_RETURN,20210507,HISTORICAL_DISCOVERY,True,1,4128,-0.015276209611190729,705,0.009845288470387459,False,False,False,True,False,-0.06212898933348932
SIGNAL_DETAIL,LINEAR_RIDGE_NET_RETURN,20210521,HISTORICAL_DISCOVERY,True,1,6274,-0.0016278757296832192,13,0.9812206625938416,False,False,True,True,True,0.07620139878913876
SIGNAL_DETAIL,LINEAR_RIDGE_NET_RETURN,20210524,HISTORICAL_DISCOVERY,True,1,2421,-0.002387135907677875,21,0.9679999947547913,False,False,False,True,False,0.02654578559107993
SIGNAL_DETAIL,LINEAR_RIDGE_NET_RETURN,20210524,HISTORICAL_DISCOVERY,True,1,3680,-0.005666269788218202,195,0.6895999908447266,False,False,False,True,True,0.09877853037584877
SIGNAL_DETAIL,LINEAR_RIDGE_NET_RETURN,20210524,HISTORICAL_DISCOVERY,True,1,4935,-0.005433309589646666,177,0.7184000015258789,False,False,False,True,True,0.09494899080729431
SIGNAL_DETAIL,LINEAR_RIDGE_NET_RETURN,20210525,HISTORICAL_DISCOVERY,True,1,2376,-0.011822720050260551,562,0.0833333358168602,False,False,False,True,False,-0.05616836845044327
SIGNAL_DETAIL,LINEAR_RIDGE_NET_RETURN,20210610,HISTORICAL_DISCOVERY,True,1,8299,-0.012817798810271062,477,0.06666667014360428,False,False,False,True,False,-0.06232927981129731
SIGNAL_DETAIL,LINEAR_RIDGE_NET_RETURN,20210714,HISTORICAL_DISCOVERY,True,1,2383,-0.00808115837597185,323,0.4350877106189728,False,False,False,True,False,-0.016482248028304274
SIGNAL_DETAIL,LINEAR_RIDGE_NET_RETURN,20210726,HISTORICAL_DISCOVERY,True,1,3060,-0.010785953394995308,502,0.1593959778547287,False,False,False,True,False,-0.06707448577944991
SIGNAL_DETAIL,LINEAR_RIDGE_NET_RETURN,20210726,HISTORICAL_DISCOVERY,True,1,3511,-0.011911484402308176,539,0.09731543809175491,False,False,False,True,False,-0.08011288530583847
SIGNAL_DETAIL,LINEAR_RIDGE_NET_RETURN,20210729,HISTORICAL_DISCOVERY,True,1,3003,-0.010171270559030445,480,0.20431894063949585,False,False,False,True,False,-0.01223388589321848
SIGNAL_DETAIL,LINEAR_RIDGE_NET_RETURN,20210729,HISTORICAL_DISCOVERY,True,1,8183,-0.009878845906239948,461,0.23588040471076965,False,False,False,True,False,-0.07430160971436438
SIGNAL_DETAIL,LINEAR_RIDGE_NET_RETURN,20210804,HISTORICAL_DISCOVERY,True,1,2337,-0.005989657180003565,184,0.6887755393981934,False,False,False,True,False,-0.06749313712568995
SIGNAL_DETAIL,LINEAR_RIDGE_NET_RETURN,20210806,HISTORICAL_DISCOVERY,True,1,8415,-0.008328380588183073,337,0.41868510842323303,False,False,False,True,False,-0.08168475894060152
SIGNAL_DETAIL,LINEAR_RIDGE_NET_RETURN,20210818,HISTORICAL_DISCOVERY,True,1,6271,-0.007875444733882579,296,0.45970696210861206,False,False,False,True,True,0.11598803283750894
SIGNAL_DETAIL,LINEAR_RIDGE_NET_RETURN,20210901,HISTORICAL_DISCOVERY,True,1,3169,-0.007298709402360143,229,0.5240083336830139,False,False,False,True,False,-0.07230443432770634
SIGNAL_DETAIL,LINEAR_RIDGE_NET_RETURN,20210901,HISTORICAL_DISCOVERY,True,1,3552,-0.011259643623352834,411,0.14405010640621185,False,False,False,True,False,-0.09004161074530555
SIGNAL_DETAIL,LINEAR_RIDGE_NET_RETURN,20210901,HISTORICAL_DISCOVERY,True,1,6129,-0.010160064723572945,376,0.2171189934015274,False,False,False,True,False,-0.0897814741963319
SIGNAL_DETAIL,LINEAR_RIDGE_NET_RETURN,20210901,HISTORICAL_DISCOVERY,True,1,6269,-0.00794040887965672,271,0.43632566928863525,False,False,False,True,False,-0.05964336131285862
SIGNAL_DETAIL,LINEAR_RIDGE_NET_RETURN,20210901,HISTORICAL_DISCOVERY,True,1,6278,-0.008031406039415807,277,0.4237995743751526,False,False,False,True,False,-0.06401395843058612
SIGNAL_DETAIL,LINEAR_RIDGE_NET_RETURN,20210910,HISTORICAL_DISCOVERY,True,1,2376,-0.008265951217217491,258,0.4388646185398102,False,False,False,True,False,-0.02214401024324252
SIGNAL_DETAIL,LINEAR_RIDGE_NET_RETURN,20210910,HISTORICAL_DISCOVERY,True,1,6233,-0.012576689644452136,428,0.06768558919429779,False,False,False,True,False,-0.05904164793413981
SIGNAL_DETAIL,LINEAR_RIDGE_NET_RETURN,20210917,HISTORICAL_DISCOVERY,True,1,3169,-0.009907464411009205,316,0.2691415250301361,False,False,False,True,False,-0.1078582462091764
SIGNAL_DETAIL,LINEAR_RIDGE_NET_RETURN,20210917,HISTORICAL_DISCOVERY,True,1,3324,-0.008014058638481411,225,0.4802784323692322,False,False,False,True,True,0.0763018628618475
SIGNAL_DETAIL,LINEAR_RIDGE_NET_RETURN,20210917,HISTORICAL_DISCOVERY,True,1,8016,-0.004567346495160041,95,0.781902551651001,False,False,False,True,False,-0.08640404924634001
SIGNAL_DETAIL,LINEAR_RIDGE_NET_RETURN,20210927,HISTORICAL_DISCOVERY,True,1,1708,-0.007414171428752654,208,0.5337837934494019,False,False,False,True,True,0.08368869820941471
SIGNAL_DETAIL,LINEAR_RIDGE_NET_RETURN,20211015,HISTORICAL_DISCOVERY,True,1,2484,-0.007995134846395892,235,0.44285714626312256,False,False,False,True,True,0.10167324897810621
SIGNAL_DETAIL,LINEAR_RIDGE_NET_RETURN,20211015,HISTORICAL_DISCOVERY,True,1,8086,-0.00869891713167871,264,0.3738095164299011,False,False,False,True,True,0.14687303762820866
SIGNAL_DETAIL,LINEAR_RIDGE_NET_RETURN,20211019,HISTORICAL_DISCOVERY,True,1,3014,-0.011683706726175346,366,0.13711583614349365,False,False,False,True,False,0.008830844250075078
SIGNAL_DETAIL,LINEAR_RIDGE_NET_RETURN,20211019,HISTORICAL_DISCOVERY,True,1,3162,-0.007821365926553386,228,0.46335697174072266,False,False,False,True,False,0.03744191082643687
SIGNAL_DETAIL,LINEAR_RIDGE_NET_RETURN,20211019,HISTORICAL_DISCOVERY,True,1,4952,-0.012734565775338512,387,0.08747044950723648,False,False,False,True,False,0.006448542863298531
SIGNAL_DETAIL,LINEAR_RIDGE_NET_RETURN,20211028,HISTORICAL_DISCOVERY,True,1,2308,-0.01009036458605523,311,0.2671394944190979,False,False,False,True,False,0.025920677864624986
SIGNAL_DETAIL,LINEAR_RIDGE_NET_RETURN,20211117,HISTORICAL_DISCOVERY,True,1,2374,-0.008935993609144858,288,0.39958158135414124,False,False,False,True,True,0.07789260433950364
SIGNAL_DETAIL,LINEAR_RIDGE_NET_RETURN,20211118,HISTORICAL_DISCOVERY,True,1,3323,-0.006457375426315919,183,0.6239669322967529,False,False,False,True,False,-0.07581549121367995
SIGNAL_DETAIL,LINEAR_RIDGE_NET_RETURN,20211130,HISTORICAL_DISCOVERY,True,1,2406,-0.011671652009358918,431,0.1451292186975479,False,False,False,True,True,0.07950301905420773
SIGNAL_DETAIL,LINEAR_RIDGE_NET_RETURN,20211208,HISTORICAL_DISCOVERY,True,1,6279,-0.005533025177695355,156,0.6990291476249695,False,False,False,True,False,0.023472461043885243
SIGNAL_DETAIL,LINEAR_RIDGE_NET_RETURN,20211215,HISTORICAL_DISCOVERY,True,1,2610,-0.007255028976803158,232,0.5505836606025696,False,False,False,True,False,-0.05791428398624498
SIGNAL_DETAIL,LINEAR_RIDGE_NET_RETURN,20211229,HISTORICAL_DISCOVERY,True,1,3338,-0.006733096896802816,193,0.6152304410934448,False,False,False,True,False,-0.03315878635372593
SIGNAL_DETAIL,LINEAR_RIDGE_NET_RETURN,20220215,HISTORICAL_DISCOVERY,True,1,3680,-0.0068543400999218395,188,0.593478262424469,False,False,False,True,False,-0.056145618405285896
SIGNAL_DETAIL,LINEAR_RIDGE_NET_RETURN,20220216,HISTORICAL_DISCOVERY,True,1,2375,-0.009821781324472749,330,0.265625,False,False,False,True,False,-0.06371189026578909
SIGNAL_DETAIL,LINEAR_RIDGE_NET_RETURN,20220216,HISTORICAL_DISCOVERY,True,1,6235,-0.01174590524189228,396,0.1183035746216774,False,False,False,True,False,-0.08837990442222661
SIGNAL_DETAIL,LINEAR_RIDGE_NET_RETURN,20220216,HISTORICAL_DISCOVERY,True,1,6491,-0.010402760562601336,351,0.21875,False,False,False,True,False,0.03052204763502628
SIGNAL_DETAIL,LINEAR_RIDGE_NET_RETURN,20220216,HISTORICAL_DISCOVERY,True,1,8121,-0.013585391676361459,435,0.03125,False,False,False,True,False,-0.08659521668581842
SIGNAL_DETAIL,LINEAR_RIDGE_NET_RETURN,20220218,HISTORICAL_DISCOVERY,True,1,2316,-0.007311405820942654,211,0.5280898809432983,False,False,False,True,False,-0.061346076874234295
SIGNAL_DETAIL,LINEAR_RIDGE_NET_RETURN,20220223,HISTORICAL_DISCOVERY,True,1,3701,-0.01273162931403601,417,0.06094808131456375,False,False,False,True,False,-0.1074960513380835
SIGNAL_DETAIL,LINEAR_RIDGE_NET_RETURN,20220223,HISTORICAL_DISCOVERY,True,1,6667,-0.011762104052640544,394,0.11286681890487671,False,False,False,True,False,-0.057084792146837295
SIGNAL_DETAIL,LINEAR_RIDGE_NET_RETURN,20220301,HISTORICAL_DISCOVERY,True,1,8091,-0.006510518728450012,185,0.5973742008209229,False,False,False,True,False,0.013948588692205709
SIGNAL_DETAIL,LINEAR_RIDGE_NET_RETURN,20220310,HISTORICAL_DISCOVERY,True,1,2314,-0.010245296935882884,359,0.24631579220294952,False,False,False,True,False,-0.07729179754012128
SIGNAL_DETAIL,LINEAR_RIDGE_NET_RETURN,20220310,HISTORICAL_DISCOVERY,True,1,3443,-0.014163802285762032,455,0.0442105270922184,False,False,False,True,False,-0.10155125415275636
SIGNAL_DETAIL,LINEAR_RIDGE_NET_RETURN,20220317,HISTORICAL_DISCOVERY,True,1,3036,-0.006701791539375062,197,0.5793991684913635,False,False,False,True,False,-0.05565778273934332
SIGNAL_DETAIL,LINEAR_RIDGE_NET_RETURN,20220317,HISTORICAL_DISCOVERY,True,1,5607,-0.009493492145433994,331,0.29184550046920776,False,False,False,True,False,-0.057526873941192144
SIGNAL_DETAIL,LINEAR_RIDGE_NET_RETURN,20220318,HISTORICAL_DISCOVERY,True,1,1732,-0.007800280124334648,243,0.4795698821544647,False,False,False,True,True,0.0977835728860607
SIGNAL_DETAIL,LINEAR_RIDGE_NET_RETURN,20220318,HISTORICAL_DISCOVERY,True,1,2614,-0.008229124489389774,261,0.44086021184921265,False,False,False,True,False,-0.0260921447456998
SIGNAL_DETAIL,LINEAR_RIDGE_NET_RETURN,20220419,HISTORICAL_DISCOVERY,True,1,6241,-0.011251826220566481,385,0.17062635719776154,False,False,False,True,True,0.08722055061091906
SIGNAL_DETAIL,LINEAR_RIDGE_NET_RETURN,20220510,HISTORICAL_DISCOVERY,True,1,1560,-0.008408071226347923,269,0.40969163179397583,False,False,False,True,False,-0.02114295086950392
SIGNAL_DETAIL,LINEAR_RIDGE_NET_RETURN,20220510,HISTORICAL_DISCOVERY,True,1,2338,-0.005461159756117419,133,0.7092511057853699,False,False,False,True,False,0.05060496684345557
SIGNAL_DETAIL,LINEAR_RIDGE_NET_RETURN,20220510,HISTORICAL_DISCOVERY,True,1,8071,-0.009894275971611358,338,0.257709264755249,False,False,False,True,False,-0.06202156008405788
SIGNAL_DETAIL,LINEAR_RIDGE_NET_RETURN,20220511,HISTORICAL_DISCOVERY,True,1,2401,-0.008180339955143145,256,0.42953020334243774,False,False,False,True,False,0.04355360532643064
SIGNAL_DETAIL,LINEAR_RIDGE_NET_RETURN,20220516,HISTORICAL_DISCOVERY,True,1,5009,-0.008936361258544686,277,0.3712984025478363,False,False,False,True,False,0.01571512693258407
SIGNAL_DETAIL,LINEAR_RIDGE_NET_RETURN,20220524,HISTORICAL_DISCOVERY,True,1,6578,-0.014537553304079104,415,0.03044496476650238,False,False,False,True,False,-0.07414977526135923
SIGNAL_DETAIL,LINEAR_RIDGE_NET_RETURN,20220607,HISTORICAL_DISCOVERY,True,1,3708,-0.009353945860204523,273,0.3199999928474426,False,False,False,True,True,0.07874282127497775
SIGNAL_DETAIL,LINEAR_RIDGE_NET_RETURN,20220609,HISTORICAL_DISCOVERY,True,1,3558,-0.011640235103964464,332,0.15345267951488495,False,False,False,True,False,-0.04574825579547603
SIGNAL_DETAIL,LINEAR_RIDGE_NET_RETURN,20220624,HISTORICAL_DISCOVERY,True,1,1795,-0.009301787636146247,278,0.322738379240036,False,False,False,True,False,-0.08384908977533503
SIGNAL_DETAIL,LINEAR_RIDGE_NET_RETURN,20220713,HISTORICAL_DISCOVERY,True,1,2614,-0.010463071076614195,322,0.2054455429315567,False,False,False,True,True,0.13436822093101233
SIGNAL_DETAIL,LINEAR_RIDGE_NET_RETURN,20220714,HISTORICAL_DISCOVERY,True,1,2376,-0.004355942485258999,66,0.8383084535598755,False,False,False,True,True,0.0973762486795398
SIGNAL_DETAIL,LINEAR_RIDGE_NET_RETURN,20220714,HISTORICAL_DISCOVERY,True,1,2436,-0.012011992411083094,364,0.09701492637395859,False,False,False,True,True,0.07381956013718415
SIGNAL_DETAIL,LINEAR_RIDGE_NET_RETURN,20220714,HISTORICAL_DISCOVERY,True,1,2605,-0.011342046588694506,351,0.12935324013233185,False,False,False,True,True,0.07766824628870662
SIGNAL_DETAIL,LINEAR_RIDGE_NET_RETURN,20220714,HISTORICAL_DISCOVERY,True,1,2615,-0.01207138891602677,367,0.08955223858356476,False,False,False,False,,
SIGNAL_DETAIL,LINEAR_RIDGE_NET_RETURN,20220714,HISTORICAL_DISCOVERY,True,1,3006,-0.010741674097362135,335,0.16915422677993774,False,False,False,True,True,0.09985945493479736
SIGNAL_DETAIL,LINEAR_RIDGE_NET_RETURN,20220714,HISTORICAL_DISCOVERY,True,1,3264,-0.0012424087575023052,10,0.9776119589805603,False,True,True,True,True,0.08759744636650996
SIGNAL_DETAIL,LINEAR_RIDGE_NET_RETURN,20220714,HISTORICAL_DISCOVERY,True,1,5371,-0.010087472885628591,314,0.22139303386211395,False,False,False,True,True,0.09949506214980192
SIGNAL_DETAIL,LINEAR_RIDGE_NET_RETURN,20220714,HISTORICAL_DISCOVERY,True,1,6271,-0.006099380562899314,130,0.6791045069694519,False,False,False,True,True,0.08789523194005369
SIGNAL_DETAIL,LINEAR_RIDGE_NET_RETURN,20220714,HISTORICAL_DISCOVERY,True,1,6509,-0.008416271700985136,242,0.40049752593040466,False,False,False,True,False,0.020788159836996254
SIGNAL_DETAIL,LINEAR_RIDGE_NET_RETURN,20220714,HISTORICAL_DISCOVERY,True,1,8097,-0.007997648225834462,226,0.44029849767684937,False,False,False,True,True,0.08955946447225802
SIGNAL_DETAIL,LINEAR_RIDGE_NET_RETURN,20220715,HISTORICAL_DISCOVERY,True,1,3037,-0.013016824114212074,373,0.06060606241226196,False,False,False,True,True,0.11691100300021456
SIGNAL_DETAIL,LINEAR_RIDGE_NET_RETURN,20220715,HISTORICAL_DISCOVERY,True,1,6443,-0.017139859669763172,396,0.0025252525229007006,False,False,False,True,False,0.032119675328280375
SIGNAL_DETAIL,LINEAR_RIDGE_NET_RETURN,20220715,HISTORICAL_DISCOVERY,True,1,6770,-0.0034807908711222196,44,0.8914141654968262,False,False,False,True,True,0.07803948580503374
SIGNAL_DETAIL,LINEAR_RIDGE_NET_RETURN,20220718,HISTORICAL_DISCOVERY,True,1,6605,-0.0061827313042817885,153,0.6190476417541504,False,False,False,True,False,-0.05753056276322521
SIGNAL_DETAIL,LINEAR_RIDGE_NET_RETURN,20220719,HISTORICAL_DISCOVERY,True,1,8081,-0.006850877235115162,179,0.5516372919082642,False,False,False,True,False,-0.06603763753373419
SIGNAL_DETAIL,LINEAR_RIDGE_NET_RETURN,20220805,HISTORICAL_DISCOVERY,True,1,2906,-0.007409914055302721,182,0.5249344110488892,False,False,False,True,False,-0.03127750554511773
SIGNAL_DETAIL,LINEAR_RIDGE_NET_RETURN,20220805,HISTORICAL_DISCOVERY,True,1,6605,-0.007321168892435436,180,0.530183732509613,False,False,False,True,False,0.04278857563994521
SIGNAL_DETAIL,LINEAR_RIDGE_NET_RETURN,20220808,HISTORICAL_DISCOVERY,True,1,6244,-0.008140260180440267,205,0.4617414176464081,False,False,False,True,False,-0.010968821686191966
SIGNAL_DETAIL,LINEAR_RIDGE_NET_RETURN,20220811,HISTORICAL_DISCOVERY,True,1,2031,-0.012782793996949725,350,0.07915567606687546,False,False,False,True,True,0.07482447836646527
SIGNAL_DETAIL,LINEAR_RIDGE_NET_RETURN,20220815,HISTORICAL_DISCOVERY,True,1,5353,-0.00835123932187744,219,0.4293193817138672,False,False,False,True,True,0.10302803907775505
SIGNAL_DETAIL,LINEAR_RIDGE_NET_RETURN,20220816,HISTORICAL_DISCOVERY,True,1,2374,-0.00804954433117676,195,0.4934725761413574,False,False,False,True,False,-0.0925889605766187
SIGNAL_DETAIL,LINEAR_RIDGE_NET_RETURN,20220817,HISTORICAL_DISCOVERY,True,1,3594,-0.007259415255306406,165,0.5740259885787964,False,False,False,True,False,-0.0353992806874499
SIGNAL_DETAIL,LINEAR_RIDGE_NET_RETURN,20220912,HISTORICAL_DISCOVERY,True,1,2419,-0.010009449724093582,302,0.2711864411830902,False,False,False,True,False,-0.06289229720023584
SIGNAL_DETAIL,LINEAR_RIDGE_NET_RETURN,20221014,HISTORICAL_DISCOVERY,True,1,2439,-0.003567451077552017,28,0.9270270466804504,False,False,False,True,False,-0.05828606142596311
SIGNAL_DETAIL,LINEAR_RIDGE_NET_RETURN,20221024,HISTORICAL_DISCOVERY,True,1,4551,-0.004282078095869548,66,0.8219178318977356,False,False,False,True,False,-0.02225461823550633
SIGNAL_DETAIL,LINEAR_RIDGE_NET_RETURN,20221101,HISTORICAL_DISCOVERY,True,1,2634,-0.005804744196622333,109,0.686956524848938,False,False,False,True,False,-0.038431787848430245
SIGNAL_DETAIL,LINEAR_RIDGE_NET_RETURN,20230103,RETROSPECTIVE_CONFIRMATION_NOT_BLIND_OOS,True,1,3272,-0.012403416703536604,394,0.09237875044345856,False,False,False,True,True,0.09548565171969603
SIGNAL_DETAIL,LINEAR_RIDGE_NET_RETURN,20230110,RETROSPECTIVE_CONFIRMATION_NOT_BLIND_OOS,True,1,3162,-0.00973845663316432,302,0.24561403691768646,False,False,False,True,True,0.07681040500099562
SIGNAL_DETAIL,LINEAR_RIDGE_NET_RETURN,20230116,RETROSPECTIVE_CONFIRMATION_NOT_BLIND_OOS,True,1,3013,-0.009558718293716302,269,0.311053991317749,False,False,False,True,True,0.0753201945291519
SIGNAL_DETAIL,LINEAR_RIDGE_NET_RETURN,20230116,RETROSPECTIVE_CONFIRMATION_NOT_BLIND_OOS,True,1,3454,-0.01235293625890736,358,0.08226221054792404,False,False,False,True,True,0.07929169332459779
SIGNAL_DETAIL,LINEAR_RIDGE_NET_RETURN,20230131,RETROSPECTIVE_CONFIRMATION_NOT_BLIND_OOS,True,1,3466,-0.012900741861402411,340,0.08870967477560043,False,False,False,True,False,-0.060345087917218126
SIGNAL_DETAIL,LINEAR_RIDGE_NET_RETURN,20230224,RETROSPECTIVE_CONFIRMATION_NOT_BLIND_OOS,True,1,9802,-0.01467994131859648,452,0.013129102997481823,False,False,False,True,False,-0.06319211256216886
SIGNAL_DETAIL,LINEAR_RIDGE_NET_RETURN,20230406,RETROSPECTIVE_CONFIRMATION_NOT_BLIND_OOS,True,1,4977,-0.014127931052204279,491,0.03921568766236305,False,False,False,True,False,-0.02189490040174221
SIGNAL_DETAIL,LINEAR_RIDGE_NET_RETURN,20230412,RETROSPECTIVE_CONFIRMATION_NOT_BLIND_OOS,True,1,2754,-0.01356152574857426,491,0.037328094244003296,False,False,False,True,True,0.07732300269290217
SIGNAL_DETAIL,LINEAR_RIDGE_NET_RETURN,20230508,RETROSPECTIVE_CONFIRMATION_NOT_BLIND_OOS,True,1,3540,-0.011439399032966504,486,0.11496350169181824,False,False,False,True,False,-0.0744031506261001
SIGNAL_DETAIL,LINEAR_RIDGE_NET_RETURN,20230516,RETROSPECTIVE_CONFIRMATION_NOT_BLIND_OOS,True,1,3356,-0.01366134703263038,526,0.022346368059515953,False,False,False,True,False,0.04700370232743198
SIGNAL_DETAIL,LINEAR_RIDGE_NET_RETURN,20230517,RETROSPECTIVE_CONFIRMATION_NOT_BLIND_OOS,True,1,3673,-0.008039247959693486,287,0.46441948413848877,False,False,False,True,False,0.028163618425640333
SIGNAL_DETAIL,LINEAR_RIDGE_NET_RETURN,20230608,RETROSPECTIVE_CONFIRMATION_NOT_BLIND_OOS,True,1,4968,-0.013353825461573127,508,0.06111111119389534,False,False,False,True,False,-0.019826580701469584
SIGNAL_DETAIL,LINEAR_RIDGE_NET_RETURN,20230628,RETROSPECTIVE_CONFIRMATION_NOT_BLIND_OOS,True,1,8222,-0.014848732600315039,583,0.010204081423580647,False,False,False,True,False,-0.05869685439609616
SIGNAL_DETAIL,LINEAR_RIDGE_NET_RETURN,20230630,RETROSPECTIVE_CONFIRMATION_NOT_BLIND_OOS,True,1,6415,-0.012919933076556353,568,0.054999999701976776,False,False,False,True,False,-0.059172417668076266
SIGNAL_DETAIL,LINEAR_RIDGE_NET_RETURN,20230630,RETROSPECTIVE_CONFIRMATION_NOT_BLIND_OOS,True,1,6811,-0.009211942449735232,386,0.3583333194255829,False,False,False,True,True,0.08721475770917757
SIGNAL_DETAIL,LINEAR_RIDGE_NET_RETURN,20230711,RETROSPECTIVE_CONFIRMATION_NOT_BLIND_OOS,True,1,2345,-0.007984645794829706,309,0.48408710956573486,False,False,False,True,True,0.10664495327596667
SIGNAL_DETAIL,LINEAR_RIDGE_NET_RETURN,20230720,RETROSPECTIVE_CONFIRMATION_NOT_BLIND_OOS,True,1,8114,-0.009222343417870569,415,0.3042016923427582,False,False,False,True,False,-0.04113822155593197
SIGNAL_DETAIL,LINEAR_RIDGE_NET_RETURN,20230725,RETROSPECTIVE_CONFIRMATION_NOT_BLIND_OOS,True,1,3038,-0.010729331949636902,500,0.15709459781646729,False,False,False,True,False,-0.03326427208694818
SIGNAL_DETAIL,LINEAR_RIDGE_NET_RETURN,20230725,RETROSPECTIVE_CONFIRMATION_NOT_BLIND_OOS,True,1,3207,-0.012424729762915197,559,0.05743243172764778,False,False,False,True,False,-0.05863602979737686
SIGNAL_DETAIL,LINEAR_RIDGE_NET_RETURN,20230727,RETROSPECTIVE_CONFIRMATION_NOT_BLIND_OOS,True,1,2363,-0.007207301365434639,275,0.537162184715271,False,False,False,True,True,0.09744557938122687
SIGNAL_DETAIL,LINEAR_RIDGE_NET_RETURN,20230804,RETROSPECTIVE_CONFIRMATION_NOT_BLIND_OOS,True,1,6235,-0.009496803115680635,420,0.28498294949531555,False,False,False,True,True,0.08572085152610359
SIGNAL_DETAIL,LINEAR_RIDGE_NET_RETURN,20230807,RETROSPECTIVE_CONFIRMATION_NOT_BLIND_OOS,True,1,6672,-0.0040606857653416135,68,0.8852739930152893,False,False,False,True,True,0.07993992509429841
SIGNAL_DETAIL,LINEAR_RIDGE_NET_RETURN,20230815,RETROSPECTIVE_CONFIRMATION_NOT_BLIND_OOS,True,1,4934,-0.006554800872363179,200,0.6375227570533752,False,False,False,True,True,0.09247034691195441
SIGNAL_DETAIL,LINEAR_RIDGE_NET_RETURN,20230816,RETROSPECTIVE_CONFIRMATION_NOT_BLIND_OOS,True,1,3594,-0.005578479524578649,130,0.7624309659004211,False,False,False,True,False,-0.029096853457333875
SIGNAL_DETAIL,LINEAR_RIDGE_NET_RETURN,20230816,RETROSPECTIVE_CONFIRMATION_NOT_BLIND_OOS,True,1,4147,-0.01253099460158464,500,0.08103130757808685,False,False,False,True,True,0.17241802862097227
SIGNAL_DETAIL,LINEAR_RIDGE_NET_RETURN,20230816,RETROSPECTIVE_CONFIRMATION_NOT_BLIND_OOS,True,1,5236,-0.009667095709544105,418,0.23204420506954193,False,False,False,True,True,0.09844651539784108
SIGNAL_DETAIL,LINEAR_RIDGE_NET_RETURN,20230824,RETROSPECTIVE_CONFIRMATION_NOT_BLIND_OOS,True,1,3141,-0.004132978420349801,62,0.878000020980835,False,False,False,True,False,0.0653071410897619
SIGNAL_DETAIL,LINEAR_RIDGE_NET_RETURN,20230824,RETROSPECTIVE_CONFIRMATION_NOT_BLIND_OOS,True,1,5222,-0.010974194517661864,438,0.12600000202655792,False,False,False,True,True,0.07706229205837327
SIGNAL_DETAIL,LINEAR_RIDGE_NET_RETURN,20230828,RETROSPECTIVE_CONFIRMATION_NOT_BLIND_OOS,True,1,5871,-0.0023149927034893597,21,0.9602385759353638,False,False,False,True,False,-0.01704187890647525
SIGNAL_DETAIL,LINEAR_RIDGE_NET_RETURN,20230830,RETROSPECTIVE_CONFIRMATION_NOT_BLIND_OOS,True,1,2388,-0.013280308254180355,461,0.043659042567014694,False,False,False,True,False,-0.07992375626666096
SIGNAL_DETAIL,LINEAR_RIDGE_NET_RETURN,20230915,RETROSPECTIVE_CONFIRMATION_NOT_BLIND_OOS,True,1,4533,-0.013031967833205291,423,0.0580357126891613,False,False,False,True,False,-0.035309369944288974
SIGNAL_DETAIL,LINEAR_RIDGE_NET_RETURN,20230925,RETROSPECTIVE_CONFIRMATION_NOT_BLIND_OOS,True,1,3680,-0.01157665672475026,409,0.1149674654006958,False,False,False,True,True,0.08714209633245133
SIGNAL_DETAIL,LINEAR_RIDGE_NET_RETURN,20231012,RETROSPECTIVE_CONFIRMATION_NOT_BLIND_OOS,True,1,6533,-0.008165925444190281,252,0.42298850417137146,False,False,False,True,False,-0.010790566659474046
SIGNAL_DETAIL,LINEAR_RIDGE_NET_RETURN,20231027,RETROSPECTIVE_CONFIRMATION_NOT_BLIND_OOS,True,1,6446,-0.008370249126444174,256,0.4097222089767456,False,False,False,True,True,0.08567122320687594
SIGNAL_DETAIL,LINEAR_RIDGE_NET_RETURN,20231102,RETROSPECTIVE_CONFIRMATION_NOT_BLIND_OOS,True,1,3044,-0.003536059542038043,46,0.8943662047386169,False,False,False,True,True,0.12315839442599127
SIGNAL_DETAIL,LINEAR_RIDGE_NET_RETURN,20231108,RETROSPECTIVE_CONFIRMATION_NOT_BLIND_OOS,True,1,2486,-0.008635339709108033,263,0.3820754587650299,False,False,False,True,False,-0.060343129924693095
SIGNAL_DETAIL,LINEAR_RIDGE_NET_RETURN,20231130,RETROSPECTIVE_CONFIRMATION_NOT_BLIND_OOS,True,1,3450,-0.00823947076941036,266,0.4467640817165375,False,False,False,True,True,0.0900120106192652
SIGNAL_DETAIL,LINEAR_RIDGE_NET_RETURN,20240124,RETROSPECTIVE_CONFIRMATION_NOT_BLIND_OOS,True,1,8426,-0.011338170524577163,392,0.1698513776063919,False,False,False,True,False,-0.008647248379772465
SIGNAL_DETAIL,LINEAR_RIDGE_NET_RETURN,20240216,RETROSPECTIVE_CONFIRMATION_NOT_BLIND_OOS,True,1,1618,-0.016293069702640207,453,0.008771929889917374,False,False,False,True,True,0.07423634187066468
SIGNAL_DETAIL,LINEAR_RIDGE_NET_RETURN,20240221,RETROSPECTIVE_CONFIRMATION_NOT_BLIND_OOS,True,1,6625,-0.010257673839136845,373,0.23140496015548706,False,False,False,True,False,-0.033219193586807354
SIGNAL_DETAIL,LINEAR_RIDGE_NET_RETURN,20240327,RETROSPECTIVE_CONFIRMATION_NOT_BLIND_OOS,True,1,1560,-0.014983263073108898,621,0.01116427406668663,False,False,False,True,False,-0.028554188203037078
SIGNAL_DETAIL,LINEAR_RIDGE_NET_RETURN,20240401,RETROSPECTIVE_CONFIRMATION_NOT_BLIND_OOS,True,1,3712,-0.005468515598482089,158,0.7487999796867371,False,False,False,True,True,0.07809851835119463
SIGNAL_DETAIL,LINEAR_RIDGE_NET_RETURN,20240401,RETROSPECTIVE_CONFIRMATION_NOT_BLIND_OOS,True,1,5340,-0.010918702023927696,521,0.1679999977350235,False,False,False,True,True,0.1026935523491153
SIGNAL_DETAIL,LINEAR_RIDGE_NET_RETURN,20240402,RETROSPECTIVE_CONFIRMATION_NOT_BLIND_OOS,True,1,3163,-0.015524407150087138,618,0.004838709719479084,False,False,False,True,False,-0.05760445903777632
SIGNAL_DETAIL,LINEAR_RIDGE_NET_RETURN,20240410,RETROSPECTIVE_CONFIRMATION_NOT_BLIND_OOS,True,1,4979,-0.008624680244251056,363,0.3996683359146118,False,False,False,True,False,-0.0860795407105093
SIGNAL_DETAIL,LINEAR_RIDGE_NET_RETURN,20240411,RETROSPECTIVE_CONFIRMATION_NOT_BLIND_OOS,True,1,8210,-0.016960227047162095,609,0.0016420361353084445,False,False,False,True,False,-0.09318838366311714
SIGNAL_DETAIL,LINEAR_RIDGE_NET_RETURN,20240412,RETROSPECTIVE_CONFIRMATION_NOT_BLIND_OOS,True,1,8064,-0.013423251183770123,585,0.037891268730163574,False,False,False,True,False,-0.07912500840614176
SIGNAL_DETAIL,LINEAR_RIDGE_NET_RETURN,20240417,RETROSPECTIVE_CONFIRMATION_NOT_BLIND_OOS,True,1,2467,-0.015748165865030486,606,0.004934210330247879,False,False,False,True,False,-0.11794586865352369
SIGNAL_DETAIL,LINEAR_RIDGE_NET_RETURN,20240522,RETROSPECTIVE_CONFIRMATION_NOT_BLIND_OOS,True,1,6789,-0.01407229808617911,564,0.05059022083878517,False,False,False,True,True,0.09043044968309437
SIGNAL_DETAIL,LINEAR_RIDGE_NET_RETURN,20240527,RETROSPECTIVE_CONFIRMATION_NOT_BLIND_OOS,True,1,2548,-0.008419079874806328,365,0.40716612339019775,False,False,False,True,True,0.08544165633188121
SIGNAL_DETAIL,LINEAR_RIDGE_NET_RETURN,20240528,RETROSPECTIVE_CONFIRMATION_NOT_BLIND_OOS,True,1,6186,-0.009802133547118338,455,0.2689211070537567,False,False,False,True,True,0.08410242811058445
SIGNAL_DETAIL,LINEAR_RIDGE_NET_RETURN,20240529,RETROSPECTIVE_CONFIRMATION_NOT_BLIND_OOS,True,1,2348,-0.013113168901577904,585,0.0670926496386528,False,False,False,True,True,0.08635967053172772
SIGNAL_DETAIL,LINEAR_RIDGE_NET_RETURN,20240529,RETROSPECTIVE_CONFIRMATION_NOT_BLIND_OOS,True,1,3266,-0.008919503422310585,393,0.37380191683769226,False,False,False,True,True,0.1429351132474428
SIGNAL_DETAIL,LINEAR_RIDGE_NET_RETURN,20240612,RETROSPECTIVE_CONFIRMATION_NOT_BLIND_OOS,True,1,6274,-0.012259568393829967,576,0.10015649348497391,False,False,False,True,False,-0.056482003537389795
SIGNAL_DETAIL,LINEAR_RIDGE_NET_RETURN,20240617,RETROSPECTIVE_CONFIRMATION_NOT_BLIND_OOS,True,1,6140,-0.010158405550251645,496,0.2289719581604004,False,False,False,True,True,0.08510564143268677
SIGNAL_DETAIL,LINEAR_RIDGE_NET_RETURN,20240620,RETROSPECTIVE_CONFIRMATION_NOT_BLIND_OOS,True,1,6584,-0.009435491796421202,451,0.302325576543808,False,False,False,True,True,0.07768713616600316
SIGNAL_DETAIL,LINEAR_RIDGE_NET_RETURN,20240625,RETROSPECTIVE_CONFIRMATION_NOT_BLIND_OOS,True,1,6204,-0.00806119178496111,351,0.45736435055732727,False,False,False,True,True,0.07432018556896551
SIGNAL_DETAIL,LINEAR_RIDGE_NET_RETURN,20240701,RETROSPECTIVE_CONFIRMATION_NOT_BLIND_OOS,True,1,3708,-0.012359237264703685,602,0.07680491358041763,False,False,False,True,False,-0.009276058275237158
SIGNAL_DETAIL,LINEAR_RIDGE_NET_RETURN,20240701,RETROSPECTIVE_CONFIRMATION_NOT_BLIND_OOS,True,1,6667,-0.008400351883148817,382,0.41474655270576477,False,False,False,True,True,0.12882730491800484
SIGNAL_DETAIL,LINEAR_RIDGE_NET_RETURN,20240703,RETROSPECTIVE_CONFIRMATION_NOT_BLIND_OOS,True,1,3030,-0.010994239164642863,557,0.1419753134250641,False,False,False,True,False,-0.07358673943458884
SIGNAL_DETAIL,LINEAR_RIDGE_NET_RETURN,20240710,RETROSPECTIVE_CONFIRMATION_NOT_BLIND_OOS,True,1,2520,-0.008376909917859878,392,0.4039634168148041,False,False,False,True,True,0.09499498923693726
SIGNAL_DETAIL,LINEAR_RIDGE_NET_RETURN,20240710,RETROSPECTIVE_CONFIRMATION_NOT_BLIND_OOS,True,1,5519,-0.010383913012368226,523,0.20426829159259796,False,False,False,True,True,0.09706516046532769
SIGNAL_DETAIL,LINEAR_RIDGE_NET_RETURN,20240712,RETROSPECTIVE_CONFIRMATION_NOT_BLIND_OOS,True,1,4952,-0.008317714878142514,381,0.43368107080459595,False,False,False,True,False,-0.07909894709712503
SIGNAL_DETAIL,LINEAR_RIDGE_NET_RETURN,20240807,RETROSPECTIVE_CONFIRMATION_NOT_BLIND_OOS,True,1,8390,-0.010630092036804126,520,0.21244309842586517,False,False,False,True,True,0.0798399890751312
SIGNAL_DETAIL,LINEAR_RIDGE_NET_RETURN,20240813,RETROSPECTIVE_CONFIRMATION_NOT_BLIND_OOS,True,1,2301,-0.011195701927045366,531,0.16271722316741943,False,False,False,True,False,-0.014959877545464375
SIGNAL_DETAIL,LINEAR_RIDGE_NET_RETURN,20240822,RETROSPECTIVE_CONFIRMATION_NOT_BLIND_OOS,True,1,4510,-0.00609328720986444,194,0.6637630462646484,False,False,False,True,True,0.10191877938280872
SIGNAL_DETAIL,LINEAR_RIDGE_NET_RETURN,20240919,RETROSPECTIVE_CONFIRMATION_NOT_BLIND_OOS,True,1,3013,-0.008063377547601367,301,0.4318181872367859,False,False,False,True,True,0.11419887295024543
SIGNAL_DETAIL,LINEAR_RIDGE_NET_RETURN,20240919,RETROSPECTIVE_CONFIRMATION_NOT_BLIND_OOS,True,1,8210,-0.0028259279280163406,35,0.935606062412262,False,False,False,True,False,-0.07382480851805764
SIGNAL_DETAIL,LINEAR_RIDGE_NET_RETURN,20240924,RETROSPECTIVE_CONFIRMATION_NOT_BLIND_OOS,True,1,5905,-0.00593841578691073,148,0.7267658114433289,False,False,False,True,False,-0.06902363781785915
SIGNAL_DETAIL,LINEAR_RIDGE_NET_RETURN,20241021,RETROSPECTIVE_CONFIRMATION_NOT_BLIND_OOS,True,1,6517,-0.010817086855104522,456,0.18894830346107483,False,False,False,True,False,-0.06095508249732587
SIGNAL_DETAIL,LINEAR_RIDGE_NET_RETURN,20241023,RETROSPECTIVE_CONFIRMATION_NOT_BLIND_OOS,True,1,3689,-0.010085381217748636,438,0.21684588491916656,False,False,False,True,False,0.022782116004160198
SIGNAL_DETAIL,LINEAR_RIDGE_NET_RETURN,20241129,RETROSPECTIVE_CONFIRMATION_NOT_BLIND_OOS,True,1,2449,-0.008156013210839934,304,0.41730770468711853,False,False,False,True,False,-0.060154327112345723
SIGNAL_DETAIL,LINEAR_RIDGE_NET_RETURN,20241129,RETROSPECTIVE_CONFIRMATION_NOT_BLIND_OOS,True,1,4909,-0.009693347743159846,392,0.2480769157409668,False,False,False,True,True,0.09234283313261316
SIGNAL_DETAIL,LINEAR_RIDGE_NET_RETURN,20241129,RETROSPECTIVE_CONFIRMATION_NOT_BLIND_OOS,True,1,6451,-0.010616831846905234,434,0.16730768978595734,False,False,False,True,True,0.09934060947647996
SIGNAL_DETAIL,LINEAR_RIDGE_NET_RETURN,20241202,RETROSPECTIVE_CONFIRMATION_NOT_BLIND_OOS,True,1,2360,-0.008319376244521398,306,0.41119691729545593,False,False,False,True,False,-0.07704857485152954
SIGNAL_DETAIL,LINEAR_RIDGE_NET_RETURN,20241202,RETROSPECTIVE_CONFIRMATION_NOT_BLIND_OOS,True,1,8028,-0.012293720708724632,476,0.08301158249378204,False,False,False,True,False,-0.05547710882888981
SIGNAL_DETAIL,LINEAR_RIDGE_NET_RETURN,20241203,RETROSPECTIVE_CONFIRMATION_NOT_BLIND_OOS,True,1,5536,-0.006253460794865245,181,0.6525096297264099,False,False,False,True,True,0.11425540858041659
SIGNAL_DETAIL,LINEAR_RIDGE_NET_RETURN,20241204,RETROSPECTIVE_CONFIRMATION_NOT_BLIND_OOS,True,1,8070,-0.009872351022020186,377,0.27272728085517883,False,False,False,True,False,-0.06720621308175913
SIGNAL_DETAIL,LINEAR_RIDGE_NET_RETURN,20241224,RETROSPECTIVE_CONFIRMATION_NOT_BLIND_OOS,True,1,5438,-0.01127122695314054,443,0.12992125749588013,False,False,False,True,False,-0.07801938920324168
SIGNAL_DETAIL,LINEAR_RIDGE_NET_RETURN,20250114,STRESS_PREVALENCE_SEEN_NOT_BLIND,True,1,1524,-0.00971463689115029,350,0.26834380626678467,False,False,False,True,False,0.007057845634137686
SIGNAL_DETAIL,LINEAR_RIDGE_NET_RETURN,20250120,STRESS_PREVALENCE_SEEN_NOT_BLIND,True,1,5439,-0.003451880511302436,64,0.8642241358757019,False,False,False,True,True,0.08124884578623706
SIGNAL_DETAIL,LINEAR_RIDGE_NET_RETURN,20250207,STRESS_PREVALENCE_SEEN_NOT_BLIND,True,1,3265,-0.008645991348110494,280,0.38546255230903625,False,False,False,True,False,0.02145934711030298
SIGNAL_DETAIL,LINEAR_RIDGE_NET_RETURN,20250217,STRESS_PREVALENCE_SEEN_NOT_BLIND,True,1,6462,-0.013529825945507057,443,0.05150214582681656,False,False,False,True,False,-0.05777419194503034
SIGNAL_DETAIL,LINEAR_RIDGE_NET_RETURN,20250312,STRESS_PREVALENCE_SEEN_NOT_BLIND,True,1,3484,-0.009731031279040809,379,0.28273245692253113,False,False,False,True,False,-0.07055849963693876
SIGNAL_DETAIL,LINEAR_RIDGE_NET_RETURN,20250321,STRESS_PREVALENCE_SEEN_NOT_BLIND,True,1,4979,-0.010931847539475653,424,0.1607142835855484,False,False,False,True,False,-0.12290056544390865
SIGNAL_DETAIL,LINEAR_RIDGE_NET_RETURN,20250423,STRESS_PREVALENCE_SEEN_NOT_BLIND,True,1,1786,-0.005881838137918085,150,0.6816239356994629,False,False,False,True,False,0.008739424716102544
SIGNAL_DETAIL,LINEAR_RIDGE_NET_RETURN,20250423,STRESS_PREVALENCE_SEEN_NOT_BLIND,True,1,3227,-0.013664284717359265,453,0.03418803587555885,False,False,False,True,True,0.0845879435938503
SIGNAL_DETAIL,LINEAR_RIDGE_NET_RETURN,20250512,STRESS_PREVALENCE_SEEN_NOT_BLIND,True,1,2329,-0.015477214205368392,420,0.06888888776302338,False,False,False,True,True,0.09068390933544658
SIGNAL_DETAIL,LINEAR_RIDGE_NET_RETURN,20250702,STRESS_PREVALENCE_SEEN_NOT_BLIND,True,1,6462,-0.013973952601207023,437,0.052173912525177,False,False,False,True,False,-0.061031080199607624
SIGNAL_DETAIL,LINEAR_RIDGE_NET_RETURN,20250703,STRESS_PREVALENCE_SEEN_NOT_BLIND,True,1,3339,-0.00765765421178608,236,0.49462366104125977,False,False,False,True,False,-0.05547806437777851
SIGNAL_DETAIL,LINEAR_RIDGE_NET_RETURN,20250709,STRESS_PREVALENCE_SEEN_NOT_BLIND,True,1,5483,-0.01009973127649032,342,0.25382933020591736,False,False,False,True,True,0.12351978387863857
SIGNAL_DETAIL,LINEAR_RIDGE_NET_RETURN,20250723,STRESS_PREVALENCE_SEEN_NOT_BLIND,True,1,6533,-0.0125458791185575,408,0.07709750533103943,False,False,False,True,False,-0.06711346358816066
SIGNAL_DETAIL,LINEAR_RIDGE_NET_RETURN,20250724,STRESS_PREVALENCE_SEEN_NOT_BLIND,True,1,3019,-0.009370575543113185,310,0.29931971430778503,False,False,False,True,True,0.11207221651894221
SIGNAL_DETAIL,LINEAR_RIDGE_NET_RETURN,20250801,STRESS_PREVALENCE_SEEN_NOT_BLIND,True,1,2348,-0.009438361961613422,309,0.3031674325466156,False,False,False,True,False,-0.05072536848963647
SIGNAL_DETAIL,LINEAR_RIDGE_NET_RETURN,20250826,STRESS_PREVALENCE_SEEN_NOT_BLIND,True,1,2466,-0.009869760314567148,399,0.23900572955608368,False,False,False,True,False,0.019918862452647807
SIGNAL_DETAIL,LINEAR_RIDGE_NET_RETURN,20250903,STRESS_PREVALENCE_SEEN_NOT_BLIND,True,1,4916,-0.00970577703172572,421,0.2178770899772644,False,False,False,True,False,-0.08182225972167337
SIGNAL_DETAIL,LINEAR_RIDGE_NET_RETURN,20250905,STRESS_PREVALENCE_SEEN_NOT_BLIND,True,1,3035,-0.012344989142696352,495,0.07663551717996597,False,False,False,True,False,-0.05944003263598108
SIGNAL_DETAIL,LINEAR_RIDGE_NET_RETURN,20250925,STRESS_PREVALENCE_SEEN_NOT_BLIND,True,1,8932,-0.008932882288688907,341,0.3436293303966522,False,False,False,True,False,-0.029921733412187183
SIGNAL_DETAIL,LINEAR_RIDGE_NET_RETURN,20250930,STRESS_PREVALENCE_SEEN_NOT_BLIND,True,1,3447,-0.007635838726274354,259,0.49609375,False,False,False,True,False,-0.0665532590111924
SIGNAL_DETAIL,LINEAR_RIDGE_NET_RETURN,20250930,STRESS_PREVALENCE_SEEN_NOT_BLIND,True,1,5439,-0.009753021828889097,397,0.2265625,False,False,False,True,False,-0.12445608072518304
SIGNAL_DETAIL,LINEAR_RIDGE_NET_RETURN,20250930,STRESS_PREVALENCE_SEEN_NOT_BLIND,True,1,8103,-0.005158069137951995,107,0.79296875,False,False,False,True,True,0.17447686751132277
SIGNAL_DETAIL,LINEAR_RIDGE_NET_RETURN,20251002,STRESS_PREVALENCE_SEEN_NOT_BLIND,True,1,1784,-0.009531925416798972,375,0.2594059407711029,False,False,False,True,False,-0.06281143623072244
SIGNAL_DETAIL,LINEAR_RIDGE_NET_RETURN,20251013,STRESS_PREVALENCE_SEEN_NOT_BLIND,True,1,8033,-0.007757447298765811,263,0.4749498963356018,False,False,False,True,False,-0.07389614215701139
SIGNAL_DETAIL,LINEAR_RIDGE_NET_RETURN,20251027,STRESS_PREVALENCE_SEEN_NOT_BLIND,True,1,3363,-0.009807791411110454,371,0.22594141960144043,False,False,False,True,False,-0.05738929250234258
SIGNAL_DETAIL,LINEAR_RIDGE_NET_RETURN,20251027,STRESS_PREVALENCE_SEEN_NOT_BLIND,True,1,8358,-0.010058612744947595,386,0.1945606768131256,False,False,False,True,True,0.1693782661176733
SIGNAL_DETAIL,LINEAR_RIDGE_NET_RETURN,20251029,STRESS_PREVALENCE_SEEN_NOT_BLIND,True,1,6425,-0.010845760215500315,403,0.15368421375751495,False,False,False,True,False,-0.0626028432809055
SIGNAL_DETAIL,LINEAR_RIDGE_NET_RETURN,20251106,STRESS_PREVALENCE_SEEN_NOT_BLIND,True,1,6788,-0.009617613919436234,366,0.24742268025875092,False,False,False,True,False,-0.06123811828098738
SIGNAL_DETAIL,LINEAR_RIDGE_NET_RETURN,20251120,STRESS_PREVALENCE_SEEN_NOT_BLIND,True,1,6187,-0.007466875916169133,241,0.49152541160583496,False,False,False,True,True,0.0760407680895534
SIGNAL_DETAIL,LINEAR_RIDGE_NET_RETURN,20251120,STRESS_PREVALENCE_SEEN_NOT_BLIND,True,1,6412,-0.0032399603414172288,28,0.9427965879440308,False,False,False,True,True,0.08058010859893311
SIGNAL_DETAIL,LINEAR_RIDGE_NET_RETURN,20251127,STRESS_PREVALENCE_SEEN_NOT_BLIND,True,1,1802,-0.012646533624615718,417,0.07555555552244186,False,False,False,True,True,0.10600898892857782
SIGNAL_DETAIL,LINEAR_RIDGE_NET_RETURN,20251127,STRESS_PREVALENCE_SEEN_NOT_BLIND,True,1,2371,-0.006723983971799172,189,0.5822222232818604,False,False,False,True,False,0.02902663841069194
SIGNAL_DETAIL,LINEAR_RIDGE_NET_RETURN,20251204,STRESS_PREVALENCE_SEEN_NOT_BLIND,True,1,2374,-0.012755837327108006,424,0.05156950652599335,False,False,False,True,False,-0.06364080565338844
SIGNAL_DETAIL,LINEAR_RIDGE_NET_RETURN,20251205,STRESS_PREVALENCE_SEEN_NOT_BLIND,True,1,3264,-0.010176675597778111,346,0.2264574021100998,False,False,False,True,False,-0.0002534488738992492
SIGNAL_DETAIL,LINEAR_RIDGE_NET_RETURN,20251215,STRESS_PREVALENCE_SEEN_NOT_BLIND,True,1,7712,-0.014309925532048476,447,0.011086474172770977,False,False,False,True,False,-0.048565418652016606
SIGNAL_DETAIL,LINEAR_RIDGE_NET_RETURN,20251231,STRESS_PREVALENCE_SEEN_NOT_BLIND,True,1,6451,-0.009744444219564408,340,0.26623377203941345,False,False,False,True,False,-0.05921689905637954
DAILY_STATUS,IC_WEIGHTED_LINEAR_RANK,20200102,HISTORICAL_DISCOVERY,False,0,,,,,,,,,,
DAILY_STATUS,IC_WEIGHTED_LINEAR_RANK,20200103,HISTORICAL_DISCOVERY,False,0,,,,,,,,,,
DAILY_STATUS,IC_WEIGHTED_LINEAR_RANK,20200106,HISTORICAL_DISCOVERY,False,0,,,,,,,,,,
DAILY_STATUS,IC_WEIGHTED_LINEAR_RANK,20200107,HISTORICAL_DISCOVERY,False,0,,,,,,,,,,
DAILY_STATUS,IC_WEIGHTED_LINEAR_RANK,20200108,HISTORICAL_DISCOVERY,False,0,,,,,,,,,,
DAILY_STATUS,IC_WEIGHTED_LINEAR_RANK,20200109,HISTORICAL_DISCOVERY,False,0,,,,,,,,,,
DAILY_STATUS,IC_WEIGHTED_LINEAR_RANK,20200110,HISTORICAL_DISCOVERY,False,0,,,,,,,,,,
DAILY_STATUS,IC_WEIGHTED_LINEAR_RANK,20200113,HISTORICAL_DISCOVERY,False,0,,,,,,,,,,
DAILY_STATUS,IC_WEIGHTED_LINEAR_RANK,20200114,HISTORICAL_DISCOVERY,False,0,,,,,,,,,,
DAILY_STATUS,IC_WEIGHTED_LINEAR_RANK,20200115,HISTORICAL_DISCOVERY,False,0,,,,,,,,,,
DAILY_STATUS,IC_WEIGHTED_LINEAR_RANK,20200116,HISTORICAL_DISCOVERY,False,0,,,,,,,,,,
DAILY_STATUS,IC_WEIGHTED_LINEAR_RANK,20200117,HISTORICAL_DISCOVERY,False,0,,,,,,,,,,
DAILY_STATUS,IC_WEIGHTED_LINEAR_RANK,20200120,HISTORICAL_DISCOVERY,False,0,,,,,,,,,,
DAILY_STATUS,IC_WEIGHTED_LINEAR_RANK,20200130,HISTORICAL_DISCOVERY,False,0,,,,,,,,,,
DAILY_STATUS,IC_WEIGHTED_LINEAR_RANK,20200131,HISTORICAL_DISCOVERY,False,0,,,,,,,,,,
DAILY_STATUS,IC_WEIGHTED_LINEAR_RANK,20200203,HISTORICAL_DISCOVERY,False,0,,,,,,,,,,
DAILY_STATUS,IC_WEIGHTED_LINEAR_RANK,20200204,HISTORICAL_DISCOVERY,False,0,,,,,,,,,,
DAILY_STATUS,IC_WEIGHTED_LINEAR_RANK,20200205,HISTORICAL_DISCOVERY,False,0,,,,,,,,,,
DAILY_STATUS,IC_WEIGHTED_LINEAR_RANK,20200206,HISTORICAL_DISCOVERY,False,0,,,,,,,,,,
DAILY_STATUS,IC_WEIGHTED_LINEAR_RANK,20200207,HISTORICAL_DISCOVERY,False,0,,,,,,,,,,
DAILY_STATUS,IC_WEIGHTED_LINEAR_RANK,20200210,HISTORICAL_DISCOVERY,False,0,,,,,,,,,,
DAILY_STATUS,IC_WEIGHTED_LINEAR_RANK,20200211,HISTORICAL_DISCOVERY,True,2,,,,,,,,,,
DAILY_STATUS,IC_WEIGHTED_LINEAR_RANK,20200212,HISTORICAL_DISCOVERY,False,0,,,,,,,,,,
DAILY_STATUS,IC_WEIGHTED_LINEAR_RANK,20200213,HISTORICAL_DISCOVERY,False,0,,,,,,,,,,
DAILY_STATUS,IC_WEIGHTED_LINEAR_RANK,20200214,HISTORICAL_DISCOVERY,False,0,,,,,,,,,,
DAILY_STATUS,IC_WEIGHTED_LINEAR_RANK,20200217,HISTORICAL_DISCOVERY,False,0,,,,,,,,,,
DAILY_STATUS,IC_WEIGHTED_LINEAR_RANK,20200218,HISTORICAL_DISCOVERY,False,0,,,,,,,,,,
DAILY_STATUS,IC_WEIGHTED_LINEAR_RANK,20200219,HISTORICAL_DISCOVERY,False,0,,,,,,,,,,
DAILY_STATUS,IC_WEIGHTED_LINEAR_RANK,20200220,HISTORICAL_DISCOVERY,False,0,,,,,,,,,,
DAILY_STATUS,IC_WEIGHTED_LINEAR_RANK,20200221,HISTORICAL_DISCOVERY,False,0,,,,,,,,,,
DAILY_STATUS,IC_WEIGHTED_LINEAR_RANK,20200224,HISTORICAL_DISCOVERY,True,1,,,,,,,,,,
DAILY_STATUS,IC_WEIGHTED_LINEAR_RANK,20200225,HISTORICAL_DISCOVERY,True,1,,,,,,,,,,
DAILY_STATUS,IC_WEIGHTED_LINEAR_RANK,20200226,HISTORICAL_DISCOVERY,False,0,,,,,,,,,,
DAILY_STATUS,IC_WEIGHTED_LINEAR_RANK,20200227,HISTORICAL_DISCOVERY,False,0,,,,,,,,,,
DAILY_STATUS,IC_WEIGHTED_LINEAR_RANK,20200302,HISTORICAL_DISCOVERY,False,0,,,,,,,,,,
DAILY_STATUS,IC_WEIGHTED_LINEAR_RANK,20200303,HISTORICAL_DISCOVERY,False,0,,,,,,,,,,
DAILY_STATUS,IC_WEIGHTED_LINEAR_RANK,20200304,HISTORICAL_DISCOVERY,False,0,,,,,,,,,,
DAILY_STATUS,IC_WEIGHTED_LINEAR_RANK,20200305,HISTORICAL_DISCOVERY,False,0,,,,,,,,,,
DAILY_STATUS,IC_WEIGHTED_LINEAR_RANK,20200306,HISTORICAL_DISCOVERY,False,0,,,,,,,,,,
DAILY_STATUS,IC_WEIGHTED_LINEAR_RANK,20200309,HISTORICAL_DISCOVERY,False,0,,,,,,,,,,
DAILY_STATUS,IC_WEIGHTED_LINEAR_RANK,20200310,HISTORICAL_DISCOVERY,False,0,,,,,,,,,,
DAILY_STATUS,IC_WEIGHTED_LINEAR_RANK,20200311,HISTORICAL_DISCOVERY,False,0,,,,,,,,,,
DAILY_STATUS,IC_WEIGHTED_LINEAR_RANK,20200312,HISTORICAL_DISCOVERY,False,0,,,,,,,,,,
DAILY_STATUS,IC_WEIGHTED_LINEAR_RANK,20200313,HISTORICAL_DISCOVERY,False,0,,,,,,,,,,
DAILY_STATUS,IC_WEIGHTED_LINEAR_RANK,20200316,HISTORICAL_DISCOVERY,False,0,,,,,,,,,,
DAILY_STATUS,IC_WEIGHTED_LINEAR_RANK,20200317,HISTORICAL_DISCOVERY,False,0,,,,,,,,,,
DAILY_STATUS,IC_WEIGHTED_LINEAR_RANK,20200318,HISTORICAL_DISCOVERY,False,0,,,,,,,,,,
DAILY_STATUS,IC_WEIGHTED_LINEAR_RANK,20200319,HISTORICAL_DISCOVERY,False,0,,,,,,,,,,
DAILY_STATUS,IC_WEIGHTED_LINEAR_RANK,20200320,HISTORICAL_DISCOVERY,False,0,,,,,,,,,,
DAILY_STATUS,IC_WEIGHTED_LINEAR_RANK,20200323,HISTORICAL_DISCOVERY,False,0,,,,,,,,,,
DAILY_STATUS,IC_WEIGHTED_LINEAR_RANK,20200324,HISTORICAL_DISCOVERY,False,0,,,,,,,,,,
DAILY_STATUS,IC_WEIGHTED_LINEAR_RANK,20200325,HISTORICAL_DISCOVERY,False,0,,,,,,,,,,
DAILY_STATUS,IC_WEIGHTED_LINEAR_RANK,20200326,HISTORICAL_DISCOVERY,False,0,,,,,,,,,,
DAILY_STATUS,IC_WEIGHTED_LINEAR_RANK,20200327,HISTORICAL_DISCOVERY,False,0,,,,,,,,,,
DAILY_STATUS,IC_WEIGHTED_LINEAR_RANK,20200330,HISTORICAL_DISCOVERY,False,0,,,,,,,,,,
DAILY_STATUS,IC_WEIGHTED_LINEAR_RANK,20200331,HISTORICAL_DISCOVERY,False,0,,,,,,,,,,
DAILY_STATUS,IC_WEIGHTED_LINEAR_RANK,20200401,HISTORICAL_DISCOVERY,False,0,,,,,,,,,,
DAILY_STATUS,IC_WEIGHTED_LINEAR_RANK,20200406,HISTORICAL_DISCOVERY,True,1,,,,,,,,,,
DAILY_STATUS,IC_WEIGHTED_LINEAR_RANK,20200407,HISTORICAL_DISCOVERY,False,0,,,,,,,,,,
DAILY_STATUS,IC_WEIGHTED_LINEAR_RANK,20200408,HISTORICAL_DISCOVERY,False,0,,,,,,,,,,
DAILY_STATUS,IC_WEIGHTED_LINEAR_RANK,20200409,HISTORICAL_DISCOVERY,False,0,,,,,,,,,,
DAILY_STATUS,IC_WEIGHTED_LINEAR_RANK,20200410,HISTORICAL_DISCOVERY,False,0,,,,,,,,,,
DAILY_STATUS,IC_WEIGHTED_LINEAR_RANK,20200413,HISTORICAL_DISCOVERY,False,0,,,,,,,,,,
DAILY_STATUS,IC_WEIGHTED_LINEAR_RANK,20200414,HISTORICAL_DISCOVERY,False,0,,,,,,,,,,
DAILY_STATUS,IC_WEIGHTED_LINEAR_RANK,20200415,HISTORICAL_DISCOVERY,True,1,,,,,,,,,,
DAILY_STATUS,IC_WEIGHTED_LINEAR_RANK,20200416,HISTORICAL_DISCOVERY,False,0,,,,,,,,,,
DAILY_STATUS,IC_WEIGHTED_LINEAR_RANK,20200417,HISTORICAL_DISCOVERY,False,0,,,,,,,,,,
DAILY_STATUS,IC_WEIGHTED_LINEAR_RANK,20200420,HISTORICAL_DISCOVERY,False,0,,,,,,,,,,
DAILY_STATUS,IC_WEIGHTED_LINEAR_RANK,20200421,HISTORICAL_DISCOVERY,False,0,,,,,,,,,,
DAILY_STATUS,IC_WEIGHTED_LINEAR_RANK,20200422,HISTORICAL_DISCOVERY,False,0,,,,,,,,,,
DAILY_STATUS,IC_WEIGHTED_LINEAR_RANK,20200423,HISTORICAL_DISCOVERY,False,0,,,,,,,,,,
DAILY_STATUS,IC_WEIGHTED_LINEAR_RANK,20200424,HISTORICAL_DISCOVERY,False,0,,,,,,,,,,
DAILY_STATUS,IC_WEIGHTED_LINEAR_RANK,20200427,HISTORICAL_DISCOVERY,False,0,,,,,,,,,,
DAILY_STATUS,IC_WEIGHTED_LINEAR_RANK,20200428,HISTORICAL_DISCOVERY,False,0,,,,,,,,,,
DAILY_STATUS,IC_WEIGHTED_LINEAR_RANK,20200429,HISTORICAL_DISCOVERY,False,0,,,,,,,,,,
DAILY_STATUS,IC_WEIGHTED_LINEAR_RANK,20200430,HISTORICAL_DISCOVERY,False,0,,,,,,,,,,
DAILY_STATUS,IC_WEIGHTED_LINEAR_RANK,20200504,HISTORICAL_DISCOVERY,False,0,,,,,,,,,,
DAILY_STATUS,IC_WEIGHTED_LINEAR_RANK,20200505,HISTORICAL_DISCOVERY,False,0,,,,,,,,,,
DAILY_STATUS,IC_WEIGHTED_LINEAR_RANK,20200506,HISTORICAL_DISCOVERY,False,0,,,,,,,,,,
DAILY_STATUS,IC_WEIGHTED_LINEAR_RANK,20200507,HISTORICAL_DISCOVERY,False,0,,,,,,,,,,
DAILY_STATUS,IC_WEIGHTED_LINEAR_RANK,20200508,HISTORICAL_DISCOVERY,False,0,,,,,,,,,,
DAILY_STATUS,IC_WEIGHTED_LINEAR_RANK,20200511,HISTORICAL_DISCOVERY,False,0,,,,,,,,,,
DAILY_STATUS,IC_WEIGHTED_LINEAR_RANK,20200512,HISTORICAL_DISCOVERY,False,0,,,,,,,,,,
DAILY_STATUS,IC_WEIGHTED_LINEAR_RANK,20200513,HISTORICAL_DISCOVERY,False,0,,,,,,,,,,
DAILY_STATUS,IC_WEIGHTED_LINEAR_RANK,20200514,HISTORICAL_DISCOVERY,False,0,,,,,,,,,,
DAILY_STATUS,IC_WEIGHTED_LINEAR_RANK,20200515,HISTORICAL_DISCOVERY,False,0,,,,,,,,,,
DAILY_STATUS,IC_WEIGHTED_LINEAR_RANK,20200518,HISTORICAL_DISCOVERY,False,0,,,,,,,,,,
DAILY_STATUS,IC_WEIGHTED_LINEAR_RANK,20200519,HISTORICAL_DISCOVERY,False,0,,,,,,,,,,
DAILY_STATUS,IC_WEIGHTED_LINEAR_RANK,20200520,HISTORICAL_DISCOVERY,False,0,,,,,,,,,,
DAILY_STATUS,IC_WEIGHTED_LINEAR_RANK,20200521,HISTORICAL_DISCOVERY,False,0,,,,,,,,,,
DAILY_STATUS,IC_WEIGHTED_LINEAR_RANK,20200522,HISTORICAL_DISCOVERY,False,0,,,,,,,,,,
DAILY_STATUS,IC_WEIGHTED_LINEAR_RANK,20200525,HISTORICAL_DISCOVERY,False,0,,,,,,,,,,
DAILY_STATUS,IC_WEIGHTED_LINEAR_RANK,20200526,HISTORICAL_DISCOVERY,False,0,,,,,,,,,,
DAILY_STATUS,IC_WEIGHTED_LINEAR_RANK,20200527,HISTORICAL_DISCOVERY,False,0,,,,,,,,,,
DAILY_STATUS,IC_WEIGHTED_LINEAR_RANK,20200528,HISTORICAL_DISCOVERY,True,1,,,,,,,,,,
DAILY_STATUS,IC_WEIGHTED_LINEAR_RANK,20200529,HISTORICAL_DISCOVERY,True,1,,,,,,,,,,
DAILY_STATUS,IC_WEIGHTED_LINEAR_RANK,20200601,HISTORICAL_DISCOVERY,False,0,,,,,,,,,,
DAILY_STATUS,IC_WEIGHTED_LINEAR_RANK,20200602,HISTORICAL_DISCOVERY,False,0,,,,,,,,,,
DAILY_STATUS,IC_WEIGHTED_LINEAR_RANK,20200603,HISTORICAL_DISCOVERY,False,0,,,,,,,,,,
DAILY_STATUS,IC_WEIGHTED_LINEAR_RANK,20200604,HISTORICAL_DISCOVERY,False,0,,,,,,,,,,
DAILY_STATUS,IC_WEIGHTED_LINEAR_RANK,20200605,HISTORICAL_DISCOVERY,False,0,,,,,,,,,,
DAILY_STATUS,IC_WEIGHTED_LINEAR_RANK,20200608,HISTORICAL_DISCOVERY,False,0,,,,,,,,,,
DAILY_STATUS,IC_WEIGHTED_LINEAR_RANK,20200609,HISTORICAL_DISCOVERY,False,0,,,,,,,,,,
DAILY_STATUS,IC_WEIGHTED_LINEAR_RANK,20200610,HISTORICAL_DISCOVERY,False,0,,,,,,,,,,
DAILY_STATUS,IC_WEIGHTED_LINEAR_RANK,20200611,HISTORICAL_DISCOVERY,False,0,,,,,,,,,,
DAILY_STATUS,IC_WEIGHTED_LINEAR_RANK,20200612,HISTORICAL_DISCOVERY,False,0,,,,,,,,,,
DAILY_STATUS,IC_WEIGHTED_LINEAR_RANK,20200615,HISTORICAL_DISCOVERY,False,0,,,,,,,,,,
DAILY_STATUS,IC_WEIGHTED_LINEAR_RANK,20200616,HISTORICAL_DISCOVERY,False,0,,,,,,,,,,
DAILY_STATUS,IC_WEIGHTED_LINEAR_RANK,20200617,HISTORICAL_DISCOVERY,False,0,,,,,,,,,,
DAILY_STATUS,IC_WEIGHTED_LINEAR_RANK,20200618,HISTORICAL_DISCOVERY,False,0,,,,,,,,,,
DAILY_STATUS,IC_WEIGHTED_LINEAR_RANK,20200619,HISTORICAL_DISCOVERY,False,0,,,,,,,,,,
DAILY_STATUS,IC_WEIGHTED_LINEAR_RANK,20200622,HISTORICAL_DISCOVERY,False,0,,,,,,,,,,
DAILY_STATUS,IC_WEIGHTED_LINEAR_RANK,20200623,HISTORICAL_DISCOVERY,False,0,,,,,,,,,,
DAILY_STATUS,IC_WEIGHTED_LINEAR_RANK,20200624,HISTORICAL_DISCOVERY,False,0,,,,,,,,,,
DAILY_STATUS,IC_WEIGHTED_LINEAR_RANK,20200629,HISTORICAL_DISCOVERY,False,0,,,,,,,,,,
DAILY_STATUS,IC_WEIGHTED_LINEAR_RANK,20200630,HISTORICAL_DISCOVERY,False,0,,,,,,,,,,
DAILY_STATUS,IC_WEIGHTED_LINEAR_RANK,20200701,HISTORICAL_DISCOVERY,False,0,,,,,,,,,,
DAILY_STATUS,IC_WEIGHTED_LINEAR_RANK,20200702,HISTORICAL_DISCOVERY,False,0,,,,,,,,,,
DAILY_STATUS,IC_WEIGHTED_LINEAR_RANK,20200703,HISTORICAL_DISCOVERY,True,1,,,,,,,,,,
DAILY_STATUS,IC_WEIGHTED_LINEAR_RANK,20200706,HISTORICAL_DISCOVERY,False,0,,,,,,,,,,
DAILY_STATUS,IC_WEIGHTED_LINEAR_RANK,20200707,HISTORICAL_DISCOVERY,False,0,,,,,,,,,,
DAILY_STATUS,IC_WEIGHTED_LINEAR_RANK,20200708,HISTORICAL_DISCOVERY,False,0,,,,,,,,,,
DAILY_STATUS,IC_WEIGHTED_LINEAR_RANK,20200709,HISTORICAL_DISCOVERY,False,0,,,,,,,,,,
DAILY_STATUS,IC_WEIGHTED_LINEAR_RANK,20200710,HISTORICAL_DISCOVERY,False,0,,,,,,,,,,
DAILY_STATUS,IC_WEIGHTED_LINEAR_RANK,20200713,HISTORICAL_DISCOVERY,False,0,,,,,,,,,,
DAILY_STATUS,IC_WEIGHTED_LINEAR_RANK,20200714,HISTORICAL_DISCOVERY,False,0,,,,,,,,,,
DAILY_STATUS,IC_WEIGHTED_LINEAR_RANK,20200715,HISTORICAL_DISCOVERY,False,0,,,,,,,,,,
DAILY_STATUS,IC_WEIGHTED_LINEAR_RANK,20200716,HISTORICAL_DISCOVERY,False,0,,,,,,,,,,
DAILY_STATUS,IC_WEIGHTED_LINEAR_RANK,20200717,HISTORICAL_DISCOVERY,False,0,,,,,,,,,,
DAILY_STATUS,IC_WEIGHTED_LINEAR_RANK,20200720,HISTORICAL_DISCOVERY,False,0,,,,,,,,,,
DAILY_STATUS,IC_WEIGHTED_LINEAR_RANK,20200721,HISTORICAL_DISCOVERY,False,0,,,,,,,,,,
DAILY_STATUS,IC_WEIGHTED_LINEAR_RANK,20200722,HISTORICAL_DISCOVERY,False,0,,,,,,,,,,
DAILY_STATUS,IC_WEIGHTED_LINEAR_RANK,20200723,HISTORICAL_DISCOVERY,False,0,,,,,,,,,,
DAILY_STATUS,IC_WEIGHTED_LINEAR_RANK,20200724,HISTORICAL_DISCOVERY,False,0,,,,,,,,,,
DAILY_STATUS,IC_WEIGHTED_LINEAR_RANK,20200727,HISTORICAL_DISCOVERY,False,0,,,,,,,,,,
DAILY_STATUS,IC_WEIGHTED_LINEAR_RANK,20200728,HISTORICAL_DISCOVERY,False,0,,,,,,,,,,
DAILY_STATUS,IC_WEIGHTED_LINEAR_RANK,20200729,HISTORICAL_DISCOVERY,False,0,,,,,,,,,,
DAILY_STATUS,IC_WEIGHTED_LINEAR_RANK,20200730,HISTORICAL_DISCOVERY,True,4,,,,,,,,,,
DAILY_STATUS,IC_WEIGHTED_LINEAR_RANK,20200731,HISTORICAL_DISCOVERY,False,0,,,,,,,,,,
DAILY_STATUS,IC_WEIGHTED_LINEAR_RANK,20200803,HISTORICAL_DISCOVERY,False,0,,,,,,,,,,
DAILY_STATUS,IC_WEIGHTED_LINEAR_RANK,20200804,HISTORICAL_DISCOVERY,False,0,,,,,,,,,,
DAILY_STATUS,IC_WEIGHTED_LINEAR_RANK,20200805,HISTORICAL_DISCOVERY,False,0,,,,,,,,,,
DAILY_STATUS,IC_WEIGHTED_LINEAR_RANK,20200806,HISTORICAL_DISCOVERY,False,0,,,,,,,,,,
DAILY_STATUS,IC_WEIGHTED_LINEAR_RANK,20200807,HISTORICAL_DISCOVERY,False,0,,,,,,,,,,
DAILY_STATUS,IC_WEIGHTED_LINEAR_RANK,20200810,HISTORICAL_DISCOVERY,False,0,,,,,,,,,,
DAILY_STATUS,IC_WEIGHTED_LINEAR_RANK,20200811,HISTORICAL_DISCOVERY,False,0,,,,,,,,,,
DAILY_STATUS,IC_WEIGHTED_LINEAR_RANK,20200812,HISTORICAL_DISCOVERY,True,1,,,,,,,,,,
DAILY_STATUS,IC_WEIGHTED_LINEAR_RANK,20200813,HISTORICAL_DISCOVERY,False,0,,,,,,,,,,
DAILY_STATUS,IC_WEIGHTED_LINEAR_RANK,20200814,HISTORICAL_DISCOVERY,False,0,,,,,,,,,,
DAILY_STATUS,IC_WEIGHTED_LINEAR_RANK,20200817,HISTORICAL_DISCOVERY,True,1,,,,,,,,,,
DAILY_STATUS,IC_WEIGHTED_LINEAR_RANK,20200818,HISTORICAL_DISCOVERY,False,0,,,,,,,,,,
DAILY_STATUS,IC_WEIGHTED_LINEAR_RANK,20200819,HISTORICAL_DISCOVERY,False,0,,,,,,,,,,
DAILY_STATUS,IC_WEIGHTED_LINEAR_RANK,20200820,HISTORICAL_DISCOVERY,False,0,,,,,,,,,,
DAILY_STATUS,IC_WEIGHTED_LINEAR_RANK,20200821,HISTORICAL_DISCOVERY,False,0,,,,,,,,,,
DAILY_STATUS,IC_WEIGHTED_LINEAR_RANK,20200824,HISTORICAL_DISCOVERY,True,1,,,,,,,,,,
DAILY_STATUS,IC_WEIGHTED_LINEAR_RANK,20200825,HISTORICAL_DISCOVERY,False,0,,,,,,,,,,
DAILY_STATUS,IC_WEIGHTED_LINEAR_RANK,20200826,HISTORICAL_DISCOVERY,False,0,,,,,,,,,,
DAILY_STATUS,IC_WEIGHTED_LINEAR_RANK,20200827,HISTORICAL_DISCOVERY,False,0,,,,,,,,,,
DAILY_STATUS,IC_WEIGHTED_LINEAR_RANK,20200828,HISTORICAL_DISCOVERY,False,0,,,,,,,,,,
DAILY_STATUS,IC_WEIGHTED_LINEAR_RANK,20200831,HISTORICAL_DISCOVERY,True,1,,,,,,,,,,
DAILY_STATUS,IC_WEIGHTED_LINEAR_RANK,20200901,HISTORICAL_DISCOVERY,True,1,,,,,,,,,,
DAILY_STATUS,IC_WEIGHTED_LINEAR_RANK,20200902,HISTORICAL_DISCOVERY,False,0,,,,,,,,,,
DAILY_STATUS,IC_WEIGHTED_LINEAR_RANK,20200903,HISTORICAL_DISCOVERY,True,1,,,,,,,,,,
DAILY_STATUS,IC_WEIGHTED_LINEAR_RANK,20200904,HISTORICAL_DISCOVERY,False,0,,,,,,,,,,
DAILY_STATUS,IC_WEIGHTED_LINEAR_RANK,20200907,HISTORICAL_DISCOVERY,False,0,,,,,,,,,,
DAILY_STATUS,IC_WEIGHTED_LINEAR_RANK,20200908,HISTORICAL_DISCOVERY,False,0,,,,,,,,,,
DAILY_STATUS,IC_WEIGHTED_LINEAR_RANK,20200909,HISTORICAL_DISCOVERY,True,1,,,,,,,,,,
DAILY_STATUS,IC_WEIGHTED_LINEAR_RANK,20200910,HISTORICAL_DISCOVERY,False,0,,,,,,,,,,
DAILY_STATUS,IC_WEIGHTED_LINEAR_RANK,20200911,HISTORICAL_DISCOVERY,False,0,,,,,,,,,,
DAILY_STATUS,IC_WEIGHTED_LINEAR_RANK,20200914,HISTORICAL_DISCOVERY,False,0,,,,,,,,,,
DAILY_STATUS,IC_WEIGHTED_LINEAR_RANK,20200915,HISTORICAL_DISCOVERY,False,0,,,,,,,,,,
DAILY_STATUS,IC_WEIGHTED_LINEAR_RANK,20200916,HISTORICAL_DISCOVERY,False,0,,,,,,,,,,
DAILY_STATUS,IC_WEIGHTED_LINEAR_RANK,20200917,HISTORICAL_DISCOVERY,False,0,,,,,,,,,,
DAILY_STATUS,IC_WEIGHTED_LINEAR_RANK,20200918,HISTORICAL_DISCOVERY,False,0,,,,,,,,,,
DAILY_STATUS,IC_WEIGHTED_LINEAR_RANK,20200921,HISTORICAL_DISCOVERY,False,0,,,,,,,,,,
DAILY_STATUS,IC_WEIGHTED_LINEAR_RANK,20200922,HISTORICAL_DISCOVERY,False,0,,,,,,,,,,
DAILY_STATUS,IC_WEIGHTED_LINEAR_RANK,20200923,HISTORICAL_DISCOVERY,False,0,,,,,,,,,,
DAILY_STATUS,IC_WEIGHTED_LINEAR_RANK,20200924,HISTORICAL_DISCOVERY,False,0,,,,,,,,,,
DAILY_STATUS,IC_WEIGHTED_LINEAR_RANK,20200925,HISTORICAL_DISCOVERY,False,0,,,,,,,,,,
DAILY_STATUS,IC_WEIGHTED_LINEAR_RANK,20200928,HISTORICAL_DISCOVERY,False,0,,,,,,,,,,
DAILY_STATUS,IC_WEIGHTED_LINEAR_RANK,20200929,HISTORICAL_DISCOVERY,False,0,,,,,,,,,,
DAILY_STATUS,IC_WEIGHTED_LINEAR_RANK,20200930,HISTORICAL_DISCOVERY,False,0,,,,,,,,,,
DAILY_STATUS,IC_WEIGHTED_LINEAR_RANK,20201005,HISTORICAL_DISCOVERY,False,0,,,,,,,,,,
DAILY_STATUS,IC_WEIGHTED_LINEAR_RANK,20201006,HISTORICAL_DISCOVERY,False,0,,,,,,,,,,
DAILY_STATUS,IC_WEIGHTED_LINEAR_RANK,20201007,HISTORICAL_DISCOVERY,False,0,,,,,,,,,,
DAILY_STATUS,IC_WEIGHTED_LINEAR_RANK,20201008,HISTORICAL_DISCOVERY,False,0,,,,,,,,,,
DAILY_STATUS,IC_WEIGHTED_LINEAR_RANK,20201012,HISTORICAL_DISCOVERY,False,0,,,,,,,,,,
DAILY_STATUS,IC_WEIGHTED_LINEAR_RANK,20201013,HISTORICAL_DISCOVERY,False,0,,,,,,,,,,
DAILY_STATUS,IC_WEIGHTED_LINEAR_RANK,20201014,HISTORICAL_DISCOVERY,True,1,,,,,,,,,,
DAILY_STATUS,IC_WEIGHTED_LINEAR_RANK,20201015,HISTORICAL_DISCOVERY,False,0,,,,,,,,,,
DAILY_STATUS,IC_WEIGHTED_LINEAR_RANK,20201016,HISTORICAL_DISCOVERY,False,0,,,,,,,,,,
DAILY_STATUS,IC_WEIGHTED_LINEAR_RANK,20201019,HISTORICAL_DISCOVERY,False,0,,,,,,,,,,
DAILY_STATUS,IC_WEIGHTED_LINEAR_RANK,20201020,HISTORICAL_DISCOVERY,False,0,,,,,,,,,,
DAILY_STATUS,IC_WEIGHTED_LINEAR_RANK,20201021,HISTORICAL_DISCOVERY,False,0,,,,,,,,,,
DAILY_STATUS,IC_WEIGHTED_LINEAR_RANK,20201022,HISTORICAL_DISCOVERY,False,0,,,,,,,,,,
DAILY_STATUS,IC_WEIGHTED_LINEAR_RANK,20201023,HISTORICAL_DISCOVERY,False,0,,,,,,,,,,
DAILY_STATUS,IC_WEIGHTED_LINEAR_RANK,20201026,HISTORICAL_DISCOVERY,False,0,,,,,,,,,,
DAILY_STATUS,IC_WEIGHTED_LINEAR_RANK,20201027,HISTORICAL_DISCOVERY,False,0,,,,,,,,,,
DAILY_STATUS,IC_WEIGHTED_LINEAR_RANK,20201028,HISTORICAL_DISCOVERY,False,0,,,,,,,,,,
DAILY_STATUS,IC_WEIGHTED_LINEAR_RANK,20201029,HISTORICAL_DISCOVERY,False,0,,,,,,,,,,
DAILY_STATUS,IC_WEIGHTED_LINEAR_RANK,20201030,HISTORICAL_DISCOVERY,False,0,,,,,,,,,,
DAILY_STATUS,IC_WEIGHTED_LINEAR_RANK,20201102,HISTORICAL_DISCOVERY,False,0,,,,,,,,,,
DAILY_STATUS,IC_WEIGHTED_LINEAR_RANK,20201103,HISTORICAL_DISCOVERY,False,0,,,,,,,,,,
DAILY_STATUS,IC_WEIGHTED_LINEAR_RANK,20201104,HISTORICAL_DISCOVERY,False,0,,,,,,,,,,
DAILY_STATUS,IC_WEIGHTED_LINEAR_RANK,20201105,HISTORICAL_DISCOVERY,False,0,,,,,,,,,,
DAILY_STATUS,IC_WEIGHTED_LINEAR_RANK,20201106,HISTORICAL_DISCOVERY,False,0,,,,,,,,,,
DAILY_STATUS,IC_WEIGHTED_LINEAR_RANK,20201109,HISTORICAL_DISCOVERY,False,0,,,,,,,,,,
DAILY_STATUS,IC_WEIGHTED_LINEAR_RANK,20201110,HISTORICAL_DISCOVERY,False,0,,,,,,,,,,
DAILY_STATUS,IC_WEIGHTED_LINEAR_RANK,20201111,HISTORICAL_DISCOVERY,False,0,,,,,,,,,,
DAILY_STATUS,IC_WEIGHTED_LINEAR_RANK,20201112,HISTORICAL_DISCOVERY,False,0,,,,,,,,,,
DAILY_STATUS,IC_WEIGHTED_LINEAR_RANK,20201113,HISTORICAL_DISCOVERY,False,0,,,,,,,,,,
DAILY_STATUS,IC_WEIGHTED_LINEAR_RANK,20201116,HISTORICAL_DISCOVERY,False,0,,,,,,,,,,
DAILY_STATUS,IC_WEIGHTED_LINEAR_RANK,20201117,HISTORICAL_DISCOVERY,False,0,,,,,,,,,,
DAILY_STATUS,IC_WEIGHTED_LINEAR_RANK,20201118,HISTORICAL_DISCOVERY,False,0,,,,,,,,,,
DAILY_STATUS,IC_WEIGHTED_LINEAR_RANK,20201119,HISTORICAL_DISCOVERY,False,0,,,,,,,,,,
DAILY_STATUS,IC_WEIGHTED_LINEAR_RANK,20201120,HISTORICAL_DISCOVERY,False,0,,,,,,,,,,
DAILY_STATUS,IC_WEIGHTED_LINEAR_RANK,20201123,HISTORICAL_DISCOVERY,False,0,,,,,,,,,,
DAILY_STATUS,IC_WEIGHTED_LINEAR_RANK,20201124,HISTORICAL_DISCOVERY,False,0,,,,,,,,,,
DAILY_STATUS,IC_WEIGHTED_LINEAR_RANK,20201125,HISTORICAL_DISCOVERY,False,0,,,,,,,,,,
DAILY_STATUS,IC_WEIGHTED_LINEAR_RANK,20201126,HISTORICAL_DISCOVERY,False,0,,,,,,,,,,
DAILY_STATUS,IC_WEIGHTED_LINEAR_RANK,20201127,HISTORICAL_DISCOVERY,False,0,,,,,,,,,,
DAILY_STATUS,IC_WEIGHTED_LINEAR_RANK,20201130,HISTORICAL_DISCOVERY,False,0,,,,,,,,,,
DAILY_STATUS,IC_WEIGHTED_LINEAR_RANK,20201201,HISTORICAL_DISCOVERY,False,0,,,,,,,,,,
DAILY_STATUS,IC_WEIGHTED_LINEAR_RANK,20201202,HISTORICAL_DISCOVERY,False,0,,,,,,,,,,
DAILY_STATUS,IC_WEIGHTED_LINEAR_RANK,20201203,HISTORICAL_DISCOVERY,False,0,,,,,,,,,,
DAILY_STATUS,IC_WEIGHTED_LINEAR_RANK,20201204,HISTORICAL_DISCOVERY,False,0,,,,,,,,,,
DAILY_STATUS,IC_WEIGHTED_LINEAR_RANK,20201207,HISTORICAL_DISCOVERY,False,0,,,,,,,,,,
DAILY_STATUS,IC_WEIGHTED_LINEAR_RANK,20201208,HISTORICAL_DISCOVERY,False,0,,,,,,,,,,
DAILY_STATUS,IC_WEIGHTED_LINEAR_RANK,20201209,HISTORICAL_DISCOVERY,False,0,,,,,,,,,,
DAILY_STATUS,IC_WEIGHTED_LINEAR_RANK,20201210,HISTORICAL_DISCOVERY,False,0,,,,,,,,,,
DAILY_STATUS,IC_WEIGHTED_LINEAR_RANK,20201211,HISTORICAL_DISCOVERY,False,0,,,,,,,,,,
DAILY_STATUS,IC_WEIGHTED_LINEAR_RANK,20201214,HISTORICAL_DISCOVERY,False,0,,,,,,,,,,
DAILY_STATUS,IC_WEIGHTED_LINEAR_RANK,20201215,HISTORICAL_DISCOVERY,False,0,,,,,,,,,,
DAILY_STATUS,IC_WEIGHTED_LINEAR_RANK,20201216,HISTORICAL_DISCOVERY,False,0,,,,,,,,,,
DAILY_STATUS,IC_WEIGHTED_LINEAR_RANK,20201217,HISTORICAL_DISCOVERY,False,0,,,,,,,,,,
DAILY_STATUS,IC_WEIGHTED_LINEAR_RANK,20201218,HISTORICAL_DISCOVERY,False,0,,,,,,,,,,
DAILY_STATUS,IC_WEIGHTED_LINEAR_RANK,20201221,HISTORICAL_DISCOVERY,False,0,,,,,,,,,,
DAILY_STATUS,IC_WEIGHTED_LINEAR_RANK,20201222,HISTORICAL_DISCOVERY,False,0,,,,,,,,,,
DAILY_STATUS,IC_WEIGHTED_LINEAR_RANK,20201223,HISTORICAL_DISCOVERY,False,0,,,,,,,,,,
DAILY_STATUS,IC_WEIGHTED_LINEAR_RANK,20201224,HISTORICAL_DISCOVERY,False,0,,,,,,,,,,
DAILY_STATUS,IC_WEIGHTED_LINEAR_RANK,20201225,HISTORICAL_DISCOVERY,False,0,,,,,,,,,,
DAILY_STATUS,IC_WEIGHTED_LINEAR_RANK,20201228,HISTORICAL_DISCOVERY,True,1,,,,,,,,,,
DAILY_STATUS,IC_WEIGHTED_LINEAR_RANK,20201229,HISTORICAL_DISCOVERY,False,0,,,,,,,,,,
DAILY_STATUS,IC_WEIGHTED_LINEAR_RANK,20201230,HISTORICAL_DISCOVERY,False,0,,,,,,,,,,
DAILY_STATUS,IC_WEIGHTED_LINEAR_RANK,20201231,HISTORICAL_DISCOVERY,False,0,,,,,,,,,,
DAILY_STATUS,IC_WEIGHTED_LINEAR_RANK,20210104,HISTORICAL_DISCOVERY,False,0,,,,,,,,,,
DAILY_STATUS,IC_WEIGHTED_LINEAR_RANK,20210105,HISTORICAL_DISCOVERY,False,0,,,,,,,,,,
DAILY_STATUS,IC_WEIGHTED_LINEAR_RANK,20210106,HISTORICAL_DISCOVERY,False,0,,,,,,,,,,
DAILY_STATUS,IC_WEIGHTED_LINEAR_RANK,20210107,HISTORICAL_DISCOVERY,False,0,,,,,,,,,,
DAILY_STATUS,IC_WEIGHTED_LINEAR_RANK,20210108,HISTORICAL_DISCOVERY,True,1,,,,,,,,,,
DAILY_STATUS,IC_WEIGHTED_LINEAR_RANK,20210111,HISTORICAL_DISCOVERY,False,0,,,,,,,,,,
DAILY_STATUS,IC_WEIGHTED_LINEAR_RANK,20210112,HISTORICAL_DISCOVERY,False,0,,,,,,,,,,
DAILY_STATUS,IC_WEIGHTED_LINEAR_RANK,20210113,HISTORICAL_DISCOVERY,False,0,,,,,,,,,,
DAILY_STATUS,IC_WEIGHTED_LINEAR_RANK,20210114,HISTORICAL_DISCOVERY,False,0,,,,,,,,,,
DAILY_STATUS,IC_WEIGHTED_LINEAR_RANK,20210115,HISTORICAL_DISCOVERY,False,0,,,,,,,,,,
DAILY_STATUS,IC_WEIGHTED_LINEAR_RANK,20210118,HISTORICAL_DISCOVERY,False,0,,,,,,,,,,
DAILY_STATUS,IC_WEIGHTED_LINEAR_RANK,20210119,HISTORICAL_DISCOVERY,False,0,,,,,,,,,,
DAILY_STATUS,IC_WEIGHTED_LINEAR_RANK,20210120,HISTORICAL_DISCOVERY,False,0,,,,,,,,,,
DAILY_STATUS,IC_WEIGHTED_LINEAR_RANK,20210121,HISTORICAL_DISCOVERY,False,0,,,,,,,,,,
DAILY_STATUS,IC_WEIGHTED_LINEAR_RANK,20210122,HISTORICAL_DISCOVERY,False,0,,,,,,,,,,
DAILY_STATUS,IC_WEIGHTED_LINEAR_RANK,20210125,HISTORICAL_DISCOVERY,False,0,,,,,,,,,,
DAILY_STATUS,IC_WEIGHTED_LINEAR_RANK,20210126,HISTORICAL_DISCOVERY,False,0,,,,,,,,,,
DAILY_STATUS,IC_WEIGHTED_LINEAR_RANK,20210127,HISTORICAL_DISCOVERY,True,1,,,,,,,,,,
DAILY_STATUS,IC_WEIGHTED_LINEAR_RANK,20210128,HISTORICAL_DISCOVERY,False,0,,,,,,,,,,
DAILY_STATUS,IC_WEIGHTED_LINEAR_RANK,20210129,HISTORICAL_DISCOVERY,False,0,,,,,,,,,,
DAILY_STATUS,IC_WEIGHTED_LINEAR_RANK,20210201,HISTORICAL_DISCOVERY,False,0,,,,,,,,,,
DAILY_STATUS,IC_WEIGHTED_LINEAR_RANK,20210202,HISTORICAL_DISCOVERY,True,2,,,,,,,,,,
DAILY_STATUS,IC_WEIGHTED_LINEAR_RANK,20210203,HISTORICAL_DISCOVERY,True,1,,,,,,,,,,
DAILY_STATUS,IC_WEIGHTED_LINEAR_RANK,20210204,HISTORICAL_DISCOVERY,False,0,,,,,,,,,,
DAILY_STATUS,IC_WEIGHTED_LINEAR_RANK,20210205,HISTORICAL_DISCOVERY,False,0,,,,,,,,,,
DAILY_STATUS,IC_WEIGHTED_LINEAR_RANK,20210217,HISTORICAL_DISCOVERY,False,0,,,,,,,,,,
DAILY_STATUS,IC_WEIGHTED_LINEAR_RANK,20210218,HISTORICAL_DISCOVERY,False,0,,,,,,,,,,
DAILY_STATUS,IC_WEIGHTED_LINEAR_RANK,20210219,HISTORICAL_DISCOVERY,False,0,,,,,,,,,,
DAILY_STATUS,IC_WEIGHTED_LINEAR_RANK,20210222,HISTORICAL_DISCOVERY,False,0,,,,,,,,,,
DAILY_STATUS,IC_WEIGHTED_LINEAR_RANK,20210223,HISTORICAL_DISCOVERY,False,0,,,,,,,,,,
DAILY_STATUS,IC_WEIGHTED_LINEAR_RANK,20210224,HISTORICAL_DISCOVERY,False,0,,,,,,,,,,
DAILY_STATUS,IC_WEIGHTED_LINEAR_RANK,20210225,HISTORICAL_DISCOVERY,False,0,,,,,,,,,,
DAILY_STATUS,IC_WEIGHTED_LINEAR_RANK,20210226,HISTORICAL_DISCOVERY,False,0,,,,,,,,,,
DAILY_STATUS,IC_WEIGHTED_LINEAR_RANK,20210302,HISTORICAL_DISCOVERY,False,0,,,,,,,,,,
DAILY_STATUS,IC_WEIGHTED_LINEAR_RANK,20210303,HISTORICAL_DISCOVERY,False,0,,,,,,,,,,
DAILY_STATUS,IC_WEIGHTED_LINEAR_RANK,20210304,HISTORICAL_DISCOVERY,False,0,,,,,,,,,,
DAILY_STATUS,IC_WEIGHTED_LINEAR_RANK,20210305,HISTORICAL_DISCOVERY,False,0,,,,,,,,,,
DAILY_STATUS,IC_WEIGHTED_LINEAR_RANK,20210308,HISTORICAL_DISCOVERY,False,0,,,,,,,,,,
DAILY_STATUS,IC_WEIGHTED_LINEAR_RANK,20210309,HISTORICAL_DISCOVERY,False,0,,,,,,,,,,
DAILY_STATUS,IC_WEIGHTED_LINEAR_RANK,20210310,HISTORICAL_DISCOVERY,False,0,,,,,,,,,,
DAILY_STATUS,IC_WEIGHTED_LINEAR_RANK,20210311,HISTORICAL_DISCOVERY,False,0,,,,,,,,,,
DAILY_STATUS,IC_WEIGHTED_LINEAR_RANK,20210312,HISTORICAL_DISCOVERY,False,0,,,,,,,,,,
DAILY_STATUS,IC_WEIGHTED_LINEAR_RANK,20210315,HISTORICAL_DISCOVERY,False,0,,,,,,,,,,
DAILY_STATUS,IC_WEIGHTED_LINEAR_RANK,20210316,HISTORICAL_DISCOVERY,False,0,,,,,,,,,,
DAILY_STATUS,IC_WEIGHTED_LINEAR_RANK,20210317,HISTORICAL_DISCOVERY,False,0,,,,,,,,,,
DAILY_STATUS,IC_WEIGHTED_LINEAR_RANK,20210318,HISTORICAL_DISCOVERY,True,1,,,,,,,,,,
DAILY_STATUS,IC_WEIGHTED_LINEAR_RANK,20210319,HISTORICAL_DISCOVERY,False,0,,,,,,,,,,
DAILY_STATUS,IC_WEIGHTED_LINEAR_RANK,20210322,HISTORICAL_DISCOVERY,False,0,,,,,,,,,,
DAILY_STATUS,IC_WEIGHTED_LINEAR_RANK,20210323,HISTORICAL_DISCOVERY,True,1,,,,,,,,,,
DAILY_STATUS,IC_WEIGHTED_LINEAR_RANK,20210324,HISTORICAL_DISCOVERY,False,0,,,,,,,,,,
DAILY_STATUS,IC_WEIGHTED_LINEAR_RANK,20210325,HISTORICAL_DISCOVERY,False,0,,,,,,,,,,
DAILY_STATUS,IC_WEIGHTED_LINEAR_RANK,20210326,HISTORICAL_DISCOVERY,False,0,,,,,,,,,,
DAILY_STATUS,IC_WEIGHTED_LINEAR_RANK,20210329,HISTORICAL_DISCOVERY,False,0,,,,,,,,,,
DAILY_STATUS,IC_WEIGHTED_LINEAR_RANK,20210330,HISTORICAL_DISCOVERY,False,0,,,,,,,,,,
DAILY_STATUS,IC_WEIGHTED_LINEAR_RANK,20210331,HISTORICAL_DISCOVERY,False,0,,,,,,,,,,
DAILY_STATUS,IC_WEIGHTED_LINEAR_RANK,20210401,HISTORICAL_DISCOVERY,False,0,,,,,,,,,,
DAILY_STATUS,IC_WEIGHTED_LINEAR_RANK,20210406,HISTORICAL_DISCOVERY,False,0,,,,,,,,,,
DAILY_STATUS,IC_WEIGHTED_LINEAR_RANK,20210407,HISTORICAL_DISCOVERY,False,0,,,,,,,,,,
DAILY_STATUS,IC_WEIGHTED_LINEAR_RANK,20210408,HISTORICAL_DISCOVERY,False,0,,,,,,,,,,
DAILY_STATUS,IC_WEIGHTED_LINEAR_RANK,20210409,HISTORICAL_DISCOVERY,False,0,,,,,,,,,,
DAILY_STATUS,IC_WEIGHTED_LINEAR_RANK,20210412,HISTORICAL_DISCOVERY,False,0,,,,,,,,,,
DAILY_STATUS,IC_WEIGHTED_LINEAR_RANK,20210413,HISTORICAL_DISCOVERY,False,0,,,,,,,,,,
DAILY_STATUS,IC_WEIGHTED_LINEAR_RANK,20210414,HISTORICAL_DISCOVERY,False,0,,,,,,,,,,
DAILY_STATUS,IC_WEIGHTED_LINEAR_RANK,20210415,HISTORICAL_DISCOVERY,False,0,,,,,,,,,,
DAILY_STATUS,IC_WEIGHTED_LINEAR_RANK,20210416,HISTORICAL_DISCOVERY,False,0,,,,,,,,,,
DAILY_STATUS,IC_WEIGHTED_LINEAR_RANK,20210419,HISTORICAL_DISCOVERY,False,0,,,,,,,,,,
DAILY_STATUS,IC_WEIGHTED_LINEAR_RANK,20210420,HISTORICAL_DISCOVERY,False,0,,,,,,,,,,
DAILY_STATUS,IC_WEIGHTED_LINEAR_RANK,20210421,HISTORICAL_DISCOVERY,False,0,,,,,,,,,,
DAILY_STATUS,IC_WEIGHTED_LINEAR_RANK,20210422,HISTORICAL_DISCOVERY,False,0,,,,,,,,,,
DAILY_STATUS,IC_WEIGHTED_LINEAR_RANK,20210423,HISTORICAL_DISCOVERY,False,0,,,,,,,,,,
DAILY_STATUS,IC_WEIGHTED_LINEAR_RANK,20210426,HISTORICAL_DISCOVERY,True,2,,,,,,,,,,
DAILY_STATUS,IC_WEIGHTED_LINEAR_RANK,20210427,HISTORICAL_DISCOVERY,False,0,,,,,,,,,,
DAILY_STATUS,IC_WEIGHTED_LINEAR_RANK,20210428,HISTORICAL_DISCOVERY,False,0,,,,,,,,,,
DAILY_STATUS,IC_WEIGHTED_LINEAR_RANK,20210429,HISTORICAL_DISCOVERY,False,0,,,,,,,,,,
DAILY_STATUS,IC_WEIGHTED_LINEAR_RANK,20210503,HISTORICAL_DISCOVERY,False,0,,,,,,,,,,
DAILY_STATUS,IC_WEIGHTED_LINEAR_RANK,20210504,HISTORICAL_DISCOVERY,False,0,,,,,,,,,,
DAILY_STATUS,IC_WEIGHTED_LINEAR_RANK,20210505,HISTORICAL_DISCOVERY,False,0,,,,,,,,,,
DAILY_STATUS,IC_WEIGHTED_LINEAR_RANK,20210506,HISTORICAL_DISCOVERY,False,0,,,,,,,,,,
DAILY_STATUS,IC_WEIGHTED_LINEAR_RANK,20210507,HISTORICAL_DISCOVERY,True,1,,,,,,,,,,
DAILY_STATUS,IC_WEIGHTED_LINEAR_RANK,20210510,HISTORICAL_DISCOVERY,False,0,,,,,,,,,,
DAILY_STATUS,IC_WEIGHTED_LINEAR_RANK,20210511,HISTORICAL_DISCOVERY,False,0,,,,,,,,,,
DAILY_STATUS,IC_WEIGHTED_LINEAR_RANK,20210512,HISTORICAL_DISCOVERY,False,0,,,,,,,,,,
DAILY_STATUS,IC_WEIGHTED_LINEAR_RANK,20210513,HISTORICAL_DISCOVERY,False,0,,,,,,,,,,
DAILY_STATUS,IC_WEIGHTED_LINEAR_RANK,20210514,HISTORICAL_DISCOVERY,False,0,,,,,,,,,,
DAILY_STATUS,IC_WEIGHTED_LINEAR_RANK,20210517,HISTORICAL_DISCOVERY,False,0,,,,,,,,,,
DAILY_STATUS,IC_WEIGHTED_LINEAR_RANK,20210518,HISTORICAL_DISCOVERY,False,0,,,,,,,,,,
DAILY_STATUS,IC_WEIGHTED_LINEAR_RANK,20210519,HISTORICAL_DISCOVERY,False,0,,,,,,,,,,
DAILY_STATUS,IC_WEIGHTED_LINEAR_RANK,20210520,HISTORICAL_DISCOVERY,False,0,,,,,,,,,,
DAILY_STATUS,IC_WEIGHTED_LINEAR_RANK,20210521,HISTORICAL_DISCOVERY,True,1,,,,,,,,,,
DAILY_STATUS,IC_WEIGHTED_LINEAR_RANK,20210524,HISTORICAL_DISCOVERY,True,3,,,,,,,,,,
DAILY_STATUS,IC_WEIGHTED_LINEAR_RANK,20210525,HISTORICAL_DISCOVERY,True,1,,,,,,,,,,
DAILY_STATUS,IC_WEIGHTED_LINEAR_RANK,20210526,HISTORICAL_DISCOVERY,False,0,,,,,,,,,,
DAILY_STATUS,IC_WEIGHTED_LINEAR_RANK,20210527,HISTORICAL_DISCOVERY,False,0,,,,,,,,,,
DAILY_STATUS,IC_WEIGHTED_LINEAR_RANK,20210528,HISTORICAL_DISCOVERY,False,0,,,,,,,,,,
DAILY_STATUS,IC_WEIGHTED_LINEAR_RANK,20210531,HISTORICAL_DISCOVERY,False,0,,,,,,,,,,
DAILY_STATUS,IC_WEIGHTED_LINEAR_RANK,20210601,HISTORICAL_DISCOVERY,False,0,,,,,,,,,,
DAILY_STATUS,IC_WEIGHTED_LINEAR_RANK,20210602,HISTORICAL_DISCOVERY,False,0,,,,,,,,,,
DAILY_STATUS,IC_WEIGHTED_LINEAR_RANK,20210603,HISTORICAL_DISCOVERY,False,0,,,,,,,,,,
DAILY_STATUS,IC_WEIGHTED_LINEAR_RANK,20210604,HISTORICAL_DISCOVERY,False,0,,,,,,,,,,
DAILY_STATUS,IC_WEIGHTED_LINEAR_RANK,20210607,HISTORICAL_DISCOVERY,False,0,,,,,,,,,,
DAILY_STATUS,IC_WEIGHTED_LINEAR_RANK,20210608,HISTORICAL_DISCOVERY,False,0,,,,,,,,,,
DAILY_STATUS,IC_WEIGHTED_LINEAR_RANK,20210609,HISTORICAL_DISCOVERY,False,0,,,,,,,,,,
DAILY_STATUS,IC_WEIGHTED_LINEAR_RANK,20210610,HISTORICAL_DISCOVERY,True,1,,,,,,,,,,
DAILY_STATUS,IC_WEIGHTED_LINEAR_RANK,20210611,HISTORICAL_DISCOVERY,False,0,,,,,,,,,,
DAILY_STATUS,IC_WEIGHTED_LINEAR_RANK,20210615,HISTORICAL_DISCOVERY,False,0,,,,,,,,,,
DAILY_STATUS,IC_WEIGHTED_LINEAR_RANK,20210616,HISTORICAL_DISCOVERY,False,0,,,,,,,,,,
DAILY_STATUS,IC_WEIGHTED_LINEAR_RANK,20210617,HISTORICAL_DISCOVERY,False,0,,,,,,,,,,
DAILY_STATUS,IC_WEIGHTED_LINEAR_RANK,20210618,HISTORICAL_DISCOVERY,False,0,,,,,,,,,,
DAILY_STATUS,IC_WEIGHTED_LINEAR_RANK,20210621,HISTORICAL_DISCOVERY,False,0,,,,,,,,,,
DAILY_STATUS,IC_WEIGHTED_LINEAR_RANK,20210622,HISTORICAL_DISCOVERY,False,0,,,,,,,,,,
DAILY_STATUS,IC_WEIGHTED_LINEAR_RANK,20210623,HISTORICAL_DISCOVERY,False,0,,,,,,,,,,
DAILY_STATUS,IC_WEIGHTED_LINEAR_RANK,20210624,HISTORICAL_DISCOVERY,False,0,,,,,,,,,,
DAILY_STATUS,IC_WEIGHTED_LINEAR_RANK,20210625,HISTORICAL_DISCOVERY,False,0,,,,,,,,,,
DAILY_STATUS,IC_WEIGHTED_LINEAR_RANK,20210628,HISTORICAL_DISCOVERY,False,0,,,,,,,,,,
DAILY_STATUS,IC_WEIGHTED_LINEAR_RANK,20210629,HISTORICAL_DISCOVERY,False,0,,,,,,,,,,
DAILY_STATUS,IC_WEIGHTED_LINEAR_RANK,20210630,HISTORICAL_DISCOVERY,False,0,,,,,,,,,,
DAILY_STATUS,IC_WEIGHTED_LINEAR_RANK,20210701,HISTORICAL_DISCOVERY,False,0,,,,,,,,,,
DAILY_STATUS,IC_WEIGHTED_LINEAR_RANK,20210702,HISTORICAL_DISCOVERY,False,0,,,,,,,,,,
DAILY_STATUS,IC_WEIGHTED_LINEAR_RANK,20210705,HISTORICAL_DISCOVERY,False,0,,,,,,,,,,
DAILY_STATUS,IC_WEIGHTED_LINEAR_RANK,20210706,HISTORICAL_DISCOVERY,False,0,,,,,,,,,,
DAILY_STATUS,IC_WEIGHTED_LINEAR_RANK,20210707,HISTORICAL_DISCOVERY,False,0,,,,,,,,,,
DAILY_STATUS,IC_WEIGHTED_LINEAR_RANK,20210708,HISTORICAL_DISCOVERY,False,0,,,,,,,,,,
DAILY_STATUS,IC_WEIGHTED_LINEAR_RANK,20210709,HISTORICAL_DISCOVERY,False,0,,,,,,,,,,
DAILY_STATUS,IC_WEIGHTED_LINEAR_RANK,20210712,HISTORICAL_DISCOVERY,False,0,,,,,,,,,,
DAILY_STATUS,IC_WEIGHTED_LINEAR_RANK,20210713,HISTORICAL_DISCOVERY,False,0,,,,,,,,,,
DAILY_STATUS,IC_WEIGHTED_LINEAR_RANK,20210714,HISTORICAL_DISCOVERY,True,1,,,,,,,,,,
DAILY_STATUS,IC_WEIGHTED_LINEAR_RANK,20210715,HISTORICAL_DISCOVERY,False,0,,,,,,,,,,
DAILY_STATUS,IC_WEIGHTED_LINEAR_RANK,20210716,HISTORICAL_DISCOVERY,False,0,,,,,,,,,,
DAILY_STATUS,IC_WEIGHTED_LINEAR_RANK,20210719,HISTORICAL_DISCOVERY,False,0,,,,,,,,,,
DAILY_STATUS,IC_WEIGHTED_LINEAR_RANK,20210720,HISTORICAL_DISCOVERY,False,0,,,,,,,,,,
DAILY_STATUS,IC_WEIGHTED_LINEAR_RANK,20210721,HISTORICAL_DISCOVERY,False,0,,,,,,,,,,
DAILY_STATUS,IC_WEIGHTED_LINEAR_RANK,20210722,HISTORICAL_DISCOVERY,False,0,,,,,,,,,,
DAILY_STATUS,IC_WEIGHTED_LINEAR_RANK,20210723,HISTORICAL_DISCOVERY,False,0,,,,,,,,,,
DAILY_STATUS,IC_WEIGHTED_LINEAR_RANK,20210726,HISTORICAL_DISCOVERY,True,2,,,,,,,,,,
DAILY_STATUS,IC_WEIGHTED_LINEAR_RANK,20210727,HISTORICAL_DISCOVERY,False,0,,,,,,,,,,
DAILY_STATUS,IC_WEIGHTED_LINEAR_RANK,20210728,HISTORICAL_DISCOVERY,False,0,,,,,,,,,,
DAILY_STATUS,IC_WEIGHTED_LINEAR_RANK,20210729,HISTORICAL_DISCOVERY,True,2,,,,,,,,,,
DAILY_STATUS,IC_WEIGHTED_LINEAR_RANK,20210730,HISTORICAL_DISCOVERY,False,0,,,,,,,,,,
DAILY_STATUS,IC_WEIGHTED_LINEAR_RANK,20210802,HISTORICAL_DISCOVERY,False,0,,,,,,,,,,
DAILY_STATUS,IC_WEIGHTED_LINEAR_RANK,20210803,HISTORICAL_DISCOVERY,False,0,,,,,,,,,,
DAILY_STATUS,IC_WEIGHTED_LINEAR_RANK,20210804,HISTORICAL_DISCOVERY,True,1,,,,,,,,,,
DAILY_STATUS,IC_WEIGHTED_LINEAR_RANK,20210805,HISTORICAL_DISCOVERY,False,0,,,,,,,,,,
DAILY_STATUS,IC_WEIGHTED_LINEAR_RANK,20210806,HISTORICAL_DISCOVERY,True,1,,,,,,,,,,
DAILY_STATUS,IC_WEIGHTED_LINEAR_RANK,20210809,HISTORICAL_DISCOVERY,False,0,,,,,,,,,,
DAILY_STATUS,IC_WEIGHTED_LINEAR_RANK,20210810,HISTORICAL_DISCOVERY,False,0,,,,,,,,,,
DAILY_STATUS,IC_WEIGHTED_LINEAR_RANK,20210811,HISTORICAL_DISCOVERY,False,0,,,,,,,,,,
DAILY_STATUS,IC_WEIGHTED_LINEAR_RANK,20210812,HISTORICAL_DISCOVERY,False,0,,,,,,,,,,
DAILY_STATUS,IC_WEIGHTED_LINEAR_RANK,20210813,HISTORICAL_DISCOVERY,False,0,,,,,,,,,,
DAILY_STATUS,IC_WEIGHTED_LINEAR_RANK,20210816,HISTORICAL_DISCOVERY,False,0,,,,,,,,,,
DAILY_STATUS,IC_WEIGHTED_LINEAR_RANK,20210817,HISTORICAL_DISCOVERY,False,0,,,,,,,,,,
DAILY_STATUS,IC_WEIGHTED_LINEAR_RANK,20210818,HISTORICAL_DISCOVERY,True,1,,,,,,,,,,
DAILY_STATUS,IC_WEIGHTED_LINEAR_RANK,20210819,HISTORICAL_DISCOVERY,False,0,,,,,,,,,,
DAILY_STATUS,IC_WEIGHTED_LINEAR_RANK,20210820,HISTORICAL_DISCOVERY,False,0,,,,,,,,,,
DAILY_STATUS,IC_WEIGHTED_LINEAR_RANK,20210823,HISTORICAL_DISCOVERY,False,0,,,,,,,,,,
DAILY_STATUS,IC_WEIGHTED_LINEAR_RANK,20210824,HISTORICAL_DISCOVERY,False,0,,,,,,,,,,
DAILY_STATUS,IC_WEIGHTED_LINEAR_RANK,20210825,HISTORICAL_DISCOVERY,False,0,,,,,,,,,,
DAILY_STATUS,IC_WEIGHTED_LINEAR_RANK,20210826,HISTORICAL_DISCOVERY,False,0,,,,,,,,,,
DAILY_STATUS,IC_WEIGHTED_LINEAR_RANK,20210827,HISTORICAL_DISCOVERY,False,0,,,,,,,,,,
DAILY_STATUS,IC_WEIGHTED_LINEAR_RANK,20210830,HISTORICAL_DISCOVERY,False,0,,,,,,,,,,
DAILY_STATUS,IC_WEIGHTED_LINEAR_RANK,20210831,HISTORICAL_DISCOVERY,False,0,,,,,,,,,,
DAILY_STATUS,IC_WEIGHTED_LINEAR_RANK,20210901,HISTORICAL_DISCOVERY,True,5,,,,,,,,,,
DAILY_STATUS,IC_WEIGHTED_LINEAR_RANK,20210902,HISTORICAL_DISCOVERY,False,0,,,,,,,,,,
DAILY_STATUS,IC_WEIGHTED_LINEAR_RANK,20210903,HISTORICAL_DISCOVERY,False,0,,,,,,,,,,
DAILY_STATUS,IC_WEIGHTED_LINEAR_RANK,20210906,HISTORICAL_DISCOVERY,False,0,,,,,,,,,,
DAILY_STATUS,IC_WEIGHTED_LINEAR_RANK,20210907,HISTORICAL_DISCOVERY,False,0,,,,,,,,,,
DAILY_STATUS,IC_WEIGHTED_LINEAR_RANK,20210908,HISTORICAL_DISCOVERY,False,0,,,,,,,,,,
DAILY_STATUS,IC_WEIGHTED_LINEAR_RANK,20210909,HISTORICAL_DISCOVERY,False,0,,,,,,,,,,
DAILY_STATUS,IC_WEIGHTED_LINEAR_RANK,20210910,HISTORICAL_DISCOVERY,True,2,,,,,,,,,,
DAILY_STATUS,IC_WEIGHTED_LINEAR_RANK,20210913,HISTORICAL_DISCOVERY,False,0,,,,,,,,,,
DAILY_STATUS,IC_WEIGHTED_LINEAR_RANK,20210914,HISTORICAL_DISCOVERY,False,0,,,,,,,,,,
DAILY_STATUS,IC_WEIGHTED_LINEAR_RANK,20210915,HISTORICAL_DISCOVERY,False,0,,,,,,,,,,
DAILY_STATUS,IC_WEIGHTED_LINEAR_RANK,20210916,HISTORICAL_DISCOVERY,False,0,,,,,,,,,,
DAILY_STATUS,IC_WEIGHTED_LINEAR_RANK,20210917,HISTORICAL_DISCOVERY,True,3,,,,,,,,,,
DAILY_STATUS,IC_WEIGHTED_LINEAR_RANK,20210922,HISTORICAL_DISCOVERY,False,0,,,,,,,,,,
DAILY_STATUS,IC_WEIGHTED_LINEAR_RANK,20210923,HISTORICAL_DISCOVERY,False,0,,,,,,,,,,
DAILY_STATUS,IC_WEIGHTED_LINEAR_RANK,20210924,HISTORICAL_DISCOVERY,False,0,,,,,,,,,,
DAILY_STATUS,IC_WEIGHTED_LINEAR_RANK,20210927,HISTORICAL_DISCOVERY,True,1,,,,,,,,,,
DAILY_STATUS,IC_WEIGHTED_LINEAR_RANK,20210928,HISTORICAL_DISCOVERY,False,0,,,,,,,,,,
DAILY_STATUS,IC_WEIGHTED_LINEAR_RANK,20210929,HISTORICAL_DISCOVERY,False,0,,,,,,,,,,
DAILY_STATUS,IC_WEIGHTED_LINEAR_RANK,20210930,HISTORICAL_DISCOVERY,False,0,,,,,,,,,,
DAILY_STATUS,IC_WEIGHTED_LINEAR_RANK,20211001,HISTORICAL_DISCOVERY,False,0,,,,,,,,,,
DAILY_STATUS,IC_WEIGHTED_LINEAR_RANK,20211004,HISTORICAL_DISCOVERY,False,0,,,,,,,,,,
DAILY_STATUS,IC_WEIGHTED_LINEAR_RANK,20211005,HISTORICAL_DISCOVERY,False,0,,,,,,,,,,
DAILY_STATUS,IC_WEIGHTED_LINEAR_RANK,20211006,HISTORICAL_DISCOVERY,False,0,,,,,,,,,,
DAILY_STATUS,IC_WEIGHTED_LINEAR_RANK,20211007,HISTORICAL_DISCOVERY,False,0,,,,,,,,,,
DAILY_STATUS,IC_WEIGHTED_LINEAR_RANK,20211008,HISTORICAL_DISCOVERY,False,0,,,,,,,,,,
DAILY_STATUS,IC_WEIGHTED_LINEAR_RANK,20211012,HISTORICAL_DISCOVERY,False,0,,,,,,,,,,
DAILY_STATUS,IC_WEIGHTED_LINEAR_RANK,20211013,HISTORICAL_DISCOVERY,False,0,,,,,,,,,,
DAILY_STATUS,IC_WEIGHTED_LINEAR_RANK,20211014,HISTORICAL_DISCOVERY,False,0,,,,,,,,,,
DAILY_STATUS,IC_WEIGHTED_LINEAR_RANK,20211015,HISTORICAL_DISCOVERY,True,2,,,,,,,,,,
DAILY_STATUS,IC_WEIGHTED_LINEAR_RANK,20211018,HISTORICAL_DISCOVERY,False,0,,,,,,,,,,
DAILY_STATUS,IC_WEIGHTED_LINEAR_RANK,20211019,HISTORICAL_DISCOVERY,True,3,,,,,,,,,,
DAILY_STATUS,IC_WEIGHTED_LINEAR_RANK,20211020,HISTORICAL_DISCOVERY,False,0,,,,,,,,,,
DAILY_STATUS,IC_WEIGHTED_LINEAR_RANK,20211021,HISTORICAL_DISCOVERY,False,0,,,,,,,,,,
DAILY_STATUS,IC_WEIGHTED_LINEAR_RANK,20211022,HISTORICAL_DISCOVERY,False,0,,,,,,,,,,
DAILY_STATUS,IC_WEIGHTED_LINEAR_RANK,20211025,HISTORICAL_DISCOVERY,False,0,,,,,,,,,,
DAILY_STATUS,IC_WEIGHTED_LINEAR_RANK,20211026,HISTORICAL_DISCOVERY,False,0,,,,,,,,,,
DAILY_STATUS,IC_WEIGHTED_LINEAR_RANK,20211027,HISTORICAL_DISCOVERY,False,0,,,,,,,,,,
DAILY_STATUS,IC_WEIGHTED_LINEAR_RANK,20211028,HISTORICAL_DISCOVERY,True,1,,,,,,,,,,
DAILY_STATUS,IC_WEIGHTED_LINEAR_RANK,20211029,HISTORICAL_DISCOVERY,False,0,,,,,,,,,,
DAILY_STATUS,IC_WEIGHTED_LINEAR_RANK,20211101,HISTORICAL_DISCOVERY,False,0,,,,,,,,,,
DAILY_STATUS,IC_WEIGHTED_LINEAR_RANK,20211102,HISTORICAL_DISCOVERY,False,0,,,,,,,,,,
DAILY_STATUS,IC_WEIGHTED_LINEAR_RANK,20211103,HISTORICAL_DISCOVERY,False,0,,,,,,,,,,
DAILY_STATUS,IC_WEIGHTED_LINEAR_RANK,20211104,HISTORICAL_DISCOVERY,False,0,,,,,,,,,,
DAILY_STATUS,IC_WEIGHTED_LINEAR_RANK,20211105,HISTORICAL_DISCOVERY,False,0,,,,,,,,,,
DAILY_STATUS,IC_WEIGHTED_LINEAR_RANK,20211108,HISTORICAL_DISCOVERY,False,0,,,,,,,,,,
DAILY_STATUS,IC_WEIGHTED_LINEAR_RANK,20211109,HISTORICAL_DISCOVERY,False,0,,,,,,,,,,
DAILY_STATUS,IC_WEIGHTED_LINEAR_RANK,20211110,HISTORICAL_DISCOVERY,False,0,,,,,,,,,,
DAILY_STATUS,IC_WEIGHTED_LINEAR_RANK,20211111,HISTORICAL_DISCOVERY,False,0,,,,,,,,,,
DAILY_STATUS,IC_WEIGHTED_LINEAR_RANK,20211112,HISTORICAL_DISCOVERY,False,0,,,,,,,,,,
DAILY_STATUS,IC_WEIGHTED_LINEAR_RANK,20211115,HISTORICAL_DISCOVERY,False,0,,,,,,,,,,
DAILY_STATUS,IC_WEIGHTED_LINEAR_RANK,20211116,HISTORICAL_DISCOVERY,False,0,,,,,,,,,,
DAILY_STATUS,IC_WEIGHTED_LINEAR_RANK,20211117,HISTORICAL_DISCOVERY,True,1,,,,,,,,,,
DAILY_STATUS,IC_WEIGHTED_LINEAR_RANK,20211118,HISTORICAL_DISCOVERY,True,1,,,,,,,,,,
DAILY_STATUS,IC_WEIGHTED_LINEAR_RANK,20211119,HISTORICAL_DISCOVERY,False,0,,,,,,,,,,
DAILY_STATUS,IC_WEIGHTED_LINEAR_RANK,20211122,HISTORICAL_DISCOVERY,False,0,,,,,,,,,,
DAILY_STATUS,IC_WEIGHTED_LINEAR_RANK,20211123,HISTORICAL_DISCOVERY,False,0,,,,,,,,,,
DAILY_STATUS,IC_WEIGHTED_LINEAR_RANK,20211124,HISTORICAL_DISCOVERY,False,0,,,,,,,,,,
DAILY_STATUS,IC_WEIGHTED_LINEAR_RANK,20211125,HISTORICAL_DISCOVERY,False,0,,,,,,,,,,
DAILY_STATUS,IC_WEIGHTED_LINEAR_RANK,20211126,HISTORICAL_DISCOVERY,False,0,,,,,,,,,,
DAILY_STATUS,IC_WEIGHTED_LINEAR_RANK,20211129,HISTORICAL_DISCOVERY,False,0,,,,,,,,,,
DAILY_STATUS,IC_WEIGHTED_LINEAR_RANK,20211130,HISTORICAL_DISCOVERY,True,1,,,,,,,,,,
DAILY_STATUS,IC_WEIGHTED_LINEAR_RANK,20211201,HISTORICAL_DISCOVERY,False,0,,,,,,,,,,
DAILY_STATUS,IC_WEIGHTED_LINEAR_RANK,20211202,HISTORICAL_DISCOVERY,False,0,,,,,,,,,,
DAILY_STATUS,IC_WEIGHTED_LINEAR_RANK,20211203,HISTORICAL_DISCOVERY,False,0,,,,,,,,,,
DAILY_STATUS,IC_WEIGHTED_LINEAR_RANK,20211206,HISTORICAL_DISCOVERY,False,0,,,,,,,,,,
DAILY_STATUS,IC_WEIGHTED_LINEAR_RANK,20211207,HISTORICAL_DISCOVERY,False,0,,,,,,,,,,
DAILY_STATUS,IC_WEIGHTED_LINEAR_RANK,20211208,HISTORICAL_DISCOVERY,True,1,,,,,,,,,,
DAILY_STATUS,IC_WEIGHTED_LINEAR_RANK,20211209,HISTORICAL_DISCOVERY,False,0,,,,,,,,,,
DAILY_STATUS,IC_WEIGHTED_LINEAR_RANK,20211210,HISTORICAL_DISCOVERY,False,0,,,,,,,,,,
DAILY_STATUS,IC_WEIGHTED_LINEAR_RANK,20211213,HISTORICAL_DISCOVERY,False,0,,,,,,,,,,
DAILY_STATUS,IC_WEIGHTED_LINEAR_RANK,20211214,HISTORICAL_DISCOVERY,False,0,,,,,,,,,,
DAILY_STATUS,IC_WEIGHTED_LINEAR_RANK,20211215,HISTORICAL_DISCOVERY,True,1,,,,,,,,,,
DAILY_STATUS,IC_WEIGHTED_LINEAR_RANK,20211216,HISTORICAL_DISCOVERY,False,0,,,,,,,,,,
DAILY_STATUS,IC_WEIGHTED_LINEAR_RANK,20211217,HISTORICAL_DISCOVERY,False,0,,,,,,,,,,
DAILY_STATUS,IC_WEIGHTED_LINEAR_RANK,20211220,HISTORICAL_DISCOVERY,False,0,,,,,,,,,,
DAILY_STATUS,IC_WEIGHTED_LINEAR_RANK,20211221,HISTORICAL_DISCOVERY,False,0,,,,,,,,,,
DAILY_STATUS,IC_WEIGHTED_LINEAR_RANK,20211222,HISTORICAL_DISCOVERY,False,0,,,,,,,,,,
DAILY_STATUS,IC_WEIGHTED_LINEAR_RANK,20211223,HISTORICAL_DISCOVERY,False,0,,,,,,,,,,
DAILY_STATUS,IC_WEIGHTED_LINEAR_RANK,20211224,HISTORICAL_DISCOVERY,False,0,,,,,,,,,,
DAILY_STATUS,IC_WEIGHTED_LINEAR_RANK,20211227,HISTORICAL_DISCOVERY,False,0,,,,,,,,,,
DAILY_STATUS,IC_WEIGHTED_LINEAR_RANK,20211228,HISTORICAL_DISCOVERY,False,0,,,,,,,,,,
DAILY_STATUS,IC_WEIGHTED_LINEAR_RANK,20211229,HISTORICAL_DISCOVERY,True,1,,,,,,,,,,
DAILY_STATUS,IC_WEIGHTED_LINEAR_RANK,20211230,HISTORICAL_DISCOVERY,False,0,,,,,,,,,,
DAILY_STATUS,IC_WEIGHTED_LINEAR_RANK,20220103,HISTORICAL_DISCOVERY,False,0,,,,,,,,,,
DAILY_STATUS,IC_WEIGHTED_LINEAR_RANK,20220104,HISTORICAL_DISCOVERY,False,0,,,,,,,,,,
DAILY_STATUS,IC_WEIGHTED_LINEAR_RANK,20220105,HISTORICAL_DISCOVERY,False,0,,,,,,,,,,
DAILY_STATUS,IC_WEIGHTED_LINEAR_RANK,20220106,HISTORICAL_DISCOVERY,False,0,,,,,,,,,,
DAILY_STATUS,IC_WEIGHTED_LINEAR_RANK,20220107,HISTORICAL_DISCOVERY,False,0,,,,,,,,,,
DAILY_STATUS,IC_WEIGHTED_LINEAR_RANK,20220110,HISTORICAL_DISCOVERY,False,0,,,,,,,,,,
DAILY_STATUS,IC_WEIGHTED_LINEAR_RANK,20220111,HISTORICAL_DISCOVERY,False,0,,,,,,,,,,
DAILY_STATUS,IC_WEIGHTED_LINEAR_RANK,20220112,HISTORICAL_DISCOVERY,False,0,,,,,,,,,,
DAILY_STATUS,IC_WEIGHTED_LINEAR_RANK,20220113,HISTORICAL_DISCOVERY,False,0,,,,,,,,,,
DAILY_STATUS,IC_WEIGHTED_LINEAR_RANK,20220114,HISTORICAL_DISCOVERY,False,0,,,,,,,,,,
DAILY_STATUS,IC_WEIGHTED_LINEAR_RANK,20220117,HISTORICAL_DISCOVERY,False,0,,,,,,,,,,
DAILY_STATUS,IC_WEIGHTED_LINEAR_RANK,20220118,HISTORICAL_DISCOVERY,False,0,,,,,,,,,,
DAILY_STATUS,IC_WEIGHTED_LINEAR_RANK,20220119,HISTORICAL_DISCOVERY,False,0,,,,,,,,,,
DAILY_STATUS,IC_WEIGHTED_LINEAR_RANK,20220120,HISTORICAL_DISCOVERY,False,0,,,,,,,,,,
DAILY_STATUS,IC_WEIGHTED_LINEAR_RANK,20220121,HISTORICAL_DISCOVERY,False,0,,,,,,,,,,
DAILY_STATUS,IC_WEIGHTED_LINEAR_RANK,20220124,HISTORICAL_DISCOVERY,False,0,,,,,,,,,,
DAILY_STATUS,IC_WEIGHTED_LINEAR_RANK,20220125,HISTORICAL_DISCOVERY,False,0,,,,,,,,,,
DAILY_STATUS,IC_WEIGHTED_LINEAR_RANK,20220126,HISTORICAL_DISCOVERY,False,0,,,,,,,,,,
DAILY_STATUS,IC_WEIGHTED_LINEAR_RANK,20220207,HISTORICAL_DISCOVERY,False,0,,,,,,,,,,
DAILY_STATUS,IC_WEIGHTED_LINEAR_RANK,20220208,HISTORICAL_DISCOVERY,False,0,,,,,,,,,,
DAILY_STATUS,IC_WEIGHTED_LINEAR_RANK,20220209,HISTORICAL_DISCOVERY,False,0,,,,,,,,,,
DAILY_STATUS,IC_WEIGHTED_LINEAR_RANK,20220210,HISTORICAL_DISCOVERY,False,0,,,,,,,,,,
DAILY_STATUS,IC_WEIGHTED_LINEAR_RANK,20220211,HISTORICAL_DISCOVERY,False,0,,,,,,,,,,
DAILY_STATUS,IC_WEIGHTED_LINEAR_RANK,20220214,HISTORICAL_DISCOVERY,False,0,,,,,,,,,,
DAILY_STATUS,IC_WEIGHTED_LINEAR_RANK,20220215,HISTORICAL_DISCOVERY,True,1,,,,,,,,,,
DAILY_STATUS,IC_WEIGHTED_LINEAR_RANK,20220216,HISTORICAL_DISCOVERY,True,4,,,,,,,,,,
DAILY_STATUS,IC_WEIGHTED_LINEAR_RANK,20220217,HISTORICAL_DISCOVERY,False,0,,,,,,,,,,
DAILY_STATUS,IC_WEIGHTED_LINEAR_RANK,20220218,HISTORICAL_DISCOVERY,True,1,,,,,,,,,,
DAILY_STATUS,IC_WEIGHTED_LINEAR_RANK,20220221,HISTORICAL_DISCOVERY,False,0,,,,,,,,,,
DAILY_STATUS,IC_WEIGHTED_LINEAR_RANK,20220222,HISTORICAL_DISCOVERY,False,0,,,,,,,,,,
DAILY_STATUS,IC_WEIGHTED_LINEAR_RANK,20220223,HISTORICAL_DISCOVERY,True,2,,,,,,,,,,
DAILY_STATUS,IC_WEIGHTED_LINEAR_RANK,20220224,HISTORICAL_DISCOVERY,False,0,,,,,,,,,,
DAILY_STATUS,IC_WEIGHTED_LINEAR_RANK,20220225,HISTORICAL_DISCOVERY,False,0,,,,,,,,,,
DAILY_STATUS,IC_WEIGHTED_LINEAR_RANK,20220301,HISTORICAL_DISCOVERY,True,1,,,,,,,,,,
DAILY_STATUS,IC_WEIGHTED_LINEAR_RANK,20220302,HISTORICAL_DISCOVERY,False,0,,,,,,,,,,
DAILY_STATUS,IC_WEIGHTED_LINEAR_RANK,20220303,HISTORICAL_DISCOVERY,False,0,,,,,,,,,,
DAILY_STATUS,IC_WEIGHTED_LINEAR_RANK,20220304,HISTORICAL_DISCOVERY,False,0,,,,,,,,,,
DAILY_STATUS,IC_WEIGHTED_LINEAR_RANK,20220307,HISTORICAL_DISCOVERY,False,0,,,,,,,,,,
DAILY_STATUS,IC_WEIGHTED_LINEAR_RANK,20220308,HISTORICAL_DISCOVERY,False,0,,,,,,,,,,
DAILY_STATUS,IC_WEIGHTED_LINEAR_RANK,20220309,HISTORICAL_DISCOVERY,False,0,,,,,,,,,,
DAILY_STATUS,IC_WEIGHTED_LINEAR_RANK,20220310,HISTORICAL_DISCOVERY,True,2,,,,,,,,,,
DAILY_STATUS,IC_WEIGHTED_LINEAR_RANK,20220311,HISTORICAL_DISCOVERY,False,0,,,,,,,,,,
DAILY_STATUS,IC_WEIGHTED_LINEAR_RANK,20220314,HISTORICAL_DISCOVERY,False,0,,,,,,,,,,
DAILY_STATUS,IC_WEIGHTED_LINEAR_RANK,20220315,HISTORICAL_DISCOVERY,False,0,,,,,,,,,,
DAILY_STATUS,IC_WEIGHTED_LINEAR_RANK,20220316,HISTORICAL_DISCOVERY,False,0,,,,,,,,,,
DAILY_STATUS,IC_WEIGHTED_LINEAR_RANK,20220317,HISTORICAL_DISCOVERY,True,2,,,,,,,,,,
DAILY_STATUS,IC_WEIGHTED_LINEAR_RANK,20220318,HISTORICAL_DISCOVERY,True,2,,,,,,,,,,
DAILY_STATUS,IC_WEIGHTED_LINEAR_RANK,20220321,HISTORICAL_DISCOVERY,False,0,,,,,,,,,,
DAILY_STATUS,IC_WEIGHTED_LINEAR_RANK,20220322,HISTORICAL_DISCOVERY,False,0,,,,,,,,,,
DAILY_STATUS,IC_WEIGHTED_LINEAR_RANK,20220323,HISTORICAL_DISCOVERY,False,0,,,,,,,,,,
DAILY_STATUS,IC_WEIGHTED_LINEAR_RANK,20220324,HISTORICAL_DISCOVERY,False,0,,,,,,,,,,
DAILY_STATUS,IC_WEIGHTED_LINEAR_RANK,20220325,HISTORICAL_DISCOVERY,False,0,,,,,,,,,,
DAILY_STATUS,IC_WEIGHTED_LINEAR_RANK,20220328,HISTORICAL_DISCOVERY,False,0,,,,,,,,,,
DAILY_STATUS,IC_WEIGHTED_LINEAR_RANK,20220329,HISTORICAL_DISCOVERY,False,0,,,,,,,,,,
DAILY_STATUS,IC_WEIGHTED_LINEAR_RANK,20220330,HISTORICAL_DISCOVERY,False,0,,,,,,,,,,
DAILY_STATUS,IC_WEIGHTED_LINEAR_RANK,20220331,HISTORICAL_DISCOVERY,False,0,,,,,,,,,,
DAILY_STATUS,IC_WEIGHTED_LINEAR_RANK,20220401,HISTORICAL_DISCOVERY,False,0,,,,,,,,,,
DAILY_STATUS,IC_WEIGHTED_LINEAR_RANK,20220406,HISTORICAL_DISCOVERY,False,0,,,,,,,,,,
DAILY_STATUS,IC_WEIGHTED_LINEAR_RANK,20220407,HISTORICAL_DISCOVERY,False,0,,,,,,,,,,
DAILY_STATUS,IC_WEIGHTED_LINEAR_RANK,20220408,HISTORICAL_DISCOVERY,False,0,,,,,,,,,,
DAILY_STATUS,IC_WEIGHTED_LINEAR_RANK,20220411,HISTORICAL_DISCOVERY,False,0,,,,,,,,,,
DAILY_STATUS,IC_WEIGHTED_LINEAR_RANK,20220412,HISTORICAL_DISCOVERY,False,0,,,,,,,,,,
DAILY_STATUS,IC_WEIGHTED_LINEAR_RANK,20220413,HISTORICAL_DISCOVERY,False,0,,,,,,,,,,
DAILY_STATUS,IC_WEIGHTED_LINEAR_RANK,20220414,HISTORICAL_DISCOVERY,False,0,,,,,,,,,,
DAILY_STATUS,IC_WEIGHTED_LINEAR_RANK,20220415,HISTORICAL_DISCOVERY,False,0,,,,,,,,,,
DAILY_STATUS,IC_WEIGHTED_LINEAR_RANK,20220418,HISTORICAL_DISCOVERY,False,0,,,,,,,,,,
DAILY_STATUS,IC_WEIGHTED_LINEAR_RANK,20220419,HISTORICAL_DISCOVERY,True,1,,,,,,,,,,
DAILY_STATUS,IC_WEIGHTED_LINEAR_RANK,20220420,HISTORICAL_DISCOVERY,False,0,,,,,,,,,,
DAILY_STATUS,IC_WEIGHTED_LINEAR_RANK,20220421,HISTORICAL_DISCOVERY,False,0,,,,,,,,,,
DAILY_STATUS,IC_WEIGHTED_LINEAR_RANK,20220422,HISTORICAL_DISCOVERY,False,0,,,,,,,,,,
DAILY_STATUS,IC_WEIGHTED_LINEAR_RANK,20220425,HISTORICAL_DISCOVERY,False,0,,,,,,,,,,
DAILY_STATUS,IC_WEIGHTED_LINEAR_RANK,20220426,HISTORICAL_DISCOVERY,False,0,,,,,,,,,,
DAILY_STATUS,IC_WEIGHTED_LINEAR_RANK,20220427,HISTORICAL_DISCOVERY,False,0,,,,,,,,,,
DAILY_STATUS,IC_WEIGHTED_LINEAR_RANK,20220428,HISTORICAL_DISCOVERY,False,0,,,,,,,,,,
DAILY_STATUS,IC_WEIGHTED_LINEAR_RANK,20220429,HISTORICAL_DISCOVERY,False,0,,,,,,,,,,
DAILY_STATUS,IC_WEIGHTED_LINEAR_RANK,20220503,HISTORICAL_DISCOVERY,False,0,,,,,,,,,,
DAILY_STATUS,IC_WEIGHTED_LINEAR_RANK,20220504,HISTORICAL_DISCOVERY,False,0,,,,,,,,,,
DAILY_STATUS,IC_WEIGHTED_LINEAR_RANK,20220505,HISTORICAL_DISCOVERY,False,0,,,,,,,,,,
DAILY_STATUS,IC_WEIGHTED_LINEAR_RANK,20220506,HISTORICAL_DISCOVERY,False,0,,,,,,,,,,
DAILY_STATUS,IC_WEIGHTED_LINEAR_RANK,20220509,HISTORICAL_DISCOVERY,False,0,,,,,,,,,,
DAILY_STATUS,IC_WEIGHTED_LINEAR_RANK,20220510,HISTORICAL_DISCOVERY,True,3,,,,,,,,,,
DAILY_STATUS,IC_WEIGHTED_LINEAR_RANK,20220511,HISTORICAL_DISCOVERY,True,1,,,,,,,,,,
DAILY_STATUS,IC_WEIGHTED_LINEAR_RANK,20220512,HISTORICAL_DISCOVERY,False,0,,,,,,,,,,
DAILY_STATUS,IC_WEIGHTED_LINEAR_RANK,20220513,HISTORICAL_DISCOVERY,False,0,,,,,,,,,,
DAILY_STATUS,IC_WEIGHTED_LINEAR_RANK,20220516,HISTORICAL_DISCOVERY,True,1,,,,,,,,,,
DAILY_STATUS,IC_WEIGHTED_LINEAR_RANK,20220517,HISTORICAL_DISCOVERY,False,0,,,,,,,,,,
DAILY_STATUS,IC_WEIGHTED_LINEAR_RANK,20220518,HISTORICAL_DISCOVERY,False,0,,,,,,,,,,
DAILY_STATUS,IC_WEIGHTED_LINEAR_RANK,20220519,HISTORICAL_DISCOVERY,False,0,,,,,,,,,,
DAILY_STATUS,IC_WEIGHTED_LINEAR_RANK,20220520,HISTORICAL_DISCOVERY,False,0,,,,,,,,,,
DAILY_STATUS,IC_WEIGHTED_LINEAR_RANK,20220523,HISTORICAL_DISCOVERY,False,0,,,,,,,,,,
DAILY_STATUS,IC_WEIGHTED_LINEAR_RANK,20220524,HISTORICAL_DISCOVERY,True,1,,,,,,,,,,
DAILY_STATUS,IC_WEIGHTED_LINEAR_RANK,20220525,HISTORICAL_DISCOVERY,False,0,,,,,,,,,,
DAILY_STATUS,IC_WEIGHTED_LINEAR_RANK,20220526,HISTORICAL_DISCOVERY,False,0,,,,,,,,,,
DAILY_STATUS,IC_WEIGHTED_LINEAR_RANK,20220527,HISTORICAL_DISCOVERY,False,0,,,,,,,,,,
DAILY_STATUS,IC_WEIGHTED_LINEAR_RANK,20220530,HISTORICAL_DISCOVERY,False,0,,,,,,,,,,
DAILY_STATUS,IC_WEIGHTED_LINEAR_RANK,20220531,HISTORICAL_DISCOVERY,False,0,,,,,,,,,,
DAILY_STATUS,IC_WEIGHTED_LINEAR_RANK,20220601,HISTORICAL_DISCOVERY,False,0,,,,,,,,,,
DAILY_STATUS,IC_WEIGHTED_LINEAR_RANK,20220602,HISTORICAL_DISCOVERY,False,0,,,,,,,,,,
DAILY_STATUS,IC_WEIGHTED_LINEAR_RANK,20220606,HISTORICAL_DISCOVERY,False,0,,,,,,,,,,
DAILY_STATUS,IC_WEIGHTED_LINEAR_RANK,20220607,HISTORICAL_DISCOVERY,True,1,,,,,,,,,,
DAILY_STATUS,IC_WEIGHTED_LINEAR_RANK,20220608,HISTORICAL_DISCOVERY,False,0,,,,,,,,,,
DAILY_STATUS,IC_WEIGHTED_LINEAR_RANK,20220609,HISTORICAL_DISCOVERY,True,1,,,,,,,,,,
DAILY_STATUS,IC_WEIGHTED_LINEAR_RANK,20220610,HISTORICAL_DISCOVERY,False,0,,,,,,,,,,
DAILY_STATUS,IC_WEIGHTED_LINEAR_RANK,20220613,HISTORICAL_DISCOVERY,False,0,,,,,,,,,,
DAILY_STATUS,IC_WEIGHTED_LINEAR_RANK,20220614,HISTORICAL_DISCOVERY,False,0,,,,,,,,,,
DAILY_STATUS,IC_WEIGHTED_LINEAR_RANK,20220615,HISTORICAL_DISCOVERY,False,0,,,,,,,,,,
DAILY_STATUS,IC_WEIGHTED_LINEAR_RANK,20220616,HISTORICAL_DISCOVERY,False,0,,,,,,,,,,
DAILY_STATUS,IC_WEIGHTED_LINEAR_RANK,20220617,HISTORICAL_DISCOVERY,False,0,,,,,,,,,,
DAILY_STATUS,IC_WEIGHTED_LINEAR_RANK,20220620,HISTORICAL_DISCOVERY,False,0,,,,,,,,,,
DAILY_STATUS,IC_WEIGHTED_LINEAR_RANK,20220621,HISTORICAL_DISCOVERY,False,0,,,,,,,,,,
DAILY_STATUS,IC_WEIGHTED_LINEAR_RANK,20220622,HISTORICAL_DISCOVERY,False,0,,,,,,,,,,
DAILY_STATUS,IC_WEIGHTED_LINEAR_RANK,20220623,HISTORICAL_DISCOVERY,False,0,,,,,,,,,,
DAILY_STATUS,IC_WEIGHTED_LINEAR_RANK,20220624,HISTORICAL_DISCOVERY,True,1,,,,,,,,,,
DAILY_STATUS,IC_WEIGHTED_LINEAR_RANK,20220627,HISTORICAL_DISCOVERY,False,0,,,,,,,,,,
DAILY_STATUS,IC_WEIGHTED_LINEAR_RANK,20220628,HISTORICAL_DISCOVERY,False,0,,,,,,,,,,
DAILY_STATUS,IC_WEIGHTED_LINEAR_RANK,20220629,HISTORICAL_DISCOVERY,False,0,,,,,,,,,,
DAILY_STATUS,IC_WEIGHTED_LINEAR_RANK,20220630,HISTORICAL_DISCOVERY,False,0,,,,,,,,,,
DAILY_STATUS,IC_WEIGHTED_LINEAR_RANK,20220701,HISTORICAL_DISCOVERY,False,0,,,,,,,,,,
DAILY_STATUS,IC_WEIGHTED_LINEAR_RANK,20220704,HISTORICAL_DISCOVERY,False,0,,,,,,,,,,
DAILY_STATUS,IC_WEIGHTED_LINEAR_RANK,20220705,HISTORICAL_DISCOVERY,False,0,,,,,,,,,,
DAILY_STATUS,IC_WEIGHTED_LINEAR_RANK,20220706,HISTORICAL_DISCOVERY,False,0,,,,,,,,,,
DAILY_STATUS,IC_WEIGHTED_LINEAR_RANK,20220707,HISTORICAL_DISCOVERY,False,0,,,,,,,,,,
DAILY_STATUS,IC_WEIGHTED_LINEAR_RANK,20220708,HISTORICAL_DISCOVERY,False,0,,,,,,,,,,
DAILY_STATUS,IC_WEIGHTED_LINEAR_RANK,20220711,HISTORICAL_DISCOVERY,False,0,,,,,,,,,,
DAILY_STATUS,IC_WEIGHTED_LINEAR_RANK,20220712,HISTORICAL_DISCOVERY,False,0,,,,,,,,,,
DAILY_STATUS,IC_WEIGHTED_LINEAR_RANK,20220713,HISTORICAL_DISCOVERY,True,1,,,,,,,,,,
DAILY_STATUS,IC_WEIGHTED_LINEAR_RANK,20220714,HISTORICAL_DISCOVERY,True,10,,,,,,,,,,
DAILY_STATUS,IC_WEIGHTED_LINEAR_RANK,20220715,HISTORICAL_DISCOVERY,True,3,,,,,,,,,,
DAILY_STATUS,IC_WEIGHTED_LINEAR_RANK,20220718,HISTORICAL_DISCOVERY,True,1,,,,,,,,,,
DAILY_STATUS,IC_WEIGHTED_LINEAR_RANK,20220719,HISTORICAL_DISCOVERY,True,1,,,,,,,,,,
DAILY_STATUS,IC_WEIGHTED_LINEAR_RANK,20220720,HISTORICAL_DISCOVERY,False,0,,,,,,,,,,
DAILY_STATUS,IC_WEIGHTED_LINEAR_RANK,20220721,HISTORICAL_DISCOVERY,False,0,,,,,,,,,,
DAILY_STATUS,IC_WEIGHTED_LINEAR_RANK,20220722,HISTORICAL_DISCOVERY,False,0,,,,,,,,,,
DAILY_STATUS,IC_WEIGHTED_LINEAR_RANK,20220725,HISTORICAL_DISCOVERY,False,0,,,,,,,,,,
DAILY_STATUS,IC_WEIGHTED_LINEAR_RANK,20220726,HISTORICAL_DISCOVERY,False,0,,,,,,,,,,
DAILY_STATUS,IC_WEIGHTED_LINEAR_RANK,20220727,HISTORICAL_DISCOVERY,False,0,,,,,,,,,,
DAILY_STATUS,IC_WEIGHTED_LINEAR_RANK,20220728,HISTORICAL_DISCOVERY,False,0,,,,,,,,,,
DAILY_STATUS,IC_WEIGHTED_LINEAR_RANK,20220729,HISTORICAL_DISCOVERY,False,0,,,,,,,,,,
DAILY_STATUS,IC_WEIGHTED_LINEAR_RANK,20220801,HISTORICAL_DISCOVERY,False,0,,,,,,,,,,
DAILY_STATUS,IC_WEIGHTED_LINEAR_RANK,20220802,HISTORICAL_DISCOVERY,False,0,,,,,,,,,,
DAILY_STATUS,IC_WEIGHTED_LINEAR_RANK,20220803,HISTORICAL_DISCOVERY,False,0,,,,,,,,,,
DAILY_STATUS,IC_WEIGHTED_LINEAR_RANK,20220804,HISTORICAL_DISCOVERY,False,0,,,,,,,,,,
DAILY_STATUS,IC_WEIGHTED_LINEAR_RANK,20220805,HISTORICAL_DISCOVERY,True,2,,,,,,,,,,
DAILY_STATUS,IC_WEIGHTED_LINEAR_RANK,20220808,HISTORICAL_DISCOVERY,True,1,,,,,,,,,,
DAILY_STATUS,IC_WEIGHTED_LINEAR_RANK,20220809,HISTORICAL_DISCOVERY,False,0,,,,,,,,,,
DAILY_STATUS,IC_WEIGHTED_LINEAR_RANK,20220810,HISTORICAL_DISCOVERY,False,0,,,,,,,,,,
DAILY_STATUS,IC_WEIGHTED_LINEAR_RANK,20220811,HISTORICAL_DISCOVERY,True,1,,,,,,,,,,
DAILY_STATUS,IC_WEIGHTED_LINEAR_RANK,20220812,HISTORICAL_DISCOVERY,False,0,,,,,,,,,,
DAILY_STATUS,IC_WEIGHTED_LINEAR_RANK,20220815,HISTORICAL_DISCOVERY,True,1,,,,,,,,,,
DAILY_STATUS,IC_WEIGHTED_LINEAR_RANK,20220816,HISTORICAL_DISCOVERY,True,1,,,,,,,,,,
DAILY_STATUS,IC_WEIGHTED_LINEAR_RANK,20220817,HISTORICAL_DISCOVERY,True,1,,,,,,,,,,
DAILY_STATUS,IC_WEIGHTED_LINEAR_RANK,20220818,HISTORICAL_DISCOVERY,False,0,,,,,,,,,,
DAILY_STATUS,IC_WEIGHTED_LINEAR_RANK,20220819,HISTORICAL_DISCOVERY,False,0,,,,,,,,,,
DAILY_STATUS,IC_WEIGHTED_LINEAR_RANK,20220822,HISTORICAL_DISCOVERY,False,0,,,,,,,,,,
DAILY_STATUS,IC_WEIGHTED_LINEAR_RANK,20220823,HISTORICAL_DISCOVERY,False,0,,,,,,,,,,
DAILY_STATUS,IC_WEIGHTED_LINEAR_RANK,20220824,HISTORICAL_DISCOVERY,False,0,,,,,,,,,,
DAILY_STATUS,IC_WEIGHTED_LINEAR_RANK,20220825,HISTORICAL_DISCOVERY,False,0,,,,,,,,,,
DAILY_STATUS,IC_WEIGHTED_LINEAR_RANK,20220826,HISTORICAL_DISCOVERY,False,0,,,,,,,,,,
DAILY_STATUS,IC_WEIGHTED_LINEAR_RANK,20220829,HISTORICAL_DISCOVERY,False,0,,,,,,,,,,
DAILY_STATUS,IC_WEIGHTED_LINEAR_RANK,20220830,HISTORICAL_DISCOVERY,False,0,,,,,,,,,,
DAILY_STATUS,IC_WEIGHTED_LINEAR_RANK,20220831,HISTORICAL_DISCOVERY,False,0,,,,,,,,,,
DAILY_STATUS,IC_WEIGHTED_LINEAR_RANK,20220901,HISTORICAL_DISCOVERY,False,0,,,,,,,,,,
DAILY_STATUS,IC_WEIGHTED_LINEAR_RANK,20220902,HISTORICAL_DISCOVERY,False,0,,,,,,,,,,
DAILY_STATUS,IC_WEIGHTED_LINEAR_RANK,20220905,HISTORICAL_DISCOVERY,False,0,,,,,,,,,,
DAILY_STATUS,IC_WEIGHTED_LINEAR_RANK,20220906,HISTORICAL_DISCOVERY,False,0,,,,,,,,,,
DAILY_STATUS,IC_WEIGHTED_LINEAR_RANK,20220907,HISTORICAL_DISCOVERY,False,0,,,,,,,,,,
DAILY_STATUS,IC_WEIGHTED_LINEAR_RANK,20220908,HISTORICAL_DISCOVERY,False,0,,,,,,,,,,
DAILY_STATUS,IC_WEIGHTED_LINEAR_RANK,20220912,HISTORICAL_DISCOVERY,True,1,,,,,,,,,,
DAILY_STATUS,IC_WEIGHTED_LINEAR_RANK,20220913,HISTORICAL_DISCOVERY,False,0,,,,,,,,,,
DAILY_STATUS,IC_WEIGHTED_LINEAR_RANK,20220914,HISTORICAL_DISCOVERY,False,0,,,,,,,,,,
DAILY_STATUS,IC_WEIGHTED_LINEAR_RANK,20220915,HISTORICAL_DISCOVERY,False,0,,,,,,,,,,
DAILY_STATUS,IC_WEIGHTED_LINEAR_RANK,20220916,HISTORICAL_DISCOVERY,False,0,,,,,,,,,,
DAILY_STATUS,IC_WEIGHTED_LINEAR_RANK,20220919,HISTORICAL_DISCOVERY,False,0,,,,,,,,,,
DAILY_STATUS,IC_WEIGHTED_LINEAR_RANK,20220920,HISTORICAL_DISCOVERY,False,0,,,,,,,,,,
DAILY_STATUS,IC_WEIGHTED_LINEAR_RANK,20220921,HISTORICAL_DISCOVERY,False,0,,,,,,,,,,
DAILY_STATUS,IC_WEIGHTED_LINEAR_RANK,20220922,HISTORICAL_DISCOVERY,False,0,,,,,,,,,,
DAILY_STATUS,IC_WEIGHTED_LINEAR_RANK,20220923,HISTORICAL_DISCOVERY,False,0,,,,,,,,,,
DAILY_STATUS,IC_WEIGHTED_LINEAR_RANK,20220926,HISTORICAL_DISCOVERY,False,0,,,,,,,,,,
DAILY_STATUS,IC_WEIGHTED_LINEAR_RANK,20220927,HISTORICAL_DISCOVERY,False,0,,,,,,,,,,
DAILY_STATUS,IC_WEIGHTED_LINEAR_RANK,20220928,HISTORICAL_DISCOVERY,False,0,,,,,,,,,,
DAILY_STATUS,IC_WEIGHTED_LINEAR_RANK,20220929,HISTORICAL_DISCOVERY,False,0,,,,,,,,,,
DAILY_STATUS,IC_WEIGHTED_LINEAR_RANK,20220930,HISTORICAL_DISCOVERY,False,0,,,,,,,,,,
DAILY_STATUS,IC_WEIGHTED_LINEAR_RANK,20221003,HISTORICAL_DISCOVERY,False,0,,,,,,,,,,
DAILY_STATUS,IC_WEIGHTED_LINEAR_RANK,20221004,HISTORICAL_DISCOVERY,False,0,,,,,,,,,,
DAILY_STATUS,IC_WEIGHTED_LINEAR_RANK,20221005,HISTORICAL_DISCOVERY,False,0,,,,,,,,,,
DAILY_STATUS,IC_WEIGHTED_LINEAR_RANK,20221006,HISTORICAL_DISCOVERY,False,0,,,,,,,,,,
DAILY_STATUS,IC_WEIGHTED_LINEAR_RANK,20221007,HISTORICAL_DISCOVERY,False,0,,,,,,,,,,
DAILY_STATUS,IC_WEIGHTED_LINEAR_RANK,20221011,HISTORICAL_DISCOVERY,False,0,,,,,,,,,,
DAILY_STATUS,IC_WEIGHTED_LINEAR_RANK,20221012,HISTORICAL_DISCOVERY,False,0,,,,,,,,,,
DAILY_STATUS,IC_WEIGHTED_LINEAR_RANK,20221013,HISTORICAL_DISCOVERY,False,0,,,,,,,,,,
DAILY_STATUS,IC_WEIGHTED_LINEAR_RANK,20221014,HISTORICAL_DISCOVERY,True,1,,,,,,,,,,
DAILY_STATUS,IC_WEIGHTED_LINEAR_RANK,20221017,HISTORICAL_DISCOVERY,False,0,,,,,,,,,,
DAILY_STATUS,IC_WEIGHTED_LINEAR_RANK,20221018,HISTORICAL_DISCOVERY,False,0,,,,,,,,,,
DAILY_STATUS,IC_WEIGHTED_LINEAR_RANK,20221019,HISTORICAL_DISCOVERY,False,0,,,,,,,,,,
DAILY_STATUS,IC_WEIGHTED_LINEAR_RANK,20221020,HISTORICAL_DISCOVERY,False,0,,,,,,,,,,
DAILY_STATUS,IC_WEIGHTED_LINEAR_RANK,20221021,HISTORICAL_DISCOVERY,False,0,,,,,,,,,,
DAILY_STATUS,IC_WEIGHTED_LINEAR_RANK,20221024,HISTORICAL_DISCOVERY,True,1,,,,,,,,,,
DAILY_STATUS,IC_WEIGHTED_LINEAR_RANK,20221025,HISTORICAL_DISCOVERY,False,0,,,,,,,,,,
DAILY_STATUS,IC_WEIGHTED_LINEAR_RANK,20221026,HISTORICAL_DISCOVERY,False,0,,,,,,,,,,
DAILY_STATUS,IC_WEIGHTED_LINEAR_RANK,20221027,HISTORICAL_DISCOVERY,False,0,,,,,,,,,,
DAILY_STATUS,IC_WEIGHTED_LINEAR_RANK,20221028,HISTORICAL_DISCOVERY,False,0,,,,,,,,,,
DAILY_STATUS,IC_WEIGHTED_LINEAR_RANK,20221031,HISTORICAL_DISCOVERY,False,0,,,,,,,,,,
DAILY_STATUS,IC_WEIGHTED_LINEAR_RANK,20221101,HISTORICAL_DISCOVERY,True,1,,,,,,,,,,
DAILY_STATUS,IC_WEIGHTED_LINEAR_RANK,20221102,HISTORICAL_DISCOVERY,False,0,,,,,,,,,,
DAILY_STATUS,IC_WEIGHTED_LINEAR_RANK,20221103,HISTORICAL_DISCOVERY,False,0,,,,,,,,,,
DAILY_STATUS,IC_WEIGHTED_LINEAR_RANK,20221104,HISTORICAL_DISCOVERY,False,0,,,,,,,,,,
DAILY_STATUS,IC_WEIGHTED_LINEAR_RANK,20221107,HISTORICAL_DISCOVERY,False,0,,,,,,,,,,
DAILY_STATUS,IC_WEIGHTED_LINEAR_RANK,20221108,HISTORICAL_DISCOVERY,False,0,,,,,,,,,,
DAILY_STATUS,IC_WEIGHTED_LINEAR_RANK,20221109,HISTORICAL_DISCOVERY,False,0,,,,,,,,,,
DAILY_STATUS,IC_WEIGHTED_LINEAR_RANK,20221110,HISTORICAL_DISCOVERY,False,0,,,,,,,,,,
DAILY_STATUS,IC_WEIGHTED_LINEAR_RANK,20221111,HISTORICAL_DISCOVERY,False,0,,,,,,,,,,
DAILY_STATUS,IC_WEIGHTED_LINEAR_RANK,20221114,HISTORICAL_DISCOVERY,False,0,,,,,,,,,,
DAILY_STATUS,IC_WEIGHTED_LINEAR_RANK,20221115,HISTORICAL_DISCOVERY,False,0,,,,,,,,,,
DAILY_STATUS,IC_WEIGHTED_LINEAR_RANK,20221116,HISTORICAL_DISCOVERY,False,0,,,,,,,,,,
DAILY_STATUS,IC_WEIGHTED_LINEAR_RANK,20221117,HISTORICAL_DISCOVERY,False,0,,,,,,,,,,
DAILY_STATUS,IC_WEIGHTED_LINEAR_RANK,20221118,HISTORICAL_DISCOVERY,False,0,,,,,,,,,,
DAILY_STATUS,IC_WEIGHTED_LINEAR_RANK,20221121,HISTORICAL_DISCOVERY,False,0,,,,,,,,,,
DAILY_STATUS,IC_WEIGHTED_LINEAR_RANK,20221122,HISTORICAL_DISCOVERY,False,0,,,,,,,,,,
DAILY_STATUS,IC_WEIGHTED_LINEAR_RANK,20221123,HISTORICAL_DISCOVERY,False,0,,,,,,,,,,
DAILY_STATUS,IC_WEIGHTED_LINEAR_RANK,20221124,HISTORICAL_DISCOVERY,False,0,,,,,,,,,,
DAILY_STATUS,IC_WEIGHTED_LINEAR_RANK,20221125,HISTORICAL_DISCOVERY,False,0,,,,,,,,,,
DAILY_STATUS,IC_WEIGHTED_LINEAR_RANK,20221128,HISTORICAL_DISCOVERY,False,0,,,,,,,,,,
DAILY_STATUS,IC_WEIGHTED_LINEAR_RANK,20221129,HISTORICAL_DISCOVERY,False,0,,,,,,,,,,
DAILY_STATUS,IC_WEIGHTED_LINEAR_RANK,20221130,HISTORICAL_DISCOVERY,False,0,,,,,,,,,,
DAILY_STATUS,IC_WEIGHTED_LINEAR_RANK,20221201,HISTORICAL_DISCOVERY,False,0,,,,,,,,,,
DAILY_STATUS,IC_WEIGHTED_LINEAR_RANK,20221202,HISTORICAL_DISCOVERY,False,0,,,,,,,,,,
DAILY_STATUS,IC_WEIGHTED_LINEAR_RANK,20221205,HISTORICAL_DISCOVERY,False,0,,,,,,,,,,
DAILY_STATUS,IC_WEIGHTED_LINEAR_RANK,20221206,HISTORICAL_DISCOVERY,False,0,,,,,,,,,,
DAILY_STATUS,IC_WEIGHTED_LINEAR_RANK,20221207,HISTORICAL_DISCOVERY,False,0,,,,,,,,,,
DAILY_STATUS,IC_WEIGHTED_LINEAR_RANK,20221208,HISTORICAL_DISCOVERY,False,0,,,,,,,,,,
DAILY_STATUS,IC_WEIGHTED_LINEAR_RANK,20221209,HISTORICAL_DISCOVERY,False,0,,,,,,,,,,
DAILY_STATUS,IC_WEIGHTED_LINEAR_RANK,20221212,HISTORICAL_DISCOVERY,False,0,,,,,,,,,,
DAILY_STATUS,IC_WEIGHTED_LINEAR_RANK,20221213,HISTORICAL_DISCOVERY,False,0,,,,,,,,,,
DAILY_STATUS,IC_WEIGHTED_LINEAR_RANK,20221214,HISTORICAL_DISCOVERY,False,0,,,,,,,,,,
DAILY_STATUS,IC_WEIGHTED_LINEAR_RANK,20221215,HISTORICAL_DISCOVERY,False,0,,,,,,,,,,
DAILY_STATUS,IC_WEIGHTED_LINEAR_RANK,20221216,HISTORICAL_DISCOVERY,False,0,,,,,,,,,,
DAILY_STATUS,IC_WEIGHTED_LINEAR_RANK,20221219,HISTORICAL_DISCOVERY,False,0,,,,,,,,,,
DAILY_STATUS,IC_WEIGHTED_LINEAR_RANK,20221220,HISTORICAL_DISCOVERY,False,0,,,,,,,,,,
DAILY_STATUS,IC_WEIGHTED_LINEAR_RANK,20221221,HISTORICAL_DISCOVERY,False,0,,,,,,,,,,
DAILY_STATUS,IC_WEIGHTED_LINEAR_RANK,20221222,HISTORICAL_DISCOVERY,False,0,,,,,,,,,,
DAILY_STATUS,IC_WEIGHTED_LINEAR_RANK,20221223,HISTORICAL_DISCOVERY,False,0,,,,,,,,,,
DAILY_STATUS,IC_WEIGHTED_LINEAR_RANK,20221226,HISTORICAL_DISCOVERY,False,0,,,,,,,,,,
DAILY_STATUS,IC_WEIGHTED_LINEAR_RANK,20221227,HISTORICAL_DISCOVERY,False,0,,,,,,,,,,
DAILY_STATUS,IC_WEIGHTED_LINEAR_RANK,20221228,HISTORICAL_DISCOVERY,False,0,,,,,,,,,,
DAILY_STATUS,IC_WEIGHTED_LINEAR_RANK,20221229,HISTORICAL_DISCOVERY,False,0,,,,,,,,,,
DAILY_STATUS,IC_WEIGHTED_LINEAR_RANK,20221230,HISTORICAL_DISCOVERY,False,0,,,,,,,,,,
DAILY_STATUS,IC_WEIGHTED_LINEAR_RANK,20230103,RETROSPECTIVE_CONFIRMATION_NOT_BLIND_OOS,True,1,,,,,,,,,,
DAILY_STATUS,IC_WEIGHTED_LINEAR_RANK,20230104,RETROSPECTIVE_CONFIRMATION_NOT_BLIND_OOS,False,0,,,,,,,,,,
DAILY_STATUS,IC_WEIGHTED_LINEAR_RANK,20230105,RETROSPECTIVE_CONFIRMATION_NOT_BLIND_OOS,False,0,,,,,,,,,,
DAILY_STATUS,IC_WEIGHTED_LINEAR_RANK,20230106,RETROSPECTIVE_CONFIRMATION_NOT_BLIND_OOS,False,0,,,,,,,,,,
DAILY_STATUS,IC_WEIGHTED_LINEAR_RANK,20230109,RETROSPECTIVE_CONFIRMATION_NOT_BLIND_OOS,False,0,,,,,,,,,,
DAILY_STATUS,IC_WEIGHTED_LINEAR_RANK,20230110,RETROSPECTIVE_CONFIRMATION_NOT_BLIND_OOS,True,1,,,,,,,,,,
DAILY_STATUS,IC_WEIGHTED_LINEAR_RANK,20230111,RETROSPECTIVE_CONFIRMATION_NOT_BLIND_OOS,False,0,,,,,,,,,,
DAILY_STATUS,IC_WEIGHTED_LINEAR_RANK,20230112,RETROSPECTIVE_CONFIRMATION_NOT_BLIND_OOS,False,0,,,,,,,,,,
DAILY_STATUS,IC_WEIGHTED_LINEAR_RANK,20230113,RETROSPECTIVE_CONFIRMATION_NOT_BLIND_OOS,False,0,,,,,,,,,,
DAILY_STATUS,IC_WEIGHTED_LINEAR_RANK,20230116,RETROSPECTIVE_CONFIRMATION_NOT_BLIND_OOS,True,2,,,,,,,,,,
DAILY_STATUS,IC_WEIGHTED_LINEAR_RANK,20230117,RETROSPECTIVE_CONFIRMATION_NOT_BLIND_OOS,False,0,,,,,,,,,,
DAILY_STATUS,IC_WEIGHTED_LINEAR_RANK,20230130,RETROSPECTIVE_CONFIRMATION_NOT_BLIND_OOS,False,0,,,,,,,,,,
DAILY_STATUS,IC_WEIGHTED_LINEAR_RANK,20230131,RETROSPECTIVE_CONFIRMATION_NOT_BLIND_OOS,True,1,,,,,,,,,,
DAILY_STATUS,IC_WEIGHTED_LINEAR_RANK,20230201,RETROSPECTIVE_CONFIRMATION_NOT_BLIND_OOS,False,0,,,,,,,,,,
DAILY_STATUS,IC_WEIGHTED_LINEAR_RANK,20230202,RETROSPECTIVE_CONFIRMATION_NOT_BLIND_OOS,False,0,,,,,,,,,,
DAILY_STATUS,IC_WEIGHTED_LINEAR_RANK,20230203,RETROSPECTIVE_CONFIRMATION_NOT_BLIND_OOS,False,0,,,,,,,,,,
DAILY_STATUS,IC_WEIGHTED_LINEAR_RANK,20230206,RETROSPECTIVE_CONFIRMATION_NOT_BLIND_OOS,False,0,,,,,,,,,,
DAILY_STATUS,IC_WEIGHTED_LINEAR_RANK,20230207,RETROSPECTIVE_CONFIRMATION_NOT_BLIND_OOS,False,0,,,,,,,,,,
DAILY_STATUS,IC_WEIGHTED_LINEAR_RANK,20230208,RETROSPECTIVE_CONFIRMATION_NOT_BLIND_OOS,False,0,,,,,,,,,,
DAILY_STATUS,IC_WEIGHTED_LINEAR_RANK,20230209,RETROSPECTIVE_CONFIRMATION_NOT_BLIND_OOS,False,0,,,,,,,,,,
DAILY_STATUS,IC_WEIGHTED_LINEAR_RANK,20230210,RETROSPECTIVE_CONFIRMATION_NOT_BLIND_OOS,False,0,,,,,,,,,,
DAILY_STATUS,IC_WEIGHTED_LINEAR_RANK,20230213,RETROSPECTIVE_CONFIRMATION_NOT_BLIND_OOS,False,0,,,,,,,,,,
DAILY_STATUS,IC_WEIGHTED_LINEAR_RANK,20230214,RETROSPECTIVE_CONFIRMATION_NOT_BLIND_OOS,False,0,,,,,,,,,,
DAILY_STATUS,IC_WEIGHTED_LINEAR_RANK,20230215,RETROSPECTIVE_CONFIRMATION_NOT_BLIND_OOS,False,0,,,,,,,,,,
DAILY_STATUS,IC_WEIGHTED_LINEAR_RANK,20230216,RETROSPECTIVE_CONFIRMATION_NOT_BLIND_OOS,False,0,,,,,,,,,,
DAILY_STATUS,IC_WEIGHTED_LINEAR_RANK,20230217,RETROSPECTIVE_CONFIRMATION_NOT_BLIND_OOS,False,0,,,,,,,,,,
DAILY_STATUS,IC_WEIGHTED_LINEAR_RANK,20230220,RETROSPECTIVE_CONFIRMATION_NOT_BLIND_OOS,False,0,,,,,,,,,,
DAILY_STATUS,IC_WEIGHTED_LINEAR_RANK,20230221,RETROSPECTIVE_CONFIRMATION_NOT_BLIND_OOS,False,0,,,,,,,,,,
DAILY_STATUS,IC_WEIGHTED_LINEAR_RANK,20230222,RETROSPECTIVE_CONFIRMATION_NOT_BLIND_OOS,False,0,,,,,,,,,,
DAILY_STATUS,IC_WEIGHTED_LINEAR_RANK,20230223,RETROSPECTIVE_CONFIRMATION_NOT_BLIND_OOS,False,0,,,,,,,,,,
DAILY_STATUS,IC_WEIGHTED_LINEAR_RANK,20230224,RETROSPECTIVE_CONFIRMATION_NOT_BLIND_OOS,True,1,,,,,,,,,,
DAILY_STATUS,IC_WEIGHTED_LINEAR_RANK,20230301,RETROSPECTIVE_CONFIRMATION_NOT_BLIND_OOS,False,0,,,,,,,,,,
DAILY_STATUS,IC_WEIGHTED_LINEAR_RANK,20230302,RETROSPECTIVE_CONFIRMATION_NOT_BLIND_OOS,False,0,,,,,,,,,,
DAILY_STATUS,IC_WEIGHTED_LINEAR_RANK,20230303,RETROSPECTIVE_CONFIRMATION_NOT_BLIND_OOS,False,0,,,,,,,,,,
DAILY_STATUS,IC_WEIGHTED_LINEAR_RANK,20230306,RETROSPECTIVE_CONFIRMATION_NOT_BLIND_OOS,False,0,,,,,,,,,,
DAILY_STATUS,IC_WEIGHTED_LINEAR_RANK,20230307,RETROSPECTIVE_CONFIRMATION_NOT_BLIND_OOS,False,0,,,,,,,,,,
DAILY_STATUS,IC_WEIGHTED_LINEAR_RANK,20230308,RETROSPECTIVE_CONFIRMATION_NOT_BLIND_OOS,False,0,,,,,,,,,,
DAILY_STATUS,IC_WEIGHTED_LINEAR_RANK,20230309,RETROSPECTIVE_CONFIRMATION_NOT_BLIND_OOS,False,0,,,,,,,,,,
DAILY_STATUS,IC_WEIGHTED_LINEAR_RANK,20230310,RETROSPECTIVE_CONFIRMATION_NOT_BLIND_OOS,False,0,,,,,,,,,,
DAILY_STATUS,IC_WEIGHTED_LINEAR_RANK,20230313,RETROSPECTIVE_CONFIRMATION_NOT_BLIND_OOS,False,0,,,,,,,,,,
DAILY_STATUS,IC_WEIGHTED_LINEAR_RANK,20230314,RETROSPECTIVE_CONFIRMATION_NOT_BLIND_OOS,False,0,,,,,,,,,,
DAILY_STATUS,IC_WEIGHTED_LINEAR_RANK,20230315,RETROSPECTIVE_CONFIRMATION_NOT_BLIND_OOS,False,0,,,,,,,,,,
DAILY_STATUS,IC_WEIGHTED_LINEAR_RANK,20230316,RETROSPECTIVE_CONFIRMATION_NOT_BLIND_OOS,False,0,,,,,,,,,,
DAILY_STATUS,IC_WEIGHTED_LINEAR_RANK,20230317,RETROSPECTIVE_CONFIRMATION_NOT_BLIND_OOS,False,0,,,,,,,,,,
DAILY_STATUS,IC_WEIGHTED_LINEAR_RANK,20230320,RETROSPECTIVE_CONFIRMATION_NOT_BLIND_OOS,False,0,,,,,,,,,,
DAILY_STATUS,IC_WEIGHTED_LINEAR_RANK,20230321,RETROSPECTIVE_CONFIRMATION_NOT_BLIND_OOS,False,0,,,,,,,,,,
DAILY_STATUS,IC_WEIGHTED_LINEAR_RANK,20230322,RETROSPECTIVE_CONFIRMATION_NOT_BLIND_OOS,False,0,,,,,,,,,,
DAILY_STATUS,IC_WEIGHTED_LINEAR_RANK,20230323,RETROSPECTIVE_CONFIRMATION_NOT_BLIND_OOS,False,0,,,,,,,,,,
DAILY_STATUS,IC_WEIGHTED_LINEAR_RANK,20230324,RETROSPECTIVE_CONFIRMATION_NOT_BLIND_OOS,False,0,,,,,,,,,,
DAILY_STATUS,IC_WEIGHTED_LINEAR_RANK,20230327,RETROSPECTIVE_CONFIRMATION_NOT_BLIND_OOS,False,0,,,,,,,,,,
DAILY_STATUS,IC_WEIGHTED_LINEAR_RANK,20230328,RETROSPECTIVE_CONFIRMATION_NOT_BLIND_OOS,False,0,,,,,,,,,,
DAILY_STATUS,IC_WEIGHTED_LINEAR_RANK,20230329,RETROSPECTIVE_CONFIRMATION_NOT_BLIND_OOS,False,0,,,,,,,,,,
DAILY_STATUS,IC_WEIGHTED_LINEAR_RANK,20230330,RETROSPECTIVE_CONFIRMATION_NOT_BLIND_OOS,False,0,,,,,,,,,,
DAILY_STATUS,IC_WEIGHTED_LINEAR_RANK,20230331,RETROSPECTIVE_CONFIRMATION_NOT_BLIND_OOS,False,0,,,,,,,,,,
DAILY_STATUS,IC_WEIGHTED_LINEAR_RANK,20230406,RETROSPECTIVE_CONFIRMATION_NOT_BLIND_OOS,True,1,,,,,,,,,,
DAILY_STATUS,IC_WEIGHTED_LINEAR_RANK,20230407,RETROSPECTIVE_CONFIRMATION_NOT_BLIND_OOS,False,0,,,,,,,,,,
DAILY_STATUS,IC_WEIGHTED_LINEAR_RANK,20230410,RETROSPECTIVE_CONFIRMATION_NOT_BLIND_OOS,False,0,,,,,,,,,,
DAILY_STATUS,IC_WEIGHTED_LINEAR_RANK,20230411,RETROSPECTIVE_CONFIRMATION_NOT_BLIND_OOS,False,0,,,,,,,,,,
DAILY_STATUS,IC_WEIGHTED_LINEAR_RANK,20230412,RETROSPECTIVE_CONFIRMATION_NOT_BLIND_OOS,True,1,,,,,,,,,,
DAILY_STATUS,IC_WEIGHTED_LINEAR_RANK,20230413,RETROSPECTIVE_CONFIRMATION_NOT_BLIND_OOS,False,0,,,,,,,,,,
DAILY_STATUS,IC_WEIGHTED_LINEAR_RANK,20230414,RETROSPECTIVE_CONFIRMATION_NOT_BLIND_OOS,False,0,,,,,,,,,,
DAILY_STATUS,IC_WEIGHTED_LINEAR_RANK,20230417,RETROSPECTIVE_CONFIRMATION_NOT_BLIND_OOS,False,0,,,,,,,,,,
DAILY_STATUS,IC_WEIGHTED_LINEAR_RANK,20230418,RETROSPECTIVE_CONFIRMATION_NOT_BLIND_OOS,False,0,,,,,,,,,,
DAILY_STATUS,IC_WEIGHTED_LINEAR_RANK,20230419,RETROSPECTIVE_CONFIRMATION_NOT_BLIND_OOS,False,0,,,,,,,,,,
DAILY_STATUS,IC_WEIGHTED_LINEAR_RANK,20230420,RETROSPECTIVE_CONFIRMATION_NOT_BLIND_OOS,False,0,,,,,,,,,,
DAILY_STATUS,IC_WEIGHTED_LINEAR_RANK,20230421,RETROSPECTIVE_CONFIRMATION_NOT_BLIND_OOS,False,0,,,,,,,,,,
DAILY_STATUS,IC_WEIGHTED_LINEAR_RANK,20230424,RETROSPECTIVE_CONFIRMATION_NOT_BLIND_OOS,False,0,,,,,,,,,,
DAILY_STATUS,IC_WEIGHTED_LINEAR_RANK,20230425,RETROSPECTIVE_CONFIRMATION_NOT_BLIND_OOS,False,0,,,,,,,,,,
DAILY_STATUS,IC_WEIGHTED_LINEAR_RANK,20230426,RETROSPECTIVE_CONFIRMATION_NOT_BLIND_OOS,False,0,,,,,,,,,,
DAILY_STATUS,IC_WEIGHTED_LINEAR_RANK,20230427,RETROSPECTIVE_CONFIRMATION_NOT_BLIND_OOS,False,0,,,,,,,,,,
DAILY_STATUS,IC_WEIGHTED_LINEAR_RANK,20230428,RETROSPECTIVE_CONFIRMATION_NOT_BLIND_OOS,False,0,,,,,,,,,,
DAILY_STATUS,IC_WEIGHTED_LINEAR_RANK,20230502,RETROSPECTIVE_CONFIRMATION_NOT_BLIND_OOS,False,0,,,,,,,,,,
DAILY_STATUS,IC_WEIGHTED_LINEAR_RANK,20230503,RETROSPECTIVE_CONFIRMATION_NOT_BLIND_OOS,False,0,,,,,,,,,,
DAILY_STATUS,IC_WEIGHTED_LINEAR_RANK,20230504,RETROSPECTIVE_CONFIRMATION_NOT_BLIND_OOS,False,0,,,,,,,,,,
DAILY_STATUS,IC_WEIGHTED_LINEAR_RANK,20230505,RETROSPECTIVE_CONFIRMATION_NOT_BLIND_OOS,False,0,,,,,,,,,,
DAILY_STATUS,IC_WEIGHTED_LINEAR_RANK,20230508,RETROSPECTIVE_CONFIRMATION_NOT_BLIND_OOS,True,1,,,,,,,,,,
DAILY_STATUS,IC_WEIGHTED_LINEAR_RANK,20230509,RETROSPECTIVE_CONFIRMATION_NOT_BLIND_OOS,False,0,,,,,,,,,,
DAILY_STATUS,IC_WEIGHTED_LINEAR_RANK,20230510,RETROSPECTIVE_CONFIRMATION_NOT_BLIND_OOS,False,0,,,,,,,,,,
DAILY_STATUS,IC_WEIGHTED_LINEAR_RANK,20230511,RETROSPECTIVE_CONFIRMATION_NOT_BLIND_OOS,False,0,,,,,,,,,,
DAILY_STATUS,IC_WEIGHTED_LINEAR_RANK,20230512,RETROSPECTIVE_CONFIRMATION_NOT_BLIND_OOS,False,0,,,,,,,,,,
DAILY_STATUS,IC_WEIGHTED_LINEAR_RANK,20230515,RETROSPECTIVE_CONFIRMATION_NOT_BLIND_OOS,False,0,,,,,,,,,,
DAILY_STATUS,IC_WEIGHTED_LINEAR_RANK,20230516,RETROSPECTIVE_CONFIRMATION_NOT_BLIND_OOS,True,1,,,,,,,,,,
DAILY_STATUS,IC_WEIGHTED_LINEAR_RANK,20230517,RETROSPECTIVE_CONFIRMATION_NOT_BLIND_OOS,True,1,,,,,,,,,,
DAILY_STATUS,IC_WEIGHTED_LINEAR_RANK,20230518,RETROSPECTIVE_CONFIRMATION_NOT_BLIND_OOS,False,0,,,,,,,,,,
DAILY_STATUS,IC_WEIGHTED_LINEAR_RANK,20230519,RETROSPECTIVE_CONFIRMATION_NOT_BLIND_OOS,False,0,,,,,,,,,,
DAILY_STATUS,IC_WEIGHTED_LINEAR_RANK,20230522,RETROSPECTIVE_CONFIRMATION_NOT_BLIND_OOS,False,0,,,,,,,,,,
DAILY_STATUS,IC_WEIGHTED_LINEAR_RANK,20230523,RETROSPECTIVE_CONFIRMATION_NOT_BLIND_OOS,False,0,,,,,,,,,,
DAILY_STATUS,IC_WEIGHTED_LINEAR_RANK,20230524,RETROSPECTIVE_CONFIRMATION_NOT_BLIND_OOS,False,0,,,,,,,,,,
DAILY_STATUS,IC_WEIGHTED_LINEAR_RANK,20230525,RETROSPECTIVE_CONFIRMATION_NOT_BLIND_OOS,False,0,,,,,,,,,,
DAILY_STATUS,IC_WEIGHTED_LINEAR_RANK,20230526,RETROSPECTIVE_CONFIRMATION_NOT_BLIND_OOS,False,0,,,,,,,,,,
DAILY_STATUS,IC_WEIGHTED_LINEAR_RANK,20230529,RETROSPECTIVE_CONFIRMATION_NOT_BLIND_OOS,False,0,,,,,,,,,,
DAILY_STATUS,IC_WEIGHTED_LINEAR_RANK,20230530,RETROSPECTIVE_CONFIRMATION_NOT_BLIND_OOS,False,0,,,,,,,,,,
DAILY_STATUS,IC_WEIGHTED_LINEAR_RANK,20230531,RETROSPECTIVE_CONFIRMATION_NOT_BLIND_OOS,False,0,,,,,,,,,,
DAILY_STATUS,IC_WEIGHTED_LINEAR_RANK,20230601,RETROSPECTIVE_CONFIRMATION_NOT_BLIND_OOS,False,0,,,,,,,,,,
DAILY_STATUS,IC_WEIGHTED_LINEAR_RANK,20230602,RETROSPECTIVE_CONFIRMATION_NOT_BLIND_OOS,False,0,,,,,,,,,,
DAILY_STATUS,IC_WEIGHTED_LINEAR_RANK,20230605,RETROSPECTIVE_CONFIRMATION_NOT_BLIND_OOS,False,0,,,,,,,,,,
DAILY_STATUS,IC_WEIGHTED_LINEAR_RANK,20230606,RETROSPECTIVE_CONFIRMATION_NOT_BLIND_OOS,False,0,,,,,,,,,,
DAILY_STATUS,IC_WEIGHTED_LINEAR_RANK,20230607,RETROSPECTIVE_CONFIRMATION_NOT_BLIND_OOS,False,0,,,,,,,,,,
DAILY_STATUS,IC_WEIGHTED_LINEAR_RANK,20230608,RETROSPECTIVE_CONFIRMATION_NOT_BLIND_OOS,True,1,,,,,,,,,,
DAILY_STATUS,IC_WEIGHTED_LINEAR_RANK,20230609,RETROSPECTIVE_CONFIRMATION_NOT_BLIND_OOS,False,0,,,,,,,,,,
DAILY_STATUS,IC_WEIGHTED_LINEAR_RANK,20230612,RETROSPECTIVE_CONFIRMATION_NOT_BLIND_OOS,False,0,,,,,,,,,,
DAILY_STATUS,IC_WEIGHTED_LINEAR_RANK,20230613,RETROSPECTIVE_CONFIRMATION_NOT_BLIND_OOS,False,0,,,,,,,,,,
DAILY_STATUS,IC_WEIGHTED_LINEAR_RANK,20230614,RETROSPECTIVE_CONFIRMATION_NOT_BLIND_OOS,False,0,,,,,,,,,,
DAILY_STATUS,IC_WEIGHTED_LINEAR_RANK,20230615,RETROSPECTIVE_CONFIRMATION_NOT_BLIND_OOS,False,0,,,,,,,,,,
DAILY_STATUS,IC_WEIGHTED_LINEAR_RANK,20230616,RETROSPECTIVE_CONFIRMATION_NOT_BLIND_OOS,False,0,,,,,,,,,,
DAILY_STATUS,IC_WEIGHTED_LINEAR_RANK,20230619,RETROSPECTIVE_CONFIRMATION_NOT_BLIND_OOS,False,0,,,,,,,,,,
DAILY_STATUS,IC_WEIGHTED_LINEAR_RANK,20230620,RETROSPECTIVE_CONFIRMATION_NOT_BLIND_OOS,False,0,,,,,,,,,,
DAILY_STATUS,IC_WEIGHTED_LINEAR_RANK,20230621,RETROSPECTIVE_CONFIRMATION_NOT_BLIND_OOS,False,0,,,,,,,,,,
DAILY_STATUS,IC_WEIGHTED_LINEAR_RANK,20230626,RETROSPECTIVE_CONFIRMATION_NOT_BLIND_OOS,False,0,,,,,,,,,,
DAILY_STATUS,IC_WEIGHTED_LINEAR_RANK,20230627,RETROSPECTIVE_CONFIRMATION_NOT_BLIND_OOS,False,0,,,,,,,,,,
DAILY_STATUS,IC_WEIGHTED_LINEAR_RANK,20230628,RETROSPECTIVE_CONFIRMATION_NOT_BLIND_OOS,True,1,,,,,,,,,,
DAILY_STATUS,IC_WEIGHTED_LINEAR_RANK,20230629,RETROSPECTIVE_CONFIRMATION_NOT_BLIND_OOS,False,0,,,,,,,,,,
DAILY_STATUS,IC_WEIGHTED_LINEAR_RANK,20230630,RETROSPECTIVE_CONFIRMATION_NOT_BLIND_OOS,True,2,,,,,,,,,,
DAILY_STATUS,IC_WEIGHTED_LINEAR_RANK,20230703,RETROSPECTIVE_CONFIRMATION_NOT_BLIND_OOS,False,0,,,,,,,,,,
DAILY_STATUS,IC_WEIGHTED_LINEAR_RANK,20230704,RETROSPECTIVE_CONFIRMATION_NOT_BLIND_OOS,False,0,,,,,,,,,,
DAILY_STATUS,IC_WEIGHTED_LINEAR_RANK,20230705,RETROSPECTIVE_CONFIRMATION_NOT_BLIND_OOS,False,0,,,,,,,,,,
DAILY_STATUS,IC_WEIGHTED_LINEAR_RANK,20230706,RETROSPECTIVE_CONFIRMATION_NOT_BLIND_OOS,False,0,,,,,,,,,,
DAILY_STATUS,IC_WEIGHTED_LINEAR_RANK,20230707,RETROSPECTIVE_CONFIRMATION_NOT_BLIND_OOS,False,0,,,,,,,,,,
DAILY_STATUS,IC_WEIGHTED_LINEAR_RANK,20230710,RETROSPECTIVE_CONFIRMATION_NOT_BLIND_OOS,False,0,,,,,,,,,,
DAILY_STATUS,IC_WEIGHTED_LINEAR_RANK,20230711,RETROSPECTIVE_CONFIRMATION_NOT_BLIND_OOS,True,1,,,,,,,,,,
DAILY_STATUS,IC_WEIGHTED_LINEAR_RANK,20230712,RETROSPECTIVE_CONFIRMATION_NOT_BLIND_OOS,False,0,,,,,,,,,,
DAILY_STATUS,IC_WEIGHTED_LINEAR_RANK,20230713,RETROSPECTIVE_CONFIRMATION_NOT_BLIND_OOS,False,0,,,,,,,,,,
DAILY_STATUS,IC_WEIGHTED_LINEAR_RANK,20230714,RETROSPECTIVE_CONFIRMATION_NOT_BLIND_OOS,False,0,,,,,,,,,,
DAILY_STATUS,IC_WEIGHTED_LINEAR_RANK,20230717,RETROSPECTIVE_CONFIRMATION_NOT_BLIND_OOS,False,0,,,,,,,,,,
DAILY_STATUS,IC_WEIGHTED_LINEAR_RANK,20230718,RETROSPECTIVE_CONFIRMATION_NOT_BLIND_OOS,False,0,,,,,,,,,,
DAILY_STATUS,IC_WEIGHTED_LINEAR_RANK,20230719,RETROSPECTIVE_CONFIRMATION_NOT_BLIND_OOS,False,0,,,,,,,,,,
DAILY_STATUS,IC_WEIGHTED_LINEAR_RANK,20230720,RETROSPECTIVE_CONFIRMATION_NOT_BLIND_OOS,True,1,,,,,,,,,,
DAILY_STATUS,IC_WEIGHTED_LINEAR_RANK,20230721,RETROSPECTIVE_CONFIRMATION_NOT_BLIND_OOS,False,0,,,,,,,,,,
DAILY_STATUS,IC_WEIGHTED_LINEAR_RANK,20230724,RETROSPECTIVE_CONFIRMATION_NOT_BLIND_OOS,False,0,,,,,,,,,,
DAILY_STATUS,IC_WEIGHTED_LINEAR_RANK,20230725,RETROSPECTIVE_CONFIRMATION_NOT_BLIND_OOS,True,2,,,,,,,,,,
DAILY_STATUS,IC_WEIGHTED_LINEAR_RANK,20230726,RETROSPECTIVE_CONFIRMATION_NOT_BLIND_OOS,False,0,,,,,,,,,,
DAILY_STATUS,IC_WEIGHTED_LINEAR_RANK,20230727,RETROSPECTIVE_CONFIRMATION_NOT_BLIND_OOS,True,1,,,,,,,,,,
DAILY_STATUS,IC_WEIGHTED_LINEAR_RANK,20230728,RETROSPECTIVE_CONFIRMATION_NOT_BLIND_OOS,False,0,,,,,,,,,,
DAILY_STATUS,IC_WEIGHTED_LINEAR_RANK,20230731,RETROSPECTIVE_CONFIRMATION_NOT_BLIND_OOS,False,0,,,,,,,,,,
DAILY_STATUS,IC_WEIGHTED_LINEAR_RANK,20230801,RETROSPECTIVE_CONFIRMATION_NOT_BLIND_OOS,False,0,,,,,,,,,,
DAILY_STATUS,IC_WEIGHTED_LINEAR_RANK,20230802,RETROSPECTIVE_CONFIRMATION_NOT_BLIND_OOS,False,0,,,,,,,,,,
DAILY_STATUS,IC_WEIGHTED_LINEAR_RANK,20230804,RETROSPECTIVE_CONFIRMATION_NOT_BLIND_OOS,True,1,,,,,,,,,,
DAILY_STATUS,IC_WEIGHTED_LINEAR_RANK,20230807,RETROSPECTIVE_CONFIRMATION_NOT_BLIND_OOS,True,1,,,,,,,,,,
DAILY_STATUS,IC_WEIGHTED_LINEAR_RANK,20230808,RETROSPECTIVE_CONFIRMATION_NOT_BLIND_OOS,False,0,,,,,,,,,,
DAILY_STATUS,IC_WEIGHTED_LINEAR_RANK,20230809,RETROSPECTIVE_CONFIRMATION_NOT_BLIND_OOS,False,0,,,,,,,,,,
DAILY_STATUS,IC_WEIGHTED_LINEAR_RANK,20230810,RETROSPECTIVE_CONFIRMATION_NOT_BLIND_OOS,False,0,,,,,,,,,,
DAILY_STATUS,IC_WEIGHTED_LINEAR_RANK,20230811,RETROSPECTIVE_CONFIRMATION_NOT_BLIND_OOS,False,0,,,,,,,,,,
DAILY_STATUS,IC_WEIGHTED_LINEAR_RANK,20230814,RETROSPECTIVE_CONFIRMATION_NOT_BLIND_OOS,False,0,,,,,,,,,,
DAILY_STATUS,IC_WEIGHTED_LINEAR_RANK,20230815,RETROSPECTIVE_CONFIRMATION_NOT_BLIND_OOS,True,1,,,,,,,,,,
DAILY_STATUS,IC_WEIGHTED_LINEAR_RANK,20230816,RETROSPECTIVE_CONFIRMATION_NOT_BLIND_OOS,True,3,,,,,,,,,,
DAILY_STATUS,IC_WEIGHTED_LINEAR_RANK,20230817,RETROSPECTIVE_CONFIRMATION_NOT_BLIND_OOS,False,0,,,,,,,,,,
DAILY_STATUS,IC_WEIGHTED_LINEAR_RANK,20230818,RETROSPECTIVE_CONFIRMATION_NOT_BLIND_OOS,False,0,,,,,,,,,,
DAILY_STATUS,IC_WEIGHTED_LINEAR_RANK,20230821,RETROSPECTIVE_CONFIRMATION_NOT_BLIND_OOS,False,0,,,,,,,,,,
DAILY_STATUS,IC_WEIGHTED_LINEAR_RANK,20230822,RETROSPECTIVE_CONFIRMATION_NOT_BLIND_OOS,False,0,,,,,,,,,,
DAILY_STATUS,IC_WEIGHTED_LINEAR_RANK,20230823,RETROSPECTIVE_CONFIRMATION_NOT_BLIND_OOS,False,0,,,,,,,,,,
DAILY_STATUS,IC_WEIGHTED_LINEAR_RANK,20230824,RETROSPECTIVE_CONFIRMATION_NOT_BLIND_OOS,True,2,,,,,,,,,,
DAILY_STATUS,IC_WEIGHTED_LINEAR_RANK,20230825,RETROSPECTIVE_CONFIRMATION_NOT_BLIND_OOS,False,0,,,,,,,,,,
DAILY_STATUS,IC_WEIGHTED_LINEAR_RANK,20230828,RETROSPECTIVE_CONFIRMATION_NOT_BLIND_OOS,True,1,,,,,,,,,,
DAILY_STATUS,IC_WEIGHTED_LINEAR_RANK,20230829,RETROSPECTIVE_CONFIRMATION_NOT_BLIND_OOS,False,0,,,,,,,,,,
DAILY_STATUS,IC_WEIGHTED_LINEAR_RANK,20230830,RETROSPECTIVE_CONFIRMATION_NOT_BLIND_OOS,True,1,,,,,,,,,,
DAILY_STATUS,IC_WEIGHTED_LINEAR_RANK,20230831,RETROSPECTIVE_CONFIRMATION_NOT_BLIND_OOS,False,0,,,,,,,,,,
DAILY_STATUS,IC_WEIGHTED_LINEAR_RANK,20230901,RETROSPECTIVE_CONFIRMATION_NOT_BLIND_OOS,False,0,,,,,,,,,,
DAILY_STATUS,IC_WEIGHTED_LINEAR_RANK,20230904,RETROSPECTIVE_CONFIRMATION_NOT_BLIND_OOS,False,0,,,,,,,,,,
DAILY_STATUS,IC_WEIGHTED_LINEAR_RANK,20230905,RETROSPECTIVE_CONFIRMATION_NOT_BLIND_OOS,False,0,,,,,,,,,,
DAILY_STATUS,IC_WEIGHTED_LINEAR_RANK,20230906,RETROSPECTIVE_CONFIRMATION_NOT_BLIND_OOS,False,0,,,,,,,,,,
DAILY_STATUS,IC_WEIGHTED_LINEAR_RANK,20230907,RETROSPECTIVE_CONFIRMATION_NOT_BLIND_OOS,False,0,,,,,,,,,,
DAILY_STATUS,IC_WEIGHTED_LINEAR_RANK,20230908,RETROSPECTIVE_CONFIRMATION_NOT_BLIND_OOS,False,0,,,,,,,,,,
DAILY_STATUS,IC_WEIGHTED_LINEAR_RANK,20230911,RETROSPECTIVE_CONFIRMATION_NOT_BLIND_OOS,False,0,,,,,,,,,,
DAILY_STATUS,IC_WEIGHTED_LINEAR_RANK,20230912,RETROSPECTIVE_CONFIRMATION_NOT_BLIND_OOS,False,0,,,,,,,,,,
DAILY_STATUS,IC_WEIGHTED_LINEAR_RANK,20230913,RETROSPECTIVE_CONFIRMATION_NOT_BLIND_OOS,False,0,,,,,,,,,,
DAILY_STATUS,IC_WEIGHTED_LINEAR_RANK,20230914,RETROSPECTIVE_CONFIRMATION_NOT_BLIND_OOS,False,0,,,,,,,,,,
DAILY_STATUS,IC_WEIGHTED_LINEAR_RANK,20230915,RETROSPECTIVE_CONFIRMATION_NOT_BLIND_OOS,True,1,,,,,,,,,,
DAILY_STATUS,IC_WEIGHTED_LINEAR_RANK,20230918,RETROSPECTIVE_CONFIRMATION_NOT_BLIND_OOS,False,0,,,,,,,,,,
DAILY_STATUS,IC_WEIGHTED_LINEAR_RANK,20230919,RETROSPECTIVE_CONFIRMATION_NOT_BLIND_OOS,False,0,,,,,,,,,,
DAILY_STATUS,IC_WEIGHTED_LINEAR_RANK,20230920,RETROSPECTIVE_CONFIRMATION_NOT_BLIND_OOS,False,0,,,,,,,,,,
DAILY_STATUS,IC_WEIGHTED_LINEAR_RANK,20230921,RETROSPECTIVE_CONFIRMATION_NOT_BLIND_OOS,False,0,,,,,,,,,,
DAILY_STATUS,IC_WEIGHTED_LINEAR_RANK,20230922,RETROSPECTIVE_CONFIRMATION_NOT_BLIND_OOS,False,0,,,,,,,,,,
DAILY_STATUS,IC_WEIGHTED_LINEAR_RANK,20230925,RETROSPECTIVE_CONFIRMATION_NOT_BLIND_OOS,True,1,,,,,,,,,,
DAILY_STATUS,IC_WEIGHTED_LINEAR_RANK,20230926,RETROSPECTIVE_CONFIRMATION_NOT_BLIND_OOS,False,0,,,,,,,,,,
DAILY_STATUS,IC_WEIGHTED_LINEAR_RANK,20230927,RETROSPECTIVE_CONFIRMATION_NOT_BLIND_OOS,False,0,,,,,,,,,,
DAILY_STATUS,IC_WEIGHTED_LINEAR_RANK,20230928,RETROSPECTIVE_CONFIRMATION_NOT_BLIND_OOS,False,0,,,,,,,,,,
DAILY_STATUS,IC_WEIGHTED_LINEAR_RANK,20231002,RETROSPECTIVE_CONFIRMATION_NOT_BLIND_OOS,False,0,,,,,,,,,,
DAILY_STATUS,IC_WEIGHTED_LINEAR_RANK,20231003,RETROSPECTIVE_CONFIRMATION_NOT_BLIND_OOS,False,0,,,,,,,,,,
DAILY_STATUS,IC_WEIGHTED_LINEAR_RANK,20231004,RETROSPECTIVE_CONFIRMATION_NOT_BLIND_OOS,False,0,,,,,,,,,,
DAILY_STATUS,IC_WEIGHTED_LINEAR_RANK,20231005,RETROSPECTIVE_CONFIRMATION_NOT_BLIND_OOS,False,0,,,,,,,,,,
DAILY_STATUS,IC_WEIGHTED_LINEAR_RANK,20231006,RETROSPECTIVE_CONFIRMATION_NOT_BLIND_OOS,False,0,,,,,,,,,,
DAILY_STATUS,IC_WEIGHTED_LINEAR_RANK,20231011,RETROSPECTIVE_CONFIRMATION_NOT_BLIND_OOS,False,0,,,,,,,,,,
DAILY_STATUS,IC_WEIGHTED_LINEAR_RANK,20231012,RETROSPECTIVE_CONFIRMATION_NOT_BLIND_OOS,True,1,,,,,,,,,,
DAILY_STATUS,IC_WEIGHTED_LINEAR_RANK,20231013,RETROSPECTIVE_CONFIRMATION_NOT_BLIND_OOS,False,0,,,,,,,,,,
DAILY_STATUS,IC_WEIGHTED_LINEAR_RANK,20231016,RETROSPECTIVE_CONFIRMATION_NOT_BLIND_OOS,False,0,,,,,,,,,,
DAILY_STATUS,IC_WEIGHTED_LINEAR_RANK,20231017,RETROSPECTIVE_CONFIRMATION_NOT_BLIND_OOS,False,0,,,,,,,,,,
DAILY_STATUS,IC_WEIGHTED_LINEAR_RANK,20231018,RETROSPECTIVE_CONFIRMATION_NOT_BLIND_OOS,False,0,,,,,,,,,,
DAILY_STATUS,IC_WEIGHTED_LINEAR_RANK,20231019,RETROSPECTIVE_CONFIRMATION_NOT_BLIND_OOS,False,0,,,,,,,,,,
DAILY_STATUS,IC_WEIGHTED_LINEAR_RANK,20231020,RETROSPECTIVE_CONFIRMATION_NOT_BLIND_OOS,False,0,,,,,,,,,,
DAILY_STATUS,IC_WEIGHTED_LINEAR_RANK,20231023,RETROSPECTIVE_CONFIRMATION_NOT_BLIND_OOS,False,0,,,,,,,,,,
DAILY_STATUS,IC_WEIGHTED_LINEAR_RANK,20231024,RETROSPECTIVE_CONFIRMATION_NOT_BLIND_OOS,False,0,,,,,,,,,,
DAILY_STATUS,IC_WEIGHTED_LINEAR_RANK,20231025,RETROSPECTIVE_CONFIRMATION_NOT_BLIND_OOS,False,0,,,,,,,,,,
DAILY_STATUS,IC_WEIGHTED_LINEAR_RANK,20231026,RETROSPECTIVE_CONFIRMATION_NOT_BLIND_OOS,False,0,,,,,,,,,,
DAILY_STATUS,IC_WEIGHTED_LINEAR_RANK,20231027,RETROSPECTIVE_CONFIRMATION_NOT_BLIND_OOS,True,1,,,,,,,,,,
DAILY_STATUS,IC_WEIGHTED_LINEAR_RANK,20231030,RETROSPECTIVE_CONFIRMATION_NOT_BLIND_OOS,False,0,,,,,,,,,,
DAILY_STATUS,IC_WEIGHTED_LINEAR_RANK,20231031,RETROSPECTIVE_CONFIRMATION_NOT_BLIND_OOS,False,0,,,,,,,,,,
DAILY_STATUS,IC_WEIGHTED_LINEAR_RANK,20231101,RETROSPECTIVE_CONFIRMATION_NOT_BLIND_OOS,False,0,,,,,,,,,,
DAILY_STATUS,IC_WEIGHTED_LINEAR_RANK,20231102,RETROSPECTIVE_CONFIRMATION_NOT_BLIND_OOS,True,1,,,,,,,,,,
DAILY_STATUS,IC_WEIGHTED_LINEAR_RANK,20231103,RETROSPECTIVE_CONFIRMATION_NOT_BLIND_OOS,False,0,,,,,,,,,,
DAILY_STATUS,IC_WEIGHTED_LINEAR_RANK,20231106,RETROSPECTIVE_CONFIRMATION_NOT_BLIND_OOS,False,0,,,,,,,,,,
DAILY_STATUS,IC_WEIGHTED_LINEAR_RANK,20231107,RETROSPECTIVE_CONFIRMATION_NOT_BLIND_OOS,False,0,,,,,,,,,,
DAILY_STATUS,IC_WEIGHTED_LINEAR_RANK,20231108,RETROSPECTIVE_CONFIRMATION_NOT_BLIND_OOS,True,1,,,,,,,,,,
DAILY_STATUS,IC_WEIGHTED_LINEAR_RANK,20231109,RETROSPECTIVE_CONFIRMATION_NOT_BLIND_OOS,False,0,,,,,,,,,,
DAILY_STATUS,IC_WEIGHTED_LINEAR_RANK,20231110,RETROSPECTIVE_CONFIRMATION_NOT_BLIND_OOS,False,0,,,,,,,,,,
DAILY_STATUS,IC_WEIGHTED_LINEAR_RANK,20231113,RETROSPECTIVE_CONFIRMATION_NOT_BLIND_OOS,False,0,,,,,,,,,,
DAILY_STATUS,IC_WEIGHTED_LINEAR_RANK,20231114,RETROSPECTIVE_CONFIRMATION_NOT_BLIND_OOS,False,0,,,,,,,,,,
DAILY_STATUS,IC_WEIGHTED_LINEAR_RANK,20231115,RETROSPECTIVE_CONFIRMATION_NOT_BLIND_OOS,False,0,,,,,,,,,,
DAILY_STATUS,IC_WEIGHTED_LINEAR_RANK,20231116,RETROSPECTIVE_CONFIRMATION_NOT_BLIND_OOS,False,0,,,,,,,,,,
DAILY_STATUS,IC_WEIGHTED_LINEAR_RANK,20231117,RETROSPECTIVE_CONFIRMATION_NOT_BLIND_OOS,False,0,,,,,,,,,,
DAILY_STATUS,IC_WEIGHTED_LINEAR_RANK,20231120,RETROSPECTIVE_CONFIRMATION_NOT_BLIND_OOS,False,0,,,,,,,,,,
DAILY_STATUS,IC_WEIGHTED_LINEAR_RANK,20231121,RETROSPECTIVE_CONFIRMATION_NOT_BLIND_OOS,False,0,,,,,,,,,,
DAILY_STATUS,IC_WEIGHTED_LINEAR_RANK,20231122,RETROSPECTIVE_CONFIRMATION_NOT_BLIND_OOS,False,0,,,,,,,,,,
DAILY_STATUS,IC_WEIGHTED_LINEAR_RANK,20231123,RETROSPECTIVE_CONFIRMATION_NOT_BLIND_OOS,False,0,,,,,,,,,,
DAILY_STATUS,IC_WEIGHTED_LINEAR_RANK,20231124,RETROSPECTIVE_CONFIRMATION_NOT_BLIND_OOS,False,0,,,,,,,,,,
DAILY_STATUS,IC_WEIGHTED_LINEAR_RANK,20231127,RETROSPECTIVE_CONFIRMATION_NOT_BLIND_OOS,False,0,,,,,,,,,,
DAILY_STATUS,IC_WEIGHTED_LINEAR_RANK,20231128,RETROSPECTIVE_CONFIRMATION_NOT_BLIND_OOS,False,0,,,,,,,,,,
DAILY_STATUS,IC_WEIGHTED_LINEAR_RANK,20231129,RETROSPECTIVE_CONFIRMATION_NOT_BLIND_OOS,False,0,,,,,,,,,,
DAILY_STATUS,IC_WEIGHTED_LINEAR_RANK,20231130,RETROSPECTIVE_CONFIRMATION_NOT_BLIND_OOS,True,1,,,,,,,,,,
DAILY_STATUS,IC_WEIGHTED_LINEAR_RANK,20231201,RETROSPECTIVE_CONFIRMATION_NOT_BLIND_OOS,False,0,,,,,,,,,,
DAILY_STATUS,IC_WEIGHTED_LINEAR_RANK,20231204,RETROSPECTIVE_CONFIRMATION_NOT_BLIND_OOS,False,0,,,,,,,,,,
DAILY_STATUS,IC_WEIGHTED_LINEAR_RANK,20231205,RETROSPECTIVE_CONFIRMATION_NOT_BLIND_OOS,False,0,,,,,,,,,,
DAILY_STATUS,IC_WEIGHTED_LINEAR_RANK,20231206,RETROSPECTIVE_CONFIRMATION_NOT_BLIND_OOS,False,0,,,,,,,,,,
DAILY_STATUS,IC_WEIGHTED_LINEAR_RANK,20231207,RETROSPECTIVE_CONFIRMATION_NOT_BLIND_OOS,False,0,,,,,,,,,,
DAILY_STATUS,IC_WEIGHTED_LINEAR_RANK,20231208,RETROSPECTIVE_CONFIRMATION_NOT_BLIND_OOS,False,0,,,,,,,,,,
DAILY_STATUS,IC_WEIGHTED_LINEAR_RANK,20231211,RETROSPECTIVE_CONFIRMATION_NOT_BLIND_OOS,False,0,,,,,,,,,,
DAILY_STATUS,IC_WEIGHTED_LINEAR_RANK,20231212,RETROSPECTIVE_CONFIRMATION_NOT_BLIND_OOS,False,0,,,,,,,,,,
DAILY_STATUS,IC_WEIGHTED_LINEAR_RANK,20231213,RETROSPECTIVE_CONFIRMATION_NOT_BLIND_OOS,False,0,,,,,,,,,,
DAILY_STATUS,IC_WEIGHTED_LINEAR_RANK,20231214,RETROSPECTIVE_CONFIRMATION_NOT_BLIND_OOS,False,0,,,,,,,,,,
DAILY_STATUS,IC_WEIGHTED_LINEAR_RANK,20231215,RETROSPECTIVE_CONFIRMATION_NOT_BLIND_OOS,False,0,,,,,,,,,,
DAILY_STATUS,IC_WEIGHTED_LINEAR_RANK,20231218,RETROSPECTIVE_CONFIRMATION_NOT_BLIND_OOS,False,0,,,,,,,,,,
DAILY_STATUS,IC_WEIGHTED_LINEAR_RANK,20231219,RETROSPECTIVE_CONFIRMATION_NOT_BLIND_OOS,False,0,,,,,,,,,,
DAILY_STATUS,IC_WEIGHTED_LINEAR_RANK,20231220,RETROSPECTIVE_CONFIRMATION_NOT_BLIND_OOS,False,0,,,,,,,,,,
DAILY_STATUS,IC_WEIGHTED_LINEAR_RANK,20231221,RETROSPECTIVE_CONFIRMATION_NOT_BLIND_OOS,False,0,,,,,,,,,,
DAILY_STATUS,IC_WEIGHTED_LINEAR_RANK,20231222,RETROSPECTIVE_CONFIRMATION_NOT_BLIND_OOS,False,0,,,,,,,,,,
DAILY_STATUS,IC_WEIGHTED_LINEAR_RANK,20231225,RETROSPECTIVE_CONFIRMATION_NOT_BLIND_OOS,False,0,,,,,,,,,,
DAILY_STATUS,IC_WEIGHTED_LINEAR_RANK,20231226,RETROSPECTIVE_CONFIRMATION_NOT_BLIND_OOS,False,0,,,,,,,,,,
DAILY_STATUS,IC_WEIGHTED_LINEAR_RANK,20231227,RETROSPECTIVE_CONFIRMATION_NOT_BLIND_OOS,False,0,,,,,,,,,,
DAILY_STATUS,IC_WEIGHTED_LINEAR_RANK,20231228,RETROSPECTIVE_CONFIRMATION_NOT_BLIND_OOS,False,0,,,,,,,,,,
DAILY_STATUS,IC_WEIGHTED_LINEAR_RANK,20231229,RETROSPECTIVE_CONFIRMATION_NOT_BLIND_OOS,False,0,,,,,,,,,,
DAILY_STATUS,IC_WEIGHTED_LINEAR_RANK,20240102,RETROSPECTIVE_CONFIRMATION_NOT_BLIND_OOS,False,0,,,,,,,,,,
DAILY_STATUS,IC_WEIGHTED_LINEAR_RANK,20240103,RETROSPECTIVE_CONFIRMATION_NOT_BLIND_OOS,False,0,,,,,,,,,,
DAILY_STATUS,IC_WEIGHTED_LINEAR_RANK,20240104,RETROSPECTIVE_CONFIRMATION_NOT_BLIND_OOS,False,0,,,,,,,,,,
DAILY_STATUS,IC_WEIGHTED_LINEAR_RANK,20240105,RETROSPECTIVE_CONFIRMATION_NOT_BLIND_OOS,False,0,,,,,,,,,,
DAILY_STATUS,IC_WEIGHTED_LINEAR_RANK,20240108,RETROSPECTIVE_CONFIRMATION_NOT_BLIND_OOS,False,0,,,,,,,,,,
DAILY_STATUS,IC_WEIGHTED_LINEAR_RANK,20240109,RETROSPECTIVE_CONFIRMATION_NOT_BLIND_OOS,False,0,,,,,,,,,,
DAILY_STATUS,IC_WEIGHTED_LINEAR_RANK,20240110,RETROSPECTIVE_CONFIRMATION_NOT_BLIND_OOS,False,0,,,,,,,,,,
DAILY_STATUS,IC_WEIGHTED_LINEAR_RANK,20240111,RETROSPECTIVE_CONFIRMATION_NOT_BLIND_OOS,False,0,,,,,,,,,,
DAILY_STATUS,IC_WEIGHTED_LINEAR_RANK,20240112,RETROSPECTIVE_CONFIRMATION_NOT_BLIND_OOS,False,0,,,,,,,,,,
DAILY_STATUS,IC_WEIGHTED_LINEAR_RANK,20240115,RETROSPECTIVE_CONFIRMATION_NOT_BLIND_OOS,False,0,,,,,,,,,,
DAILY_STATUS,IC_WEIGHTED_LINEAR_RANK,20240116,RETROSPECTIVE_CONFIRMATION_NOT_BLIND_OOS,False,0,,,,,,,,,,
DAILY_STATUS,IC_WEIGHTED_LINEAR_RANK,20240117,RETROSPECTIVE_CONFIRMATION_NOT_BLIND_OOS,False,0,,,,,,,,,,
DAILY_STATUS,IC_WEIGHTED_LINEAR_RANK,20240118,RETROSPECTIVE_CONFIRMATION_NOT_BLIND_OOS,False,0,,,,,,,,,,
DAILY_STATUS,IC_WEIGHTED_LINEAR_RANK,20240119,RETROSPECTIVE_CONFIRMATION_NOT_BLIND_OOS,False,0,,,,,,,,,,
DAILY_STATUS,IC_WEIGHTED_LINEAR_RANK,20240122,RETROSPECTIVE_CONFIRMATION_NOT_BLIND_OOS,False,0,,,,,,,,,,
DAILY_STATUS,IC_WEIGHTED_LINEAR_RANK,20240123,RETROSPECTIVE_CONFIRMATION_NOT_BLIND_OOS,False,0,,,,,,,,,,
DAILY_STATUS,IC_WEIGHTED_LINEAR_RANK,20240124,RETROSPECTIVE_CONFIRMATION_NOT_BLIND_OOS,True,1,,,,,,,,,,
DAILY_STATUS,IC_WEIGHTED_LINEAR_RANK,20240125,RETROSPECTIVE_CONFIRMATION_NOT_BLIND_OOS,False,0,,,,,,,,,,
DAILY_STATUS,IC_WEIGHTED_LINEAR_RANK,20240126,RETROSPECTIVE_CONFIRMATION_NOT_BLIND_OOS,False,0,,,,,,,,,,
DAILY_STATUS,IC_WEIGHTED_LINEAR_RANK,20240129,RETROSPECTIVE_CONFIRMATION_NOT_BLIND_OOS,False,0,,,,,,,,,,
DAILY_STATUS,IC_WEIGHTED_LINEAR_RANK,20240130,RETROSPECTIVE_CONFIRMATION_NOT_BLIND_OOS,False,0,,,,,,,,,,
DAILY_STATUS,IC_WEIGHTED_LINEAR_RANK,20240131,RETROSPECTIVE_CONFIRMATION_NOT_BLIND_OOS,False,0,,,,,,,,,,
DAILY_STATUS,IC_WEIGHTED_LINEAR_RANK,20240201,RETROSPECTIVE_CONFIRMATION_NOT_BLIND_OOS,False,0,,,,,,,,,,
DAILY_STATUS,IC_WEIGHTED_LINEAR_RANK,20240202,RETROSPECTIVE_CONFIRMATION_NOT_BLIND_OOS,False,0,,,,,,,,,,
DAILY_STATUS,IC_WEIGHTED_LINEAR_RANK,20240205,RETROSPECTIVE_CONFIRMATION_NOT_BLIND_OOS,False,0,,,,,,,,,,
DAILY_STATUS,IC_WEIGHTED_LINEAR_RANK,20240215,RETROSPECTIVE_CONFIRMATION_NOT_BLIND_OOS,False,0,,,,,,,,,,
DAILY_STATUS,IC_WEIGHTED_LINEAR_RANK,20240216,RETROSPECTIVE_CONFIRMATION_NOT_BLIND_OOS,True,1,,,,,,,,,,
DAILY_STATUS,IC_WEIGHTED_LINEAR_RANK,20240219,RETROSPECTIVE_CONFIRMATION_NOT_BLIND_OOS,False,0,,,,,,,,,,
DAILY_STATUS,IC_WEIGHTED_LINEAR_RANK,20240220,RETROSPECTIVE_CONFIRMATION_NOT_BLIND_OOS,False,0,,,,,,,,,,
DAILY_STATUS,IC_WEIGHTED_LINEAR_RANK,20240221,RETROSPECTIVE_CONFIRMATION_NOT_BLIND_OOS,True,1,,,,,,,,,,
DAILY_STATUS,IC_WEIGHTED_LINEAR_RANK,20240222,RETROSPECTIVE_CONFIRMATION_NOT_BLIND_OOS,False,0,,,,,,,,,,
DAILY_STATUS,IC_WEIGHTED_LINEAR_RANK,20240223,RETROSPECTIVE_CONFIRMATION_NOT_BLIND_OOS,False,0,,,,,,,,,,
DAILY_STATUS,IC_WEIGHTED_LINEAR_RANK,20240226,RETROSPECTIVE_CONFIRMATION_NOT_BLIND_OOS,False,0,,,,,,,,,,
DAILY_STATUS,IC_WEIGHTED_LINEAR_RANK,20240227,RETROSPECTIVE_CONFIRMATION_NOT_BLIND_OOS,False,0,,,,,,,,,,
DAILY_STATUS,IC_WEIGHTED_LINEAR_RANK,20240229,RETROSPECTIVE_CONFIRMATION_NOT_BLIND_OOS,False,0,,,,,,,,,,
DAILY_STATUS,IC_WEIGHTED_LINEAR_RANK,20240301,RETROSPECTIVE_CONFIRMATION_NOT_BLIND_OOS,False,0,,,,,,,,,,
DAILY_STATUS,IC_WEIGHTED_LINEAR_RANK,20240304,RETROSPECTIVE_CONFIRMATION_NOT_BLIND_OOS,False,0,,,,,,,,,,
DAILY_STATUS,IC_WEIGHTED_LINEAR_RANK,20240305,RETROSPECTIVE_CONFIRMATION_NOT_BLIND_OOS,False,0,,,,,,,,,,
DAILY_STATUS,IC_WEIGHTED_LINEAR_RANK,20240306,RETROSPECTIVE_CONFIRMATION_NOT_BLIND_OOS,False,0,,,,,,,,,,
DAILY_STATUS,IC_WEIGHTED_LINEAR_RANK,20240307,RETROSPECTIVE_CONFIRMATION_NOT_BLIND_OOS,False,0,,,,,,,,,,
DAILY_STATUS,IC_WEIGHTED_LINEAR_RANK,20240308,RETROSPECTIVE_CONFIRMATION_NOT_BLIND_OOS,False,0,,,,,,,,,,
DAILY_STATUS,IC_WEIGHTED_LINEAR_RANK,20240311,RETROSPECTIVE_CONFIRMATION_NOT_BLIND_OOS,False,0,,,,,,,,,,
DAILY_STATUS,IC_WEIGHTED_LINEAR_RANK,20240312,RETROSPECTIVE_CONFIRMATION_NOT_BLIND_OOS,False,0,,,,,,,,,,
DAILY_STATUS,IC_WEIGHTED_LINEAR_RANK,20240313,RETROSPECTIVE_CONFIRMATION_NOT_BLIND_OOS,False,0,,,,,,,,,,
DAILY_STATUS,IC_WEIGHTED_LINEAR_RANK,20240314,RETROSPECTIVE_CONFIRMATION_NOT_BLIND_OOS,False,0,,,,,,,,,,
DAILY_STATUS,IC_WEIGHTED_LINEAR_RANK,20240315,RETROSPECTIVE_CONFIRMATION_NOT_BLIND_OOS,False,0,,,,,,,,,,
DAILY_STATUS,IC_WEIGHTED_LINEAR_RANK,20240318,RETROSPECTIVE_CONFIRMATION_NOT_BLIND_OOS,False,0,,,,,,,,,,
DAILY_STATUS,IC_WEIGHTED_LINEAR_RANK,20240319,RETROSPECTIVE_CONFIRMATION_NOT_BLIND_OOS,False,0,,,,,,,,,,
DAILY_STATUS,IC_WEIGHTED_LINEAR_RANK,20240320,RETROSPECTIVE_CONFIRMATION_NOT_BLIND_OOS,False,0,,,,,,,,,,
DAILY_STATUS,IC_WEIGHTED_LINEAR_RANK,20240321,RETROSPECTIVE_CONFIRMATION_NOT_BLIND_OOS,False,0,,,,,,,,,,
DAILY_STATUS,IC_WEIGHTED_LINEAR_RANK,20240322,RETROSPECTIVE_CONFIRMATION_NOT_BLIND_OOS,False,0,,,,,,,,,,
DAILY_STATUS,IC_WEIGHTED_LINEAR_RANK,20240325,RETROSPECTIVE_CONFIRMATION_NOT_BLIND_OOS,False,0,,,,,,,,,,
DAILY_STATUS,IC_WEIGHTED_LINEAR_RANK,20240326,RETROSPECTIVE_CONFIRMATION_NOT_BLIND_OOS,False,0,,,,,,,,,,
DAILY_STATUS,IC_WEIGHTED_LINEAR_RANK,20240327,RETROSPECTIVE_CONFIRMATION_NOT_BLIND_OOS,True,1,,,,,,,,,,
DAILY_STATUS,IC_WEIGHTED_LINEAR_RANK,20240328,RETROSPECTIVE_CONFIRMATION_NOT_BLIND_OOS,False,0,,,,,,,,,,
DAILY_STATUS,IC_WEIGHTED_LINEAR_RANK,20240329,RETROSPECTIVE_CONFIRMATION_NOT_BLIND_OOS,False,0,,,,,,,,,,
DAILY_STATUS,IC_WEIGHTED_LINEAR_RANK,20240401,RETROSPECTIVE_CONFIRMATION_NOT_BLIND_OOS,True,2,,,,,,,,,,
DAILY_STATUS,IC_WEIGHTED_LINEAR_RANK,20240402,RETROSPECTIVE_CONFIRMATION_NOT_BLIND_OOS,True,1,,,,,,,,,,
DAILY_STATUS,IC_WEIGHTED_LINEAR_RANK,20240403,RETROSPECTIVE_CONFIRMATION_NOT_BLIND_OOS,False,0,,,,,,,,,,
DAILY_STATUS,IC_WEIGHTED_LINEAR_RANK,20240408,RETROSPECTIVE_CONFIRMATION_NOT_BLIND_OOS,False,0,,,,,,,,,,
DAILY_STATUS,IC_WEIGHTED_LINEAR_RANK,20240409,RETROSPECTIVE_CONFIRMATION_NOT_BLIND_OOS,False,0,,,,,,,,,,
DAILY_STATUS,IC_WEIGHTED_LINEAR_RANK,20240410,RETROSPECTIVE_CONFIRMATION_NOT_BLIND_OOS,True,1,,,,,,,,,,
DAILY_STATUS,IC_WEIGHTED_LINEAR_RANK,20240411,RETROSPECTIVE_CONFIRMATION_NOT_BLIND_OOS,True,1,,,,,,,,,,
DAILY_STATUS,IC_WEIGHTED_LINEAR_RANK,20240412,RETROSPECTIVE_CONFIRMATION_NOT_BLIND_OOS,True,1,,,,,,,,,,
DAILY_STATUS,IC_WEIGHTED_LINEAR_RANK,20240415,RETROSPECTIVE_CONFIRMATION_NOT_BLIND_OOS,False,0,,,,,,,,,,
DAILY_STATUS,IC_WEIGHTED_LINEAR_RANK,20240416,RETROSPECTIVE_CONFIRMATION_NOT_BLIND_OOS,False,0,,,,,,,,,,
DAILY_STATUS,IC_WEIGHTED_LINEAR_RANK,20240417,RETROSPECTIVE_CONFIRMATION_NOT_BLIND_OOS,True,1,,,,,,,,,,
DAILY_STATUS,IC_WEIGHTED_LINEAR_RANK,20240418,RETROSPECTIVE_CONFIRMATION_NOT_BLIND_OOS,False,0,,,,,,,,,,
DAILY_STATUS,IC_WEIGHTED_LINEAR_RANK,20240419,RETROSPECTIVE_CONFIRMATION_NOT_BLIND_OOS,False,0,,,,,,,,,,
DAILY_STATUS,IC_WEIGHTED_LINEAR_RANK,20240422,RETROSPECTIVE_CONFIRMATION_NOT_BLIND_OOS,False,0,,,,,,,,,,
DAILY_STATUS,IC_WEIGHTED_LINEAR_RANK,20240423,RETROSPECTIVE_CONFIRMATION_NOT_BLIND_OOS,False,0,,,,,,,,,,
DAILY_STATUS,IC_WEIGHTED_LINEAR_RANK,20240424,RETROSPECTIVE_CONFIRMATION_NOT_BLIND_OOS,False,0,,,,,,,,,,
DAILY_STATUS,IC_WEIGHTED_LINEAR_RANK,20240425,RETROSPECTIVE_CONFIRMATION_NOT_BLIND_OOS,False,0,,,,,,,,,,
DAILY_STATUS,IC_WEIGHTED_LINEAR_RANK,20240426,RETROSPECTIVE_CONFIRMATION_NOT_BLIND_OOS,False,0,,,,,,,,,,
DAILY_STATUS,IC_WEIGHTED_LINEAR_RANK,20240429,RETROSPECTIVE_CONFIRMATION_NOT_BLIND_OOS,False,0,,,,,,,,,,
DAILY_STATUS,IC_WEIGHTED_LINEAR_RANK,20240430,RETROSPECTIVE_CONFIRMATION_NOT_BLIND_OOS,False,0,,,,,,,,,,
DAILY_STATUS,IC_WEIGHTED_LINEAR_RANK,20240502,RETROSPECTIVE_CONFIRMATION_NOT_BLIND_OOS,False,0,,,,,,,,,,
DAILY_STATUS,IC_WEIGHTED_LINEAR_RANK,20240503,RETROSPECTIVE_CONFIRMATION_NOT_BLIND_OOS,False,0,,,,,,,,,,
DAILY_STATUS,IC_WEIGHTED_LINEAR_RANK,20240506,RETROSPECTIVE_CONFIRMATION_NOT_BLIND_OOS,False,0,,,,,,,,,,
DAILY_STATUS,IC_WEIGHTED_LINEAR_RANK,20240507,RETROSPECTIVE_CONFIRMATION_NOT_BLIND_OOS,False,0,,,,,,,,,,
DAILY_STATUS,IC_WEIGHTED_LINEAR_RANK,20240508,RETROSPECTIVE_CONFIRMATION_NOT_BLIND_OOS,False,0,,,,,,,,,,
DAILY_STATUS,IC_WEIGHTED_LINEAR_RANK,20240509,RETROSPECTIVE_CONFIRMATION_NOT_BLIND_OOS,False,0,,,,,,,,,,
DAILY_STATUS,IC_WEIGHTED_LINEAR_RANK,20240510,RETROSPECTIVE_CONFIRMATION_NOT_BLIND_OOS,False,0,,,,,,,,,,
DAILY_STATUS,IC_WEIGHTED_LINEAR_RANK,20240513,RETROSPECTIVE_CONFIRMATION_NOT_BLIND_OOS,False,0,,,,,,,,,,
DAILY_STATUS,IC_WEIGHTED_LINEAR_RANK,20240514,RETROSPECTIVE_CONFIRMATION_NOT_BLIND_OOS,False,0,,,,,,,,,,
DAILY_STATUS,IC_WEIGHTED_LINEAR_RANK,20240515,RETROSPECTIVE_CONFIRMATION_NOT_BLIND_OOS,False,0,,,,,,,,,,
DAILY_STATUS,IC_WEIGHTED_LINEAR_RANK,20240516,RETROSPECTIVE_CONFIRMATION_NOT_BLIND_OOS,False,0,,,,,,,,,,
DAILY_STATUS,IC_WEIGHTED_LINEAR_RANK,20240517,RETROSPECTIVE_CONFIRMATION_NOT_BLIND_OOS,False,0,,,,,,,,,,
DAILY_STATUS,IC_WEIGHTED_LINEAR_RANK,20240520,RETROSPECTIVE_CONFIRMATION_NOT_BLIND_OOS,False,0,,,,,,,,,,
DAILY_STATUS,IC_WEIGHTED_LINEAR_RANK,20240521,RETROSPECTIVE_CONFIRMATION_NOT_BLIND_OOS,False,0,,,,,,,,,,
DAILY_STATUS,IC_WEIGHTED_LINEAR_RANK,20240522,RETROSPECTIVE_CONFIRMATION_NOT_BLIND_OOS,True,1,,,,,,,,,,
DAILY_STATUS,IC_WEIGHTED_LINEAR_RANK,20240523,RETROSPECTIVE_CONFIRMATION_NOT_BLIND_OOS,False,0,,,,,,,,,,
DAILY_STATUS,IC_WEIGHTED_LINEAR_RANK,20240524,RETROSPECTIVE_CONFIRMATION_NOT_BLIND_OOS,False,0,,,,,,,,,,
DAILY_STATUS,IC_WEIGHTED_LINEAR_RANK,20240527,RETROSPECTIVE_CONFIRMATION_NOT_BLIND_OOS,True,1,,,,,,,,,,
DAILY_STATUS,IC_WEIGHTED_LINEAR_RANK,20240528,RETROSPECTIVE_CONFIRMATION_NOT_BLIND_OOS,True,1,,,,,,,,,,
DAILY_STATUS,IC_WEIGHTED_LINEAR_RANK,20240529,RETROSPECTIVE_CONFIRMATION_NOT_BLIND_OOS,True,2,,,,,,,,,,
DAILY_STATUS,IC_WEIGHTED_LINEAR_RANK,20240530,RETROSPECTIVE_CONFIRMATION_NOT_BLIND_OOS,False,0,,,,,,,,,,
DAILY_STATUS,IC_WEIGHTED_LINEAR_RANK,20240531,RETROSPECTIVE_CONFIRMATION_NOT_BLIND_OOS,False,0,,,,,,,,,,
DAILY_STATUS,IC_WEIGHTED_LINEAR_RANK,20240603,RETROSPECTIVE_CONFIRMATION_NOT_BLIND_OOS,False,0,,,,,,,,,,
DAILY_STATUS,IC_WEIGHTED_LINEAR_RANK,20240604,RETROSPECTIVE_CONFIRMATION_NOT_BLIND_OOS,False,0,,,,,,,,,,
DAILY_STATUS,IC_WEIGHTED_LINEAR_RANK,20240605,RETROSPECTIVE_CONFIRMATION_NOT_BLIND_OOS,False,0,,,,,,,,,,
DAILY_STATUS,IC_WEIGHTED_LINEAR_RANK,20240606,RETROSPECTIVE_CONFIRMATION_NOT_BLIND_OOS,False,0,,,,,,,,,,
DAILY_STATUS,IC_WEIGHTED_LINEAR_RANK,20240607,RETROSPECTIVE_CONFIRMATION_NOT_BLIND_OOS,False,0,,,,,,,,,,
DAILY_STATUS,IC_WEIGHTED_LINEAR_RANK,20240611,RETROSPECTIVE_CONFIRMATION_NOT_BLIND_OOS,False,0,,,,,,,,,,
DAILY_STATUS,IC_WEIGHTED_LINEAR_RANK,20240612,RETROSPECTIVE_CONFIRMATION_NOT_BLIND_OOS,True,1,,,,,,,,,,
DAILY_STATUS,IC_WEIGHTED_LINEAR_RANK,20240613,RETROSPECTIVE_CONFIRMATION_NOT_BLIND_OOS,False,0,,,,,,,,,,
DAILY_STATUS,IC_WEIGHTED_LINEAR_RANK,20240614,RETROSPECTIVE_CONFIRMATION_NOT_BLIND_OOS,False,0,,,,,,,,,,
DAILY_STATUS,IC_WEIGHTED_LINEAR_RANK,20240617,RETROSPECTIVE_CONFIRMATION_NOT_BLIND_OOS,True,1,,,,,,,,,,
DAILY_STATUS,IC_WEIGHTED_LINEAR_RANK,20240618,RETROSPECTIVE_CONFIRMATION_NOT_BLIND_OOS,False,0,,,,,,,,,,
DAILY_STATUS,IC_WEIGHTED_LINEAR_RANK,20240619,RETROSPECTIVE_CONFIRMATION_NOT_BLIND_OOS,False,0,,,,,,,,,,
DAILY_STATUS,IC_WEIGHTED_LINEAR_RANK,20240620,RETROSPECTIVE_CONFIRMATION_NOT_BLIND_OOS,True,1,,,,,,,,,,
DAILY_STATUS,IC_WEIGHTED_LINEAR_RANK,20240621,RETROSPECTIVE_CONFIRMATION_NOT_BLIND_OOS,False,0,,,,,,,,,,
DAILY_STATUS,IC_WEIGHTED_LINEAR_RANK,20240624,RETROSPECTIVE_CONFIRMATION_NOT_BLIND_OOS,False,0,,,,,,,,,,
DAILY_STATUS,IC_WEIGHTED_LINEAR_RANK,20240625,RETROSPECTIVE_CONFIRMATION_NOT_BLIND_OOS,True,1,,,,,,,,,,
DAILY_STATUS,IC_WEIGHTED_LINEAR_RANK,20240626,RETROSPECTIVE_CONFIRMATION_NOT_BLIND_OOS,False,0,,,,,,,,,,
DAILY_STATUS,IC_WEIGHTED_LINEAR_RANK,20240627,RETROSPECTIVE_CONFIRMATION_NOT_BLIND_OOS,False,0,,,,,,,,,,
DAILY_STATUS,IC_WEIGHTED_LINEAR_RANK,20240628,RETROSPECTIVE_CONFIRMATION_NOT_BLIND_OOS,False,0,,,,,,,,,,
DAILY_STATUS,IC_WEIGHTED_LINEAR_RANK,20240701,RETROSPECTIVE_CONFIRMATION_NOT_BLIND_OOS,True,2,,,,,,,,,,
DAILY_STATUS,IC_WEIGHTED_LINEAR_RANK,20240702,RETROSPECTIVE_CONFIRMATION_NOT_BLIND_OOS,False,0,,,,,,,,,,
DAILY_STATUS,IC_WEIGHTED_LINEAR_RANK,20240703,RETROSPECTIVE_CONFIRMATION_NOT_BLIND_OOS,True,1,,,,,,,,,,
DAILY_STATUS,IC_WEIGHTED_LINEAR_RANK,20240704,RETROSPECTIVE_CONFIRMATION_NOT_BLIND_OOS,False,0,,,,,,,,,,
DAILY_STATUS,IC_WEIGHTED_LINEAR_RANK,20240705,RETROSPECTIVE_CONFIRMATION_NOT_BLIND_OOS,False,0,,,,,,,,,,
DAILY_STATUS,IC_WEIGHTED_LINEAR_RANK,20240708,RETROSPECTIVE_CONFIRMATION_NOT_BLIND_OOS,False,0,,,,,,,,,,
DAILY_STATUS,IC_WEIGHTED_LINEAR_RANK,20240709,RETROSPECTIVE_CONFIRMATION_NOT_BLIND_OOS,False,0,,,,,,,,,,
DAILY_STATUS,IC_WEIGHTED_LINEAR_RANK,20240710,RETROSPECTIVE_CONFIRMATION_NOT_BLIND_OOS,True,2,,,,,,,,,,
DAILY_STATUS,IC_WEIGHTED_LINEAR_RANK,20240711,RETROSPECTIVE_CONFIRMATION_NOT_BLIND_OOS,False,0,,,,,,,,,,
DAILY_STATUS,IC_WEIGHTED_LINEAR_RANK,20240712,RETROSPECTIVE_CONFIRMATION_NOT_BLIND_OOS,True,1,,,,,,,,,,
DAILY_STATUS,IC_WEIGHTED_LINEAR_RANK,20240715,RETROSPECTIVE_CONFIRMATION_NOT_BLIND_OOS,False,0,,,,,,,,,,
DAILY_STATUS,IC_WEIGHTED_LINEAR_RANK,20240716,RETROSPECTIVE_CONFIRMATION_NOT_BLIND_OOS,False,0,,,,,,,,,,
DAILY_STATUS,IC_WEIGHTED_LINEAR_RANK,20240717,RETROSPECTIVE_CONFIRMATION_NOT_BLIND_OOS,False,0,,,,,,,,,,
DAILY_STATUS,IC_WEIGHTED_LINEAR_RANK,20240718,RETROSPECTIVE_CONFIRMATION_NOT_BLIND_OOS,False,0,,,,,,,,,,
DAILY_STATUS,IC_WEIGHTED_LINEAR_RANK,20240719,RETROSPECTIVE_CONFIRMATION_NOT_BLIND_OOS,False,0,,,,,,,,,,
DAILY_STATUS,IC_WEIGHTED_LINEAR_RANK,20240722,RETROSPECTIVE_CONFIRMATION_NOT_BLIND_OOS,False,0,,,,,,,,,,
DAILY_STATUS,IC_WEIGHTED_LINEAR_RANK,20240723,RETROSPECTIVE_CONFIRMATION_NOT_BLIND_OOS,False,0,,,,,,,,,,
DAILY_STATUS,IC_WEIGHTED_LINEAR_RANK,20240726,RETROSPECTIVE_CONFIRMATION_NOT_BLIND_OOS,False,0,,,,,,,,,,
DAILY_STATUS,IC_WEIGHTED_LINEAR_RANK,20240729,RETROSPECTIVE_CONFIRMATION_NOT_BLIND_OOS,False,0,,,,,,,,,,
DAILY_STATUS,IC_WEIGHTED_LINEAR_RANK,20240730,RETROSPECTIVE_CONFIRMATION_NOT_BLIND_OOS,False,0,,,,,,,,,,
DAILY_STATUS,IC_WEIGHTED_LINEAR_RANK,20240731,RETROSPECTIVE_CONFIRMATION_NOT_BLIND_OOS,False,0,,,,,,,,,,
DAILY_STATUS,IC_WEIGHTED_LINEAR_RANK,20240801,RETROSPECTIVE_CONFIRMATION_NOT_BLIND_OOS,False,0,,,,,,,,,,
DAILY_STATUS,IC_WEIGHTED_LINEAR_RANK,20240802,RETROSPECTIVE_CONFIRMATION_NOT_BLIND_OOS,False,0,,,,,,,,,,
DAILY_STATUS,IC_WEIGHTED_LINEAR_RANK,20240805,RETROSPECTIVE_CONFIRMATION_NOT_BLIND_OOS,False,0,,,,,,,,,,
DAILY_STATUS,IC_WEIGHTED_LINEAR_RANK,20240806,RETROSPECTIVE_CONFIRMATION_NOT_BLIND_OOS,False,0,,,,,,,,,,
DAILY_STATUS,IC_WEIGHTED_LINEAR_RANK,20240807,RETROSPECTIVE_CONFIRMATION_NOT_BLIND_OOS,True,1,,,,,,,,,,
DAILY_STATUS,IC_WEIGHTED_LINEAR_RANK,20240808,RETROSPECTIVE_CONFIRMATION_NOT_BLIND_OOS,False,0,,,,,,,,,,
DAILY_STATUS,IC_WEIGHTED_LINEAR_RANK,20240809,RETROSPECTIVE_CONFIRMATION_NOT_BLIND_OOS,False,0,,,,,,,,,,
DAILY_STATUS,IC_WEIGHTED_LINEAR_RANK,20240812,RETROSPECTIVE_CONFIRMATION_NOT_BLIND_OOS,False,0,,,,,,,,,,
DAILY_STATUS,IC_WEIGHTED_LINEAR_RANK,20240813,RETROSPECTIVE_CONFIRMATION_NOT_BLIND_OOS,True,1,,,,,,,,,,
DAILY_STATUS,IC_WEIGHTED_LINEAR_RANK,20240814,RETROSPECTIVE_CONFIRMATION_NOT_BLIND_OOS,False,0,,,,,,,,,,
DAILY_STATUS,IC_WEIGHTED_LINEAR_RANK,20240815,RETROSPECTIVE_CONFIRMATION_NOT_BLIND_OOS,False,0,,,,,,,,,,
DAILY_STATUS,IC_WEIGHTED_LINEAR_RANK,20240816,RETROSPECTIVE_CONFIRMATION_NOT_BLIND_OOS,False,0,,,,,,,,,,
DAILY_STATUS,IC_WEIGHTED_LINEAR_RANK,20240819,RETROSPECTIVE_CONFIRMATION_NOT_BLIND_OOS,False,0,,,,,,,,,,
DAILY_STATUS,IC_WEIGHTED_LINEAR_RANK,20240820,RETROSPECTIVE_CONFIRMATION_NOT_BLIND_OOS,False,0,,,,,,,,,,
DAILY_STATUS,IC_WEIGHTED_LINEAR_RANK,20240821,RETROSPECTIVE_CONFIRMATION_NOT_BLIND_OOS,False,0,,,,,,,,,,
DAILY_STATUS,IC_WEIGHTED_LINEAR_RANK,20240822,RETROSPECTIVE_CONFIRMATION_NOT_BLIND_OOS,True,1,,,,,,,,,,
DAILY_STATUS,IC_WEIGHTED_LINEAR_RANK,20240823,RETROSPECTIVE_CONFIRMATION_NOT_BLIND_OOS,False,0,,,,,,,,,,
DAILY_STATUS,IC_WEIGHTED_LINEAR_RANK,20240826,RETROSPECTIVE_CONFIRMATION_NOT_BLIND_OOS,False,0,,,,,,,,,,
DAILY_STATUS,IC_WEIGHTED_LINEAR_RANK,20240827,RETROSPECTIVE_CONFIRMATION_NOT_BLIND_OOS,False,0,,,,,,,,,,
DAILY_STATUS,IC_WEIGHTED_LINEAR_RANK,20240828,RETROSPECTIVE_CONFIRMATION_NOT_BLIND_OOS,False,0,,,,,,,,,,
DAILY_STATUS,IC_WEIGHTED_LINEAR_RANK,20240829,RETROSPECTIVE_CONFIRMATION_NOT_BLIND_OOS,False,0,,,,,,,,,,
DAILY_STATUS,IC_WEIGHTED_LINEAR_RANK,20240830,RETROSPECTIVE_CONFIRMATION_NOT_BLIND_OOS,False,0,,,,,,,,,,
DAILY_STATUS,IC_WEIGHTED_LINEAR_RANK,20240902,RETROSPECTIVE_CONFIRMATION_NOT_BLIND_OOS,False,0,,,,,,,,,,
DAILY_STATUS,IC_WEIGHTED_LINEAR_RANK,20240903,RETROSPECTIVE_CONFIRMATION_NOT_BLIND_OOS,False,0,,,,,,,,,,
DAILY_STATUS,IC_WEIGHTED_LINEAR_RANK,20240904,RETROSPECTIVE_CONFIRMATION_NOT_BLIND_OOS,False,0,,,,,,,,,,
DAILY_STATUS,IC_WEIGHTED_LINEAR_RANK,20240905,RETROSPECTIVE_CONFIRMATION_NOT_BLIND_OOS,False,0,,,,,,,,,,
DAILY_STATUS,IC_WEIGHTED_LINEAR_RANK,20240906,RETROSPECTIVE_CONFIRMATION_NOT_BLIND_OOS,False,0,,,,,,,,,,
DAILY_STATUS,IC_WEIGHTED_LINEAR_RANK,20240909,RETROSPECTIVE_CONFIRMATION_NOT_BLIND_OOS,False,0,,,,,,,,,,
DAILY_STATUS,IC_WEIGHTED_LINEAR_RANK,20240910,RETROSPECTIVE_CONFIRMATION_NOT_BLIND_OOS,False,0,,,,,,,,,,
DAILY_STATUS,IC_WEIGHTED_LINEAR_RANK,20240911,RETROSPECTIVE_CONFIRMATION_NOT_BLIND_OOS,False,0,,,,,,,,,,
DAILY_STATUS,IC_WEIGHTED_LINEAR_RANK,20240912,RETROSPECTIVE_CONFIRMATION_NOT_BLIND_OOS,False,0,,,,,,,,,,
DAILY_STATUS,IC_WEIGHTED_LINEAR_RANK,20240913,RETROSPECTIVE_CONFIRMATION_NOT_BLIND_OOS,False,0,,,,,,,,,,
DAILY_STATUS,IC_WEIGHTED_LINEAR_RANK,20240916,RETROSPECTIVE_CONFIRMATION_NOT_BLIND_OOS,False,0,,,,,,,,,,
DAILY_STATUS,IC_WEIGHTED_LINEAR_RANK,20240918,RETROSPECTIVE_CONFIRMATION_NOT_BLIND_OOS,False,0,,,,,,,,,,
DAILY_STATUS,IC_WEIGHTED_LINEAR_RANK,20240919,RETROSPECTIVE_CONFIRMATION_NOT_BLIND_OOS,True,2,,,,,,,,,,
DAILY_STATUS,IC_WEIGHTED_LINEAR_RANK,20240920,RETROSPECTIVE_CONFIRMATION_NOT_BLIND_OOS,False,0,,,,,,,,,,
DAILY_STATUS,IC_WEIGHTED_LINEAR_RANK,20240923,RETROSPECTIVE_CONFIRMATION_NOT_BLIND_OOS,False,0,,,,,,,,,,
DAILY_STATUS,IC_WEIGHTED_LINEAR_RANK,20240924,RETROSPECTIVE_CONFIRMATION_NOT_BLIND_OOS,True,1,,,,,,,,,,
DAILY_STATUS,IC_WEIGHTED_LINEAR_RANK,20240925,RETROSPECTIVE_CONFIRMATION_NOT_BLIND_OOS,False,0,,,,,,,,,,
DAILY_STATUS,IC_WEIGHTED_LINEAR_RANK,20240926,RETROSPECTIVE_CONFIRMATION_NOT_BLIND_OOS,False,0,,,,,,,,,,
DAILY_STATUS,IC_WEIGHTED_LINEAR_RANK,20240927,RETROSPECTIVE_CONFIRMATION_NOT_BLIND_OOS,False,0,,,,,,,,,,
DAILY_STATUS,IC_WEIGHTED_LINEAR_RANK,20240930,RETROSPECTIVE_CONFIRMATION_NOT_BLIND_OOS,False,0,,,,,,,,,,
DAILY_STATUS,IC_WEIGHTED_LINEAR_RANK,20241001,RETROSPECTIVE_CONFIRMATION_NOT_BLIND_OOS,False,0,,,,,,,,,,
DAILY_STATUS,IC_WEIGHTED_LINEAR_RANK,20241004,RETROSPECTIVE_CONFIRMATION_NOT_BLIND_OOS,False,0,,,,,,,,,,
DAILY_STATUS,IC_WEIGHTED_LINEAR_RANK,20241007,RETROSPECTIVE_CONFIRMATION_NOT_BLIND_OOS,False,0,,,,,,,,,,
DAILY_STATUS,IC_WEIGHTED_LINEAR_RANK,20241008,RETROSPECTIVE_CONFIRMATION_NOT_BLIND_OOS,False,0,,,,,,,,,,
DAILY_STATUS,IC_WEIGHTED_LINEAR_RANK,20241009,RETROSPECTIVE_CONFIRMATION_NOT_BLIND_OOS,False,0,,,,,,,,,,
DAILY_STATUS,IC_WEIGHTED_LINEAR_RANK,20241011,RETROSPECTIVE_CONFIRMATION_NOT_BLIND_OOS,False,0,,,,,,,,,,
DAILY_STATUS,IC_WEIGHTED_LINEAR_RANK,20241014,RETROSPECTIVE_CONFIRMATION_NOT_BLIND_OOS,False,0,,,,,,,,,,
DAILY_STATUS,IC_WEIGHTED_LINEAR_RANK,20241015,RETROSPECTIVE_CONFIRMATION_NOT_BLIND_OOS,False,0,,,,,,,,,,
DAILY_STATUS,IC_WEIGHTED_LINEAR_RANK,20241016,RETROSPECTIVE_CONFIRMATION_NOT_BLIND_OOS,False,0,,,,,,,,,,
DAILY_STATUS,IC_WEIGHTED_LINEAR_RANK,20241017,RETROSPECTIVE_CONFIRMATION_NOT_BLIND_OOS,False,0,,,,,,,,,,
DAILY_STATUS,IC_WEIGHTED_LINEAR_RANK,20241018,RETROSPECTIVE_CONFIRMATION_NOT_BLIND_OOS,False,0,,,,,,,,,,
DAILY_STATUS,IC_WEIGHTED_LINEAR_RANK,20241021,RETROSPECTIVE_CONFIRMATION_NOT_BLIND_OOS,True,1,,,,,,,,,,
DAILY_STATUS,IC_WEIGHTED_LINEAR_RANK,20241022,RETROSPECTIVE_CONFIRMATION_NOT_BLIND_OOS,False,0,,,,,,,,,,
DAILY_STATUS,IC_WEIGHTED_LINEAR_RANK,20241023,RETROSPECTIVE_CONFIRMATION_NOT_BLIND_OOS,True,1,,,,,,,,,,
DAILY_STATUS,IC_WEIGHTED_LINEAR_RANK,20241024,RETROSPECTIVE_CONFIRMATION_NOT_BLIND_OOS,False,0,,,,,,,,,,
DAILY_STATUS,IC_WEIGHTED_LINEAR_RANK,20241025,RETROSPECTIVE_CONFIRMATION_NOT_BLIND_OOS,False,0,,,,,,,,,,
DAILY_STATUS,IC_WEIGHTED_LINEAR_RANK,20241028,RETROSPECTIVE_CONFIRMATION_NOT_BLIND_OOS,False,0,,,,,,,,,,
DAILY_STATUS,IC_WEIGHTED_LINEAR_RANK,20241029,RETROSPECTIVE_CONFIRMATION_NOT_BLIND_OOS,False,0,,,,,,,,,,
DAILY_STATUS,IC_WEIGHTED_LINEAR_RANK,20241030,RETROSPECTIVE_CONFIRMATION_NOT_BLIND_OOS,False,0,,,,,,,,,,
DAILY_STATUS,IC_WEIGHTED_LINEAR_RANK,20241101,RETROSPECTIVE_CONFIRMATION_NOT_BLIND_OOS,False,0,,,,,,,,,,
DAILY_STATUS,IC_WEIGHTED_LINEAR_RANK,20241104,RETROSPECTIVE_CONFIRMATION_NOT_BLIND_OOS,False,0,,,,,,,,,,
DAILY_STATUS,IC_WEIGHTED_LINEAR_RANK,20241105,RETROSPECTIVE_CONFIRMATION_NOT_BLIND_OOS,False,0,,,,,,,,,,
DAILY_STATUS,IC_WEIGHTED_LINEAR_RANK,20241106,RETROSPECTIVE_CONFIRMATION_NOT_BLIND_OOS,False,0,,,,,,,,,,
DAILY_STATUS,IC_WEIGHTED_LINEAR_RANK,20241107,RETROSPECTIVE_CONFIRMATION_NOT_BLIND_OOS,False,0,,,,,,,,,,
DAILY_STATUS,IC_WEIGHTED_LINEAR_RANK,20241108,RETROSPECTIVE_CONFIRMATION_NOT_BLIND_OOS,False,0,,,,,,,,,,
DAILY_STATUS,IC_WEIGHTED_LINEAR_RANK,20241111,RETROSPECTIVE_CONFIRMATION_NOT_BLIND_OOS,False,0,,,,,,,,,,
DAILY_STATUS,IC_WEIGHTED_LINEAR_RANK,20241112,RETROSPECTIVE_CONFIRMATION_NOT_BLIND_OOS,False,0,,,,,,,,,,
DAILY_STATUS,IC_WEIGHTED_LINEAR_RANK,20241113,RETROSPECTIVE_CONFIRMATION_NOT_BLIND_OOS,False,0,,,,,,,,,,
DAILY_STATUS,IC_WEIGHTED_LINEAR_RANK,20241114,RETROSPECTIVE_CONFIRMATION_NOT_BLIND_OOS,False,0,,,,,,,,,,
DAILY_STATUS,IC_WEIGHTED_LINEAR_RANK,20241115,RETROSPECTIVE_CONFIRMATION_NOT_BLIND_OOS,False,0,,,,,,,,,,
DAILY_STATUS,IC_WEIGHTED_LINEAR_RANK,20241118,RETROSPECTIVE_CONFIRMATION_NOT_BLIND_OOS,False,0,,,,,,,,,,
DAILY_STATUS,IC_WEIGHTED_LINEAR_RANK,20241119,RETROSPECTIVE_CONFIRMATION_NOT_BLIND_OOS,False,0,,,,,,,,,,
DAILY_STATUS,IC_WEIGHTED_LINEAR_RANK,20241120,RETROSPECTIVE_CONFIRMATION_NOT_BLIND_OOS,False,0,,,,,,,,,,
DAILY_STATUS,IC_WEIGHTED_LINEAR_RANK,20241121,RETROSPECTIVE_CONFIRMATION_NOT_BLIND_OOS,False,0,,,,,,,,,,
DAILY_STATUS,IC_WEIGHTED_LINEAR_RANK,20241122,RETROSPECTIVE_CONFIRMATION_NOT_BLIND_OOS,False,0,,,,,,,,,,
DAILY_STATUS,IC_WEIGHTED_LINEAR_RANK,20241125,RETROSPECTIVE_CONFIRMATION_NOT_BLIND_OOS,False,0,,,,,,,,,,
DAILY_STATUS,IC_WEIGHTED_LINEAR_RANK,20241126,RETROSPECTIVE_CONFIRMATION_NOT_BLIND_OOS,False,0,,,,,,,,,,
DAILY_STATUS,IC_WEIGHTED_LINEAR_RANK,20241127,RETROSPECTIVE_CONFIRMATION_NOT_BLIND_OOS,False,0,,,,,,,,,,
DAILY_STATUS,IC_WEIGHTED_LINEAR_RANK,20241128,RETROSPECTIVE_CONFIRMATION_NOT_BLIND_OOS,False,0,,,,,,,,,,
DAILY_STATUS,IC_WEIGHTED_LINEAR_RANK,20241129,RETROSPECTIVE_CONFIRMATION_NOT_BLIND_OOS,True,3,,,,,,,,,,
DAILY_STATUS,IC_WEIGHTED_LINEAR_RANK,20241202,RETROSPECTIVE_CONFIRMATION_NOT_BLIND_OOS,True,2,,,,,,,,,,
DAILY_STATUS,IC_WEIGHTED_LINEAR_RANK,20241203,RETROSPECTIVE_CONFIRMATION_NOT_BLIND_OOS,True,1,,,,,,,,,,
DAILY_STATUS,IC_WEIGHTED_LINEAR_RANK,20241204,RETROSPECTIVE_CONFIRMATION_NOT_BLIND_OOS,True,1,,,,,,,,,,
DAILY_STATUS,IC_WEIGHTED_LINEAR_RANK,20241205,RETROSPECTIVE_CONFIRMATION_NOT_BLIND_OOS,False,0,,,,,,,,,,
DAILY_STATUS,IC_WEIGHTED_LINEAR_RANK,20241206,RETROSPECTIVE_CONFIRMATION_NOT_BLIND_OOS,False,0,,,,,,,,,,
DAILY_STATUS,IC_WEIGHTED_LINEAR_RANK,20241209,RETROSPECTIVE_CONFIRMATION_NOT_BLIND_OOS,False,0,,,,,,,,,,
DAILY_STATUS,IC_WEIGHTED_LINEAR_RANK,20241210,RETROSPECTIVE_CONFIRMATION_NOT_BLIND_OOS,False,0,,,,,,,,,,
DAILY_STATUS,IC_WEIGHTED_LINEAR_RANK,20241211,RETROSPECTIVE_CONFIRMATION_NOT_BLIND_OOS,False,0,,,,,,,,,,
DAILY_STATUS,IC_WEIGHTED_LINEAR_RANK,20241212,RETROSPECTIVE_CONFIRMATION_NOT_BLIND_OOS,False,0,,,,,,,,,,
DAILY_STATUS,IC_WEIGHTED_LINEAR_RANK,20241213,RETROSPECTIVE_CONFIRMATION_NOT_BLIND_OOS,False,0,,,,,,,,,,
DAILY_STATUS,IC_WEIGHTED_LINEAR_RANK,20241216,RETROSPECTIVE_CONFIRMATION_NOT_BLIND_OOS,False,0,,,,,,,,,,
DAILY_STATUS,IC_WEIGHTED_LINEAR_RANK,20241217,RETROSPECTIVE_CONFIRMATION_NOT_BLIND_OOS,False,0,,,,,,,,,,
DAILY_STATUS,IC_WEIGHTED_LINEAR_RANK,20241218,RETROSPECTIVE_CONFIRMATION_NOT_BLIND_OOS,False,0,,,,,,,,,,
DAILY_STATUS,IC_WEIGHTED_LINEAR_RANK,20241219,RETROSPECTIVE_CONFIRMATION_NOT_BLIND_OOS,False,0,,,,,,,,,,
DAILY_STATUS,IC_WEIGHTED_LINEAR_RANK,20241220,RETROSPECTIVE_CONFIRMATION_NOT_BLIND_OOS,False,0,,,,,,,,,,
DAILY_STATUS,IC_WEIGHTED_LINEAR_RANK,20241223,RETROSPECTIVE_CONFIRMATION_NOT_BLIND_OOS,False,0,,,,,,,,,,
DAILY_STATUS,IC_WEIGHTED_LINEAR_RANK,20241224,RETROSPECTIVE_CONFIRMATION_NOT_BLIND_OOS,True,1,,,,,,,,,,
DAILY_STATUS,IC_WEIGHTED_LINEAR_RANK,20241225,RETROSPECTIVE_CONFIRMATION_NOT_BLIND_OOS,False,0,,,,,,,,,,
DAILY_STATUS,IC_WEIGHTED_LINEAR_RANK,20241226,RETROSPECTIVE_CONFIRMATION_NOT_BLIND_OOS,False,0,,,,,,,,,,
DAILY_STATUS,IC_WEIGHTED_LINEAR_RANK,20241227,RETROSPECTIVE_CONFIRMATION_NOT_BLIND_OOS,False,0,,,,,,,,,,
DAILY_STATUS,IC_WEIGHTED_LINEAR_RANK,20241230,RETROSPECTIVE_CONFIRMATION_NOT_BLIND_OOS,False,0,,,,,,,,,,
DAILY_STATUS,IC_WEIGHTED_LINEAR_RANK,20241231,RETROSPECTIVE_CONFIRMATION_NOT_BLIND_OOS,False,0,,,,,,,,,,
DAILY_STATUS,IC_WEIGHTED_LINEAR_RANK,20250102,STRESS_PREVALENCE_SEEN_NOT_BLIND,False,0,,,,,,,,,,
DAILY_STATUS,IC_WEIGHTED_LINEAR_RANK,20250103,STRESS_PREVALENCE_SEEN_NOT_BLIND,False,0,,,,,,,,,,
DAILY_STATUS,IC_WEIGHTED_LINEAR_RANK,20250106,STRESS_PREVALENCE_SEEN_NOT_BLIND,False,0,,,,,,,,,,
DAILY_STATUS,IC_WEIGHTED_LINEAR_RANK,20250107,STRESS_PREVALENCE_SEEN_NOT_BLIND,False,0,,,,,,,,,,
DAILY_STATUS,IC_WEIGHTED_LINEAR_RANK,20250108,STRESS_PREVALENCE_SEEN_NOT_BLIND,False,0,,,,,,,,,,
DAILY_STATUS,IC_WEIGHTED_LINEAR_RANK,20250109,STRESS_PREVALENCE_SEEN_NOT_BLIND,False,0,,,,,,,,,,
DAILY_STATUS,IC_WEIGHTED_LINEAR_RANK,20250110,STRESS_PREVALENCE_SEEN_NOT_BLIND,False,0,,,,,,,,,,
DAILY_STATUS,IC_WEIGHTED_LINEAR_RANK,20250113,STRESS_PREVALENCE_SEEN_NOT_BLIND,False,0,,,,,,,,,,
DAILY_STATUS,IC_WEIGHTED_LINEAR_RANK,20250114,STRESS_PREVALENCE_SEEN_NOT_BLIND,True,1,,,,,,,,,,
DAILY_STATUS,IC_WEIGHTED_LINEAR_RANK,20250115,STRESS_PREVALENCE_SEEN_NOT_BLIND,False,0,,,,,,,,,,
DAILY_STATUS,IC_WEIGHTED_LINEAR_RANK,20250116,STRESS_PREVALENCE_SEEN_NOT_BLIND,False,0,,,,,,,,,,
DAILY_STATUS,IC_WEIGHTED_LINEAR_RANK,20250117,STRESS_PREVALENCE_SEEN_NOT_BLIND,False,0,,,,,,,,,,
DAILY_STATUS,IC_WEIGHTED_LINEAR_RANK,20250120,STRESS_PREVALENCE_SEEN_NOT_BLIND,True,1,,,,,,,,,,
DAILY_STATUS,IC_WEIGHTED_LINEAR_RANK,20250121,STRESS_PREVALENCE_SEEN_NOT_BLIND,False,0,,,,,,,,,,
DAILY_STATUS,IC_WEIGHTED_LINEAR_RANK,20250122,STRESS_PREVALENCE_SEEN_NOT_BLIND,False,0,,,,,,,,,,
DAILY_STATUS,IC_WEIGHTED_LINEAR_RANK,20250203,STRESS_PREVALENCE_SEEN_NOT_BLIND,False,0,,,,,,,,,,
DAILY_STATUS,IC_WEIGHTED_LINEAR_RANK,20250204,STRESS_PREVALENCE_SEEN_NOT_BLIND,False,0,,,,,,,,,,
DAILY_STATUS,IC_WEIGHTED_LINEAR_RANK,20250205,STRESS_PREVALENCE_SEEN_NOT_BLIND,False,0,,,,,,,,,,
DAILY_STATUS,IC_WEIGHTED_LINEAR_RANK,20250206,STRESS_PREVALENCE_SEEN_NOT_BLIND,False,0,,,,,,,,,,
DAILY_STATUS,IC_WEIGHTED_LINEAR_RANK,20250207,STRESS_PREVALENCE_SEEN_NOT_BLIND,True,1,,,,,,,,,,
DAILY_STATUS,IC_WEIGHTED_LINEAR_RANK,20250210,STRESS_PREVALENCE_SEEN_NOT_BLIND,False,0,,,,,,,,,,
DAILY_STATUS,IC_WEIGHTED_LINEAR_RANK,20250211,STRESS_PREVALENCE_SEEN_NOT_BLIND,False,0,,,,,,,,,,
DAILY_STATUS,IC_WEIGHTED_LINEAR_RANK,20250212,STRESS_PREVALENCE_SEEN_NOT_BLIND,False,0,,,,,,,,,,
DAILY_STATUS,IC_WEIGHTED_LINEAR_RANK,20250213,STRESS_PREVALENCE_SEEN_NOT_BLIND,False,0,,,,,,,,,,
DAILY_STATUS,IC_WEIGHTED_LINEAR_RANK,20250214,STRESS_PREVALENCE_SEEN_NOT_BLIND,False,0,,,,,,,,,,
DAILY_STATUS,IC_WEIGHTED_LINEAR_RANK,20250217,STRESS_PREVALENCE_SEEN_NOT_BLIND,True,1,,,,,,,,,,
DAILY_STATUS,IC_WEIGHTED_LINEAR_RANK,20250218,STRESS_PREVALENCE_SEEN_NOT_BLIND,False,0,,,,,,,,,,
DAILY_STATUS,IC_WEIGHTED_LINEAR_RANK,20250219,STRESS_PREVALENCE_SEEN_NOT_BLIND,False,0,,,,,,,,,,
DAILY_STATUS,IC_WEIGHTED_LINEAR_RANK,20250220,STRESS_PREVALENCE_SEEN_NOT_BLIND,False,0,,,,,,,,,,
DAILY_STATUS,IC_WEIGHTED_LINEAR_RANK,20250221,STRESS_PREVALENCE_SEEN_NOT_BLIND,False,0,,,,,,,,,,
DAILY_STATUS,IC_WEIGHTED_LINEAR_RANK,20250224,STRESS_PREVALENCE_SEEN_NOT_BLIND,False,0,,,,,,,,,,
DAILY_STATUS,IC_WEIGHTED_LINEAR_RANK,20250225,STRESS_PREVALENCE_SEEN_NOT_BLIND,False,0,,,,,,,,,,
DAILY_STATUS,IC_WEIGHTED_LINEAR_RANK,20250226,STRESS_PREVALENCE_SEEN_NOT_BLIND,False,0,,,,,,,,,,
DAILY_STATUS,IC_WEIGHTED_LINEAR_RANK,20250227,STRESS_PREVALENCE_SEEN_NOT_BLIND,False,0,,,,,,,,,,
DAILY_STATUS,IC_WEIGHTED_LINEAR_RANK,20250303,STRESS_PREVALENCE_SEEN_NOT_BLIND,False,0,,,,,,,,,,
DAILY_STATUS,IC_WEIGHTED_LINEAR_RANK,20250304,STRESS_PREVALENCE_SEEN_NOT_BLIND,False,0,,,,,,,,,,
DAILY_STATUS,IC_WEIGHTED_LINEAR_RANK,20250305,STRESS_PREVALENCE_SEEN_NOT_BLIND,False,0,,,,,,,,,,
DAILY_STATUS,IC_WEIGHTED_LINEAR_RANK,20250306,STRESS_PREVALENCE_SEEN_NOT_BLIND,False,0,,,,,,,,,,
DAILY_STATUS,IC_WEIGHTED_LINEAR_RANK,20250307,STRESS_PREVALENCE_SEEN_NOT_BLIND,False,0,,,,,,,,,,
DAILY_STATUS,IC_WEIGHTED_LINEAR_RANK,20250310,STRESS_PREVALENCE_SEEN_NOT_BLIND,False,0,,,,,,,,,,
DAILY_STATUS,IC_WEIGHTED_LINEAR_RANK,20250311,STRESS_PREVALENCE_SEEN_NOT_BLIND,False,0,,,,,,,,,,
DAILY_STATUS,IC_WEIGHTED_LINEAR_RANK,20250312,STRESS_PREVALENCE_SEEN_NOT_BLIND,True,1,,,,,,,,,,
DAILY_STATUS,IC_WEIGHTED_LINEAR_RANK,20250313,STRESS_PREVALENCE_SEEN_NOT_BLIND,False,0,,,,,,,,,,
DAILY_STATUS,IC_WEIGHTED_LINEAR_RANK,20250314,STRESS_PREVALENCE_SEEN_NOT_BLIND,False,0,,,,,,,,,,
DAILY_STATUS,IC_WEIGHTED_LINEAR_RANK,20250317,STRESS_PREVALENCE_SEEN_NOT_BLIND,False,0,,,,,,,,,,
DAILY_STATUS,IC_WEIGHTED_LINEAR_RANK,20250318,STRESS_PREVALENCE_SEEN_NOT_BLIND,False,0,,,,,,,,,,
DAILY_STATUS,IC_WEIGHTED_LINEAR_RANK,20250319,STRESS_PREVALENCE_SEEN_NOT_BLIND,False,0,,,,,,,,,,
DAILY_STATUS,IC_WEIGHTED_LINEAR_RANK,20250320,STRESS_PREVALENCE_SEEN_NOT_BLIND,False,0,,,,,,,,,,
DAILY_STATUS,IC_WEIGHTED_LINEAR_RANK,20250321,STRESS_PREVALENCE_SEEN_NOT_BLIND,True,1,,,,,,,,,,
DAILY_STATUS,IC_WEIGHTED_LINEAR_RANK,20250324,STRESS_PREVALENCE_SEEN_NOT_BLIND,False,0,,,,,,,,,,
DAILY_STATUS,IC_WEIGHTED_LINEAR_RANK,20250325,STRESS_PREVALENCE_SEEN_NOT_BLIND,False,0,,,,,,,,,,
DAILY_STATUS,IC_WEIGHTED_LINEAR_RANK,20250326,STRESS_PREVALENCE_SEEN_NOT_BLIND,False,0,,,,,,,,,,
DAILY_STATUS,IC_WEIGHTED_LINEAR_RANK,20250327,STRESS_PREVALENCE_SEEN_NOT_BLIND,False,0,,,,,,,,,,
DAILY_STATUS,IC_WEIGHTED_LINEAR_RANK,20250328,STRESS_PREVALENCE_SEEN_NOT_BLIND,False,0,,,,,,,,,,
DAILY_STATUS,IC_WEIGHTED_LINEAR_RANK,20250331,STRESS_PREVALENCE_SEEN_NOT_BLIND,False,0,,,,,,,,,,
DAILY_STATUS,IC_WEIGHTED_LINEAR_RANK,20250401,STRESS_PREVALENCE_SEEN_NOT_BLIND,False,0,,,,,,,,,,
DAILY_STATUS,IC_WEIGHTED_LINEAR_RANK,20250402,STRESS_PREVALENCE_SEEN_NOT_BLIND,False,0,,,,,,,,,,
DAILY_STATUS,IC_WEIGHTED_LINEAR_RANK,20250407,STRESS_PREVALENCE_SEEN_NOT_BLIND,False,0,,,,,,,,,,
DAILY_STATUS,IC_WEIGHTED_LINEAR_RANK,20250408,STRESS_PREVALENCE_SEEN_NOT_BLIND,False,0,,,,,,,,,,
DAILY_STATUS,IC_WEIGHTED_LINEAR_RANK,20250409,STRESS_PREVALENCE_SEEN_NOT_BLIND,False,0,,,,,,,,,,
DAILY_STATUS,IC_WEIGHTED_LINEAR_RANK,20250410,STRESS_PREVALENCE_SEEN_NOT_BLIND,False,0,,,,,,,,,,
DAILY_STATUS,IC_WEIGHTED_LINEAR_RANK,20250411,STRESS_PREVALENCE_SEEN_NOT_BLIND,False,0,,,,,,,,,,
DAILY_STATUS,IC_WEIGHTED_LINEAR_RANK,20250414,STRESS_PREVALENCE_SEEN_NOT_BLIND,False,0,,,,,,,,,,
DAILY_STATUS,IC_WEIGHTED_LINEAR_RANK,20250415,STRESS_PREVALENCE_SEEN_NOT_BLIND,False,0,,,,,,,,,,
DAILY_STATUS,IC_WEIGHTED_LINEAR_RANK,20250416,STRESS_PREVALENCE_SEEN_NOT_BLIND,False,0,,,,,,,,,,
DAILY_STATUS,IC_WEIGHTED_LINEAR_RANK,20250417,STRESS_PREVALENCE_SEEN_NOT_BLIND,False,0,,,,,,,,,,
DAILY_STATUS,IC_WEIGHTED_LINEAR_RANK,20250418,STRESS_PREVALENCE_SEEN_NOT_BLIND,False,0,,,,,,,,,,
DAILY_STATUS,IC_WEIGHTED_LINEAR_RANK,20250421,STRESS_PREVALENCE_SEEN_NOT_BLIND,False,0,,,,,,,,,,
DAILY_STATUS,IC_WEIGHTED_LINEAR_RANK,20250422,STRESS_PREVALENCE_SEEN_NOT_BLIND,False,0,,,,,,,,,,
DAILY_STATUS,IC_WEIGHTED_LINEAR_RANK,20250423,STRESS_PREVALENCE_SEEN_NOT_BLIND,True,2,,,,,,,,,,
DAILY_STATUS,IC_WEIGHTED_LINEAR_RANK,20250424,STRESS_PREVALENCE_SEEN_NOT_BLIND,False,0,,,,,,,,,,
DAILY_STATUS,IC_WEIGHTED_LINEAR_RANK,20250425,STRESS_PREVALENCE_SEEN_NOT_BLIND,False,0,,,,,,,,,,
DAILY_STATUS,IC_WEIGHTED_LINEAR_RANK,20250428,STRESS_PREVALENCE_SEEN_NOT_BLIND,False,0,,,,,,,,,,
DAILY_STATUS,IC_WEIGHTED_LINEAR_RANK,20250429,STRESS_PREVALENCE_SEEN_NOT_BLIND,False,0,,,,,,,,,,
DAILY_STATUS,IC_WEIGHTED_LINEAR_RANK,20250430,STRESS_PREVALENCE_SEEN_NOT_BLIND,False,0,,,,,,,,,,
DAILY_STATUS,IC_WEIGHTED_LINEAR_RANK,20250502,STRESS_PREVALENCE_SEEN_NOT_BLIND,False,0,,,,,,,,,,
DAILY_STATUS,IC_WEIGHTED_LINEAR_RANK,20250505,STRESS_PREVALENCE_SEEN_NOT_BLIND,False,0,,,,,,,,,,
DAILY_STATUS,IC_WEIGHTED_LINEAR_RANK,20250506,STRESS_PREVALENCE_SEEN_NOT_BLIND,False,0,,,,,,,,,,
DAILY_STATUS,IC_WEIGHTED_LINEAR_RANK,20250507,STRESS_PREVALENCE_SEEN_NOT_BLIND,False,0,,,,,,,,,,
DAILY_STATUS,IC_WEIGHTED_LINEAR_RANK,20250508,STRESS_PREVALENCE_SEEN_NOT_BLIND,False,0,,,,,,,,,,
DAILY_STATUS,IC_WEIGHTED_LINEAR_RANK,20250509,STRESS_PREVALENCE_SEEN_NOT_BLIND,False,0,,,,,,,,,,
DAILY_STATUS,IC_WEIGHTED_LINEAR_RANK,20250512,STRESS_PREVALENCE_SEEN_NOT_BLIND,True,1,,,,,,,,,,
DAILY_STATUS,IC_WEIGHTED_LINEAR_RANK,20250513,STRESS_PREVALENCE_SEEN_NOT_BLIND,False,0,,,,,,,,,,
DAILY_STATUS,IC_WEIGHTED_LINEAR_RANK,20250514,STRESS_PREVALENCE_SEEN_NOT_BLIND,False,0,,,,,,,,,,
DAILY_STATUS,IC_WEIGHTED_LINEAR_RANK,20250515,STRESS_PREVALENCE_SEEN_NOT_BLIND,False,0,,,,,,,,,,
DAILY_STATUS,IC_WEIGHTED_LINEAR_RANK,20250516,STRESS_PREVALENCE_SEEN_NOT_BLIND,False,0,,,,,,,,,,
DAILY_STATUS,IC_WEIGHTED_LINEAR_RANK,20250519,STRESS_PREVALENCE_SEEN_NOT_BLIND,False,0,,,,,,,,,,
DAILY_STATUS,IC_WEIGHTED_LINEAR_RANK,20250520,STRESS_PREVALENCE_SEEN_NOT_BLIND,False,0,,,,,,,,,,
DAILY_STATUS,IC_WEIGHTED_LINEAR_RANK,20250521,STRESS_PREVALENCE_SEEN_NOT_BLIND,False,0,,,,,,,,,,
DAILY_STATUS,IC_WEIGHTED_LINEAR_RANK,20250522,STRESS_PREVALENCE_SEEN_NOT_BLIND,False,0,,,,,,,,,,
DAILY_STATUS,IC_WEIGHTED_LINEAR_RANK,20250523,STRESS_PREVALENCE_SEEN_NOT_BLIND,False,0,,,,,,,,,,
DAILY_STATUS,IC_WEIGHTED_LINEAR_RANK,20250526,STRESS_PREVALENCE_SEEN_NOT_BLIND,False,0,,,,,,,,,,
DAILY_STATUS,IC_WEIGHTED_LINEAR_RANK,20250527,STRESS_PREVALENCE_SEEN_NOT_BLIND,False,0,,,,,,,,,,
DAILY_STATUS,IC_WEIGHTED_LINEAR_RANK,20250528,STRESS_PREVALENCE_SEEN_NOT_BLIND,False,0,,,,,,,,,,
DAILY_STATUS,IC_WEIGHTED_LINEAR_RANK,20250529,STRESS_PREVALENCE_SEEN_NOT_BLIND,False,0,,,,,,,,,,
DAILY_STATUS,IC_WEIGHTED_LINEAR_RANK,20250602,STRESS_PREVALENCE_SEEN_NOT_BLIND,False,0,,,,,,,,,,
DAILY_STATUS,IC_WEIGHTED_LINEAR_RANK,20250603,STRESS_PREVALENCE_SEEN_NOT_BLIND,False,0,,,,,,,,,,
DAILY_STATUS,IC_WEIGHTED_LINEAR_RANK,20250604,STRESS_PREVALENCE_SEEN_NOT_BLIND,False,0,,,,,,,,,,
DAILY_STATUS,IC_WEIGHTED_LINEAR_RANK,20250605,STRESS_PREVALENCE_SEEN_NOT_BLIND,False,0,,,,,,,,,,
DAILY_STATUS,IC_WEIGHTED_LINEAR_RANK,20250606,STRESS_PREVALENCE_SEEN_NOT_BLIND,False,0,,,,,,,,,,
DAILY_STATUS,IC_WEIGHTED_LINEAR_RANK,20250609,STRESS_PREVALENCE_SEEN_NOT_BLIND,False,0,,,,,,,,,,
DAILY_STATUS,IC_WEIGHTED_LINEAR_RANK,20250610,STRESS_PREVALENCE_SEEN_NOT_BLIND,False,0,,,,,,,,,,
DAILY_STATUS,IC_WEIGHTED_LINEAR_RANK,20250611,STRESS_PREVALENCE_SEEN_NOT_BLIND,False,0,,,,,,,,,,
DAILY_STATUS,IC_WEIGHTED_LINEAR_RANK,20250612,STRESS_PREVALENCE_SEEN_NOT_BLIND,False,0,,,,,,,,,,
DAILY_STATUS,IC_WEIGHTED_LINEAR_RANK,20250613,STRESS_PREVALENCE_SEEN_NOT_BLIND,False,0,,,,,,,,,,
DAILY_STATUS,IC_WEIGHTED_LINEAR_RANK,20250616,STRESS_PREVALENCE_SEEN_NOT_BLIND,False,0,,,,,,,,,,
DAILY_STATUS,IC_WEIGHTED_LINEAR_RANK,20250617,STRESS_PREVALENCE_SEEN_NOT_BLIND,False,0,,,,,,,,,,
DAILY_STATUS,IC_WEIGHTED_LINEAR_RANK,20250618,STRESS_PREVALENCE_SEEN_NOT_BLIND,False,0,,,,,,,,,,
DAILY_STATUS,IC_WEIGHTED_LINEAR_RANK,20250619,STRESS_PREVALENCE_SEEN_NOT_BLIND,False,0,,,,,,,,,,
DAILY_STATUS,IC_WEIGHTED_LINEAR_RANK,20250620,STRESS_PREVALENCE_SEEN_NOT_BLIND,False,0,,,,,,,,,,
DAILY_STATUS,IC_WEIGHTED_LINEAR_RANK,20250623,STRESS_PREVALENCE_SEEN_NOT_BLIND,False,0,,,,,,,,,,
DAILY_STATUS,IC_WEIGHTED_LINEAR_RANK,20250624,STRESS_PREVALENCE_SEEN_NOT_BLIND,False,0,,,,,,,,,,
DAILY_STATUS,IC_WEIGHTED_LINEAR_RANK,20250625,STRESS_PREVALENCE_SEEN_NOT_BLIND,False,0,,,,,,,,,,
DAILY_STATUS,IC_WEIGHTED_LINEAR_RANK,20250626,STRESS_PREVALENCE_SEEN_NOT_BLIND,False,0,,,,,,,,,,
DAILY_STATUS,IC_WEIGHTED_LINEAR_RANK,20250627,STRESS_PREVALENCE_SEEN_NOT_BLIND,False,0,,,,,,,,,,
DAILY_STATUS,IC_WEIGHTED_LINEAR_RANK,20250630,STRESS_PREVALENCE_SEEN_NOT_BLIND,False,0,,,,,,,,,,
DAILY_STATUS,IC_WEIGHTED_LINEAR_RANK,20250701,STRESS_PREVALENCE_SEEN_NOT_BLIND,False,0,,,,,,,,,,
DAILY_STATUS,IC_WEIGHTED_LINEAR_RANK,20250702,STRESS_PREVALENCE_SEEN_NOT_BLIND,True,1,,,,,,,,,,
DAILY_STATUS,IC_WEIGHTED_LINEAR_RANK,20250703,STRESS_PREVALENCE_SEEN_NOT_BLIND,True,1,,,,,,,,,,
DAILY_STATUS,IC_WEIGHTED_LINEAR_RANK,20250704,STRESS_PREVALENCE_SEEN_NOT_BLIND,False,0,,,,,,,,,,
DAILY_STATUS,IC_WEIGHTED_LINEAR_RANK,20250707,STRESS_PREVALENCE_SEEN_NOT_BLIND,False,0,,,,,,,,,,
DAILY_STATUS,IC_WEIGHTED_LINEAR_RANK,20250708,STRESS_PREVALENCE_SEEN_NOT_BLIND,False,0,,,,,,,,,,
DAILY_STATUS,IC_WEIGHTED_LINEAR_RANK,20250709,STRESS_PREVALENCE_SEEN_NOT_BLIND,True,1,,,,,,,,,,
DAILY_STATUS,IC_WEIGHTED_LINEAR_RANK,20250710,STRESS_PREVALENCE_SEEN_NOT_BLIND,False,0,,,,,,,,,,
DAILY_STATUS,IC_WEIGHTED_LINEAR_RANK,20250711,STRESS_PREVALENCE_SEEN_NOT_BLIND,False,0,,,,,,,,,,
DAILY_STATUS,IC_WEIGHTED_LINEAR_RANK,20250714,STRESS_PREVALENCE_SEEN_NOT_BLIND,False,0,,,,,,,,,,
DAILY_STATUS,IC_WEIGHTED_LINEAR_RANK,20250715,STRESS_PREVALENCE_SEEN_NOT_BLIND,False,0,,,,,,,,,,
DAILY_STATUS,IC_WEIGHTED_LINEAR_RANK,20250716,STRESS_PREVALENCE_SEEN_NOT_BLIND,False,0,,,,,,,,,,
DAILY_STATUS,IC_WEIGHTED_LINEAR_RANK,20250717,STRESS_PREVALENCE_SEEN_NOT_BLIND,False,0,,,,,,,,,,
DAILY_STATUS,IC_WEIGHTED_LINEAR_RANK,20250718,STRESS_PREVALENCE_SEEN_NOT_BLIND,False,0,,,,,,,,,,
DAILY_STATUS,IC_WEIGHTED_LINEAR_RANK,20250721,STRESS_PREVALENCE_SEEN_NOT_BLIND,False,0,,,,,,,,,,
DAILY_STATUS,IC_WEIGHTED_LINEAR_RANK,20250722,STRESS_PREVALENCE_SEEN_NOT_BLIND,False,0,,,,,,,,,,
DAILY_STATUS,IC_WEIGHTED_LINEAR_RANK,20250723,STRESS_PREVALENCE_SEEN_NOT_BLIND,True,1,,,,,,,,,,
DAILY_STATUS,IC_WEIGHTED_LINEAR_RANK,20250724,STRESS_PREVALENCE_SEEN_NOT_BLIND,True,1,,,,,,,,,,
DAILY_STATUS,IC_WEIGHTED_LINEAR_RANK,20250725,STRESS_PREVALENCE_SEEN_NOT_BLIND,False,0,,,,,,,,,,
DAILY_STATUS,IC_WEIGHTED_LINEAR_RANK,20250728,STRESS_PREVALENCE_SEEN_NOT_BLIND,False,0,,,,,,,,,,
DAILY_STATUS,IC_WEIGHTED_LINEAR_RANK,20250729,STRESS_PREVALENCE_SEEN_NOT_BLIND,False,0,,,,,,,,,,
DAILY_STATUS,IC_WEIGHTED_LINEAR_RANK,20250730,STRESS_PREVALENCE_SEEN_NOT_BLIND,False,0,,,,,,,,,,
DAILY_STATUS,IC_WEIGHTED_LINEAR_RANK,20250731,STRESS_PREVALENCE_SEEN_NOT_BLIND,False,0,,,,,,,,,,
DAILY_STATUS,IC_WEIGHTED_LINEAR_RANK,20250801,STRESS_PREVALENCE_SEEN_NOT_BLIND,True,1,,,,,,,,,,
DAILY_STATUS,IC_WEIGHTED_LINEAR_RANK,20250804,STRESS_PREVALENCE_SEEN_NOT_BLIND,False,0,,,,,,,,,,
DAILY_STATUS,IC_WEIGHTED_LINEAR_RANK,20250805,STRESS_PREVALENCE_SEEN_NOT_BLIND,False,0,,,,,,,,,,
DAILY_STATUS,IC_WEIGHTED_LINEAR_RANK,20250806,STRESS_PREVALENCE_SEEN_NOT_BLIND,False,0,,,,,,,,,,
DAILY_STATUS,IC_WEIGHTED_LINEAR_RANK,20250807,STRESS_PREVALENCE_SEEN_NOT_BLIND,False,0,,,,,,,,,,
DAILY_STATUS,IC_WEIGHTED_LINEAR_RANK,20250808,STRESS_PREVALENCE_SEEN_NOT_BLIND,False,0,,,,,,,,,,
DAILY_STATUS,IC_WEIGHTED_LINEAR_RANK,20250811,STRESS_PREVALENCE_SEEN_NOT_BLIND,False,0,,,,,,,,,,
DAILY_STATUS,IC_WEIGHTED_LINEAR_RANK,20250812,STRESS_PREVALENCE_SEEN_NOT_BLIND,False,0,,,,,,,,,,
DAILY_STATUS,IC_WEIGHTED_LINEAR_RANK,20250813,STRESS_PREVALENCE_SEEN_NOT_BLIND,False,0,,,,,,,,,,
DAILY_STATUS,IC_WEIGHTED_LINEAR_RANK,20250814,STRESS_PREVALENCE_SEEN_NOT_BLIND,False,0,,,,,,,,,,
DAILY_STATUS,IC_WEIGHTED_LINEAR_RANK,20250815,STRESS_PREVALENCE_SEEN_NOT_BLIND,False,0,,,,,,,,,,
DAILY_STATUS,IC_WEIGHTED_LINEAR_RANK,20250818,STRESS_PREVALENCE_SEEN_NOT_BLIND,False,0,,,,,,,,,,
DAILY_STATUS,IC_WEIGHTED_LINEAR_RANK,20250819,STRESS_PREVALENCE_SEEN_NOT_BLIND,False,0,,,,,,,,,,
DAILY_STATUS,IC_WEIGHTED_LINEAR_RANK,20250820,STRESS_PREVALENCE_SEEN_NOT_BLIND,False,0,,,,,,,,,,
DAILY_STATUS,IC_WEIGHTED_LINEAR_RANK,20250821,STRESS_PREVALENCE_SEEN_NOT_BLIND,False,0,,,,,,,,,,
DAILY_STATUS,IC_WEIGHTED_LINEAR_RANK,20250822,STRESS_PREVALENCE_SEEN_NOT_BLIND,False,0,,,,,,,,,,
DAILY_STATUS,IC_WEIGHTED_LINEAR_RANK,20250825,STRESS_PREVALENCE_SEEN_NOT_BLIND,False,0,,,,,,,,,,
DAILY_STATUS,IC_WEIGHTED_LINEAR_RANK,20250826,STRESS_PREVALENCE_SEEN_NOT_BLIND,True,1,,,,,,,,,,
DAILY_STATUS,IC_WEIGHTED_LINEAR_RANK,20250827,STRESS_PREVALENCE_SEEN_NOT_BLIND,False,0,,,,,,,,,,
DAILY_STATUS,IC_WEIGHTED_LINEAR_RANK,20250828,STRESS_PREVALENCE_SEEN_NOT_BLIND,False,0,,,,,,,,,,
DAILY_STATUS,IC_WEIGHTED_LINEAR_RANK,20250829,STRESS_PREVALENCE_SEEN_NOT_BLIND,False,0,,,,,,,,,,
DAILY_STATUS,IC_WEIGHTED_LINEAR_RANK,20250901,STRESS_PREVALENCE_SEEN_NOT_BLIND,False,0,,,,,,,,,,
DAILY_STATUS,IC_WEIGHTED_LINEAR_RANK,20250902,STRESS_PREVALENCE_SEEN_NOT_BLIND,False,0,,,,,,,,,,
DAILY_STATUS,IC_WEIGHTED_LINEAR_RANK,20250903,STRESS_PREVALENCE_SEEN_NOT_BLIND,True,1,,,,,,,,,,
DAILY_STATUS,IC_WEIGHTED_LINEAR_RANK,20250904,STRESS_PREVALENCE_SEEN_NOT_BLIND,False,0,,,,,,,,,,
DAILY_STATUS,IC_WEIGHTED_LINEAR_RANK,20250905,STRESS_PREVALENCE_SEEN_NOT_BLIND,True,1,,,,,,,,,,
DAILY_STATUS,IC_WEIGHTED_LINEAR_RANK,20250908,STRESS_PREVALENCE_SEEN_NOT_BLIND,False,0,,,,,,,,,,
DAILY_STATUS,IC_WEIGHTED_LINEAR_RANK,20250909,STRESS_PREVALENCE_SEEN_NOT_BLIND,False,0,,,,,,,,,,
DAILY_STATUS,IC_WEIGHTED_LINEAR_RANK,20250910,STRESS_PREVALENCE_SEEN_NOT_BLIND,False,0,,,,,,,,,,
DAILY_STATUS,IC_WEIGHTED_LINEAR_RANK,20250911,STRESS_PREVALENCE_SEEN_NOT_BLIND,False,0,,,,,,,,,,
DAILY_STATUS,IC_WEIGHTED_LINEAR_RANK,20250912,STRESS_PREVALENCE_SEEN_NOT_BLIND,False,0,,,,,,,,,,
DAILY_STATUS,IC_WEIGHTED_LINEAR_RANK,20250915,STRESS_PREVALENCE_SEEN_NOT_BLIND,False,0,,,,,,,,,,
DAILY_STATUS,IC_WEIGHTED_LINEAR_RANK,20250916,STRESS_PREVALENCE_SEEN_NOT_BLIND,False,0,,,,,,,,,,
DAILY_STATUS,IC_WEIGHTED_LINEAR_RANK,20250917,STRESS_PREVALENCE_SEEN_NOT_BLIND,False,0,,,,,,,,,,
DAILY_STATUS,IC_WEIGHTED_LINEAR_RANK,20250918,STRESS_PREVALENCE_SEEN_NOT_BLIND,False,0,,,,,,,,,,
DAILY_STATUS,IC_WEIGHTED_LINEAR_RANK,20250919,STRESS_PREVALENCE_SEEN_NOT_BLIND,False,0,,,,,,,,,,
DAILY_STATUS,IC_WEIGHTED_LINEAR_RANK,20250922,STRESS_PREVALENCE_SEEN_NOT_BLIND,False,0,,,,,,,,,,
DAILY_STATUS,IC_WEIGHTED_LINEAR_RANK,20250923,STRESS_PREVALENCE_SEEN_NOT_BLIND,False,0,,,,,,,,,,
DAILY_STATUS,IC_WEIGHTED_LINEAR_RANK,20250924,STRESS_PREVALENCE_SEEN_NOT_BLIND,False,0,,,,,,,,,,
DAILY_STATUS,IC_WEIGHTED_LINEAR_RANK,20250925,STRESS_PREVALENCE_SEEN_NOT_BLIND,True,1,,,,,,,,,,
DAILY_STATUS,IC_WEIGHTED_LINEAR_RANK,20250926,STRESS_PREVALENCE_SEEN_NOT_BLIND,False,0,,,,,,,,,,
DAILY_STATUS,IC_WEIGHTED_LINEAR_RANK,20250930,STRESS_PREVALENCE_SEEN_NOT_BLIND,True,3,,,,,,,,,,
DAILY_STATUS,IC_WEIGHTED_LINEAR_RANK,20251001,STRESS_PREVALENCE_SEEN_NOT_BLIND,False,0,,,,,,,,,,
DAILY_STATUS,IC_WEIGHTED_LINEAR_RANK,20251002,STRESS_PREVALENCE_SEEN_NOT_BLIND,True,1,,,,,,,,,,
DAILY_STATUS,IC_WEIGHTED_LINEAR_RANK,20251003,STRESS_PREVALENCE_SEEN_NOT_BLIND,False,0,,,,,,,,,,
DAILY_STATUS,IC_WEIGHTED_LINEAR_RANK,20251007,STRESS_PREVALENCE_SEEN_NOT_BLIND,False,0,,,,,,,,,,
DAILY_STATUS,IC_WEIGHTED_LINEAR_RANK,20251008,STRESS_PREVALENCE_SEEN_NOT_BLIND,False,0,,,,,,,,,,
DAILY_STATUS,IC_WEIGHTED_LINEAR_RANK,20251009,STRESS_PREVALENCE_SEEN_NOT_BLIND,False,0,,,,,,,,,,
DAILY_STATUS,IC_WEIGHTED_LINEAR_RANK,20251013,STRESS_PREVALENCE_SEEN_NOT_BLIND,True,1,,,,,,,,,,
DAILY_STATUS,IC_WEIGHTED_LINEAR_RANK,20251014,STRESS_PREVALENCE_SEEN_NOT_BLIND,False,0,,,,,,,,,,
DAILY_STATUS,IC_WEIGHTED_LINEAR_RANK,20251015,STRESS_PREVALENCE_SEEN_NOT_BLIND,False,0,,,,,,,,,,
DAILY_STATUS,IC_WEIGHTED_LINEAR_RANK,20251016,STRESS_PREVALENCE_SEEN_NOT_BLIND,False,0,,,,,,,,,,
DAILY_STATUS,IC_WEIGHTED_LINEAR_RANK,20251017,STRESS_PREVALENCE_SEEN_NOT_BLIND,False,0,,,,,,,,,,
DAILY_STATUS,IC_WEIGHTED_LINEAR_RANK,20251020,STRESS_PREVALENCE_SEEN_NOT_BLIND,False,0,,,,,,,,,,
DAILY_STATUS,IC_WEIGHTED_LINEAR_RANK,20251021,STRESS_PREVALENCE_SEEN_NOT_BLIND,False,0,,,,,,,,,,
DAILY_STATUS,IC_WEIGHTED_LINEAR_RANK,20251022,STRESS_PREVALENCE_SEEN_NOT_BLIND,False,0,,,,,,,,,,
DAILY_STATUS,IC_WEIGHTED_LINEAR_RANK,20251023,STRESS_PREVALENCE_SEEN_NOT_BLIND,False,0,,,,,,,,,,
DAILY_STATUS,IC_WEIGHTED_LINEAR_RANK,20251027,STRESS_PREVALENCE_SEEN_NOT_BLIND,True,2,,,,,,,,,,
DAILY_STATUS,IC_WEIGHTED_LINEAR_RANK,20251028,STRESS_PREVALENCE_SEEN_NOT_BLIND,False,0,,,,,,,,,,
DAILY_STATUS,IC_WEIGHTED_LINEAR_RANK,20251029,STRESS_PREVALENCE_SEEN_NOT_BLIND,True,1,,,,,,,,,,
DAILY_STATUS,IC_WEIGHTED_LINEAR_RANK,20251030,STRESS_PREVALENCE_SEEN_NOT_BLIND,False,0,,,,,,,,,,
DAILY_STATUS,IC_WEIGHTED_LINEAR_RANK,20251031,STRESS_PREVALENCE_SEEN_NOT_BLIND,False,0,,,,,,,,,,
DAILY_STATUS,IC_WEIGHTED_LINEAR_RANK,20251103,STRESS_PREVALENCE_SEEN_NOT_BLIND,False,0,,,,,,,,,,
DAILY_STATUS,IC_WEIGHTED_LINEAR_RANK,20251104,STRESS_PREVALENCE_SEEN_NOT_BLIND,False,0,,,,,,,,,,
DAILY_STATUS,IC_WEIGHTED_LINEAR_RANK,20251105,STRESS_PREVALENCE_SEEN_NOT_BLIND,False,0,,,,,,,,,,
DAILY_STATUS,IC_WEIGHTED_LINEAR_RANK,20251106,STRESS_PREVALENCE_SEEN_NOT_BLIND,True,1,,,,,,,,,,
DAILY_STATUS,IC_WEIGHTED_LINEAR_RANK,20251107,STRESS_PREVALENCE_SEEN_NOT_BLIND,False,0,,,,,,,,,,
DAILY_STATUS,IC_WEIGHTED_LINEAR_RANK,20251110,STRESS_PREVALENCE_SEEN_NOT_BLIND,False,0,,,,,,,,,,
DAILY_STATUS,IC_WEIGHTED_LINEAR_RANK,20251111,STRESS_PREVALENCE_SEEN_NOT_BLIND,False,0,,,,,,,,,,
DAILY_STATUS,IC_WEIGHTED_LINEAR_RANK,20251112,STRESS_PREVALENCE_SEEN_NOT_BLIND,False,0,,,,,,,,,,
DAILY_STATUS,IC_WEIGHTED_LINEAR_RANK,20251113,STRESS_PREVALENCE_SEEN_NOT_BLIND,False,0,,,,,,,,,,
DAILY_STATUS,IC_WEIGHTED_LINEAR_RANK,20251114,STRESS_PREVALENCE_SEEN_NOT_BLIND,False,0,,,,,,,,,,
DAILY_STATUS,IC_WEIGHTED_LINEAR_RANK,20251117,STRESS_PREVALENCE_SEEN_NOT_BLIND,False,0,,,,,,,,,,
DAILY_STATUS,IC_WEIGHTED_LINEAR_RANK,20251118,STRESS_PREVALENCE_SEEN_NOT_BLIND,False,0,,,,,,,,,,
DAILY_STATUS,IC_WEIGHTED_LINEAR_RANK,20251119,STRESS_PREVALENCE_SEEN_NOT_BLIND,False,0,,,,,,,,,,
DAILY_STATUS,IC_WEIGHTED_LINEAR_RANK,20251120,STRESS_PREVALENCE_SEEN_NOT_BLIND,True,2,,,,,,,,,,
DAILY_STATUS,IC_WEIGHTED_LINEAR_RANK,20251121,STRESS_PREVALENCE_SEEN_NOT_BLIND,False,0,,,,,,,,,,
DAILY_STATUS,IC_WEIGHTED_LINEAR_RANK,20251124,STRESS_PREVALENCE_SEEN_NOT_BLIND,False,0,,,,,,,,,,
DAILY_STATUS,IC_WEIGHTED_LINEAR_RANK,20251125,STRESS_PREVALENCE_SEEN_NOT_BLIND,False,0,,,,,,,,,,
DAILY_STATUS,IC_WEIGHTED_LINEAR_RANK,20251126,STRESS_PREVALENCE_SEEN_NOT_BLIND,False,0,,,,,,,,,,
DAILY_STATUS,IC_WEIGHTED_LINEAR_RANK,20251127,STRESS_PREVALENCE_SEEN_NOT_BLIND,True,2,,,,,,,,,,
DAILY_STATUS,IC_WEIGHTED_LINEAR_RANK,20251128,STRESS_PREVALENCE_SEEN_NOT_BLIND,False,0,,,,,,,,,,
DAILY_STATUS,IC_WEIGHTED_LINEAR_RANK,20251201,STRESS_PREVALENCE_SEEN_NOT_BLIND,False,0,,,,,,,,,,
DAILY_STATUS,IC_WEIGHTED_LINEAR_RANK,20251202,STRESS_PREVALENCE_SEEN_NOT_BLIND,False,0,,,,,,,,,,
DAILY_STATUS,IC_WEIGHTED_LINEAR_RANK,20251203,STRESS_PREVALENCE_SEEN_NOT_BLIND,False,0,,,,,,,,,,
DAILY_STATUS,IC_WEIGHTED_LINEAR_RANK,20251204,STRESS_PREVALENCE_SEEN_NOT_BLIND,True,1,,,,,,,,,,
DAILY_STATUS,IC_WEIGHTED_LINEAR_RANK,20251205,STRESS_PREVALENCE_SEEN_NOT_BLIND,True,1,,,,,,,,,,
DAILY_STATUS,IC_WEIGHTED_LINEAR_RANK,20251208,STRESS_PREVALENCE_SEEN_NOT_BLIND,False,0,,,,,,,,,,
DAILY_STATUS,IC_WEIGHTED_LINEAR_RANK,20251209,STRESS_PREVALENCE_SEEN_NOT_BLIND,False,0,,,,,,,,,,
DAILY_STATUS,IC_WEIGHTED_LINEAR_RANK,20251210,STRESS_PREVALENCE_SEEN_NOT_BLIND,False,0,,,,,,,,,,
DAILY_STATUS,IC_WEIGHTED_LINEAR_RANK,20251211,STRESS_PREVALENCE_SEEN_NOT_BLIND,False,0,,,,,,,,,,
DAILY_STATUS,IC_WEIGHTED_LINEAR_RANK,20251212,STRESS_PREVALENCE_SEEN_NOT_BLIND,False,0,,,,,,,,,,
DAILY_STATUS,IC_WEIGHTED_LINEAR_RANK,20251215,STRESS_PREVALENCE_SEEN_NOT_BLIND,True,1,,,,,,,,,,
DAILY_STATUS,IC_WEIGHTED_LINEAR_RANK,20251216,STRESS_PREVALENCE_SEEN_NOT_BLIND,False,0,,,,,,,,,,
DAILY_STATUS,IC_WEIGHTED_LINEAR_RANK,20251217,STRESS_PREVALENCE_SEEN_NOT_BLIND,False,0,,,,,,,,,,
DAILY_STATUS,IC_WEIGHTED_LINEAR_RANK,20251218,STRESS_PREVALENCE_SEEN_NOT_BLIND,False,0,,,,,,,,,,
DAILY_STATUS,IC_WEIGHTED_LINEAR_RANK,20251219,STRESS_PREVALENCE_SEEN_NOT_BLIND,False,0,,,,,,,,,,
DAILY_STATUS,IC_WEIGHTED_LINEAR_RANK,20251222,STRESS_PREVALENCE_SEEN_NOT_BLIND,False,0,,,,,,,,,,
DAILY_STATUS,IC_WEIGHTED_LINEAR_RANK,20251223,STRESS_PREVALENCE_SEEN_NOT_BLIND,False,0,,,,,,,,,,
DAILY_STATUS,IC_WEIGHTED_LINEAR_RANK,20251224,STRESS_PREVALENCE_SEEN_NOT_BLIND,False,0,,,,,,,,,,
DAILY_STATUS,IC_WEIGHTED_LINEAR_RANK,20251226,STRESS_PREVALENCE_SEEN_NOT_BLIND,False,0,,,,,,,,,,
DAILY_STATUS,IC_WEIGHTED_LINEAR_RANK,20251229,STRESS_PREVALENCE_SEEN_NOT_BLIND,False,0,,,,,,,,,,
DAILY_STATUS,IC_WEIGHTED_LINEAR_RANK,20251230,STRESS_PREVALENCE_SEEN_NOT_BLIND,False,0,,,,,,,,,,
DAILY_STATUS,IC_WEIGHTED_LINEAR_RANK,20251231,STRESS_PREVALENCE_SEEN_NOT_BLIND,True,1,,,,,,,,,,
SIGNAL_DETAIL,IC_WEIGHTED_LINEAR_RANK,20200211,HISTORICAL_DISCOVERY,True,1,3680,-0.12806309600328444,249,0.222570538520813,False,False,False,True,False,0.04547259335546184
SIGNAL_DETAIL,IC_WEIGHTED_LINEAR_RANK,20200211,HISTORICAL_DISCOVERY,True,1,8088,-0.18565234303767542,273,0.14733542501926422,False,False,False,True,False,-0.007493735466645365
SIGNAL_DETAIL,IC_WEIGHTED_LINEAR_RANK,20200224,HISTORICAL_DISCOVERY,True,1,2492,-0.15863619715711752,271,0.18429003655910492,False,False,False,True,False,-0.11948350080575745
SIGNAL_DETAIL,IC_WEIGHTED_LINEAR_RANK,20200225,HISTORICAL_DISCOVERY,True,1,3081,-0.17573427991261226,279,0.16265060007572174,False,False,False,True,True,0.09812511474588294
SIGNAL_DETAIL,IC_WEIGHTED_LINEAR_RANK,20200406,HISTORICAL_DISCOVERY,True,1,6547,-0.08695921179234259,237,0.29552239179611206,False,False,False,True,False,-0.05873183345068055
SIGNAL_DETAIL,IC_WEIGHTED_LINEAR_RANK,20200415,HISTORICAL_DISCOVERY,True,1,3131,-0.08448117840208888,221,0.32307693362236023,False,False,False,True,False,0.057261644478684086
SIGNAL_DETAIL,IC_WEIGHTED_LINEAR_RANK,20200528,HISTORICAL_DISCOVERY,True,1,4736,-0.30618202478169654,384,0.05198019742965698,False,False,False,True,True,0.09363001617227697
SIGNAL_DETAIL,IC_WEIGHTED_LINEAR_RANK,20200529,HISTORICAL_DISCOVERY,True,1,3017,-0.040255874727043145,245,0.4004913866519928,False,False,False,True,False,-0.017060788670047233
SIGNAL_DETAIL,IC_WEIGHTED_LINEAR_RANK,20200703,HISTORICAL_DISCOVERY,True,1,4760,-0.12859967640612446,305,0.302752286195755,False,False,False,True,False,-0.06716592869144744
SIGNAL_DETAIL,IC_WEIGHTED_LINEAR_RANK,20200730,HISTORICAL_DISCOVERY,True,1,2417,-0.2885613760785987,437,0.04175824299454689,False,False,False,True,True,0.07866519603725843
SIGNAL_DETAIL,IC_WEIGHTED_LINEAR_RANK,20200730,HISTORICAL_DISCOVERY,True,1,2481,-0.04696260359222926,283,0.38021978735923767,False,False,False,True,True,0.09111480751137806
SIGNAL_DETAIL,IC_WEIGHTED_LINEAR_RANK,20200730,HISTORICAL_DISCOVERY,True,1,3152,-0.02837670110077324,263,0.42417582869529724,False,False,False,True,False,-0.0699414830425924
SIGNAL_DETAIL,IC_WEIGHTED_LINEAR_RANK,20200730,HISTORICAL_DISCOVERY,True,1,3231,-0.019817091394690865,254,0.44395604729652405,False,False,False,True,False,-0.0014863139082607457
SIGNAL_DETAIL,IC_WEIGHTED_LINEAR_RANK,20200812,HISTORICAL_DISCOVERY,True,1,8039,-0.050413769904630985,261,0.3779904246330261,False,False,False,True,False,-0.00016225219977765136
SIGNAL_DETAIL,IC_WEIGHTED_LINEAR_RANK,20200817,HISTORICAL_DISCOVERY,True,1,5203,-0.059950190605775215,265,0.36690646409988403,False,False,False,True,False,-0.06150094855082724
SIGNAL_DETAIL,IC_WEIGHTED_LINEAR_RANK,20200824,HISTORICAL_DISCOVERY,True,1,6150,-0.05027198204204742,264,0.3855140209197998,False,False,False,True,True,0.13360137109450618
SIGNAL_DETAIL,IC_WEIGHTED_LINEAR_RANK,20200831,HISTORICAL_DISCOVERY,True,1,6271,0.08177494548332957,161,0.6270396113395691,False,False,False,True,False,-0.005798856802518544
SIGNAL_DETAIL,IC_WEIGHTED_LINEAR_RANK,20200901,HISTORICAL_DISCOVERY,True,1,6643,0.03431061199456682,199,0.5416666865348816,False,False,False,True,False,-0.007393689979863531
SIGNAL_DETAIL,IC_WEIGHTED_LINEAR_RANK,20200903,HISTORICAL_DISCOVERY,True,1,2379,-0.01890106007080168,254,0.4352678656578064,False,False,False,True,False,-0.057968259279255946
SIGNAL_DETAIL,IC_WEIGHTED_LINEAR_RANK,20200909,HISTORICAL_DISCOVERY,True,1,6548,-0.05673714956980646,285,0.3660714328289032,False,False,False,True,False,-0.06791475828193617
SIGNAL_DETAIL,IC_WEIGHTED_LINEAR_RANK,20201014,HISTORICAL_DISCOVERY,True,1,6104,-0.16711145219653506,298,0.21010638773441315,False,False,False,True,False,-0.04587340280768447
SIGNAL_DETAIL,IC_WEIGHTED_LINEAR_RANK,20201228,HISTORICAL_DISCOVERY,True,1,2363,-0.2815625040195522,461,0.09090909361839294,False,False,False,True,False,-0.07389182982742552
SIGNAL_DETAIL,IC_WEIGHTED_LINEAR_RANK,20210108,HISTORICAL_DISCOVERY,True,1,6104,0.055463138151599214,225,0.5633528232574463,False,False,False,True,False,-0.06909627694173945
SIGNAL_DETAIL,IC_WEIGHTED_LINEAR_RANK,20210127,HISTORICAL_DISCOVERY,True,1,8183,-0.2550878498380897,478,0.07736943662166595,False,False,False,True,False,-0.11066303920967807
SIGNAL_DETAIL,IC_WEIGHTED_LINEAR_RANK,20210202,HISTORICAL_DISCOVERY,True,1,1309,-0.051840437207941306,326,0.36274510622024536,False,False,False,True,True,0.10752878116120983
SIGNAL_DETAIL,IC_WEIGHTED_LINEAR_RANK,20210202,HISTORICAL_DISCOVERY,True,1,4967,-0.17913372576526707,445,0.12941177189350128,False,False,False,True,True,0.07556312722871754
SIGNAL_DETAIL,IC_WEIGHTED_LINEAR_RANK,20210203,HISTORICAL_DISCOVERY,True,1,6509,0.10122165381439346,145,0.711422860622406,False,False,False,True,True,0.10090014948508065
SIGNAL_DETAIL,IC_WEIGHTED_LINEAR_RANK,20210318,HISTORICAL_DISCOVERY,True,1,5014,-0.08959094493617559,358,0.32894736528396606,False,False,False,True,False,-0.06520350303084697
SIGNAL_DETAIL,IC_WEIGHTED_LINEAR_RANK,20210323,HISTORICAL_DISCOVERY,True,1,6576,-0.2106776072585997,458,0.16605839133262634,False,False,False,True,False,-0.05616836845044327
SIGNAL_DETAIL,IC_WEIGHTED_LINEAR_RANK,20210426,HISTORICAL_DISCOVERY,True,1,3305,-0.1701432445459961,548,0.2174535095691681,False,False,False,True,False,-0.11033689721641626
SIGNAL_DETAIL,IC_WEIGHTED_LINEAR_RANK,20210426,HISTORICAL_DISCOVERY,True,1,8104,-0.04275828094315805,408,0.4177396297454834,False,False,False,True,False,-0.09217498138145845
SIGNAL_DETAIL,IC_WEIGHTED_LINEAR_RANK,20210507,HISTORICAL_DISCOVERY,True,1,4128,-0.038287977456158744,438,0.38537272810935974,False,False,False,True,False,-0.06212898933348932
SIGNAL_DETAIL,IC_WEIGHTED_LINEAR_RANK,20210521,HISTORICAL_DISCOVERY,True,1,6274,0.10928892776802776,186,0.7104851603507996,False,False,False,True,True,0.07620139878913876
SIGNAL_DETAIL,IC_WEIGHTED_LINEAR_RANK,20210524,HISTORICAL_DISCOVERY,True,1,2421,0.23634173546676895,37,0.9423999786376953,False,False,False,True,False,0.02654578559107993
SIGNAL_DETAIL,IC_WEIGHTED_LINEAR_RANK,20210524,HISTORICAL_DISCOVERY,True,1,3680,0.05854007254381524,242,0.6144000291824341,False,False,False,True,True,0.09877853037584877
SIGNAL_DETAIL,IC_WEIGHTED_LINEAR_RANK,20210524,HISTORICAL_DISCOVERY,True,1,4935,0.1618837494162811,116,0.8159999847412109,False,False,False,True,True,0.09494899080729431
SIGNAL_DETAIL,IC_WEIGHTED_LINEAR_RANK,20210525,HISTORICAL_DISCOVERY,True,1,2376,-0.08396219182360966,415,0.3235294222831726,False,False,False,True,False,-0.05616836845044327
SIGNAL_DETAIL,IC_WEIGHTED_LINEAR_RANK,20210610,HISTORICAL_DISCOVERY,True,1,8299,0.023679099257841237,236,0.5392156839370728,False,False,False,True,False,-0.06232927981129731
SIGNAL_DETAIL,IC_WEIGHTED_LINEAR_RANK,20210714,HISTORICAL_DISCOVERY,True,1,2383,-0.08670599912024915,383,0.3298245668411255,False,False,False,True,False,-0.016482248028304274
SIGNAL_DETAIL,IC_WEIGHTED_LINEAR_RANK,20210726,HISTORICAL_DISCOVERY,True,1,3060,0.02181481633223146,294,0.5083892345428467,False,False,False,True,False,-0.06707448577944991
SIGNAL_DETAIL,IC_WEIGHTED_LINEAR_RANK,20210726,HISTORICAL_DISCOVERY,True,1,3511,-0.2929478813056248,565,0.05369127541780472,False,False,False,True,False,-0.08011288530583847
SIGNAL_DETAIL,IC_WEIGHTED_LINEAR_RANK,20210729,HISTORICAL_DISCOVERY,True,1,3003,-0.11193157125519618,419,0.3056478500366211,False,False,False,True,False,-0.01223388589321848
SIGNAL_DETAIL,IC_WEIGHTED_LINEAR_RANK,20210729,HISTORICAL_DISCOVERY,True,1,8183,-0.06659384669451593,379,0.3720930218696594,False,False,False,True,False,-0.07430160971436438
SIGNAL_DETAIL,IC_WEIGHTED_LINEAR_RANK,20210804,HISTORICAL_DISCOVERY,True,1,2337,0.04804822313754052,257,0.5646258592605591,False,False,False,True,False,-0.06749313712568995
SIGNAL_DETAIL,IC_WEIGHTED_LINEAR_RANK,20210806,HISTORICAL_DISCOVERY,True,1,8415,-0.029418649271295998,321,0.4463667869567871,False,False,False,True,False,-0.08168475894060152
SIGNAL_DETAIL,IC_WEIGHTED_LINEAR_RANK,20210818,HISTORICAL_DISCOVERY,True,1,6271,-0.1939617551309178,483,0.11721611768007278,False,False,False,True,True,0.11598803283750894
SIGNAL_DETAIL,IC_WEIGHTED_LINEAR_RANK,20210901,HISTORICAL_DISCOVERY,True,1,3169,-0.06805744512720908,310,0.3549060523509979,False,False,False,True,False,-0.07230443432770634
SIGNAL_DETAIL,IC_WEIGHTED_LINEAR_RANK,20210901,HISTORICAL_DISCOVERY,True,1,3552,-0.025229066713050995,271,0.43632566928863525,False,False,False,True,False,-0.09004161074530555
SIGNAL_DETAIL,IC_WEIGHTED_LINEAR_RANK,20210901,HISTORICAL_DISCOVERY,True,1,6129,-0.07276650782722774,314,0.34655532240867615,False,False,False,True,False,-0.0897814741963319
SIGNAL_DETAIL,IC_WEIGHTED_LINEAR_RANK,20210901,HISTORICAL_DISCOVERY,True,1,6269,0.1508787785457948,122,0.7473903894424438,False,False,False,True,False,-0.05964336131285862
SIGNAL_DETAIL,IC_WEIGHTED_LINEAR_RANK,20210901,HISTORICAL_DISCOVERY,True,1,6278,0.029509063021905646,226,0.5302714109420776,False,False,False,True,False,-0.06401395843058612
SIGNAL_DETAIL,IC_WEIGHTED_LINEAR_RANK,20210910,HISTORICAL_DISCOVERY,True,1,2376,0.08022602146496305,163,0.6462882161140442,False,False,False,True,False,-0.02214401024324252
SIGNAL_DETAIL,IC_WEIGHTED_LINEAR_RANK,20210910,HISTORICAL_DISCOVERY,True,1,6233,-0.24985208188793093,413,0.10043668001890182,False,False,False,True,False,-0.05904164793413981
SIGNAL_DETAIL,IC_WEIGHTED_LINEAR_RANK,20210917,HISTORICAL_DISCOVERY,True,1,3169,-0.0919586484123029,318,0.26450115442276,False,False,False,True,False,-0.1078582462091764
SIGNAL_DETAIL,IC_WEIGHTED_LINEAR_RANK,20210917,HISTORICAL_DISCOVERY,True,1,3324,-0.051406685667546886,288,0.3341067433357239,False,False,False,True,True,0.0763018628618475
SIGNAL_DETAIL,IC_WEIGHTED_LINEAR_RANK,20210917,HISTORICAL_DISCOVERY,True,1,8016,-0.034750423086800236,266,0.38515082001686096,False,False,False,True,False,-0.08640404924634001
SIGNAL_DETAIL,IC_WEIGHTED_LINEAR_RANK,20210927,HISTORICAL_DISCOVERY,True,1,1708,0.04689545250656054,193,0.5675675868988037,False,False,False,True,True,0.08368869820941471
SIGNAL_DETAIL,IC_WEIGHTED_LINEAR_RANK,20211015,HISTORICAL_DISCOVERY,True,1,2484,0.039854646132657365,192,0.5452380776405334,False,False,False,True,True,0.10167324897810621
SIGNAL_DETAIL,IC_WEIGHTED_LINEAR_RANK,20211015,HISTORICAL_DISCOVERY,True,1,8086,0.01949336451738047,208,0.5071428418159485,False,False,False,True,True,0.14687303762820866
SIGNAL_DETAIL,IC_WEIGHTED_LINEAR_RANK,20211019,HISTORICAL_DISCOVERY,True,1,3014,0.05990591379076825,167,0.6075649857521057,False,False,False,True,False,0.008830844250075078
SIGNAL_DETAIL,IC_WEIGHTED_LINEAR_RANK,20211019,HISTORICAL_DISCOVERY,True,1,3162,-0.09478123203430432,305,0.2813238799571991,False,False,False,True,False,0.03744191082643687
SIGNAL_DETAIL,IC_WEIGHTED_LINEAR_RANK,20211019,HISTORICAL_DISCOVERY,True,1,4952,0.002107795820364102,225,0.47044917941093445,False,False,False,True,False,0.006448542863298531
SIGNAL_DETAIL,IC_WEIGHTED_LINEAR_RANK,20211028,HISTORICAL_DISCOVERY,True,1,2308,0.11290087048179294,128,0.6997635960578918,False,False,False,True,False,0.025920677864624986
SIGNAL_DETAIL,IC_WEIGHTED_LINEAR_RANK,20211117,HISTORICAL_DISCOVERY,True,1,2374,-0.04567754559483626,284,0.4079498052597046,False,False,False,True,True,0.07789260433950364
SIGNAL_DETAIL,IC_WEIGHTED_LINEAR_RANK,20211118,HISTORICAL_DISCOVERY,True,1,3323,0.0047804905028393406,248,0.48966941237449646,False,False,False,True,False,-0.07581549121367995
SIGNAL_DETAIL,IC_WEIGHTED_LINEAR_RANK,20211130,HISTORICAL_DISCOVERY,True,1,2406,-0.02099938414529176,279,0.44731611013412476,False,False,False,True,True,0.07950301905420773
SIGNAL_DETAIL,IC_WEIGHTED_LINEAR_RANK,20211208,HISTORICAL_DISCOVERY,True,1,6279,-0.05845312944290569,318,0.3844660222530365,False,False,False,True,False,0.023472461043885243
SIGNAL_DETAIL,IC_WEIGHTED_LINEAR_RANK,20211215,HISTORICAL_DISCOVERY,True,1,2610,-0.17946346438167382,414,0.1964980512857437,False,False,False,True,False,-0.05791428398624498
SIGNAL_DETAIL,IC_WEIGHTED_LINEAR_RANK,20211229,HISTORICAL_DISCOVERY,True,1,3338,-0.1480609304098732,376,0.24849699437618256,False,False,False,True,False,-0.03315878635372593
SIGNAL_DETAIL,IC_WEIGHTED_LINEAR_RANK,20220215,HISTORICAL_DISCOVERY,True,1,3680,-0.0009695918711005013,253,0.4521739184856415,False,False,False,True,False,-0.056145618405285896
SIGNAL_DETAIL,IC_WEIGHTED_LINEAR_RANK,20220216,HISTORICAL_DISCOVERY,True,1,2375,0.08823537211781599,153,0.6607142686843872,False,False,False,True,False,-0.06371189026578909
SIGNAL_DETAIL,IC_WEIGHTED_LINEAR_RANK,20220216,HISTORICAL_DISCOVERY,True,1,6235,-0.1593570933777621,363,0.1919642835855484,False,False,False,True,False,-0.08837990442222661
SIGNAL_DETAIL,IC_WEIGHTED_LINEAR_RANK,20220216,HISTORICAL_DISCOVERY,True,1,6491,-0.02284015117546454,258,0.4263392984867096,False,False,False,True,False,0.03052204763502628
SIGNAL_DETAIL,IC_WEIGHTED_LINEAR_RANK,20220216,HISTORICAL_DISCOVERY,True,1,8121,-0.063921727483806,295,0.34375,False,False,False,True,False,-0.08659521668581842
SIGNAL_DETAIL,IC_WEIGHTED_LINEAR_RANK,20220218,HISTORICAL_DISCOVERY,True,1,2316,0.013285529470845752,223,0.5011236071586609,False,False,False,True,False,-0.061346076874234295
SIGNAL_DETAIL,IC_WEIGHTED_LINEAR_RANK,20220223,HISTORICAL_DISCOVERY,True,1,3701,-0.22745007480733964,397,0.10609480738639832,False,False,False,True,False,-0.1074960513380835
SIGNAL_DETAIL,IC_WEIGHTED_LINEAR_RANK,20220223,HISTORICAL_DISCOVERY,True,1,6667,-0.19073102544527393,374,0.15801353752613068,False,False,False,True,False,-0.057084792146837295
SIGNAL_DETAIL,IC_WEIGHTED_LINEAR_RANK,20220301,HISTORICAL_DISCOVERY,True,1,8091,-0.10064164188678815,324,0.29321661591529846,False,False,False,True,False,0.013948588692205709
SIGNAL_DETAIL,IC_WEIGHTED_LINEAR_RANK,20220310,HISTORICAL_DISCOVERY,True,1,2314,-0.09829025003762865,363,0.23789474368095398,False,False,False,True,False,-0.07729179754012128
SIGNAL_DETAIL,IC_WEIGHTED_LINEAR_RANK,20220310,HISTORICAL_DISCOVERY,True,1,3443,-0.038451955996759074,311,0.34736841917037964,False,False,False,True,False,-0.10155125415275636
SIGNAL_DETAIL,IC_WEIGHTED_LINEAR_RANK,20220317,HISTORICAL_DISCOVERY,True,1,3036,0.026337771615005157,220,0.5300429463386536,False,False,False,True,False,-0.05565778273934332
SIGNAL_DETAIL,IC_WEIGHTED_LINEAR_RANK,20220317,HISTORICAL_DISCOVERY,True,1,5607,0.02479852585375897,222,0.5257510542869568,False,False,False,True,False,-0.057526873941192144
SIGNAL_DETAIL,IC_WEIGHTED_LINEAR_RANK,20220318,HISTORICAL_DISCOVERY,True,1,1732,-0.12178104121764036,367,0.21290323138237,False,False,False,True,True,0.0977835728860607
SIGNAL_DETAIL,IC_WEIGHTED_LINEAR_RANK,20220318,HISTORICAL_DISCOVERY,True,1,2614,0.06633147189431958,171,0.6344085931777954,False,False,False,True,False,-0.0260921447456998
SIGNAL_DETAIL,IC_WEIGHTED_LINEAR_RANK,20220419,HISTORICAL_DISCOVERY,True,1,6241,-0.341496560056342,450,0.030237581580877304,False,False,False,True,True,0.08722055061091906
SIGNAL_DETAIL,IC_WEIGHTED_LINEAR_RANK,20220510,HISTORICAL_DISCOVERY,True,1,1560,-0.17284341937914843,393,0.13656388223171234,False,False,False,True,False,-0.02114295086950392
SIGNAL_DETAIL,IC_WEIGHTED_LINEAR_RANK,20220510,HISTORICAL_DISCOVERY,True,1,2338,-0.03501231995452133,287,0.3700440526008606,False,False,False,True,False,0.05060496684345557
SIGNAL_DETAIL,IC_WEIGHTED_LINEAR_RANK,20220510,HISTORICAL_DISCOVERY,True,1,8071,-0.1745018755266417,394,0.13436123728752136,False,False,False,True,False,-0.06202156008405788
SIGNAL_DETAIL,IC_WEIGHTED_LINEAR_RANK,20220511,HISTORICAL_DISCOVERY,True,1,2401,-0.07501572863573713,327,0.27069351077079773,False,False,False,True,False,0.04355360532643064
SIGNAL_DETAIL,IC_WEIGHTED_LINEAR_RANK,20220516,HISTORICAL_DISCOVERY,True,1,5009,-0.26404229694271464,426,0.031890660524368286,False,False,False,True,False,0.01571512693258407
SIGNAL_DETAIL,IC_WEIGHTED_LINEAR_RANK,20220524,HISTORICAL_DISCOVERY,True,1,6578,-0.30726076671944,416,0.028103044256567955,False,False,False,True,False,-0.07414977526135923
SIGNAL_DETAIL,IC_WEIGHTED_LINEAR_RANK,20220607,HISTORICAL_DISCOVERY,True,1,3708,-0.1435238037351787,309,0.23000000417232513,False,False,False,True,True,0.07874282127497775
SIGNAL_DETAIL,IC_WEIGHTED_LINEAR_RANK,20220609,HISTORICAL_DISCOVERY,True,1,3558,-0.27769727495053875,364,0.07161125540733337,False,False,False,True,False,-0.04574825579547603
SIGNAL_DETAIL,IC_WEIGHTED_LINEAR_RANK,20220624,HISTORICAL_DISCOVERY,True,1,1795,-0.2271445519048285,384,0.06356967985630035,False,False,False,True,False,-0.08384908977533503
SIGNAL_DETAIL,IC_WEIGHTED_LINEAR_RANK,20220713,HISTORICAL_DISCOVERY,True,1,2614,-0.062475460926630276,292,0.27970296144485474,False,False,False,True,True,0.13436822093101233
SIGNAL_DETAIL,IC_WEIGHTED_LINEAR_RANK,20220714,HISTORICAL_DISCOVERY,True,1,2376,0.10262913065623562,117,0.711442768573761,False,False,False,True,True,0.0973762486795398
SIGNAL_DETAIL,IC_WEIGHTED_LINEAR_RANK,20220714,HISTORICAL_DISCOVERY,True,1,2436,0.007968469467369019,201,0.5024875402450562,False,False,False,True,True,0.07381956013718415
SIGNAL_DETAIL,IC_WEIGHTED_LINEAR_RANK,20220714,HISTORICAL_DISCOVERY,True,1,2605,0.0038727092193405407,208,0.48507463932037354,False,False,False,True,True,0.07766824628870662
SIGNAL_DETAIL,IC_WEIGHTED_LINEAR_RANK,20220714,HISTORICAL_DISCOVERY,True,1,2615,-0.03248068544863344,250,0.3805970251560211,False,False,False,False,,
SIGNAL_DETAIL,IC_WEIGHTED_LINEAR_RANK,20220714,HISTORICAL_DISCOVERY,True,1,3006,-0.03159374453347398,248,0.3855721354484558,False,False,False,True,True,0.09985945493479736
SIGNAL_DETAIL,IC_WEIGHTED_LINEAR_RANK,20220714,HISTORICAL_DISCOVERY,True,1,3264,0.034388626021867166,173,0.572139322757721,False,False,False,True,True,0.08759744636650996
SIGNAL_DETAIL,IC_WEIGHTED_LINEAR_RANK,20220714,HISTORICAL_DISCOVERY,True,1,5371,0.017333317341173174,191,0.5273631811141968,False,False,False,True,True,0.09949506214980192
SIGNAL_DETAIL,IC_WEIGHTED_LINEAR_RANK,20220714,HISTORICAL_DISCOVERY,True,1,6271,0.03020635204258265,180,0.5547263622283936,False,False,False,True,True,0.08789523194005369
SIGNAL_DETAIL,IC_WEIGHTED_LINEAR_RANK,20220714,HISTORICAL_DISCOVERY,True,1,6509,0.04362333892834311,168,0.5845771431922913,False,False,False,True,False,0.020788159836996254
SIGNAL_DETAIL,IC_WEIGHTED_LINEAR_RANK,20220714,HISTORICAL_DISCOVERY,True,1,8097,-0.16191799640152643,338,0.1616915464401245,False,False,False,True,True,0.08955946447225802
SIGNAL_DETAIL,IC_WEIGHTED_LINEAR_RANK,20220715,HISTORICAL_DISCOVERY,True,1,3037,-0.0011266606297794697,209,0.4747474789619446,False,False,False,True,True,0.11691100300021456
SIGNAL_DETAIL,IC_WEIGHTED_LINEAR_RANK,20220715,HISTORICAL_DISCOVERY,True,1,6443,-0.0293798699060758,239,0.39898988604545593,False,False,False,True,False,0.032119675328280375
SIGNAL_DETAIL,IC_WEIGHTED_LINEAR_RANK,20220715,HISTORICAL_DISCOVERY,True,1,6770,0.11110667280994263,115,0.7121211886405945,False,False,False,True,True,0.07803948580503374
SIGNAL_DETAIL,IC_WEIGHTED_LINEAR_RANK,20220718,HISTORICAL_DISCOVERY,True,1,6605,0.024022460183916936,181,0.548872172832489,False,False,False,True,False,-0.05753056276322521
SIGNAL_DETAIL,IC_WEIGHTED_LINEAR_RANK,20220719,HISTORICAL_DISCOVERY,True,1,8081,-0.023004918084522943,222,0.4433249235153198,False,False,False,True,False,-0.06603763753373419
SIGNAL_DETAIL,IC_WEIGHTED_LINEAR_RANK,20220805,HISTORICAL_DISCOVERY,True,1,2906,-0.0774781049106143,277,0.27559053897857666,False,False,False,True,False,-0.03127750554511773
SIGNAL_DETAIL,IC_WEIGHTED_LINEAR_RANK,20220805,HISTORICAL_DISCOVERY,True,1,6605,-0.07731040948812272,276,0.278215229511261,False,False,False,True,False,0.04278857563994521
SIGNAL_DETAIL,IC_WEIGHTED_LINEAR_RANK,20220808,HISTORICAL_DISCOVERY,True,1,6244,0.08536880412125253,130,0.6596305966377258,False,False,False,True,False,-0.010968821686191966
SIGNAL_DETAIL,IC_WEIGHTED_LINEAR_RANK,20220811,HISTORICAL_DISCOVERY,True,1,2031,0.05068647036433789,163,0.5725593566894531,False,False,False,True,True,0.07482447836646527
SIGNAL_DETAIL,IC_WEIGHTED_LINEAR_RANK,20220815,HISTORICAL_DISCOVERY,True,1,5353,-0.18163383293283544,329,0.14136125147342682,False,False,False,True,True,0.10302803907775505
SIGNAL_DETAIL,IC_WEIGHTED_LINEAR_RANK,20220816,HISTORICAL_DISCOVERY,True,1,2374,-0.020962970165611116,206,0.4647519588470459,False,False,False,True,False,-0.0925889605766187
SIGNAL_DETAIL,IC_WEIGHTED_LINEAR_RANK,20220817,HISTORICAL_DISCOVERY,True,1,3594,-0.07360428005905051,259,0.3298701345920563,False,False,False,True,False,-0.0353992806874499
SIGNAL_DETAIL,IC_WEIGHTED_LINEAR_RANK,20220912,HISTORICAL_DISCOVERY,True,1,2419,-0.1338787489719321,320,0.22760289907455444,False,False,False,True,False,-0.06289229720023584
SIGNAL_DETAIL,IC_WEIGHTED_LINEAR_RANK,20221014,HISTORICAL_DISCOVERY,True,1,2439,-0.038239408519924224,236,0.36486485600471497,False,False,False,True,False,-0.05828606142596311
SIGNAL_DETAIL,IC_WEIGHTED_LINEAR_RANK,20221024,HISTORICAL_DISCOVERY,True,1,4551,-0.11419834269120405,297,0.18904109299182892,False,False,False,True,False,-0.02225461823550633
SIGNAL_DETAIL,IC_WEIGHTED_LINEAR_RANK,20221101,HISTORICAL_DISCOVERY,True,1,2634,0.17218573857130293,48,0.8637681007385254,False,False,False,True,False,-0.038431787848430245
SIGNAL_DETAIL,IC_WEIGHTED_LINEAR_RANK,20230103,RETROSPECTIVE_CONFIRMATION_NOT_BLIND_OOS,True,1,3272,-0.16502530364128712,352,0.18937644362449646,False,False,False,True,True,0.09548565171969603
SIGNAL_DETAIL,IC_WEIGHTED_LINEAR_RANK,20230110,RETROSPECTIVE_CONFIRMATION_NOT_BLIND_OOS,True,1,3162,-0.09190290910429832,282,0.2957393527030945,False,False,False,True,True,0.07681040500099562
SIGNAL_DETAIL,IC_WEIGHTED_LINEAR_RANK,20230116,RETROSPECTIVE_CONFIRMATION_NOT_BLIND_OOS,True,1,3013,-0.21188686311986876,335,0.1413881778717041,False,False,False,True,True,0.0753201945291519
SIGNAL_DETAIL,IC_WEIGHTED_LINEAR_RANK,20230116,RETROSPECTIVE_CONFIRMATION_NOT_BLIND_OOS,True,1,3454,-0.21169871563908824,334,0.14395886659622192,False,False,False,True,True,0.07929169332459779
SIGNAL_DETAIL,IC_WEIGHTED_LINEAR_RANK,20230131,RETROSPECTIVE_CONFIRMATION_NOT_BLIND_OOS,True,1,3466,-0.2401046321927489,336,0.0994623675942421,False,False,False,True,False,-0.060345087917218126
SIGNAL_DETAIL,IC_WEIGHTED_LINEAR_RANK,20230224,RETROSPECTIVE_CONFIRMATION_NOT_BLIND_OOS,True,1,9802,0.04370947664728797,204,0.5557987093925476,False,False,False,True,False,-0.06319211256216886
SIGNAL_DETAIL,IC_WEIGHTED_LINEAR_RANK,20230406,RETROSPECTIVE_CONFIRMATION_NOT_BLIND_OOS,True,1,4977,-0.21092907663455973,431,0.1568627506494522,False,False,False,True,False,-0.02189490040174221
SIGNAL_DETAIL,IC_WEIGHTED_LINEAR_RANK,20230412,RETROSPECTIVE_CONFIRMATION_NOT_BLIND_OOS,True,1,2754,-0.03248030653475819,291,0.4302554130554199,False,False,False,True,True,0.07732300269290217
SIGNAL_DETAIL,IC_WEIGHTED_LINEAR_RANK,20230508,RETROSPECTIVE_CONFIRMATION_NOT_BLIND_OOS,True,1,3540,-0.20701977714060238,456,0.1697080284357071,False,False,False,True,False,-0.0744031506261001
SIGNAL_DETAIL,IC_WEIGHTED_LINEAR_RANK,20230516,RETROSPECTIVE_CONFIRMATION_NOT_BLIND_OOS,True,1,3356,-0.031229172234876652,327,0.39292365312576294,False,False,False,True,False,0.04700370232743198
SIGNAL_DETAIL,IC_WEIGHTED_LINEAR_RANK,20230517,RETROSPECTIVE_CONFIRMATION_NOT_BLIND_OOS,True,1,3673,-0.0931557243569742,376,0.2977527976036072,False,False,False,True,False,0.028163618425640333
SIGNAL_DETAIL,IC_WEIGHTED_LINEAR_RANK,20230608,RETROSPECTIVE_CONFIRMATION_NOT_BLIND_OOS,True,1,4968,-0.11505478494896375,384,0.2907407283782959,False,False,False,True,False,-0.019826580701469584
SIGNAL_DETAIL,IC_WEIGHTED_LINEAR_RANK,20230628,RETROSPECTIVE_CONFIRMATION_NOT_BLIND_OOS,True,1,8222,-0.20525241486371978,500,0.15136054158210754,False,False,False,True,False,-0.05869685439609616
SIGNAL_DETAIL,IC_WEIGHTED_LINEAR_RANK,20230630,RETROSPECTIVE_CONFIRMATION_NOT_BLIND_OOS,True,1,6415,-0.04009068496722093,360,0.40166667103767395,False,False,False,True,False,-0.059172417668076266
SIGNAL_DETAIL,IC_WEIGHTED_LINEAR_RANK,20230630,RETROSPECTIVE_CONFIRMATION_NOT_BLIND_OOS,True,1,6811,-0.08162610958682134,388,0.35499998927116394,False,False,False,True,True,0.08721475770917757
SIGNAL_DETAIL,IC_WEIGHTED_LINEAR_RANK,20230711,RETROSPECTIVE_CONFIRMATION_NOT_BLIND_OOS,True,1,2345,-0.09354807682362186,417,0.30318257212638855,False,False,False,True,True,0.10664495327596667
SIGNAL_DETAIL,IC_WEIGHTED_LINEAR_RANK,20230720,RETROSPECTIVE_CONFIRMATION_NOT_BLIND_OOS,True,1,8114,0.09751601895159892,214,0.6420168280601501,False,False,False,True,False,-0.04113822155593197
SIGNAL_DETAIL,IC_WEIGHTED_LINEAR_RANK,20230725,RETROSPECTIVE_CONFIRMATION_NOT_BLIND_OOS,True,1,3038,-0.1253193875759989,421,0.29054054617881775,False,False,False,True,False,-0.03326427208694818
SIGNAL_DETAIL,IC_WEIGHTED_LINEAR_RANK,20230725,RETROSPECTIVE_CONFIRMATION_NOT_BLIND_OOS,True,1,3207,-0.1784386883158691,478,0.1942567527294159,False,False,False,True,False,-0.05863602979737686
SIGNAL_DETAIL,IC_WEIGHTED_LINEAR_RANK,20230727,RETROSPECTIVE_CONFIRMATION_NOT_BLIND_OOS,True,1,2363,0.04634548111954283,270,0.5456081032752991,False,False,False,True,True,0.09744557938122687
SIGNAL_DETAIL,IC_WEIGHTED_LINEAR_RANK,20230804,RETROSPECTIVE_CONFIRMATION_NOT_BLIND_OOS,True,1,6235,-0.18479245534039312,492,0.16211603581905365,False,False,False,True,True,0.08572085152610359
SIGNAL_DETAIL,IC_WEIGHTED_LINEAR_RANK,20230807,RETROSPECTIVE_CONFIRMATION_NOT_BLIND_OOS,True,1,6672,0.1290269225624967,156,0.7345890402793884,False,False,False,True,True,0.07993992509429841
SIGNAL_DETAIL,IC_WEIGHTED_LINEAR_RANK,20230815,RETROSPECTIVE_CONFIRMATION_NOT_BLIND_OOS,True,1,4934,-0.04020947271108999,343,0.37704917788505554,False,False,False,True,True,0.09247034691195441
SIGNAL_DETAIL,IC_WEIGHTED_LINEAR_RANK,20230816,RETROSPECTIVE_CONFIRMATION_NOT_BLIND_OOS,True,1,3594,0.017676594068868554,262,0.519336998462677,False,False,False,True,False,-0.029096853457333875
SIGNAL_DETAIL,IC_WEIGHTED_LINEAR_RANK,20230816,RETROSPECTIVE_CONFIRMATION_NOT_BLIND_OOS,True,1,4147,-0.009939765637535895,307,0.4364641010761261,False,False,False,True,True,0.17241802862097227
SIGNAL_DETAIL,IC_WEIGHTED_LINEAR_RANK,20230816,RETROSPECTIVE_CONFIRMATION_NOT_BLIND_OOS,True,1,5236,-0.21577753586486909,477,0.12338858097791672,False,False,False,True,True,0.09844651539784108
SIGNAL_DETAIL,IC_WEIGHTED_LINEAR_RANK,20230824,RETROSPECTIVE_CONFIRMATION_NOT_BLIND_OOS,True,1,3141,0.02168095771644829,246,0.5099999904632568,False,False,False,True,False,0.0653071410897619
SIGNAL_DETAIL,IC_WEIGHTED_LINEAR_RANK,20230824,RETROSPECTIVE_CONFIRMATION_NOT_BLIND_OOS,True,1,5222,-0.011090338233189298,291,0.41999998688697815,False,False,False,True,True,0.07706229205837327
SIGNAL_DETAIL,IC_WEIGHTED_LINEAR_RANK,20230828,RETROSPECTIVE_CONFIRMATION_NOT_BLIND_OOS,True,1,5871,0.03507238609203661,239,0.5268389582633972,False,False,False,True,False,-0.01704187890647525
SIGNAL_DETAIL,IC_WEIGHTED_LINEAR_RANK,20230830,RETROSPECTIVE_CONFIRMATION_NOT_BLIND_OOS,True,1,2388,-0.22274619752457253,426,0.11642411351203918,False,False,False,True,False,-0.07992375626666096
SIGNAL_DETAIL,IC_WEIGHTED_LINEAR_RANK,20230915,RETROSPECTIVE_CONFIRMATION_NOT_BLIND_OOS,True,1,4533,-0.10729717587868874,325,0.2767857015132904,False,False,False,True,False,-0.035309369944288974
SIGNAL_DETAIL,IC_WEIGHTED_LINEAR_RANK,20230925,RETROSPECTIVE_CONFIRMATION_NOT_BLIND_OOS,True,1,3680,0.0050984290658323385,238,0.48590022325515747,False,False,False,True,True,0.08714209633245133
SIGNAL_DETAIL,IC_WEIGHTED_LINEAR_RANK,20231012,RETROSPECTIVE_CONFIRMATION_NOT_BLIND_OOS,True,1,6533,0.04194143799421545,198,0.5471264123916626,False,False,False,True,False,-0.010790566659474046
SIGNAL_DETAIL,IC_WEIGHTED_LINEAR_RANK,20231027,RETROSPECTIVE_CONFIRMATION_NOT_BLIND_OOS,True,1,6446,-0.06848243034084395,297,0.31481480598449707,False,False,False,True,True,0.08567122320687594
SIGNAL_DETAIL,IC_WEIGHTED_LINEAR_RANK,20231102,RETROSPECTIVE_CONFIRMATION_NOT_BLIND_OOS,True,1,3044,-0.06194903682396416,285,0.3333333432674408,False,False,False,True,True,0.12315839442599127
SIGNAL_DETAIL,IC_WEIGHTED_LINEAR_RANK,20231108,RETROSPECTIVE_CONFIRMATION_NOT_BLIND_OOS,True,1,2486,-0.12593158788609884,315,0.25943395495414734,False,False,False,True,False,-0.060343129924693095
SIGNAL_DETAIL,IC_WEIGHTED_LINEAR_RANK,20231130,RETROSPECTIVE_CONFIRMATION_NOT_BLIND_OOS,True,1,3450,-0.07951027355898803,309,0.35699373483657837,False,False,False,True,True,0.0900120106192652
SIGNAL_DETAIL,IC_WEIGHTED_LINEAR_RANK,20240124,RETROSPECTIVE_CONFIRMATION_NOT_BLIND_OOS,True,1,8426,-0.20928347560141072,400,0.15286624431610107,False,False,False,True,False,-0.008647248379772465
SIGNAL_DETAIL,IC_WEIGHTED_LINEAR_RANK,20240216,RETROSPECTIVE_CONFIRMATION_NOT_BLIND_OOS,True,1,1618,-0.08850098590739974,296,0.3530701696872711,False,False,False,True,True,0.07423634187066468
SIGNAL_DETAIL,IC_WEIGHTED_LINEAR_RANK,20240221,RETROSPECTIVE_CONFIRMATION_NOT_BLIND_OOS,True,1,6625,-0.06321052114473218,303,0.37603306770324707,False,False,False,True,False,-0.033219193586807354
SIGNAL_DETAIL,IC_WEIGHTED_LINEAR_RANK,20240327,RETROSPECTIVE_CONFIRMATION_NOT_BLIND_OOS,True,1,1560,-0.12322048017129122,454,0.27751195430755615,False,False,False,True,False,-0.028554188203037078
SIGNAL_DETAIL,IC_WEIGHTED_LINEAR_RANK,20240401,RETROSPECTIVE_CONFIRMATION_NOT_BLIND_OOS,True,1,3712,0.002910377966007672,326,0.47999998927116394,False,False,False,True,True,0.07809851835119463
SIGNAL_DETAIL,IC_WEIGHTED_LINEAR_RANK,20240401,RETROSPECTIVE_CONFIRMATION_NOT_BLIND_OOS,True,1,5340,0.05542057897011475,256,0.5920000076293945,False,False,False,True,True,0.1026935523491153
SIGNAL_DETAIL,IC_WEIGHTED_LINEAR_RANK,20240402,RETROSPECTIVE_CONFIRMATION_NOT_BLIND_OOS,True,1,3163,-0.17129336050437916,502,0.1919354796409607,False,False,False,True,False,-0.05760445903777632
SIGNAL_DETAIL,IC_WEIGHTED_LINEAR_RANK,20240410,RETROSPECTIVE_CONFIRMATION_NOT_BLIND_OOS,True,1,4979,-0.04041315323725801,345,0.42951905727386475,False,False,False,True,False,-0.0860795407105093
SIGNAL_DETAIL,IC_WEIGHTED_LINEAR_RANK,20240411,RETROSPECTIVE_CONFIRMATION_NOT_BLIND_OOS,True,1,8210,-0.14729818102888087,484,0.2068965584039688,False,False,False,True,False,-0.09318838366311714
SIGNAL_DETAIL,IC_WEIGHTED_LINEAR_RANK,20240412,RETROSPECTIVE_CONFIRMATION_NOT_BLIND_OOS,True,1,8064,-0.1766357249548626,494,0.18780890107154846,False,False,False,True,False,-0.07912500840614176
SIGNAL_DETAIL,IC_WEIGHTED_LINEAR_RANK,20240417,RETROSPECTIVE_CONFIRMATION_NOT_BLIND_OOS,True,1,2467,-0.2375178018263568,540,0.11348684132099152,False,False,False,True,False,-0.11794586865352369
SIGNAL_DETAIL,IC_WEIGHTED_LINEAR_RANK,20240522,RETROSPECTIVE_CONFIRMATION_NOT_BLIND_OOS,True,1,6789,0.007494565729546727,306,0.48566609621047974,False,False,False,True,True,0.09043044968309437
SIGNAL_DETAIL,IC_WEIGHTED_LINEAR_RANK,20240527,RETROSPECTIVE_CONFIRMATION_NOT_BLIND_OOS,True,1,2548,-0.09576695357397519,428,0.30456027388572693,False,False,False,True,True,0.08544165633188121
SIGNAL_DETAIL,IC_WEIGHTED_LINEAR_RANK,20240528,RETROSPECTIVE_CONFIRMATION_NOT_BLIND_OOS,True,1,6186,-0.1384460137697271,463,0.256038635969162,False,False,False,True,True,0.08410242811058445
SIGNAL_DETAIL,IC_WEIGHTED_LINEAR_RANK,20240529,RETROSPECTIVE_CONFIRMATION_NOT_BLIND_OOS,True,1,2348,-0.1689422925354234,492,0.21565495431423187,False,False,False,True,True,0.08635967053172772
SIGNAL_DETAIL,IC_WEIGHTED_LINEAR_RANK,20240529,RETROSPECTIVE_CONFIRMATION_NOT_BLIND_OOS,True,1,3266,-0.09210458408708033,426,0.32108625769615173,False,False,False,True,True,0.1429351132474428
SIGNAL_DETAIL,IC_WEIGHTED_LINEAR_RANK,20240612,RETROSPECTIVE_CONFIRMATION_NOT_BLIND_OOS,True,1,6274,-0.047600365933425974,386,0.3974960744380951,False,False,False,True,False,-0.056482003537389795
SIGNAL_DETAIL,IC_WEIGHTED_LINEAR_RANK,20240617,RETROSPECTIVE_CONFIRMATION_NOT_BLIND_OOS,True,1,6140,-0.20812908345810632,548,0.14797507226467133,False,False,False,True,True,0.08510564143268677
SIGNAL_DETAIL,IC_WEIGHTED_LINEAR_RANK,20240620,RETROSPECTIVE_CONFIRMATION_NOT_BLIND_OOS,True,1,6584,-0.03733848400096029,380,0.4124031066894531,False,False,False,True,True,0.07768713616600316
SIGNAL_DETAIL,IC_WEIGHTED_LINEAR_RANK,20240625,RETROSPECTIVE_CONFIRMATION_NOT_BLIND_OOS,True,1,6204,-0.04488709908624702,398,0.38449612259864807,False,False,False,True,True,0.07432018556896551
SIGNAL_DETAIL,IC_WEIGHTED_LINEAR_RANK,20240701,RETROSPECTIVE_CONFIRMATION_NOT_BLIND_OOS,True,1,3708,-0.13380016403011222,483,0.25960060954093933,False,False,False,True,False,-0.009276058275237158
SIGNAL_DETAIL,IC_WEIGHTED_LINEAR_RANK,20240701,RETROSPECTIVE_CONFIRMATION_NOT_BLIND_OOS,True,1,6667,-0.0741199375770615,429,0.3425499200820923,False,False,False,True,True,0.12882730491800484
SIGNAL_DETAIL,IC_WEIGHTED_LINEAR_RANK,20240703,RETROSPECTIVE_CONFIRMATION_NOT_BLIND_OOS,True,1,3030,-0.19211989072468927,543,0.1635802537202835,False,False,False,True,False,-0.07358673943458884
SIGNAL_DETAIL,IC_WEIGHTED_LINEAR_RANK,20240710,RETROSPECTIVE_CONFIRMATION_NOT_BLIND_OOS,True,1,2520,0.0456061026213991,296,0.5503048896789551,False,False,False,True,True,0.09499498923693726
SIGNAL_DETAIL,IC_WEIGHTED_LINEAR_RANK,20240710,RETROSPECTIVE_CONFIRMATION_NOT_BLIND_OOS,True,1,5519,-0.037360208686706295,390,0.4070121943950653,False,False,False,True,True,0.09706516046532769
SIGNAL_DETAIL,IC_WEIGHTED_LINEAR_RANK,20240712,RETROSPECTIVE_CONFIRMATION_NOT_BLIND_OOS,True,1,4952,0.0033925010519856857,353,0.4754098355770111,False,False,False,True,False,-0.07909894709712503
SIGNAL_DETAIL,IC_WEIGHTED_LINEAR_RANK,20240807,RETROSPECTIVE_CONFIRMATION_NOT_BLIND_OOS,True,1,8390,-0.05916096702173728,446,0.3247344493865967,False,False,False,True,True,0.0798399890751312
SIGNAL_DETAIL,IC_WEIGHTED_LINEAR_RANK,20240813,RETROSPECTIVE_CONFIRMATION_NOT_BLIND_OOS,True,1,2301,0.01361910815642472,316,0.5023696422576904,False,False,False,True,False,-0.014959877545464375
SIGNAL_DETAIL,IC_WEIGHTED_LINEAR_RANK,20240822,RETROSPECTIVE_CONFIRMATION_NOT_BLIND_OOS,True,1,4510,-0.23003005084091752,501,0.12891985476016998,False,False,False,True,True,0.10191877938280872
SIGNAL_DETAIL,IC_WEIGHTED_LINEAR_RANK,20240919,RETROSPECTIVE_CONFIRMATION_NOT_BLIND_OOS,True,1,3013,-0.20975222014070494,445,0.15909090638160706,False,False,False,True,True,0.11419887295024543
SIGNAL_DETAIL,IC_WEIGHTED_LINEAR_RANK,20240919,RETROSPECTIVE_CONFIRMATION_NOT_BLIND_OOS,True,1,8210,0.07703404858515771,204,0.6155303120613098,False,False,False,True,False,-0.07382480851805764
SIGNAL_DETAIL,IC_WEIGHTED_LINEAR_RANK,20240924,RETROSPECTIVE_CONFIRMATION_NOT_BLIND_OOS,True,1,5905,-0.15105223033089799,424,0.21375465393066406,False,False,False,True,False,-0.06902363781785915
SIGNAL_DETAIL,IC_WEIGHTED_LINEAR_RANK,20241021,RETROSPECTIVE_CONFIRMATION_NOT_BLIND_OOS,True,1,6517,-0.12888455173528734,410,0.270944744348526,False,False,False,True,False,-0.06095508249732587
SIGNAL_DETAIL,IC_WEIGHTED_LINEAR_RANK,20241023,RETROSPECTIVE_CONFIRMATION_NOT_BLIND_OOS,True,1,3689,-0.11795450644945127,408,0.2706093192100525,False,False,False,True,False,0.022782116004160198
SIGNAL_DETAIL,IC_WEIGHTED_LINEAR_RANK,20241129,RETROSPECTIVE_CONFIRMATION_NOT_BLIND_OOS,True,1,2449,-0.05762143146880078,346,0.3365384638309479,False,False,False,True,False,-0.060154327112345723
SIGNAL_DETAIL,IC_WEIGHTED_LINEAR_RANK,20241129,RETROSPECTIVE_CONFIRMATION_NOT_BLIND_OOS,True,1,4909,-0.08977691186207376,379,0.2730769217014313,False,False,False,True,True,0.09234283313261316
SIGNAL_DETAIL,IC_WEIGHTED_LINEAR_RANK,20241129,RETROSPECTIVE_CONFIRMATION_NOT_BLIND_OOS,True,1,6451,-0.10013953179394307,390,0.2519230842590332,False,False,False,True,True,0.09934060947647996
SIGNAL_DETAIL,IC_WEIGHTED_LINEAR_RANK,20241202,RETROSPECTIVE_CONFIRMATION_NOT_BLIND_OOS,True,1,2360,-0.11127202974192721,393,0.2432432472705841,False,False,False,True,False,-0.07704857485152954
SIGNAL_DETAIL,IC_WEIGHTED_LINEAR_RANK,20241202,RETROSPECTIVE_CONFIRMATION_NOT_BLIND_OOS,True,1,8028,-0.19098874796068382,438,0.15637065470218658,False,False,False,True,False,-0.05547710882888981
SIGNAL_DETAIL,IC_WEIGHTED_LINEAR_RANK,20241203,RETROSPECTIVE_CONFIRMATION_NOT_BLIND_OOS,True,1,5536,0.0011238038382056404,281,0.45945945382118225,False,False,False,True,True,0.11425540858041659
SIGNAL_DETAIL,IC_WEIGHTED_LINEAR_RANK,20241204,RETROSPECTIVE_CONFIRMATION_NOT_BLIND_OOS,True,1,8070,0.05464622592792829,217,0.582205057144165,False,False,False,True,False,-0.06720621308175913
SIGNAL_DETAIL,IC_WEIGHTED_LINEAR_RANK,20241224,RETROSPECTIVE_CONFIRMATION_NOT_BLIND_OOS,True,1,5438,-0.15749878664849226,406,0.2027558982372284,False,False,False,True,False,-0.07801938920324168
SIGNAL_DETAIL,IC_WEIGHTED_LINEAR_RANK,20250114,STRESS_PREVALENCE_SEEN_NOT_BLIND,True,1,1524,-0.10862658764625005,370,0.22641509771347046,False,False,False,True,False,0.007057845634137686
SIGNAL_DETAIL,IC_WEIGHTED_LINEAR_RANK,20250120,STRESS_PREVALENCE_SEEN_NOT_BLIND,True,1,5439,-0.09541104451782899,344,0.2607758641242981,False,False,False,True,True,0.08124884578623706
SIGNAL_DETAIL,IC_WEIGHTED_LINEAR_RANK,20250207,STRESS_PREVALENCE_SEEN_NOT_BLIND,True,1,3265,0.048645699998062404,197,0.5682819485664368,False,False,False,True,False,0.02145934711030298
SIGNAL_DETAIL,IC_WEIGHTED_LINEAR_RANK,20250217,STRESS_PREVALENCE_SEEN_NOT_BLIND,True,1,6462,0.06538332030997711,183,0.6094420552253723,False,False,False,True,False,-0.05777419194503034
SIGNAL_DETAIL,IC_WEIGHTED_LINEAR_RANK,20250312,STRESS_PREVALENCE_SEEN_NOT_BLIND,True,1,3484,-0.2495699279690488,494,0.06451612710952759,False,False,False,True,False,-0.07055849963693876
SIGNAL_DETAIL,IC_WEIGHTED_LINEAR_RANK,20250321,STRESS_PREVALENCE_SEEN_NOT_BLIND,True,1,4979,-0.1690047139454698,419,0.170634925365448,False,False,False,True,False,-0.12290056544390865
SIGNAL_DETAIL,IC_WEIGHTED_LINEAR_RANK,20250423,STRESS_PREVALENCE_SEEN_NOT_BLIND,True,1,1786,0.04685851261193439,172,0.6346153616905212,False,False,False,True,False,0.008739424716102544
SIGNAL_DETAIL,IC_WEIGHTED_LINEAR_RANK,20250423,STRESS_PREVALENCE_SEEN_NOT_BLIND,True,1,3227,-0.07681695399467395,349,0.25641027092933655,False,False,False,True,True,0.0845879435938503
SIGNAL_DETAIL,IC_WEIGHTED_LINEAR_RANK,20250512,STRESS_PREVALENCE_SEEN_NOT_BLIND,True,1,2329,0.04932995824821597,200,0.5577777624130249,False,False,False,True,True,0.09068390933544658
SIGNAL_DETAIL,IC_WEIGHTED_LINEAR_RANK,20250702,STRESS_PREVALENCE_SEEN_NOT_BLIND,True,1,6462,-0.2642817936721787,432,0.06304347515106201,False,False,False,True,False,-0.061031080199607624
SIGNAL_DETAIL,IC_WEIGHTED_LINEAR_RANK,20250703,STRESS_PREVALENCE_SEEN_NOT_BLIND,True,1,3339,-0.13979678275695734,370,0.20645160973072052,False,False,False,True,False,-0.05547806437777851
SIGNAL_DETAIL,IC_WEIGHTED_LINEAR_RANK,20250709,STRESS_PREVALENCE_SEEN_NOT_BLIND,True,1,5483,-0.03031184388880484,282,0.38512036204338074,False,False,False,True,True,0.12351978387863857
SIGNAL_DETAIL,IC_WEIGHTED_LINEAR_RANK,20250723,STRESS_PREVALENCE_SEEN_NOT_BLIND,True,1,6533,-0.1602961904423887,363,0.17913831770420074,False,False,False,True,False,-0.06711346358816066
SIGNAL_DETAIL,IC_WEIGHTED_LINEAR_RANK,20250724,STRESS_PREVALENCE_SEEN_NOT_BLIND,True,1,3019,-0.04411220950060178,280,0.36734694242477417,False,False,False,True,True,0.11207221651894221
SIGNAL_DETAIL,IC_WEIGHTED_LINEAR_RANK,20250801,STRESS_PREVALENCE_SEEN_NOT_BLIND,True,1,2348,0.04440186929287751,193,0.5656108856201172,False,False,False,True,False,-0.05072536848963647
SIGNAL_DETAIL,IC_WEIGHTED_LINEAR_RANK,20250826,STRESS_PREVALENCE_SEEN_NOT_BLIND,True,1,2466,-0.03960520881645982,301,0.4263862371444702,False,False,False,True,False,0.019918862452647807
SIGNAL_DETAIL,IC_WEIGHTED_LINEAR_RANK,20250903,STRESS_PREVALENCE_SEEN_NOT_BLIND,True,1,4916,-0.22146568510120673,461,0.14338919520378113,False,False,False,True,False,-0.08182225972167337
SIGNAL_DETAIL,IC_WEIGHTED_LINEAR_RANK,20250905,STRESS_PREVALENCE_SEEN_NOT_BLIND,True,1,3035,0.14351898937842442,138,0.7439252138137817,False,False,False,True,False,-0.05944003263598108
SIGNAL_DETAIL,IC_WEIGHTED_LINEAR_RANK,20250925,STRESS_PREVALENCE_SEEN_NOT_BLIND,True,1,8932,-0.09929948308057085,365,0.29729729890823364,False,False,False,True,False,-0.029921733412187183
SIGNAL_DETAIL,IC_WEIGHTED_LINEAR_RANK,20250930,STRESS_PREVALENCE_SEEN_NOT_BLIND,True,1,3447,-0.16072433395835134,421,0.1796875,False,False,False,True,False,-0.0665532590111924
SIGNAL_DETAIL,IC_WEIGHTED_LINEAR_RANK,20250930,STRESS_PREVALENCE_SEEN_NOT_BLIND,True,1,5439,-0.10523941666671394,372,0.275390625,False,False,False,True,False,-0.12445608072518304
SIGNAL_DETAIL,IC_WEIGHTED_LINEAR_RANK,20250930,STRESS_PREVALENCE_SEEN_NOT_BLIND,True,1,8103,0.0035162783899903636,260,0.494140625,False,False,False,True,True,0.17447686751132277
SIGNAL_DETAIL,IC_WEIGHTED_LINEAR_RANK,20251002,STRESS_PREVALENCE_SEEN_NOT_BLIND,True,1,1784,-0.12439437556185926,381,0.24752475321292877,False,False,False,True,False,-0.06281143623072244
SIGNAL_DETAIL,IC_WEIGHTED_LINEAR_RANK,20251013,STRESS_PREVALENCE_SEEN_NOT_BLIND,True,1,8033,-0.24951201631224293,454,0.09218437224626541,False,False,False,True,False,-0.07389614215701139
SIGNAL_DETAIL,IC_WEIGHTED_LINEAR_RANK,20251027,STRESS_PREVALENCE_SEEN_NOT_BLIND,True,1,3363,-0.07900899100266925,320,0.3326359689235687,False,False,False,True,False,-0.05738929250234258
SIGNAL_DETAIL,IC_WEIGHTED_LINEAR_RANK,20251027,STRESS_PREVALENCE_SEEN_NOT_BLIND,True,1,8358,-0.17556981098814717,386,0.1945606768131256,False,False,False,True,True,0.1693782661176733
SIGNAL_DETAIL,IC_WEIGHTED_LINEAR_RANK,20251029,STRESS_PREVALENCE_SEEN_NOT_BLIND,True,1,6425,-0.2026154421384192,390,0.18105262517929077,False,False,False,True,False,-0.0626028432809055
SIGNAL_DETAIL,IC_WEIGHTED_LINEAR_RANK,20251106,STRESS_PREVALENCE_SEEN_NOT_BLIND,True,1,6788,0.0836495721855936,191,0.6082473993301392,False,False,False,True,False,-0.06123811828098738
SIGNAL_DETAIL,IC_WEIGHTED_LINEAR_RANK,20251120,STRESS_PREVALENCE_SEEN_NOT_BLIND,True,1,6187,-0.015534249174743369,281,0.4067796468734741,False,False,False,True,True,0.0760407680895534
SIGNAL_DETAIL,IC_WEIGHTED_LINEAR_RANK,20251120,STRESS_PREVALENCE_SEEN_NOT_BLIND,True,1,6412,0.12301900157000804,113,0.7627118825912476,False,False,False,True,True,0.08058010859893311
SIGNAL_DETAIL,IC_WEIGHTED_LINEAR_RANK,20251127,STRESS_PREVALENCE_SEEN_NOT_BLIND,True,1,1802,-0.21672048920011397,391,0.13333334028720856,False,False,False,True,True,0.10600898892857782
SIGNAL_DETAIL,IC_WEIGHTED_LINEAR_RANK,20251127,STRESS_PREVALENCE_SEEN_NOT_BLIND,True,1,2371,0.16691481745632172,85,0.8133333325386047,False,False,False,True,False,0.02902663841069194
SIGNAL_DETAIL,IC_WEIGHTED_LINEAR_RANK,20251204,STRESS_PREVALENCE_SEEN_NOT_BLIND,True,1,2374,-0.1206708420247579,327,0.2690582871437073,False,False,False,True,False,-0.06364080565338844
SIGNAL_DETAIL,IC_WEIGHTED_LINEAR_RANK,20251205,STRESS_PREVALENCE_SEEN_NOT_BLIND,True,1,3264,0.06275973801846768,187,0.5829596519470215,False,False,False,True,False,-0.0002534488738992492
SIGNAL_DETAIL,IC_WEIGHTED_LINEAR_RANK,20251215,STRESS_PREVALENCE_SEEN_NOT_BLIND,True,1,7712,-0.055477420004598155,274,0.3946785032749176,False,False,False,True,False,-0.048565418652016606
SIGNAL_DETAIL,IC_WEIGHTED_LINEAR_RANK,20251231,STRESS_PREVALENCE_SEEN_NOT_BLIND,True,1,6451,-0.10618022821257557,320,0.3095238208770752,False,False,False,True,False,-0.05921689905637954
