period,start_date,end_date,stock_id,stock_name,sessions,market_sessions,coverage,longest_missing_run_sessions,discontinuity_count,median_close,median_daily_turnover_proxy,median_atr14_pct,p75_atr14_pct,median_daily_range_pct,p75_daily_range_pct,median_abs_close_return_pct,p90_abs_close_return_pct,abs_return_ge_5pct_rate,median_abs_overnight_gap_pct,p95_abs_overnight_gap_pct,median_er10,median_er20,p75_er20,forward_evaluable_observations,median_mfe5,median_mae5,median_mfe10,p75_mfe10,median_mae10,median_day5_close_return,median_day10_close_return,median_abs_day5_close_displacement,median_abs_day10_close_displacement,up8_before_down5_rate,up10_before_down5_rate,down5_before_up8_rate,down5_before_up10_rate,swing_persistence,up5_raw_hit_count,up5_raw_hit_rate,up5_deoverlapped_episode_count,up5_episodes_per_year,up5_episodes_per_252_sessions,up8_raw_hit_count,up8_raw_hit_rate,up8_deoverlapped_episode_count,up8_episodes_per_year,up8_episodes_per_252_sessions,up10_raw_hit_count,up10_raw_hit_rate,up10_deoverlapped_episode_count,up10_episodes_per_year,up10_episodes_per_252_sessions,up15_raw_hit_count,up15_raw_hit_rate,up15_deoverlapped_episode_count,up15_episodes_per_year,up15_episodes_per_252_sessions,top1_removed_observations,top1_median_mfe10,top1_p75_mfe10,top1_up8_raw_hit_rate,top1_up10_raw_hit_rate,top5_removed_observations,top5_median_mfe10,top5_p75_mfe10,top5_up8_raw_hit_rate,top5_up10_raw_hit_rate,tail_dependent_swing_profile,repeatability_qualifying_years,swing_repeatability_pass,repeatability_status,up8_episode_component,up10_episode_component,up15_episode_component,p75_mfe10_component,median_mfe10_component,up8_before_down5_component,swing_persistence_component,daily_movement_component,swing_score,score_period,later_period_data_used_in_score
HISTORICAL_DISCOVERY,20200101,20221231,3228,金麗科,735,735,1.0,0,0,288.0,332846000.0,6.24934153517742,7.863198776876283,5.410122164048857,7.9272937323058565,2.8795811518324554,9.814413975946827,0.3006802721088435,1.3782542113323082,6.0485124909298245,0.3257522520620826,0.235897822230484,0.4091617961042444,725,0.04105571847507328,-0.03468899521531099,0.08249496981891347,0.18641390205371255,-0.05493133583021215,0.004048582995951344,0.010670731707317138,0.07024793388429762,0.09999999999999998,0.42758620689655175,0.3682758620689655,0.48551724137931035,0.5020689655172413,0.5845113223472529,336,0.463448275862069,52,17.333333333333332,17.82857142857143,368,0.5075862068965518,48,16.0,16.45714285714286,319,0.44,42,14.0,14.4,235,0.32413793103448274,35,11.666666666666666,12.0,8,0.08026755852842804,0.18402777777777768,0.502092050209205,0.43375174337517436,37,0.07460180387641535,0.1679607804298307,0.4811046511627907,0.40988372093023256,False,3,True,PASS,0.9962121212121212,0.9848484848484849,1.0,1.0,1.0,1.0,0.8181818181818182,1.0,0.978030303030303,2020-2022_ONLY,False
HISTORICAL_DISCOVERY,20200101,20221231,3661,世芯-KY,735,735,1.0,0,0,674.0,2769698880.0,5.870191104442796,6.72061162775181,5.134189031505251,7.174028536733454,2.7456647398843903,8.271489905910299,0.24081632653061225,1.157407407407418,4.708494996936897,0.294062278288493,0.22058135143518923,0.3847605997907817,725,0.04023845007451565,-0.03656821378340369,0.07178631051752915,0.1485294117647058,-0.054736842105263195,0.0036900369003689537,0.020930232558139528,0.0617021276595745,0.09466666666666668,0.40413793103448276,0.36137931034482756,0.503448275862069,0.5117241379310344,0.5830760872371679,307,0.42344827586206896,53,17.666666666666668,18.17142857142857,340,0.4689655172413793,48,16.0,16.45714285714286,303,0.41793103448275865,46,15.333333333333334,15.771428571428572,179,0.24689655172413794,34,11.333333333333334,11.657142857142857,8,0.07126948775055686,0.1468710089399745,0.4630404463040446,0.41143654114365413,37,0.0650410013529974,0.13591686674669862,0.44040697674418605,0.3866279069767442,False,3,True,PASS,0.9962121212121212,1.0,0.9924242424242424,0.9848484848484849,0.9924242424242424,0.9924242424242424,0.8106060606060606,0.9848484848484849,0.975,2020-2022_ONLY,False
HISTORICAL_DISCOVERY,20200101,20221231,5351,鈺創,728,735,0.9904761904761905,7,1,31.825000000000003,247499650.0,5.417319760326776,6.654091234053601,4.456699469339035,6.551366120218585,2.2519822976212467,8.045920171668675,0.20523415977961432,1.1678857006461763,5.193675889328062,0.316488588433969,0.21087524471495306,0.3954401445814024,698,0.028186911128087577,-0.034001226863594025,0.0628103149656809,0.1420996670991756,-0.05643078283945152,-0.0035762845849802716,0.003238684617205223,0.0589572192513369,0.08647311426437643,0.37249283667621774,0.3166189111747851,0.5229226361031518,0.5358166189111748,0.6135751340755772,274,0.39255014326647564,47,15.666666666666666,16.26923076923077,304,0.4355300859598854,41,13.666666666666666,14.192307692307693,257,0.3681948424068768,35,11.666666666666666,12.115384615384617,163,0.2335243553008596,26,8.666666666666666,9.0,7,0.062000000000000055,0.1387574323504428,0.42981186685962375,0.361794500723589,35,0.05547226386806603,0.1278504680044048,0.4057315233785822,0.334841628959276,False,3,True,PASS,0.9242424242424242,0.9242424242424242,0.946969696969697,0.9696969696969697,0.9621212121212122,0.946969696969697,0.9393939393939394,0.928030303030303,0.9410984848484849,2020-2022_ONLY,False
HISTORICAL_DISCOVERY,20200101,20221231,8046,南電,735,735,1.0,0,0,267.5,2509175812.0,5.115097248892594,5.814942829276466,4.329004329004329,5.944284448382809,2.287581699346408,6.347148573473441,0.17959183673469387,1.109570041608876,3.9965626652564623,0.3333984195755176,0.2191858403420648,0.4186011475521373,725,0.03777777777777769,-0.028421052631579014,0.0659025787965617,0.14049586776859502,-0.04504504504504503,0.008896797153024938,0.019933554817275656,0.05319148936170204,0.08711656441717797,0.3875862068965517,0.32413793103448274,0.4593103448275862,0.4689655172413793,0.6363744282751119,295,0.4068965517241379,51,17.0,17.485714285714284,303,0.41793103448275865,41,13.666666666666666,14.057142857142857,249,0.34344827586206894,36,12.0,12.342857142857142,160,0.2206896551724138,24,8.0,8.22857142857143,8,0.06473214285714302,0.13715046604527292,0.41143654114365413,0.33612273361227335,37,0.06012498497776708,0.1185513245033113,0.3866279069767442,0.3081395348837209,False,3,True,PASS,0.9090909090909091,0.9318181818181818,0.9090909090909091,0.9621212121212122,0.9696969696969697,0.9696969696969697,0.9772727272727273,0.8901515151515151,0.9395833333333334,2020-2022_ONLY,False
HISTORICAL_DISCOVERY,20200101,20221231,6415,矽力*-KY,730,735,0.9931972789115646,5,0,2345.0,1203426535.0,5.250854961460307,6.108153172703181,4.666666666666667,6.015037593984962,2.3192360163710735,6.287652645861604,0.17695473251028807,1.3679890560875485,4.95051525354556,0.29689167201476646,0.1907183685599469,0.31217604961646567,710,0.029882638091593305,-0.03138505294981758,0.06885775862068966,0.1274423116680714,-0.05482239153020335,0.0027124442095373125,0.0083289983237963,0.05500719095882689,0.08182980702162285,0.3901408450704225,0.3183098591549296,0.4915492957746479,0.5098591549295775,0.5545040800293588,276,0.38873239436619716,49,16.333333333333332,16.915068493150685,313,0.44084507042253523,46,15.333333333333334,15.879452054794521,252,0.35492957746478876,42,14.0,14.498630136986302,126,0.17746478873239438,28,9.333333333333334,9.665753424657535,8,0.06844331213412402,0.1244929837582201,0.43447293447293445,0.3475783475783476,36,0.06215172239108413,0.11685463659147871,0.41097922848664686,0.32047477744807124,False,3,True,PASS,0.9848484848484849,0.9924242424242424,0.9772727272727273,0.9015151515151515,0.9772727272727273,0.9772727272727273,0.6363636363636364,0.9431818181818181,0.9346590909090909,2020-2022_ONLY,False
HISTORICAL_DISCOVERY,20200101,20221231,3529,力旺,735,735,1.0,0,0,1050.0,1094300000.0,5.847070659345248,6.661808101817815,5.06108202443281,6.901314536102116,2.4193548387096753,7.241443108233117,0.21496598639455783,1.17647058823529,4.131946473441244,0.3013624314196253,0.2198398659249127,0.3520374339517951,725,0.03660886319845846,-0.035211267605633756,0.06949806949806958,0.14596273291925477,-0.050980392156862786,0.0038461538461538325,0.022613065326633208,0.05543710021321968,0.08769931662870167,0.3931034482758621,0.33379310344827584,0.4924137931034483,0.496551724137931,0.5479650170618536,298,0.4110344827586207,50,16.666666666666668,17.142857142857146,330,0.45517241379310347,44,14.666666666666666,15.085714285714285,280,0.38620689655172413,39,13.0,13.37142857142857,176,0.24275862068965517,30,10.0,10.285714285714285,8,0.06896551724137923,0.14232209737827706,0.4490934449093445,0.3793584379358438,37,0.06437927663734111,0.12844312036741296,0.4258720930232558,0.35319767441860467,False,3,True,PASS,0.9583333333333334,0.9772727272727273,0.9848484848484849,0.9772727272727273,0.9848484848484849,0.9848484848484849,0.553030303030303,0.9772727272727273,0.9333333333333333,2020-2022_ONLY,False
HISTORICAL_DISCOVERY,20200101,20221231,6531,愛普*,729,735,0.9918367346938776,6,0,341.0,1218394611.0,5.91936954587174,7.106797767408013,5.2012403842614745,7.329888411252422,2.6097602161431976,8.83143431109437,0.24313186813186813,1.2529373384157272,4.2235026554519335,0.32347643355744293,0.22957322143249914,0.381228104927811,709,0.032573289902280145,-0.0368421052631579,0.05693069306930698,0.16097560975609748,-0.06290322580645158,-0.00527704485488123,-0.013833992094861691,0.061340941512125546,0.09383378016085786,0.37376586741889983,0.3342736248236953,0.5641748942172073,0.5782792665726375,0.5704955834567993,290,0.4090267983074753,48,16.0,16.592592592592595,305,0.4301833568406206,41,13.666666666666666,14.17283950617284,268,0.37799717912552894,36,12.0,12.444444444444443,190,0.2679830747531735,27,9.0,9.333333333333332,8,0.05655526992287907,0.15653495440729492,0.42368045649072755,0.37089871611982883,36,0.05215827338129486,0.1441213653603035,0.399702823179792,0.3447251114413076,False,3,True,PASS,0.9166666666666666,0.9393939393939394,0.9696969696969697,0.9924242424242424,0.9242424242424242,0.9545454545454546,0.7348484848484849,0.9924242424242424,0.928030303030303,2020-2022_ONLY,False
HISTORICAL_DISCOVERY,20200101,20221231,3552,同致,735,735,1.0,0,0,156.5,336700000.0,5.599472218442192,6.6202036676966785,4.507042253521127,6.409452433746118,2.2222222222222254,9.177764910248996,0.22448979591836735,1.104972375690605,4.624034453212486,0.3092521812027762,0.2584408476355931,0.37628671078822107,725,0.028169014084507005,-0.03710575139146566,0.049342105263157965,0.1398601398601398,-0.060377358490566024,-0.0024271844660194164,-0.005330490405117239,0.05862068965517242,0.08664259927797824,0.36,0.2993103448275862,0.5255172413793103,0.5393103448275862,0.6079107776316461,269,0.37103448275862067,48,16.0,16.45714285714286,287,0.39586206896551723,44,14.666666666666666,15.085714285714285,238,0.32827586206896553,35,11.666666666666666,12.0,169,0.23310344827586207,27,9.0,9.257142857142858,8,0.048414023372287174,0.13732394366197176,0.3891213389121339,0.3207810320781032,37,0.04492600422832982,0.11607806116132235,0.3633720930232558,0.2921511627906977,False,3,True,PASS,0.9583333333333334,0.9053030303030303,0.9583333333333334,0.9545454545454546,0.8257575757575758,0.9318181818181818,0.9242424242424242,0.946969696969697,0.9272727272727272,2020-2022_ONLY,False
HISTORICAL_DISCOVERY,20200101,20221231,6533,晶心科,735,735,1.0,0,0,366.5,586556100.0,5.579983037201468,6.542492744294065,4.746835443037975,6.6461149779146025,2.264150943396226,7.078282828282827,0.20816326530612245,1.1450381679389388,4.78509678120922,0.3114929596453342,0.2402827810653165,0.3793420608407726,725,0.029691211401425166,-0.03329969727547932,0.05208333333333326,0.13468013468013473,-0.05344827586206902,0.0,0.005555555555555536,0.05217391304347829,0.0888888888888889,0.3448275862068966,0.31448275862068964,0.5172413793103449,0.5186206896551724,0.5921657722152344,279,0.38482758620689655,49,16.333333333333332,16.8,287,0.39586206896551723,43,14.333333333333334,14.742857142857142,255,0.35172413793103446,38,12.666666666666666,13.028571428571428,161,0.22206896551724137,26,8.666666666666666,8.914285714285715,8,0.05058365758754868,0.12883435582822078,0.3891213389121339,0.34449093444909346,37,0.04692301178292324,0.12055203578808726,0.3633720930232558,0.3168604651162791,False,3,True,PASS,0.9356060606060606,0.9583333333333334,0.9393939393939394,0.9393939393939394,0.8712121212121212,0.9015151515151515,0.8636363636363636,0.9659090909090909,0.925568181818182,2020-2022_ONLY,False
HISTORICAL_DISCOVERY,20200101,20221231,2603,長榮,728,735,0.9904761904761905,7,1,92.1,8675915248.5,4.607294530689572,6.000151020197388,3.8539553752535434,5.9394638093946375,2.1164613661814045,7.254784688995219,0.19146005509641872,0.9764042265829831,4.028682833030661,0.3199326870734977,0.24474770225699433,0.3991685740865701,698,0.030553637337778272,-0.021739130434782594,0.05754571013453591,0.13196810034701223,-0.029863916046959427,0.007930023046302082,0.0215457218010211,0.0467838035019455,0.07850140056022409,0.3868194842406877,0.335243553008596,0.35816618911174786,0.3624641833810888,0.6441258424462031,260,0.37249283667621774,47,15.666666666666666,16.26923076923077,292,0.4183381088825215,39,13.0,13.5,250,0.35816618911174786,38,12.666666666666666,13.153846153846155,154,0.22063037249283668,25,8.333333333333334,8.653846153846155,7,0.05693950177935947,0.12799950726779996,0.41244573082489144,0.3516642547033285,35,0.051724137931034475,0.12165869218500791,0.38763197586727,0.32428355957767724,False,3,True,PASS,0.8674242424242424,0.9696969696969697,0.9318181818181818,0.9242424242424242,0.9318181818181818,0.9621212121212122,0.9848484848484849,0.7689393939393939,0.9255681818181818,2020-2022_ONLY,False
HISTORICAL_DISCOVERY,20200101,20221231,3707,漢磊,735,735,1.0,0,0,83.5,828345000.0,5.082839527707527,6.3609664067113965,4.273504273504273,6.127494901398595,1.9685039370078705,6.293152840696406,0.17006802721088435,1.0060362173038184,3.67832290323094,0.30453519687747305,0.21822919665502014,0.33532943231563206,725,0.029824561403508865,-0.026950354609929117,0.05681818181818188,0.12608695652173907,-0.045454545454545414,0.006956521739130306,0.013555787278414888,0.04803921568627456,0.07473841554559058,0.3586206896551724,0.28413793103448276,0.45379310344827584,0.46482758620689657,0.553044075096713,268,0.3696551724137931,47,15.666666666666666,16.114285714285714,295,0.4068965517241379,44,14.666666666666666,15.085714285714285,233,0.3213793103448276,35,11.666666666666666,12.0,125,0.1724137931034483,24,8.0,8.22857142857143,8,0.05613305613305597,0.11978221415607981,0.400278940027894,0.3138075313807531,37,0.053408176698603094,0.1100000000000001,0.375,0.28488372093023256,False,3,True,PASS,0.9583333333333334,0.9053030303030303,0.9090909090909091,0.8939393939393939,0.9166666666666666,0.9242424242424242,0.5984848484848485,0.8825757575757576,0.8857954545454545,2020-2022_ONLY,False
HISTORICAL_DISCOVERY,20200101,20221231,5269,祥碩,734,735,0.998639455782313,1,0,1475.0,1168550620.0,5.541649569560941,6.316375792087949,4.624277456647398,6.3701923076923075,2.3376623376623273,6.3950514482840575,0.17598908594815826,1.1889035667106973,3.9442765458928957,0.2992139813724226,0.22702498595952836,0.36890766793853763,714,0.02722942037850562,-0.0374081663251537,0.05233327754363004,0.11950254537405924,-0.05862954250051022,-0.005979086602913575,-0.006383842484522506,0.05391171328671329,0.08088636186618892,0.3389355742296919,0.2689075630252101,0.5294117647058824,0.5504201680672269,0.5531353547440229,255,0.35714285714285715,46,15.333333333333334,15.792915531335149,266,0.37254901960784315,44,14.666666666666666,15.106267029972752,211,0.29551820728291317,35,11.666666666666666,12.016348773841962,135,0.18907563025210083,22,7.333333333333333,7.553133514986376,8,0.051076099268870356,0.11694889162561578,0.3654390934844193,0.28753541076487255,36,0.04530791788856303,0.10343479827089341,0.3392330383480826,0.2581120943952802,False,3,True,PASS,0.9772727272727273,0.9166666666666666,0.8674242424242424,0.8712121212121212,0.8787878787878788,0.8787878787878788,0.6060606060606061,0.9507575757575758,0.8801136363636364,2020-2022_ONLY,False
HISTORICAL_DISCOVERY,20200101,20221231,8261,富鼎,735,735,1.0,0,0,83.0,300486136.3,4.599478581105103,5.620772950405878,4.081632653061225,5.510914267636824,1.9305019305019266,5.545994969660963,0.13877551020408163,0.9814612868048078,3.6590569660763745,0.3338062528630767,0.20574778226162385,0.3475865419436979,725,0.027372262773722733,-0.026768642447418722,0.05822267620020427,0.11130742049469955,-0.041860465116279055,0.004854368932038833,0.016393442622950838,0.044169611307420586,0.0714285714285714,0.3682758620689655,0.2689655172413793,0.4262068965517241,0.4413793103448276,0.553398590529466,240,0.3310344827586207,44,14.666666666666666,15.085714285714285,290,0.4,43,14.333333333333334,14.742857142857142,212,0.2924137931034483,34,11.333333333333334,11.657142857142857,114,0.15724137931034482,21,7.0,7.2,8,0.05642023346303504,0.10837438423645329,0.39330543933054396,0.28451882845188287,37,0.051401869158878455,0.10131997146007649,0.36773255813953487,0.2543604651162791,False,3,True,PASS,0.9356060606060606,0.8825757575757576,0.821969696969697,0.803030303030303,0.9393939393939394,0.9393939393939394,0.6136363636363636,0.8181818181818181,0.8564393939393941,2020-2022_ONLY,False
HISTORICAL_DISCOVERY,20200101,20221231,2609,陽明,735,735,1.0,0,1,64.8,3670562509.8,4.58690816464678,6.641587625699713,3.914193696802395,6.259469696969705,1.99601593625498,8.082651391162027,0.20299727520435967,0.9456317624966515,4.075630252100847,0.30970884261806236,0.2370117461057634,0.43134381619230594,715,0.027667984189723382,-0.024390243902438935,0.05022831050228316,0.13717583807716627,-0.03614457831325302,0.004424778761061843,0.015564202334630295,0.04615384615384621,0.06862745098039236,0.34545454545454546,0.27972027972027974,0.386013986013986,0.393006993006993,0.5544412768506671,242,0.3384615384615385,43,14.333333333333334,14.742857142857142,277,0.38741258741258744,40,13.333333333333334,13.714285714285714,228,0.31888111888111886,34,11.333333333333334,11.657142857142857,170,0.23776223776223776,21,7.0,7.2,8,0.04919908466819223,0.13436983714892603,0.38048090523338046,0.31117397454031115,36,0.04678362573099415,0.11764761723941519,0.3549337260677467,0.28276877761413843,False,3,True,PASS,0.8863636363636364,0.8825757575757576,0.821969696969697,0.946969696969697,0.8484848484848485,0.9090909090909091,0.6287878787878788,0.7765151515151515,0.8554924242424242,2020-2022_ONLY,False
HISTORICAL_DISCOVERY,20200101,20221231,6104,創惟,735,735,1.0,0,1,78.5,652950100.0,5.386087443559661,6.6749080351515495,4.585959085132467,6.368724140604634,2.1913817390190826,7.049494949494956,0.18664850136239783,0.9868421052631637,4.199561403508785,0.307458238115806,0.2132075982352823,0.3854560972004455,715,0.029288702928870203,-0.03120124804992186,0.05423280423280441,0.13115818607621876,-0.04970178926441349,0.0,0.01098901098901095,0.049046321525885395,0.07956104252400564,0.3328671328671329,0.2699300699300699,0.4797202797202797,0.4881118881118881,0.5486182992975877,248,0.34685314685314683,47,15.666666666666666,16.114285714285714,279,0.3902097902097902,39,13.0,13.37142857142857,224,0.3132867132867133,34,11.333333333333334,11.657142857142857,148,0.206993006993007,27,9.0,9.257142857142858,8,0.05119825708060999,0.1233394314663665,0.38330975954738333,0.3055162659123055,36,0.04761904761904767,0.11250886650588732,0.35787923416789397,0.2768777614138439,False,3,True,PASS,0.821969696969697,0.8825757575757576,0.9583333333333334,0.9166666666666666,0.9090909090909091,0.8484848484848485,0.5606060606060606,0.9393939393939394,0.853030303030303,2020-2022_ONLY,False
HISTORICAL_DISCOVERY,20200101,20221231,3141,晶宏,735,735,1.0,0,0,81.4,349432200.0,5.574453420628784,6.9074849185883,4.545454545454542,6.847843908837515,2.0168067226890796,7.336543366553437,0.20136054421768707,1.0000000000000009,4.146837423012997,0.32284628847517033,0.2310698236917143,0.3861506305594468,725,0.02645502645502651,-0.02622377622377625,0.05295315682281054,0.134453781512605,-0.043824701195219196,0.00390625,0.005586592178770999,0.05240174672489073,0.08695652173913038,0.34344827586206894,0.29379310344827586,0.4593103448275862,0.46620689655172415,0.604957465423516,272,0.37517241379310345,46,15.333333333333334,15.771428571428572,287,0.39586206896551723,36,12.0,12.342857142857142,242,0.33379310344827584,33,11.0,11.314285714285713,159,0.2193103448275862,23,7.666666666666667,7.885714285714286,8,0.05238095238095242,0.1309904153354633,0.3891213389121339,0.3263598326359833,37,0.04505283194778964,0.12075917686318122,0.3633720930232558,0.29796511627906974,False,3,True,PASS,0.7007575757575758,0.8257575757575758,0.8825757575757576,0.9318181818181818,0.8863636363636364,0.8939393939393939,0.9090909090909091,0.9431818181818181,0.8494318181818181,2020-2022_ONLY,False
HISTORICAL_DISCOVERY,20200101,20221231,5274,信驊,735,735,1.0,0,0,1930.0,546920000.0,5.158660411583405,6.0044678310892845,4.573170731707317,6.116780045351473,2.2471910112359605,6.505636070853463,0.20272108843537415,1.0714285714285676,4.1817269076305275,0.2357822876979519,0.17569971071240095,0.28077713992114955,725,0.03436807095343686,-0.03469387755102038,0.06060606060606055,0.11675126903553301,-0.05154639175257736,0.0,0.0038461538461538325,0.05208333333333326,0.06546275395033851,0.35172413793103446,0.28551724137931034,0.4910344827586207,0.5006896551724138,0.4526649376000238,286,0.39448275862068966,53,17.666666666666668,18.17142857142857,284,0.3917241379310345,44,14.666666666666666,15.085714285714285,225,0.3103448275862069,38,12.666666666666666,13.028571428571428,115,0.15862068965517243,25,8.333333333333334,8.571428571428573,8,0.05970149253731338,0.11383928571428581,0.38493723849372385,0.30264993026499304,37,0.0562223695844386,0.104979879275654,0.35901162790697677,0.27325581395348836,False,3,True,PASS,0.9583333333333334,0.9583333333333334,0.9242424242424242,0.8484848484848485,0.9545454545454546,0.9166666666666666,0.030303030303030304,0.928030303030303,0.8395833333333333,2020-2022_ONLY,False
HISTORICAL_DISCOVERY,20200101,20221231,3037,欣興,734,735,0.998639455782313,1,0,121.5,4082257851.2,4.7456107377734815,5.450346675757648,3.982300884955746,5.47945205479452,2.062975027144398,5.739327313410386,0.1446111869031378,1.049868766404194,3.846289234379579,0.3119701471407754,0.2078376069843947,0.3750603563010577,714,0.02757080756653174,-0.02800079646709952,0.05017712032053134,0.11422215326713647,-0.04452705493597686,0.0036632002683663067,0.010707859115863805,0.046377482762169464,0.0758705860189921,0.33053221288515405,0.2801120448179272,0.4565826330532213,0.45938375350140054,0.6024754687374867,235,0.3291316526610644,45,15.0,15.449591280653951,255,0.35714285714285715,37,12.333333333333334,12.70299727520436,213,0.29831932773109243,33,11.0,11.329700272479563,115,0.16106442577030813,22,7.333333333333333,7.553133514986376,8,0.04895532863709118,0.11275930088987496,0.34985835694050993,0.29036827195467424,36,0.044931758350972184,0.10124620566876297,0.3230088495575221,0.2610619469026549,False,3,True,PASS,0.7803030303030303,0.8522727272727273,0.8674242424242424,0.8333333333333334,0.8333333333333334,0.8409090909090909,0.9015151515151515,0.8181818181818181,0.8367424242424243,2020-2022_ONLY,False
HISTORICAL_DISCOVERY,20200101,20221231,3035,智原,735,735,1.0,0,0,89.8,1245434334.5,5.157205890448986,6.468212779132945,4.3478260869565215,6.25,1.9512195121951237,6.501278772378514,0.17551020408163265,1.0101010101010055,3.7308956512519074,0.29956324018818986,0.22277961621748238,0.3803815300748674,725,0.026615969581748944,-0.0279394644935973,0.05063291139240489,0.12374100719424441,-0.046421663442940186,0.0034246575342467,0.0076045627376426506,0.04629629629629628,0.07441860465116279,0.3351724137931035,0.26482758620689656,0.46620689655172415,0.4731034482758621,0.5412642692753319,238,0.32827586206896553,44,14.666666666666666,15.085714285714285,275,0.3793103448275862,39,13.0,13.37142857142857,218,0.3006896551724138,34,11.333333333333334,11.657142857142857,131,0.18068965517241378,24,8.0,8.22857142857143,8,0.04938271604938271,0.12048192771084332,0.3723849372384937,0.2928870292887029,37,0.04455492654772064,0.1044108288699157,0.34593023255813954,0.26308139534883723,False,3,True,PASS,0.821969696969697,0.8825757575757576,0.9090909090909091,0.8787878787878788,0.8560606060606061,0.8712121212121212,0.49242424242424243,0.8996212121212122,0.8305871212121212,2020-2022_ONLY,False
HISTORICAL_DISCOVERY,20200101,20221231,4743,合一,733,735,0.9972789115646259,1,0,223.0,624184000.0,4.930933794550017,6.460961126120537,4.166666666666666,6.414615433123825,2.0594965675057253,9.715994020926754,0.22845417236662108,0.8230452674897082,7.5800835654596055,0.29701589009566115,0.20258470084861838,0.3244530057906195,703,0.022140221402213944,-0.03515625,0.04409171075837737,0.11739514484601321,-0.05845511482254695,-0.009975062344139696,-0.01534526854219953,0.051878354203935606,0.07416879795396425,0.32147937411095306,0.2603129445234708,0.5248933143669986,0.5291607396870555,0.5629015988432721,244,0.34708392603129445,42,14.0,14.439290586630285,244,0.34708392603129445,39,13.0,13.407912687585267,198,0.28165007112375534,33,11.0,11.345156889495225,136,0.1934566145092461,21,7.0,7.219645293315143,8,0.042424242424242475,0.1135415782474607,0.339568345323741,0.2733812949640288,36,0.03875968992248069,0.09730024213075061,0.3118440779610195,0.24287856071964017,False,3,True,PASS,0.8560606060606061,0.8636363636363636,0.8409090909090909,0.8560606060606061,0.7272727272727273,0.8106060606060606,0.6893939393939394,0.8674242424242424,0.8225378787878789,2020-2022_ONLY,False
HISTORICAL_DISCOVERY,20200101,20221231,4968,立積,735,735,1.0,0,1,224.0,686000000.0,5.058663460111601,6.036250075889091,4.389037257563154,5.97416015564955,2.2759647759647783,6.564531816440214,0.15803814713896458,1.0733486943164339,3.857608955938706,0.3133057179774306,0.23836528410857727,0.38527312648749046,715,0.022684310018903586,-0.0367816091954023,0.04276315789473695,0.11421393371340227,-0.0591836734693878,-0.008027522935779796,0.0,0.053892215568862256,0.08206106870229002,0.31608391608391606,0.2727272727272727,0.5524475524475524,0.5566433566433566,0.5912455718611779,243,0.33986013986013985,45,15.0,15.428571428571429,253,0.35384615384615387,37,12.333333333333334,12.685714285714285,214,0.2993006993006993,33,11.0,11.314285714285713,121,0.16923076923076924,22,7.333333333333333,7.542857142857143,8,0.041860465116279055,0.11255411255411263,0.3465346534653465,0.2913719943422914,36,0.037735849056603765,0.1033846545362005,0.31958762886597936,0.2621502209131075,False,3,True,PASS,0.7537878787878788,0.8257575757575758,0.8560606060606061,0.8257575757575758,0.6893939393939394,0.7878787878787878,0.8484848484848485,0.8939393939393939,0.8026515151515151,2020-2022_ONLY,False
HISTORICAL_DISCOVERY,20200101,20221231,2368,金像電,728,735,0.9904761904761905,7,0,63.55,1089867520.0,4.474655475521946,5.5719232074309195,3.9548022598870016,5.50421923864985,1.904761904761909,5.623484496723936,0.13067400275103164,0.8238928939237944,2.9800838574423514,0.2795472124400006,0.1683934033376891,0.3296008700284224,708,0.028635731993211566,-0.025005701086516785,0.054000711237553234,0.11208069792802605,-0.03857639987345779,0.0036407820611952246,0.010221938279492249,0.0432098765432099,0.060781670444687574,0.3347457627118644,0.2754237288135593,0.4025423728813559,0.4110169491525424,0.4860129684472366,256,0.3615819209039548,44,14.666666666666666,15.230769230769232,261,0.3686440677966102,39,13.0,13.5,210,0.2966101694915254,36,12.0,12.461538461538462,106,0.1497175141242938,21,7.0,7.26923076923077,8,0.05347812063219004,0.10991703396422087,0.36142857142857143,0.2885714285714286,36,0.05021008403361349,0.10129464285714274,0.33482142857142855,0.25892857142857145,False,3,True,PASS,0.8674242424242424,0.946969696969697,0.8484848484848485,0.8181818181818182,0.8939393939393939,0.8636363636363636,0.1590909090909091,0.7575757575757576,0.7999999999999998,2020-2022_ONLY,False
HISTORICAL_DISCOVERY,20200101,20221231,2615,萬海,735,735,1.0,0,1,74.9,1775465491.8,4.912554590254894,6.364363362385703,4.0519491454070895,6.276059818769407,1.9680226576778315,7.419726324346287,0.2016348773841962,0.9454411375833804,4.17174796747967,0.3160133616317264,0.24918308887048193,0.40436085896943996,715,0.023809523809523725,-0.02777777777777768,0.044897959183673564,0.13095238095238093,-0.043243243243243246,0.0,0.006172839506172867,0.04888888888888898,0.07440476190476186,0.3258741258741259,0.2867132867132867,0.4461538461538462,0.45174825174825173,0.580679835649657,251,0.35104895104895106,44,14.666666666666666,15.085714285714285,259,0.3622377622377622,36,12.0,12.342857142857142,226,0.31608391608391606,31,10.333333333333334,10.628571428571428,148,0.206993006993007,23,7.666666666666667,7.885714285714286,8,0.043749999999999956,0.12844551750098976,0.355021216407355,0.30834512022630833,36,0.03963414634146356,0.11467230195767675,0.3284241531664212,0.27982326951399117,False,3,True,PASS,0.7007575757575758,0.7462121212121212,0.8825757575757576,0.9090909090909091,0.7348484848484849,0.8333333333333334,0.803030303030303,0.8446969696969697,0.7933712121212122,2020-2022_ONLY,False
HISTORICAL_DISCOVERY,20200101,20221231,8454,富邦媒,735,735,1.0,0,2,759.0,362306000.0,4.484548556658264,5.371783480885425,4.0,5.617977528089887,1.898734177215189,5.469607315761164,0.1364256480218281,0.8695652173912993,3.073446327683612,0.3300546153463122,0.24564514684903657,0.4316280199694269,705,0.028473804100227706,-0.026666666666666616,0.050215208034433356,0.108622620380739,-0.04125950054288818,0.00738916256157629,0.00990099009900991,0.04387990762124705,0.07272727272727275,0.34184397163120567,0.275177304964539,0.4297872340425532,0.4340425531914894,0.574959574576069,222,0.3148936170212766,44,14.666666666666666,15.085714285714285,260,0.36879432624113473,40,13.333333333333334,13.714285714285714,204,0.28936170212765955,30,10.0,10.285714285714285,122,0.17304964539007092,17,5.666666666666667,5.828571428571428,8,0.048295454545454586,0.10422535211267614,0.3615494978479197,0.2812051649928264,36,0.04534005037783384,0.10000000000000009,0.33482810164424515,0.25112107623318386,False,3,True,PASS,0.8863636363636364,0.7121212121212122,0.6553030303030303,0.7575757575757576,0.8409090909090909,0.8863636363636364,0.7727272727272727,0.7727272727272727,0.7875000000000001,2020-2022_ONLY,False
HISTORICAL_DISCOVERY,20200101,20221231,3189,景碩,735,735,1.0,0,0,107.5,1422401716.0,4.860774206214105,5.932250848286909,4.3478260869565215,5.977593330107567,2.1442495126705596,5.968054464519503,0.1619047619047619,0.9756097560975618,3.8535196687370514,0.29704147922990076,0.20031085676536733,0.33490194191426526,725,0.028462998102466885,-0.030487804878048808,0.05192307692307696,0.11788617886178865,-0.04810126582278473,0.0,0.0028901734104045396,0.04980842911877392,0.07055961070559613,0.3255172413793103,0.26482758620689656,0.47586206896551725,0.4827586206896552,0.5131968854823138,256,0.35310344827586204,47,15.666666666666666,16.114285714285714,268,0.3696551724137931,39,13.0,13.37142857142857,218,0.3006896551724138,33,11.0,11.314285714285713,121,0.16689655172413792,21,7.0,7.2,8,0.05066666666666664,0.11610486891385774,0.36262203626220363,0.2928870292887029,37,0.04620749782040101,0.105644499178982,0.33575581395348836,0.26308139534883723,False,3,True,PASS,0.821969696969697,0.8257575757575758,0.821969696969697,0.8636363636363636,0.8636363636363636,0.8257575757575758,0.2878787878787879,0.8731060606060606,0.7826704545454546,2020-2022_ONLY,False
HISTORICAL_DISCOVERY,20200101,20221231,4966,譜瑞-KY,734,735,0.998639455782313,1,0,1170.0,904489000.0,4.699069162784922,5.661955070047294,4.054054054054054,5.39568345323741,2.0746887966805017,5.539240153687214,0.13096862210095497,1.0273972602739767,3.7662131158712504,0.2663552008277672,0.1603629145136597,0.28617465890557725,714,0.03262784360940374,-0.028503723764387257,0.054151624548736566,0.10214048915801227,-0.04347826086956519,0.002638458892328943,0.0041323019654048165,0.043399780254277154,0.06489838213664934,0.3235294117647059,0.23949579831932774,0.4425770308123249,0.4523809523809524,0.5062258698957653,256,0.3585434173669468,47,15.666666666666666,16.13623978201635,253,0.3543417366946779,40,13.333333333333334,13.732970027247957,184,0.25770308123249297,33,11.0,11.329700272479563,80,0.11204481792717087,20,6.666666666666667,6.866485013623978,8,0.053725752968060037,0.09939836149513565,0.34702549575070823,0.24929178470254956,36,0.0515030946065429,0.09074495770982427,0.3200589970501475,0.2182890855457227,False,3,True,PASS,0.9015151515151515,0.8522727272727273,0.803030303030303,0.7121212121212122,0.9015151515151515,0.8181818181818182,0.26515151515151514,0.8333333333333334,0.7780303030303031,2020-2022_ONLY,False
HISTORICAL_DISCOVERY,20200101,20221231,2338,光罩,735,735,1.0,0,0,72.7,404512092.6,4.333422784230743,5.7437394422172465,3.7151702786377685,5.3848185486136835,1.8518518518518379,5.846741487540412,0.1346938775510204,0.9578544061302763,3.9169577366398873,0.333655727681462,0.19422859816679666,0.36652706554685166,725,0.025815217391304435,-0.02595797280593337,0.046979865771812124,0.11111111111111116,-0.042203985932004584,0.004020100502512669,0.0108108108108107,0.04504504504504492,0.06678700361010836,0.3062068965517241,0.2537931034482759,0.43586206896551727,0.4413793103448276,0.5684774415865276,226,0.3117241379310345,43,14.333333333333334,14.742857142857142,246,0.3393103448275862,39,13.0,13.37142857142857,202,0.2786206896551724,31,10.333333333333334,10.628571428571428,124,0.17103448275862068,20,6.666666666666667,6.857142857142857,8,0.045303867403314824,0.10810810810810811,0.3319386331938633,0.2705718270571827,37,0.04166666666666674,0.09589474896361116,0.30377906976744184,0.23982558139534885,False,3,True,PASS,0.821969696969697,0.7462121212121212,0.7803030303030303,0.7954545454545454,0.7954545454545454,0.7462121212121212,0.7272727272727273,0.6818181818181818,0.771969696969697,2020-2022_ONLY,False
HISTORICAL_DISCOVERY,20200101,20221231,3545,敦泰,728,735,0.9904761904761905,7,1,90.8,545064335.5,4.726499494499123,6.306546968799684,4.118630675214277,6.1365071435014675,2.090411527579017,6.380471380471381,0.17079889807162535,1.0298672097068362,3.8788804388480065,0.29880197669518493,0.21700558204218826,0.35437907368352317,698,0.023044584577940008,-0.033003659811781105,0.04352974611595306,0.12409414267668373,-0.050790546725472285,-0.006010793235035061,-0.006153904415663103,0.04920554854981085,0.07096184395887661,0.30945558739255014,0.2607449856733524,0.4885386819484241,0.501432664756447,0.5448438366322691,238,0.34097421203438394,44,14.666666666666666,15.230769230769232,249,0.35673352435530087,36,12.0,12.461538461538462,213,0.30515759312320917,31,10.333333333333334,10.730769230769232,134,0.19197707736389685,23,7.666666666666667,7.961538461538462,7,0.04149377593361003,0.11997341309405118,0.35021707670043417,0.2981186685962373,35,0.039094650205761194,0.10678743716897743,0.32277526395173456,0.2684766214177979,False,3,True,PASS,0.7272727272727273,0.7651515151515151,0.8939393939393939,0.8863636363636364,0.7121212121212122,0.7727272727272727,0.5303030303030303,0.8484848484848485,0.7647727272727273,2020-2022_ONLY,False
HISTORICAL_DISCOVERY,20200101,20221231,3680,家登,735,735,1.0,0,0,256.5,289938000.0,4.571135484510406,5.5544800835494454,3.804347826086957,5.655934362133823,1.8656716417910557,5.744147157190637,0.12789115646258503,1.0706638115631661,3.6514453288646846,0.30564632794356267,0.2197366470293195,0.37868255540676754,725,0.020733652312599604,-0.03035714285714286,0.04638218923933213,0.1058394160583942,-0.05027932960893855,-0.004065040650406471,0.003676470588235281,0.044596912521440824,0.065359477124183,0.30758620689655175,0.2386206896551724,0.4910344827586207,0.5006896551724138,0.5432857978253797,228,0.31448275862068964,45,15.0,15.428571428571429,248,0.34206896551724136,39,13.0,13.37142857142857,192,0.26482758620689656,32,10.666666666666666,10.971428571428572,91,0.12551724137931033,20,6.666666666666667,6.857142857142857,8,0.04612159329140453,0.1009523809523809,0.33472803347280333,0.25662482566248257,37,0.04239334270979833,0.09251101321585908,0.3066860465116279,0.22529069767441862,False,3,True,PASS,0.821969696969697,0.7878787878787878,0.7803030303030303,0.75,0.7727272727272727,0.7575757575757576,0.5151515151515151,0.7310606060606061,0.7535984848484848,2020-2022_ONLY,False
HISTORICAL_DISCOVERY,20200101,20221231,3006,晶豪科,735,735,1.0,0,0,78.2,763579240.0,4.650235454910889,5.818435308585412,3.8567493112947626,5.649737551425734,1.9011406844106515,6.0679671205986985,0.14829931972789115,1.0542168674698704,4.0509144014072795,0.291108701508625,0.22287178956483325,0.37988332414928894,725,0.024844720496894235,-0.028257456828885474,0.04237288135593231,0.11142454160789828,-0.045454545454545414,-0.0013812154696133394,0.0,0.04573804573804563,0.06784660766961648,0.2979310344827586,0.2496551724137931,0.45517241379310347,0.4579310344827586,0.556297011899406,221,0.30482758620689654,44,14.666666666666666,15.085714285714285,241,0.33241379310344826,36,12.0,12.342857142857142,200,0.27586206896551724,31,10.333333333333334,10.628571428571428,115,0.15862068965517243,20,6.666666666666667,6.857142857142857,8,0.04214559386973171,0.10624999999999996,0.32496513249651326,0.26778242677824265,37,0.039489928525016316,0.09436582809224314,0.29651162790697677,0.2369186046511628,False,3,True,PASS,0.7007575757575758,0.7462121212121212,0.7803030303030303,0.8106060606060606,0.6818181818181818,0.7234848484848485,0.6742424242424242,0.7803030303030303,0.7359848484848485,2020-2022_ONLY,False
HISTORICAL_DISCOVERY,20200101,20221231,2481,強茂,735,735,1.0,0,0,57.8,537890268.2,4.3607654465896335,5.522347778340489,3.8834951456310676,5.605839893939148,1.8808777429467183,5.669058918856349,0.1401360544217687,0.952380952380949,3.3204419889502725,0.27559819585645356,0.21608566737904186,0.3615271016327227,725,0.028301886792452935,-0.02377972465581979,0.04651162790697683,0.10924369747899165,-0.04166666666666663,0.006932409012131657,0.008888888888888946,0.04393673110720564,0.06703910614525155,0.3062068965517241,0.24413793103448275,0.44,0.44413793103448274,0.5458903893810232,236,0.3255172413793103,48,16.0,16.45714285714286,240,0.3310344827586207,38,12.666666666666666,13.028571428571428,193,0.26620689655172414,30,10.0,10.285714285714285,110,0.15172413793103448,19,6.333333333333333,6.514285714285714,8,0.044836956521739246,0.10526315789473695,0.32357043235704325,0.2580195258019526,37,0.04278074866310155,0.09277819011102184,0.29505813953488375,0.22674418604651161,False,3,True,PASS,0.7878787878787878,0.7121212121212122,0.7310606060606061,0.7727272727272727,0.7878787878787878,0.7462121212121212,0.5378787878787878,0.7272727272727273,0.7325757575757577,2020-2022_ONLY,False
HISTORICAL_DISCOVERY,20200101,20221231,4919,新唐,735,735,1.0,0,0,95.5,939424291.0,4.395190071517483,5.731631854692295,3.699788583509514,5.545943867743175,1.8050541516245522,5.760417131974024,0.1306122448979592,1.0071942446043147,3.700894454382823,0.283509175835544,0.16021907316544842,0.314651741278574,725,0.025761124121779666,-0.02714932126696834,0.045553145336225676,0.10426540284360208,-0.04400000000000004,0.0,0.006493506493506329,0.04395604395604402,0.06029579067121715,0.30344827586206896,0.23724137931034484,0.43448275862068964,0.44413793103448274,0.5153592632066368,229,0.3158620689655172,44,14.666666666666666,15.085714285714285,245,0.33793103448275863,40,13.333333333333334,13.714285714285714,191,0.263448275862069,32,10.666666666666666,10.971428571428572,89,0.12275862068965518,17,5.666666666666667,5.828571428571428,8,0.04508196721311486,0.10169491525423724,0.3305439330543933,0.25523012552301255,37,0.041612554112554156,0.09151477492405408,0.3023255813953488,0.2238372093023256,False,3,True,PASS,0.8863636363636364,0.7878787878787878,0.6553030303030303,0.7348484848484849,0.75,0.7348484848484849,0.3181818181818182,0.6893939393939394,0.725378787878788,2020-2022_ONLY,False
HISTORICAL_DISCOVERY,20200101,20221231,8069,元太,735,735,1.0,0,0,74.1,999332300.0,4.523821040453246,5.286270245295708,3.8147138964577616,5.173512522215693,1.8181818181818077,5.32237392458883,0.11836734693877551,0.8333333333333304,3.318834275772075,0.27967236753893593,0.19339529901692326,0.3571000443051534,725,0.03135888501742157,-0.020134228187919434,0.05985037406483795,0.10043668122270732,-0.030000000000000027,0.010101010101010166,0.018018018018018056,0.04109589041095896,0.05960264900662249,0.33379310344827584,0.2413793103448276,0.35724137931034483,0.36,0.49408718597616663,259,0.35724137931034483,49,16.333333333333332,16.8,256,0.35310344827586204,39,13.0,13.37142857142857,183,0.2524137931034483,31,10.333333333333334,10.628571428571428,96,0.13241379310344828,19,6.333333333333333,6.514285714285714,8,0.05833333333333335,0.09866666666666668,0.3458856345885635,0.24407252440725244,37,0.05555555555555558,0.09184671467947003,0.3183139534883721,0.21220930232558138,False,3,True,PASS,0.821969696969697,0.7462121212121212,0.7310606060606061,0.6818181818181818,0.946969696969697,0.8560606060606061,0.1893939393939394,0.7310606060606061,0.7248106060606061,2020-2022_ONLY,False
HISTORICAL_DISCOVERY,20200101,20221231,4961,天鈺,735,735,1.0,0,1,134.5,409920264.0,4.402439345499356,5.922539531700483,3.880885550632934,5.6805776101627625,1.9903341180731615,6.897119341563801,0.15940054495912806,1.1146729288392332,4.4102147360126045,0.2948769118740602,0.23311319519535567,0.3943338573913182,715,0.025000000000000133,-0.028673835125447966,0.04306220095693769,0.1146777819408018,-0.04888888888888887,0.0023041474654377225,0.0,0.04771784232365128,0.06704980842911867,0.2965034965034965,0.24615384615384617,0.48951048951048953,0.49230769230769234,0.5463446642465183,222,0.3104895104895105,45,15.0,15.428571428571429,241,0.33706293706293705,37,12.333333333333334,12.685714285714285,199,0.2783216783216783,29,9.666666666666666,9.942857142857141,127,0.17762237762237762,21,7.0,7.2,8,0.04245283018867929,0.11025641025641031,0.32956152758132956,0.27015558698727016,36,0.04006163328197232,0.09578912709446119,0.3019145802650957,0.24005891016200295,False,3,True,PASS,0.7537878787878788,0.6628787878787878,0.821969696969697,0.8409090909090909,0.696969696969697,0.7121212121212122,0.5454545454545454,0.7310606060606061,0.7236742424242424,2020-2022_ONLY,False
HISTORICAL_DISCOVERY,20200101,20221231,2351,順德,735,735,1.0,0,0,97.5,204808675.2,4.577259344289434,5.855231543640784,4.019292604501608,5.5991953252227225,1.8599562363238453,5.56716995741386,0.12380952380952381,0.9074410163339319,3.567184089255399,0.25863936555581435,0.18415268622231723,0.2961063047169997,725,0.02249488752556239,-0.0304347826086957,0.04761904761904767,0.10903426791277249,-0.04808877928483346,-0.0038910505836575737,0.00222717149220486,0.04179566563467485,0.06107660455486541,0.31724137931034485,0.2524137931034483,0.46482758620689657,0.47448275862068967,0.48053526117125944,226,0.3117241379310345,44,14.666666666666666,15.085714285714285,258,0.35586206896551725,39,13.0,13.37142857142857,204,0.2813793103448276,32,10.666666666666666,10.971428571428572,103,0.14206896551724138,19,6.333333333333333,6.514285714285714,8,0.04618937644341803,0.10721442885771548,0.3486750348675035,0.2733612273361227,37,0.04123760037789337,0.096607341490545,0.32122093023255816,0.24273255813953487,False,3,True,PASS,0.821969696969697,0.7878787878787878,0.7310606060606061,0.7651515151515151,0.8106060606060606,0.7954545454545454,0.12878787878787878,0.7916666666666667,0.7229166666666667,2020-2022_ONLY,False
HISTORICAL_DISCOVERY,20200101,20221231,3443,創意,735,735,1.0,0,0,417.0,1141842956.0,4.435341245481569,5.307391616599326,3.8323353293413174,5.156837318122668,1.9329896907216537,5.748362514170548,0.11972789115646258,0.8818342151675429,3.3831144455643134,0.2786243856387781,0.2026304267788118,0.3602216336462547,725,0.026388888888888795,-0.029059829059829068,0.048128342245989275,0.10403397027600847,-0.04166666666666663,0.0010101010101009056,0.0046948356807512415,0.042735042735042694,0.0625,0.3103448275862069,0.24689655172413794,0.44275862068965516,0.44689655172413795,0.5157230168438666,240,0.3310344827586207,44,14.666666666666666,15.085714285714285,248,0.34206896551724136,37,12.333333333333334,12.685714285714285,193,0.26620689655172414,33,11.0,11.314285714285713,113,0.15586206896551724,18,6.0,6.171428571428571,8,0.048034934497816595,0.10275689223057638,0.33472803347280333,0.2580195258019526,37,0.04467242194891208,0.09447874633347919,0.3066860465116279,0.22674418604651161,False,3,True,PASS,0.7537878787878788,0.8257575757575758,0.678030303030303,0.7272727272727273,0.8181818181818182,0.7803030303030303,0.32575757575757575,0.7196969696969697,0.7212121212121212,2020-2022_ONLY,False
HISTORICAL_DISCOVERY,20200101,20221231,6223,旺矽,735,735,1.0,0,0,108.0,224791000.0,4.33000274300464,5.606590391215891,3.75,5.429421768707481,1.980198019801982,5.540229885057478,0.1292517006802721,0.8849557522123908,3.312164888251841,0.29863353651725644,0.21304697829992866,0.3423690128213579,725,0.02183406113537112,-0.027860696517412853,0.04166666666666674,0.10313901345291487,-0.04761904761904767,-0.004123711340206282,0.0,0.04268292682926833,0.0685714285714285,0.2924137931034483,0.24689655172413794,0.4703448275862069,0.47172413793103446,0.5782450578593602,222,0.3062068965517241,45,15.0,15.428571428571429,232,0.32,34,11.333333333333334,11.657142857142857,191,0.263448275862069,30,10.0,10.285714285714285,112,0.15448275862068966,20,6.666666666666667,6.857142857142857,8,0.040723981900452566,0.10169491525423724,0.3124128312412831,0.25523012552301255,37,0.03562740189683733,0.090394496460379,0.28343023255813954,0.2238372093023256,False,3,True,PASS,0.6363636363636364,0.7121212121212122,0.7803030303030303,0.7196969696969697,0.6666666666666666,0.6931818181818182,0.7954545454545454,0.6856060606060606,0.7054924242424244,2020-2022_ONLY,False
HISTORICAL_DISCOVERY,20200101,20221231,3017,奇鋐,735,735,1.0,0,0,74.7,665092594.4,4.068656150100889,4.8572831934497005,3.5220125786163488,5.025253150454313,1.5018773466833446,4.9105004277159985,0.09115646258503401,0.8474576271186418,2.86705202312138,0.29031240284043136,0.18533453025498117,0.30873605972777374,725,0.023426061493411643,-0.023899371069182496,0.04582843713278506,0.10185185185185186,-0.035386631716907035,0.0,0.006211180124223503,0.03768115942028982,0.05581395348837215,0.32,0.24413793103448275,0.3737931034482759,0.3793103448275862,0.5011317089369833,222,0.3062068965517241,45,15.0,15.428571428571429,245,0.33793103448275863,37,12.333333333333334,12.685714285714285,186,0.25655172413793104,32,10.666666666666666,10.971428571428572,78,0.10758620689655173,19,6.333333333333333,6.514285714285714,8,0.045226130653266416,0.09907120743034059,0.3305439330543933,0.2482566248256625,37,0.042823829504633815,0.0927680090754397,0.3023255813953488,0.21656976744186046,False,3,True,PASS,0.7537878787878788,0.7878787878787878,0.7310606060606061,0.7045454545454546,0.7575757575757576,0.803030303030303,0.22727272727272727,0.6287878787878788,0.697348484848485,2020-2022_ONLY,False
HISTORICAL_DISCOVERY,20200101,20221231,6443,元晶,735,735,1.0,0,0,33.9,513346816.49999994,4.636303858331594,5.745367638314667,4.005934718100894,5.810590745732261,1.8773466833541974,6.19502492448985,0.16326530612244897,0.9308510638297962,4.088399754642678,0.28019985417266385,0.24180378538247188,0.3539580373804183,725,0.024416135881103918,-0.029530201342281903,0.04395604395604402,0.11080332409972304,-0.044378698224852076,-0.0012062726176116367,0.006451612903225712,0.04459459459459458,0.05808656036446469,0.30896551724137933,0.2496551724137931,0.44689655172413795,0.45241379310344826,0.45853426259439706,227,0.31310344827586206,40,13.333333333333334,13.714285714285714,258,0.35586206896551725,36,12.0,12.342857142857142,203,0.28,33,11.0,11.314285714285713,110,0.15172413793103448,20,6.666666666666667,6.857142857142857,8,0.04341317365269459,0.1064516129032258,0.3486750348675035,0.2719665271966527,37,0.04003484320557493,0.09826838748255934,0.32122093023255816,0.24127906976744187,False,3,True,PASS,0.7007575757575758,0.8257575757575758,0.7803030303030303,0.7878787878787878,0.7196969696969697,0.7651515151515151,0.045454545454545456,0.8106060606060606,0.6950757575757576,2020-2022_ONLY,False
HISTORICAL_DISCOVERY,20200101,20221231,3653,健策,735,735,1.0,0,1,315.0,543543060.0,4.446621845125198,5.114824476788767,3.8913666710044286,5.2727272727272725,1.9084038969316208,5.4330774019506105,0.11989100817438691,0.840175133962151,2.783816425120767,0.2818816170685291,0.16138843119185808,0.2954815461000216,715,0.025547445255474477,-0.025974025974025983,0.04716981132075482,0.09998009332439117,-0.04153354632587858,0.0,0.0040322580645162365,0.04067796610169494,0.06027060270602702,0.2937062937062937,0.22937062937062938,0.44195804195804195,0.4433566433566434,0.4897826306688235,227,0.3174825174825175,44,14.666666666666666,15.085714285714285,231,0.3230769230769231,37,12.333333333333334,12.685714285714285,179,0.25034965034965034,32,10.666666666666666,10.971428571428572,83,0.11608391608391608,19,6.333333333333333,6.514285714285714,8,0.045544554455445585,0.09799786588790294,0.31541725601131543,0.24186704384724186,36,0.040590405904058935,0.0901026229320987,0.28718703976435933,0.2106038291605302,False,3,True,PASS,0.7537878787878788,0.7878787878787878,0.7310606060606061,0.6742424242424242,0.803030303030303,0.7045454545454546,0.17424242424242425,0.7462121212121212,0.6880681818181819,2020-2022_ONLY,False
HISTORICAL_DISCOVERY,20200101,20221231,2014,中鴻,735,735,1.0,0,0,24.45,336061139.0,3.7667016719198294,4.77180274888231,3.1936127744511005,4.676258992805757,1.538461538461522,5.837105909579976,0.1292517006802721,0.743494423791824,3.842007228588699,0.2965506284653338,0.23815947971902962,0.3770613244751918,725,0.019512195121951237,-0.02392344497607657,0.034324942791762014,0.10054347826086962,-0.038130381303812966,-0.0021413276231262435,0.0,0.03972602739726039,0.061302681992337016,0.2979310344827586,0.23724137931034484,0.40413793103448276,0.40551724137931033,0.6070119186759972,209,0.2882758620689655,40,13.333333333333334,13.714285714285714,232,0.32,35,11.666666666666666,12.0,184,0.2537931034482759,26,8.666666666666666,8.914285714285715,113,0.15586206896551724,19,6.333333333333333,6.514285714285714,8,0.033557046979865834,0.09848484848484862,0.3124128312412831,0.24546722454672246,37,0.02955260834516915,0.09030696820792139,0.28343023255813954,0.2136627906976744,False,3,True,PASS,0.6704545454545454,0.5606060606060606,0.7310606060606061,0.6893939393939394,0.4318181818181818,0.7234848484848485,0.9166666666666666,0.5568181818181818,0.6577651515151516,2020-2022_ONLY,False
HISTORICAL_DISCOVERY,20200101,20221231,3406,玉晶光,735,735,1.0,0,0,482.5,1733469837.0,4.117202241648543,4.654655526637763,3.3829499323410013,4.680811681634332,1.7612524461839474,5.207018927444797,0.11428571428571428,0.8802816901408494,3.4798139785670994,0.314464856550477,0.21665235724531143,0.3673758692222756,725,0.020782396088019572,-0.029159519725557415,0.03492063492063502,0.09042553191489366,-0.047281323877068515,-0.0040567951318458695,-0.013084112149532756,0.044117647058823595,0.06592178770949719,0.27448275862068966,0.2110344827586207,0.48,0.4827586206896552,0.6162166179262636,194,0.2675862068965517,40,13.333333333333334,13.714285714285714,208,0.2868965517241379,36,12.0,12.342857142857142,159,0.2193103448275862,30,10.0,10.285714285714285,72,0.0993103448275862,11,3.6666666666666665,3.7714285714285714,8,0.03412969283276457,0.08684210526315783,0.2789400278940028,0.2105997210599721,37,0.030411672469237594,0.07947172945527481,0.24854651162790697,0.17732558139534885,False,3,True,PASS,0.7007575757575758,0.7121212121212122,0.3977272727272727,0.6060606060606061,0.44696969696969696,0.6439393939393939,0.946969696969697,0.6136363636363636,0.6477272727272728,2020-2022_ONLY,False
HISTORICAL_DISCOVERY,20200101,20221231,3532,台勝科,735,735,1.0,0,0,154.0,335772904.5,4.596031099983761,5.604658407586023,4.087193460490464,5.609018845809814,1.851851851851849,5.637021519710536,0.1251700680272109,0.9615384615384581,3.324723247232471,0.2943959550174764,0.21925546741358898,0.36457587219719395,725,0.02005730659025784,-0.032196969696969724,0.03859649122807007,0.10429447852760743,-0.04562737642585546,-0.007518796992481258,0.0,0.042553191489361764,0.06666666666666665,0.2924137931034483,0.24551724137931036,0.4606896551724138,0.46482758620689657,0.5158026227919088,207,0.28551724137931034,40,13.333333333333334,13.714285714285714,233,0.3213793103448276,34,11.333333333333334,11.657142857142857,193,0.26620689655172414,28,9.333333333333334,9.600000000000001,105,0.14482758620689656,19,6.333333333333333,6.514285714285714,8,0.03846153846153855,0.101123595505618,0.3138075313807531,0.2580195258019526,37,0.03323586744639384,0.0903141004685627,0.28488372093023256,0.22674418604651161,False,3,True,PASS,0.6363636363636364,0.6363636363636364,0.7310606060606061,0.7424242424242424,0.5909090909090909,0.6931818181818182,0.3333333333333333,0.8181818181818181,0.6416666666666667,2020-2022_ONLY,False
HISTORICAL_DISCOVERY,20200101,20221231,5425,台半,735,735,1.0,0,0,63.5,418829000.0,4.252232625949208,5.177666128514206,3.7333333333333294,5.116073479373318,1.8242122719734577,5.516282454453317,0.1306122448979592,0.8075370121130687,3.3792657371229757,0.295603643355027,0.1945969181070742,0.31502536177276985,725,0.022413793103448265,-0.02692307692307694,0.036741214057508076,0.09352517985611519,-0.04802259887005633,0.0014992503748125774,-0.001097694840834218,0.04379562043795626,0.06390977443609014,0.26620689655172414,0.2110344827586207,0.4827586206896552,0.48551724137931035,0.5413404963365577,214,0.29517241379310344,44,14.666666666666666,15.085714285714285,216,0.2979310344827586,36,12.0,12.342857142857142,167,0.2303448275862069,29,9.666666666666666,9.942857142857141,98,0.13517241379310344,18,6.0,6.171428571428571,8,0.03658536585365857,0.09054054054054061,0.2900976290097629,0.2217573221757322,37,0.034000079041230036,0.08240045883604918,0.2601744186046512,0.18895348837209303,False,3,True,PASS,0.7007575757575758,0.6628787878787878,0.678030303030303,0.6515151515151515,0.553030303030303,0.6136363636363636,0.5,0.6742424242424243,0.6386363636363637,2020-2022_ONLY,False
HISTORICAL_DISCOVERY,20200101,20221231,1590,亞德客-KY,735,735,1.0,0,0,849.0,625138705.0,4.077055309162678,4.901767404353752,3.526734926052332,4.7668444971349535,1.6845329249617125,5.080179358565125,0.10612244897959183,0.92592592592593,3.574231766012586,0.2504499796922885,0.2050139054891296,0.3300371634592528,725,0.026415094339622636,-0.02339776195320442,0.046242774566473965,0.09221556886227544,-0.036832412523020275,0.004672897196261738,0.008333333333333304,0.035580524344569264,0.05226960110041268,0.28551724137931034,0.19586206896551725,0.3875862068965517,0.3917241379310345,0.46867994145158737,211,0.2910344827586207,46,15.333333333333334,15.771428571428572,223,0.30758620689655175,39,13.0,13.37142857142857,153,0.2110344827586207,29,9.666666666666666,9.942857142857141,62,0.08551724137931034,14,4.666666666666667,4.800000000000001,8,0.045510455104551095,0.09036144578313254,0.299860529986053,0.20223152022315202,37,0.04391210647039556,0.083126417250519,0.2703488372093023,0.1686046511627907,False,3,True,PASS,0.821969696969697,0.6628787878787878,0.5757575757575758,0.6287878787878788,0.7651515151515151,0.6818181818181818,0.07575757575757576,0.6363636363636364,0.6329545454545454,2020-2022_ONLY,False
HISTORICAL_DISCOVERY,20200101,20221231,6138,茂達,735,735,1.0,0,0,123.0,208568000.0,4.678940814970349,6.117941932793597,3.8461538461538463,5.548048048048053,1.847575057736739,5.471689696703512,0.1360544217687075,0.8264462809917328,3.803266016040194,0.27263180723038943,0.19449505678657136,0.3312059723388736,725,0.02511961722488043,-0.025893958076448786,0.04641350210970474,0.09836065573770503,-0.04117647058823526,0.0,0.0037641154328731385,0.041095890410958846,0.0532407407407407,0.28413793103448276,0.22482758620689655,0.4220689655172414,0.42344827586206896,0.43774121314367803,212,0.2924137931034483,43,14.333333333333334,14.742857142857142,232,0.32,37,12.333333333333334,12.685714285714285,177,0.24413793103448275,27,9.0,9.257142857142858,96,0.13241379310344828,18,6.0,6.171428571428571,8,0.04608294930875578,0.09659090909090917,0.3124128312412831,0.23570432357043236,37,0.04308084908943277,0.08814719726144632,0.28343023255813954,0.20348837209302326,False,3,True,PASS,0.7537878787878788,0.5984848484848485,0.678030303030303,0.6666666666666666,0.7803030303030303,0.6704545454545454,0.015151515151515152,0.7765151515151516,0.6236742424242423,2020-2022_ONLY,False
HISTORICAL_DISCOVERY,20200101,20221231,3016,嘉晶,735,735,1.0,0,0,73.9,277812473.40000004,4.341735447284179,5.181753464818711,3.6231884057971016,5.1341960220464955,1.6666666666666718,5.2515586486878405,0.11972789115646258,0.917431192660545,3.067514677103728,0.3038258970477272,0.19512747038721703,0.3249547530447341,725,0.022792022792022637,-0.02452316076294292,0.043227665706051965,0.09285714285714275,-0.03921568627451,0.0,0.004322766570605152,0.04166666666666663,0.061002178649237404,0.28413793103448276,0.21517241379310345,0.43448275862068964,0.43724137931034485,0.5324200818688716,199,0.27448275862068966,41,13.666666666666666,14.057142857142857,221,0.30482758620689654,33,11.0,11.314285714285713,167,0.2303448275862069,30,10.0,10.285714285714285,53,0.07310344827586207,12,4.0,4.114285714285715,8,0.041487839771101376,0.08966861598440556,0.29707112970711297,0.2217573221757322,37,0.037982413287738215,0.0849402423504676,0.26744186046511625,0.18895348837209303,False,3,True,PASS,0.5984848484848485,0.7121212121212122,0.4621212121212121,0.6363636363636364,0.7045454545454546,0.6704545454545454,0.45454545454545453,0.678030303030303,0.6206439393939394,2020-2022_ONLY,False
HISTORICAL_DISCOVERY,20200101,20221231,2376,技嘉,735,735,1.0,0,1,90.6,720464944.4,3.7450997438259894,4.317414092015631,3.16821744949334,4.320142520712446,1.5204761559517443,4.62478323699422,0.08038147138964577,0.8736350304477503,3.2332904756209366,0.29516031987772395,0.22258600565007794,0.37700608553657744,715,0.022421524663677195,-0.02075226977950706,0.04026845637583887,0.09632253711201089,-0.033333333333333326,0.0031948881789136685,0.008215962441314506,0.03482587064676612,0.054982817869415834,0.27692307692307694,0.21818181818181817,0.36083916083916084,0.36083916083916084,0.5487973581780689,177,0.24755244755244754,37,12.333333333333334,12.685714285714285,218,0.3048951048951049,32,10.666666666666666,10.971428571428572,168,0.23496503496503496,29,9.666666666666666,9.942857142857141,69,0.0965034965034965,14,4.666666666666667,4.800000000000001,8,0.03977272727272729,0.09456566319415971,0.297029702970297,0.2263083451202263,36,0.03741496598639449,0.08515156765786547,0.26804123711340205,0.19440353460972018,False,3,True,PASS,0.5454545454545454,0.6628787878787878,0.5757575757575758,0.6590909090909091,0.6515151515151515,0.6515151515151515,0.5681818181818182,0.5454545454545454,0.6124999999999999,2020-2022_ONLY,False
HISTORICAL_DISCOVERY,20200101,20221231,8086,宏捷科,734,735,0.998639455782313,1,0,100.5,478413850.0,4.191125958908995,4.785315929136898,3.4383954154727876,4.9255441008018295,1.7857142857142794,5.025895694551258,0.1009549795361528,0.887573964497057,3.2027988338192426,0.3051847680529911,0.2164533703165366,0.3448173569737772,714,0.01984126984126977,-0.029508513931888525,0.03634028044563964,0.08590977206404282,-0.049171169521018465,-0.004024943310657614,-0.007944514501891542,0.0405537897117193,0.06446665347318425,0.26330532212885155,0.19047619047619047,0.4887955182072829,0.49299719887955185,0.5928970739859929,191,0.26750700280112044,43,14.333333333333334,14.762942779291553,197,0.2759103641456583,32,10.666666666666666,10.986376021798364,142,0.19887955182072828,24,8.0,8.239782016348773,71,0.09943977591036414,16,5.333333333333333,5.493188010899182,8,0.03514949345193974,0.08363636363636373,0.26770538243626063,0.18980169971671387,36,0.03190391069604559,0.07802811078958255,0.2374631268436578,0.15634218289085547,False,3,True,PASS,0.5757575757575758,0.5,0.6439393939393939,0.5681818181818182,0.5303030303030303,0.5984848484848485,0.8712121212121212,0.6325757575757576,0.5964015151515152,2020-2022_ONLY,False
HISTORICAL_DISCOVERY,20200101,20221231,2409,友達,728,735,0.9904761904761905,7,0,16.825000000000003,1384274104.1,3.634363619190954,4.587278428632881,3.105590062111801,4.466779728651236,1.724137931034475,4.909697556775368,0.09628610729023383,0.8928571428571397,3.15608505504448,0.2685352632552698,0.20736252511127218,0.35306250947815165,708,0.01771031701579484,-0.026915446230849682,0.03584275436793416,0.08926704059321239,-0.040397324976655435,-0.003100842275297111,-0.00235579431057642,0.03812905390292992,0.05175877933725476,0.2627118644067797,0.211864406779661,0.4336158192090395,0.4350282485875706,0.5270355338028291,207,0.2923728813559322,40,13.333333333333334,13.846153846153847,200,0.2824858757062147,34,11.333333333333334,11.76923076923077,155,0.2189265536723164,29,9.666666666666666,10.038461538461538,89,0.12570621468926554,14,4.666666666666667,4.846153846153847,8,0.03508771929824572,0.08650803310613436,0.2742857142857143,0.21,36,0.03158129673027554,0.07662872841444263,0.24404761904761904,0.17708333333333334,False,3,True,PASS,0.6590909090909091,0.6893939393939394,0.6098484848484849,0.5984848484848485,0.5,0.5909090909090909,0.38636363636363635,0.48863636363636365,0.5926136363636363,2020-2022_ONLY,False
HISTORICAL_DISCOVERY,20200101,20221231,1760,寶齡富錦,733,735,0.9972789115646259,1,0,100.5,261710410.5,4.95764625839802,6.67303235253176,4.417670682730924,6.6932847082494975,1.9083969465648831,6.90235690235691,0.19151846785225718,0.8368200836819994,3.947383532852744,0.2717466120082085,0.217350192922267,0.3439517729459121,703,0.016949152542372836,-0.033775633293124385,0.03200000000000003,0.1095890410958904,-0.05292479108635095,-0.01132075471698124,-0.013106159895150737,0.0427553444180524,0.06390532544378702,0.26884779516358465,0.21906116642958748,0.49786628733997157,0.5078236130867709,0.4574500851922975,198,0.28165007112375534,37,12.333333333333334,12.720327421555254,221,0.31436699857752487,32,10.666666666666666,11.001364256480219,182,0.25889046941678523,29,9.666666666666666,9.969986357435198,117,0.16642958748221906,18,6.0,6.188267394270123,8,0.031187122736418438,0.10004971764132009,0.3064748201438849,0.2503597122302158,36,0.029368575624082238,0.08833330624055136,0.2773613193403298,0.21889055472263869,False,3,True,PASS,0.5833333333333334,0.6818181818181818,0.696969696969697,0.7803030303030303,0.3560606060606061,0.6212121212121212,0.03787878787878788,0.8939393939393939,0.5859848484848484,2020-2022_ONLY,False
HISTORICAL_DISCOVERY,20200101,20221231,3515,華擎,735,735,1.0,0,1,156.5,216084197.0,4.578821186671083,5.656636137920721,3.997649823736775,5.738256970769911,1.9354838709677358,5.614827260317122,0.1362397820163488,0.8817051049494706,3.363452928007541,0.25997392974063127,0.22571508344627203,0.34947074045017146,715,0.021943573667711602,-0.029268292682926855,0.03974895397489542,0.10078846193383906,-0.04597701149425293,-0.004901960784313708,-0.003154574132492094,0.04113924050632911,0.05633802816901412,0.2699300699300699,0.22237762237762237,0.45034965034965035,0.45314685314685316,0.44565306055316195,215,0.3006993006993007,43,14.333333333333334,14.742857142857142,214,0.2993006993006993,34,11.333333333333334,11.657142857142857,179,0.25034965034965034,26,8.666666666666666,8.914285714285715,116,0.16223776223776223,19,6.333333333333333,6.514285714285714,8,0.03875968992248069,0.09556470914267001,0.2913719943422914,0.24186704384724186,36,0.03592814371257491,0.0819400166331693,0.2621502209131075,0.2106038291605302,False,3,True,PASS,0.6363636363636364,0.5606060606060606,0.7310606060606061,0.696969696969697,0.6287878787878788,0.6363636363636364,0.022727272727272728,0.7840909090909091,0.5850378787878788,2020-2022_ONLY,False
HISTORICAL_DISCOVERY,20200101,20221231,6271,同欣電,721,735,0.9809523809523809,7,0,197.0,546201022.5,4.015364210198533,4.936814312808691,3.546099290780142,4.800736623880729,1.7738359201773912,4.8660198660198715,0.09735744089012517,0.9416195856873921,3.0548400693111093,0.28384499776649824,0.16963944499734324,0.30223996427306576,691,0.022312373225152227,-0.027707808564231717,0.04529616724738683,0.08501646321876,-0.043298969072164906,-0.004854368932038833,0.0,0.04166666666666663,0.05967450271247743,0.2532561505065123,0.1939218523878437,0.4384949348769899,0.4384949348769899,0.5321547180022956,210,0.30390738060781475,42,14.0,14.679611650485437,188,0.27206946454413894,33,11.0,11.533980582524272,140,0.20260492040520983,27,9.0,9.436893203883495,53,0.07670043415340087,12,4.0,4.194174757281553,7,0.04395945945945945,0.08294028540443776,0.2646198830409357,0.19444444444444445,35,0.04089232515250385,0.0757730141946234,0.23323170731707318,0.1600609756097561,False,3,True,PASS,0.6136363636363636,0.6212121212121212,0.48484848484848486,0.553030303030303,0.7424242424242424,0.5454545454545454,0.44696969696969696,0.6363636363636364,0.5837121212121213,2020-2022_ONLY,False
HISTORICAL_DISCOVERY,20200101,20221231,4927,泰鼎-KY,735,735,1.0,0,0,68.2,215056672.0,3.70760422490332,4.4935972709687215,3.161397670549083,4.493941361029971,1.5235457063711877,4.48512340507162,0.0761904761904762,0.6925207756232732,2.8981704027076094,0.29750255344344856,0.24102726470903132,0.38387495742682726,725,0.018156424581005748,-0.02342606149341131,0.03654970760233911,0.08571428571428563,-0.03806228373702414,-0.0037359900373599153,-0.006983240223463638,0.036363636363636376,0.055445544554455384,0.2620689655172414,0.19586206896551725,0.4013793103448276,0.40413793103448276,0.554609780774502,176,0.24275862068965517,39,13.0,13.37142857142857,199,0.27448275862068966,32,10.666666666666666,10.971428571428572,148,0.20413793103448277,27,9.0,9.257142857142858,68,0.09379310344827586,14,4.666666666666667,4.800000000000001,8,0.03543307086614189,0.08394698085419727,0.26638772663877264,0.19525801952580196,37,0.03166801258331631,0.07721864367903969,0.23546511627906977,0.1613372093023256,False,3,True,PASS,0.5454545454545454,0.5984848484848485,0.5757575757575758,0.5606060606060606,0.5378787878787878,0.5833333333333334,0.6439393939393939,0.5303030303030303,0.5734848484848485,2020-2022_ONLY,False
HISTORICAL_DISCOVERY,20200101,20221231,3324,雙鴻,735,735,1.0,0,0,178.5,442282000.0,3.9901262606226604,4.777651359204861,3.430079155672823,4.867141028209125,1.7738359201773801,5.017751479289938,0.10204081632653061,0.8474576271186418,2.9162512462612096,0.2922618652154059,0.19943042205267805,0.3440126903917555,725,0.02011494252873569,-0.02546296296296291,0.03498542274052485,0.0864745011086474,-0.03873239436619713,-0.0030864197530864335,-0.004524886877828038,0.03733333333333344,0.05882352941176472,0.263448275862069,0.18620689655172415,0.4027586206896552,0.4110344827586207,0.5423091552958443,192,0.26482758620689656,43,14.333333333333334,14.742857142857142,203,0.28,33,11.0,11.314285714285713,144,0.1986206896551724,28,9.333333333333334,9.600000000000001,61,0.08413793103448276,13,4.333333333333333,4.457142857142857,8,0.034574468085106336,0.08498583569405094,0.2719665271966527,0.1896792189679219,37,0.032290648419680656,0.07727272727272738,0.24127906976744187,0.1555232558139535,False,3,True,PASS,0.5984848484848485,0.6363636363636364,0.5151515151515151,0.5757575757575758,0.45454545454545453,0.6060606060606061,0.5075757575757576,0.6022727272727273,0.5717803030303031,2020-2022_ONLY,False
HISTORICAL_DISCOVERY,20200101,20221231,2606,裕民,735,735,1.0,0,0,40.85,268498710.5,3.6248777212819516,4.575227049287528,3.0534351145038165,4.752924566357404,1.477272727272727,4.755060225049076,0.08571428571428572,0.7029876977152849,3.2985125364056502,0.3370831790369804,0.2328918881765312,0.3594779713104206,725,0.01666666666666683,-0.023897058823529327,0.0370967741935484,0.08445297504798455,-0.037520391517128826,-0.0027932960893852776,0.0,0.03551912568306026,0.055464926590538366,0.2537931034482759,0.18482758620689654,0.3917241379310345,0.39448275862068966,0.5744202568674539,168,0.2317241379310345,35,11.666666666666666,12.0,199,0.27448275862068966,31,10.333333333333334,10.628571428571428,145,0.2,27,9.0,9.257142857142858,63,0.08689655172413793,15,5.0,5.142857142857142,8,0.035026269702276736,0.08372827804107419,0.26638772663877264,0.1910739191073919,37,0.03161970410516812,0.07809408166936488,0.23546511627906977,0.1569767441860465,False,3,True,PASS,0.4772727272727273,0.5984848484848485,0.625,0.5454545454545454,0.5606060606060606,0.5606060606060606,0.7575757575757576,0.4696969696969697,0.5708333333333333,2020-2022_ONLY,False
HISTORICAL_DISCOVERY,20200101,20221231,2455,全新,735,735,1.0,0,0,97.5,254598605.0,3.9505410065763615,4.60530497984359,3.454545454545452,4.678955598730041,1.7523364485981352,4.83344074471894,0.08979591836734693,0.8583690987124415,2.9585804299481056,0.31684748633629445,0.1950579902823956,0.3384726433762155,725,0.019607843137254832,-0.02665121668597914,0.03819444444444442,0.08071135430916554,-0.04633204633204635,-0.004149377593360981,-0.0033370411568410807,0.03971119133574008,0.06276150627615062,0.2482758620689655,0.1724137931034483,0.4703448275862069,0.47448275862068967,0.5745164214135465,186,0.25655172413793104,40,13.333333333333334,13.714285714285714,188,0.2593103448275862,35,11.666666666666666,12.0,130,0.1793103448275862,25,8.333333333333334,8.571428571428573,50,0.06896551724137931,10,3.3333333333333335,3.4285714285714284,8,0.03755868544600949,0.0803571428571428,0.2510460251046025,0.1701534170153417,37,0.033993783993784055,0.07226756657772193,0.2194767441860465,0.13517441860465115,False,3,True,PASS,0.6704545454545454,0.5227272727272727,0.3333333333333333,0.48484848484848486,0.5833333333333334,0.5151515151515151,0.7651515151515151,0.6060606060606061,0.5613636363636364,2020-2022_ONLY,False
HISTORICAL_DISCOVERY,20200101,20221231,3533,嘉澤,735,735,1.0,0,0,550.0,427624209.0,3.741629273646814,4.2673722256246425,3.2128514056224895,4.436665399154495,1.546391752577314,4.160310756531582,0.050340136054421766,0.7518796992481258,2.8091854597878627,0.2693474924619624,0.17727807865164558,0.297726470536662,725,0.02187500000000009,-0.021956087824351322,0.04007285974499086,0.09090909090909083,-0.03506907545164717,0.001315789473684159,0.004405286343612369,0.033880903490759784,0.05154639175257736,0.2689655172413793,0.2096551724137931,0.3641379310344828,0.36551724137931035,0.5073499596533035,188,0.2593103448275862,42,14.0,14.4,204,0.2813793103448276,31,10.333333333333334,10.628571428571428,157,0.21655172413793103,28,9.333333333333334,9.600000000000001,47,0.06482758620689655,12,4.0,4.114285714285715,8,0.039617486338797914,0.08823529411764697,0.2733612273361227,0.20781032078103207,37,0.036831504090105605,0.07817160574068538,0.24273255813953487,0.1744186046511628,False,3,True,PASS,0.4772727272727273,0.6363636363636364,0.4621212121212121,0.6136363636363636,0.6439393939393939,0.6287878787878788,0.2727272727272727,0.5568181818181819,0.5433712121212121,2020-2022_ONLY,False
HISTORICAL_DISCOVERY,20200101,20221231,2618,長榮航,735,735,1.0,0,0,18.35,921967224.75,3.6017836134886356,4.692794649205003,2.9925187032418843,4.625594016252839,1.449275362318847,4.948229895373029,0.09931972789115646,0.7363770250368162,3.563870967741937,0.28760970020144605,0.21664131141462395,0.3471003648218446,725,0.021857923497267784,-0.018181818181818077,0.039877300613496924,0.08309455587392556,-0.026905829596412634,0.0,0.007211538461538325,0.032863849765258246,0.051181102362204633,0.2496551724137931,0.18482758620689654,0.3310344827586207,0.3351724137931035,0.5408449292144945,179,0.24689655172413794,36,12.0,12.342857142857142,192,0.26482758620689656,32,10.666666666666666,10.971428571428572,140,0.19310344827586207,24,8.0,8.22857142857143,76,0.10482758620689656,15,5.0,5.142857142857142,8,0.039215686274509665,0.08190476190476192,0.25662482566248257,0.18410041841004185,37,0.03626160324342931,0.07514763779527556,0.22529069767441862,0.14970930232558138,False,3,True,PASS,0.5454545454545454,0.48484848484848486,0.625,0.5227272727272727,0.6363636363636364,0.5227272727272727,0.48484848484848486,0.4393939393939394,0.5333333333333333,2020-2022_ONLY,False
HISTORICAL_DISCOVERY,20200101,20221231,6488,環球晶,735,735,1.0,0,0,531.0,1564656000.0,3.500143059428642,4.391838021243935,3.0026109660574414,4.19582699413171,1.5555555555555545,4.574884185414297,0.0761904761904762,0.8474576271186418,3.559834622157566,0.3058618840308546,0.22495174612858848,0.3581307472287283,725,0.01919720767888311,-0.023510971786833812,0.03386454183266929,0.07833333333333337,-0.03800217155266017,-0.0024691358024691024,-0.001103752759381904,0.037084398976982014,0.05680317040951133,0.23310344827586207,0.15310344827586206,0.4220689655172414,0.4262068965517241,0.5982373302545877,165,0.22758620689655173,37,12.333333333333334,12.685714285714285,178,0.24551724137931036,32,10.666666666666666,10.971428571428572,116,0.16,26,8.666666666666666,8.914285714285715,42,0.057931034482758624,12,4.0,4.114285714285715,8,0.033653846153846256,0.07726597325408613,0.23709902370990238,0.1506276150627615,37,0.030812385370590056,0.07131592669845055,0.20494186046511628,0.11482558139534883,True,3,True,PASS,0.5454545454545454,0.5606060606060606,0.4621212121212121,0.44696969696969696,0.4090909090909091,0.45075757575757575,0.8939393939393939,0.41666666666666663,0.5306818181818181,2020-2022_ONLY,False
HISTORICAL_DISCOVERY,20200101,20221231,2610,華航,735,735,1.0,0,0,17.0,926017712.1,3.652424006771505,4.629743127767587,2.952029520295205,4.573035487959444,1.4705882352941013,5.149453720882295,0.10612244897959183,0.7448789571694592,3.4362535888880203,0.30509338427659977,0.21390675337303078,0.3522437259998185,725,0.020408163265306145,-0.01972386587771202,0.03867403314917128,0.09102730819245775,-0.030303030303030387,0.0011086474501107446,0.003816793893129722,0.03626943005181338,0.04982206405693934,0.2827586206896552,0.2110344827586207,0.3586206896551724,0.3627586206896552,0.533704690510622,192,0.26482758620689656,39,13.0,13.37142857142857,210,0.2896551724137931,29,9.666666666666666,9.942857142857141,157,0.21655172413793103,25,8.333333333333334,8.571428571428573,85,0.11724137931034483,14,4.666666666666667,4.800000000000001,8,0.03766478342749524,0.08860759493670867,0.28172942817294283,0.20781032078103207,37,0.034909109373413294,0.08051187980433266,0.251453488372093,0.1744186046511628,False,3,True,PASS,0.39015151515151514,0.5227272727272727,0.5757575757575758,0.6212121212121212,0.5984848484848485,0.6590909090909091,0.4696969696969697,0.4356060606060606,0.5278409090909091,2020-2022_ONLY,False
HISTORICAL_DISCOVERY,20200101,20221231,2345,智邦,735,735,1.0,0,0,252.5,784581457.5,3.965268466904238,4.456867039593701,3.3674963396778916,4.496305088639583,1.6018306636155666,4.720190779014309,0.08707482993197278,0.8888888888888946,2.928670428670428,0.24310893843543188,0.16923400059085542,0.30803960582668444,725,0.02499999999999991,-0.02006688963210701,0.04066985645933019,0.08731808731808721,-0.04008908685968815,0.002192982456140413,0.003831417624521105,0.035820895522387985,0.0505050505050505,0.2537931034482759,0.19310344827586207,0.4,0.4068965517241379,0.4742722094631099,202,0.2786206896551724,46,15.333333333333334,15.771428571428572,196,0.27034482758620687,33,11.0,11.314285714285713,148,0.20413793103448277,25,8.333333333333334,8.571428571428573,59,0.08137931034482758,13,4.333333333333333,4.457142857142857,8,0.040000000000000036,0.08522727272727271,0.26220362622036264,0.19525801952580196,37,0.03810570859608364,0.07542735042735044,0.2311046511627907,0.1613372093023256,False,3,True,PASS,0.5984848484848485,0.5227272727272727,0.5151515151515151,0.5833333333333334,0.6590909090909091,0.5606060606060606,0.10606060606060606,0.5909090909090909,0.5253787878787879,2020-2022_ONLY,False
HISTORICAL_DISCOVERY,20200101,20221231,2303,聯電,735,735,1.0,0,0,46.05,4736772896.0,3.1904608505524843,4.166279328883599,2.5270758122743655,3.674327268264249,1.5100671140939603,4.22982338475296,0.0653061224489796,1.0101010101010166,3.478666890704151,0.29843126593027625,0.2159118907869184,0.3661731436393405,725,0.021052631578947434,-0.02264150943396237,0.03555555555555556,0.081168831168831,-0.03448275862068961,0.001865671641791078,0.007843137254901933,0.03189792663476876,0.0497787610619469,0.25103448275862067,0.1889655172413793,0.3489655172413793,0.3503448275862069,0.6229107306257725,179,0.24689655172413794,34,11.333333333333334,11.657142857142857,185,0.25517241379310346,31,10.333333333333334,10.628571428571428,140,0.19310344827586207,23,7.666666666666667,7.885714285714286,68,0.09379310344827586,14,4.666666666666667,4.800000000000001,8,0.03511705685618738,0.07940446650124078,0.24686192468619247,0.18410041841004185,37,0.03134523885335838,0.0706884210287117,0.21511627906976744,0.14970930232558138,False,3,True,PASS,0.4772727272727273,0.44696969696969696,0.5757575757575758,0.49242424242424243,0.4772727272727273,0.5303030303030303,0.9545454545454546,0.17803030303030304,0.5214015151515152,2020-2022_ONLY,False
HISTORICAL_DISCOVERY,20200101,20221231,2637,慧洋-KY,735,735,1.0,0,0,58.0,396259045.0,3.7366591214895406,4.839831182432318,2.880658436213989,4.746824628353359,1.4571948998178597,5.222554365679005,0.10884353741496598,0.669344042838016,3.3846936181032246,0.299626098462049,0.22697109294359225,0.380910352843312,725,0.019736842105263053,-0.018918918918918948,0.03786816269284721,0.08839779005524862,-0.03589743589743588,0.001776198934280604,0.0021834061135370675,0.034343434343434454,0.047826086956521796,0.24,0.19724137931034483,0.34620689655172415,0.34620689655172415,0.5250166574925527,188,0.2593103448275862,35,11.666666666666666,12.0,198,0.2731034482758621,31,10.333333333333334,10.628571428571428,158,0.21793103448275863,27,9.0,9.257142857142858,68,0.09379310344827586,13,4.333333333333333,4.457142857142857,8,0.03608247422680422,0.08405172413793105,0.2649930264993027,0.20920502092050208,37,0.034104048220137795,0.07265403136189652,0.23401162790697674,0.17587209302325582,False,3,True,PASS,0.4772727272727273,0.5984848484848485,0.5151515151515151,0.5909090909090909,0.5757575757575758,0.4810606060606061,0.36363636363636365,0.43560606060606055,0.5191287878787878,2020-2022_ONLY,False
HISTORICAL_DISCOVERY,20200101,20221231,6182,合晶,735,735,1.0,0,0,45.2,510090000.0,3.7740235826640163,4.737717498324047,3.1019202363367926,4.518950437317797,1.557093425605538,5.274928767077983,0.10748299319727891,0.9411764705882231,3.467599874174264,0.2980147925264262,0.1977979885355041,0.35042107142537515,725,0.020994475138121693,-0.023323615160349753,0.03875968992248069,0.08139534883720922,-0.03790087463556846,0.0021551724137931494,0.0014513788098693414,0.037190082644628086,0.06005586592178769,0.2386206896551724,0.18620689655172415,0.4303448275862069,0.4303448275862069,0.6122443799225943,172,0.23724137931034484,39,13.0,13.37142857142857,184,0.2537931034482759,28,9.333333333333334,9.600000000000001,144,0.1986206896551724,23,7.666666666666667,7.885714285714286,64,0.08827586206896551,13,4.333333333333333,4.457142857142857,8,0.03799019607843146,0.0780780780780781,0.24546722454672246,0.1896792189679219,37,0.034380900244668,0.06986832786040831,0.2136627906976744,0.1555232558139535,False,3,True,PASS,0.3560606060606061,0.44696969696969696,0.5151515151515151,0.5,0.6060606060606061,0.4696969696969697,0.9318181818181818,0.5378787878787878,0.5147727272727273,2020-2022_ONLY,False
HISTORICAL_DISCOVERY,20200101,20221231,3374,精材,735,735,1.0,0,0,128.0,568172000.0,4.169947585822858,5.20123556629482,3.486924034869237,5.004173622704508,1.7985611510791366,5.477832512315275,0.11972789115646258,0.9345794392523255,3.7101839586641248,0.2801474407690317,0.19486159828762378,0.326809561576403,725,0.019323671497584627,-0.025675675675675746,0.03623188405797095,0.08333333333333326,-0.0431034482758621,-0.0012195121951218413,-0.003658536585365857,0.04029304029304026,0.054216867469879526,0.24551724137931036,0.1889655172413793,0.43586206896551727,0.4386206896551724,0.49169063360664594,201,0.2772413793103448,46,15.333333333333334,15.771428571428572,191,0.263448275862069,32,10.666666666666666,10.971428571428572,147,0.20275862068965517,25,8.333333333333334,8.571428571428573,85,0.11724137931034483,18,6.0,6.171428571428571,8,0.03581267217630857,0.08058608058608052,0.25523012552301255,0.19386331938633194,37,0.03411593912695243,0.07278869778869784,0.2238372093023256,0.15988372093023256,False,3,True,PASS,0.5454545454545454,0.5227272727272727,0.678030303030303,0.5303030303030303,0.5151515151515151,0.5,0.18181818181818182,0.6363636363636364,0.5125,2020-2022_ONLY,False
HISTORICAL_DISCOVERY,20200101,20221231,8016,矽創,735,735,1.0,0,1,183.0,391286415.0,3.696904672063724,4.55391366663558,3.225806451612903,4.568922305764412,1.7064846416382284,4.605261829015812,0.08719346049046321,0.8610931236128383,3.125,0.2900696557942933,0.23966865454308026,0.3658087255097806,715,0.019157088122605304,-0.024539877300613466,0.035019455252918386,0.08250903028619061,-0.03813559322033899,0.0,0.003454231433505983,0.03603603603603611,0.05427631578947367,0.24055944055944056,0.17762237762237762,0.43216783216783217,0.43216783216783217,0.5320740207816202,181,0.25314685314685315,38,12.666666666666666,13.028571428571428,186,0.2601398601398601,30,10.0,10.285714285714285,135,0.1888111888111888,27,9.0,9.257142857142858,65,0.09090909090909091,14,4.666666666666667,4.800000000000001,8,0.034482758620689724,0.08000000000000007,0.25176803394625175,0.17963224893917965,36,0.03253424657534243,0.07216580066131317,0.22091310751104565,0.14580265095729014,False,3,True,PASS,0.42803030303030304,0.5984848484848485,0.5757575757575758,0.5075757575757576,0.4621212121212121,0.49242424242424243,0.4393939393939394,0.5492424242424243,0.5058712121212121,2020-2022_ONLY,False
HISTORICAL_DISCOVERY,20200101,20221231,3413,京鼎,735,735,1.0,0,0,206.0,228535320.0,3.5238185885887208,4.359865559388199,2.9702970297029703,4.2323768044677035,1.5915119363395291,4.297880361212495,0.0707482993197279,0.7792207792207684,3.1022196542924574,0.3013112317337608,0.19102315147877064,0.3089873305011897,725,0.018099547511312153,-0.02208201892744477,0.03571428571428581,0.08376963350785349,-0.038123167155425186,-0.0020746887966804906,0.0,0.03669724770642202,0.052238805970149294,0.2524137931034483,0.17103448275862068,0.4013793103448276,0.4096551724137931,0.5561518173480213,173,0.2386206896551724,38,12.666666666666666,13.028571428571428,193,0.26620689655172414,31,10.333333333333334,10.628571428571428,130,0.1793103448275862,23,7.666666666666667,7.885714285714286,46,0.06344827586206897,11,3.6666666666666665,3.7714285714285714,8,0.03504043126684642,0.08179959100204504,0.2580195258019526,0.1701534170153417,37,0.03233273596176822,0.07367028038062029,0.22674418604651161,0.13517441860465115,False,3,True,PASS,0.4772727272727273,0.44696969696969696,0.3977272727272727,0.5378787878787878,0.48484848484848486,0.5378787878787878,0.6666666666666666,0.4128787878787879,0.49488636363636357,2020-2022_ONLY,False
HISTORICAL_DISCOVERY,20200101,20221231,1795,美時,735,735,1.0,0,0,93.2,225996629.0,4.3282214564134165,5.690912585856761,3.5294117647058822,5.630754222303514,1.589242053789719,5.1588926810769795,0.10748299319727891,0.7042253521126751,3.0382426888977068,0.27938285217861186,0.2272367554212709,0.3775754891902151,725,0.018094089264173663,-0.02506265664160401,0.03370786516853941,0.09322033898305104,-0.040000000000000036,-0.005767012687427964,-0.0037359900373599153,0.03818369453044379,0.05414364640883984,0.25655172413793104,0.2082758620689655,0.4096551724137931,0.416551724137931,0.48511552318973533,191,0.263448275862069,38,12.666666666666666,13.028571428571428,206,0.28413793103448276,29,9.666666666666666,9.942857142857141,164,0.22620689655172413,26,8.666666666666666,8.914285714285715,111,0.15310344827586206,16,5.333333333333333,5.485714285714286,8,0.03325688073394484,0.09124087591240881,0.27615062761506276,0.2175732217573222,37,0.030552378803341607,0.07684470184470205,0.24563953488372092,0.18459302325581395,False,3,True,PASS,0.39015151515151514,0.5606060606060606,0.6363636363636364,0.6439393939393939,0.4015151515151515,0.5757575757575758,0.13636363636363635,0.6590909090909091,0.4946969696969697,2020-2022_ONLY,False
HISTORICAL_DISCOVERY,20200101,20221231,6278,台表科,735,735,1.0,0,0,112.5,514122525.0,3.936329956722595,4.643114034622557,3.4334763948497855,4.8002707101306825,1.459034792368119,4.66753760091112,0.08707482993197278,0.8403361344537785,3.031377924751391,0.3026332328188637,0.21662150818735587,0.3648308735564958,725,0.02145922746781115,-0.02573529411764708,0.03896103896103886,0.07943925233644866,-0.03984063745019917,0.0,0.0,0.037135278514588865,0.056152927120669105,0.23586206896551723,0.15862068965517243,0.42344827586206896,0.4303448275862069,0.517175965598924,171,0.23586206896551723,41,13.666666666666666,14.057142857142857,181,0.2496551724137931,34,11.333333333333334,11.657142857142857,122,0.16827586206896553,22,7.333333333333333,7.542857142857143,48,0.06620689655172414,10,3.3333333333333335,3.4285714285714284,8,0.038297872340425476,0.07762557077625565,0.2412831241283124,0.1589958158995816,37,0.03530342249065288,0.06956418081251187,0.20930232558139536,0.12354651162790697,True,3,True,PASS,0.6363636363636364,0.4015151515151515,0.3333333333333333,0.4621212121212121,0.6136363636363636,0.4621212121212121,0.3409090909090909,0.5946969696969697,0.4816287878787879,2020-2022_ONLY,False
HISTORICAL_DISCOVERY,20200101,20221231,2344,華邦電,735,735,1.0,0,0,24.05,746777546.4000001,3.5923645577862575,4.384162963807175,2.9827315541601234,4.210807259587746,1.7191977077363862,4.579426365140658,0.08027210884353742,0.9478672985782088,3.2353739649789532,0.2613461698794281,0.1925316445273671,0.3403152531201172,725,0.020179372197309364,-0.026717557251908386,0.033280507131537185,0.07853403141361248,-0.040000000000000036,-0.0016420361247947435,-0.0018450184501844769,0.03321033210332103,0.05035971223021585,0.2317241379310345,0.16689655172413792,0.41517241379310343,0.416551724137931,0.5339112490227497,175,0.2413793103448276,40,13.333333333333334,13.714285714285714,178,0.24551724137931036,32,10.666666666666666,10.971428571428572,128,0.17655172413793102,25,8.333333333333334,8.571428571428573,64,0.08827586206896551,12,4.0,4.114285714285715,8,0.03296703296703285,0.07621951219512191,0.23709902370990238,0.16736401673640167,37,0.030595340682851413,0.07072006900197553,0.20494186046511628,0.13226744186046513,True,3,True,PASS,0.5454545454545454,0.5227272727272727,0.4621212121212121,0.45454545454545453,0.3939393939393939,0.4393939393939394,0.4772727272727273,0.4318181818181818,0.4806818181818182,2020-2022_ONLY,False
HISTORICAL_DISCOVERY,20200101,20221231,5483,中美晶,734,735,0.998639455782313,1,0,158.5,1045895100.0,3.6456498909755344,4.264768905556143,3.0054644808743167,4.276315789473684,1.4689265536723117,4.166666666666674,0.07503410641200546,0.8902077151335286,2.920432394116605,0.3125235810741644,0.2232522464714074,0.39031437629447785,714,0.019635382242784716,-0.02123151821132352,0.03942732799115778,0.07964083645934789,-0.03198308783415166,0.0,0.005866363886595116,0.03509834368530018,0.053992330236328545,0.24789915966386555,0.1722689075630252,0.36554621848739494,0.36834733893557425,0.5680943521818166,170,0.23809523809523808,38,12.666666666666666,13.046321525885558,178,0.24929971988795518,29,9.666666666666666,9.956403269754768,124,0.17366946778711484,22,7.333333333333333,7.553133514986376,36,0.05042016806722689,9,3.0,3.0899182561307903,8,0.03846153846153855,0.07662563427927088,0.24079320113314448,0.1643059490084986,36,0.03651355988692895,0.07026710551300713,0.20943952802359883,0.12979351032448377,True,3,True,PASS,0.4090909090909091,0.42424242424242425,0.30303030303030304,0.4696969696969697,0.6212121212121212,0.5075757575757576,0.7196969696969697,0.46590909090909094,0.4755681818181819,2020-2022_ONLY,False
HISTORICAL_DISCOVERY,20200101,20221231,2454,聯發科,735,735,1.0,0,0,733.0,5217823002.0,3.111627760747324,3.711200319034749,2.553191489361702,3.5389021391802418,1.4084507042253502,4.395989822502011,0.06938775510204082,0.9345794392523366,3.529206473847228,0.27949766919032587,0.23234935154266698,0.3645649698242112,725,0.019867549668874274,-0.02048192771084334,0.036020583190394584,0.07499999999999996,-0.030000000000000027,0.0,0.0050167224080268635,0.03289473684210531,0.047732696897374804,0.22758620689655173,0.17517241379310344,0.33379310344827584,0.3351724137931035,0.5911974941444478,154,0.21241379310344827,38,12.666666666666666,13.028571428571428,173,0.2386206896551724,31,10.333333333333334,10.628571428571428,132,0.1820689655172414,22,7.333333333333333,7.542857142857143,55,0.07586206896551724,12,4.0,4.114285714285715,8,0.0355603448275863,0.072933549432739,0.2301255230125523,0.17294281729428174,37,0.03406005450408778,0.0666529836514903,0.19767441860465115,0.1380813953488372,False,3,True,PASS,0.4772727272727273,0.4015151515151515,0.4621212121212121,0.3787878787878788,0.5075757575757576,0.4166666666666667,0.8409090909090909,0.16666666666666669,0.46363636363636374,2020-2022_ONLY,False
HISTORICAL_DISCOVERY,20200101,20221231,3481,群創,728,735,0.9904761904761905,7,0,13.225,1468330213.675,3.5653362851568717,4.618930399004196,3.058103975535179,4.3360752056404275,1.552795031055898,4.803076923076921,0.09353507565337002,0.8955223880596996,3.3465355153203418,0.28784773702934685,0.2213146853635613,0.3624177372789851,708,0.015464328417696294,-0.02607076350093107,0.02617801047120416,0.0782566713483146,-0.04295967190704025,-0.005805527468823735,-0.007585444130470909,0.036182443773078166,0.05364521841794562,0.23163841807909605,0.17937853107344634,0.422316384180791,0.4251412429378531,0.5547263177938053,185,0.2612994350282486,38,12.666666666666666,13.153846153846155,174,0.2457627118644068,31,10.333333333333334,10.730769230769232,136,0.192090395480226,23,7.666666666666667,7.961538461538462,82,0.11581920903954802,13,4.333333333333333,4.5,8,0.02595531269882856,0.07574252956576694,0.23714285714285716,0.18285714285714286,36,0.024496450876818954,0.0674157303370786,0.20535714285714285,0.1488095238095238,False,3,True,PASS,0.5151515151515151,0.4696969696969697,0.5454545454545454,0.4393939393939394,0.09848484848484848,0.4318181818181818,0.6515151515151515,0.45833333333333337,0.45852272727272736,2020-2022_ONLY,False
HISTORICAL_DISCOVERY,20200101,20221231,6669,緯穎,735,735,1.0,0,0,826.0,709109320.0,3.8344218675543504,4.453288452816849,3.1903190319031904,4.393342908712785,1.620370370370372,4.446246735569435,0.07755102040816327,0.8206330597889888,3.210237441832716,0.25530939076929027,0.17812393150852668,0.29960902637279413,725,0.020547945205479534,-0.02460202604920403,0.04196642685851315,0.07617896009673508,-0.035308953341740223,0.0010183299389001643,0.003370786516853963,0.03482587064676612,0.04940119760479034,0.2082758620689655,0.13793103448275862,0.3737931034482759,0.37517241379310345,0.4896698480903919,199,0.27448275862068966,44,14.666666666666666,15.085714285714285,160,0.2206896551724138,34,11.333333333333334,11.657142857142857,103,0.14206896551724138,22,7.333333333333333,7.542857142857143,41,0.05655172413793103,11,3.6666666666666665,3.7714285714285714,8,0.04100227790432798,0.07291666666666674,0.21199442119944212,0.13249651324965134,37,0.0383418452579829,0.06880394434196446,0.17877906976744187,0.09593023255813954,True,3,True,PASS,0.6363636363636364,0.4015151515151515,0.3977272727272727,0.4090909090909091,0.6742424242424242,0.32954545454545453,0.16666666666666666,0.5606060606060606,0.4537878787878788,2020-2022_ONLY,False
HISTORICAL_DISCOVERY,20200101,20221231,1605,華新,735,735,1.0,0,0,25.75,357076297.35,3.3778966413616414,4.4411446745992125,2.819548872180451,4.107580444301619,1.3452914798206317,4.522875816993462,0.08299319727891157,0.7042253521126751,3.150432654708747,0.28448732524639714,0.22088408042971372,0.3682708476341358,725,0.01780415430267035,-0.018018018018018056,0.03148614609571787,0.0827679782903663,-0.028955532574974074,0.0,0.005449591280653809,0.030120481927710774,0.04444444444444451,0.2537931034482759,0.1986206896551724,0.27034482758620687,0.2731034482758621,0.49846865635839416,174,0.24,33,11.0,11.314285714285713,190,0.2620689655172414,30,10.0,10.285714285714285,147,0.20275862068965517,26,8.666666666666666,8.914285714285715,75,0.10344827586206896,13,4.333333333333333,4.457142857142857,8,0.03081232492997188,0.08042895442359255,0.25383542538354253,0.19386331938633194,37,0.028571428571428692,0.07027957922590417,0.22238372093023256,0.15988372093023256,False,3,True,PASS,0.42803030303030304,0.5606060606060606,0.5151515151515151,0.5151515151515151,0.3181818181818182,0.5606060606060606,0.19696969696969696,0.3143939393939394,0.44981060606060613,2020-2022_ONLY,False
HISTORICAL_DISCOVERY,20200101,20221231,3034,聯詠,735,735,1.0,0,1,321.5,2007802691.0,3.4312500533611963,4.1324875287783165,2.905770529769372,3.9215686274509802,1.5549091458577302,4.071559043021178,0.05858310626702997,0.8569036919552353,3.068324155696832,0.2975429690594473,0.2515973326947259,0.39589497685515507,715,0.02063492063492056,-0.02108433734939763,0.03579418344519025,0.07622576435495898,-0.033373063170440975,0.0019379844961240345,0.0051679586563306845,0.03442340791738374,0.05263157894736836,0.22797202797202798,0.17902097902097902,0.35384615384615387,0.35384615384615387,0.5727763586956784,164,0.22937062937062938,37,12.333333333333334,12.685714285714285,168,0.23496503496503496,29,9.666666666666666,9.942857142857141,131,0.18321678321678322,21,7.0,7.2,51,0.07132867132867132,13,4.333333333333333,4.457142857142857,8,0.03571428571428581,0.07538908898655128,0.2263083451202263,0.173974540311174,36,0.033434650455927084,0.0690728228228229,0.19440353460972018,0.13991163475699558,False,3,True,PASS,0.39015151515151514,0.3484848484848485,0.5151515151515151,0.4166666666666667,0.49242424242424243,0.42424242424242425,0.75,0.3409090909090909,0.44545454545454544,2020-2022_ONLY,False
HISTORICAL_DISCOVERY,20200101,20221231,2379,瑞昱,735,735,1.0,0,0,396.0,1161394225.0,3.349568087873648,4.015980419365378,2.9504741833508956,3.875253868817758,1.415929203539823,3.9482370910942386,0.055782312925170066,0.8726003490401313,2.824406779661018,0.32091134151828576,0.246446047964893,0.3961289722115737,725,0.020280811232449292,-0.02092050209205021,0.034912718204488824,0.0751565762004176,-0.03479125248508941,0.0021097046413502962,0.00496277915632759,0.03296703296703307,0.05339105339105332,0.21379310344827587,0.1393103448275862,0.3793103448275862,0.3820689655172414,0.5722379688800874,164,0.22620689655172413,38,12.666666666666666,13.028571428571428,161,0.22206896551724137,31,10.333333333333334,10.628571428571428,105,0.14482758620689656,23,7.666666666666667,7.885714285714286,41,0.05655172413793103,8,2.6666666666666665,2.742857142857143,8,0.034220532319391594,0.07421875,0.21338912133891214,0.13528591352859135,37,0.032787864309603454,0.06690057380131115,0.18023255813953487,0.09883720930232558,True,3,True,PASS,0.4772727272727273,0.44696969696969696,0.22348484848484848,0.38636363636363635,0.4393939393939394,0.3560606060606061,0.7424242424242424,0.3446969696969697,0.4361742424242424,2020-2022_ONLY,False
HISTORICAL_DISCOVERY,20200101,20221231,6116,彩晶,735,735,1.0,0,0,12.2,280229925.56,3.518491012339072,4.414149498084918,2.9310344827586348,4.25770441751741,1.465201465201471,4.424419050540678,0.07891156462585033,0.819672131147553,2.972065063649227,0.28882904734460135,0.2167607965364861,0.3482150140542871,725,0.017316017316017396,-0.02400000000000002,0.030627871362940207,0.07792207792207795,-0.036809815950920366,-0.0031250000000000444,-0.0028985507246377384,0.03389830508474567,0.04918032786885229,0.23310344827586207,0.19034482758620688,0.38068965517241377,0.383448275862069,0.5306039661227516,167,0.2303448275862069,36,12.0,12.342857142857142,174,0.24,31,10.333333333333334,10.628571428571428,140,0.19310344827586207,24,8.0,8.22857142857143,76,0.10482758620689656,11,3.6666666666666665,3.7714285714285714,8,0.02991452991453003,0.0741839762611276,0.2315202231520223,0.18410041841004185,37,0.028423176175681686,0.06815750493745892,0.19912790697674418,0.14970930232558138,False,3,True,PASS,0.4772727272727273,0.48484848484848486,0.3977272727272727,0.4318181818181818,0.29545454545454547,0.45075757575757575,0.4318181818181818,0.3787878787878788,0.4337121212121212,2020-2022_ONLY,False
HISTORICAL_DISCOVERY,20200101,20221231,2371,大同,735,735,1.0,0,0,27.4,318467433.6,3.1623343775801156,4.063966642861989,2.6365348399246678,3.9587531112954855,1.1450381679389388,3.9531528728739715,0.07210884353741497,0.5076142131979822,2.362022694787205,0.3137853194429172,0.19701841555618238,0.3068426405111139,725,0.01579778830963674,-0.019639934533551617,0.030000000000000027,0.07725321888412018,-0.032531824611032545,-0.003968253968253843,-0.0014598540145984717,0.032786885245901565,0.04819277108433728,0.22206896551724137,0.17103448275862068,0.33793103448275863,0.3393103448275862,0.5780273451116725,169,0.23310344827586207,33,11.0,11.314285714285713,174,0.24,28,9.333333333333334,9.600000000000001,137,0.1889655172413793,20,6.666666666666667,6.857142857142857,71,0.09793103448275862,14,4.666666666666667,4.800000000000001,8,0.02933985330073363,0.07455012853470433,0.2315202231520223,0.1799163179916318,37,0.026726242602765238,0.06831506969404749,0.19912790697674418,0.14534883720930233,False,3,True,PASS,0.3560606060606061,0.26515151515151514,0.5757575757575758,0.42424242424242425,0.26515151515151514,0.39015151515151514,0.7878787878787878,0.1893939393939394,0.39924242424242423,2020-2022_ONLY,False
HISTORICAL_DISCOVERY,20200101,20221231,8436,大江,735,735,1.0,0,0,213.0,235620000.0,3.5065555833612447,4.298898559451482,2.9612756264236904,4.232817399094212,1.4423076923076872,4.776737967914442,0.08843537414965986,0.6772009029345272,2.674583481035089,0.3071400619923073,0.2345371026349405,0.39002752990841427,725,0.016393442622950838,-0.025547445255474477,0.026960784313725394,0.07553956834532372,-0.04516129032258065,-0.007843137254901933,-0.009933774834437137,0.03654485049833878,0.05555555555555558,0.21793103448275863,0.16,0.46482758620689657,0.46482758620689657,0.5932649114589397,156,0.21517241379310345,36,12.0,12.342857142857142,166,0.2289655172413793,26,8.666666666666666,8.914285714285715,123,0.1696551724137931,24,8.0,8.22857142857143,46,0.06344827586206897,10,3.3333333333333335,3.4285714285714284,8,0.02620967741935476,0.07435897435897432,0.2203626220362622,0.1603905160390516,37,0.023640661938534313,0.0669952693660329,0.1875,0.125,True,3,True,PASS,0.25,0.48484848484848486,0.3333333333333333,0.4015151515151515,0.12878787878787878,0.3712121212121212,0.8787878787878788,0.3939393939393939,0.39810606060606063,2020-2022_ONLY,False
HISTORICAL_DISCOVERY,20200101,20221231,5871,中租-KY,735,735,1.0,0,0,193.0,655206931.5,2.829842429071239,3.4562259730030394,2.4096385542168677,3.211363974416185,1.2690355329949332,3.7269007810869947,0.04217687074829932,0.6787330316742057,2.5730458951935415,0.3117313868439943,0.21609047062995146,0.35837114203958953,725,0.02238805970149249,-0.014778325123152691,0.0378250591016549,0.0714285714285714,-0.024539877300613466,0.005952380952380931,0.011792452830188704,0.029498525073746285,0.04761904761904767,0.20413793103448277,0.14758620689655172,0.2979310344827586,0.2979310344827586,0.6249262995094661,163,0.22482758620689655,35,11.666666666666666,12.0,150,0.20689655172413793,27,9.0,9.257142857142858,108,0.1489655172413793,21,7.0,7.2,33,0.04551724137931035,9,3.0,3.0857142857142854,8,0.037553648068669565,0.07073170731707323,0.19804741980474197,0.1394700139470014,37,0.03610754563141283,0.06630516838853084,0.16424418604651161,0.10319767441860465,True,3,True,PASS,0.3143939393939394,0.3484848484848485,0.2803030303030303,0.30303030303030304,0.5681818181818182,0.29924242424242425,0.9696969696969697,0.11363636363636363,0.39545454545454545,2020-2022_ONLY,False
HISTORICAL_DISCOVERY,20200101,20221231,1513,中興電,735,735,1.0,0,0,48.75,295780699.2,3.3042886924445063,4.091895480568406,2.758620689655175,3.9848771266540686,1.1312217194570096,4.239849036959924,0.06394557823129252,0.5464480874316946,2.270692024648654,0.3508306474206519,0.24589178833031197,0.40034604075834646,725,0.016717325227963764,-0.015479876160990558,0.03416149068322971,0.0796645702306078,-0.0248508946322068,0.003030303030303161,0.010706638115631772,0.0295918367346939,0.04799999999999993,0.24,0.15586206896551724,0.3020689655172414,0.3062068965517241,0.5502363128692966,169,0.23310344827586207,35,11.666666666666666,12.0,178,0.24551724137931036,28,9.333333333333334,9.600000000000001,116,0.16,20,6.666666666666667,6.857142857142857,48,0.06620689655172414,10,3.3333333333333335,3.4285714285714284,8,0.03362831858407067,0.0786026200873362,0.23709902370990238,0.1506276150627615,37,0.03113146518284049,0.07078731237609742,0.20494186046511628,0.11482558139534883,True,3,True,PASS,0.3560606060606061,0.26515151515151514,0.3333333333333333,0.4772727272727273,0.4166666666666667,0.4810606060606061,0.5833333333333334,0.2727272727272727,0.3909090909090909,2020-2022_ONLY,False
HISTORICAL_DISCOVERY,20200101,20221231,3042,晶技,735,735,1.0,0,0,86.7,430248571.5,3.480349238306328,4.708195906754846,2.941176470588235,4.347826086956523,1.3808975834292303,4.388532306375694,0.06938775510204082,0.7430997876857859,2.5912558904929375,0.3229644821123385,0.2176015757775582,0.32596457852033184,725,0.019790454016297865,-0.021052631578947323,0.036569987389659664,0.07552083333333326,-0.033766233766233666,0.0,0.006952491309385911,0.03208556149732611,0.0490196078431373,0.2206896551724138,0.15310344827586206,0.3627586206896552,0.3641379310344828,0.5270462766947304,165,0.22758620689655173,37,12.333333333333334,12.685714285714285,168,0.2317241379310345,30,10.0,10.285714285714285,118,0.16275862068965516,20,6.666666666666667,6.857142857142857,47,0.06482758620689655,10,3.3333333333333335,3.4285714285714284,8,0.03571428571428581,0.07364341085271309,0.22315202231520223,0.15341701534170155,37,0.03419252632003311,0.06622613803230548,0.19040697674418605,0.11773255813953488,True,2,True,PASS,0.42803030303030304,0.26515151515151514,0.3333333333333333,0.3939393939393939,0.5454545454545454,0.3787878787878788,0.4015151515151515,0.3712121212121212,0.3821969696969697,2020-2022_ONLY,False
HISTORICAL_DISCOVERY,20200101,20221231,1476,儒鴻,735,735,1.0,0,0,447.0,400695406.0,3.299246842547416,3.765107752776177,2.748414376321353,3.72439622088991,1.2702078521940052,3.8495726495726594,0.047619047619047616,0.692041522491349,2.869342535021758,0.29083032673024106,0.21289923046411402,0.3457179392378859,725,0.01772679874869665,-0.01830282861896837,0.035502958579881616,0.07465825446898,-0.028124999999999956,0.003236245954692629,0.006321112515802696,0.030575539568345356,0.04567699836867867,0.2082758620689655,0.11586206896551725,0.31448275862068964,0.31448275862068964,0.5255515790095375,150,0.20689655172413793,36,12.0,12.342857142857142,156,0.21517241379310345,32,10.666666666666666,10.971428571428572,86,0.11862068965517242,20,6.666666666666667,6.857142857142857,24,0.03310344827586207,6,2.0,2.0571428571428574,8,0.03430079155672816,0.07362637362637359,0.20641562064156208,0.1087866108786611,37,0.03204181544157059,0.068387314439946,0.17296511627906977,0.07122093023255814,True,3,True,PASS,0.5454545454545454,0.26515151515151514,0.12121212121212122,0.36363636363636365,0.4696969696969697,0.32954545454545453,0.3787878787878788,0.26515151515151514,0.35984848484848486,2020-2022_ONLY,False
HISTORICAL_DISCOVERY,20200101,20221231,3105,穩懋,735,735,1.0,0,0,300.0,1130508000.0,3.530917131812354,4.220334506412536,3.0120481927710845,4.251842581004032,1.5075376884422065,4.470292006463978,0.07482993197278912,0.9079118028534339,3.148459383753511,0.28026444521763005,0.2162875780497649,0.36352383986960213,725,0.01631321370309946,-0.025787965616045794,0.029668411867364686,0.06907894736842102,-0.04058441558441561,-0.006399999999999961,-0.01055408970976257,0.03443526170798894,0.053763440860215006,0.1986206896551724,0.13793103448275862,0.4303448275862069,0.43310344827586206,0.5644495608472586,159,0.2193103448275862,35,11.666666666666666,12.0,149,0.20551724137931035,27,9.0,9.257142857142858,104,0.14344827586206896,21,7.0,7.2,51,0.0703448275862069,11,3.6666666666666665,3.7714285714285714,8,0.029372496662216196,0.06796116504854366,0.19665271966527198,0.13389121338912133,37,0.02719999999999989,0.06274050644791929,0.16279069767441862,0.09738372093023256,True,3,True,PASS,0.3143939393939394,0.3484848484848485,0.3977272727272727,0.23484848484848486,0.25757575757575757,0.26136363636363635,0.696969696969697,0.44318181818181823,0.35132575757575757,2020-2022_ONLY,False
HISTORICAL_DISCOVERY,20200101,20221231,9914,美利達,735,735,1.0,0,0,251.0,220804072.0,3.621301748906937,4.2856679237180995,2.9978586723768736,4.193397745571659,1.3461538461538414,4.433323433323434,0.08299319727891157,0.6430868167202619,2.7051449039400772,0.3073079475014101,0.22351188422524781,0.3592575261047602,725,0.018487394957983128,-0.019841269841269882,0.03059581320450877,0.07407407407407418,-0.03472222222222221,0.0,-0.0032051282051281937,0.030864197530864224,0.04915254237288136,0.21655172413793103,0.15172413793103448,0.38620689655172413,0.3875862068965517,0.5184833698748227,151,0.2082758620689655,33,11.0,11.314285714285713,161,0.22206896551724137,27,9.0,9.257142857142858,113,0.15586206896551724,21,7.0,7.2,47,0.06482758620689655,11,3.6666666666666665,3.7714285714285714,8,0.029900332225913706,0.07220216606498187,0.21338912133891214,0.14644351464435146,37,0.028748524203069614,0.06708179404294623,0.18023255813953487,0.11046511627906977,True,3,True,PASS,0.3143939393939394,0.3484848484848485,0.3977272727272727,0.3560606060606061,0.2878787878787879,0.36363636363636365,0.3484848484848485,0.44696969696969696,0.3481060606060606,2020-2022_ONLY,False
HISTORICAL_DISCOVERY,20200101,20221231,2498,宏達電,735,735,1.0,0,0,37.5,371156928.8,3.6835671988279364,4.8794059795648534,3.0744336569579267,4.735691719932408,1.5180265654648917,5.127529057253557,0.10340136054421768,0.8130081300812941,3.3975492876210085,0.268390246563059,0.19205858241065682,0.29708115864525914,725,0.01565217391304352,-0.025931928687196182,0.028021015761821477,0.07104557640750686,-0.042049934296977565,-0.006896551724137945,-0.00520833333333337,0.03276353276353272,0.04999999999999982,0.18620689655172415,0.1296551724137931,0.4289655172413793,0.4289655172413793,0.5142862089431718,147,0.20275862068965517,33,11.0,11.314285714285713,154,0.21241379310344827,31,10.333333333333334,10.628571428571428,106,0.14620689655172414,22,7.333333333333333,7.542857142857143,55,0.07586206896551724,10,3.3333333333333335,3.4285714285714284,8,0.02758620689655178,0.0693548387096774,0.20362622036262204,0.13668061366806136,37,0.026058662642648334,0.0637597538979709,0.17005813953488372,0.1002906976744186,True,3,True,PASS,0.4772727272727273,0.4015151515151515,0.3333333333333333,0.2878787878787879,0.17424242424242425,0.19696969696969696,0.30303030303030304,0.5037878787878788,0.34488636363636377,2020-2022_ONLY,False
HISTORICAL_DISCOVERY,20200101,20221231,9958,世紀鋼,735,735,1.0,0,0,108.0,342188069.0,3.661864077388616,4.322518365034268,3.211009174311927,4.509634450149982,1.3698630136986356,4.234933524400929,0.06394557823129252,0.6211180124223614,2.3584905660377253,0.26924584409628166,0.18981351698849272,0.31463684964680716,725,0.015564202334630295,-0.024390243902439046,0.031818181818181746,0.07380952380952377,-0.03793626707132025,-0.004347826086956497,-0.0049261083743842304,0.032710280373831724,0.047794117647058876,0.22344827586206897,0.16275862068965516,0.3931034482758621,0.3931034482758621,0.4706877567708611,158,0.21793103448275863,37,12.333333333333334,12.685714285714285,166,0.2289655172413793,29,9.666666666666666,9.942857142857141,120,0.16551724137931034,22,7.333333333333333,7.542857142857143,41,0.05655172413793103,8,2.6666666666666665,2.742857142857143,8,0.03153153153153143,0.07211538461538458,0.2203626220362622,0.15620641562064155,37,0.027770204479065197,0.06574074074074066,0.1875,0.12063953488372094,True,3,True,PASS,0.39015151515151514,0.4015151515151515,0.22348484848484848,0.3484848484848485,0.3409090909090909,0.4015151515151515,0.08333333333333333,0.5227272727272727,0.3416666666666667,2020-2022_ONLY,False
HISTORICAL_DISCOVERY,20200101,20221231,8358,金居,735,735,1.0,0,0,51.8,221987900.00000003,3.695273851955073,4.754383245804789,2.9520295202951923,4.444350049042706,1.3282732447817747,4.499393010031314,0.08707482993197278,0.7025761124121788,2.9248729412663748,0.28341046943345166,0.18508674704580963,0.3369499187337419,725,0.015363128491620248,-0.024050632911392422,0.027118644067796627,0.07479224376731297,-0.03978052126200282,-0.0034602076124566894,-0.002328288707799775,0.03267973856209161,0.048429319371727564,0.22206896551724137,0.18482758620689654,0.40551724137931033,0.40827586206896554,0.5187853092033432,163,0.22482758620689655,37,12.333333333333334,12.685714285714285,170,0.23448275862068965,26,8.666666666666666,8.914285714285715,139,0.1917241379310345,21,7.0,7.2,69,0.09517241379310344,13,4.333333333333333,4.457142857142857,8,0.026548672566371723,0.0715197956577267,0.22594142259414227,0.18270571827057183,37,0.02364451149170288,0.06436123178084807,0.1933139534883721,0.14825581395348839,False,3,True,PASS,0.25,0.3484848484848485,0.5151515151515151,0.3712121212121212,0.15151515151515152,0.39015151515151514,0.3560606060606061,0.45075757575757575,0.33920454545454537,2020-2022_ONLY,False
HISTORICAL_DISCOVERY,20200101,20221231,2327,國巨*,727,735,0.9891156462585035,7,0,419.0,2417948005.5,3.1232935280213376,3.862960665612092,2.6813880126182967,3.6163522012578615,1.5296367112810683,4.290114257327373,0.07724137931034483,0.8255933952528327,3.3608317568870656,0.3034420413625803,0.19874247492399652,0.34049106177775235,697,0.020224719101123556,-0.020979020979020935,0.03271692745376953,0.07011070110701101,-0.03528114663726567,0.0011876484560569,0.0,0.03436426116838498,0.050193050193050204,0.19368723098995697,0.14634146341463414,0.3916786226685796,0.3931133428981349,0.5919485004566837,142,0.20373027259684362,38,12.666666666666666,13.17193947730399,143,0.20516499282639886,24,8.0,8.319119669876203,108,0.15494978479196556,20,6.666666666666667,6.932599724896836,47,0.06743185078909612,11,3.6666666666666665,3.81292984869326,7,0.0313542589388458,0.06958625364137172,0.19710144927536233,0.1463768115942029,35,0.030051043047947257,0.0618275879284092,0.16314199395770393,0.11027190332326284,True,3,True,PASS,0.18181818181818182,0.3106060606060606,0.4393939393939394,0.25757575757575757,0.3712121212121212,0.23484848484848486,0.8560606060606061,0.19696969696969696,0.33712121212121215,2020-2022_ONLY,False
HISTORICAL_DISCOVERY,20200101,20221231,2027,大成鋼,735,735,1.0,0,0,38.5,530503860.6,3.174861987456439,4.250848034383262,2.7397260273972575,3.9780131809211703,1.3392857142856984,4.463108124922247,0.06802721088435375,0.6423982869379063,3.2258064516129004,0.2759413631252116,0.22146647968427197,0.3563521373223635,725,0.01632653061224487,-0.021590909090909105,0.029629629629629672,0.07009345794392519,-0.03599999999999992,-0.00312989045383405,-0.008805031446540879,0.03089430894308942,0.04810996563573888,0.2013793103448276,0.16,0.38068965517241377,0.3820689655172414,0.5553003038989847,145,0.2,32,10.666666666666666,10.971428571428572,153,0.2110344827586207,25,8.333333333333334,8.571428571428573,122,0.16827586206896553,21,7.0,7.2,73,0.1006896551724138,11,3.6666666666666665,3.7714285714285714,8,0.028813559322034,0.06765327695560264,0.20223152022315202,0.1589958158995816,37,0.026662548027284516,0.05977230715061188,0.1686046511627907,0.12354651162790697,True,3,True,PASS,0.20075757575757575,0.3484848484848485,0.3977272727272727,0.25,0.25,0.2765151515151515,0.6590909090909091,0.2272727272727273,0.3170454545454545,2020-2022_ONLY,False
HISTORICAL_DISCOVERY,20200101,20221231,3576,聯合再生,728,735,0.9904761904761905,7,0,15.725000000000001,201320095.35000002,3.4736184771010468,4.681865603178657,2.980132450331121,4.365674073108748,1.3671875,4.780219780219784,0.09491059147180192,0.7407407407407307,3.102646351242981,0.25762199325949303,0.18421871279745958,0.29482221042965273,708,0.016501695099867875,-0.022859216255442738,0.030338431039365732,0.07210434211965439,-0.035019455252918275,-0.0023837936129105786,-0.00459315509149405,0.03085811337565425,0.039080459770114984,0.2245762711864407,0.16242937853107345,0.3672316384180791,0.3686440677966102,0.41469051104226057,163,0.23022598870056496,33,11.0,11.423076923076923,166,0.2344632768361582,26,8.666666666666666,9.0,119,0.16807909604519775,20,6.666666666666667,6.923076923076923,76,0.10734463276836158,14,4.666666666666667,4.846153846153847,8,0.029781930511377563,0.06961726998491702,0.2257142857142857,0.15857142857142856,36,0.027422757588131175,0.06231760700389105,0.19345238095238096,0.12351190476190477,True,3,True,PASS,0.2878787878787879,0.30303030303030304,0.6098484848484849,0.3181818181818182,0.2803030303030303,0.4090909090909091,0.0,0.3939393939393939,0.31553030303030305,2020-2022_ONLY,False
HISTORICAL_DISCOVERY,20200101,20221231,8299,群聯,735,735,1.0,0,0,340.0,788364000.0,3.0881981761475163,3.74801488901412,2.5547445255474455,3.59225293509064,1.3432835820895495,4.206187214155897,0.06258503401360545,0.7751937984496138,3.0056383535909124,0.29486579555298087,0.22587620950310697,0.36180143944186516,725,0.01773049645390068,-0.018018018018018056,0.03112033195020736,0.07265521796565388,-0.030864197530864224,0.0,0.001006036217303885,0.029982363315696592,0.04665959703075284,0.2096551724137931,0.14620689655172414,0.34758620689655173,0.34758620689655173,0.5775552108921362,144,0.1986206896551724,32,10.666666666666666,10.971428571428572,157,0.21655172413793103,23,7.666666666666667,7.885714285714286,111,0.15310344827586206,20,6.666666666666667,6.857142857142857,43,0.05931034482758621,9,3.0,3.0857142857142854,8,0.030874785591766818,0.06991525423728806,0.20781032078103207,0.14365411436541142,37,0.02922077922077926,0.06490773976672448,0.1744186046511628,0.10755813953488372,True,3,True,PASS,0.14393939393939395,0.26515151515151514,0.2803030303030303,0.3409090909090909,0.30303030303030304,0.3446969696969697,0.7803030303030303,0.16287878787878787,0.3119318181818182,2020-2022_ONLY,False
HISTORICAL_DISCOVERY,20200101,20221231,6510,精測,735,735,1.0,0,0,667.0,223254000.0,3.666948453984742,4.512625723723003,3.0423280423280423,4.397971412838773,1.5698587127158548,4.803665385752293,0.08843537414965986,0.8645533141210304,3.2226841223552767,0.2817067422587674,0.20374757313625239,0.3504481605046684,725,0.016591251885369473,-0.02777777777777779,0.029288702928870203,0.06695778748180503,-0.046961325966850875,-0.007122507122507171,-0.011299435028248594,0.03645833333333326,0.05748865355521937,0.19034482758620688,0.15310344827586206,0.4675862068965517,0.47172413793103446,0.5975525397705532,144,0.1986206896551724,33,11.0,11.314285714285713,150,0.20689655172413793,25,8.333333333333334,8.571428571428573,117,0.16137931034482758,19,6.333333333333333,6.514285714285714,48,0.06620689655172414,11,3.6666666666666665,3.7714285714285714,8,0.029079159935379684,0.06576980568011948,0.19804741980474197,0.15202231520223153,37,0.02696065448338769,0.058444272675371334,0.16424418604651161,0.11627906976744186,True,3,True,PASS,0.20075757575757575,0.2196969696969697,0.3977272727272727,0.1893939393939394,0.21212121212121213,0.21212121212121213,0.8863636363636364,0.48484848484848486,0.30757575757575756,2020-2022_ONLY,False
HISTORICAL_DISCOVERY,20200101,20221231,2383,台光電,735,735,1.0,0,0,169.0,503404197.0,3.678859974270466,4.575825565646655,3.1609195402298855,4.625739184562714,1.3539651837524147,4.314122008763063,0.0761904761904762,0.7968127490039834,2.8588957055214643,0.2670774578250168,0.18104647769854165,0.30518293534176066,725,0.01754385964912286,-0.020930232558139528,0.033175355450236976,0.07238095238095243,-0.03196347031963476,0.0,0.0036101083032491488,0.02857142857142858,0.04601226993865026,0.20551724137931035,0.1406896551724138,0.35172413793103446,0.3544827586206897,0.46032039559617743,157,0.21655172413793103,38,12.666666666666666,13.028571428571428,156,0.21517241379310345,26,8.666666666666666,8.914285714285715,107,0.14758620689655172,23,7.666666666666667,7.885714285714286,40,0.05517241379310345,7,2.3333333333333335,2.4000000000000004,8,0.032467532467532534,0.07058823529411762,0.20641562064156208,0.13807531380753138,37,0.031021897810219023,0.06431338259904856,0.17296511627906977,0.10174418604651163,True,3,True,PASS,0.25,0.44696969696969696,0.16666666666666666,0.32575757575757575,0.38636363636363635,0.3181818181818182,0.05303030303030303,0.5113636363636364,0.30625,2020-2022_ONLY,False
HISTORICAL_DISCOVERY,20200101,20221231,5347,世界,735,735,1.0,0,0,101.5,556336000.0,3.4063426463578415,4.191793419747292,2.857142857142857,4.069826448797315,1.333333333333342,4.121984714592792,0.06802721088435375,0.8608321377331585,3.2662152530292228,0.26047331615757074,0.1895978035316156,0.36214175310494934,725,0.019108280254777066,-0.01943005181347146,0.03624161073825505,0.07024793388429762,-0.03436426116838487,0.0016891891891890332,0.004615384615384466,0.03217158176943702,0.04385964912280704,0.20413793103448277,0.12689655172413794,0.36689655172413793,0.3682758620689655,0.48543736011356725,155,0.21379310344827587,37,12.333333333333334,12.685714285714285,148,0.20413793103448277,30,10.0,10.285714285714285,92,0.12689655172413794,19,6.333333333333333,6.514285714285714,41,0.05655172413793103,7,2.3333333333333335,2.4000000000000004,8,0.035335689045936425,0.0688073394495412,0.19525801952580196,0.11715481171548117,37,0.0327073455218061,0.06211430413558067,0.1613372093023256,0.07994186046511628,True,3,True,PASS,0.42803030303030304,0.2196969696969697,0.16666666666666666,0.2727272727272727,0.5227272727272727,0.29924242424242425,0.14393939393939395,0.32575757575757575,0.30000000000000004,2020-2022_ONLY,False
HISTORICAL_DISCOVERY,20200101,20221231,4142,國光生,735,735,1.0,0,0,44.5,215634393.0,3.4632596225465355,4.425271834535765,2.7777777777777777,4.41071876830391,1.3227513227513255,5.162413140410824,0.10204081632653061,0.6305170239596425,3.4799475904752986,0.26625324230378195,0.17771035222162213,0.2990949002708183,725,0.011749347258485754,-0.024590163934426146,0.02946593001841613,0.07258064516129026,-0.03884892086330938,-0.008113590263691628,-0.009541984732824416,0.030864197530864113,0.04629629629629628,0.1986206896551724,0.13379310344827586,0.416551724137931,0.4206896551724138,0.5270462766947297,160,0.2206896551724138,34,11.333333333333334,11.657142857142857,160,0.2206896551724138,27,9.0,9.257142857142858,109,0.1503448275862069,19,6.333333333333333,6.514285714285714,62,0.08551724137931034,9,3.0,3.0857142857142854,8,0.028622540250447193,0.0714285714285714,0.21199442119944212,0.14086471408647142,37,0.025995270954977556,0.06535035234676229,0.17877906976744187,0.10465116279069768,True,3,True,PASS,0.3143939393939394,0.2196969696969697,0.2803030303030303,0.3333333333333333,0.23484848484848486,0.26136363636363635,0.3939393939393939,0.3143939393939394,0.2895833333333334,2020-2022_ONLY,False
HISTORICAL_DISCOVERY,20200101,20221231,2313,華通,735,735,1.0,0,0,44.05,706539153.6,3.3300655668224306,3.932649709931674,2.780996523754352,3.7129560083286535,1.3584117032392817,4.079021896801822,0.06394557823129252,0.7633587786259444,2.8643457382953255,0.287383869605953,0.17147629916207935,0.2950903675769878,725,0.01768990634755463,-0.020385050962627327,0.03009259259259256,0.0680803571428572,-0.03351206434316356,0.0,0.0019379844961240345,0.032258064516129004,0.04780876494023911,0.19724137931034483,0.12,0.37655172413793103,0.38068965517241377,0.5436345858018543,150,0.20689655172413793,36,12.0,12.342857142857142,149,0.20551724137931035,26,8.666666666666666,8.914285714285715,91,0.12551724137931033,21,7.0,7.2,27,0.037241379310344824,7,2.3333333333333335,2.4000000000000004,8,0.029787234042553123,0.06459054209919257,0.19665271966527198,0.11576011157601115,37,0.027689440993788894,0.060466718685107945,0.16279069767441862,0.07848837209302326,True,3,True,PASS,0.25,0.3484848484848485,0.16666666666666666,0.21212121212121213,0.2727272727272727,0.24621212121212122,0.5227272727272727,0.29166666666666663,0.28693181818181823,2020-2022_ONLY,False
HISTORICAL_DISCOVERY,20200101,20221231,3596,智易,735,735,1.0,0,0,97.6,248569106.5,3.274475342904594,3.9570139359303353,2.7638190954773907,3.87907401766677,1.2752391073326264,3.794373433196126,0.04353741496598639,0.6561679790026309,2.568771643126722,0.3078759148075826,0.2002710994319119,0.3470734646395899,725,0.01675257731958779,-0.019685039370078705,0.03139013452914807,0.07079646017699126,-0.03037667071688943,0.0,0.0025094102885823144,0.03139013452914796,0.04621848739495804,0.2013793103448276,0.13655172413793104,0.3351724137931035,0.3351724137931035,0.5288178608180735,148,0.20413793103448277,36,12.0,12.342857142857142,150,0.20689655172413793,27,9.0,9.257142857142858,101,0.1393103448275862,19,6.333333333333333,6.514285714285714,29,0.04,8,2.6666666666666665,2.742857142857143,8,0.03125,0.06808510638297882,0.19804741980474197,0.1297071129707113,37,0.028900747418836192,0.06167672197083962,0.16424418604651161,0.09302325581395349,True,3,True,PASS,0.3143939393939394,0.2196969696969697,0.22348484848484848,0.2803030303030303,0.3106060606060606,0.2765151515151515,0.4090909090909091,0.26515151515151514,0.28409090909090906,2020-2022_ONLY,False
HISTORICAL_DISCOVERY,20200101,20221231,6213,聯茂,735,735,1.0,0,0,130.5,309321829.5,3.43518996826418,4.00698428904295,2.909090909090909,4.029304029304029,1.3651877133105783,4.491859613542902,0.07482993197278912,0.73260073260073,2.726720647773267,0.29162046954381016,0.20044611582068023,0.32681407096950166,725,0.014981273408239737,-0.021897810218978075,0.027874564459930307,0.07023411371237454,-0.03551912568306026,0.0,-0.003973509933774766,0.03202846975088969,0.04878048780487809,0.20275862068965517,0.11586206896551725,0.3917241379310345,0.3986206896551724,0.5302599735038446,148,0.20413793103448277,37,12.333333333333334,12.685714285714285,153,0.2110344827586207,26,8.666666666666666,8.914285714285715,89,0.12275862068965518,21,7.0,7.2,26,0.03586206896551724,4,1.3333333333333333,1.3714285714285714,8,0.027237354085603016,0.06713286713286704,0.20223152022315202,0.11297071129707113,37,0.02463343955880659,0.05999351070733289,0.1686046511627907,0.0755813953488372,True,3,True,PASS,0.25,0.3484848484848485,0.06060606060606061,0.26515151515151514,0.16666666666666666,0.2878787878787879,0.42424242424242425,0.3484848484848485,0.27083333333333337,2020-2022_ONLY,False
HISTORICAL_DISCOVERY,20200101,20221231,3260,威剛,735,735,1.0,0,0,71.6,339737700.0,3.206830651968289,4.088728513420297,2.788339670468951,4.054059195249975,1.4516129032257963,4.563717532467531,0.09115646258503401,0.8215962441314506,3.3334959151322923,0.2973649143580018,0.19735853256943434,0.33649269022620854,725,0.01739130434782621,-0.02508551881413912,0.02846534653465338,0.0678260869565217,-0.041724617524339314,-0.003472222222222321,-0.00497512437810943,0.03508771929824572,0.046961325966850875,0.17517241379310344,0.1296551724137931,0.41517241379310343,0.41793103448275865,0.53259204238873,154,0.21241379310344827,33,11.0,11.314285714285713,142,0.19586206896551725,28,9.333333333333334,9.600000000000001,106,0.14620689655172414,19,6.333333333333333,6.514285714285714,59,0.08137931034482758,9,3.0,3.0857142857142854,8,0.028268551236749095,0.06574394463667832,0.18688981868898186,0.13668061366806136,37,0.025768872320596548,0.061487936199498106,0.15261627906976744,0.1002906976744186,True,3,True,PASS,0.3560606060606061,0.2196969696969697,0.2803030303030303,0.19696969696969696,0.1893939393939394,0.1590909090909091,0.4621212121212121,0.26136363636363635,0.2668560606060606,2020-2022_ONLY,False
HISTORICAL_DISCOVERY,20200101,20221231,1785,光洋科,735,735,1.0,0,0,45.1,214076800.0,3.2682535998367963,4.250286366983515,2.77185501066099,3.997821208642106,1.4145810663764857,4.638125072514214,0.08299319727891157,0.7075471698113178,3.028811120868441,0.27367835230153814,0.1633678116292171,0.31060288141345055,725,0.015473887814313247,-0.02316602316602312,0.029333333333333433,0.06783625730994158,-0.036608863198458574,-0.0044893378226710245,-0.005599104143337086,0.032258064516129004,0.04432989690721645,0.18068965517241378,0.1393103448275862,0.38620689655172413,0.38620689655172413,0.5057387277764902,148,0.20413793103448277,36,12.0,12.342857142857142,139,0.1917241379310345,27,9.0,9.257142857142858,108,0.1489655172413793,20,6.666666666666667,6.857142857142857,56,0.07724137931034483,11,3.6666666666666665,3.7714285714285714,8,0.028865979381443196,0.06666666666666665,0.18270571827057183,0.1394700139470014,37,0.026076777263083883,0.05925559651173251,0.14825581395348839,0.10319767441860465,True,3,True,PASS,0.3143939393939394,0.26515151515151514,0.3977272727272727,0.20454545454545456,0.2196969696969697,0.1893939393939394,0.25757575757575757,0.26515151515151514,0.2662878787878788,2020-2022_ONLY,False
HISTORICAL_DISCOVERY,20200101,20221231,9945,潤泰新,735,735,1.0,0,3,52.7,289007964.0,2.344853261230937,2.9915258627635106,1.8878406708595405,2.8507174983936685,0.9538974825599067,3.251867995018675,0.036885245901639344,0.4002684477737328,2.1157296302336883,0.3679035198148413,0.2643890185451734,0.437068280667778,695,0.01377410468319562,-0.010204081632653073,0.02937576499387995,0.06862635434064002,-0.0167652859960552,0.005095541401273884,0.0096735187424426,0.024809160305343525,0.0419906687402799,0.18992805755395684,0.13093525179856116,0.2589928057553957,0.2589928057553957,0.7033758502112354,127,0.18273381294964028,28,9.333333333333334,9.600000000000001,136,0.19568345323741007,23,7.666666666666667,7.885714285714286,94,0.13525179856115108,16,5.333333333333333,5.485714285714286,46,0.06618705035971223,8,2.6666666666666665,2.742857142857143,7,0.029021248486182927,0.0678298755186722,0.1875,0.12645348837209303,35,0.027391098177283024,0.06187500290111597,0.15303030303030302,0.0893939393939394,True,3,True,PASS,0.14393939393939395,0.15151515151515152,0.22348484848484848,0.22727272727272727,0.22727272727272727,0.20454545454545456,1.0,0.04924242424242424,0.2611742424242424,2020-2022_ONLY,False
HISTORICAL_DISCOVERY,20200101,20221231,4736,泰博,735,735,1.0,0,0,190.0,208656000.0,3.522496825464462,4.303770504459782,2.9177718832891246,4.406282763173222,1.4836795252225476,4.551994767822108,0.08163265306122448,0.6116207951070374,3.168999797119086,0.26654829271054403,0.20651182012860705,0.341123074258195,725,0.0174825174825175,-0.025229357798165153,0.03189066059225509,0.06842105263157894,-0.03888888888888886,-0.002666666666666706,-0.0027173913043477826,0.03151862464183375,0.04357798165137616,0.19310344827586207,0.12827586206896552,0.41379310344827586,0.41517241379310343,0.4722976413633467,143,0.19724137931034483,35,11.666666666666666,12.0,148,0.20413793103448277,28,9.333333333333334,9.600000000000001,97,0.13379310344827586,16,5.333333333333333,5.485714285714286,46,0.06344827586206897,11,3.6666666666666665,3.7714285714285714,8,0.031078610603290757,0.06653225806451624,0.19525801952580196,0.12412831241283125,37,0.02941176470588225,0.06137539843027051,0.1613372093023256,0.0872093023255814,True,3,True,PASS,0.3560606060606061,0.15151515151515152,0.3977272727272727,0.2196969696969697,0.3484848484848485,0.2196969696969697,0.09090909090909091,0.3787878787878788,0.2590909090909091,2020-2022_ONLY,False
HISTORICAL_DISCOVERY,20200101,20221231,2049,上銀,735,735,1.0,0,0,292.5,535966807.0,3.0763699788127945,3.8835877843639497,2.67639902676399,3.6063293654377633,1.3445378151260456,4.056547619047612,0.06666666666666667,0.7702182284980763,2.7605275703162278,0.30876714426009066,0.2120036819489846,0.35962964005243636,725,0.017713365539452575,-0.019255455712451908,0.031553398058252524,0.0642633228840126,-0.0347394540942928,-0.003215434083601254,-0.004464285714285698,0.032478632478632585,0.04684684684684681,0.17655172413793102,0.12137931034482759,0.38620689655172413,0.38620689655172413,0.5535151363891774,152,0.2096551724137931,36,12.0,12.342857142857142,133,0.18344827586206897,26,8.666666666666666,8.914285714285715,90,0.12413793103448276,17,5.666666666666667,5.828571428571428,43,0.05931034482758621,9,3.0,3.0857142857142854,8,0.030645161290322687,0.06340057636887608,0.17433751743375175,0.11436541143654114,37,0.027899396769799467,0.0599939874487993,0.13953488372093023,0.07703488372093023,True,3,True,PASS,0.25,0.17803030303030304,0.2803030303030303,0.15151515151515152,0.3333333333333333,0.16666666666666666,0.6212121212121212,0.17424242424242425,0.2571969696969697,2020-2022_ONLY,False
HISTORICAL_DISCOVERY,20200101,20221231,1477,聚陽,735,735,1.0,0,0,195.0,350590185.0,3.2794127230348065,3.7653870938955856,2.8735632183908044,3.763440860215054,1.2345679012345734,3.5417840375586844,0.04217687074829932,0.6048387096774244,2.541382667964944,0.2822019858040972,0.23904368645238208,0.36178512275875896,725,0.019607843137254832,-0.01680672268907568,0.03316326530612246,0.0714285714285714,-0.027722772277227747,0.0,0.005390835579514919,0.030927835051546393,0.043333333333333224,0.2096551724137931,0.12827586206896552,0.3006896551724138,0.3006896551724138,0.47687147115339035,148,0.20413793103448277,33,11.0,11.314285714285713,156,0.21517241379310345,25,8.333333333333334,8.571428571428573,97,0.13379310344827586,20,6.666666666666667,6.857142857142857,25,0.034482758620689655,7,2.3333333333333335,2.4000000000000004,8,0.032786885245901676,0.06866952789699576,0.20641562064156208,0.12412831241283125,37,0.030965351928524676,0.060682506626278,0.17296511627906977,0.0872093023255814,True,3,True,PASS,0.20075757575757575,0.26515151515151514,0.16666666666666666,0.30303030303030304,0.3787878787878788,0.3446969696969697,0.11363636363636363,0.303030303030303,0.25416666666666665,2020-2022_ONLY,False
HISTORICAL_DISCOVERY,20200101,20221231,3711,日月光投控,735,735,1.0,0,0,94.1,1181452950.0,2.724788954548562,3.362081751115712,2.262443438914027,3.123475609756099,1.3048635824436605,3.620667102681486,0.034013605442176874,0.8894536213468918,2.8628318584070835,0.31708066269941454,0.2077585748317502,0.3501370936827446,725,0.019138755980861344,-0.016913319238900604,0.03417721518987338,0.06508875739644981,-0.027439024390243927,0.0035714285714285587,0.00540540540540535,0.02970297029702973,0.046511627906976716,0.14620689655172414,0.0910344827586207,0.3255172413793103,0.3255172413793103,0.650105453857871,131,0.18068965517241378,35,11.666666666666666,12.0,112,0.15448275862068966,25,8.333333333333334,8.571428571428573,71,0.09793103448275862,13,4.333333333333333,4.457142857142857,27,0.037241379310344824,6,2.0,2.0571428571428574,8,0.033333333333333215,0.0642054574638844,0.14504881450488144,0.08786610878661087,37,0.030692578727152586,0.061045106362510426,0.10901162790697674,0.04941860465116279,True,3,True,PASS,0.20075757575757575,0.0946969696969697,0.12121212121212122,0.16666666666666666,0.42424242424242425,0.10984848484848485,0.9924242424242424,0.09090909090909091,0.2534090909090909,2020-2022_ONLY,False
HISTORICAL_DISCOVERY,20200101,20221231,3665,貿聯-KY,734,735,0.998639455782313,1,0,252.5,426465917.0,3.2646035066524908,3.905347221213661,2.734375,3.8910505836575875,1.379310344827589,4.115135709456194,0.06002728512960437,0.7653061224489832,2.763469065999779,0.2593475033263367,0.19270904550805415,0.30870061057515047,714,0.01819611521907072,-0.023182528825483717,0.03240740740740744,0.06951119869268474,-0.03685109984189566,-0.0016305647840531567,-0.005067798931653156,0.032129032258064516,0.043591085947699726,0.19327731092436976,0.14285714285714285,0.3851540616246499,0.3851540616246499,0.5041266003195999,155,0.21708683473389356,38,12.666666666666666,13.046321525885558,147,0.20588235294117646,24,8.0,8.239782016348773,107,0.14985994397759103,20,6.666666666666667,6.866485013623978,27,0.037815126050420166,8,2.6666666666666665,2.746594005449591,8,0.03153633393389432,0.06787997328499196,0.19688385269121814,0.14022662889518414,36,0.029608915943227898,0.06046435815705592,0.16371681415929204,0.10471976401179942,True,3,True,PASS,0.17424242424242425,0.29545454545454547,0.25757575757575757,0.24242424242424243,0.36363636363636365,0.22727272727272727,0.25,0.24242424242424243,0.2522727272727273,2020-2022_ONLY,False
HISTORICAL_DISCOVERY,20200101,20221231,2377,微星,735,735,1.0,0,0,129.5,577188783.0,3.3639194942852764,4.022182919163679,2.9629629629629632,3.877187850421726,1.3215859030837107,3.617728833887586,0.04625850340136054,0.7633587786259444,2.6112559859655713,0.28609225509922553,0.21285993851535676,0.3483426059809933,725,0.016000000000000014,-0.018927444794952675,0.03149606299212593,0.0714285714285714,-0.030303030303030276,0.0,0.0,0.028112449799196804,0.04385964912280693,0.19724137931034483,0.12689655172413794,0.3062068965517241,0.30896551724137933,0.4681003115380815,141,0.19448275862068964,34,11.333333333333334,11.657142857142857,146,0.2013793103448276,26,8.666666666666666,8.914285714285715,94,0.1296551724137931,18,6.0,6.171428571428571,24,0.03310344827586207,8,2.6666666666666665,2.742857142857143,8,0.03053435114503822,0.07011070110701101,0.19246861924686193,0.1199442119944212,37,0.028962206999394113,0.06444866251889353,0.15843023255813954,0.08284883720930232,True,3,True,PASS,0.25,0.19318181818181818,0.22348484848484848,0.30303030303030304,0.32575757575757575,0.24621212121212122,0.06818181818181818,0.36363636363636365,0.23863636363636365,2020-2022_ONLY,False
HISTORICAL_DISCOVERY,20200101,20221231,2337,旺宏,735,735,1.0,0,0,37.8,954836839.6000001,3.0709976118761246,3.719995376550908,2.5412960609911055,3.525161081873708,1.342281879194629,4.0552731145140495,0.05986394557823129,0.7990867579908745,3.1867419636845993,0.2635161663927809,0.17099284485602478,0.27579117415987187,725,0.015337423312883347,-0.02302158273381283,0.027027027027027195,0.06425702811244971,-0.038363171355498715,-0.003370786516853852,-0.0050000000000001155,0.03040935672514611,0.04018912529550844,0.17103448275862068,0.11586206896551725,0.3779310344827586,0.3779310344827586,0.500095896163037,134,0.18482758620689654,35,11.666666666666666,12.0,129,0.17793103448275863,26,8.666666666666666,8.914285714285715,87,0.12,21,7.0,7.2,37,0.05103448275862069,8,2.6666666666666665,2.742857142857143,8,0.02639296187683282,0.06250000000000022,0.16875871687587168,0.1101813110181311,37,0.023157894736842044,0.056118829940551285,0.13372093023255813,0.07267441860465117,True,3,True,PASS,0.25,0.3484848484848485,0.22348484848484848,0.14393939393939395,0.14393939393939395,0.14393939393939395,0.2196969696969697,0.14015151515151514,0.22140151515151518,2020-2022_ONLY,False
HISTORICAL_DISCOVERY,20200101,20221231,2408,南亞科,735,735,1.0,0,1,65.8,874844388.0,2.945611838310061,3.623728955543527,2.5512576130921882,3.498544093178039,1.3595197185123475,3.8120781420191125,0.047683923705722074,0.8752777139354961,3.0204174228675242,0.29158603844103836,0.1881203779532352,0.32193925860128414,715,0.015819209039548143,-0.021775544388609736,0.026027397260274032,0.0642880670054583,-0.03925233644859816,-0.003731343283582156,-0.0050167224080267525,0.032136105860113395,0.04528301886792452,0.17902097902097902,0.12307692307692308,0.3916083916083916,0.3916083916083916,0.561281927062873,142,0.1986013986013986,31,10.333333333333334,10.628571428571428,132,0.18461538461538463,23,7.666666666666667,7.885714285714286,92,0.12867132867132866,17,5.666666666666667,5.828571428571428,34,0.04755244755244755,8,2.6666666666666665,2.742857142857143,8,0.025710419485791558,0.062249094063850485,0.1753889674681754,0.1188118811881188,36,0.02360876897133224,0.05458475950279229,0.14138438880706922,0.08247422680412371,True,3,True,PASS,0.14393939393939395,0.17803030303030304,0.22348484848484848,0.1590909090909091,0.09090909090909091,0.18181818181818182,0.6818181818181818,0.13636363636363635,0.21287878787878786,2020-2022_ONLY,False
HISTORICAL_DISCOVERY,20200101,20221231,3293,鈊象,735,735,1.0,0,1,720.0,554989000.0,3.171048259674252,3.951624197306453,2.6813787884000138,3.954294113529782,1.3049154274037855,4.012860082304536,0.06267029972752043,0.6406152532913101,2.424233510648183,0.27812531072067587,0.21999115602601765,0.3551029587859914,715,0.014304291287386306,-0.02011494252873558,0.02545968882602545,0.0664113471475547,-0.03312883435582825,-0.0023612750885477762,-0.0038363171355498826,0.028350515463917536,0.042746113989637236,0.2041958041958042,0.15524475524475526,0.3174825174825175,0.31888111888111886,0.5041252728380842,141,0.1972027972027972,31,10.333333333333334,10.628571428571428,153,0.213986013986014,23,7.666666666666667,7.885714285714286,116,0.16223776223776223,18,6.0,6.171428571428571,58,0.08111888111888112,10,3.3333333333333335,3.4285714285714284,8,0.024809160305343525,0.06500279032250511,0.2050919377652051,0.15275813295615276,36,0.0234375,0.060266701759003394,0.1723122238586156,0.11782032400589101,True,3,True,PASS,0.14393939393939395,0.19318181818181818,0.3333333333333333,0.18181818181818182,0.08333333333333333,0.3106060606060606,0.24242424242424243,0.20454545454545453,0.20189393939393943,2020-2022_ONLY,False
HISTORICAL_DISCOVERY,20200101,20221231,2308,台達電,735,735,1.0,0,0,256.0,1524059052.0,2.7165685642273396,3.2466312025554895,2.2494887525562373,3.076604527647043,1.1286681715575675,3.1725941975373892,0.021768707482993196,0.7246376811594235,2.38009914282764,0.3148679606357659,0.19752628665641017,0.3575176200705261,725,0.015695067264573925,-0.01621621621621616,0.02946954813359537,0.06274509803921569,-0.025906735751295318,0.0018518518518517713,0.006722689075630228,0.026881720430107503,0.04026845637583898,0.14620689655172414,0.08413793103448276,0.2813793103448276,0.2813793103448276,0.5660843596665062,124,0.17103448275862068,34,11.333333333333334,11.657142857142857,107,0.14758620689655172,24,8.0,8.22857142857143,62,0.08551724137931034,15,5.0,5.142857142857142,16,0.022068965517241378,4,1.3333333333333333,1.3714285714285714,8,0.02866779089376048,0.061764705882352944,0.13807531380753138,0.07531380753138076,37,0.0268171507507724,0.05758854454897627,0.10174418604651163,0.036337209302325583,True,3,True,PASS,0.16666666666666666,0.125,0.06060606060606061,0.12878787878787878,0.24242424242424243,0.10984848484848485,0.7045454545454546,0.08333333333333333,0.19356060606060607,2020-2022_ONLY,False
HISTORICAL_DISCOVERY,20200101,20221231,2915,潤泰全,735,735,1.0,0,1,71.7,237632818.4,2.3732601150554875,3.2189204863903633,1.8626046407101562,2.935129555768721,0.9144047195082217,3.4612794612794566,0.043596730245231606,0.43290043290042934,2.1815065521131762,0.3204993966495196,0.2280708273621009,0.40270500454210845,715,0.01449275362318847,-0.009307135470527417,0.027565084226646164,0.06072500365978639,-0.018705035971222972,0.002797202797202747,0.007322175732217495,0.021929824561403466,0.03676470588235292,0.17482517482517482,0.11748251748251748,0.24195804195804196,0.24335664335664337,0.6241808140781774,116,0.16223776223776223,24,8.0,8.22857142857143,126,0.17622377622377622,18,6.0,6.171428571428571,85,0.11888111888111888,12,4.0,4.114285714285715,39,0.05454545454545454,7,2.3333333333333335,2.4000000000000004,8,0.026666666666666616,0.059130627076908304,0.1669024045261669,0.10891089108910891,36,0.025341130604288553,0.05321019143640526,0.1325478645066274,0.07216494845360824,True,2,True,PASS,0.06439393939393939,0.07954545454545454,0.16666666666666666,0.11363636363636363,0.1590909090909091,0.15151515151515152,0.9621212121212122,0.05303030303030303,0.19242424242424244,2020-2022_ONLY,False
HISTORICAL_DISCOVERY,20200101,20221231,9921,巨大,735,735,1.0,0,0,276.5,286371357.5,3.255927769625442,3.797510335062461,2.8358208955223883,3.828476705636015,1.319648093841641,3.7378955209379194,0.04897959183673469,0.7587253414264028,2.8174136429179595,0.2947346453657633,0.21581158992524352,0.3431240110418077,725,0.016216216216216273,-0.020491803278688492,0.026536312849162025,0.06616257088846877,-0.033333333333333326,-0.002375296912114022,-0.004807692307692291,0.028865979381443196,0.04517133956386288,0.17793103448275863,0.11172413793103449,0.35310344827586204,0.35586206896551725,0.503714173938937,140,0.19310344827586207,34,11.333333333333334,11.657142857142857,133,0.18344827586206897,26,8.666666666666666,8.914285714285715,85,0.11724137931034483,16,5.333333333333333,5.485714285714286,47,0.06482758620689655,7,2.3333333333333335,2.4000000000000004,8,0.02564102564102555,0.06467661691542292,0.17433751743375175,0.10739191073919108,37,0.023694021793893683,0.0596026490066226,0.13953488372093023,0.06976744186046512,True,3,True,PASS,0.25,0.15151515151515152,0.16666666666666666,0.17424242424242425,0.11363636363636363,0.17424242424242425,0.23484848484848486,0.2765151515151515,0.18920454545454546,2020-2022_ONLY,False
HISTORICAL_DISCOVERY,20200101,20221231,3008,大立光,735,735,1.0,0,0,2920.0,1649267730.0,2.9315798341683577,3.3008374521670962,2.380952380952381,3.190837608645827,1.2820512820512775,3.587114415107237,0.04217687074829932,0.7194244604316502,2.803840775380674,0.2794079831268053,0.2057410551814593,0.3486361593092535,725,0.012019230769230838,-0.023980815347721784,0.0228013029315961,0.0552631578947369,-0.03797468354430378,-0.0092592592592593,-0.015214384508990264,0.03249999999999997,0.04448398576512447,0.16689655172413792,0.10758620689655173,0.4068965517241379,0.4068965517241379,0.5908170005652654,118,0.16275862068965516,30,10.0,10.285714285714285,122,0.16827586206896553,23,7.666666666666667,7.885714285714286,79,0.10896551724137932,15,5.0,5.142857142857142,25,0.034482758620689655,6,2.0,2.0571428571428574,8,0.022368421052631593,0.054131054131054235,0.1589958158995816,0.09902370990237098,37,0.019744964262508047,0.048590215515266266,0.12354651162790697,0.061046511627906974,True,3,True,PASS,0.14393939393939395,0.125,0.12121212121212122,0.08333333333333333,0.045454545454545456,0.12878787878787878,0.8333333333333334,0.11363636363636365,0.18484848484848487,2020-2022_ONLY,False
HISTORICAL_DISCOVERY,20200101,20221231,2449,京元電子,735,735,1.0,0,0,37.9,376165606.2,2.500762304481559,3.151016221480426,2.086049543676655,2.833637868766688,1.0964912280701733,3.160648874934596,0.027210884353741496,0.6088280060882911,2.4193623429353,0.2898868261302151,0.22418678216567284,0.37454508574852075,725,0.014285714285714235,-0.014619883040935644,0.026798307475317307,0.05647058823529405,-0.022140221402213944,0.0014084507042253502,0.004878048780487809,0.02483069977426622,0.0387811634349029,0.11310344827586206,0.05655172413793103,0.26068965517241377,0.263448275862069,0.5878901924322723,95,0.1310344827586207,27,9.0,9.257142857142858,82,0.11310344827586206,21,7.0,7.2,41,0.05655172413793103,11,3.6666666666666665,3.7714285714285714,9,0.012413793103448275,4,1.3333333333333333,1.3714285714285714,8,0.02631578947368407,0.0554089709762533,0.10320781032078104,0.04602510460251046,37,0.024630608283002564,0.05169796337817639,0.06540697674418605,0.005813953488372093,True,2,True,PASS,0.11363636363636363,0.056818181818181816,0.06060606060606061,0.09090909090909091,0.12121212121212122,0.06060606060606061,0.8257575757575758,0.07575757575757576,0.15833333333333333,2020-2022_ONLY,False
HISTORICAL_DISCOVERY,20200101,20221231,2492,華新科,735,735,1.0,0,0,169.0,690577650.0,3.2625146951178756,4.022392815220957,2.793296089385475,3.8959942594234005,1.552795031055898,4.080638015064243,0.07346938775510205,0.7751937984496138,2.942801429964241,0.28025771824065154,0.21939217334516126,0.3420748198950331,725,0.015432098765432167,-0.02857142857142858,0.024945770065075923,0.05737704918032782,-0.046242774566473965,-0.007058823529411784,-0.015283842794759805,0.03412969283276446,0.04884318766066842,0.14482758620689656,0.10206896551724139,0.4593103448275862,0.4593103448275862,0.552951481862862,129,0.17793103448275863,33,11.0,11.314285714285713,109,0.1503448275862069,20,6.666666666666667,6.857142857142857,77,0.10620689655172413,11,3.6666666666666665,3.7714285714285714,38,0.05241379310344828,8,2.6666666666666665,2.742857142857143,8,0.024333719582850577,0.0556900726392251,0.14086471408647142,0.09623430962343096,37,0.022481337569026927,0.05026389492735306,0.10465116279069768,0.05813953488372093,True,3,True,PASS,0.08712121212121213,0.056818181818181816,0.22348484848484848,0.10606060606060606,0.06818181818181818,0.09848484848484848,0.5909090909090909,0.2727272727272727,0.15643939393939396,2020-2022_ONLY,False
HISTORICAL_DISCOVERY,20200101,20221231,2458,義隆,735,735,1.0,0,1,145.5,430683861.0,3.071373647430441,3.8146272093839486,2.7207731608168215,3.7037037037037033,1.2266518934963888,3.5126954767109475,0.027247956403269755,0.6536017514818138,2.62212276214834,0.29832284745562887,0.20010818728316376,0.3430574238313522,715,0.015855039637599155,-0.020270270270270285,0.029166666666666563,0.061833461561223935,-0.033975084937712396,0.0,-0.0029239766081871066,0.03003003003003002,0.04377104377104368,0.16783216783216784,0.1048951048951049,0.35384615384615387,0.35384615384615387,0.5087384566740907,124,0.17342657342657342,32,10.666666666666666,10.971428571428572,122,0.17062937062937064,21,7.0,7.2,77,0.1076923076923077,16,5.333333333333333,5.485714285714286,33,0.046153846153846156,6,2.0,2.0571428571428574,8,0.028753993610223683,0.06038606691146464,0.16124469589816123,0.09759547383309759,36,0.025974025974025983,0.05556732773458095,0.12665684830633284,0.060382916053019146,True,3,True,PASS,0.11363636363636363,0.15151515151515152,0.12121212121212122,0.12121212121212122,0.20454545454545456,0.13636363636363635,0.2803030303030303,0.18181818181818182,0.15454545454545457,2020-2022_ONLY,False
HISTORICAL_DISCOVERY,20200101,20221231,9910,豐泰,735,735,1.0,0,1,189.5,205153460.0,3.0956041874614315,3.6962734515520466,2.7315068648010086,3.691795257345691,1.3446887506630034,3.6181522748375152,0.04223433242506812,0.7692307692307665,2.8347118762300987,0.2627501629201863,0.19476127700581258,0.2937470540991175,715,0.018617021276595702,-0.017045454545454586,0.02840909090909083,0.06292046188051359,-0.03125,0.0,0.0029069767441860517,0.025531914893617058,0.04094827586206895,0.16083916083916083,0.11748251748251748,0.32727272727272727,0.32727272727272727,0.4740600129901783,132,0.18461538461538463,35,11.666666666666666,12.0,121,0.16923076923076924,21,7.0,7.2,90,0.1258741258741259,16,5.333333333333333,5.485714285714286,30,0.04195804195804196,7,2.3333333333333335,2.4000000000000004,8,0.028169014084507005,0.05908535521033342,0.15983026874115983,0.11598302687411598,36,0.026162790697674465,0.05318611038987664,0.1251840942562592,0.07952871870397643,True,3,True,PASS,0.11363636363636363,0.15151515151515152,0.16666666666666666,0.13636363636363635,0.18181818181818182,0.12121212121212122,0.09848484848484848,0.19696969696969696,0.14015151515151517,2020-2022_ONLY,False
HISTORICAL_DISCOVERY,20200101,20221231,3227,原相,735,735,1.0,0,0,161.5,285143500.0,3.139473027985013,3.952344792082797,2.6455026455026456,3.875968992248062,1.379310344827589,3.8217995244650242,0.05442176870748299,0.6535947712418277,2.625277561063438,0.24943773241341,0.18614115028138706,0.30298369867785335,725,0.016393442622950838,-0.022662889518413554,0.02864583333333326,0.05653266331658302,-0.03536977491961413,-0.00520833333333337,-0.01049868766404205,0.030120481927710774,0.040000000000000036,0.12689655172413794,0.09379310344827586,0.36689655172413793,0.3682758620689655,0.4781363822174593,130,0.1793103448275862,34,11.333333333333334,11.657142857142857,96,0.13241379310344828,20,6.666666666666667,6.857142857142857,71,0.09793103448275862,12,4.0,4.114285714285715,34,0.04689655172413793,5,1.6666666666666667,1.7142857142857142,8,0.02795031055900621,0.05521472392638027,0.12273361227336123,0.08786610878661087,37,0.02546612623045741,0.05134813639968283,0.08575581395348837,0.04941860465116279,True,3,True,PASS,0.08712121212121213,0.07954545454545454,0.08712121212121213,0.09848484848484848,0.19696969696969696,0.06818181818181818,0.12121212121212122,0.1893939393939394,0.10492424242424243,2020-2022_ONLY,False
HISTORICAL_DISCOVERY,20200101,20221231,6147,頎邦,735,735,1.0,0,0,65.3,283570000.0,2.0833069367769226,2.6996698368322773,1.7699115044247788,2.5339387268391063,0.8896797153024938,2.797162788580941,0.0163265306122449,0.528169014084523,2.004651162790695,0.28097924106730293,0.21367293253322348,0.34740063785437536,725,0.012158054711246091,-0.013761467889908396,0.021035598705501757,0.04587155963302747,-0.01963746223564955,0.0026075619295957697,0.0014388489208632116,0.021035598705501757,0.03170028818443804,0.08413793103448276,0.04551724137931035,0.22206896551724137,0.22344827586206897,0.5663848892779965,62,0.08551724137931034,19,6.333333333333333,6.514285714285714,61,0.08413793103448276,14,4.666666666666667,4.800000000000001,33,0.04551724137931035,6,2.0,2.0571428571428574,3,0.004137931034482759,2,0.6666666666666666,0.6857142857142857,8,0.02088772845953013,0.04458598726114649,0.07391910739191074,0.03486750348675035,37,0.019370472666631944,0.040444720883221985,0.03488372093023256,0.0,True,2,True,PASS,0.03787878787878788,0.022727272727272728,0.030303030303030304,0.03787878787878788,0.030303030303030304,0.030303030303030304,0.7121212121212122,0.022727272727272728,0.09924242424242424,2020-2022_ONLY,False
HISTORICAL_DISCOVERY,20200101,20221231,4958,臻鼎-KY,734,735,0.998639455782313,1,0,111.0,532463953.5,3.0281787825243462,3.640776573927943,2.608695652173913,3.501945525291829,1.2820512820512775,3.5942857142857205,0.040927694406548434,0.7368421052631691,2.572944297082222,0.2743766610882603,0.18435532198343296,0.3215622387140951,714,0.013677046160930129,-0.02023860338977207,0.0249481327800829,0.05497915417733945,-0.03099751508697196,-0.004081785656271986,-0.004033897753704496,0.029126213592232997,0.038206552591030674,0.1400560224089636,0.09943977591036414,0.3445378151260504,0.3445378151260504,0.4631422896342143,110,0.15406162464985995,29,9.666666666666666,9.956403269754768,103,0.14425770308123248,20,6.666666666666667,6.866485013623978,74,0.10364145658263306,13,4.333333333333333,4.463215258855586,29,0.04061624649859944,5,1.6666666666666667,1.7166212534059946,8,0.02430410277866657,0.05371900826446274,0.13456090651558072,0.09348441926345609,36,0.022935779816513735,0.051447122262572864,0.09882005899705015,0.05604719764011799,True,3,True,PASS,0.09848484848484848,0.10606060606060606,0.09848484848484848,0.07575757575757576,0.07575757575757576,0.09090909090909091,0.06060606060606061,0.1515151515151515,0.09242424242424242,2020-2022_ONLY,False
HISTORICAL_DISCOVERY,20200101,20221231,9904,寶成,735,735,1.0,0,0,31.1,224193633.75,2.1782723340762367,2.6157439010062573,1.7883755588673667,2.528824270694238,0.9508716323296418,2.6205049809465963,0.01904761904761905,0.3676470588235281,1.8049185923980022,0.27496836180776996,0.1998873674790849,0.34329268987434436,725,0.012915129151291449,-0.01378254211332297,0.019969278033794335,0.044642857142857206,-0.022950819672131084,0.0,-0.0018832391713747842,0.020866773675762396,0.031081081081081097,0.10482758620689656,0.05379310344827586,0.24,0.24,0.549588188393902,74,0.10206896551724139,19,6.333333333333333,6.514285714285714,78,0.10758620689655173,16,5.333333333333333,5.485714285714286,40,0.05517241379310345,7,2.3333333333333335,2.4000000000000004,17,0.023448275862068966,4,1.3333333333333333,1.3714285714285714,8,0.019736842105263053,0.043624161073825496,0.09762900976290098,0.044630404463040445,37,0.01829272543483562,0.03888064869558017,0.059593023255813955,0.00436046511627907,True,1,False,ONE_OFF_SWING_STOCK,0.045454545454545456,0.03409090909090909,0.06060606060606061,0.022727272727272728,0.007575757575757576,0.05303030303030303,0.5757575757575758,0.030303030303030304,0.09053030303030304,2020-2022_ONLY,False
HISTORICAL_DISCOVERY,20200101,20221231,2353,宏碁,735,735,1.0,0,0,24.65,395923055.15,2.3956642831667576,2.9989114184271726,2.005730659025796,2.910813823857294,1.00166944908181,3.0233270146502194,0.027210884353741496,0.5586592178770777,2.226482073127441,0.2640331682918903,0.2109032363453256,0.33252779074746236,725,0.01331114808652245,-0.01490066225165565,0.023297491039426577,0.05011389521640108,-0.023771790808240878,0.0,0.002293577981651307,0.020979020979021046,0.0308056872037914,0.13379310344827586,0.0910344827586207,0.24,0.24,0.4856890231612676,92,0.12689655172413794,23,7.666666666666667,7.885714285714286,98,0.13517241379310344,18,6.0,6.171428571428571,67,0.09241379310344827,14,4.666666666666667,4.800000000000001,27,0.037241379310344824,6,2.0,2.0571428571428574,8,0.022727272727272707,0.048648648648648596,0.12552301255230125,0.08228730822873083,37,0.020892857142857157,0.04404827968923397,0.08866279069767442,0.0436046511627907,True,2,True,PASS,0.06439393939393939,0.11363636363636363,0.12121212121212122,0.06060606060606061,0.06060606060606061,0.07575757575757576,0.15151515151515152,0.06818181818181818,0.08901515151515152,2020-2022_ONLY,False
HISTORICAL_DISCOVERY,20200101,20221231,6269,台郡,735,735,1.0,0,1,108.5,330303182.0,2.7703314347498864,3.4609458359290373,2.4193548387096775,3.248740989434186,1.2139757655149852,3.212298736229319,0.02452316076294278,0.5399574331613144,2.548149892709486,0.2931954910736584,0.19998434520026373,0.3263362807626347,715,0.012658227848101333,-0.019607843137254832,0.02083333333333326,0.04927503788400611,-0.030701754385964897,-0.003759398496240629,-0.004830917874396157,0.02499999999999991,0.03825717321997879,0.13986013986013987,0.08671328671328671,0.3230769230769231,0.3230769230769231,0.5000498574208877,89,0.12447552447552447,26,8.666666666666666,8.914285714285715,102,0.14265734265734265,18,6.0,6.171428571428571,63,0.08811188811188811,13,4.333333333333333,4.457142857142857,16,0.022377622377622378,5,1.6666666666666667,1.7142857142857142,8,0.020491803278688492,0.04729526496617231,0.13295615275813297,0.07779349363507779,36,0.01869158878504673,0.0420272789716416,0.09720176730486009,0.039764359351988215,True,2,True,PASS,0.06439393939393939,0.0946969696969697,0.08712121212121213,0.05303030303030303,0.022727272727272728,0.08333333333333333,0.21212121212121213,0.11363636363636365,0.08598484848484847,2020-2022_ONLY,False
HISTORICAL_DISCOVERY,20200101,20221231,2357,華碩,735,735,1.0,0,1,285.0,765331305.0,2.0573459014090365,2.452594714278391,1.6215442115543537,2.317062288059968,0.8108241369927494,2.460721274811298,0.01907356948228883,0.4735598845814537,1.8236075350224128,0.27381543594008767,0.204122211475542,0.37115691982128984,715,0.012379642365887289,-0.009873060648801113,0.02284946236559149,0.04826762246117078,-0.017948717948717996,0.0012820512820512775,0.004823151125401992,0.018005540166204925,0.027137042062415295,0.08391608391608392,0.05314685314685315,0.17622377622377622,0.17622377622377622,0.529216911050279,64,0.08951048951048951,17,5.666666666666667,5.828571428571428,61,0.08531468531468532,10,3.3333333333333335,3.4285714285714284,39,0.05454545454545454,7,2.3333333333333335,2.4000000000000004,14,0.019580419580419582,4,1.3333333333333333,1.3714285714285714,8,0.022727272727272707,0.04726368159203975,0.07496463932107496,0.04384724186704385,36,0.02123893805309729,0.04251921709766282,0.036818851251840944,0.004418262150220913,True,2,True,PASS,0.003787878787878788,0.03409090909090909,0.06060606060606061,0.045454545454545456,0.05303030303030303,0.022727272727272728,0.4166666666666667,0.007575757575757576,0.07007575757575758,2020-2022_ONLY,False
HISTORICAL_DISCOVERY,20200101,20221231,2395,研華,735,735,1.0,0,1,335.0,276309852.0,2.729085453304055,3.139490727339387,2.295918367346939,3.021200497615592,1.0025069653435748,3.0849886571128184,0.017711171662125342,0.7389962865880284,2.8427221711912667,0.23784167816298918,0.17627541171102892,0.28011014675296453,715,0.016339869281045694,-0.013661202185792365,0.027027027027026973,0.05349457900040977,-0.021739130434782594,0.002849002849002913,0.004103967168262557,0.02083333333333326,0.03157894736842115,0.0979020979020979,0.044755244755244755,0.21818181818181817,0.21818181818181817,0.4349518746617574,83,0.11608391608391608,24,8.0,8.22857142857143,73,0.1020979020979021,18,6.0,6.171428571428571,33,0.046153846153846156,11,3.6666666666666665,3.7714285714285714,3,0.004195804195804196,2,0.6666666666666666,0.6857142857142857,8,0.026352288488210807,0.05254252382224589,0.09193776520509193,0.03536067892503536,36,0.025380710659898442,0.04671346900085904,0.054491899852724596,0.0,True,3,True,PASS,0.06439393939393939,0.056818181818181816,0.030303030303030304,0.06818181818181818,0.13636363636363635,0.045454545454545456,0.007575757575757576,0.09848484848484848,0.061363636363636356,2020-2022_ONLY,False
HISTORICAL_DISCOVERY,20200101,20221231,6239,力成,735,735,1.0,0,0,97.1,345582024.0,2.36508577263472,2.9070473939772032,1.9417475728155338,2.796542291940578,0.9355509355509439,2.791988090404652,0.024489795918367346,0.4761904761904745,2.305453068408765,0.3114993813699309,0.19010910873011277,0.3298073252887761,725,0.012024048096192397,-0.013452914798206317,0.01980198019801982,0.04358353510895885,-0.021674876847290636,0.0,0.0,0.01941747572815533,0.03153153153153143,0.09655172413793103,0.05655172413793103,0.2303448275862069,0.2303448275862069,0.5135140074282419,66,0.0910344827586207,18,6.0,6.171428571428571,71,0.09793103448275862,13,4.333333333333333,4.457142857142857,42,0.057931034482758624,11,3.6666666666666665,3.7714285714285714,8,0.011034482758620689,2,0.6666666666666666,0.6857142857142857,8,0.019704433497536922,0.042321644498186206,0.08786610878661087,0.04741980474198047,37,0.018796124396168734,0.03961622928092068,0.04941860465116279,0.007267441860465116,True,2,True,PASS,0.030303030303030304,0.056818181818181816,0.030303030303030304,0.007575757575757576,0.0,0.03787878787878788,0.29545454545454547,0.05681818181818182,0.05776515151515152,2020-2022_ONLY,False
HISTORICAL_DISCOVERY,20200101,20221231,2301,光寶科,735,735,1.0,0,0,60.9,340695102.65,2.0456356211788895,2.426586850467291,1.7021276595744619,2.219345369050825,0.743494423791824,2.228174603174602,0.017687074829931974,0.4746835443038,1.9868347495527696,0.2975697235656556,0.20846481874083758,0.3617617534365287,725,0.012578616352201255,-0.008429926238145535,0.02184087363494558,0.044961240310077644,-0.015503875968992276,0.0031250000000000444,0.0064239828693790635,0.017628205128205177,0.028286189683860208,0.06896551724137931,0.02620689655172414,0.14758620689655172,0.14758620689655172,0.5255116161552708,47,0.06482758620689655,16,5.333333333333333,5.485714285714286,50,0.06896551724137931,12,4.0,4.114285714285715,19,0.02620689655172414,4,1.3333333333333333,1.3714285714285714,1,0.001379310344827586,1,0.3333333333333333,0.34285714285714286,8,0.021416803953871355,0.04347826086956519,0.058577405857740586,0.015341701534170154,37,0.019911504424778625,0.04009832817935838,0.0188953488372093,0.0,True,1,False,ONE_OFF_SWING_STOCK,0.015151515151515152,0.003787878787878788,0.015151515151515152,0.030303030303030304,0.03787878787878788,0.015151515151515152,0.3712121212121212,0.007575757575757576,0.05265151515151516,2020-2022_ONLY,False
HISTORICAL_DISCOVERY,20200101,20221231,2474,可成,734,735,0.998639455782313,1,0,180.5,593070630.5,2.1829878913359337,2.539077907185584,1.8469656992084433,2.5943396226415096,0.9230769230769265,2.78481012658228,0.017735334242837655,0.5540166204986097,2.0852668213457015,0.27649673837222316,0.1926561170195391,0.3050487202027934,714,0.011331535695942474,-0.013698630136986356,0.020680744898868397,0.04318936877076407,-0.02197802197802201,0.0,0.0,0.018604695882929845,0.030075255978870397,0.06302521008403361,0.022408963585434174,0.226890756302521,0.226890756302521,0.5149327361444079,51,0.07142857142857142,21,7.0,7.209809264305177,45,0.06302521008403361,12,4.0,4.1198910081743865,16,0.022408963585434174,5,1.6666666666666667,1.7166212534059946,0,0.0,0,0.0,0.0,8,0.020378500237304253,0.04174344799344798,0.05240793201133145,0.0113314447592068,36,0.01874419047200815,0.03872018686992873,0.01327433628318584,0.0,True,1,False,ONE_OFF_SWING_STOCK,0.022727272727272728,0.015151515151515152,0.003787878787878788,0.0,0.015151515151515152,0.007575757575757576,0.3106060606060606,0.03787878787878788,0.04318181818181818,2020-2022_ONLY,False
HISTORICAL_DISCOVERY,20200101,20221231,2347,聯強,735,735,1.0,0,0,52.8,216379096.35000002,2.0399400469009006,2.3493348700093586,1.7114914425427767,2.3064257367221193,0.7415254237288171,2.1599627993489854,0.006802721088435374,0.3978779840848934,1.5957446808510634,0.3021339060372352,0.2524756645464979,0.3903522217670347,725,0.013808975834292081,-0.0076045627376425395,0.026352288488210807,0.04379562043795637,-0.011385199240986799,0.006857142857142895,0.013313609467455745,0.017045454545454586,0.026990553306342813,0.05517241379310345,0.030344827586206897,0.12413793103448276,0.12413793103448276,0.49869734451855663,43,0.05931034482758621,14,4.666666666666667,4.800000000000001,40,0.05517241379310345,10,3.3333333333333335,3.4285714285714284,22,0.030344827586206897,4,1.3333333333333333,1.3714285714285714,0,0.0,0,0.0,0.0,8,0.025751072961373245,0.04266211604095571,0.044630404463040445,0.019525801952580194,37,0.025065670980906063,0.040168342056295214,0.00436046511627907,0.0,True,2,True,PASS,0.003787878787878788,0.003787878787878788,0.003787878787878788,0.015151515151515152,0.10606060606060606,0.0,0.20454545454545456,0.007575757575757576,0.03560606060606061,2020-2022_ONLY,False
